rc_maker_desc,rc_maker_model,Mapped Name
AMW MOTORS LIMITED,2518TP,AMW
AMW MOTORS LIMITED,AMW 4923,AMW
AMW MOTORS LIMITED,MARUTI SWIFT ZDI BSIV,AMW
AMW MOTORS LIMITED,3116HL 53 CWR C3E06,AMW
AMW MOTORS LIMITED,MARUTI ERTIGA ZDI BS IV,AMW
AMW MOTORS LIMITED,AMW 2518 TP,AMW
AMW MOTORS LIMITED,MARUTI ECO 5 STAR,AMW
AMW MOTORS LIMITED,2518 HL CP CONCRETE BOOM PUMP,AMW
AMW MOTORS LIMITED,OMNI E MPI STD BSIV,AMW
AMW MOTORS LIMITED,2518 TM EATON6S FAW,AMW
AMW MOTORS LIMITED,,AMW
AMW MOTORS LIMITED,AMW 2518TP 6BT AA,AMW
AMW MOTORS LIMITED,TIPPER,AMW
AMW MOTORS LIMITED,2518 HL BS111 E 9S 6X4,AMW
AMW MOTORS LIMITED,MARUTI CIAZ ZXI,AMW
AMW MOTORS LIMITED,VITARA BREZZA ZDI,AMW
AMW MOTORS LIMITED,3116HL,AMW
AMW MOTORS LIMITED,4018 TR_BSIII,AMW
AMW MOTORS LIMITED,MARUTI SWIFT ZXI BS IV,AMW
AMW MOTORS LIMITED,2518TP TIPPER B.S.-III,AMW
AMW MOTORS LIMITED,AMW 2518 TIPPER 9S,AMW
AMW MOTORS LIMITED,AMW 2518 TM (BS-II),AMW
AMW MOTORS LIMITED,TIPPER 2518 TP,AMW
AMW MOTORS LIMITED,4018TR,AMW
AMW MOTORS LIMITED,SHAKTI AUTO DELUXE,AMW
AMW MOTORS LIMITED,2518TP 6BTAA 5.9 BS3,AMW
AMW MOTORS LIMITED,MARUTI ECO 5  STAR,AMW
AMW MOTORS LIMITED,2518,AMW
AMW MOTORS LIMITED,49MT TRIDEM AXLED SEMI TRAIL,AMW
AMW MOTORS LIMITED,AMW 2518TP 6*4 TIPPER,AMW
AMW MOTORS LIMITED,1618 TP,AMW
AMW MOTORS LIMITED,AMW TRUCK 2523 TP BS II,AMW
AMW MOTORS LIMITED,2518 TM BSIII,AMW
AMW MOTORS LIMITED,AMW TRUCK 3116 BS 3,AMW
AMW MOTORS LIMITED,AMW 4018 BSIII,AMW
AMW MOTORS LIMITED,2518 TM 4300 WB,AMW
AMW MOTORS LIMITED,2516 HL BS3,AMW
AMW MOTORS LIMITED,1618 TP E6S SD FAW F,AMW
AMW MOTORS LIMITED,2518TP 4300WB,AMW
AMW MOTORS LIMITED,2518 TP BSIII,AMW
AMW MOTORS LIMITED,MARUTI BALENO ZETA,AMW
AMW MOTORS LIMITED,2518 TP,AMW
AMW MOTORS LIMITED,AMW 2518 TM,AMW
AMW MOTORS LIMITED,AMW 2518 TP-4300WB  BS-III,AMW
AMW MOTORS LIMITED,4923 TR BS II,AMW
AMW MOTORS LIMITED,AUTO KIO VXI,AMW
AMW MOTORS LIMITED,AMW 3116 TP,AMW
AMW MOTORS LIMITED,2518HL,AMW
AMW MOTORS LIMITED,"AMW MOTORS LIMITED, AL2214",AMW
AMW MOTORS LIMITED,MARUTHI  RITZ  LDI,AMW
AMW MOTORS LIMITED,A/TRAILER 4018,AMW
AMW MOTORS LIMITED,2518TP - 6X4 FULLY BUILT TIPPE,AMW
AMW MOTORS LIMITED,OMNI MPI STD BS IV,AMW
AMW MOTORS LIMITED,AMW 2518 TP BS III,AMW
AMW MOTORS LIMITED,AMW TRUCK MODEL,AMW
AMW MOTORS LIMITED,"AMW MOTORS LIMITED, 3118 TP",AMW
AMW MOTORS LIMITED,2518TM,AMW
AMW MOTORS LIMITED,AMW 2518 AMV,AMW
AMW MOTORS LIMITED,LPS 3518,AMW
AMW MOTORS LIMITED,1618 TC E6SSD FAW FA,AMW
AMW MOTORS LIMITED,3118TP BSIII,AMW
AMW MOTORS LIMITED,AMW 2518 HL 6X4,AMW
AMW MOTORS LIMITED,AMW 2518TP,AMW
AMW MOTORS LIMITED,MARUTI CELERIO ZXI,AMW
AMW MOTORS LIMITED,AMW 4923 TR BS III ZF 9S 3850,AMW
AMW MOTORS LIMITED,2516 HL 6X2,AMW
AMW MOTORS LIMITED,4018 TR,AMW
AMW MOTORS LIMITED,AMW 2518,AMW
AMW MOTORS LIMITED,3116HL 53,AMW
AMW MOTORS LIMITED,2518TP 43 CLR,AMW
AMW MOTORS LIMITED,2518 HL 6X4 HAULAGE CHASSIS CA,AMW
AMW MOTORS LIMITED,2518 TPEATION 95,AMW
AMW MOTORS LIMITED,3116HL 8X2 HAULAGE CHASWTHCOWL,AMW
AMW MOTORS LIMITED,2518 TP 6*4 TIPPER,AMW
AMW MOTORS LIMITED,AMW 4023,AMW
AMW MOTORS LIMITED,3518TR,AMW
AMW MOTORS LIMITED,2518TP6BTAA5.9BSIII ETN9SFAW,AMW
AMW MOTORS LIMITED,2518TP 6BTAA 5.9 BSIII,AMW
AMW MOTORS LIMITED,AMW  2518 TP 4300 WB,AMW
AMW MOTORS LIMITED,2518 TM EATON,AMW
AMW MOTORS LIMITED,4923TR ZF 9S1110 GB,AMW
AMW MOTORS LIMITED,2518TP BSIIIE 6S FAW FA,AMW
AMW MOTORS LIMITED,AMW 3116 HL COWL BSIII,AMW
AMW MOTORS LIMITED,AMW TRUCK 2518,AMW
AMW MOTORS LIMITED,2518,AMW
AMW MOTORS LIMITED,AMW 3118 TP BSIII,AMW
AMW MOTORS LIMITED,AMW 2518 TIPPER,AMW
AMW MOTORS LIMITED,3118TP,AMW
AMW MOTORS LIMITED,AMW 2518 HL,AMW
AMW MOTORS LIMITED,AMW 4923 TR,AMW
AMW MOTORS LIMITED,3116 HL,AMW
AMW MOTORS LIMITED,ALTO K10 VXI,AMW
AMW MOTORS LIMITED,AMW,AMW
AMW MOTORS LIMITED,2518 TIPPER,AMW
AMW MOTORS LIMITED,AMW 3116,AMW
AMW MOTORS LIMITED,2518TM ,AMW
AMW MOTORS LIMITED,MARUTI ALTO 800 LXI BS IV,AMW
AMW MOTORS LIMITED,2518 TP 6BTAA 5.9 BSIII ETN9S,AMW
AMW MOTORS LIMITED,2518 TP 6BT AA 5.9,AMW
AMW MOTORS LIMITED,MARUTI WAGON R VXI,AMW
AMW MOTORS LIMITED,MAHINDRA TOURISTER,AMW
AMW MOTORS LIMITED,3118 TP BS III,AMW
AMW MOTORS LIMITED,2523 TP 4300 WB HYD CAB,AMW
AMW MOTORS LIMITED,2518 TMEATON 6S,AMW
AMW MOTORS LIMITED,4923TRZF9S1110GBFAWFA AND MID,AMW
AMW MOTORS LIMITED,MARUHTI SX4 CELE EDI,AMW
AMW MOTORS LIMITED,ASW 2518 TP BS3 ZF 9S GB 16CUB,AMW
AMW MOTORS LIMITED,1618 TP BSIII,AMW
AMW MOTORS LIMITED,3118 HL 8X2 HAULAGE BS III,AMW
AMW MOTORS LIMITED,2518 TP 6X4 TIPPER,AMW
AMW MOTORS LIMITED,2518 CP-SL6X4 HAULAGE CHAS CAB,AMW
AMW MOTORS LIMITED,OTHERS,AMW
AMW MOTORS LIMITED,2518 TPEATON 95,AMW
AMW MOTORS LIMITED,2518 HL BSIII,AMW
AMW MOTORS LIMITED,4018TR BS III,AMW
AMW MOTORS LIMITED,2518 TM EATON 6S,AMW
AMW MOTORS LIMITED,AMW4923,AMW
AMW MOTORS LIMITED,2518 AMW,AMW
AMW MOTORS LIMITED,AMW 2516 HL,AMW
AMW MOTORS LIMITED,AMW 4018 TR,AMW
AMW MOTORS LIMITED,2518TP 6BTAA,AMW
AMW MOTORS LIMITED,2518HL BS3 EAT 9S GB,AMW
AMW MOTORS LIMITED,MARUTI SWIFT VDI BS IV,AMW
AMW MOTORS LIMITED,2516 HL BS-III,AMW
AMW MOTORS LIMITED,2518 TP 6*4,AMW
AMW MOTORS LIMITED,2518 TM,AMW
AMW MOTORS LIMITED,SWIFT DZIRE VDI BS IV,AMW
AMW MOTORS LIMITED,AMW4923TRBSIIIZF9S3850,AMW
AMW MOTORS LIMITED,2523 TP,AMW
AMW MOTORS LIMITED,2518 TP 6BTAA 5.9 BS3,AMW
AMW MOTORS LIMITED,"2518 HL, 6X2 HAULAGE",AMW
AMW MOTORS LIMITED,ATRAILER 4923,AMW
AMW MOTORS LIMITED,3118 TP,AMW
AMW MOTORS LIMITED,2518SA 52 BSIII,AMW
AMW MOTORS LIMITED,2518 TP EATON 9S GB,AMW
AMW MOTORS LIMITED,2516 HL 6X2 HAULAGE CH WITH CO,AMW
AMW MOTORS LIMITED,2518 TP 4300 WB TIPPER BS III,AMW
AMW MOTORS LIMITED,2518TP 4300,AMW
AMW MOTORS LIMITED,2518HL 6X2 HAULAGE CHASIS CAB,AMW
AMW MOTORS LIMITED,TRUCK,AMW
AMW MOTORS LIMITED,AMW TRUCK MODEL 4018 TR,AMW
AMW MOTORS LIMITED,ALTO KIO VXI,AMW
AMW MOTORS LIMITED,AMW2518TP BSIII,AMW
AMW MOTORS LIMITED,SWIFT DZIRE ZDI,AMW
AMW MOTORS LIMITED,AMW 3116 HL 53 CW R C3E06,AMW
AMW MOTORS LIMITED,WAGON R STINGRAY VXI BSIV,AMW
AMW MOTORS LIMITED,4018TR 3100,AMW
AMW MOTORS LIMITED,AMW 2523 TP BOX BODY,AMW
AMW MOTORS LIMITED,HGV TIPPER,AMW
AMW MOTORS LIMITED,2518TP 4300WB 6X4 TM,AMW
