rc_maker_desc,rc_maker_model,Mapped Name
ATUL AUTO LTD,THREE WHEELER PASSENGER A/R,ATUL
ATUL AUTO LTD,ATUL SMART DAC,ATUL
ATUL AUTO LTD,ATUL SHAKTI 435 CARGO XL (D),ATUL
ATUL AUTO LTD,ATUL GEM,ATUL
ATUL AUTO LTD,CARGO  XL,ATUL
ATUL AUTO LTD,ATUL GEM PREMIUM XL DAC BS4,ATUL
ATUL AUTO LTD,ATUL SMART XD AQUA BI-FUEL CNG,ATUL
ATUL AUTO LTD,GEM PAXX (MC),ATUL
ATUL AUTO LTD,A R D VAN,ATUL
ATUL AUTO LTD,LOADING AUTO,ATUL
ATUL AUTO LTD,ATUL GEM CARGO (D,ATUL
ATUL AUTO LTD,ATUL GEM PREMIUM XLHD BS4 L5N,ATUL
ATUL AUTO LTD,ATUL GEM CARGO XL PICK UP BS3,ATUL
ATUL AUTO LTD,PASSENGER,ATUL
ATUL AUTO LTD,ATUL PAXX,ATUL
ATUL AUTO LTD,ATUL AUTO,ATUL
ATUL AUTO LTD,ATUL SHKATI PICK UP VAN 5.5,ATUL
ATUL AUTO LTD,ATUL RIK 3P BI-FUEL CNG,ATUL
ATUL AUTO LTD,Not Available,ATUL
ATUL AUTO LTD,"ATUL AUTO LTD, ATUL GEM",ATUL
ATUL AUTO LTD,ATUL GEMINI DZ  3WLR PAS,ATUL
ATUL AUTO LTD,HONDA CITY VMT,ATUL
ATUL AUTO LTD,ATUL GEM PAXX,ATUL
ATUL AUTO LTD,ATUL GEMINI PREMIUM CNG 3P BS4,ATUL
ATUL AUTO LTD,AUTO  THREE WHEELER,ATUL
ATUL AUTO LTD,ATUL GEM PREMIUM 3P CNG BS4,ATUL
ATUL AUTO LTD,ATUL SHAKTI P VAN DIESEL,ATUL
ATUL AUTO LTD,ATUL SHAKTI PVAN DIESEL,ATUL
ATUL AUTO LTD,ATULSHAKTI PASS 3*1 DIESEL,ATUL
ATUL AUTO LTD,AUTO RICKSHAW,ATUL
ATUL AUTO LTD,ATUL 3 WHEELER PASSANGER,ATUL
ATUL AUTO LTD,THREE WHEELER,ATUL
ATUL AUTO LTD,ATUL GEM PREMIUM PV BS4,ATUL
ATUL AUTO LTD,ATUAL GEM,ATUL
ATUL AUTO LTD,A.SHAKTI PASSANGER 6*1,ATUL
ATUL AUTO LTD,ATUL SHAKTI XL HD BS4,ATUL
ATUL AUTO LTD,ATUL SHAKTI CARGO SWB DAC (D),ATUL
ATUL AUTO LTD,ATUL ELITE+ CARGO,ATUL
ATUL AUTO LTD,ATUL SMART XD AQUABIFUELCNGBS6,ATUL
ATUL AUTO LTD,ATUL SHAKTI HD BS4,ATUL
ATUL AUTO LTD,ATUL GEM PREMIUM DIESEL 3P BS4,ATUL
ATUL AUTO LTD,ATUL CARGO MC 45,ATUL
ATUL AUTO LTD,GEMINI-GX,ATUL
ATUL AUTO LTD,ATUL GEM CARGO (D),ATUL
ATUL AUTO LTD,ATUL GEM PREMIUM 3P BS4 HT1,ATUL
ATUL AUTO,ATUL SHAKTI CARGO SWB D BS6,ATUL
ATUL AUTO LTD,ATUL SHAKTI PICK UP HIGH DECK,ATUL
ATUL AUTO LTD,ATUL,ATUL
ATUL AUTO LTD,ATUL GEM CARGO XL BS III,ATUL
ATUL AUTO LTD,ATUL GEM PREMIUM XL PV BS4,ATUL
