rc_maker_desc,rc_maker_model,Mapped Name
AUDI AG,AUDI MODEL A6 2.0 TDI,AUDI
AUDI AG,AUDI A4 1.8,AUDI
AUDI AG,AUDI Q3 30 TDI S EDI,AUDI
AUDI AG,"AUDI AG, AUDI A6 2TDI",AUDI
AUDI AG,NEW AUDI Q7 TDI,AUDI
AUDI AG,NEW AUDI A42.0TDI,AUDI
AUDI AG,9,AUDI
AUDI AG,AUDI Q7 TDI,AUDI
AUDI AG,Q3 TDI 2.0,AUDI
AUDI AG,Q3 35 TDI BSIV,AUDI
AUDI AG,AUDI  A4 3.0 TDI,AUDI
AUDI AG,AUDI Q 3  0 TDI,AUDI
AUDI AG,AUDI Q3 TDI QUATTRO,AUDI
AUDI AG,A4 2 TDI,AUDI
AUDI AG,AUDI Q5 30TDI EIV,AUDI
AUDI AG,AUDI Q7 35 TDI,AUDI
AUDI AG,AUDI Q5 2.0 TDI Q MULTITRONIC,AUDI
AUDI AG,A3 40 TFSI Cabriolet,AUDI
AUDI AG,NEW AUDI A8L 3.0 TDI,AUDI
AUDI AG,AUDI TT COUPE 2.0 TFSI QUATTRO,AUDI
AUDI AG,AUDI A3 35 TDI LIMOUSINE BSI,AUDI
AUDI AG D-85045 INGOLSTADT,AUDI A4 35 TFSI BSIV,AUDI
AUDI AG,AUDI A4 2.0,AUDI
AUDI AG,AUDI Q5  2.0 TDI QUATTRO,AUDI
AUDI AG,AUDI A4 30 TFSL,AUDI
AUDI AG,AUDI R8 QUATTRO 42,AUDI
AUDI AG,AUDI A6 35 TDI LIMOUSINE BS IV,AUDI
AUDI AG,AUDI S5 BSIV,AUDI
AUDI AG,AUDI A3 35 TFSI CABRIOLET,AUDI
AUDI AG,AUDI Q5.2.0TFSI QUATTRO,AUDI
AUDI AG,AUDI A8L 50 TDI,AUDI
AUDI AG,AUDI A42.0 TDI,AUDI
AUDI AG,AUDI A4 30 TFSI BSIII,AUDI
AUDI AG,AUDI Q3 PI2 30TDI PR,AUDI
AUDI AG,AUDI A6 3.0TDI,AUDI
AUDI AG,Q5 2.0 TDI QUATTRO BS IV,AUDI
AUDI AG,A3 35 TDI,AUDI
AUDI AG,AUDI Q7 45 TDI,AUDI
AUDI AG,AUDI Q3 2.0TDI QUATTRO,AUDI
AUDI AG,AUDI Q5 2.0 TDI QUAT BS IV,AUDI
AUDI AG,A4 35 TFSI,AUDI
AUDI AG,AUDI Q5 35 TDI,AUDI
AUDI AG D-85045 INGOLSTADT,AUDI A3 35 TDI LIMOUSINE BSIV,AUDI
AUDI AG,AUDI Q5 3.0,AUDI
AUDI AG,AUDIQ74-2,AUDI
AUDI AG,LMV- MOTOR CAR AUDI A6 35 TDI,AUDI
AUDI AG,AUDI CAR,AUDI
AUDI AG,AUDI Q5 30TDI QUATTRO,AUDI
AUDI AG,AUDI Q7 3.0,AUDI
AUDI AG,AUDI A4 2.0 TDI MULTITRONIC,AUDI
AUDI AG,AUDI A6 2.8 FSI,AUDI
AUDI AG,Q5 2.0 TDI,AUDI
AUDI AG,AUDI Q3 2.0 TDI Q MULTITRONIC ,AUDI
AUDI AG D-85045 INGOLSTADT,AUDI A4 40 TFSI (TECHNOLOGY B,AUDI
AUDI AG,AUDI TT COUPE 45 TFSI QUATTRO,AUDI
AUDI AG,A6 3.0 TDI,AUDI
AUDI AG,AUDI  A6,AUDI
AUDI AG,AUDI Q3 2 0 TDI,AUDI
AUDI AG,A8 30 TDI LWB,AUDI
AUDI AG,AUDI A4 35 TDI,AUDI
AUDI AG,AUDI Q5 2.0 TFSI  BSIV,AUDI
AUDI AG,AUDI A5 40 TDI,AUDI
AUDI AG,AUDI Q5 3.0 TDI QUATTRO,AUDI
AUDI AG,A4 2.0 TFSI,AUDI
AUDI AG,AUDI A6 3.5 TDI,AUDI
AUDI AG,AUDI Q7 45 TDI QUATTRO ,AUDI
AUDI AG,NEW AUDI A6 2.0 TDI,AUDI
AUDI AG,NEW AUDI Q53.0 TDI,AUDI
AUDI AG,MODEL A6 2.0 TDI,AUDI
AUDI AG,AUDI A4 2.0TDI,AUDI
AUDI AG D-85045 INGOLSTADT,AUDI Q7 3.0 TDI QUATTRO AUTO6I,AUDI
AUDI AG,AUDI Q7 3.0TDI V6,AUDI
AUDI AG,AUDI A6 2.7TDI MULTITRONIC CKD,AUDI
AUDI AG,NEW AUDI A6 3.0 TDI,AUDI
AUDI AG,AUDI A4 3.0 TDI,AUDI
AUDI AG,AUDI Q3 35 TDI,AUDI
AUDI AG D-85045 INGOLSTADT,AUDI-A5-35 TDI BSIV,AUDI
AUDI AG,AUDI A4 35 TDI MULTITROINC,AUDI
AUDI AG,A3 40 TFSI CABRIOLET BSIV,AUDI
AUDI AG,AUDI Q5 35 TDI BSIV,AUDI
AUDI AG,A627DI,AUDI
AUDI AG,NEW AUDI A6 2.7 TDI,AUDI
AUDI AG,AUDI Q5 TDI,AUDI
AUDI AG,Audi Q3 30 TDI,AUDI
AUDI AG,AUDI A3 35 TFSI,AUDI
AUDI AG,A6 35 TDI Limousine,AUDI
AUDI AG D-85045 INGOLSTADT,AUDI- Q8 55 TFSI QUATTRO BSVI,AUDI
AUDI AG,AUDI Q7 35 TDI QUATTRO AUTOMAT,AUDI
AUDI AG,AUDI Q3 35TDI QUATTRO,AUDI
AUDI AG,AUDI Q3 QUATTRO,AUDI
AUDI AG,AUDI A6 2.0 TDI BSIV,AUDI
AUDI AG,AUDI Q3 35 TDI 2.0,AUDI
AUDI AG D-85045 INGOLSTADT,AUDI A42.0 TDI,AUDI
AUDI AG,AUDIQ7TDI3.0 QUATTRO AUROMATIC,AUDI
AUDI AG,AUDI-Q520TDI QUATTRO,AUDI
AUDI AG,AUDI Q3 2.0 TDI QUATTRO,AUDI
AUDI AG,AUDI A4 2 TADI MULTITRONIC,AUDI
AUDI AG,AUDI Q 5 2.0 TDI,AUDI
AUDI AG,AURI Q7 4.2 TDI,AUDI
AUDI AG,AUDI RSQ8,AUDI
AUDI AG,Q7 4.2 TDI,AUDI
AUDI AG,A6 2.0 TDI,AUDI
AUDI AG,AUDI A8 QUATTRO 50 TDI,AUDI
AUDI AG D-85045 INGOLSTADT,AUDI Q5 30 TDI QUATTRO BSIV,AUDI
AUDI AG D-85045 INGOLSTADT,AUDI A4 35 TDI BSIV,AUDI
AUDI AG,AUDI Q3 35 TDI QUA BSIV,AUDI
AUDI AG,A8 50 TDI QUATTRO ,AUDI
AUDI AG,AUDI Q7 3.0 TDI QUATTRO AUTOMATIC 7STR BSIV,AUDI
AUDI AG,A3 35 TDI MULTITRONIC,AUDI
AUDI AG,AUDI MODEL A6  35  TDI,AUDI
AUDI AG,Audi A3 35 TDi Limousine,AUDI
AUDI AG,AUDIQ52.0TFSIQUA.ATIMPORTEDBS3,AUDI
AUDI AG,AUDI Q3 35 TDI QUARTTO,AUDI
AUDI AG,AUDI Q 7 45 TDI QUATTRO,AUDI
AUDI AG,LMV- MOTOR CAR  AUDI Q3 30 TFS,AUDI
AUDI AG,AUDI Q7 3.0 TDI QUATTRO AT,AUDI
AUDI AG,AUDI A4 30 TFSI BSIV,AUDI
AUDI AG,AUDI A 6 2.8 FSI,AUDI
AUDI AG,AUDI Q5 30 TDI QUATTRO BSIII,AUDI
AUDI AG,AUDI A4 1.8TFSI MULTITRONICBS4,AUDI
AUDI AG,"AUDI AG, AUDI Q3 2.0 TDI",AUDI
AUDI AG,AUDI A3 40 TFSI CABRIOLET,AUDI
AUDI AG,AUDI 2.0 TDI,AUDI
AUDI AG,TT 45 TFSI,AUDI
AUDI AG,AUDI A4 1.8 T FSI,AUDI
AUDI AG,AUDI A3 35 TDI LIMOUSINE BSIV,AUDI
AUDI AG,AUDI Q5 2.0 TDI QUATTRO,AUDI
AUDI AG,AUDI Q3 30 TDI BS IV,AUDI
AUDI AG,Q5 35 TDI BS4,AUDI
AUDI AG,AUDI Q3 QUATT. 2.0 TDI,AUDI
AUDI AG,Q7 30 TDI TECH PACK+SUNROOF,AUDI
AUDI AG,AUDI A7 3.0TDI QUQTTRO(180)IMP,AUDI
AUDI AG,AUDI Q7 45 TDI 6S,AUDI
AUDI AG,QT 3.0 TDI,AUDI
AUDI AG,AUDI A4 1.8 T,AUDI
AUDI AG,AUDI Q5 45 TFSI BSIV,AUDI
AUDI AG D-85045 INGOLSTADT,AUDI A4 35 TDI MULTITRONIC BSI,AUDI
AUDI AG,AUDI A6 2.7 TDI MULTITRONIC,AUDI
AUDI AG,AUDI A6 35 TDI LIMOUSINE,AUDI
AUDI AG,AUDI MODEL A6 2.8 FSI,AUDI
AUDI AG,AUDI Q5,AUDI
AUDI AG,AUDI Q5 2 TDI,AUDI
AUDI AG,AUDI A4 2.0 TDI MULTITRONIC BS,AUDI
AUDI AG,AUDI A6 2.8  FSI,AUDI
AUDI AG,AUDI Q 32.0 TDI,AUDI
AUDI AG D-85045 INGOLSTADT,AUDI Q7 45 TDI QUATTRO AUTOMAT,AUDI
AUDI AG,AUDI TT COUPE,AUDI
AUDI AG,AUDI Q3 2.0 TDI QUATTRO-IV,AUDI
AUDI AG,AUDI A6 35 TDI LIMOUSINE BS,AUDI
AUDI AG,Q3 2.0  TDI,AUDI
AUDI AG,AUDI Q 7 3.6,AUDI
AUDI AG,AUDI A3 35 TDI LIMOUSINE,AUDI
AUDI AG,AUDI AG,AUDI
AUDI AG,AUDI Q3 35 TDI QUATTRO BSIII,AUDI
AUDI AG,AUDI Q7 QUAT TDI 3.0 EIV,AUDI
AUDI AG,AUDI A4 2.0 TDI MULTITRONIC BSIV,AUDI
AUDI AG,A6 3.0 TDI QUATTRO,AUDI
AUDI AG,AUDI Q3 35 TDI QUATTRO M1 BS4,AUDI
AUDI AG,AUDI Q3 2.0 TDI QUATTRO BS I,AUDI
AUDI AG,AUDI MODEL A6,AUDI
AUDI AG,AUDI Q5 30 TDI QUATTRO BSIV,AUDI
AUDI AG,AUDI A6 2 TDI BSIV,AUDI
AUDI AG,AUDI,AUDI
AUDI AG,AUDI A8 L 3.0 TDI,AUDI
AUDI AG,AUDI Q5 35 TDI BS IV,AUDI
AUDI AG,AUDI A4 2.0 TDI (MULTITRONIC),AUDI
AUDI AG,A3 3.5TDI,AUDI
AUDI AG,AUDI A6 35 TFSI LIMOUSINE,AUDI
AUDI AG,AUDI Q7 45TDI QUATTRO AT6I BS4,AUDI
AUDI AG,AUDI Q5 30 TDI QUATTRO,AUDI
AUDI AG,AUDI Q3 2.0 TFSI QUATTRO BSIV,AUDI
AUDI AG,     AUDI Q3 2.0,AUDI
AUDI AG,AUDI Q5 2.0 TDI Q,AUDI
AUDI AG,AUDI A3 35 TDI PREM BSIV,AUDI
AUDI AG,A4 2.0 TDI,AUDI
AUDI AG,Q3 35 TDIÂ S EDITION,AUDI
AUDI AG,AUDI S5,AUDI
AUDI AG,AUDI A8 L50 TDI,AUDI
AUDI AG,AUDI A3 35TDI LIMOUSINE,AUDI
AUDI AG,AUDI Q8,AUDI
AUDI AG,AUDI Q3TDIQUATTRO ATCBU IMPBS4,AUDI
AUDI AG,AUDI Q3 35 TDI ,AUDI
AUDI AG D-85045 INGOLSTADT,AUDI Q3 30  TDI BSIV,AUDI
AUDI AG,A6 SAL. TDI 2.0,AUDI
AUDI AG D-85045 INGOLSTADT,AUDI A3 35 TFSI CABRIOPLET BSI,AUDI
AUDI AG,AUDI A 6 2.7 TDI,AUDI
AUDI AG,Q3 QUATTRO,AUDI
AUDI AG,NEW AUDI A4 2.0TDI,AUDI
AUDI AG,AUDI....,AUDI
AUDI AG,AUDI TT COUPE 2.0 TFSI QU S TR,AUDI
AUDI AG,"Q7 45 TDI quattro (AT, 6 I.D.)",AUDI
AUDI AG,AUDI Q52.0 TDI,AUDI
AUDI AG,Q7 3.0 TDI,AUDI
AUDI AG,OTHERS,AUDI
AUDI AG,AUDI A6 2.7 TDI MULTITRONIC BSIV,AUDI
AUDI AG,A4 35 TDI PREMIUM PLUS BS IV,AUDI
AUDI AG,A-6 2.0 TD,AUDI
AUDI AG,NEW AUDI Q7 3.0 TDI,AUDI
AUDI AG,AUDI Q5 2.0 TFSI QUATTRO AT,AUDI
AUDI AG,AUDI Q3 2.0  TDI,AUDI
AUDI AG,Q52.0TDI,AUDI
AUDI AG,AUDI Q2 40 TFSI QUATTRO,AUDI
AUDI AG,NEW AUDI Q3 2.0 TDI,AUDI
AUDI AG,AUDI Q3 SB 40 TFSI Q,AUDI
AUDI AG,AUDI A4 2.0TDI MULTITRONIC BS4,AUDI
AUDI AG,AUDI Q3 35 TDI quattro,AUDI
AUDI AG,AUDI Q7 3.0TDI,AUDI
AUDI AG,AUDI Q7 3.0 TDI V6 BSIV,AUDI
AUDI AG,Q3 2 TDI,AUDI
AUDI AG,AUDI A4 35 TFSI MULTITRONIC,AUDI
AUDI AG,AUDI Q3 2.0 TDI Q BSIV,AUDI
AUDI AG,A4 30 TFSI,AUDI
AUDI AG,AUDI A4 35 TDI MULTITRONIC BSI,AUDI
AUDI AG D-85045 INGOLSTADT,AUDIQ7 3.0 TDI QUATTRO AUTO 7I,AUDI
AUDI AG,AUDI Q7 3.0 TDI QUATTRO BS IV,AUDI
AUDI AG,A6 3.0 TDI QUATTRO AUTOMATIC,AUDI
AUDI AG D-85045 INGOLSTADT,AUDI A6 35 TDI LIMOUSINE BSIV,AUDI
AUDI AG,AUDI Q7 30 TDI,AUDI
AUDI AG,AUDI Q5 2 TDI QUTTROAUTOMATIT,AUDI
AUDI AG,Q5 3.0 TDI,AUDI
AUDI AG,AUDI A6 35 TDI,AUDI
AUDI AG,AUDI A6  35TDI LIMOUSINE BS,AUDI
AUDI AG,AUDI A6.2TDI,AUDI
AUDI AG,AUDI Q5 2.0 TDI QUATTRO AT,AUDI
AUDI AG,AUDI A-6,AUDI
AUDI AG,INNOVA 2.5/V,AUDI
AUDI AG,AUDI  A 4 2.0 TDI,AUDI
AUDI AG,Q3 2.0 TDI QUATTRO,AUDI
AUDI AG,Q7 4.2TDIQUATTRO(DSL)ATIMPORTD,AUDI
AUDI AG,AUDI A4 2 TDI MULTITRONIC,AUDI
AUDI AG,AUDI Q8 55 TFSI QUATTRO,AUDI
AUDI AG,AUDI TT COUPE 45 TFSI QTRO STR,AUDI
AUDI AG,AUDI Q73.0 TDI,AUDI
AUDI AG,AUDI Q 5.2.O. TDI,AUDI
AUDI AG,AUDI A5 35 TDI,AUDI
AUDI AG,A7 3.0 TDI,AUDI
AUDI AG,"Q5 2.0 TDI QUATTRO,BSIV",AUDI
AUDI Q3 35 TDI QUATTRO BSIV,AUDI Q3 35 TDI QUATTRO BSIV,AUDI
AUDI CAR IMPORTED,AUDI Q5 2.0 TDI QA,AUDI
AUDI AG,NEW AUDI Q5 2.0 TDI,AUDI
AUDI AG,AUDI A6 35 TDI MATR,AUDI
AUDI AG,A 4 35 TDI MULTITRONIC,AUDI
AUDI AG,AUDI A6 2.8 FSI BSIV,AUDI
AUDI AG,AUDI Q5 QUAT TDI 3.0,AUDI
AUDI AG,AUDI Q3 2.0 TDI QUATTRO AT,AUDI
AUDI AG,AUDI Q5 2.0 TFSI,AUDI
AUDI AG,AUDI A4 1.8T FSI,AUDI
AUDI AG,AUDI Q 5,AUDI
AUDI AG,AUDI A4 2 TDI BS IV,AUDI
AUDI AG,AUDI Q5 3.0 TDI QUATTRO AT BS4,AUDI
AUDI AG,AUDI A6 2.7 TDI MULTITRONIC BS,AUDI
AUDI AG,AUDI  A 6 2.0 TDI,AUDI
AUDI AG,AUDI Q3 2.0 TDI QUATRO,AUDI
AUDI AG,AUDI Q3 2.0 TDI.,AUDI
AUDI AG D-85045 INGOLSTADT,AUDI Q3 35 TDI QUATTRO BSIV,AUDI
AUDI AG,Q7 QUAT. TDI 3.0 V6 180 A8,AUDI
AUDI AG,Q3 30 TDI,AUDI
AUDI AG,AUDI Q.3,AUDI
AUDI AG,AUDI A6 3.0 TDI QUATTRO,AUDI
AUDI AG,Q3 TDI QUATT 2.0,AUDI
AUDI AG,AUDI  Q3  2.0 TDI,AUDI
AUDI AG,AUDI Q3 30 TFSI,AUDI
AUDI AG,TT COUPE 2.0TFSIQUATTROSTRONIC,AUDI
AUDI AG,AUDI A8 3.0 TDI QUATTRO,AUDI
AUDI AG,AUDI  Q3 35 TDI BS IV,AUDI
AUDI AG,AUDI Q7 45 TDI QUATTRO BSIV,AUDI
AUDI AG,AUDI S6 4.0 TFSI QUATTRO,AUDI
AUDI AG,AUDI  Q5 3.0TDI QU AUTOMATIC,AUDI
AUDI AG,AUDI Q3 2.0 TDI Q MULTITRONIC,AUDI
AUDI AG,AUDI Q3 QUATT 2 0 TDI,AUDI
AUDI AG,A6 2.0 TFSI,AUDI
AUDI AG,AUDI A4 1.8 TFSI BS4,AUDI
AUDI AG,AUDI Q3 2.0TDI,AUDI
AUDI AG,A4 1.8,AUDI
AUDI AG,AUDI Q3 35 TDI QUATTRO,AUDI
AUDI AG,AUDIQ73.0 TDI,AUDI
AUDI AG,AUDI Q3 30 TFSI BS4,AUDI
AUDI AG,Q3 35 TDIQ,AUDI
AUDI AG,AUDI Q7 35 TDI QUATTRO BS IV,AUDI
AUDI AG,Q3 TDI,AUDI
AUDI AG,AUDI Q5 2.0 TDI,AUDI
AUDI AG,A6 2.0TDI,AUDI
AUDI AG,AUDI Q7 45 TDI CKD,AUDI
AUDI AG,AUDI A8 QUATTRO 3.0 TDI,AUDI
AUDI AG,AUDI Q-5 2.0 TDI,AUDI
AUDI AG,AUDI Q3 30 TDI QUATTRO ,AUDI
AUDI AG,AUDI A8L TDI,AUDI
AUDI AG,AUDI A6 2.7 TDI MULTITRONC,AUDI
AUDI AG,AUDI A4 35 TDI M1 BS4,AUDI
AUDI AG,AUDI S4,AUDI
AUDI AG,AUDI A4 35 TDI BS IV,AUDI
AUDI AG,A4 1.8 TFSI,AUDI
AUDI AG,AUDI A6 2.0 TDI MULTITRONIC,AUDI
AUDI AG,AUDI Q5 2.0  TDI,AUDI
AUDI AG,AUDI Q7 4.2 TDI QUATTRO AUTO,AUDI
AUDI AG,Not Available,AUDI
AUDI AG,AUDI Q5 45 TFSI,AUDI
AUDI AG D-85045 INGOLSTADT,AUDI Q5 40 TDI BSIV,AUDI
AUDI AG,AUDI Q5 40 TDI,AUDI
AUDI AG,AUDI Q5 30 TDI QUATTRO BS IV,AUDI
AUDI AG,A4 35 TDI  ,AUDI
AUDI AG,AUDI Q5 30 TDIQ,AUDI
AUDI AG,Audi Q7 35 TDI Quattro AT 7STR,AUDI
AUDI AG,AUDI A3 35 TDI LIMSN BSIV,AUDI
AUDI AG,AUDIT A6 35 TFSI BSIV,AUDI
AUDI AG,AUDI A6 2.0 TDI  BSIV,AUDI
AUDI AG D-85045 INGOLSTADT,"AUDIQ735TDIQUATTRO(AUTOMATIC,6",AUDI
AUDI AG,AUDI Q5 2.0 TDI QUATTRO AUTOMATIC BSIV,AUDI
AUDI AG,AUDI RS 7 PERFORMANCE,AUDI
AUDI AG,AUDI Q3 2.0 TDI BS-IV,AUDI
AUDI AG,AUDI RS E-TRON GT,AUDI
AUDI AG,TT 2.0 TFSI,AUDI
AUDI AG,AUDI Q3 30 TDI BSIV,AUDI
AUDI AG,AUDI Q5 2.0 TDI Q MULTITRONIC ,AUDI
AUDI AG,AUDI A3 2.0 TDI,AUDI
AUDI AG,AUI A8 3.0 TDI,AUDI
AUDI AG,AUDI A6 TDI,AUDI
AUDI AG,A 4 1.8TFSI,AUDI
AUDI AG,AUDI Q5 2.0TFSI QUA AUT(IMPORT,AUDI
AUDI AG,AUDI A3 35 TDI,AUDI
AUDI AG,NEW AUDI Q5 3.0 TDI,AUDI
AUDI AG,AUDI.,AUDI
AUDI AG,AUDI A8 3.0TDI LWB,AUDI
AUDI AG,AUDI Q3 35 TDI STAGE BSIV,AUDI
AUDI AG,AUDI A4 2.0 TDI Multitroinc,AUDI
AUDI AG,AUDI Q5 2.0 TFSI QUATTRO AUTOM,AUDI
AUDI AG,AUDI Q3 2.0,AUDI
AUDI AG,NEW AUDI  A4 2.0 TDI,AUDI
AUDI AG,A4 35 TDI MULTITRONIC,AUDI
AUDI AG,AUDI Q5 2.0 TFSI QUATTRO ATBS4,AUDI
AUDI AG,AUDI Q7 35 TDI QUATTRO AUT,AUDI
AUDI AG,AUDI A6 2.8 FSI MULTITRONIC,AUDI
AUDI AG,AUDI A6 3.0 TDI QUATTRO BSIV,AUDI
AUDI AG,A4 35 TDI,AUDI
AUDI AG,AUDI  A4 2.0TDI,AUDI
AUDI AG,1,AUDI
AUDI AG D-85045 INGOLSTADT,AUDI A4 40 TFSI (PREMIUM PLUS),AUDI
AUDI CAR IMPORTED,AUDI Q3 2.0 TDI QUATTRO,AUDI
AUDI AG,AUDI A 42.0 TDI,AUDI
AUDI AG D-85045 INGOLSTADT,AUDI Q7 55 TFSI QUATTRO (PREMI,AUDI
AUDI AG,AUDI A6 2.0 TDI,AUDI
AUDI AG,AUDI A6 2.0TDI,AUDI
AUDI AG,AUDI Q7 45 TFSI,AUDI
AUDI AG,AUDI A4 1.8 TFSI MULTI,AUDI
AUDI AG,AUDI Q5 30 TDI QUATTRO AT,AUDI
AUDI AG,AUDI A42.0,AUDI
AUDI AG,AUDI Q3 QUATTRO 2.0TDI BS-IV,AUDI
AUDI AG,"A6 SALOON 2.0 TDI, BSIV",AUDI
AUDI AG,AUDI Q7 45 TDI QUATTRO ( AT ),AUDI
AUDI AG,Q3 2.0 TDI Q MULTITRONIC BS4,AUDI
AUDI AG D-85045 INGOLSTADT,AUDI Q3 30 TFSI BSIV,AUDI
AUDI AG,AUDI A6 35 TFSI,AUDI
AUDI AG,Q3 2.0 TDI,AUDI
AUDI AG,AUDI A4 2.0 TDI,AUDI
AUDI AG,Q7 3.0 TDI QUA AT ,AUDI
AUDI AG,AUDI Q5 3.0 TDI BS4,AUDI
AUDI AG,AUDI Q3 30 TFSI BSIV,AUDI
AUDI AG,"Q3 35 TDI, BSIV",AUDI
AUDI AG,AUDI Q5 2.0 TDI QUATRO AUTOMAT,AUDI
AUDI AG,AUDI Q 7,AUDI
AUDI AG,AUDI Q3 2.0 TDI QUATTRO BSIV,AUDI
AUDI AG,AUDI A4 35 TDI PREMI,AUDI
AUDI AG,AUDI A6 2.7 TDI,AUDI
AUDI AG,AUDI A3 35 TDI MULTITRONIC,AUDI
AUDI AG,VOLKSWAGEN,AUDI
AUDI AG,AUDI Q7 3.0 TDI QUATTRO,AUDI
AUDI AG D-85045 INGOLSTADT,AUDI A4 40 TFSI (TECHNOLOGY) B,AUDI
AUDI AG,AUDI Q7 45 TDI QUATTRO 5 INC D,AUDI
AUDI AG,AUDI Q7 3.0 TDI QUATTRO AUTOMA,AUDI
AUDI AG,AUDI Q5 45 TDI,AUDI
AUDI AG,AUDI A3 35TFSI M1 BS4,AUDI
AUDI AG,AUDI RS 7 PERFORMANC,AUDI
AUDI AG,AUDI  A4 35 TDI BSIV,AUDI
AUDI AG D-85045 INGOLSTADT,AUDI A6 35 TDI BSIV,AUDI
AUDI AG,"AUDI A6 2.0 TDI, BS-IV",AUDI
AUDI AG,AUDI A8 L  3.0  TDI QUATTRO,AUDI
AUDI AG,AUDI Q3 35 TDI BS IV,AUDI
AUDI AG,LMV- MOTOR CAR  AUDI A4 35 TDI,AUDI
AUDI AG,AUDI A63.0 TDI,AUDI
AUDI - IMPORTED,AUDI Q7,AUDI
AUDI AG,AUDI Q7 35 TDI [BS IV],AUDI
AUDI AG,AUDI A5 CABRIO 35 TDI,AUDI
AUDI AG,AUDI  A4,AUDI
AUDI AG,A4 1.8T AUDI,AUDI
M/S AUDI SPORT GMBH,AUDI RS5 COUPE BSIV,AUDI
AUDI AG,AUDI A8L 3.0 TDI,AUDI
AUDI AG,AUDI A6 2.0,AUDI
AUDI AG,AUDI Q3 35 TDI QUATTRO BS IV,AUDI
AUDI AG,AUDI Q5 Â 20 TDI BSIV,AUDI
AUDI AG,AUDI Q7 35 TDI QUATTRO,AUDI
AUDI AG,AUDI A8 L 55 TFSI QUATTRO,AUDI
AUDI AG,A6 35 TDI,AUDI
AUDI AG,AUDI Q7 4.2 TDI,AUDI
AUDI AG,AUDI Q7 3.5 TDI QUATTRO AT,AUDI
AUDI AG,AUDI   A4  2.0 TDI,AUDI
AUDI AG,AUDI A4  35  TFSI,AUDI
AUDI AG,,AUDI
AUDI AG,Q8 50 E-TRON,AUDI
AUDI AG,AUDI A6 35 TDI BSIV,AUDI
AUDI AG,AUDI A 4  2.0 TDI,AUDI
AUDI AG,NEW AUDI Q3 2.0 TDI ,AUDI
AUDI AG,Q5 2.0 TDIQ,AUDI
AUDI AG,AUDI Q7 45 TDI QUATTRO(AUTOMAT,AUDI
AUDI AG,Q5 30 TDI,AUDI
AUDI AG,AUDI Q3 2.0 TDI BS IV,AUDI
AUDI AG,AUDI Q3 2.0 Q. A. TDI CBU,AUDI
AUDI AG,AUDI R8 4.2 FSI V8 316 AMG CBU,AUDI
AUDI AG,AUDI A8 3.0 TDI,AUDI
AUDI AG,AUDI Q3 2.0 TDI Q,AUDI
AUDI AG,AUDI A4 35 TDI PRIMIUM,AUDI
AUDI AG D-85045 INGOLSTADT,AUDI Q3 30 TDI BSIV,AUDI
AUDI AG,AUDI Q 7 35 TDI,AUDI
AUDI AG,AUDI A4 1 8 TFSI MULTITRONIC,AUDI
AUDI AG,AUDI A 4 2 .0 TDI 5SEAT BSIII,AUDI
AUDI AG,AUDI Q5 2.0 TDI QA,AUDI
AUDI AG,AUDI A4,AUDI
AUDI AG,A8 4.0 TFSI,AUDI
AUDI AG,AUDI Q7 3.0 TDI,AUDI
AUDI AG,AUDI A3,AUDI
AUDI AG,"AUDI AG, AUDI A4 1.8 TFSI MULTITRONIC B",AUDI
AUDI AG,AUDI A4  2.0 TDI,AUDI
AUDI AG,AUDI Q7 35 TDI QUATTRO AUTM6IN,AUDI
AUDI AG,AUDI Q3 20TDIQUATTRO,AUDI
AUDI AG,AUDI Q3 2.0 TDI QUATTRO CBU,AUDI
AUDI AG,Q 3,AUDI
AUDI AG,AUDI A4 2.0 TDI (MULTITRONIC,AUDI
AUDI AG,AUDI Q5 2.0 TDI Q BSIV,AUDI
AUDI AG,AUDI Q5 2.0 TDI/30 BSIV,AUDI
AUDI AG,AUDI A6 2.0 TD BS IV,AUDI
AUDI AG,AUDI Q7 3.TDI V6,AUDI
AUDI AG D-85045 INGOLSTADT,AUDI A6 35 TFSI BSIV,AUDI
AUDI AG,AUDI Q3 TDI,AUDI
AUDI AG,A4 2.0,AUDI
AUDI AG,AUDI Q7 3.0 TDI QUAT BS-IV,AUDI
AUDI AG,LMV- MOTOR CAR  AUDI  Q7 45 TD,AUDI
AUDI AG,AUDI Q3 SPORTBACK 40 TFSI QUAT,AUDI
AUDI AG,Q5 QUATTRO TDI 2.0,AUDI
AUDI AG,AUDI A4 2.0 TDI MULT,AUDI
AUDI AG,A4 2.0TDI,AUDI
AUDI AG D-85045 INGOLSTADT,AUDI A6 45 TFSI BSVI,AUDI
AUDI AG,AUDI Q3 35 TDI PREMIUM BS4,AUDI
AUDI AG,NEW AUDI A8 3.0 TDI,AUDI
AUDI AG,NEW AUDI A4 2.0 TDI,AUDI
AUDI AG,AUDI  - A 6 2.8FSI  BS III,AUDI
AUDI AG,AUDI A6 3.0 TDI QUATTRO AUTO,AUDI
AUDI AG,AUDI A7 SPORT B 3.0 TDI BS-IV,AUDI
AUDI AG,AUDI Q7 4.2,AUDI
AUDI AG,AUDI A4 2.0 TDI ,AUDI
AUDI AG,AUDI A4 2.O TDI  BS III,AUDI
AUDI AG,AUDI A4 TFSI,AUDI
AUDI AG,"AUDI A6 SALOON 2.0TDI,BSIV",AUDI
AUDI AG,AUDI A4 35,AUDI
AUDI AG,AUDI Q5 2.0 TDI Q AU,AUDI
AUDI AG,AUDI A8 3.0 TDI LWB QUATTRO AT,AUDI
AUDI AG,Q3 2.0 TDIQ,AUDI
AUDI AG,AUDI  A4 35 TDI PREMIUM(BSIV),AUDI
AUDI AG,AUDI A5 CABRIOLET 40 TDI,AUDI
AUDI AG,AUDI Q7 4.2 TDI  QUATTRO,AUDI
AUDI AG,AUDI A3 40 TFSI,AUDI
AUDI AG D-85045 INGOLSTADT,AUDI-S5 BSIV,AUDI
AUDI AG,AUDI A4 30 TFSI,AUDI
AUDI AG,AUDI 4.2.0 TFSI,AUDI
AUDI AG,AUDI Q5 45 TFSI QUATTROTECHBS6,AUDI
AUDI AG,AUDI Q 3,AUDI
AUDI AG,AUDI A4 1.8 TFSI MULTITRONIC ,AUDI
AUDI AG,AUDI Q5 2.0 TFSI QUATTRO,AUDI
AUDI AG,AUDI A4 35 TFSI,AUDI
AUDI AG,AUDI Q5  20 TDI BSIV,AUDI
AUDI AG,AUDI A 4 2.0 TDI,AUDI
AUDI AG,ADUDI Q3 2.0 TDI QUATTRO,AUDI
AUDI AG,A42.0 TDI,AUDI
AUDI AG,AUDI A4 TDI,AUDI
AUDI AG,AUDI Q 7 3 .0 TDI,AUDI
AUDI AG,AUDI Q3 2 0 TDI QUATTRO,AUDI
AUDI AG,AUDI Q7 3 TDI BS IV,AUDI
AUDI AG,"AUDI A4 2.0 TDI, BS IV",AUDI
AUDI AG,AUDI A3 35 TFSI BS4,AUDI
AUDI AG,AUDI Q3 35 IDI,AUDI
AUDI AG,Q3 2.0TDI,AUDI
AUDI AG,AUDI Q3 3.5 TDI QUATTRO,AUDI
AUDI AG,"A4 2.0 TDI MULTITRONIC, BSIV",AUDI
AUDI AG,AUDI A6 2.8 FSI CKD,AUDI
AUDI AG,AUDI Q5 3.0 TDI QUATTRO AUTOMA,AUDI
AUDI AG D-85045 INGOLSTADT,AUDI A4 35 TDI MULTITRONIC BSIV,AUDI
AUDI AG,A6 35 TDI BS4,AUDI
AUDI AG,Audi A4 35 TDI Multitronic,AUDI
AUDI AG,AUDI Q3 QUATTRO TDI BS 4,AUDI
AUDI AG,AUDI RS 7 4.0L TFSI QUATTRO,AUDI
AUDI AG,AUDIQ3 35 TDI,AUDI
AUDI AG,AUDI Q5 30 TDI,AUDI
AUDI AG,AUDI Q3 35 TDI QUA.,AUDI
AUDI AG,AUDI A8 4.2 FSI,AUDI
AUDI AG,AUDI A6 35 TDI BS IV,AUDI
AUDI AG,Audi A6 35 TDI,AUDI
AUDI AG,AUDI A3 40 TFSI LIMOUSINE,AUDI
AUDI AG,AUDI A6 3 TDI QUATTRO BS IV,AUDI
AUDI AG,AUDI Q3 2.0 TDI BS4,AUDI
AUDI AG,AUDI Q3 35 TDI QUATTRO BSIV,AUDI
AUDI AG,AUDI   A 3  35 TDI  LIMOUSINE,AUDI
AUDI AG,AUDI A8,AUDI
AUDI AG,AUDI A3 2.0 TDI LIMOUSINE,AUDI
AUDI AG,AUDI A6  3.0 TDI,AUDI
AUDI AG D-85045 INGOLSTADT,AUDI Q7 45 TDI QUATTRO(AUTOMAT,AUDI
AUDI AG,AUDI Q3 40 TFSI Q PRM PLS,AUDI
AUDI AG,AUDI A6 35 TDI CKD,AUDI
AUDI AG,AUDI A4 1.8 TFSI MULTITRONIC,AUDI
AUDI AG,AUDI A6 2.O TDI,AUDI
AUDI AG,AUDI Q5 3.0 TDI,AUDI
AUDI AG,Q3   35  TDI,AUDI
AUDI AG,AUDI Q3 30  TFSI BS IV,AUDI
AUDI AG,AUDI MOTORS,AUDI
AUDI AG,AUDI MODEL Q3 35 TDI,AUDI
AUDI AG,A8L 3.0,AUDI
AUDI AG,AUDI A8 L 4.2 FSI,AUDI
AUDI AG,AUDI Q5 3.0 TDI QUATTRO AT,AUDI
AUDI AG,Q3 2.0,AUDI
AUDI AG,AUDI Q3 35 TDIQ,AUDI
AUDI AG,AUDI Q7,AUDI
AUDI AG,AUDI A3 35 TDI BSIV,AUDI
AUDI AG,TT COUPE 45 TFSI QUAT S TRONIC,AUDI
AUDI AG,AUDI A4 35TDI,AUDI
AUDI AG,NEW AUDI Q3 2.0TDI,AUDI
AUDI AG,AUDI A6,AUDI
AUDI AG,AUDI A 6 2.0TDI,AUDI
AUDI AG,AUDI Q5 2.0 TDI QUATTRO AUTO,AUDI
AUDI AG,Q3 35 TDI,AUDI
AUDI AG,AUDI Q7 3.0 TDIQUATTROBSIV,AUDI
AUDI AG,A4 2.0 I4 130 A8M,AUDI
AUDI AG,AUDI Q5 2.0,AUDI
AUDI AG,Q5 QUAT TDI 2.0,AUDI
AUDI AG,AUDI A4 2.0 TFSI MULTITRONIC,AUDI
AUDI AG,Audi Q5 30 TDI quattro,AUDI
AUDI AG,"A4 SALOON 2.0 TDI, BS IV",AUDI
AUDI AG,AUDI MODEL A4  2.0 TDI,AUDI
AUDI AG,AUDI Q3 35 TDI CKD,AUDI
AUDI AG D-85045 INGOLSTADT,AUDI Q2 40 TFSI QUATTRO BSVI,AUDI
AUDI AG,AUDI Q 7 3.0 TDI,AUDI
AUDI AG,AUDI A4 2.0 T,AUDI
AUDI AG,AUDI LMV,AUDI
AUDI AG,AUDI RS 5 SPORTBACK,AUDI
AUDI AG,AUDI 2.7 TDI,AUDI
AUDI AG,"AUDI 6 SALOON 2.0 TDI,BSIV",AUDI
AUDI AG,AUDI Q3 30 TDI,AUDI
AUDI AG,AUDI Q3 40 TFSI Q TECH,AUDI
AUDI AG,AUDI AG Q5 2.0 TDI,AUDI
AUDI AG,AUDI Q3  2.0 TDI,AUDI
AUDI AG,AUDI Q5  3.0  TDI,AUDI
AUDI AG,AUDI A4 1.8 T M,AUDI
AUDI AG,AUDI A8 L 3.0 TDI QUATTRO,AUDI
AUDI AG,AUDI Q3,AUDI
AUDI AG,AUDI BECOJH,AUDI
AUDI CAR IMPORTED,AUDI A3 35 TDI LIMOUSINE BSIV,AUDI
AUDI AG,AUDI A7 3.0 TDI,AUDI
AUDI AG,AUDI Q3 2.0 TDI,AUDI
AUDI AG,AUDI Q5 35 TDI ,AUDI
AUDI AG,AUDI MODEL A3 35  TDI,AUDI
AUDI AG,AUDI A4 35 TDI EURO IV,AUDI
AUDI AG,..AUDI,AUDI
AUDI AG,A4 1.8TFSI,AUDI
AUDI AG,AUDI A 4 1.8 T,AUDI
AUDI AG,AUDI A4 2.0 TFSI,AUDI
AUDI AG,AUDI A6 2.0 TDI BS IV,AUDI
AUDI AG,AUDI A4 1.8 FSI,AUDI
AUDI AG,"Q5 3,0 TDI QUATTRO AUTOMATIC",AUDI
AUDI AG,AUDI Q7 30 TDI ,AUDI
AUDI AG D-85045 INGOLSTADT,AUDI A3 35 TFSI BSIV,AUDI
AUDI AG,AUDI A5,AUDI
AUDI AG,AUDI A4 35 TDI BS4,AUDI
AUDI AG,AUDI A4 35 TDI-BSIV,AUDI
AUDI AG,Q3 2.0 TDI QUATTRO AUTOMATIC ,AUDI
AUDI AG D-85045 INGOLSTADT,AUDI A4 30TFSI BSIV,AUDI
AUDI AG,AUDI Q3 QUATTRO 2.0 TDI BS-IV,AUDI
AUDI AG,AUDI E-TRON SPORTBACK 55,AUDI
AUDI AG,TT QUATTRO 2.0 TFSI,AUDI
AUDI AG,AUDI Q5 45 TFSI ,AUDI
AUDI AG,AUDI A4 35 TDI MULTITRONIC,AUDI
AUDI AG,"Q3 QUATTRO 2.0 TDI, BS IV",AUDI
AUDI AG,AUDI E-TRON 50,AUDI
AUDI AG,AUDI A8 4.2FSI,AUDI
AUDI AG,A8 3.0 TDI,AUDI
AUDI AG,AUDI Q3 TDI Q MULTITRONICS,AUDI
AUDI AG,A 6 35 TDI,AUDI
AUDI AG,AUDI Q3 30 TFSI BS IV,AUDI
AUDI AG,Audi A4 35 TFSI Multitronic,AUDI
AUDI AG,Q7.3 TDI,AUDI
AUDI AG,"AUDI A6  2.0 TDI, BS-IV",AUDI
AUDI AG,AUDI Q3  35 TDI,AUDI
AUDI AG,AUDI A6 2TDI,AUDI
AUDI AG,AUDI A3 40 TFSI CABRIOLET BS,AUDI
AUDI AG,Q3   2.0  TDI,AUDI
AUDI AG,AUDI A6 3.0 TDI,AUDI
AUDI AG,A8 3.0 TDI LWB QUATTRO AUTOMAT,AUDI
AUDI AG,AUDI A 4.2 TDI,AUDI
AUDI AG,A3 A3 40 TFSI,AUDI
AUDI AG,AUDI Q7 35 TDI QUATTRO AT,AUDI
AUDI AG,A3 40 TFSI,AUDI
AUDI AG,AUDI Q5 35 TDI BS4,AUDI
AUDI AG,Q3 35 TDI QUATTRO BSIV,AUDI
AUDI AG,AUDI Q3 3.5TDI,AUDI
AUDI AG,AUDI S5 SB,AUDI
AUDI AG,AUDI Q2,AUDI
AUDI AG,AUDIT Q7 45 TDI QUATTRO BSIV,AUDI
AUDI AG,AUDI Q7 40 TFSI,AUDI
AUDI AG,AUDI MODEL Q3 2.0 TDI,AUDI
AUDI AG,AUDI Q5 TFSI,AUDI
AUDI AG,AUDI A3 35 TDI  BS IV,AUDI
AUDI AG,AUDI A6 35 TDI LIMOUSINE BSIV,AUDI
AUDI AG,AUDI Q5 2.0 TDI QUATTRO AUTOMA,AUDI
AUDI AG,AUDI A4 35 TDI BSIV,AUDI
AUDI AG,AUDI Q7 45 TDI QUATTRO,AUDI
AUDI AG,AUDI E-TRON 55,AUDI
AUDI AG,AUDI Q7 3.0 TDI BSIV,AUDI
AUDI AG,AUDI Q7 3.0 TDIQ,AUDI
AUDI AG,AUDI A4 1.8 TFSI,AUDI
AUDI AG,AUDI  A4 35 TDI BS IV,AUDI
AUDI AG,AUDI MODE3L A6 2.0 TDI,AUDI
