rc_maker_desc,rc_maker_model,Mapped Name
BAJAJ TEMPO LTD,MINIDOR PICK UP,BAJAJ
BAJAJ AUTO LTD,BAJAJ BOXER-4S,BAJAJ
BAJAJ AUTO LTD,ALTO LXI BS 3 (,BAJAJ
BAJAJ AUTO LTD,CITY 1.5 VX MT (I DTEC),BAJAJ
BAJAJ AUTO LTD,BAJAJ XCD125(DTS-SI)-BS-II,BAJAJ
BAJAJ TEMPO LIMITED,TEMPO KARGO KING,BAJAJ
BAJAJ AUTO LTD,DISCO H DISC 150 CC,BAJAJ
BAJAJ AUTO LTD,AUTO RIKSHAW,BAJAJ
BAJAJ AUTO LTD,BAJAJ XCD 125 DTS-Si,BAJAJ
BAJAJ AUTO LTD,A/R OPERATION ON LPG 4S,BAJAJ
BAJAJ AUTO LTD,DISCOVER 100 ES,BAJAJ
BAJAJ AUTO LTD,DISCOVER,BAJAJ
BAJAJ AUTO LTD,PULSAR N 160 BSVI-PH2,BAJAJ
BAJAJ TEMPO LIMITED,MINIDOR,BAJAJ
BAJAJ AUTO LTD,PULSER 150 DTS I,BAJAJ
BAJAJ AUTO LTD,Bajaj Super LC,BAJAJ
BAJAJ AUTO LTD,DISCOVER 135 CC,BAJAJ
BAJAJ AUTO LTD,BAJAJ TEMPO 307,BAJAJ
BAJAJ AUTO LTD,PULSAR ES,BAJAJ
BAJAJ AUTO LTD,RE  MEGA BAJAJ,BAJAJ
BAJAJ AUTO LTD,LMV,BAJAJ
BAJAJ AUTO LTD,PULSAR 180 ES,BAJAJ
BAJAJ TEMPO LIMITED,TEMPO TRAVELLER DELIVARY VAN,BAJAJ
BAJAJ AUTO LTD,RE 4 STROKE 205 LPG,BAJAJ
BAJAJ AUTO LTD,BAJAJ CT 100 WITH LG & SG,BAJAJ
BAJAJ TEMPO LIMITED,TEMPO TRAX JUDO,BAJAJ
BAJAJ AUTO LTD,WIND 125,BAJAJ
BAJAJ AUTO LTD,BAJAJ SUNNY SCOOTER,BAJAJ
BAJAJ AUTO,"BAJAJ AUTO, AUTORICKSHAW RE 2S",BAJAJ
BAJAJ AUTO LTD,DISCOVER DTS SI DRUM ES,BAJAJ
BAJAJ AUTO LTD,"BAJAJ AUTO LTD, BAJAJ RE CNG 4S FI",BAJAJ
BAJAJ AUTO LTD,DISCOVER 125 DIBR ES BS III,BAJAJ
BAJAJ AUTO LTD,M/CYCLE DISCOVER,BAJAJ
BAJAJ AUTO LTD,LMV MOTOR CYCLE,BAJAJ
BAJAJ AUTO LTD,DISCOVER DTS SI,BAJAJ
BAJAJ AUTO LTD,CHETAK 4 STROKE,BAJAJ
BAJAJ AUTO LTD,BAJAJ RE MAXIMA,BAJAJ
BAJAJ TEMPO LIMITED,BAJAJ,BAJAJ
BAJAJ TEMPO LIMITED,BAJAJ TEMPO LTD,BAJAJ
BAJAJ AUTO LTD,BAJAJ CHETAK 4 STROKE,BAJAJ
BAJAJ TEMPO LIMITED,TRAX GAMA,BAJAJ
BAJAJ AUTO LTD,,BAJAJ
BAJAJ AUTO LTD,CT 110 L2 BS4,BAJAJ
BAJAJ AUTO LTD,BAJAJ DISCOVER 150 F BS III,BAJAJ
BAJAJ AUTO LTD,BAJAJ DISCOVER-100,BAJAJ
BAJAJ AUTO LTD,BAJAJ CT100 FAIRING,BAJAJ
BAJAJ AUTO LTD,WIND 125 DRUM,BAJAJ
BAJAJ AUTO LTD,SCOOTER,BAJAJ
BAJAJ AUTO LTD,PASSANGER A/R,BAJAJ
BAJAJ TEMPO LIMITED,Not Available,BAJAJ
BAJAJ AUTO LTD,BAJAJ=KB 100,BAJAJ
BAJAJ AUTO LTD,DISCOVER 110 (CBS),BAJAJ
BAJAJ AUTO LTD,AR 4 STROKE LPG,BAJAJ
BAJAJ AUTO LTD,DISCOVER DTS-Si,BAJAJ
BAJAJ TEMPO LIMITED,LMV O/B,BAJAJ
BAJAJ AUTO LTD,BAJAJ ASPIN,BAJAJ
BAJAJ AUTO LTD,BAJAJ LEGEND,BAJAJ
BAJAJ TEMPO LIMITED,TEMPO TOFFAN,BAJAJ
BAJAJ AUTO LTD,BAJAJ AUTO RIKSHA RE,BAJAJ
BAJAJ AUTO LTD,3 WHEELER(AUTORICKSHAW),BAJAJ
BAJAJ AUTO LTD,CT100 BSIV,BAJAJ
BAJAJ AUTO LTD,PLATINA 100,BAJAJ
BAJAJ AUTO LTD,BAJAJ SAFFIRE,BAJAJ
BAJAJ TEMPO LIMITED,TATA 407SFC,BAJAJ
BAJAJ AUTO LTD,BAJAJ DISCOVER 125,BAJAJ
BAJAJ AUTO LTD,"BAJAJ AUTO LTD, PLATINA 100",BAJAJ
BAJAJ TEMPO LIMITED,BALWAN 400 HBT,BAJAJ
BAJAJ AUTO LTD,PULSAR 180 DTS,BAJAJ
BAJAJ AUTO LTD,PULSAR 180 DTS I,BAJAJ
BAJAJ AUTO LTD,PULSAR BS II,BAJAJ
BAJAJ TEMPO LIMITED,OMINI  BUS,BAJAJ
BAJAJ TEMPO LIMITED,TEMPO TRAX GAMA,BAJAJ
BAJAJ AUTO,PULSAR 125 NS 2WHEEL BS6 L2,BAJAJ
BAJAJ AUTO LTD,Bajaj Super Metlic L.C.,BAJAJ
BAJAJ AUTO LTD,BAJAJ CT 100,BAJAJ
BAJAJ AUTO LTD,DISCOVER 100 4G,BAJAJ
BAJAJ AUTO LTD,MOTER CYCLE,BAJAJ
BAJAJ AUTO LTD,TRAX CRUISER CLASSIC,BAJAJ
BAJAJ AUTO LTD,NINJA 650R,BAJAJ
BAJAJ AUTO LTD,DOMINAR D 250 ABS BSVI,BAJAJ
BAJAJ AUTO LTD,DISCOVER 125 CC DISC ES,BAJAJ
BAJAJ AUTO LTD,BAJAJ CT 100 DLX,BAJAJ
BAJAJ AUTO LTD,PULSAR 150 ESUG4.5,BAJAJ
BAJAJ AUTO LTD,BAJAJ PULSAR 220 SF,BAJAJ
BAJAJ TEMPO LIMITED,TEMPOTRAX-TOOFANHARDTOP,BAJAJ
BAJAJ AUTO,CT 100 DLX,BAJAJ
BAJAJ AUTO LTD,3 WHEELER PICKUP VAN,BAJAJ
BAJAJ AUTO LTD,BAJAJ BOXER CT UPGRADE,BAJAJ
BAJAJ AUTO LTD,"BAJAJ AUTO LTD, BAJAJ MAXIMA C",BAJAJ
BAJAJ AUTO LTD,RE OPTIMA CNG,BAJAJ
BAJAJ AUTO LTD,PLATINA DLX,BAJAJ
BAJAJ AUTO LTD,BAJAJ 3 WHR A/R PRIVATE,BAJAJ
BAJAJ AUTO LTD,DISCOVER 125T DISC,BAJAJ
BAJAJ AUTO LTD,BOXER CT DELUXE,BAJAJ
BAJAJ TEMPO LIMITED,BAJAJ TEMPO TRAX GAMA,BAJAJ
BAJAJ AUTO LTD,CHETAK,BAJAJ
BAJAJ AUTO LTD,DISCOVER DTS-SI BS-III,BAJAJ
BAJAJ AUTO LTD,CT 100 DLS,BAJAJ
BAJAJ AUTO LTD,PULSAR 180CC,BAJAJ
BAJAJ AUTO LTD,DISCOVER -125 ST,BAJAJ
BAJAJ AUTO LTD,BAJAJ KAWASAKI,BAJAJ
BAJAJ AUTO LTD,CD 100 DLX,BAJAJ
BAJAJ AUTO,RE COMPACT CNG 4S,BAJAJ
BAJAJ AUTO,BAJAJ AUTO RICKSHAW RE 4S,BAJAJ
BAJAJ AUTO,BAJAJ KAWASAKI 4S,BAJAJ
BAJAJ AUTO LTD,PULSAR 180 DTS-I (UG 4.5),BAJAJ
BAJAJ AUTO LTD,DISCOVER 100 T,BAJAJ
Bajaj Auto Ltd,RE MAXIMA C,BAJAJ
BAJAJ AUTO LTD,CHETAK 2443 URBANE,BAJAJ
BAJAJ AUTO LTD,DISCOVER SPORTS,BAJAJ
BAJAJ AUTO LTD,BAJAJ 4S AR A D T D M C,BAJAJ
BAJAJ TEMPO LIMITED,TEMPO TRAX CRUSHER,BAJAJ
BAJAJ TEMPO LIMITED,TEMPO TRAX CRUSIER,BAJAJ
BAJAJ AUTO LTD,XCD  125,BAJAJ
BAJAJ AUTO LTD,4S-CHAMPION,BAJAJ
BAJAJ TEMPO LIMITED,JUDO DI BS III,BAJAJ
BAJAJ AUTO LTD,A.R CAB,BAJAJ
BAJAJ AUTO LTD,BAJAJ 150 SCOOTER,BAJAJ
BAJAJ AUTO LTD,REGDI,BAJAJ
BAJAJ AUTO LTD,M/CYCLE,BAJAJ
BAJAJ AUTO LTD,PULSAR 200 NS,BAJAJ
BAJAJ AUTO LTD,PULSAR 150 DTSI UG4.5,BAJAJ
Bajaj Auto Ltd,PLATINA 100 ES,BAJAJ
BAJAJ AUTO LTD,RE COMPACT DIESEL BSIV,BAJAJ
BAJAJ AUTO LTD,PLATINA 110 BSIV,BAJAJ
BAJAJ AUTO LTD,BAJAJ CT PLATINA,BAJAJ
BAJAJ AUTO LTD,PULSAR NS160 2WHL L2 BS6,BAJAJ
BAJAJ AUTO LTD,BAJAJ,BAJAJ
BAJAJ AUTO LTD,DISCOVER 125CC,BAJAJ
BAJAJ AUTO LTD,BAJAJ   XCD,BAJAJ
BAJAJ AUTO LTD,LMV A/R,BAJAJ
BAJAJ TEMPO LIMITED,BAJAJTEMPO TRAX TOOFAN,BAJAJ
BAJAJ AUTO LTD,2,BAJAJ
BAJAJ TEMPO LIMITED,MINIDOR PICK UP,BAJAJ
BAJAJ AUTO LTD,PULSAR 180ES UG4,BAJAJ
BAJAJ AUTO LTD,"BAJAJ AUTO LTD, BAJAJ V 12",BAJAJ
BAJAJ AUTO LTD,BAJAJ RE,BAJAJ
BAJAJ AUTO LTD,PULSAR 150 DTSI,BAJAJ
BAJAJ AUTO LTD,DISCOVER 125 BSIII,BAJAJ
BAJAJ AUTO LTD,DISCOVER 125 ES,BAJAJ
BAJAJ AUTO LTD,BAJAJ MAXIMA CARGO CNG,BAJAJ
BAJAJ AUTO LTD,ZEN LXI - ESTIL,BAJAJ
BAJAJTEMPO,TEMPO TRAX PICK UP,BAJAJ
BAJAJ TEMPO LIMITED,TEMPO TRAX CRUISER LONG,BAJAJ
BAJAJ TEMPO LIMITED,OMINI BUS,BAJAJ
BAJAJ AUTO LTD,DISCOVER 150ES,BAJAJ
BAJAJ AUTO LTD,V15 BS IV,BAJAJ
BAJAJ TEMPO LIMITED,SFC 407/31 CLB EX BS2,BAJAJ
BAJAJ AUTO LTD,RE AUTO,BAJAJ
BAJAJ TEMPO LIMITED,TEMPO TRAX (II) PICK UP LONG,BAJAJ
BAJAJ AUTO LTD,BAJAJ 3W RE E AUTO BS II,BAJAJ
BAJAJ AUTO LTD,TEMPO TRAX TOFAN H T,BAJAJ
BAJAJ AUTO LTD,PULSER 150,BAJAJ
BAJAJ AUTO LTD,BAJAJ MAXIMA C CNG (DAC),BAJAJ
BAJAJ AUTO LTD,DISCOVER DTSI 135 KS,BAJAJ
BAJAJ AUTO LTD,CT 100 ES CBS BSIV,BAJAJ
BAJAJ AUTO LTD,PULSAR 150 DTS-I L2 BS4,BAJAJ
Bajaj Auto Ltd,PULSAR NS 200,BAJAJ
BAJAJ AUTO LTD,RE COMPACT CNG BSIII,BAJAJ
BAJAJ AUTO LTD,"BAJAJ AUTO LTD, BAJAJ MAXIMA C CNG",BAJAJ
BAJAJ AUTO LTD,"BAJAJ AUTO LTD, PULSAR 150 DTS-I",BAJAJ
BAJAJ TEMPO LIMITED,TEMPO TRAVELLER 307-D,BAJAJ
BAJAJ TEMPO LIMITED,TEMPO TRAX KARGO,BAJAJ
BAJAJ AUTO LTD,71DISCOVER 125 DISC BRAKE,BAJAJ
BAJAJ AUTO LTD,RE 205 LPG,BAJAJ
BAJAJ AUTO LTD,"BAJAJ AUTO LTD, CALIBAR",BAJAJ
BAJAJ AUTO LTD,BAJAJ SUPER FE METALIC 125,BAJAJ
BAJAJ AUTO LTD,PLATINA,BAJAJ
BAJAJ AUTO LTD,AUTO RIKSHAW RE,BAJAJ
BAJAJ AUTO LTD,PULSAR 150 DTS -I,BAJAJ
BAJAJ AUTO LTD,BAJAJ AUTO RICKSHAW  RE 4S,BAJAJ
BAJAJ AUTO LTD,BOXER BM 150,BAJAJ
BAJAJ AUTO LTD,PULSAR 220 DTSI,BAJAJ
BAJAJ AUTO LTD,"BAJAJ AUTO LTD, BAJAJ SCOOTER SUPER FE",BAJAJ
BAJAJ AUTO LTD,SAFFIRE,BAJAJ
BAJAJ AUTO LTD,CT 100 B BSIV,BAJAJ
BAJAJ AUTO LTD,PULSAR 150 DTS 1 UG4 ES,BAJAJ
BAJAJ AUTO LTD,BAJAJ PULSAR 150 DTSI UG3,BAJAJ
BAJAJ AUTO,"BAJAJ AUTO, BAJAJ CT 100",BAJAJ
BAJAJ AUTO LTD,"BAJAJ AUTO LTD, QUTE LPG",BAJAJ
BAJAJ AUTO LTD,B.CHETAK,BAJAJ
BAJAJ AUTO LTD,"BAJAJ AUTO LTD, Discover 150 Disc Brake ES",BAJAJ
BAJAJ AUTO LTD,BAJAJ SUPER ORD,BAJAJ
BAJAJ AUTO LTD,PULSAR 150  BS IV,BAJAJ
BAJAJ AUTO LTD,BOXER CT 100,BAJAJ
BAJAJ AUTO LTD,AVENGER 220 DTSI,BAJAJ
BAJAJ AUTO LTD,PLATINA ALLOYS,BAJAJ
BAJAJ AUTO LTD,Bajaj CT-100,BAJAJ
BAJAJ AUTO LTD,AVENGER 220 CRUISE,BAJAJ
BAJAJ AUTO LTD,DISCVR 125,BAJAJ
BAJAJ AUTO LTD,120,BAJAJ
BAJAJ AUTO LTD,BAJAJ 3 WHEELER A/R,BAJAJ
BAJAJ AUTO LTD,RC 200,BAJAJ
BAJAJ AUTO LTD,PULSAR 150 DTS-BSIII,BAJAJ
BAJAJ AUTO,"BAJAJ AUTO, DISCOVER DTS - SI",BAJAJ
BAJAJ AUTO LTD,TEMPO TOOFAN,BAJAJ
BAJAJ AUTO LTD,5-WHEELER AUTO TRACK TRAILER,BAJAJ
BAJAJ AUTO LTD,RC 200 BSIV,BAJAJ
BAJAJ AUTO LTD,PULSAR NS 200 BSVI,BAJAJ
BAJAJ AUTO LTD,BAJAJ R E 25,BAJAJ
BAJAJ TEMPO LIMITED,DELIVERY VAN,BAJAJ
BAJAJ AUTO LTD,DISCOVER 125 M DRUM BRAKE ES,BAJAJ
BAJAJ AUTO LTD,DISCOVER (M)  DTS SI   BLACK,BAJAJ
BAJAJ AUTO LTD,BAJAJ RE DIESEL,BAJAJ
BAJAJ AUTO LTD,CT100,BAJAJ
BAJAJ TEMPO LIMITED,TEMPOTRAX-GAMA,BAJAJ
BAJAJ AUTO,BAJAJ BOXER AT,BAJAJ
BAJAJ TEMPO LIMITED,BAJAJ CITILINE,BAJAJ
BAJAJ AUTO LTD,42,BAJAJ
BAJAJ AUTO LTD,D104 DISCO-M UG ES,BAJAJ
BAJAJ AUTO LTD,SPIRIT AUTOMATIC,BAJAJ
BAJAJ AUTO LTD,PLATINA 125 DTS SI,BAJAJ
BAJAJ AUTO,RE COMPACT+ CNG BS4 L5M,BAJAJ
BAJAJ TEMPO LIMITED,TRAX TOWN AND COUNTRY GAMA,BAJAJ
BAJAJ TEMPO LIMITED,TEMPO TRAX,BAJAJ
BAJAJ TEMPO LIMITED,TRAP CRUISER,BAJAJ
BAJAJ AUTO LTD,PULSAR 150- DTS-I ( UG-4.5);,BAJAJ
BAJAJ AUTO LTD,RE MAXIMA C BSIV,BAJAJ
BAJAJ AUTO LTD,DISCOVER 125 M,BAJAJ
BAJAJ AUTO LTD,BAJAJ PLATINA 100 ES BS III,BAJAJ
BAJAJ AUTO LTD,RC 200 (ABS),BAJAJ
BAJAJ AUTO LTD,RE COMPACT LPG BSIII,BAJAJ
BAJAJ AUTO LTD,ASSEMBLY,BAJAJ
BAJAJ AUTO LTD,BAJAJ PULSAR 150 UGS ES,BAJAJ
BAJAJ AUTO LTD,R.E. OPTIMA LPG THREE WHEELER,BAJAJ
BAJAJ TEMPO LIMITED,TEMPO BALWAN 450,BAJAJ
BAJAJ AUTO LTD,BAJAJ PULSAR-150 DTS,BAJAJ
BAJAJ TEMPO LIMITED,CRUISER CLASSIC,BAJAJ
BAJAJ AUTO LTD,CALIBER 115,BAJAJ
BAJAJ AUTO LTD,BAJAJ 3W R/E P.VAN,BAJAJ
BAJAJ TEMPO LIMITED,MINIDOOR AUTO RIKSHA,BAJAJ
BAJAJ TEMPO LIMITED,TRAX CRUISER BAJAJ TEMPO,BAJAJ
BAJAJ AUTO LTD,PULSAR  150 DTS I,BAJAJ
BAJAJ AUTO LTD,PULSAR 150 BS IV,BAJAJ
BAJAJ TEMPO LIMITED,3 W  MINIDOR,BAJAJ
BAJAJ AUTO LTD,DISCOVER ES ALLOYS,BAJAJ
BAJAJ AUTO LTD,PICK UP GC 1000,BAJAJ
BAJAJ AUTO LTD,BAJAJ CT100 DLX,BAJAJ
BAJAJ AUTO LTD,DISCOVER DTS SI DRUM BRAK,BAJAJ
BAJAJ AUTO LTD,AVENGER 220-STREET BSIV,BAJAJ
BAJAJ AUTO LTD,BAJAJ M80,BAJAJ
BAJAJ AUTO LTD,TATA  LPT  909/EX,BAJAJ
BAJAJ AUTO LTD,KTM 250 DUKE,BAJAJ
BAJAJ AUTO LTD,HUSQVARNA VITPILEN 250,BAJAJ
BAJAJ AUTO LTD,"BAJAJ AUTO LTD, BAJAJ CHETAK",BAJAJ
BAJAJ AUTO LTD,CT 100 DLX,BAJAJ
BAJAJ AUTO,"BAJAJ AUTO, PLATINA 100 ES L2 BS6",BAJAJ
BAJAJ AUTO LTD,BAJAJ MAXIMA Z LPG,BAJAJ
BAJAJ AUTO LTD,R E Diesel P V Goods,BAJAJ
BAJAJ AUTO LTD,BAJAJ RE 3W A/R,BAJAJ
BAJAJ AUTO LTD,KTM DUKE 200,BAJAJ
BAJAJ AUTO LTD,DISCOVER DLX ES,BAJAJ
BAJAJ TEMPO LIMITED,TRAX CRUISER CLASSIC,BAJAJ
BAJAJ AUTO LTD,DISCOVER 100 KS,BAJAJ
BAJAJ AUTO LTD,PULSAR 150 DTS-I ABS BSIV,BAJAJ
BAJAJ AUTO LTD,KTM 200 DUKE ABS BSVI,BAJAJ
BAJAJ TEMPO LTD,BAJAJ TEMPO,BAJAJ
BAJAJ AUTO LTD,BOXER CT K-TEC,BAJAJ
BAJAJ AUTO LTD,DICOVER 150 F,BAJAJ
BAJAJ AUTO LTD,GC MAX PICK UP,BAJAJ
BAJAJ AUTO LTD,4S CHAMPION,BAJAJ
BAJAJ AUTO LTD,BAJAJ AUTO TRACK TRAILER,BAJAJ
BAJAJ AUTO LTD,FORD IKON 1.6 EXI,BAJAJ
BAJAJ AUTO LTD,BAJAJ 3 WHEELER GV,BAJAJ
BAJAJ AUTO,AUTORICKSHAW RE 2S,BAJAJ
BAJAJ AUTO LTD,AAEN0485E01VR10,BAJAJ
BAJAJ AUTO LTD,VER 100 M,BAJAJ
BAJAJ AUTO,BAJAJ CT 100,BAJAJ
BAJAJ AUTO LTD,KTM 200 DUKE (ABS,BAJAJ
BAJAJ AUTO LTD,BOXER 150,BAJAJ
BAJAJ AUTO LTD,BAJAJ PULSAR NS 200 ABS BS IV,BAJAJ
BAJAJ AUTO LTD,RE 4STROKE 205 LPG,BAJAJ
BAJAJ AUTO LTD,BAJAJ PULSAR 150 DTSI ,BAJAJ
BAJAJ IMPLEMENTS PVT LTD,TEMPO TRAX,BAJAJ
BAJAJ AUTO LTD,DISCOVER- DTSI- 135,BAJAJ
BAJAJ AUTO LTD,DISCOVER  150  DISC,BAJAJ
BAJAJ AUTO LTD,Bajaj Pulsar 150,BAJAJ
BAJAJ AUTO LTD,ALTO LX 5 SEATER BS3,BAJAJ
BAJAJ TEMPO LIMITED,TRAVELLER 3700 MM WB BSIV,BAJAJ
BAJAJ AUTO LTD,PLATINABM 125ES LGSG,BAJAJ
BAJAJ AUTO LTD,PULSAR NS 200 BSIV,BAJAJ
BAJAJ AUTO LTD,DISCOVER M DRUM,BAJAJ
BAJAJ AUTO LTD,BAJAJ PUBAV,BAJAJ
BAJAJ TEMPO LIMITED,"BAJAJ TEMPO LIMITED, TEMPO CRUISER 10 DI4X2 BSII",BAJAJ
BAJAJ AUTO LTD,PULSAR RS 200 BSIII,BAJAJ
BAJAJ AUTO LTD,PULSAR 150 DTS I ( UG 4.5),BAJAJ
BAJAJ AUTO LTD,BAJAJ PULSAR 180 DTSI UG4,BAJAJ
BAJAJ AUTO LTD,BAJAJ.M-80/99.,BAJAJ
BAJAJ TEMPO LIMITED,"BAJAJ TEMPO LIMITED, BAJAJ MINIDOOR",BAJAJ
BAJAJ AUTO LTD,PULSAR F 250,BAJAJ
BAJAJ TEMPO LIMITED,LGV,BAJAJ
BAJAJ AUTO,PULSAR150 DTSI SNGLDISC L2 BS6,BAJAJ
BAJAJ AUTO LTD,DISCOVER 100 M- BSIII,BAJAJ
BAJAJ AUTO LTD,PULSAR 150 DTSI UG4,BAJAJ
BAJAJ AUTO LTD,KAWASAKI CALIBER,BAJAJ
BAJAJ AUTO LTD,"DISCOVER 100 M, BS-III",BAJAJ
BAJAJ AUTO LTD,BAJAJ RE 205 CNG,BAJAJ
BAJAJ AUTO LTD,DISCOVER DTSSI,BAJAJ
BAJAJ AUTO LTD,AUTO RICKSHAW,BAJAJ
BAJAJ AUTO LTD,DISCOVER 110 2WHEELER L2 BS4,BAJAJ
BAJAJ AUTO LTD,BAJAJ RE CNG 4S,BAJAJ
BAJAJ AUTO LTD,PULSAR 125,BAJAJ
BAJAJ AUTO LTD,BAJAJ DISCOVER 125M BSIII,BAJAJ
BAJAJ AUTO LTD,RC 125,BAJAJ
BAJAJ TEMPO LIMITED,FORCE TRAVELLER 3350 MM WB BSI,BAJAJ
BAJAJ AUTO LTD,63,BAJAJ
BAJAJ AUTO LTD,BAJAJ AUTORICKSHAW -REAR ENGIN,BAJAJ
BAJAJ AUTO LTD,A/R,BAJAJ
BAJAJ TEMPO LIMITED,BAJAJ TEMPO GAMA,BAJAJ
BAJAJ AUTO LTD,GC MAX,BAJAJ
BAJAJ AUTO LTD,CT 100 M/C,BAJAJ
BAJAJ AUTO LTD,RE MAXIMA C,BAJAJ
BAJAJ AUTO LTD,BAJAJ XCD 125 ES,BAJAJ
BAJAJ AUTO LTD,BRIO 1 2 S MT BSIV,BAJAJ
BAJAJ AUTO,BAJAJ AUTO RIKSHA RE,BAJAJ
BAJAJ AUTO LTD,BAJAJ DISCOVER E/S,BAJAJ
BAJAJ AUTO LTD,PULSAR -135 -LS,BAJAJ
BAJAJ AUTO LTD,"BAJAJ AUTO LTD, PULSAR 150 DTSI",BAJAJ
BAJAJ AUTO LTD,RE 205 D COMP,BAJAJ
BAJAJ AUTO LTD,"BAJAJ AUTO LTD, PLATINA -UG 125cc DRUM BRAKE -",BAJAJ
BAJAJ AUTO LTD,JB XCD 125 ES,BAJAJ
BAJAJ AUTO LTD,Not Available,BAJAJ
BAJAJ AUTO LTD,"BAJAJ AUTO LTD, BAJAJ CALIBER",BAJAJ
BAJAJ AUTO LTD,RE COMPACT 2S,BAJAJ
BAJAJ AUTO LTD,CT 100 M/CYCLE,BAJAJ
BAJAJ AUTO LTD,MAXIMA,BAJAJ
BAJAJ AUTO LTD,PULSAR 220 DTS-I BS-III,BAJAJ
BAJAJ AUTO LTD,PULSAR 180cc ES UG4,BAJAJ
BAJAJ TEMPO LIMITED,MATADOR R.307-B,BAJAJ
BAJAJ AUTO LTD,V-12 BS-IV,BAJAJ
BAJAJ AUTO LTD,DISCOVER ES,BAJAJ
BAJAJ TEMPO LIMITED,TEMPO TRAX TOOFAN,BAJAJ
BAJAJ AUTO LTD,RE MAXIMA,BAJAJ
BAJAJ AUTO LTD,RE A/R 2S,BAJAJ
BAJAJ AUTO LTD,BAJAJ PULSAR 200 DTS I,BAJAJ
BAJAJ TEMPO LIMITED,MATADOR  RA 307,BAJAJ
BAJAJ TEMPO LIMITED,TEMPO TRAX CABIN PICK UP,BAJAJ
BAJAJ AUTO LTD,CT 100 BSIII,BAJAJ
BAJAJ AUTO LTD,DISCOVER 125 DTSI,BAJAJ
BAJAJ TEMPO LIMITED,BAJAJ MINIDOOR,BAJAJ
BAJAJ AUTO LTD,BAJAJ PLATINA DLX,BAJAJ
BAJAJ AUTO LTD,BAJAJ PLATINA100 ES,BAJAJ
BAJAJ AUTO LTD,BAJAJ CUB 100CC,BAJAJ
BAJAJ AUTO LTD,RE COMPACT,BAJAJ
BAJAJ AUTO LTD,DISCOVER 100 CC DTS SI,BAJAJ
BAJAJ AUTO LTD,3 Wheeler,BAJAJ
BAJAJ AUTO,PLATINA 100ES BS6 L2,BAJAJ
BAJAJ AUTO LTD,BAJAJ CLASSIC S.L,BAJAJ
BAJAJ TEMPO LIMITED,GAMA CLASSIC,BAJAJ
BAJAJ AUTO LTD,PULSAR N 160,BAJAJ
BAJAJ AUTO LTD,PULSAR220,BAJAJ
BAJAJ AUTO LTD,PULSAR 220 DTS-I F BSIV L2,BAJAJ
Bajaj Auto Ltd,PULSAR 150 DTS-I,BAJAJ
BAJAJ AUTO LTD,DISCOVER 150 BS-III,BAJAJ
BAJAJ AUTO LTD,BAJAJ PULSAR 150 DTSI,BAJAJ
BAJAJ AUTO LTD,PULSAR 180 UG4 ES (A.W.),BAJAJ
BAJAJ AUTO LTD,BAJAJ RE CNG 4S FI BS6,BAJAJ
BAJAJ AUTO LTD,"PLATINA-ALLOY WHEELS-(SLV,GRY,",BAJAJ
BAJAJ AUTO LTD,CARGO P VAN,BAJAJ
BAJAJ AUTO LTD,Bajaj Sunny Zip,BAJAJ
BAJAJ AUTO LTD,PULSAR 125 DTS-I SS CBS BSIV,BAJAJ
BAJAJ AUTO LTD,PLATINA 100  CBS BSVI,BAJAJ
BAJAJ AUTO LTD,BAJAJ BOXER CT,BAJAJ
BAJAJ TEMPO LIMITED,22,BAJAJ
BAJAJ AUTO LTD,BAJAJ  CT 100,BAJAJ
BAJAJ AUTO LTD,M/CYCLE PLATINA,BAJAJ
BAJAJ AUTO LTD,PULSAR 180 UG4 BLACK-NO COLOR,BAJAJ
BAJAJ AUTO LTD,YAMAHA RX 100,BAJAJ
BAJAJ TEMPO LIMITED,TEMPO  TRAX,BAJAJ
BAJAJ AUTO LTD,PULSOR/180 M /CYCLE,BAJAJ
BAJAJ TEMPO LIMITED,BAJAJ TEMPO SCHOOL BUS,BAJAJ
BAJAJ AUTO LTD,MAXIMA C CNG GOODSCARIER BS6,BAJAJ
BAJAJ AUTO LTD,PULSAR 220 DTS -I BSIII,BAJAJ
BAJAJ AUTO LTD,BAJAJ PULSAR 200,BAJAJ
BAJAJ AUTO LTD,"BAJAJ AUTO LTD, BAJAJ MAXIMA Z LPG",BAJAJ
BAJAJ AUTO,PLATINA 100 ES L2 BS6,BAJAJ
BAJAJ AUTO LTD,PULSER 220 DTSI F ABS L2 BS4,BAJAJ
BAJAJ AUTO LTD,DISCOVER 125 DRUM,BAJAJ
BAJAJ TEMPO LIMITED,LMV / PICK UP,BAJAJ
BAJAJ TEMPO LIMITED,TEMPO TRAX GAMA CLASSIC,BAJAJ
BAJAJ AUTO LTD,DISCOVER 150 CC,BAJAJ
BAJAJ AUTO LTD,BAJAJ CT100  MOTOR CYCLE,BAJAJ
BAJAJ AUTO LTD,CHETAK 2413 PREMIUM BOV,BAJAJ
BAJAJ AUTO LTD,PLATINA (A W),BAJAJ
BAJAJ TEMPO LIMITED,TEMPO TRAX (T&C) DI,BAJAJ
BAJAJ AUTO LTD,PULSAR NS 200,BAJAJ
BAJAJ AUTO LTD,BAJAJ MAXIMA CNG (D+5),BAJAJ
BAJAJ TEMPO LIMITED,TEMPO TRAVELLER D1,BAJAJ
BAJAJ AUTO LTD,PLATINA - BS II,BAJAJ
BAJAJ AUTO LTD,DISCOVER M DTS SI DR/BR ES,BAJAJ
BAJAJ AUTO LTD,PLATINA BLK CHROM AL 5SPK/DR F,BAJAJ
BAJAJ AUTO LTD,PULSAR 150 BS-II,BAJAJ
BAJAJ AUTO LTD,BRRAVVO,BAJAJ
BAJAJ AUTO LTD,TOURER,BAJAJ
BAJAJ AUTO LTD,KTM  200 DUKE(ABS) BSIV,BAJAJ
BAJAJ TEMPO LIMITED,TEMPO TOOFAN  11 EG,BAJAJ
BAJAJ AUTO LTD,PULSAR 150 ES DBR BS II,BAJAJ
BAJAJ AUTO LTD,BAJAJ RE 205 LPG BS III,BAJAJ
BAJAJ AUTO LTD,DISCOVER 125 DISC,BAJAJ
BAJAJTEMPO,MINIDOR PICK UP,BAJAJ
BAJAJ AUTO LTD,BAJAJ DISCOVER 100CC ES,BAJAJ
BAJAJ AUTO LTD,BAJAJ M50,BAJAJ
BAJAJ AUTO LTD,PLATINA  ALLOY,BAJAJ
BAJAJ AUTO LTD,"DISCOVER 150, BS-III",BAJAJ
BAJAJ AUTO LTD,PULSAR RS 200,BAJAJ
BAJAJ TEMPO LIMITED,TEMPO TRAVELLER FLAT ROOF,BAJAJ
BAJAJ AUTO LTD,BAJAJ PULSAR 220,BAJAJ
BAJAJ AUTO LTD,"BAJAJ AUTO LTD, BAJAJ PLATINA",BAJAJ
BAJAJ AUTO LTD,DISCOVER 100 M,BAJAJ
BAJAJ AUTO LTD,AR CNG,BAJAJ
BAJAJ AUTO LTD,Bajaj Super,BAJAJ
BAJAJ TEMPO LTD,TRAXX TOOFAN,BAJAJ
BAJAJ AUTO LTD,RE2STR PETROL PASS.AR,BAJAJ
BAJAJ AUTO LIMITED,BAJAJ CHETAK,BAJAJ
BAJAJ AUTO LTD,BOXER CT (SS),BAJAJ
BAJAJ AUTO LTD,DISCOVER-M,BAJAJ
BAJAJ AUTO LTD,PULSAR 150 DTS-I BSIII,BAJAJ
BAJAJ AUTO LTD,KAWASAKI BAJAJ,BAJAJ
BAJAJ AUTO LTD,PULSAR150 DTSI BSIV,BAJAJ
BAJAJ AUTO LTD,BAJAJ MAXIMA DIESEL,BAJAJ
BAJAJ TEMPO LIMITED,FORCE TRAVELLER 4020 MM WB BSI,BAJAJ
BAJAJ AUTO LTD,DISCOVER KS DTSI,BAJAJ
BAJAJ AUTO LTD,DISCOVER 150,BAJAJ
BAJAJ TEMPO LIMITED,TEMPO TRAVELLER HIGH ROOF,BAJAJ
BAJAJ AUTO LTD,AVENGER 150 STREET,BAJAJ
BAJAJ AUTO LTD,VIKRANT V 15,BAJAJ
BAJAJ AUTO LTD,CHETAK  4 STROKE SCOOTER,BAJAJ
BAJAJ AUTO LTD,BAJAJ AUTO CT 100,BAJAJ
BAJAJ AUTO LTD,KAWASAKI CHAMPION,BAJAJ
BAJAJ AUTO LTD,PULSAR 150 DTS I ( UG 4.5,BAJAJ
BAJAJ AUTO LTD,DISCOVER M ES,BAJAJ
BAJAJ AUTO LTD,BAJAJ AVENGER 220 DTSI,BAJAJ
BAJAJ AUTO LTD,TOWN COUNTRAY,BAJAJ
BAJAJ AUTO LTD,KB 100,BAJAJ
BAJAJ TEMPO LIMITED,TEMPO OX-35/TRACTOR,BAJAJ
BAJAJ AUTO LTD,KAVASAKI,BAJAJ
BAJAJ TEMPO LIMITED,TEMPO TRAX CHALLENGER,BAJAJ
BAJAJ AUTO LTD,BAJAJ RE DIESEL BSVI,BAJAJ
BAJAJ AUTO LTD,PULSAR 125 DTSI L2 BS6,BAJAJ
BAJAJ AUTO LTD,RE 145 3 WHEELER,BAJAJ
BAJAJ AUTO LTD,AUTORICKSHAW CAB,BAJAJ
BAJAJ AUTO LTD,KAWASAKI 4S,BAJAJ
BAJAJ AUTO LTD,CT 100B BS IV,BAJAJ
BAJAJ AUTO LTD,BAJAJ PULSER 150,BAJAJ
BAJAJ AUTO LTD,PULSAR 150,BAJAJ
BAJAJ TEMPO LIMITED,CRUSHER,BAJAJ
BAJAJ AUTO LTD,BAJAJ  A/R,BAJAJ
BAJAJ AUTO LTD,V 12,BAJAJ
BAJAJ AUTO LTD,PLATINA 100 (CBS,BAJAJ
BAJAJ AUTO LTD,DISCOVER DTS - SI,BAJAJ
BAJAJ AUTO LTD,M80,BAJAJ
BAJAJ AUTO LTD,PULSAR 150 DTS-I,BAJAJ
BAJAJ AUTO LTD,DISCOVER 125 ST,BAJAJ
BAJAJ AUTO LTD,PLATINA 100 ES BSIV,BAJAJ
BAJAJ AUTO LTD,BAJAJ RE A/R,BAJAJ
BAJAJ AUTO LTD,CT100 B,BAJAJ
BAJAJ AUTO LTD,BAJAJ SUPER,BAJAJ
BAJAJ AUTO LTD,PLATINA UPGRADE,BAJAJ
BAJAJ AUTO LTD,"BAJAJ AUTO LTD, BAJAJ",BAJAJ
BAJAJ AUTO LTD,BOXER AR K TEC,BAJAJ
BAJAJ AUTO LTD,TEMPO-TRAX 2750 JUDO DX,BAJAJ
BAJAJ AUTO LTD,PULSAR 220 DTSFI,BAJAJ
BAJAJ AUTO LTD,PULSAR DTS,BAJAJ
BAJAJ AUTO LTD,BAJAJ PULSAR 180 UG4,BAJAJ
BAJAJ AUTO LTD,3 WHEELER PASS CARRIER,BAJAJ
BAJAJ TEMPO LIMITED,TEMP TOOFAN,BAJAJ
BAJAJ AUTO LTD,BAJAJ XCD 135 CC DRUM,BAJAJ
BAJAJ AUTO LTD,DISCOVER 112 CC,BAJAJ
BAJAJ AUTO LTD,BAJAJ SCOOTER,BAJAJ
BAJAJ TEMPO LIMITED,TEMPO TRAX  TOOFAN,BAJAJ
BAJAJ AUTO LTD,BAJAJ RE 445 D 4STROKE BS3,BAJAJ
BAJAJ AUTO LTD,BAJAJ 4STROKE A/R,BAJAJ
BAJAJ AUTO LTD,BAJAJ 3 WHEELER(AUTORICKSHAW),BAJAJ
BAJAJ AUTO LTD,A/R 2S,BAJAJ
BAJAJ AUTO LTD,XCD 125 DTS SI,BAJAJ
BAJAJ AUTO LTD,LEGENT 4 STROKE SCOOTER,BAJAJ
BAJAJ TEMPO LIMITED,TEMPO TRAVELLER WB,BAJAJ
BAJAJ AUTO LTD,BAJAJ  CHETAK,BAJAJ
BAJAJ TEMPO LIMITED,MATADOR R307,BAJAJ
BAJAJ AUTO LTD,KTM 200 DUKE BSIV,BAJAJ
BAJAJ TEMPO LIMITED,TEMPO TRAX  B  POST,BAJAJ
BAJAJ AUTO LTD,LMV OB,BAJAJ
BAJAJ AUTO LTD,DISCOVER  100 M 4G,BAJAJ
BAJAJ AUTO LTD,V 15,BAJAJ
BAJAJ TEMPO LIMITED,TEMPO TRAVELLER STAT,BAJAJ
BAJAJ AUTO LTD,V12,BAJAJ
BAJAJ AUTO LTD,DISCOVER 125-ST,BAJAJ
BAJAJ AUTO LTD,DISCOVER MOTOR CYCLE,BAJAJ
BAJAJ AUTO LTD,RE 2STR P/ CNG PASS.A/R,BAJAJ
BAJAJ AUTO LTD,PULSAR 150 UG5 ES,BAJAJ
BAJAJ AUTO LTD,PROWLER,BAJAJ
BAJAJ AUTO LTD,Motor Cycle,BAJAJ
BAJAJ TEMPO LIMITED,TRAX  GAMA,BAJAJ
BAJAJ AUTO LTD,BAJAJ DISCOVER 100 M,BAJAJ
BAJAJ AUTO LTD,RE COMPACT CNG,BAJAJ
BAJAJ AUTO LTD,PULSAR 150 DTSI UG3 ES,BAJAJ
BAJAJ AUTO LTD,A/r,BAJAJ
BAJAJ AUTO LTD,RE MAXIMA DIESEL,BAJAJ
BAJAJ AUTO LTD,TEMPO-TRAVELLER,BAJAJ
BAJAJ AUTO LTD,"BAJAJ AUTO LTD, KINETIC SPARK DX",BAJAJ
BAJAJ TEMPO LIMITED,,BAJAJ
BAJAJ AUTO LTD,CT-100 DLX,BAJAJ
BAJAJ TEMPO LIMITED,TEMPO TREX META TOP,BAJAJ
BAJAJ AUTO LTD,BAJAJMAXIMAC-DAC,BAJAJ
BAJAJ TEMPO LIMITED,EXEL 2,BAJAJ
BAJAJ AUTO LTD,BAJAJ PULSAR 135 LS,BAJAJ
BAJAJ AUTO LTD,PULSER,BAJAJ
BAJAJ AUTO LTD,KTM RC 200 BS III,BAJAJ
BAJAJ AUTO LTD,DISCOVER 125 BSIV,BAJAJ
BAJAJ AUTO LTD,PLATINA ,BAJAJ
BAJAJ AUTO LTD,BAJAJ P.V,BAJAJ
BAJAJ AUTO LTD,BAJAJ PRIYA 5TD,BAJAJ
BAJAJ AUTO LTD,BAJAJ PULSAR RS 200 BSIII,BAJAJ
BAJAJ AUTO LTD,CT 110,BAJAJ
BAJAJ AUTO LTD,BAJAJ RE 205 D LPG BSIII,BAJAJ
BAJAJTEMPO,TEMPO TRAX TOOFAN,BAJAJ
BAJAJ AUTO LTD,BAJAJ PULSAR 180,BAJAJ
BAJAJ AUTO LTD,TATA,BAJAJ
BAJAJ TEMPO LIMITED,OTHERS,BAJAJ
BAJAJ AUTO LTD,3 .W.PASSANGERS A/CAB,BAJAJ
BAJAJ AUTO LTD,DISCOVER DTS SI 100CC,BAJAJ
BAJAJ AUTO LTD,RE 3 WHEELER A/RIXA CNG/PETROL,BAJAJ
BAJAJ AUTO LTD,DIDCOVER  100 ES,BAJAJ
BAJAJ AUTO LTD,RE COMPACT + CNG,BAJAJ
BAJAJ AUTO,RE MAXIMA C BSIII,BAJAJ
BAJAJ AUTO,"BAJAJ AUTO, BAJAJ SUPER FE",BAJAJ
BAJAJ AUTO LTD,CHETAK STD,BAJAJ
BAJAJ AUTO LTD,PULSAR 220 DTS-IF BSVI,BAJAJ
BAJAJ AUTO LTD,PULSAR P 150 BSVI-PH2,BAJAJ
BAJAJ AUTO LTD,DISCOVER 100T,BAJAJ
BAJAJ AUTO LTD,RE OPTIMA LPG,BAJAJ
BAJAJ TEMPO LIMITED,,BAJAJ
BAJAJ AUTO LTD,BAJAJ PULSAR 150 DTS I BS III,BAJAJ
BAJAJ AUTO LTD,BAJAJ RE CNG 4S FI,BAJAJ
BAJAJ AUTO LTD,KTM 250 DUKE (ABS),BAJAJ
BAJAJ AUTO LTD,MEGA RXE PASSANGER,BAJAJ
BAJAJ AUTO LTD,TEMPO TRAVELLER,BAJAJ
BAJAJ AUTO LTD,AVENGER 160 STREET,BAJAJ
BAJAJ TEMPO LIMITED,3 WHELER MINIDOOR,BAJAJ
BAJAJ AUTO,DISCOVER DTS - SI,BAJAJ
BAJAJ AUTO LTD,DISCOVER  K/S,BAJAJ
BAJAJ AUTO LTD,BAJAJ PULSAR 180 UG3 ES,BAJAJ
BAJAJ AUTO LTD,CITY 100 DLX,BAJAJ
BAJAJ AUTO LTD,SFC 407 EX 3100 WB TRUCK LO,BAJAJ
BAJAJ AUTO LTD,BAJAJ KAWASAKI RTZ,BAJAJ
BAJAJ TEMPO LIMITED,TRAVELLER BS II,BAJAJ
BAJAJ TEMPO LIMITED,TEMPO 3WHEELER MINIDOOR PICKUP,BAJAJ
BAJAJ AUTO LTD,BAJAJ PULSAR 150K S,BAJAJ
BAJAJ AUTO LTD,TEMPO-TRAVELLER M/CAB,BAJAJ
BAJAJ AUTO LTD,JB M/C,BAJAJ
BAJAJ AUTO LTD,DISCOVER  125,BAJAJ
BAJAJ AUTO LTD,RE445DIESELBSIII,BAJAJ
BAJAJ AUTO LTD,DISCOVER 125CC DRUM,BAJAJ
BAJAJ AUTO LTD,"DISCOVER 125,  BS-III",BAJAJ
BAJAJ AUTO LTD,BAJAJ RE OPTIMA LPG BSIII,BAJAJ
BAJAJ AUTO LTD,PLATINA ALLOY WHEEL,BAJAJ
BAJAJ AUTO LTD,DISCOVER 100 BSIII,BAJAJ
BAJAJ TEMPO LIMITED,TEMPO TRAX T&C,BAJAJ
BAJAJ AUTO LTD,CT110 ES L2 BS6,BAJAJ
BAJAJ AUTO LTD,PIRYA,BAJAJ
BAJAJ AUTO LTD,SWIFT LXI (BS3,BAJAJ
BAJAJ AUTO,PULSAR220 DTS-IF L2 BS6,BAJAJ
BAJAJ AUTO LTD,DISCOVER KS,BAJAJ
BAJAJ AUTO LTD,CITY 100,BAJAJ
BAJAJ AUTO LTD,BAJAJ 4S CHAMPION,BAJAJ
BAJAJ AUTO LTD,BAJAJ  BOXER AT,BAJAJ
BAJAJ AUTO LTD,SWIFT LXI BS3,BAJAJ
Bajaj Auto Ltd,BAJAJ MAXIMA DIESEL,BAJAJ
BAJAJ AUTO LTD,B CHETAK,BAJAJ
BAJAJ AUTO LTD,PULSAR ,BAJAJ
BAJAJ AUTO LTD,XCD 135 ES,BAJAJ
BAJAJ AUTO LTD,BAJAJ KB 125 RTZ,BAJAJ
BAJAJ AUTO LTD,C T 100 ALLOY,BAJAJ
BAJAJ AUTO LTD,BAJAJ BKY,BAJAJ
BAJAJ AUTO LTD,PLATINA 100 (CBS),BAJAJ
BAJAJ AUTO LTD,BAJAJ FE 2S,BAJAJ
BAJAJ AUTO LTD,RE 205 D LPG,BAJAJ
BAJAJ AUTO LTD,PLATINA 125,BAJAJ
BAJAJ AUTO LTD,PLATINA 125 ES,BAJAJ
BAJAJ AUTO LTD,SUNNY SPICE,BAJAJ
BAJAJ TEMPO LIMITED,TRAX CRUISER,BAJAJ
BAJAJ AUTO LTD,DISCOVER M/CYCLE,BAJAJ
BAJAJ AUTO LTD,BOXER AR,BAJAJ
BAJAJ AUTO LTD,BAJAJ A/R CAB,BAJAJ
BAJAJ AUTO LTD,"BAJAJ AUTO LTD, PLATINA BLK CHROM AL 5SPK/DR F",BAJAJ
BAJAJ AUTO LTD,BAJAJ AUTORICKSHAW -Rear Engin,BAJAJ
BAJAJ TEMPO LIMITED,MINIDOR PICK UP VAN,BAJAJ
BAJAJ AUTO LTD,PLATINA 100 ALLOY KS,BAJAJ
BAJAJ AUTO LTD,PULSER 150 UG III,BAJAJ
BAJAJ TEMPO LIMITED,FORCE TRAVELLER 3700 MM WB BSI,BAJAJ
BAJAJ AUTO LTD,PLATINA M/C,BAJAJ
BAJAJ AUTO LTD,"PLATINA-ALLOY WHEELS-(BLUE,RED",BAJAJ
BAJAJ AUTO LTD,BAJAJ TEMPO(IIEG)KARGO 3050MM,BAJAJ
BAJAJ AUTO LTD,RE COMPACT PETROL,BAJAJ
BAJAJ AUTO LTD,AVENGER DTSI,BAJAJ
BAJAJ TEMPO LIMITED,TEMPO TRAX HARD TOP CRUISER,BAJAJ
BAJAJ AUTO LTD,BOXER AT KTEC,BAJAJ
BAJAJ AUTO LTD,OTHERS,BAJAJ
BAJAJ AUTO LTD,DISCOVER DTSI,BAJAJ
BAJAJ AUTO LTD,DOMINAR D 400,BAJAJ
BAJAJ AUTO LTD,D104 DISCO-M,BAJAJ
BAJAJ AUTO LTD,CT 100 B,BAJAJ
BAJAJ AUTO LTD,PULSAR AS 200,BAJAJ
BAJAJ TEMPO LIMITED,TRAX DARGO KING,BAJAJ
BAJAJ AUTO LTD,DISCOVER 125 C TX DISC,BAJAJ
BAJAJ AUTO LTD,SUPER,BAJAJ
BAJAJ AUTO LTD,"BAJAJ AUTO LTD, AUTO RE  DIESEL",BAJAJ
BAJAJ TEMPO LIMITED,BAJAJ TEMPO TRAX (T&C),BAJAJ
BAJAJ AUTO LTD,4S BOXER,BAJAJ
BAJAJ AUTO LTD,BAJAJ PULSAR 150 DTSI UG3 ES,BAJAJ
BAJAJ AUTO LTD,RE COMPACT DIESEL.,BAJAJ
BAJAJ AUTO LTD,BAJAJ PULSAR 150 KS,BAJAJ
BAJAJ AUTO,"BAJAJ AUTO, BAJAJ FE AUTORICKSHAW",BAJAJ
BAJAJ AUTO,"BAJAJ AUTO, BAJAJ KAWASAKI 4S",BAJAJ
BAJAJ AUTO LTD,DISCOVER K 70,BAJAJ
BAJAJ TEMPO LIMITED,TEMPO,BAJAJ
BAJAJ AUTO,RE MAXIMA C BS4,BAJAJ
BAJAJ AUTO LTD,PULSAR 150 SS DTSI FR,BAJAJ
BAJAJ AUTO LTD,SWIFT VXI (BS3,BAJAJ
BAJAJ AUTO LTD,INNOVA,BAJAJ
BAJAJ TEMPO LIMITED,TRAX,BAJAJ
BAJAJ AUTO LTD,BAJAJ RE 4S LPG,BAJAJ
BAJAJ AUTO LTD,BAJAJ RE PETROL,BAJAJ
BAJAJ AUTO LTD,DISCOVER 100 ES 4 G,BAJAJ
BAJAJ AUTO LTD,DISCOVER E/S  M/CYCLE,BAJAJ
BAJAJ TEMPO LIMITED,BAJAJ GAMA,BAJAJ
BAJAJ AUTO LTD,3WPV ,BAJAJ
BAJAJ AUTO LTD,RE 4 STROKE A RIKSHAW,BAJAJ
BAJAJ AUTO LTD,BAJAJ RE 4S MAXIMA CARGO BSIV,BAJAJ
BAJAJ AUTO LTD,PLATINA 110,BAJAJ
BAJAJ AUTO LTD,PLATINA WITH ALLOY WHEELS,BAJAJ
BAJAJ AUTO LTD,CHETAK SCOOTER,BAJAJ
BAJAJ TEMPO LIMITED,TEMO TRAX TOOFAN,BAJAJ
BAJAJ AUTO LTD,BAJAJ DRIVE AWAY CHASIS 12,BAJAJ
BAJAJ AUTO,BAJAJ PICK UP VAN,BAJAJ
BAJAJ AUTO LTD,PULSAR 150 UG4 EX,BAJAJ
BAJAJ AUTO LTD,PULSAR 135 LS,BAJAJ
BAJAJ TEMPO LIMITED,MAHINDRA,BAJAJ
BAJAJ TEMPO LIMITED,Tempo Excel,BAJAJ
BAJAJ AUTO LTD,PLATINA AW,BAJAJ
BAJAJ AUTO LTD,BAJAJ 3 WHEELER(AUTORICKSHAW,BAJAJ
BAJAJ AUTO LTD,DISCOVER 125 ES DISC,BAJAJ
BAJAJ AUTO LTD,PULSAR 150 ,BAJAJ
BAJAJ AUTO LTD,RE LPG COMPACT,BAJAJ
BAJAJ AUTO LTD,PULSAR 150 BLACK,BAJAJ
BAJAJ AUTO LTD,DISCOVER 125M,BAJAJ
BAJAJ AUTO LTD,RE 205 (M) LPG,BAJAJ
BAJAJ AUTO LTD,3 WHLR PASSENGER,BAJAJ
BAJAJ AUTO LTD,"BAJAJ AUTO LTD, CHETAK",BAJAJ
BAJAJ TEMPO LIMITED,FORCE TRAVELLER FM2.6CR 3350 M,BAJAJ
BAJAJ AUTO LTD,RE COMPACT PETROL ES,BAJAJ
BAJAJ AUTO LTD,DISCOVER 135 ES,BAJAJ
BAJAJ TEMPO LIMITED,TATA SFC 407/31,BAJAJ
BAJAJ TEMPO LIMITED,TEMPO TRAX TOOFAN DI,BAJAJ
BAJAJ AUTO LTD,BAJAJ PLATINA ALW,BAJAJ
BAJAJ AUTO LTD,DISCOVER DTS I,BAJAJ
BAJAJ TEMPO LIMITED,TEMPO TRAX CRUISER ,BAJAJ
BAJAJ AUTO LTD,MARUTI 800 MPI STD,BAJAJ
BAJAJ AUTO LTD,DISCOVER 125 (CBS),BAJAJ
BAJAJ AUTO LTD,"BAJAJ AUTO LTD, CT 100",BAJAJ
BAJAJ AUTO LTD,RE CARGO,BAJAJ
BAJAJ AUTO LTD,PLATINA 100CC,BAJAJ
BAJAJ AUTO LTD,BAJAJ DISCOVER ES,BAJAJ
BAJAJ TEMPO LIMITED,FORCE GURKHA FM2.6 4X4 EOV HAR,BAJAJ
BAJAJ TEMPO LIMITED,FORCE TRAVELLER MINI BUS,BAJAJ
BAJAJ TEMPO LIMITED,TEMPO TRAX CRUSER,BAJAJ
BAJAJ AUTO LTD,BAJAJ RE AUTO,BAJAJ
BAJAJ AUTO LTD,BAJAJ SUNNY,BAJAJ
BAJAJ AUTO LTD,PULSAR 220 DTS IF,BAJAJ
BAJAJ AUTO LTD,XCD 125 ES,BAJAJ
BAJAJ AUTO LTD,LEGENDNXT2,BAJAJ
BAJAJ AUTO LTD,BAJAJ WAVE,BAJAJ
BAJAJ AUTO,"BAJAJ AUTO, BAJAJ BOXER AT",BAJAJ
BAJAJ TEMPO LIMITED,TEMPO TRAX  CRUISERRR,BAJAJ
BAJAJ AUTO LTD,BAJAJ DELIVERY VAN,BAJAJ
BAJAJ TEMPO LIMITED,TRAX CRUSER (II EG),BAJAJ
BAJAJ AUTO LTD,RE 4S LPG AUTO,BAJAJ
BAJAJ TEMPO LIMITED,TEMPO TRAX PICK UP,BAJAJ
BAJAJ TEMPO LIMITED,PITHAMPUR M.P.454 775,BAJAJ
BAJAJ AUTO LTD,RE COMPACT 4S,BAJAJ
BAJAJ AUTO LTD,BAJAJ 3 WHEELER,BAJAJ
BAJAJ TEMPO LIMITED,TRAX TOWN AND COUNTRY,BAJAJ
BAJAJ AUTO LTD,BAJAJ CLASSIC SL,BAJAJ
BAJAJ AUTO LTD,"BAJAJ AUTO LTD, KTM DUKE 250",BAJAJ
BAJAJ AUTO LTD,SPICE,BAJAJ
BAJAJ TEMPO LIMITED,MOTOR CAB,BAJAJ
BAJAJ AUTO LTD,DISCVR125 DRES DCWH,BAJAJ
BAJAJ AUTO LTD,PULSAR 150 DTS I UG 4.5,BAJAJ
BAJAJ AUTO LTD,BAJAJ 3 WHEELER 4 STROKE,BAJAJ
BAJAJ AUTO LTD,AVENGER,BAJAJ
BAJAJ AUTO LTD,PULSAR  135  LS,BAJAJ
BAJAJ AUTO LTD,CT  100,BAJAJ
BAJAJ AUTO LTD,BAJAJ CT 100 ALLOY,BAJAJ
BAJAJ TEMPO LIMITED,TOOFAN HARDTOP DI 4X2 BSIII,BAJAJ
BAJAJ TEMPO LIMITED,TEMPO TRAVELLOR,BAJAJ
BAJAJ AUTO LTD,PULSUR 135,BAJAJ
BAJAJ AUTO LTD,HONDA CITY ZX 1.5 GXI,BAJAJ
BAJAJ TEMPO LIMITED,LUXURY TAXI,BAJAJ
BAJAJ AUTO LTD,BAJAJ RE COMPACT PETROL,BAJAJ
BAJAJ AUTO LTD,BAJAJ  RE  DIESEL BSVI,BAJAJ
BAJAJ TEMPO LIMITED,TEMPO TRAVELLER AMBULANCE (S),BAJAJ
BAJAJTEMPO,TRAXX TOOFAN,BAJAJ
BAJAJ AUTO LTD,BAJAJ PULSAR 135LS,BAJAJ
BAJAJ AUTO LTD,RE COMPACT LPG 4S,BAJAJ
BAJAJTEMPO,MINIDOR,BAJAJ
BAJAJ AUTO LTD,BAJAJ BRAVO,BAJAJ
BAJAJ AUTO LTD,BAJAJ DISCOVER,BAJAJ
BAJAJ AUTO LTD,"PULSAR 150 cc, Electric Start,",BAJAJ
BAJAJ AUTO LTD,BAJAJ CUB,BAJAJ
BAJAJ AUTO LTD,DISCOVER 100CC,BAJAJ
BAJAJ AUTO LTD,A/C,BAJAJ
BAJAJ AUTO LTD,MARUTI SX4 VXI,BAJAJ
BAJAJ AUTO LTD,PULSAR,BAJAJ
BAJAJ AUTO LTD,BAJAJ DISCOVER M,BAJAJ
BAJAJ AUTO LTD,DISCOVAR 125 ES,BAJAJ
BAJAJ AUTO LTD,BAJAJ PULSAR 220 DT SF I ,BAJAJ
BAJAJ TEMPO LIMITED,TEMPO TRAX D-301 E2 ENGINE,BAJAJ
BAJAJ AUTO LTD,PULSAR 150DTS I ( UG 4.5);,BAJAJ
BAJAJ TEMPO LIMITED,CRUZER CLASSIC,BAJAJ
BAJAJ AUTO LTD,PULSAR 150 UG 4.5 ES(A.W.),BAJAJ
BAJAJ TEMPO LIMITED,TEMPO TRAVELLER MINIBUS,BAJAJ
BAJAJ AUTO LTD,DISCOVER 125 DISK BRAKE,BAJAJ
BAJAJ AUTO LTD,PULSAR NS 200 BS4,BAJAJ
BAJAJ AUTO LTD,PLATENA,BAJAJ
BAJAJ AUTO LTD,DISCOVER 125 T DISC,BAJAJ
BAJAJ AUTO LTD,DISCOVER 100 DTSI,BAJAJ
BAJAJ AUTO LTD,RAIDER MOTOR CYCLE,BAJAJ
BAJAJ TEMPO LIMITED,MINIDOR AR,BAJAJ
BAJAJ AUTO LTD,MOTORCYCLE,BAJAJ
BAJAJ AUTO LTD,PULSAR150,BAJAJ
BAJAJ AUTO LTD,BAJAJ V12,BAJAJ
BAJAJ AUTO LTD,MOTOR CYCLE WITH GEAR,BAJAJ
BAJAJ AUTO LTD,PULSAR 125  DTS-I BSVI,BAJAJ
BAJAJ AUTO LTD,PLATINA 100 BLACK-NO COLOR,BAJAJ
BAJAJ AUTO LTD,DISCOVER-100 ES,BAJAJ
BAJAJ AUTO LTD,BAJAJ SCOOTER SUPER FE,BAJAJ
BAJAJ AUTO LTD,XCD125ES,BAJAJ
BAJAJ AUTO LTD,AVENGER 160 STREET  ABS BSVI,BAJAJ
BAJAJ AUTO LTD,BAJAJ DI,BAJAJ
BAJAJ AUTO LTD,DISCOVER 110 CBS BSIV,BAJAJ
BAJAJ TEMPO LIMITED,FORCE TRAX CRUISER,BAJAJ
BAJAJ AUTO LTD,BAJAJ3 WRE PASS AR ANTIDIVE,BAJAJ
BAJAJ AUTO LTD,"PULSAR 220 DTSI-SF, BS-III",BAJAJ
BAJAJ AUTO LTD,KTM 390 DUKE,BAJAJ
BAJAJ AUTO LTD,Suzuki Max 100R,BAJAJ
BAJAJ AUTO LTD,BAJAJ PULSAR 180 D.T.S.I.,BAJAJ
BAJAJ AUTO LTD,BAJAJ BOXER AR K.TEC,BAJAJ
BAJAJ AUTO LTD,CHETAK 2413 PREMIUM,BAJAJ
BAJAJ AUTO LTD,BAJAJ CLASSIC,BAJAJ
BAJAJ AUTO LTD,"BAJAJ AUTO LTD, BAJAJ A/R CAB",BAJAJ
BAJAJ AUTO LTD,PULSAR 200,BAJAJ
BAJAJ AUTO LTD,TEMPO TRAX GAMA,BAJAJ
BAJAJ AUTO LTD,BAJAJ AUTO-FRONT ENGINE,BAJAJ
BAJAJ AUTO LTD,MAGA MAX D/A/R,BAJAJ
BAJAJ AUTO LTD,BAJAJ  L.G.V.,BAJAJ
BAJAJ AUTO LTD,ZEN VXI - ESTIL,BAJAJ
BAJAJ AUTO LTD,MAXI-CAB-TEMPO TRAVELLER,BAJAJ
BAJAJ AUTO LTD,BAJAJ PULSAR 150DTSI E. START,BAJAJ
BAJAJ AUTO LTD,BAJAJ 3 WHEELER AUTORICKSHAW,BAJAJ
BAJAJ AUTO LTD,BAJAJ ARCAB,BAJAJ
BAJAJ AUTO LTD,DISCOVER M ES SPOKE WHEEL,BAJAJ
BAJAJ AUTO LTD,DISCOVER 100,BAJAJ
BAJAJ TEMPO LIMITED,"BAJAJ TEMPO LIMITED, TEMPO TRAX GAMA DI",BAJAJ
BAJAJ AUTO LTD,PULSAR AS 150,BAJAJ
BAJAJ AUTO LTD,AVENGER 220 STREET (ABS),BAJAJ
BAJAJ AUTO LTD,TATA  ACE,BAJAJ
BAJAJ AUTO LTD,BAJAJ MAXIMA C CNG,BAJAJ
BAJAJ AUTO LTD,PULSAR 220 DTS-I F BSIV,BAJAJ
BAJAJ AUTO LTD,"BAJAJ AUTO LTD, DISCOVER",BAJAJ
BAJAJ AUTO LTD,KB 4S CHAMP,BAJAJ
BAJAJ AUTO LTD,XCD 135 DTS SI,BAJAJ
BAJAJ TEMPO LIMITED,TRAX TOOFAN,BAJAJ
BAJAJ AUTO LTD,DISCOVER 112CC,BAJAJ
BAJAJ AUTO LTD,PULSAR 150ESDT,BAJAJ
BAJAJ AUTO LTD,PULSAR DTS FI 220 BS II,BAJAJ
BAJAJ AUTO LTD,DOMINAR D 400 BSIV,BAJAJ
BAJAJ AUTO LTD,SCOOTOR,BAJAJ
BAJAJ AUTO LTD,PULSAR RS 200 BSIV L2,BAJAJ
BAJAJ AUTO LTD,QUTE LPG,BAJAJ
BAJAJ AUTO LTD,BAJAJ CHAMPION,BAJAJ
BAJAJ AUTO LTD,BAJAJ BOXER AT,BAJAJ
BAJAJ AUTO LTD,PATINA ALLOY,BAJAJ
BAJAJ AUTO LTD,PULSAR 180 DTS-I(ABS) BSIV,BAJAJ
BAJAJ AUTO LTD,FORCE TRAX CRUSER,BAJAJ
BAJAJ AUTO LTD,XCD 125,BAJAJ
BAJAJ AUTO LTD,PLATINA 100ES BS IV,BAJAJ
BAJAJ AUTO LTD,NEW BRAND ASSY RE 205D,BAJAJ
BAJAJ AUTO LTD,PULSAR  150 UG 4.5,BAJAJ
BAJAJ TEMPO LIMITED,TOOFAN HARD TOP DI 4X2 BSII,BAJAJ
BAJAJ AUTO LTD,DISCOVER 100 CC ES,BAJAJ
BAJAJ TEMPO LIMITED,BAJAJ MINIDOR AUTORIKSHAW,BAJAJ
BAJAJ AUTO LTD,"BAJAJ AUTO LTD, SCOOTER",BAJAJ
BAJAJ AUTO,175 CC,BAJAJ
BAJAJ TEMPO LIMITED,TEMPO TRAX GAMA 9+1 E3,BAJAJ
BAJAJ AUTO LTD,BAJAJ PULSAR 135 DTS [,BAJAJ
BAJAJ TEMPO LIMITED,TOWN COUNTRAY,BAJAJ
BAJAJ AUTO LTD,DISCOVER DTS - SI ES,BAJAJ
BAJAJ TEMPO LIMITED,-TREX,BAJAJ
BAJAJ AUTO LTD,RE COMPACT LPG 4S 3WHL P V,BAJAJ
BAJAJ AUTO LTD,A.R.R.E. 2 S THREEWHEELER,BAJAJ
BAJAJ TEMPO LIMITED,TEMPO TOOFAN (IIEG),BAJAJ
BAJAJ AUTO LTD,PLATINA 100 ES,BAJAJ
BAJAJ AUTO LTD,SUNNY,BAJAJ
BAJAJ AUTO LTD,CALIBER,BAJAJ
BAJAJ TEMPO LIMITED,FORCE TRAVELLER DELIVERY VAN F,BAJAJ
BAJAJ AUTO LTD,"BAJAJ AUTO LTD, BAJAJ SUPER SCOOTER",BAJAJ
BAJAJ AUTO LTD,LMV CRUISER,BAJAJ
BAJAJ AUTO LTD,PLATINA AL,BAJAJ
BAJAJ AUTO LTD,RECOMPACTCNGBSIII,BAJAJ
BAJAJ AUTO LTD,BAJAJ PLATINA M/C,BAJAJ
BAJAJ AUTO LTD,BAJAJ DISCOVER 100,BAJAJ
BAJAJ TEMPO LIMITED,BAJAJ TEMPO TRAX CRUISER,BAJAJ
BAJAJ AUTO LTD,PULSAR 150 UG,BAJAJ
BAJAJ TEMPO LIMITED,"BAJAJ TEMPO LIMITED, TEMPO TRAX",BAJAJ
BAJAJ AUTO LTD,RC 125 ABS BSVI,BAJAJ
BAJAJ AUTO LTD,DISCOVER 135,BAJAJ
BAJAJ AUTO LTD,KTM 200 DUKE BS III,BAJAJ
BAJAJ AUTO LTD,BOXER AR K- TEX,BAJAJ
BAJAJ TEMPO LIMITED,TEMPO 3-W HANSEAT,BAJAJ
BAJAJ AUTO LTD,CHETAK 2403 PREMIUM,BAJAJ
BAJAJ AUTO LTD,PULSAR 150- DTS-I ( UG-4.5),BAJAJ
BAJAJ AUTO LTD,RE COMPACT LPG BSIV,BAJAJ
BAJAJ AUTO LTD,,BAJAJ
BAJAJ AUTO LTD,DISCOVER DTS-SI DRUM BRAKE ES,BAJAJ
BAJAJ AUTO LTD,DISCOVER 150 F BSIII,BAJAJ
BAJAJ AUTO LTD,DISCOVER M 100,BAJAJ
BAJAJ AUTO LTD,RE 4S LPG AUTO BSIII,BAJAJ
BAJAJ AUTO LTD,PLATINA 100 ES BS-IV,BAJAJ
BAJAJ TEMPO LIMITED,TEMPO TRAVELLER (11) DI (H),BAJAJ
BAJAJ AUTO LTD,PULSAR 150 DTS-I BSIV,BAJAJ
BAJAJ AUTO LTD,PULSAR 150 DTS-I BSVI-PH2,BAJAJ
BAJAJ AUTO LTD,BAJAJ PULSAR-150,BAJAJ
BAJAJ TEMPO LIMITED,BAJAJ TEMPO CHALLENGER,BAJAJ
Bajaj Auto Ltd,KTM 200 DUKE,BAJAJ
BAJAJ AUTO LTD,PULSAR 150 ES UG 3AW,BAJAJ
BAJAJ AUTO LTD,V 15 BSIII,BAJAJ
BAJAJ AUTO LTD,PULSAR 180 DTSI,BAJAJ
BAJAJ AUTO LTD,"BAJAJ AUTO LTD, PLATINA",BAJAJ
BAJAJ AUTO LTD,A/R CAB,BAJAJ
BAJAJ AUTO LTD,BAJAJ FE AUTORIKSHAW,BAJAJ
BAJAJ AUTO LTD,BAJAJ CHETA,BAJAJ
BAJAJ AUTO LTD,KB  100 RT2,BAJAJ
BAJAJ AUTO LTD,DISCOVER M UG E/S,BAJAJ
BAJAJ AUTO LTD,B CT 100,BAJAJ
BAJAJ AUTO LTD,PLATINA 110H DRUM L2 BS6,BAJAJ
BAJAJ AUTO LTD,XCD 135 DTS-SI,BAJAJ
BAJAJ AUTO LTD,"DISCOVER 100T,BSIII",BAJAJ
BAJAJ AUTO LTD,BAJAJ PICK UP VAN,BAJAJ
BAJAJ TEMPO LIMITED,LPSV TEMPO,BAJAJ
BAJAJ AUTO LTD,PULSAR 125  DTS-I SS BSVI,BAJAJ
BAJAJ AUTO LTD,BAJAJ DISCOVER 125 BSIV,BAJAJ
BAJAJ AUTO LTD,"BAJAJ AUTO LTD, D VAN",BAJAJ
BAJAJ AUTO LTD,BAJAJ A/R,BAJAJ
BAJAJ AUTO LTD,DISCOVER135-BS II,BAJAJ
BAJAJ AUTO LTD,CALIBER K TEK,BAJAJ
BAJAJ AUTO LTD,DISCOVER 100 BS III,BAJAJ
BAJAJ AUTO LTD,PULSAR AS 150 BSIII,BAJAJ
BAJAJ TEMPO LIMITED,FORCE TRAX CRUISER 3050 MM WB,BAJAJ
BAJAJ AUTO LTD,PULSAR 180 DTS-I BSIV,BAJAJ
BAJAJ AUTO LTD,"BAJAJ AUTO LTD, CT 100 ALLOY WHEELS",BAJAJ
BAJAJ AUTO LTD,BAJAJ CALIBER,BAJAJ
BAJAJ AUTO LTD,BAJAJ CT 100 SPOKE,BAJAJ
BAJAJ AUTO LTD,KTM 125 DUKE ABS BSVI,BAJAJ
BAJAJ TEMPO LIMITED,TEMPO TRAX GAMA (9+D),BAJAJ
BAJAJ TEMPO LIMITED,TEMPO TRAVELER,BAJAJ
BAJAJ AUTO LTD,PULSAR  180,BAJAJ
BAJAJ AUTO LTD,CT 110X 2WHEEL BS6 L2,BAJAJ
BAJAJ AUTO LTD,Bajaj R E,BAJAJ
BAJAJ AUTO LTD,KTM 390 DUKE BS III,BAJAJ
BAJAJ AUTO LTD,PULSAR 180cc ES,BAJAJ
BAJAJ AUTO LTD,RE MAXMIA,BAJAJ
BAJAJ AUTO LTD,BOXER  AR,BAJAJ
BAJAJ AUTO LTD,PULSAR NS 160 BS4 L2,BAJAJ
BAJAJ AUTO LTD,3 WH.AUTORICKSHAW LPG/PETROL,BAJAJ
BAJAJ AUTO LTD,QUTE QCAR QDRCYCLE/PSGL7 M BS4,BAJAJ
BAJAJ AUTO LTD,BAJAJ AR/RE,BAJAJ
BAJAJ AUTO LTD,PLATINA 100 ES (CBS,BAJAJ
BAJAJ AUTO LTD,DISCOVER D105,BAJAJ
BAJAJ AUTO LTD,MAXIMA CARGO E-TEC 12.0 XL,BAJAJ
BAJAJ TEMPO LIMITED,TEMPO TRAVELLER MAXICAB HR12+D,BAJAJ
BAJAJ TEMPO LIMITED,HANSEAT 3 WHEELER DIESEL VEH.,BAJAJ
BAJAJ AUTO LTD,PLATINA 100 L2 BS4,BAJAJ
BAJAJ AUTO LTD,SWIFT DZIRE VXI,BAJAJ
BAJAJ AUTO LTD,BAJAJ RE 205 4S LPG BS3,BAJAJ
BAJAJ AUTO,PLATINA 100 ES BSIII,BAJAJ
BAJAJ TEMPO LIMITED,MAXICAB TEMPO,BAJAJ
BAJAJ AUTO LTD,BAJAJ DISCOVER MOTOR CYCLE,BAJAJ
BAJAJ AUTO LTD,WAVE,BAJAJ
BAJAJ AUTO LTD,BAJAJ PLATINA ALLOY EURO,BAJAJ
BAJAJ AUTO LTD,BAJAJ KAWASAKI CALIBER,BAJAJ
BAJAJ TEMPO LIMITED,TEMPO TRAVELLER - FLAT ROOF,BAJAJ
BAJAJ AUTO LTD,BAJAJ RE COMPACT 4S,BAJAJ
BAJAJ AUTO LTD,PULSAR-150  DTS-I BSIV,BAJAJ
BAJAJ AUTO LTD,TEMPO  TRAX,BAJAJ
BAJAJ AUTO LTD,BAJAJ SUPER EXCEL BAJAJ AUTO,BAJAJ
BAJAJ AUTO LTD,DISCOVER 100-M,BAJAJ
BAJAJ TEMPO LIMITED,TEMPO TRAX 5 DOOR HARD TOP,BAJAJ
BAJAJ TEMPO LIMITED,TEMPO EXCEL 3,BAJAJ
BAJAJ AUTO LTD,BAJAJ KB 100 DELTA,BAJAJ
BAJAJ AUTO LTD,KTM 200 DUKE (ABS),BAJAJ
BAJAJ TEMPO LIMITED,MATADOR F 307,BAJAJ
BAJAJ AUTO LTD,BAJAJ RE 445 DIESEL 4S BS3,BAJAJ
Bajaj Auto Ltd,RE COMPACT DIESEL,BAJAJ
BAJAJ AUTO,PULSAR 150,BAJAJ
BAJAJ AUTO LTD,PULSAR NS 160 (ABS),BAJAJ
BAJAJ AUTO LTD,D/VAN,BAJAJ
BAJAJ AUTO LTD,QUTE CNG,BAJAJ
BAJAJ AUTO LTD,PULSAR 150 DTS _1,BAJAJ
BAJAJ AUTO LTD,BAJAJ PULSAR 150,BAJAJ
BAJAJ AUTO LTD,RE 145,BAJAJ
BAJAJ AUTO LTD,"BAJAJ AUTO LTD, PLATINA 110",BAJAJ
BAJAJ AUTO LTD,3WR AUTO RE 205 LPG/P,BAJAJ
BAJAJ AUTO LTD,PULSAR 220 DTS-I F BSIII,BAJAJ
BAJAJ AUTO LTD,TEMPO TRAX GAMA CLASSIC,BAJAJ
BAJAJ AUTO LTD,BAJAJ AUTO LTD,BAJAJ
BAJAJ AUTO LTD,MAXI CAB TEMPO,BAJAJ
BAJAJ AUTO LTD,BAJAJ M 80,BAJAJ
BAJAJ AUTO LTD,BAJAJ RE 205,BAJAJ
BAJAJ AUTO LTD,,BAJAJ
BAJAJ AUTO LTD,BAJAJ 2 STROKE,BAJAJ
BAJAJ AUTO LTD,BAJAJ TEMPO TRAX,BAJAJ
BAJAJ AUTO LTD,BAJAJ DISCOVER 4G,BAJAJ
BAJAJ AUTO LTD,KTM 250 DUKE (ABS) BSIV,BAJAJ
BAJAJ AUTO LTD,NOT AVAILABLE,BAJAJ
BAJAJ TEMPO LIMITED,L G V,BAJAJ
BAJAJ AUTO LTD,BS III PULSAR 150,BAJAJ
BAJAJ AUTO LTD,BAJAJ CHETAK,BAJAJ
BAJAJ AUTO LTD,KTM 200 DUKE BSIII,BAJAJ
BAJAJ AUTO LTD,PLATINA 100 CC,BAJAJ
BAJAJ AUTO LTD,HUSQVARNA SVARTPILEN250 ABS BS,BAJAJ
BAJAJ AUTO LTD,PRIYA SCOOTER,BAJAJ
BAJAJ AUTO LTD,BAJAJ PULSAR 220 DTS-FI,BAJAJ
BAJAJ TEMPO LIMITED,NOT AVAILABLE,BAJAJ
BAJAJ AUTO LTD,HUSQVARNA VITPILEN 250ABS BSVI,BAJAJ
BAJAJ TEMPO LIMITED,BAJAJ TEMPO TRAX,BAJAJ
BAJAJ AUTO LTD,PLATINA 100 BSIII,BAJAJ
BAJAJ TEMPO LIMITED,TEMPO TRAX GAMA DI,BAJAJ
BAJAJ AUTO LTD,MAX HIDECK CNG,BAJAJ
BAJAJ AUTO LTD,TEMPO TRAX CRUISER,BAJAJ
BAJAJ AUTO LTD,TEMPO-TRAX TOWN & COUNTRY,BAJAJ
BAJAJ TEMPO LIMITED,TEMPO TRAX CRUISER DI BSII,BAJAJ
BAJAJ AUTO LTD,TATA  ACE  BS-3,BAJAJ
BAJAJ AUTO LTD,DISCOVER 125 DRUM BS III,BAJAJ
BAJAJ AUTO LTD,BAJAJ PICKUP VAN,BAJAJ
BAJAJ AUTO LTD,RE COMPACT PETROL 4S,BAJAJ
BAJAJ AUTO LTD,BAJAJ CHETAK CLASSIC SCOOTER,BAJAJ
BAJAJ TEMPO LIMITED,     ,BAJAJ
BAJAJ AUTO LTD,BAJAJ DISCOVER 100 4G,BAJAJ
BAJAJ AUTO LTD,BAJAJ BOXER AR,BAJAJ
BAJAJ AUTO LTD,BAJAJ RAVE SCOOTER,BAJAJ
BAJAJ AUTO LTD,DISCOVER 125 T,BAJAJ
BAJAJ AUTO LTD,RE COMPACT DIESEL,BAJAJ
BAJAJ AUTO LTD,BAJAJ 3 WH AR/RE,BAJAJ
BAJAJ AUTO LTD,PULSAR UG,BAJAJ
BAJAJ AUTO LTD,CT 100 ES (CBS),BAJAJ
BAJAJ AUTO LTD,SPEED 400,BAJAJ
BAJAJ AUTO LTD,BAJAJ DISCOVER KS,BAJAJ
BAJAJ AUTO LTD,DISCOVER-135,BAJAJ
BAJAJ AUTO LTD,PLATINA 100 ES L2 BS6,BAJAJ
BAJAJ TEMPO LIMITED,TEMPO TRAVELLER MINI,BAJAJ
BAJAJ TEMPO LIMITED,TEMPO TRAX SOFT TOP,BAJAJ
BAJAJ AUTO LTD,BAJAJ DISCOVER DTS,BAJAJ
BAJAJ TEMPO LTD,BAJAJ TEMPO CRUISER,BAJAJ
BAJAJ AUTO LTD,PULSAR 125 DTS-I BS4 L2,BAJAJ
BAJAJ AUTO LTD,DISC M D104 DISCO M UG ES,BAJAJ
BAJAJ TEMPO LIMITED,TEMPO TRAVELLER II DI BSII,BAJAJ
BAJAJ AUTO LTD,PULSAR 150 UG4,BAJAJ
BAJAJ AUTO LTD,BAJAJ TEMPO CRUISER,BAJAJ
BAJAJ AUTO LTD,BAJAJ BYK,BAJAJ
BAJAJ TEMPO LIMITED,TRAX JUDO,BAJAJ
BAJAJ AUTO LTD,BAJAJ PULSAR DTSI,BAJAJ
BAJAJ AUTO LTD,BAJAJ MEGA MAX 3 WHEALER,BAJAJ
BAJAJ AUTO LTD,"BAJAJ AUTO LTD, SUPER XL",BAJAJ
BAJAJ AUTO LTD,BAJAJ AR,BAJAJ
BAJAJ AUTO,PULSAR 150 DTS I,BAJAJ
BAJAJ TEMPO LIMITED,TEMPO TRAX CRUSER CL,BAJAJ
BAJAJ AUTO LTD,BAJAJ SUPER FE,BAJAJ
BAJAJ AUTO LTD,BAJAJ BOXER M/CYCLE,BAJAJ
BAJAJ AUTO LTD,BOXER CT DELUXE K-TEC,BAJAJ
BAJAJ AUTO LTD,PLATINA 125 DTS-SI,BAJAJ
BAJAJ AUTO LTD,M-80 MAJOR,BAJAJ
BAJAJ TEMPO LIMITED,MATADOR  MAX F-305 (WB-2400),BAJAJ
BAJAJ AUTO LTD,DISC125 DR ES,BAJAJ
BAJAJ AUTO LTD,QUTE,BAJAJ
BAJAJ TEMPO LIMITED,MINIDOR AUTORICKSHAW,BAJAJ
BAJAJ AUTO LTD,PULSAR 150 S/S AL,BAJAJ
BAJAJ AUTO LTD,DISCOVER DTSSI DRUM,BAJAJ
BAJAJ AUTO LTD,PULSAR150 DTSI TWINDISC L2 BS6,BAJAJ
BAJAJ AUTO LTD,PULSAR 150 (4.5) UG,BAJAJ
BAJAJ AUTO LTD,BAJAJ CHETKA,BAJAJ
BAJAJ AUTO LTD,BAJAJ  B.Y.K,BAJAJ
BAJAJ AUTO LTD,CLASSIC SCOOTER,BAJAJ
BAJAJ TEMPO LIMITED,TEMPO EXCEL 2,BAJAJ
BAJAJ AUTO LTD,DISCOVER 125 DRUM BRAKES S,BAJAJ
BAJAJ AUTO LTD,CT 100 ALLOY WHEELS,BAJAJ
BAJAJ TEMPO LIMITED,TEMPO TOOPAN,BAJAJ
BAJAJ AUTO LTD,PULSAR NS 160 ABS BSIV,BAJAJ
BAJAJ AUTO LTD,PULSAR 180 DTS-I BSIII,BAJAJ
BAJAJ AUTO LTD,LMV Motor Cycle With Gear,BAJAJ
BAJAJ AUTO LTD,VICTOR GLX,BAJAJ
BAJAJ AUTO LTD,BAJAJ PULSAR 150 D.T.S.I.,BAJAJ
BAJAJ AUTO LTD,DISCOVER 125 DR ES,BAJAJ
BAJAJ AUTO LTD,KTM DUKE 250 ,BAJAJ
BAJAJ AUTO LTD,RE 445 DIESEL BSIII,BAJAJ
Bajaj Auto Ltd,BAJAJ MAXIMA C,BAJAJ
BAJAJ AUTO LTD,RE A/R,BAJAJ
BAJAJ AUTO LTD,CT 100 SPOKE WHEELS,BAJAJ
BAJAJ IMPLEMENTS PVT LTD,TEMPO TRAX CRUSER,BAJAJ
BAJAJ AUTO LTD,DISCOVER 150  ES (DISC),BAJAJ
BAJAJ IMPLEMENTS PVT LTD,TRAX CRUISER CLASSIC,BAJAJ
BAJAJ AUTO LTD,DISCOVER 125 DR E/S,BAJAJ
BAJAJ AUTO LTD,3 WHEELER,BAJAJ
BAJAJ AUTO LTD,B SUPER,BAJAJ
BAJAJ TEMPO LIMITED,BAJAJ AUTO-REAR ENGINE,BAJAJ
BAJAJ AUTO LTD,AUTO RICKSHA CAB,BAJAJ
BAJAJ AUTO LTD,AVENGER 220 DTSI BSIII,BAJAJ
BAJAJ AUTO LTD,CT 110 CBS BSIV,BAJAJ
BAJAJ TEMPO LIMITED,T/TRAX P VAN 3050,BAJAJ
BAJAJ AUTO LTD,AR CAB,BAJAJ
BAJAJ TEMPO LIMITED,TEMPO TRAX CRUISER 3050 MM WB,BAJAJ
BAJAJ AUTO LTD,BAJAJ MOTERCYCLE,BAJAJ
BAJAJ AUTO LTD,PULSAR 135 LS ,BAJAJ
BAJAJ AUTO LTD,NOT KNOWN,BAJAJ
BAJAJ TEMPO LIMITED,FORCE TRAX GAMA E-I,BAJAJ
BAJAJ AUTO LTD,CHETAK STD LC & ST,BAJAJ
BAJAJ AUTO LTD,RE MAXIMA C BS4,BAJAJ
BAJAJ AUTO LTD,PULSAR 135CC S/S,BAJAJ
BAJAJ AUTO LTD,3WHEELER R.E.2 STROKE CNG AUTO RIKSHAW BSIII,BAJAJ
BAJAJ AUTO LTD,TEMPO TRAVELLER MINI,BAJAJ
BAJAJ AUTO LTD,DISCOVER 135 S/S,BAJAJ
BAJAJ AUTO LTD,DISCOVER DTS-SI 100,BAJAJ
BAJAJ TEMPO LIMITED,BAJAJ TEMPO TOOFAN,BAJAJ
BAJAJ AUTO LTD,RE 205 LPG 4S 3 W P V,BAJAJ
BAJAJ AUTO LTD,BAJAJ MAGA MAX,BAJAJ
BAJAJ AUTO LTD,XCD,BAJAJ
BAJAJ AUTO,RE COMPACT CNG 4S BS4 L5M,BAJAJ
BAJAJ AUTO LTD,BAJAJ P/VAN,BAJAJ
BAJAJ TEMPO LIMITED,TEMPO TRAX-TOOFAN HARD TOP,BAJAJ
BAJAJ TEMPO LIMITED,TEMPO EXCEL 3 GV,BAJAJ
BAJAJ AUTO LTD,OMNI MPI STD BS,BAJAJ
BAJAJ AUTO LTD,SUPER SCOOTER,BAJAJ
BAJAJ TEMPO LIMITED,TEMPO CRUSER,BAJAJ
BAJAJ AUTO LTD,WAGON R LXI BS,BAJAJ
BAJAJ AUTO LTD,RE 205 CNG,BAJAJ
BAJAJ AUTO LTD,PULSAR 160 NS,BAJAJ
BAJAJ AUTO LTD,AVENGER 220 DTS-I,BAJAJ
BAJAJ AUTO LTD,PULSAR 180,BAJAJ
BAJAJ AUTO LTD,QUTE Q CAR  BSIV,BAJAJ
BAJAJ AUTO LTD,"BAJAJ AUTO LTD, BAJAJ MAXIMA DIESEL",BAJAJ
BAJAJ AUTO,BAJAJ SUPER,BAJAJ
BAJAJ AUTO LTD,DISCOVER-150 ES,BAJAJ
BAJAJ AUTO,PULSAR 125 DTS-I BS4 L2,BAJAJ
BAJAJ AUTO LTD,DOMINAR D 400 ABS,BAJAJ
BAJAJ AUTO LTD,PULSAR 135,BAJAJ
BAJAJ AUTO LTD,PLATINA 110 WITH 5 SPEED GEARB,BAJAJ
BAJAJ AUTO LTD,PULSAR NS 125 BSVI,BAJAJ
BAJAJ AUTO LTD,BAJAJ CALIBER 115,BAJAJ
BAJAJ TEMPO LIMITED,TEMPO TRAX CRUZER,BAJAJ
BAJAJ AUTO LTD,BAJAJ 150,BAJAJ
BAJAJ AUTO LTD,PULSAR 220,BAJAJ
BAJAJ AUTO LTD,BAJA CT 100 DX,BAJAJ
BAJAJ AUTO LTD,Discover 150 Disc Brake ES,BAJAJ
BAJAJ TEMPO LIMITED,TEMPO TRAVELER(L) AMBULANCE,BAJAJ
BAJAJ AUTO LTD,PLATINA 100 ES (CBS),BAJAJ
BAJAJ AUTO LTD,PULSAR 150AS,BAJAJ
BAJAJ AUTO LTD,BAJAJ PLATINA 100 ES,BAJAJ
BAJAJ AUTO,"BAJAJ AUTO, BAJAJ AUTO RIKSHA RE",BAJAJ
BAJAJ AUTO LTD,BAJAJ CRUZER,BAJAJ
BAJAJ AUTO LTD,BAJAJ THREE WHEELER R.E.DIESEL,BAJAJ
BAJAJ AUTO LTD,PLATINA 100C,BAJAJ
BAJAJ AUTO LTD,PLATINA 100 ES BSVI,BAJAJ
BAJAJ AUTO LTD,PULSAR 125 DTS-I CBS BSIV,BAJAJ
BAJAJ TEMPO LIMITED,TEMPO TRAX CRUISER 3050MM,BAJAJ
BAJAJ AUTO LTD,PLATINA MOTORCYCLE,BAJAJ
BAJAJ AUTO LTD,PULSAR 150CC,BAJAJ
BAJAJ AUTO LTD,1992,BAJAJ
BAJAJ TEMPO LIMITED,CRUSER,BAJAJ
BAJAJ AUTO LTD,AVENGER 220 CRUISE BSIII,BAJAJ
BAJAJ AUTO LTD,KTM 125 DUKE,BAJAJ
BAJAJ AUTO LTD,BAJAJ MAXIMA Z CNG,BAJAJ
BAJAJ AUTO LTD,ACHIEVER VISOR DISK SELF,BAJAJ
BAJAJ AUTO LTD,BAJAJ PULSAR 180 CC,BAJAJ
BAJAJ AUTO LTD,LMV TAXI,BAJAJ
BAJAJTEMPO,TEMPO LOADING BAJAJTEMPO,BAJAJ
BAJAJ AUTO LTD,DISCOVER ,BAJAJ
BAJAJ AUTO LTD,"BAJAJ AUTO LTD, DISCOVAR 125 ES",BAJAJ
BAJAJ AUTO LTD,DISCOVER 125 CC ES,BAJAJ
BAJAJ AUTO LTD,TEMPO TRAX,BAJAJ
BAJAJ AUTO LTD,B.CUB,BAJAJ
BAJAJ AUTO LTD,DISCOVER M 100 ES,BAJAJ
BAJAJ AUTO LTD,PLATINA M/CYCLE,BAJAJ
BAJAJ AUTO LTD,BAJAJ SUPER SCOOTER,BAJAJ
BAJAJ AUTO LTD,BAJAJ KB 100 RTZ,BAJAJ
BAJAJ AUTO LTD,BAJAJ PULSAR 220 DTS iF,BAJAJ
BAJAJ AUTO LTD,PULSER 135,BAJAJ
BAJAJ AUTO LTD,DISCOVER100 ES 4G,BAJAJ
BAJAJ AUTO LTD,BAJAJ PULSAR 220 DTSF I,BAJAJ
BAJAJ AUTO LTD,DISCOVER M DTS SI ,BAJAJ
BAJAJ TEMPO LIMITED,3 WHELER MINIDOR,BAJAJ
BAJAJ AUTO LTD,BAJA XCD 135,BAJAJ
BAJAJ AUTO LTD,PULSAR 150 DTS-I (ABS),BAJAJ
BAJAJ AUTO LTD,BOXER CT DLX,BAJAJ
BAJAJ TEMPO LIMITED,BAJAJ TEMPO TRAX TOOFAN,BAJAJ
BAJAJ AUTO LTD,CT 100 BSII,BAJAJ
BAJAJ TEMPO LIMITED,TEMPO TRAVELLER MINI BUS,BAJAJ
BAJAJ AUTO LTD,DISCOVER 125 ST DISK / D102,BAJAJ
BAJAJ TEMPO LIMITED,FORCE TRAVELLER 3700 MM WB,BAJAJ
BAJAJ AUTO LTD,BAJAJ STRIDE,BAJAJ
BAJAJ AUTO LTD,PULSAR NS 160  ABS BSVI,BAJAJ
BAJAJ AUTO LTD,BAJAJ PULSER ES,BAJAJ
BAJAJ AUTO LTD,DISCOVER 135 K/S,BAJAJ
BAJAJ AUTO LTD,RE/AR 2S CNG BSIII,BAJAJ
BAJAJ AUTO LTD,KTM 390 DUKE ABS BSVI,BAJAJ
BAJAJ AUTO LTD,DISCOVER DTS SI 100 CC,BAJAJ
BAJAJ AUTO LTD,LMV/3WPV,BAJAJ
BAJAJ AUTO LTD,TEMPU TRAVEL,BAJAJ
BAJAJ AUTO LTD,BAJAJ DISCOVER 135,BAJAJ
BAJAJ AUTO,DISCOVER 100M,BAJAJ
BAJAJ AUTO LTD,PLATINA L BEACH BLUE AL 5SPK/D,BAJAJ
BAJAJ AUTO LTD,PULSAR 150DTSIUG4.5,BAJAJ
BAJAJ AUTO LTD,MINIDOR PICK UP,BAJAJ
BAJAJ AUTO LTD,PULSAR NS 125,BAJAJ
BAJAJ AUTO LTD,TATA  LPT 1613/42,BAJAJ
BAJAJ AUTO LTD,PULSAR 150 ES DBR,BAJAJ
BAJAJ AUTO LTD,AVENGER 150 STREET BSIII,BAJAJ
BAJAJ AUTO LTD,68,BAJAJ
BAJAJ AUTO LTD,"PULSAR 150CC,EL",BAJAJ
BAJAJ AUTO LTD,BAJAJ PULSAR 150DTSI F.D.BRAKE,BAJAJ
BAJAJ AUTO LTD,BAJAJ FE,BAJAJ
BAJAJ AUTO LTD,CALIBER CROMA DRUM BRAKE,BAJAJ
BAJAJ AUTO LTD,RE COMPACT CNG 2S ES,BAJAJ
BAJAJ AUTO LTD,PULSAR 150 DT SI ES,BAJAJ
BAJAJ AUTO LTD,CT 100 BSIV,BAJAJ
BAJAJ AUTO LTD,TEMPO TRAX PICKUP,BAJAJ
BAJAJ AUTO,BAJAJ GC 1000,BAJAJ
BAJAJ TEMPO LTD,TEMPO TRAX DI,BAJAJ
BAJAJ AUTO LTD,PULSAR 150DTS-I,BAJAJ
BAJAJ AUTO LTD,DISCOVER 150 DISC  BRAKE ES,BAJAJ
BAJAJ AUTO LTD,BOXER CT K-TECH,BAJAJ
BAJAJ AUTO LTD,CHAMPION,BAJAJ
BAJAJ AUTO LTD,HUSQVARNA SVARTPILEN 250,BAJAJ
BAJAJ AUTO LTD,RE 205 4S LPG BSIII,BAJAJ
BAJAJ AUTO LTD,RE COMPACT DIESEL BSIII,BAJAJ
BAJAJ AUTO LTD,BAJAJ CALIBAR 115,BAJAJ
BAJAJ AUTO LTD,TRAVELLER DI AMBULANCE ,BAJAJ
BAJAJ AUTO LTD,CRUISER,BAJAJ
BAJAJ AUTO LTD,A/RCAB OPERATION ON LPG4S,BAJAJ
BAJAJ AUTO LTD,PULSAR 135 LS DISC,BAJAJ
BAJAJ AUTO LTD,BAJAJ DISCOVER M 100 ES,BAJAJ
BAJAJ TEMPO LIMITED,JEEP-O/B,BAJAJ
BAJAJ AUTO LTD,PULSAR 150 DTS-I BSVI,BAJAJ
BAJAJ AUTO LTD,BAJAJ RE LPG 4S,BAJAJ
BAJAJ AUTO LTD,KTM 200 DUKE,BAJAJ
BAJAJ AUTO LTD,3W RE DIESEL AUTORIKSHAW,BAJAJ
BAJAJ AUTO LTD,KTM  200 DUKE BSIV,BAJAJ
BAJAJ AUTO LTD,"BAJAJ AUTO LTD, PULSAR 220 DTS-I F",BAJAJ
BAJAJ AUTO LTD,BAJAJ CLASSIC SCOOTER,BAJAJ
BAJAJ AUTO LTD,PULSAR 180 S/S M/CYCLE,BAJAJ
BAJAJ AUTO,"BAJAJ AUTO, CT 110X 2WHEEL BS6 L2",BAJAJ
BAJAJ AUTO LTD,BOXER-AR,BAJAJ
BAJAJ AUTO LTD,DISCOVER 100CC 5 GEAR,BAJAJ
BAJAJ AUTO LTD,DISCOVER S/S M/CYCLE,BAJAJ
BAJAJ AUTO LTD,BAJAJ MAXIMA C,BAJAJ
BAJAJ TEMPO LIMITED,TEMPO OX-45 TRACTOR,BAJAJ
BAJAJ AUTO LTD,PLATINA ALLOYS(M),BAJAJ
BAJAJ AUTO LTD,DISCOVER 100 M DRUM BRAKE,BAJAJ
BAJAJ AUTO LTD,BAJAJ DISCOVER 135 UG E/S,BAJAJ
BAJAJ TEMPO LIMITED,GAMA TAXI,BAJAJ
BAJAJ TEMPO LIMITED,TEMPO TRAX (II) HARD TOP (6+D),BAJAJ
BAJAJ AUTO LTD,CHETAK HB,BAJAJ
BAJAJ AUTO LTD,PLATINA A/W M/CYCLE,BAJAJ
BAJAJ TEMPO LIMITED,TEMPO TRAX DI,BAJAJ
BAJAJ AUTO LTD,CRUISER CLASSIC,BAJAJ
BAJAJ AUTO LTD,BAJAJ RE LPG,BAJAJ
BAJAJ AUTO LTD,PULSAR 180 UG IV,BAJAJ
BAJAJ AUTO LTD,V-15,BAJAJ
BAJAJ AUTO LTD,CT 100ES BS4 L2,BAJAJ
BAJAJ AUTO LTD,DISCOVER M BS-III,BAJAJ
BAJAJ AUTO LTD,RE COMPACT CNG 4S,BAJAJ
BAJAJ AUTO LTD,DISCOVER 135 ES DR BS II,BAJAJ
BAJAJ AUTO LTD,BAJAJ V 12,BAJAJ
BAJAJ AUTO LTD,BAJAJ RE AUTORICKSHAW,BAJAJ
BAJAJ AUTO LTD,BAJAJ MINIDOOR,BAJAJ
BAJAJ AUTO,"BAJAJ AUTO, BAJAJ 4S CHAMPION",BAJAJ
BAJAJ AUTO LTD,BAJAJ DISCOVER M DTS SI E/S,BAJAJ
BAJAJ AUTO LTD,DISC 150 MUN,BAJAJ
BAJAJTEMPO,METARDOR F307,BAJAJ
BAJAJ AUTO LTD,BAJAJ RE OPTIMA LPG BS III,BAJAJ
BAJAJ AUTO LTD,BAJAJ PLATINA 100,BAJAJ
BAJAJ AUTO LTD,AUTORIKSHAW R .E.,BAJAJ
BAJAJ AUTO LTD,CT 100 BS-IV,BAJAJ
BAJAJ AUTO LTD,DISCOVER DTS - SI BSIII,BAJAJ
BAJAJ AUTO LTD,AVENGER 200 DTSI,BAJAJ
BAJAJ AUTO LTD,AVENGER 220 DTSI ES,BAJAJ
BAJAJ TEMPO LIMITED,TEMPO TRAVELLER 307 D,BAJAJ
BAJAJ AUTO LTD,PULSAR 220 DTS I F,BAJAJ
BAJAJ AUTO LTD,PULSAR 150 UG 4.5,BAJAJ
BAJAJ AUTO LTD,INDIGO MANZA,BAJAJ
BAJAJ AUTO LTD,"BAJAJ AUTO LTD, BAJAJ RE PETROL",BAJAJ
BAJAJ AUTO LTD,BAJAJ RE 205 D LPG,BAJAJ
BAJAJ AUTO LTD,RE AUTORIKSHA LPG 2 STROKE,BAJAJ
BAJAJ AUTO LTD,DISCOVER 150 S,BAJAJ
BAJAJ AUTO LTD,BAJAJ SPIRIT 70,BAJAJ
BAJAJ AUTO LTD,TT DV,BAJAJ
BAJAJ AUTO LTD,RE COMPACT CNG BSIV,BAJAJ
BAJAJ AUTO LTD,Autorikshaw Motor Cab,BAJAJ
BAJAJ AUTO LTD,BAJAJ M-80,BAJAJ
BAJAJ AUTO LTD,CT110 KS L2 BS6,BAJAJ
BAJAJ AUTO LTD,"BAJAJ AUTO LTD, BAJAJ RE AUTORICKSHAW",BAJAJ
BAJAJ AUTO,"BAJAJ AUTO, PLATINA",BAJAJ
BAJAJ AUTO LTD,CT 100 ALLOY,BAJAJ
BAJAJ AUTO LTD,BAJAJ CT 100 BS III,BAJAJ
BAJAJ AUTO LTD,"PULSAR 180 ES ,BSII",BAJAJ
BAJAJ AUTO LTD,PLATINA ALLOY,BAJAJ
BAJAJ AUTO LTD,A/RCAB OPERATION ON LPG 4S,BAJAJ
BAJAJ AUTO LTD,BAJAJ E.I.BUS.,BAJAJ
BAJAJ AUTO LTD,"BAJAJ AUTO LTD, BOXER CT (SS)",BAJAJ
BAJAJ AUTO LTD,CT 100 ALLOY ES,BAJAJ
BAJAJ AUTO LTD,PLATINA BM 125,BAJAJ
Bajaj Auto Ltd,CT 100 ES,BAJAJ
BAJAJ AUTO LTD,SWIFT VDI (BS3,BAJAJ
BAJAJ AUTO LTD,MEGA MAX BSIII,BAJAJ
BAJAJ AUTO LTD,TEMPO-TRAVELLER D1,BAJAJ
BAJAJ AUTO LTD,BAJAJ GC 1000,BAJAJ
BAJAJ TEMPO LIMITED,TRAX PICK UP,BAJAJ
BAJAJ AUTO LTD,"BAJAJ AUTO LTD, AVENGER 220 STREET",BAJAJ
BAJAJ AUTO LTD,PLATINA.,BAJAJ
BAJAJ AUTO LTD,BAJAJ RE CNG,BAJAJ
BAJAJ TEMPO LIMITED,TEMPO TRAX CRUISER,BAJAJ
BAJAJ AUTO LTD,PULSAR 220 S/S,BAJAJ
BAJAJ TEMPO LIMITED,CRUISER CLASSIC II,BAJAJ
BAJAJ AUTO LTD,ALTO LXI BS 3,BAJAJ
BAJAJ AUTO LTD,PLATINA A/W,BAJAJ
BAJAJ AUTO LTD,DISCOVER 150 ES DISC,BAJAJ
BAJAJ AUTO LTD,XCD  125  ES,BAJAJ
BAJAJ AUTO LTD,BAJAJ DISCOVER 100 T,BAJAJ
BAJAJ AUTO LTD,TRAXX,BAJAJ
BAJAJ AUTO,BOXER AT KTEC,BAJAJ
BAJAJ AUTO LTD,BAJAJ PULSAR 180 ES,BAJAJ
BAJAJ TEMPO LIMITED,,BAJAJ
BAJAJ AUTO LTD,DISCOVER 125 CC ES DRUM,BAJAJ
BAJAJ AUTO LTD,DISCOVER 150 F,BAJAJ
BAJAJ AUTO LTD,SWIFT DZIRE LXI,BAJAJ
BAJAJ AUTO LTD,PLATINA SW,BAJAJ
BAJAJ AUTO LTD,LMV RE AUTORIKSHAW,BAJAJ
BAJAJ AUTO,"BAJAJ AUTO, BAJAJ SUPER",BAJAJ
BAJAJ AUTO LTD,3 WHEELER R.E. DIESEL G.C.,BAJAJ
BAJAJ AUTO LTD,PULSAR D.T.S.I,BAJAJ
BAJAJ AUTO LTD,AUTORICKSHAW RE 2S,BAJAJ
BAJAJ AUTO LTD,LMV/3WGV,BAJAJ
BAJAJ TEMPO LIMITED,BAJAJ TEMPO CRUISER,BAJAJ
BAJAJ TEMPO LIMITED,BAJAJ TEMP TRAX,BAJAJ
BAJAJ AUTO LTD,SCRAMBLER 400 X,BAJAJ
BAJAJ AUTO LTD,CT100 KS ALLOY L2 BS6,BAJAJ
BAJAJ AUTO LTD,BOXER AR K-TEC,BAJAJ
BAJAJ TEMPO LIMITED,TRAX GAMA TAXI (5+D),BAJAJ
BAJAJ AUTO LTD,CT.100,BAJAJ
BAJAJ AUTO LTD,PULSAR 200NS,BAJAJ
BAJAJ AUTO LTD,BOXER,BAJAJ
BAJAJ AUTO LTD,TEMPO TRAVELLER/7STR,BAJAJ
BAJAJ AUTO LTD,"BAJAJ AUTO LTD, PULSAR 220 DTSI",BAJAJ
BAJAJ AUTO LTD,PULSUR 150ES UG4,BAJAJ
BAJAJ AUTO LTD,GC MAXX,BAJAJ
BAJAJ TEMPO LIMITED,TEMPO TRAVALER,BAJAJ
BAJAJ AUTO LTD,SANTRO XO E III,BAJAJ
BAJAJ AUTO LTD,PULSAR 220 DTS-I,BAJAJ
BAJAJ AUTO LTD,3 WHEELER RE4S LPG,BAJAJ
BAJAJ AUTO LTD,M/CYCLE PULSAR,BAJAJ
BAJAJ AUTO LTD,DISCOVER DTS,BAJAJ
BAJAJ TEMPO LIMITED,MATADOR MAX F-307 (WB-2400,BAJAJ
BAJAJ AUTO LTD,GC MAX (HIGH DECK TRAY),BAJAJ
BAJAJ AUTO LTD,CT 100 ES,BAJAJ
BAJAJ TEMPO LIMITED,BAJAJ OMNI BUS,BAJAJ
BAJAJ AUTO LTD,"BAJAJ AUTO LTD, PLATINA WITH ALLOY WHEELS",BAJAJ
BAJAJ AUTO LTD,PULSAR 220 DTS-I F,BAJAJ
BAJAJ AUTO LTD,XCD135,BAJAJ
BAJAJ TEMPO LIMITED,PICKUP WITH 3050 MMWB,BAJAJ
BAJAJ AUTO LTD,PULSAR 125 DTS-I,BAJAJ
BAJAJ AUTO LTD,BAJAJ MAXIMA CNG,BAJAJ
BAJAJ AUTO LTD,3WH 4S RE LPG DLX200,BAJAJ
BAJAJ TEMPO LIMITED,MAHINDRA JEEP,BAJAJ
BAJAJ MILL STORES,,BAJAJ
BAJAJ AUTO LTD,PULSAR 150 CC,BAJAJ
BAJAJ AUTO LTD,BAJAJ GAMA,BAJAJ
BAJAJ AUTO LTD,BAJAJ MAXIMA Z DIESEL,BAJAJ
BAJAJ TEMPO LIMITED,TEMPO TRAX (T AND C) 5 DOOR,BAJAJ
BAJAJ AUTO LTD,PLATINA ES UG,BAJAJ
BAJAJ AUTO LTD,A/R OPERATION ON LPG,BAJAJ
BAJAJ AUTO LTD,MCY,BAJAJ
BAJAJ AUTO LTD,BAJAJ DISCOVER 135CC,BAJAJ
BAJAJ AUTO LTD,PLATINA BSIII,BAJAJ
BAJAJ AUTO LTD,BAJAJ RE 4S,BAJAJ
BAJAJ AUTO LTD,PLATINA 110 2WHL L2 BS4,BAJAJ
BAJAJ AUTO LTD,BAJAJ DISCOVER SS,BAJAJ
BAJAJ AUTO LTD,BAJAJ KAWASAKI 4S,BAJAJ
BAJAJ TEMPO LIMITED,CRUSSER CLASSIC,BAJAJ
BAJAJ AUTO LTD,TATA  ACE  HT E-3,BAJAJ
BAJAJ AUTO LTD,PULSAR 135 LS UG,BAJAJ
BAJAJ AUTO LTD,PULSOR 150,BAJAJ
BAJAJ AUTO LTD,AVENGER 150 STREET BSIV L2,BAJAJ
BAJAJ TEMPO LIMITED,TOOFAN HARD TOP DI,BAJAJ
BAJAJ AUTO LTD,DISCOVER-ST,BAJAJ
BAJAJ AUTO LTD,"BAJAJ AUTO LTD, NA",BAJAJ
BAJAJ TEMPO LIMITED,TEMPO TRAX HARD TOP,BAJAJ
BAJAJ AUTO LTD,RE OPTIMA CNG 4S,BAJAJ
BAJAJ AUTO LTD,DISCOVER 125 CC,BAJAJ
BAJAJTEMPO,TRAX CARGO KING,BAJAJ
BAJAJ AUTO LTD,BAJAJ XCD,BAJAJ
BAJAJ TEMPO LIMITED,MINIDOR P/V 3 WHEELER,BAJAJ
BAJAJ TEMPO LIMITED,1996,BAJAJ
BAJAJ AUTO LTD,BAJAJ  CT 100  WITH ALLOY BSIV,BAJAJ
BAJAJ AUTO LTD,LMV Autorikshaw,BAJAJ
BAJAJ IMPLEMENTS PVT. LTD,RF100,BAJAJ
BAJAJ AUTO LTD,AVENGER 180 STREET,BAJAJ
BAJAJ TEMPO LIMITED,TEMPO TRAVELLER,BAJAJ
BAJAJ AUTO LTD,KTM 390 DUKE BSIV,BAJAJ
BAJAJ AUTO,PLATINA 100 ES BS-IV,BAJAJ
BAJAJ AUTO LTD,INDICA VISTA AURA Q/JET,BAJAJ
BAJAJ AUTO LTD,PULSAR 220 DTS-I F (ABS),BAJAJ
BAJAJ AUTO LTD,"BAJAJ AUTO LTD, BAJAJ CHETKA",BAJAJ
BAJAJ TEMPO LIMITED,CRUISER,BAJAJ
BAJAJ AUTO LTD,BAJAJ SUPER BASIC,BAJAJ
BAJAJ AUTO LTD,PLATINA 110H DISC L2 BS6,BAJAJ
BAJAJ AUTO LTD,LGV,BAJAJ
BAJAJ AUTO LTD,BAJAJ RAVE,BAJAJ
BAJAJ AUTO LTD,DISCOVER 125 DRUM BRAKE,BAJAJ
BAJAJ AUTO LTD,BAJAJ PULSAR,BAJAJ
BAJAJ AUTO LTD,MOPED,BAJAJ
BAJAJ AUTO LTD,DISCOVER 100M,BAJAJ
BAJAJ AUTO LTD,BAJAJ RE 205 D,BAJAJ
BAJAJ AUTO,PLATINA,BAJAJ
BAJAJ AUTO LTD,RE MAXIMA CARGO DSL BS4,BAJAJ
BAJAJ AUTO LTD,PLATINA 125 S/S,BAJAJ
BAJAJ AUTO LTD,PULSAR 150 DTS-I (ABS,BAJAJ
BAJAJ AUTO LTD,SUNNY ZIP,BAJAJ
BAJAJ AUTO LTD,RC200 L2 BS6,BAJAJ
BAJAJ AUTO LTD,3WRE,BAJAJ
BAJAJ AUTO LTD,PLATINA 100 ES BSIII,BAJAJ
BAJAJ AUTO LTD,BAJAJ RE CNG 4S FI BSVI,BAJAJ
BAJAJ TEMPO LIMITED,LMV,BAJAJ
BAJAJ AUTO LTD,BAJAJ V 15,BAJAJ
BAJAJ AUTO LTD,ASPIRE,BAJAJ
BAJAJ TEMPO LIMITED,MINI DOR PICKUP VAN,BAJAJ
BAJAJ AUTO LTD,DISCOVER 110,BAJAJ
BAJAJ AUTO LTD,PULSAR 150 DTS I UG4,BAJAJ
BAJAJ AUTO LTD,AVENGER 220 STREET,BAJAJ
BAJAJ AUTO LTD,"BAJAJ AUTO LTD, PULSAR 150 DTS-I BSIII",BAJAJ
BAJAJ AUTO LTD,DISCOVER 125 ST  BSIII,BAJAJ
BAJAJ AUTO LTD,BAJAJ GC1000,BAJAJ
BAJAJ AUTO LTD,DISCOVER 125. CC,BAJAJ
BAJAJ AUTO,DISCOVER 125,BAJAJ
BAJAJ TEMPO LIMITED,MINIDOOR PICKUP (TEMPO),BAJAJ
BAJAJ AUTO LTD,DISCOVER M DTS SI K/S,BAJAJ
BAJAJ AUTO LTD,TRAX GAMA,BAJAJ
BAJAJ AUTO LTD,PLATENA 100,BAJAJ
BAJAJ AUTO LTD,PULSAR 150 DTS -I BSII,BAJAJ
BAJAJ AUTO LTD,TEMPO TRAVELLER BS 2,BAJAJ
BAJAJ AUTO LTD,THREE WHEELER,BAJAJ
BAJAJTEMPO,BAJAJ TEMP TRAX,BAJAJ
BAJAJ AUTO LTD,SUPER EXCEL,BAJAJ
BAJAJ TEMPO LIMITED,LMV OMNI BUS,BAJAJ
BAJAJ AUTO LTD,99,BAJAJ
BAJAJ AUTO LTD,BAJAJ RE COMPACT PLUS LPG BS,BAJAJ
BAJAJ AUTO LTD,BAJAJ CHETAK SCOOTER,BAJAJ
BAJAJ AUTO LTD,XCD-125 DTS-SI,BAJAJ
BAJAJ AUTO LTD,BAJAJ AVENGER-DTSI,BAJAJ
BAJAJ AUTO LTD,PULSER 180,BAJAJ
BAJAJ AUTO LTD,DISCOVER 150 BSIII,BAJAJ
BAJAJ TEMPO LIMITED,TEMPO TOOFAN 3050 MM,BAJAJ
BAJAJ AUTO LTD,"BAJAJ AUTO LTD, PLATINA 100 CC",BAJAJ
BAJAJ AUTO LTD,BAJAJ RE LPG 4S BSVI,BAJAJ
BAJAJ AUTO LTD,37,BAJAJ
BAJAJ AUTO LTD,PLATINA 100 BLACK NO COLOR,BAJAJ
BAJAJ AUTO LTD,KTM  DUKE 200,BAJAJ
BAJAJ AUTO LTD,DISCOVER K70,BAJAJ
BAJAJ TEMPO LIMITED,TEMPO CRUISER,BAJAJ
BAJAJ AUTO LTD,DISCOVER 125 BS IV,BAJAJ
BAJAJ AUTO LTD,BAJAJ DISCOVER 125 ES(DRUM),BAJAJ
BAJAJ TEMPO LIMITED,TRAXX TOOFAN,BAJAJ
BAJAJ AUTO LTD,"BAJAJ AUTO LTD, BAJAJ KB 100 RTZ",BAJAJ
BAJAJ AUTO LTD,AUTO MEGA MAX,BAJAJ
BAJAJ AUTO LTD,PULSAR  MOTOR CYCLE,BAJAJ
BAJAJ AUTO LTD,"BAJAJ AUTO LTD, SUPER",BAJAJ
BAJAJ AUTO LTD,BAJAJ TEMPO,BAJAJ
BAJAJ AUTO LTD,PULSAR NS 160,BAJAJ
BAJAJ AUTO LTD,KTM RC 200,BAJAJ
BAJAJ TEMPO LIMITED,TEMPOTRAX JUDO 9+1,BAJAJ
BAJAJ AUTO LTD,PULSAR150 DTSI NEON L2 BS6,BAJAJ
BAJAJ AUTO LTD,DISCOVER 150 DISC BREAK ES,BAJAJ
BAJAJ AUTO LTD,BAJAJ BOXER,BAJAJ
BAJAJ TEMPO LIMITED,TEMPO LOADING BAJAJTEMPO,BAJAJ
BAJAJ AUTO LTD,PRIYA,BAJAJ
BAJAJ AUTO LTD,PULSAR 150 DTS I DISC,BAJAJ
BAJAJ AUTO LTD,JUDO DELUXE 275,BAJAJ
BAJAJ AUTO LTD,AVENGER 160 STREET ABS BSIV,BAJAJ
BAJAJ TEMPO LIMITED,MINIDOR DELIVERY VAN,BAJAJ
BAJAJ AUTO LTD,PULSAR-150,BAJAJ
BAJAJ AUTO LTD,BAJAJ THREE WHEELER,BAJAJ
BAJAJ AUTO LTD,PLATINA (AW BAJAJ,BAJAJ
BAJAJ AUTO LTD,DISC 125,BAJAJ
BAJAJ AUTO LTD,BAJAJ XCD 125,BAJAJ
BAJAJ TEMPO LTD,TEMPO TRAX,BAJAJ
BAJAJ TEMPO LIMITED,TEMPO TRAX  CRUSER,BAJAJ
BAJAJ TEMPO LIMITED,AUTO RICKSHAW,BAJAJ
BAJAJ AUTO LTD,PULSAR 200CC,BAJAJ
BAJAJ AUTO LTD,WAGON R VXI BS,BAJAJ
BAJAJ AUTO LTD,BAJAJ  BYK,BAJAJ
BAJAJ AUTO LTD,SUPER XL,BAJAJ
BAJAJ AUTO LTD,40,BAJAJ
BAJAJ AUTO LTD,PLATINA ALW,BAJAJ
BAJAJ AUTO LTD,RE MAXIMA  CARGO,BAJAJ
BAJAJ AUTO LTD,PULSAR 125 DISC L2 BS6,BAJAJ
BAJAJ TEMPO LIMITED,TRUMP PICKUP 2370 MM,BAJAJ
BAJAJ AUTO LTD,DOMINAR D 250,BAJAJ
BAJAJTEMPO,TEMPO TRAVELLER,BAJAJ
BAJAJ AUTO LTD,GC 1000,BAJAJ
BAJAJ AUTO LTD,BOXER AT,BAJAJ
BAJAJ AUTO LTD,RE AUTORIKSHA,BAJAJ
BAJAJ AUTO LTD,CT100 DLX,BAJAJ
BAJAJ AUTO LTD,BAJAJ PLATINA,BAJAJ
BAJAJ AUTO,BAJAJ FE AUTORICKSHAW,BAJAJ
BAJAJ AUTO LTD,PULSAR 150 SS UG3,BAJAJ
BAJAJ AUTO LTD,DISCOVER 135 UG DISC,BAJAJ
BAJAJ AUTO LTD,AVENGER 200 DTSI BS II,BAJAJ
BAJAJ AUTO LTD,XCD 125ES,BAJAJ
BAJAJ TEMPO LIMITED,"BAJAJ TEMPO LIMITED, TEMPO TRAVELLER",BAJAJ
BAJAJ TEMPO LIMITED,MAXI CAB,BAJAJ
BAJAJ AUTO LTD,PULSAR NS 200 BSVI-PH2,BAJAJ
BAJAJ AUTO LTD,DISCOVER 1004G,BAJAJ
BAJAJ AUTO LTD,DISCOVER 135 SPORT,BAJAJ
BAJAJ AUTO LTD,4 S BOXER,BAJAJ
BAJAJ AUTO LTD,PULSAR 150 ES UG 4,BAJAJ
BAJAJ AUTO LTD,PULSER 180 DTS I,BAJAJ
BAJAJ TEMPO LIMITED,TEMPO TREVALLER,BAJAJ
BAJAJ AUTO LTD,BAJAJ 4 S CAMP.,BAJAJ
BAJAJ AUTO LTD,DISCOVER DTSI SI,BAJAJ
BAJAJ AUTO LTD,PULSAR 150 AS,BAJAJ
BAJAJ AUTO,"BAJAJ AUTO, BOXER AR K-TEC",BAJAJ
BAJAJTEMPO,BAJAJ TEMPO TRAX GAMA,BAJAJ
BAJAJ AUTO LTD,BAJAJ DISCOVER DTSI,BAJAJ
BAJAJ AUTO LTD,PULSAR 220 FIES,BAJAJ
BAJAJ AUTO LTD,DISCOVER M,BAJAJ
BAJAJ AUTO LTD,RE MAXIMA DIESEL BSIII,BAJAJ
BAJAJ AUTO LTD,DISCOVER 125,BAJAJ
BAJAJ AUTO LTD,MARUTI 800 BS3,BAJAJ
BAJAJ AUTO LTD,DISCOVER DTS-SI,BAJAJ
BAJAJ AUTO LTD,BAJAJ MAXIMA CARGO,BAJAJ
BAJAJ AUTO LTD,BAJAJ RE 145,BAJAJ
BAJAJ TEMPO LIMITED,JUDO,BAJAJ
BAJAJ AUTO LTD,3W G C MAX,BAJAJ
BAJAJ AUTO LTD,PULSAR-220 SF ES,BAJAJ
BAJAJ AUTO LTD,PULSAR 180 DTS-I,BAJAJ
BAJAJ AUTO LTD,BAJAJ RE PETROL 4S,BAJAJ
BAJAJ AUTO LTD,KRISTAL,BAJAJ
BAJAJ TEMPO LTD,BAJAJ TEMPO TRAX GAMA,BAJAJ
BAJAJ TEMPO LIMITED,FORCE TRAVELLER,BAJAJ
BAJAJ AUTO LTD,CT 100,BAJAJ
BAJAJ AUTO LTD,PLATINA 100ES BS6 L2,BAJAJ
BAJAJ AUTO LTD,PULSAR 220 ES UG 3 AW,BAJAJ
BAJAJ AUTO LTD,COMPACT +DSL,BAJAJ
BAJAJ AUTO LTD,BAJAJ XCD 125 DTS-SI,BAJAJ
BAJAJ AUTO LTD,PULSAR 200 ES,BAJAJ
BAJAJ AUTO LTD,BAJAJ XCD 135 DTSSI,BAJAJ
BAJAJ AUTO LTD,CT 110 X,BAJAJ
BAJAJ TEMPO LIMITED,BAJAJ  CRUISER,BAJAJ
BAJAJ AUTO LTD,BAJAJ PULSAR 200 NS,BAJAJ
BAJAJ AUTO LTD,"BAJAJ AUTO LTD, PLATINA 100 ES",BAJAJ
BAJAJ AUTO LTD,RE2SCOMPACT,BAJAJ
BAJAJ AUTO LTD,"BAJAJ AUTO LTD, BAJAJ 4S BOXER",BAJAJ
BAJAJ AUTO LTD,BAJAJ DISCO M,BAJAJ
BAJAJ AUTO LTD,RE COMPECT +,BAJAJ
BAJAJ AUTO LTD,DISCOVER 100 ES 4G,BAJAJ
BAJAJ AUTO LTD,PULSAR N 250,BAJAJ
BAJAJ AUTO LTD,DISCOVER 125 DISC BRAKE ES,BAJAJ
BAJAJ AUTO LTD,PULSAR 220 SF,BAJAJ
BAJAJ AUTO LTD,BAJAJ DISCOVER DTS SI ,BAJAJ
Bajaj Auto Ltd,PLATINA 110,BAJAJ
BAJAJ TEMPO LIMITED,TEMPO TRAXS CRUSER,BAJAJ
BAJAJ AUTO LTD,DISCOVER 150 DISC,BAJAJ
BAJAJ AUTO LTD,RE 145 CNG BSIII,BAJAJ
BAJAJ AUTO LTD,DISCOVER DTS SI DR BR KS,BAJAJ
BAJAJ IMPLEMENTS PVT LTD,OMNI BUS MCB,BAJAJ
BAJAJ AUTO LTD,DISCOVER 100 CC,BAJAJ
BAJAJ AUTO LTD,PULSAR 180 ES UG3,BAJAJ
BAJAJ TEMPO LIMITED,TEMPO 3 WHEELER MINIDOOR AR,BAJAJ
BAJAJ AUTO LTD,DISCOVER 125 T DRUM,BAJAJ
BAJAJ AUTO LTD,DISCOVER - 100,BAJAJ
BAJAJ AUTO LTD,RE DIESEL G R BSIII,BAJAJ
BAJAJ AUTO LTD,PLATINA 125 E.S,BAJAJ
BAJAJ AUTO LTD,PLATINA ES,BAJAJ
BAJAJ AUTO LTD,AVENGER 220-CRUISE BSIV,BAJAJ
BAJAJ AUTO LTD,TRAX GAMA TAXI (5+D),BAJAJ
BAJAJ AUTO LTD,BAJAJ RE AUTORICKSHA,BAJAJ
BAJAJ AUTO LTD,"BAJAJ AUTO LTD, CALIBER 115",BAJAJ
BAJAJ AUTO LTD,KAWASAKI,BAJAJ
BAJAJ AUTO LTD,BAJAJ PULSAR 220 DTSFI,BAJAJ
BAJAJ AUTO LTD,"BAJAJ AUTO LTD, PULSAR 125 DTS-I",BAJAJ
BAJAJ AUTO LTD,CRUISER CLASSIC E-II,BAJAJ
BAJAJ AUTO LTD,CT 110 X BSVI,BAJAJ
BAJAJ AUTO LTD,A R CAB,BAJAJ
BAJAJ AUTO LTD,PLATINA BS-III,BAJAJ
BAJAJ AUTO LTD,XCD 125 DTS-SI KS,BAJAJ
BAJAJ AUTO LTD,DISCOVER DTS-SI DRUM BRAKE KS,BAJAJ
BAJAJ AUTO LTD,BAJAJ RE COMPACT LPG,BAJAJ
BAJAJ AUTO LTD,PULSAR 220 DTS-F,BAJAJ
BAJAJ AUTO LTD,RE COM LPG 4S BSIV,BAJAJ
BAJAJ TEMPO LIMITED,BAJAJ TEMPO TRAX (T&C,BAJAJ
BAJAJ AUTO LTD,CT 125 X,BAJAJ
BAJAJ AUTO LTD,BAJAJ 3 WHEELER REAR ENGINE,BAJAJ
BAJAJ AUTO,BAJAJ CHETAK 4 STROKE,BAJAJ
BAJAJ AUTO LTD,PLATINA 100 ALLOY ES,BAJAJ
BAJAJ TEMPO LIMITED,OM 616,BAJAJ
BAJAJ AUTO LTD,BAJAJ SUNNY SPICE,BAJAJ
BAJAJ AUTO LTD,BAJAJMAXIMADIESEL,BAJAJ
BAJAJ TEMPO LIMITED,CHALLENGER 2650 JEEP-OB,BAJAJ
BAJAJ TEMPO LIMITED,BAJAJ TEMPO,BAJAJ
BAJAJ AUTO LTD,"BAJAJ AUTO LTD, CT 110",BAJAJ
BAJAJ AUTO LTD,C T 100,BAJAJ
BAJAJ AUTO LTD,WAGON R LXI DUO,BAJAJ
BAJAJ AUTO LTD,PULSAR220 DTS-IF L2 BS6,BAJAJ
BAJAJ AUTO LTD,DISCOVER DTS SI DRUM BRAKE ES,BAJAJ
BAJAJ AUTO LTD,RE GC 1000 HI DECK,BAJAJ
BAJAJ AUTO LTD,RE COMPACT LPG THL BSIV,BAJAJ
BAJAJ AUTO LTD,PLATINA 125 DR BR ES,BAJAJ
BAJAJ AUTO LTD,BAJAJ PULSAR-150 DTSI E S,BAJAJ
BAJAJ AUTO LTD,V15,BAJAJ
BAJAJ AUTO LTD,RE COMPACT LPG/PETROL 4S,BAJAJ
BAJAJ TEMPO LIMITED,TEMPO TRAVELER DELIVERY VAN,BAJAJ
BAJAJ AUTO LTD,BAJAJ SUNNY ZIP,BAJAJ
BAJAJ AUTO LTD,DISCOVER 125 M BSIII,BAJAJ
BAJAJ AUTO,RE COMPACT CNG (BSIII),BAJAJ
BAJAJ AUTO LTD,RE,BAJAJ
BAJAJ AUTO LTD,PULSAR 180 ES DBR BS II,BAJAJ
BAJAJ AUTO LTD,AVENGER 220,BAJAJ
BAJAJ AUTO LTD,TATA MODEL - 407,BAJAJ
BAJAJ AUTO LTD,AUTO RIKSHA,BAJAJ
BAJAJ AUTO LTD,DISCOVER 150ES DISC BRAKE DTSI,BAJAJ
BAJAJ AUTO LTD,KTM 200 4V,BAJAJ
BAJAJ AUTO LTD,DISCO M 4G UG ES,BAJAJ
BAJAJ AUTO LTD,KTM RC 390,BAJAJ
BAJAJ AUTO LTD,DISCOVER 100 M TX,BAJAJ
BAJAJ TEMPO LIMITED,TOOFAN,BAJAJ
BAJAJ TEMPO LIMITED,"BAJAJ TEMPO LIMITED, TEMPO",BAJAJ
BAJAJ AUTO LTD,Bajaj R/E,BAJAJ
BAJAJ TEMPO LIMITED,TEMPO TRAX 2750 MM,BAJAJ
BAJAJ AUTO LTD,BAJAJ TEMPO JEEP,BAJAJ
BAJAJ AUTO LTD,SCOOTY,BAJAJ
BAJAJ AUTO LTD,XCD 135,BAJAJ
BAJAJ AUTO LTD,PULSAR 150 ES DTSI,BAJAJ
BAJAJ TEMPO LIMITED,TATA LPK 407 EX,BAJAJ
BAJAJ AUTO LTD,DISCOVER DTS Si-ES,BAJAJ
BAJAJ AUTO LTD,PULSAR 180 DTS-I BSVI,BAJAJ
BAJAJ AUTO LTD,PULSAR 220 CC,BAJAJ
BAJAJ TEMPO LIMITED,TEMPO TOOFAN,BAJAJ
BAJAJ AUTO,BAJAJ BOXER AR,BAJAJ
BAJAJ AUTO LTD,PULSAR 220 DTS-I F(ABS) BSIV,BAJAJ
BAJAJ AUTO LTD,PULSAR 150 DTS-I ABS L2 BS4,BAJAJ
BAJAJ TEMPO LIMITED,MAXI CAB TEMPO,BAJAJ
BAJAJ AUTO LTD,BAJAJ FE AUTORICKSHAW,BAJAJ
BAJAJ TEMPO LIMITED,GAMA,BAJAJ
BAJAJ AUTO LTD,3WGOODS CARRIERS,BAJAJ
BAJAJ AUTO LTD,BAJAJ TEMPO LTD,BAJAJ
BAJAJ AUTO LTD,"BAJAJ AUTO LTD, KINETIC SAFARI",BAJAJ
BAJAJ AUTO LTD,TEMPO TRAX COUISER,BAJAJ
BAJAJ AUTO LTD,BAJA TEMPO TRAVELLER,BAJAJ
BAJAJ AUTO LTD,PULSAR 180 ES UG4,BAJAJ
BAJAJTEMPO,TRAX TOOFAN CLASSIC,BAJAJ
BAJAJ AUTO LTD,QUALIS 2.4 FS,BAJAJ
BAJAJ AUTO LTD,3WRE 2S AD CAT UG,BAJAJ
BAJAJ AUTO LTD,PLATINA 100 BLACK,BAJAJ
BAJAJ TEMPO LIMITED,TUFAN,BAJAJ
BAJAJ AUTO LTD,BAJAJMAXIMACNG,BAJAJ
BAJAJ TEMPO LIMITED,TRAVEL STATION WAGON,BAJAJ
BAJAJ AUTO LTD,BAJAJ 3WHEELER,BAJAJ
BAJAJ AUTO LTD,DISCOVER 125 DIBR ES,BAJAJ
BAJAJ AUTO LTD,MOTOR CYCLE,BAJAJ
BAJAJ AUTO LTD,PULSAR 150 ES,BAJAJ
BAJAJ TEMPO LIMITED,TATA ACE BS II,BAJAJ
BAJAJ AUTO LTD,"BAJAJ AUTO LTD, BAJAJ PULSAR 200 DTS-i",BAJAJ
BAJAJ AUTO LTD,"BAJAJ AUTO LTD, BAJAJ 3 WHEELER(AUTORICKSHAW)",BAJAJ
BAJAJ AUTO LTD,3 WHEELER DELIVERY VAN,BAJAJ
BAJAJ AUTO LTD,BAJAJ AVENGER,BAJAJ
BAJAJ AUTO LTD,2 STROKE RE,BAJAJ
BAJAJ AUTO,BAJAJ DISCOVER 135,BAJAJ
BAJAJ AUTO LTD,PULSAR P 150,BAJAJ
BAJAJ TEMPO LIMITED,TEMPO 3WHLR MINIDOR PICKUP VAN,BAJAJ
BAJAJ AUTO LTD,3 WHEELER R E DIESEL GC BSII,BAJAJ
BAJAJ AUTO LTD,BOXER CT,BAJAJ
BAJAJ AUTO LTD,PULSAR 150 DTS I,BAJAJ
BAJAJ TEMPO LIMITED,BAJAJ TEMPO KARGO,BAJAJ
BAJAJ AUTO LTD,BAJAJ SPIRIT,BAJAJ
BAJAJ AUTO LTD,RE AUTORIKSHA LPG 4STR,BAJAJ
BAJAJ TEMPO LIMITED,TEMPO TRAVELLER MAXI CAB,BAJAJ
BAJAJ AUTO LTD,DISCOVER DTS SI DRUM,BAJAJ
BAJAJ AUTO LTD,AVENGER 180 STREET BSIV,BAJAJ
BAJAJ TEMPO LIMITED,LMV CAR,BAJAJ
BAJAJ TEMPO LIMITED,TRAX GAMA DI TAXICAB,BAJAJ
BAJAJ AUTO LTD,PULSAR 200 DTSI,BAJAJ
BAJAJ TEMPO LIMITED,3 WHEELER PICK UP,BAJAJ
BAJAJ AUTO LTD,AVENGER 220 CRUISE (ABS),BAJAJ
BAJAJ AUTO LTD,PULSAR 150 DTS-I-BSII,BAJAJ
BAJAJ AUTO LTD,BAJAJ RE CNG 4S FI(WITH LH GAS,BAJAJ
BAJAJ TEMPO LIMITED,TEMPO EXCEL 4 PICKUP GC,BAJAJ
BAJAJ AUTO LTD,BAJAJ PULSAR 220 DTS-I-SF,BAJAJ
BAJAJ TEMPO LTD,BAJAJ TEMPO TRAX CRUISER,BAJAJ
BAJAJ TEMPO LIMITED,"TEMPO TRAX 5DOOR , HARD TOP",BAJAJ
BAJAJ AUTO LTD,DISCOVER 100 UG ES 4G,BAJAJ
BAJAJ AUTO LTD,BAJAJ AR CAB,BAJAJ
BAJAJ AUTO LTD,WIND 125 DRUM BRAKE,BAJAJ
BAJAJ AUTO LTD,AUTORICKSHAW,BAJAJ
BAJAJ AUTO LTD,BAJAJ 150 RE,BAJAJ
BAJAJ AUTO LTD,MAGA MAX,BAJAJ
BAJAJ AUTO LTD,AVENGER 160 STREET L2 BS6,BAJAJ
BAJAJ AUTO LTD,RE 145 BSIII,BAJAJ
BAJAJ AUTO LTD,PULSAR 150 UG4.5,BAJAJ
BAJAJ AUTO LTD,BAJAJ DISCOVER 100 M BSIII,BAJAJ
