rc_maker_desc,rc_maker_model,Mapped Name
BENTLEY MOTORS LIMITED,CONTINENTAL GT,BENTLEY
BENTLEY MOTORS LIMITED,BENTLEY CONTINENTAL GTC,BENTLEY
BENTLEY MOTORS LIMITED,CONTINENTAL,BENTLEY
BENTELY MOTORS LIMITED,BENTAYGA V8 AT,BENTLEY
BENTLEY MOTORS LIMITED,BENTLEY,BENTLEY
BENTLEY MOTORS LIMITED,CONTINENTAL GT MY19,BENTLEY
BENTLEY MOTORS LIMITED,BENTLEY FLYING SPUR,BENTLEY
BENTLEY MOTORS LIMITED,CONTINENTAL FLYING SPUR,BENTLEY
BENTLEY MOTORS LIMITED,BENTAYGA V8 2019,BENTLEY
BENTLEY MOTORS LIMITED,BENTAYGA V8,BENTLEY
BENTELY MOTORS LIMITED,CONTINENTAL FLYING SPUR-3W-BE4,BENTLEY
BENTLEY MOTORS LIMITED,FLYING SPUR,BENTLEY
BENTELY MOTORS LIMITED,BENTAYGA,BENTLEY
BENTLEY MOTORS LIMITED,BENTLEY CONTINENTAL,BENTLEY
BENTELY MOTORS LIMITED,FLYING SPUR V8,BENTLEY
BENTLEY MOTORS LIMITED,FLYING SPUR W12,BENTLEY
BENTLEY MOTORS LIMITED,BENTLY MULSANNE V8,BENTLEY
BENTLEY MOTORS LIMITED,FLYING SPUR V8,BENTLEY
