rc_maker_desc,rc_maker_model,Mapped Name
BMW INDIA PVT LTD,B M W 525D,BMW
BMW INDIA PVT LTD,X 1 SDRIVE 20D,BMW
BMW INDIA PVT LTD,BMW INDIA,BMW
BMW India Pvt Ltd,BMW X1 SDRIVE20D XLINE,BMW
BMW INDIA PVT LTD,BMW MINI COOPER S C W A T BS,BMW
BMW INDIA PVT LTD,BMW X 5.3 0D SAV,BMW
BMW INDIA PVT LTD,BMW X1 SDRIVE 18I BS-IV,BMW
BMW INDIA PVT LTD,BMW CBU 730 LD,BMW
BMW INDIA PVT LTD,BMW X6 40D,BMW
BMW INDIA PVT LTD,BMW 520D DIESEL 6 SPEED AT BS4,BMW
BMW INDIA PVT LTD,BMW 530D CKD,BMW
BMW INDIA PVT LTD,BMW 525D CKD BS IV,BMW
BMW INDIA PVT LTD,MINI COOPER CONV,BMW
BMW INDIA PVT LTD,MINI COOPER S (3- DOOR HATCH),BMW
BMW INDIA PVT LTD,BMW 330D CONVERTIBLE,BMW
BMW INDIA PVT LTD,BMW CKD 320 I,BMW
BMW INDIA PVT LTD,MINICOOPER S CONVERTIBLEIMPBS4,BMW
BMW INDIA PVT LTD,BMW CKD 520,BMW
BMW INDIA PVT LTD,MINI COOPER S 3DOOR JCW WITH A,BMW
BMW INDIA PVT LTD,BMW CKD 530D,BMW
BMW INDIA PVT LTD,X1 S DRIVE 20D,BMW
BMW INDIA PVT LTD,BMW X1 2.0D,BMW
BMW INDIA PVT LTD,BMW 525D AUTO.TRANS.CAT.CON.,BMW
BMW INDIA PVT LTD,BMW X3 XDRIVE20D XLINE,BMW
BMW INDIA PVT LTD,BMW 320D (PN37),BMW
BMW INDIA PVT LTD,"BMW INDIA PVT LTD, BMW 220I GRAN COUPE M SPORT",BMW
BMW INDIA PVT LTD,525D ,BMW
BMW INDIA PVT LTD,BMW X5 XDRIVE 30D BS IV,BMW
BMW INDIA PVT LTD,BMW MINI COOPER D,BMW
BMW INDIA PVT LTD,BMW X4 XDRIVE30D MSPORT SHADOW,BMW
BMW INDIA PVT LTD,BMW M3,BMW
BMW INDIA PVT LTD,BMW X1 SDRIVE20I XLINE,BMW
BMW INDIA PVT LTD,BMW Z4 M40I TU,BMW
BMW INDIA PVT LTD,MINI COOPER S BSIV,BMW
BMW INDIA PVT LTD,XM72,BMW
BMW INDIA PVT LTD,BMW 320D HIGHLINE,BMW
BMW INDIA PVT LTD,BMW X1 SDRIVE 20D AT,BMW
BAYERISCHE MOTOREN WERKE AG,BMW 730LD WITH AT,BMW
BMW INDIA PVT LTD,BMW  X6 x Drive 30d,BMW
BMW INDIA PVT LTD,BMW X1 S DRIVE 20D BSIV,BMW
BMW INDIA PVT LTD,"BMW X6 XDRIVE 30D DSL,2993CC",BMW
BMW INDIA PVT LTD,BMW CKD X5 3.0 D AUTO TRANS E4,BMW
BMW INDIA PVT LTD,BMW CKD X 1 D 20D,BMW
BMW INDIA PVT LTD,BMW 320I PETROL,BMW
BMW INDIA PVT LTD,BMW 520 D DIESEL WHITE 8 SPEED,BMW
BMW INDIA PVT LTD,X5 XDRIVE 30D DPE AT,BMW
BMW INDIA PVT LTD,X1 SDRIVE 20D CKD,BMW
BAYERISCHE MOTOREN WERKE AG,MINI COOPER S CONVERTIBLE WITH,BMW
BMW INDIA PVT LTD,1NO BMW CKDX1 SDRIVE20D,BMW
BMW INDIA PVT LTD,BMW 320D IN CKD,BMW
BMW INDIA PVT LTD,BMW X1 SDRIVE20D M SPORT,BMW
BMW INDIA PVT LTD,BMW 330ILCI,BMW
BMW INDIA PVT LTD,BMW  X5 X DRIVE 30D,BMW
BMW INDIA PVT LTD,"BMW INDIA PVT LTD, BMW X3 XDRIVE20D LUXURYEDITION",BMW
BMW INDIA PVT LTD,BMW IX XDRIVE50 SPORT,BMW
BMW INDIA PVT LTD,BMW 320 I AT,BMW
BMW INDIA PVT LTD,MINI COOPER HATCH,BMW
BMW INDIA PVT LTD,BMW X1 SDRIVE20I LCI SPORT BS6,BMW
BMW INDIA PVT LTD,MBW520D,BMW
BMW INDIA PVT LTD,BMW X1 20,BMW
BMW INDIA PVT LTD,BMW X3 30D BSIV,BMW
BMW INDIA PVT LTD,BMW 520D PRESTIGE,BMW
BMW INDIA PVT LTD,BMW CKD X1 sDrive 20d XLINE,BMW
BMW INDIA PVT LTD,BMW X5 XDRIVE 30D DPE AT,BMW
BMW INDIA PVT LTD,BMW 330LI GRAN LUXURY LINE,BMW
BMW INDIA PVT LTD,BMW- 320D LUXURY WITH AT BSVI,BMW
BMW INDIA PVT LTD,BMW MINI COOPER D 3 DR BSIV,BMW
BMW INDIA PVT LTD,740LI LCI,BMW
BMW INDIA PVT LTD,BMW X5 XDRIVE 30D XLINE BSIV,BMW
BMW INDIA PVT LTD,BMW X1 SDRIVE 20D EAT LA BS,BMW
BMW INDIA PVT LTD,BMW 325I  A/T BS III,BMW
BMW INDIA PVT LTD,530D HIGHLINE SEDAN,BMW
BMW INDIA PVT LTD,B.M.W. 525,BMW
BMW INDIA PVT LTD,BMW 740I M SPORT,BMW
BMW INDIA PVT LTD,BMW 520 D WITH AUTO.TRANS.,BMW
BMW INDIA PVT LTD,BMW X1 XDRIVE20D XLINE LA BS,BMW
BMW INDIA PVT LTD,MINI COOPER SD COUNTRYMAN,BMW
BMW INDIA PVT LTD,BMW X7 XDRIVE30D DPE SIGANATURE 6STR BSVI,BMW
BMW INDIA PVT LTD,BMW X1 SDRIVE 20D AT BSIV,BMW
BMW INDIA PVT LTD,BMW CKD X1,BMW
BMW INDIA PVT LTD,BMW 330I GRAN TURISMO (LCI)M S,BMW
BMW INDIA PVT LTD,BMW X1 20D DIESEL 6 SP AT,BMW
BMW INDIA PVT LTD,BMW 523 I WITH AT BSIV,BMW
BMW INDIA PVT LTD,BMV X1 20D,BMW
BMW INDIA PVT LTD,MINI COOPER S (3-DOOR),BMW
BMW INDIA PVT LTD,BMW 525 D,BMW
BMW INDIA PVT LTD,BMW M340I XDRIVE,BMW
BMW INDIA PVT LTD,BMW M5 COMPETITION,BMW
BMW INDIA PVT LTD,B.M.W.730LD,BMW
BMW INDIA PVT LTD,X 3 20D,BMW
BMW INDIA PVT LTD,BMW X7 M50D BSVI,BMW
BMW INDIA PVT LTD,BMW X5 XDRIVE 30D DPE WITH AT,BMW
BMW INDIA PVT LTD,BMW X3 ,BMW
BMW INDIA PVT LTD,BMWX1S DRIVE 20D CE,BMW
BMW INDIA PVT LTD,BMW X1,BMW
BMW INDIA PVT LTD,BMW X530D,BMW
BMW INDIA PVT LTD,BMW X3 XDRIVE30I SPORTX PLUS,BMW
BMW INDIA PVT LTD,BMWX3 20D AT BS IV,BMW
BMW INDIA PVT LTD,BMW GRAN TURISMO WTH AUTOMATIC,BMW
BMW INDIA PVT LTD,X3 XDRIVE20D LUXURY LINE,BMW
BMW INDIA PVT LTD,BMW  730LD,BMW
BMW INDIA PVT LTD,BMW X5 XDRIVE 30D EX,BMW
BMW INDIA PVT LTD,BMW 530D M SPORT W AUTOMATIC T,BMW
BMW INDIA PVT LTD,BMW 320D DIESEL WITH 8SP AUTO,BMW
BMW INDIA PVT LTD,520D CKD IND RL BSIV,BMW
BMW INDIA PVT LTD,740LI,BMW
BMW INDIA PVT LTD,BMWX3XDRIVE20DWITHAUTOTRANSBS4,BMW
BMW INDIA PVT LTD,BMW X3 20D BS IV,BMW
BMW INDIA PVT LTD,BMW X5 XDRIVE30D M SPORT,BMW
BMW INDIA PVT LTD,BMW CKD 520 D AUTO.TRANS.BS IV,BMW
BMW INDIA PVT LTD,MINI COOPER S HATCH,BMW
BMW INDIA PVT LTD,320 D CE,BMW
BMW INDIA PVT LTD,BMW X1 XDRIVE20D M S W A T B,BMW
BMW INDIA PVT LTD,BMW CKD 520 d,BMW
BMW INDIA PVT LTD,X1 SDRIVE20D XLINE AT(LA),BMW
BMW INDIA PVT LTD,X5 XDRIVE 30D,BMW
BMW INDIA PVT LTD,BMW 730 LD BSIV,BMW
BMW INDIA PVT LTD,BMW X5 3 OD SAV,BMW
BMW INDIA PVT LTD,BMW 6 SERIES GT LUXURY,BMW
BMW INDIA PVT LTD,6GT 630I (SPORTS LINE),BMW
BMW INDIA PVT LTD,BMW 730LD LCI BS IV,BMW
BMW INDIA PVT LTD,00BMW,BMW
BMW INDIA PVT LTD,BMW 320ICE,BMW
BMW INDIA PVT LTD,BMW 320D (LCI) LUXURY LINE WITH AT BSIV,BMW
BMW INDIA PVT LTD,"BMW INDIA PVT LTD, BMW M340I XDRIVE",BMW
BAYERISCHE MOTOREN WERKE AG,MINI COOPER D 5DOOR HATCH WITH,BMW
BMW INDIA PVT LTD,X7 XDRIVE30D DPE (7 SEATER,BMW
BMW INDIA PVT LTD,"BMW INDIA PVT LTD, BMW 520D RL IND CKD BSIV",BMW
BMW INDIA PVT LTD,"BMW-CAR 520D, BS-IV",BMW
BMW INDIA PVT LTD,BMW/320 D,BMW
BMW INDIA PVT LTD,BMW X5 XDRIVE30D LCI M SPORT B,BMW
BMW INDIA PVT LTD,BMW 320D WITH A T BSIV,BMW
BMW INDIA PVT LTD,BMW 520 D DIESEL 6 SPEED AT,BMW
BMW INDIA PVT LTD,MINI COOPER D BSIV,BMW
BMW INDIA PVT LTD,BMW 320D BSIV,BMW
BMW INDIA PVT LTD,BMW X5 30 D BS IV,BMW
BMW INDIA PVT LTD,BMW X5 XDRIVE 30D EX AT 7ST,BMW
BMW INDIA PVT LTD,BMW X1 SDRIVE20D CKD,BMW
BMW INDIA PVT LTD,BMW 3 SERIES GT,BMW
BMW INDIA PVT LTD,X1 20D EXPEDITION,BMW
BMW INDIA PVT LTD,BMW 330I GT M SPORT,BMW
BMW INDIA PVT LTD,BMW X3 M,BMW
BMW INDIA PVT LTD,BMW 325 I,BMW
BMW INDIA PVT LTD,BMW 220I GRAN COUPE MSPORT PRO,BMW
BMW INDIA PVT LTD,BMW 523I BSIII,BMW
BMW INDIA PVT LTD,BMW M5 LCI COMPETITION,BMW
BMW INDIA PVT LTD,BMW 118D AT,BMW
BMW INDIA PVT LTD,PLATINA 100,BMW
BMW INDIA PVT LTD,BMW X5 XDRIVE.30D.,BMW
BMW INDIA PVT LTD,X3 20D XLINE,BMW
BMW INDIA PVT LTD,"BMW INDIA PVT LTD, BMW 630D GT LCI M-SPORT",BMW
BMW INDIA PVT LTD,BMW  320d,BMW
BMW INDIA PVT LTD,BMW 520D (LCI) M SPORT,BMW
BMW INDIA PVT LTD,BMW-CAR X 5 XDRIVE 30D,BMW
BMW INDIA PVT LTD,BMW 3 SERIES GT BS-IV,BMW
BMW INDIA PVT LTD,BMW X3 XDRIVE 30D WITH A/T,BMW
BMW INDIA PVT LTD,"BMW INDIA PVT LTD, BMW 630I GT LCI M-SPORT",BMW
BMW INDIA PVT LTD,BMW 118D SPORT LINE,BMW
BMW INDIA PVT LTD,BMW 330D EURO IV,BMW
BMW INDIA PVT LTD,MINI COOPER S(3 DOOR HATCH) AT,BMW
BMW INDIA PVT LTD,"BMW INDIA PVT LTD, BMW 320D GT WITH AT",BMW
BMW INDIA PVT LTD,BMW X1 SDRIVE20D IND CKD,BMW
BMW INDIA PVT LTD,BMW X6 M BSIV,BMW
BMW INDIA PVT LTD,BMW325I(CKD)WITHAUTOMATICTRANS,BMW
BMW INDIA PVT LTD,BMW 320D,BMW
BAYERISCHE MOTOREN WERKE AG,BMW 730 LD,BMW
BMW INDIA PVT LTD,MINI COOPER BS IV,BMW
BMW INDIA PVT LTD,INDICA XETA GLS,BMW
BMW INDIA PVT LTD,BMW 118D,BMW
BMW INDIA PVT LTD,BMW 320DE,BMW
BMW INDIA PVT LTD,BMW Z4,BMW
BMW INDIA PVT LTD,BMW XI SDRIVE20I WITHAUTOMATIC,BMW
BMW INDIA PVT LTD,BMW 52OD,BMW
BMW INDIA PVT LTD,520-D,BMW
BMW INDIA PVT LTD,BMW X6 XDRIVE 30D,BMW
BMW INDIA PVT LTD,BMW X5 530 D,BMW
BMW INDIA PVT LTD,BMW X3 XDRIVE 20D AT BSIV,BMW
BMW INDIA PVT LTD,BMW 730 LD,BMW
BMW INDIA PVT LTD,BMW 320D BS IV,BMW
BMW INDIA PVT LTD,BMW 630I GT LCI M SPORT SIGNAT,BMW
BMW INDIA PVT LTD,BMW-320D AUTOMATIC TRANSMISSIO,BMW
BMW INDIA PVT LTD,BMW GRAN TURISMO WITH AUTOMATI,BMW
BMW INDIA PVT LTD,BMW 525I SEDAN AC,BMW
BMW INDIA PVT LTD,"BMW INDIA PVT LTD, BMW X1 SDRIVE20I XLINE",BMW
BMW INDIA PVT LTD,BMW 320D LCI LUXURY LINE AT,BMW
BMW INDIA PVT LTD,BMW X3 XDRIVE 20D LCI M SPORT,BMW
BMW INDIA PVT LTD,INDICA DLS,BMW
BMW INDIA PVT LTD,BMW CKD 525 D AUTO TRANS BS IV,BMW
BMW INDIA PVT LTD,BMW X7 XDRIVE40I M SPORT (6 SE,BMW
BMW INDIA PVT LTD,BMW 330I GT,BMW
BMW INDIA PVT LTD,BMW 730LD LCI DPE,BMW
BMW INDIA PVT LTD,X1 SDRIVE20D IND CKD RL,BMW
BMW INDIA PVT LTD,BMW IX XDRIVE50 BOV,BMW
BMW INDIA PVT LTD,BMW S-25,BMW
BMW INDIA PVT LTD,BMW 520D DIESEL 6 SPEED AT,BMW
BMW INDIA PVT LTD,BMW X7 XDRIVE40I LCI MSP SIGN.,BMW
BMW INDIA PVT LTD,BMW 320D LCI,BMW
BMW INDIA PVT LTD,B M W,BMW
BMW INDIA PVT LTD,X7 XDRIVE30D DPE (7 SEATER),BMW
BMW INDIA PVT LTD,BMW 3 SERIES GT AT,BMW
BMW INDIA PVT LTD,BMW X1S 20D BSIV,BMW
BMW INDIA PVT LTD,X5 30D EXPEDITION,BMW
BMW INDIA PVT LTD,BMW CAR X5,BMW
BMW INDIA PVT LTD,BMW 6 SERIES GRAN TURISMO(630I,BMW
BMW INDIA PVT LTD,BMW 530D AT,BMW
BMW INDIA PVT LTD,BMW GRAN TURISMO (TU),BMW
BMW INDIA PVT LTD,BMW X1 SDRIVE 18I AT,BMW
BMW INDIA PVT LTD,BMW 320DBS4,BMW
BMW INDIA PVT LTD,"MINI COOPER CABRIO,BSIV",BMW
BMW INDIA PVT LTD,PASS CAR BMW X1 20D,BMW
BMW INDIA PVT LTD,BMW CKD X1 SDRIVE20D,BMW
BMW INDIA PVT LTD,520I CKD,BMW
BMW INDIA PVT LTD,BMW 320 D E3,BMW
BMW INDIA PVT LTD,BMW320  I   EURO3,BMW
BMW INDIA PVT LTD,BMW I4 EDRIVE40,BMW
BMW INDIA PVT LTD,1 NO BMV CKD 320 D EIII,BMW
BMW INDIA PVT LTD,BMW 520D LUXURY LINE,BMW
BMW INDIA PVT LTD,MINI COOPER S CONVERTIBLE  LCI,BMW
BMW INDIA PVT LTD,BMW 320D (LCI),BMW
BMW INDIA PVT LTD,,BMW
BMW INDIA PVT LTD,BMW  ,BMW
BMW INDIA PVT LTD,BMW 525L,BMW
BMW INDIA PVT LTD,BMW X5 XDRIVE30D SPORTX,BMW
BMW INDIA PVT LTD,BMW X3 M40I,BMW
BMW INDIA PVT LTD,BMW X 3 2.0 D,BMW
BMW INDIA PVT LTD,BMW 740 L I PETROL,BMW
BMW INDIA PVT LTD,BMW  CKD 525D,BMW
BMW INDIA PVT LTD,X5 DRIVE 30 D,BMW
BMW INDIA PVT LTD,BMW M340I LCI XDRIVE SHADOW,BMW
BMW INDIA PVT LTD,X1 20 D,BMW
BMW INDIA PVT LTD,BMW 520D (LCI-TU WITH AUTOMAT,BMW
BMW INDIA PVT LTD,BMW CKD X3 XDRIVE 20D,BMW
BMW INDIA PVT LTD,MINI COOPER CONVERTIBLE AT,BMW
BMW INDIA PVT LTD,BMW X3 20 D BS IV,BMW
BMW INDIA PVT LTD,X3  XDRIVE 30D,BMW
BMW INDIA PVT LTD,BMW X5 XDRIVE 30D,BMW
BMW INDIA PVT LTD,BMW  320d With AT,BMW
BMW INDIA PVT LTD,BMW X1 sDRIVE Expedition,BMW
BMW INDIA PVT LTD,BMW X7 XDRIVE40D LCI M SPORT,BMW
BMW INDIA PVT LTD,MINI COOPER S JCW WITH A T BSI,BMW
BMW INDIA PVT LTD,BMW X1 SDRIVE 20D DIESEL,BMW
BMW INDIA PVT LTD,BMW 520D WITH AT,BMW
BMW INDIA PVT LTD,BMW M SPORT EMINENCE 730LD,BMW
BMW INDIA PVT LTD,BMW  320D  BS-IV,BMW
BMW INDIA PVT LTD,BMW Z4 SDRIVE 35I,BMW
BMW INDIA PVT LTD,BMW X1 20 D ,BMW
BMW INDIA PVT LTD,X5 X DRIVE 30D BS4,BMW
BMW INDIA PVT LTD,BMW X3 XDRIVE20D LUXURYEDITION,BMW
BMW INDIA PVT LTD,BMW X1CE LCI,BMW
BMW INDIA PVT LTD,BMW X6 X DRIVE 30D,BMW
BMW INDIA PVT LTD,BMW 320D SPORT LINE CKD BSIV,BMW
BMW INDIA PVT LTD,BMW BRANDNEW PASSENGER,BMW
BMW INDIA PVT LTD,BMW 730 LD DIESEL,BMW
BMW INDIA PVT LTD,BMW X1S DRIVE 20D BSIV,BMW
BMW INDIA PVT LTD,BMW 320I (LCI),BMW
BMW INDIA PVT LTD,BMW X3 XDRIVE30I AUTRANSM1 BS4,BMW
BMW INDIA PVT LTD,BMW 3X 20D BSIV,BMW
BMW INDIA PVT LTD,BMW 320 DYN,BMW
BMW INDIA PVT LTD,X7 XDRIVE 40I 7S BS6,BMW
BMW INDIA PVT LTD,BMW 530D DIESEL,BMW
BMW INDIA PVT LTD,BMW 1161 WITH A/T,BMW
BMW INDIA PVT LTD,BMWX1 20D,BMW
BMW INDIA PVT LTD,BMW 530D EIV,BMW
BMW INDIA PVT LTD,BMW CKD 320 D AUTOMATIC,BMW
BMW INDIA PVT LTD,BMW 520D DIESEL 6 SPEED A T,BMW
BMW INDIA PVT LTD,MINI COOPER S (3-DOOR) LCI2 BS,BMW
BMW INDIA PVT LTD,BMW 330I M SPORT WITHAUTOMATIC,BMW
BMW INDIA PVT LTD,BMW X3 3.0D  AT,BMW
BMW INDIA PVT LTD,BMW 520D (LCI) WITH AUTOMATIC,BMW
BMW INDIA PVT LTD,BMW 530D LCI M-SPORT,BMW
BMW INDIA PVT LTD,BMW X3 XDRIVE30I LUX,BMW
BMW INDIA PVT LTD,BMW X5 XDRIVE 30D DPE WITH AT (5SEATER) BSIV,BMW
BMW INDIA PVT LTD,BMW - Car X1SRDIVE2 0D IND CKD,BMW
BMW INDIA PVT LTD,BMW 32OD,BMW
BMW INDIA PVT LTD,BMW X1 SDRIVE20I (LCI SPORTX,BMW
BMW INDIA PVT LTD,BMW 520 D IND RL,BMW
BMW INDIA PVT LTD,BMW 520 D BSIV,BMW
BMW INDIA PVT LTD,BMW 520I,BMW
BMW INDIA PVT LTD,BMW3251 BS3,BMW
BMW INDIA PVT LTD,BMW X1 SDRIVE20D XLINE LCI BS6,BMW
BMW INDIA PVT LTD,BMW X4 M40I,BMW
BMW INDIA PVT LTD,BMW 320D WITH AT BSIV,BMW
BMW INDIA PVT LTD,BMW X1 SDRIVE 20D WITH AT,BMW
BMW INDIA PVT LTD,BMW 3 GRAN LIMOUSINE 330LI M S,BMW
BMW INDIA PVT LTD,BMW3 SERIES GT AT,BMW
BMW INDIA PVT LTD,B.M.W.X-1,BMW
BMW INDIA PVT LTD,BMW 118D HATCH,BMW
BMW INDIA PVT LTD,BMW 520D BS IV,BMW
BMW INDIA PVT LTD,BMW 530I (TU) SPORT  WITH AT BSVI,BMW
BMW INDIA PVT LTD,530D MS PORT,BMW
BMW INDIA PVT LTD,BMW 730LD DIESEL,BMW
BMW INDIA PVT LTD,BMW X5 XDRIVE30D LCI XLINE BSV,BMW
BMW INDIA PVT LTD,BMW 5 SERIES 520D,BMW
BMW INDIA PVT LTD,BMW 6 SERIES GRAN TURISMO (620,BMW
BMW INDIA PVT LTD,BMW X5 FF42,BMW
BMW INDIA PVT LTD,BMW 330LI GRAN M SPORT,BMW
BMW INDIA PVT LTD,320d Sedan Luxury Line,BMW
BMW INDIA PVT LTD,BMW X6 XDRIVE40D,BMW
BMW INDIA PVT LTD,BMW CAR CKD 525D,BMW
BMW INDIA PVT LTD,BMW 520D WITH AUTO. TRANSMISSION,BMW
BMW INDIA PVT LTD,BMW 520D LCI LUXURY LINE,BMW
BMW INDIA PVT LTD,BMW 730LD BSIV,BMW
BMW INDIA PVT LTD,X1 BMW DRIVER,BMW
BMW INDIA PVT LTD,BMW320 D RL IND SKD,BMW
BMW INDIA PVT LTD,BMW X1 SDRIVE20D XLINE WITH AT (LA) BSIV,BMW
BMW INDIA PVT LTD,BMW X 6,BMW
BMW INDIA PVT LTD,BMW 320D(CKD)WITHAUTOMATICTRANSMISSION-BSIII,BMW
BMW INDIA PVT LTD,FORD FIESTA,BMW
BMW INDIA PVT LTD,BMW320D GT,BMW
BMW INDIA PVT LTD,BMW 520D BSIV,BMW
BMW INDIA PVT LTD,BMW X4 XDRIVE30I MSPORT EDITIO,BMW
BMW INDIA PVT LTD,BMW 3 SERIES GRAN TURISMO BSIV,BMW
BMW INDIA PVT LTD,320D BASE CKD,BMW
BMW INDIA PVT LTD,X1 XDRIVE20d XLINE,BMW
BMW INDIA PVT LTD,BMW-X5,BMW
BMW INDIA PVT LTD,BMW 525I PETROL,BMW
BMW INDIA PVT LTD,BMW CKD X1 S,BMW
BMW INDIA PVT LTD,BMW 320D  AUTO TRANSMISSION,BMW
BMW INDIA PVT LTD,BMW X5 XDRIVE 30D 5SEAT BS I,BMW
BMW INDIA PVT LTD,MINI COOPER D AUTO COUNTRYMAN,BMW
BMW MOTORS,MINI COOPER D3D AUTOTRANSM1BS4,BMW
BMW INDIA PVT LTD,BMW X 3 ,BMW
BMW INDIA PVT LTD,BMW 530D WITH AUTO. TRANSMISSION,BMW
BMW INDIA PVT LTD,BMW X1 XDRIVE20D XLINE WITH AT,BMW
BMW INDIA PVT LTD,BMW 320D BASE,BMW
BMW INDIA PVT LTD,BMW X5 XDRIVE 30D DPE,BMW
BMW INDIA PVT LTD,BMW 320D E,BMW
BMW INDIA PVT LTD,X5  XDRIVE 30D EAT,BMW
BMW INDIA PVT LTD,BMWX4 XDRIVE 30D MSPORT X BSVI,BMW
BMW INDIA PVT LTD,BMW X5 S DRIVE 30 D,BMW
BMW INDIA PVT LTD,BMW X1 SDRIVE20D LCI,BMW
BMW INDIA PVT LTD,BMW Z4 SDRIVE35I (LCI) WITH AU,BMW
BMW INDIA PVT LTD,BMW X1 SDRIVE20D EXCLUSIVE,BMW
BMW INDIA PVT LTD,BMW 320I BSIII 5SEAT,BMW
BMW INDIA PVT LTD,BMW 320 D GT,BMW
BMW INDIA PVT LTD,B.M.W 320 D RL,BMW
BMW INDIA PVT LTD,BMW X3 XDRIVE20D EXPEDITION,BMW
BMW INDIA PVT LTD,BMW X3  XDRIVE 20D,BMW
BMW INDIA PVT LTD,BMW X1 XDRIVE20D M SPORT WITH ,BMW
BMW INDIA PVT LTD,BMW X1 XDRIVE20D M SPORT WITH,BMW
BMW INDIA PVT LTD,BMW CABRIOLET CON,BMW
BMW INDIA PVT LTD,BMW X7 XDRIVE30D DPE SIGANATUR,BMW
BMW INDIA PVT LTD,BMW 530D WITH AUTO. TRANSMISSI,BMW
BMW INDIA PVT LTD,BMW3 SERIES GT BSIV,BMW
BMW INDIA PVT LTD,BMW X3 2.5SI,BMW
BMW INDIA PVT LTD,BMW X1 XDRIVE20D M S W A T BS4,BMW
BMW INDIA PVT LTD,BMW 525 D DIESEL B,BMW
BMW INDIA PVT LTD,BMW 3 GRAN LIMOUSINE 330LI LUX,BMW
BMW INDIA PVT LTD,BMW 116 I,BMW
BMW INDIA PVT LTD,BMW 3 SERIES GRAN TURISMO,BMW
BMW INDIA PVT LTD,MINI CLUBMAN COOPER S LCI BSVI,BMW
BMW INDIA PVT LTD,BMW 320D(LCI) PRESTIGE W AUTO,BMW
BMW INDIA PVT LTD,MINI COOPER D,BMW
BMW INDIA PVT LTD,BMW X1 SDRIVE20D XLINE WITH AT,BMW
BMW INDIA PVT LTD,MINI COOPER S HATCH 3,BMW
BMW INDIA PVT LTD,BMW 320D BSIII,BMW
BMW INDIA PVT LTD,730LD LCI,BMW
BMW INDIA PVT LTD,BMW X1 SDRIVE20D EXPEDITION WI,BMW
BMW INDIA PVT LTD,BMW 620D GT LCI M SPORT,BMW
BMW INDIA PVT LTD,BMW 525D CKD IND RL,BMW
BMW INDIA PVT LTD,BMW 6 SERIES GRAN TURISMO 620D,BMW
BMW INDIA PVT LTD,G 310 R BSVI,BMW
BMW INDIA PVT LTD,BMW 520 D AT,BMW
BMW INDIA PVT LTD,BMW 320D PRESTIGE,BMW
BMW INDIA PVT LTD,320D,BMW
BMW INDIA PVT LTD,BMW 530D M SPORT WAUTOTR BS4,BMW
BMW INDIA PVT LTD,MINI COOPER S COUNTRYMEN,BMW
BMW INDIA PVT LTD,BMW 220D GRAN COUPE SPORT LINE,BMW
BMW INDIA PVT LTD,BMW 320D LUXURY LINE WITH AT B,BMW
BMW INDIA PVT LTD,BMW 320  D,BMW
BMW INDIA PVT LTD,BMW 730LD DPE SIGNATURE,BMW
BMW INDIA PVT LTD,BMW 530 d Msport,BMW
BMW INDIA PVT LTD,BMW X3 2OD,BMW
BMW INDIA PVT LTD,BMW 530I SPORT,BMW
BMW INDIA PVT LTD,"730 LD AT, BSIV",BMW
BMW INDIA PVT LTD,BMW 730 LD CKD,BMW
BMW INDIA PVT LTD,BMW 3 SERIES GT WITH AT,BMW
BMW INDIA PVT LTD,BMW 3 GRAN 320LD LCI M SPORT,BMW
BMW INDIA PVT LTD,BMW M SERIES M3,BMW
BMW INDIA PVT LTD,"X3 DRIVE 20D, BSIV",BMW
BMW INDIA PVT LTD,BMW 520D SLWAT BS IV,BMW
BMW INDIA PVT LTD,BMW X1 SDRIVE18I M SPORT,BMW
BMW INDIA PVT LTD,BMW 320D LUXURY LINE CKD,BMW
BMW INDIA PVT LTD,BMW XI SDRIVE 20D,BMW
BMW INDIA PVT LTD,BMW 740 LI,BMW
BMW INDIA PVT LTD,BMW 520 D LUXURY LINE CKD,BMW
BMW INDIA PVT LTD,BMW CKD 520 D EURO III,BMW
BMW INDIA PVT LTD,BMW 320 I E3,BMW
BMW INDIA PVT LTD,BMW 520,BMW
BMW INDIA PVT LTD,BMD 520 D,BMW
BMW INDIA PVT LTD,BMW X3  XDRIVE20D BSIV,BMW
BMW INDIA PVT LTD,BMW X3 XDRIVE 20D BS IV,BMW
BMW INDIA PVT LTD,BMW X SERIES X1 20D CATALYTIC,BMW
BMW INDIA PVT LTD,BMW 3 SERIES GT WITH AUTO TR,BMW
BMW INDIA PVT LTD,BMW 320D BASE CKD,BMW
BMW INDIA PVT LTD,BMW Z4 SDRIVE35I A/T,BMW
BMW INDIA PVT LTD,BMW 730LD M SPORT WITH AUTOMAT,BMW
BMW INDIA PVT LTD,BMW X5 XDRIVE 30D DPE 7S BS ,BMW
BMW INDIA PVT LTD,BMW 530D WITH AT BSIII,BMW
BMW INDIA PVT LTD,BMW X 1 2.0 D,BMW
BMW INDIA PVT LTD,BMW X1 SDRIVE20D AT,BMW
BMW INDIA PVT LTD,BMW CKD 320 D AUTOMATIC TRANSM,BMW
BMW INDIA PVT LTD,BMW 520D CKD,BMW
BMW INDIA PVT LTD,BMW XI S DRIVE 20D,BMW
BMW INDIA PVT LTD,BMW CKD 520D,BMW
BMW INDIA PVT LTD,BMW 320D BS4,BMW
BMW INDIA PVT LTD,BMW MINICOOPER,BMW
BMW INDIA PVT LTD,13,BMW
BMW INDIA PVT LTD,BMW 730LD DPE AUTO TRANS BSIV,BMW
BMW INDIA PVT LTD,MINI COOPER S BS4,BMW
BMW INDIA PVT LTD,BMW320D,BMW
BMW INDIA PVT LTD,BMW  X6 X DRIVE 40 D,BMW
BMW INDIA PVT LTD,BMW 523 I,BMW
BMW INDIA PVT LTD,MINI Cooper S (3-Door Hatch w,BMW
BMW INDIA PVT LTD,BMW 320D LUXURY LINE CKD BSIV,BMW
BAYERISCHE MOTOREN WERKE AG,BMW X6 X DRIVE 30D,BMW
BMW INDIA PVT LTD,BMW 730LD WITH AUTOMATIC TRANS,BMW
BMW INDIA PVT LTD,BMW X1 SDRIVE20D WITH AT (LA,BMW
BMW INDIA PVT LTD,BMW X1 SDRIVE 18I,BMW
BMW INDIA PVT LTD,BMW X1 XDRIVE 20 D,BMW
BMW INDIA PVT LTD,BMW 320 I BSIII 5 SEAT,BMW
BMW INDIA PVT LTD,BMW 330I WITH A T  BSIV,BMW
BMW INDIA PVT LTD,X3 20 D,BMW
BMW INDIA PVT LTD,BMW X5 XDRIVE30D XLINE BS6,BMW
BMW INDIA PVT LTD,MINI COOPER D (5-DOOR HATCH) W,BMW
BMW INDIA PVT LTD,BMW 530D CKD AT BSIV,BMW
BAYERISCHE MOTOREN WERKE AG,BMW 730LD,BMW
BMW INDIA PVT LTD,BMW 520D ,BMW
BMW INDIA PVT LTD,BMW X5 30 D SAV,BMW
BMW INDIA PVT LTD,MINI COOPER D COUNTRYMAN BSIV,BMW
BMW INDIA PVT LTD,GRAN TURISMO- Bharat Stage-IV,BMW
BMW INDIA PVT LTD,MINI COOPER D AUTO,BMW
BMW INDIA PVT LTD,BMW XI,BMW
BMW INDIA PVT LTD,BMW 750 LI LIMOUSINE RHD,BMW
BMW INDIA PVT LTD,BMW CKD 520D AUTOMATIC EURO IV,BMW
BMW INDIA PVT LTD,BMW 330 D,BMW
BMW INDIA PVT LTD,BMW 730LD SEDAN,BMW
BMW INDIA PVT LTD,BMW 320D  SPORT  AUTOMATICTRAN,BMW
BMW INDIA PVT LTD,BMW 320 I LCI,BMW
BMW INDIA PVT LTD,BMW 740D M SPORT,BMW
BMW INDIA PVT LTD,BMW X4 XDRIVE30D MSPORT EDITIO,BMW
BMW INDIA PVT LTD,BMW F60 COOPER SD BS IV,BMW
BMW INDIA PVT LTD,BMW X53 OD,BMW
BMW INDIA PVT LTD,BMW 320 D A.T. BS IV,BMW
BMW INDIA PVT LTD,BMW 740LI LCI DPE SIGNATURE,BMW
BMW INDIA PVT LTD,BMW X5 XDRIVE35I,BMW
BMW INDIA PVT LTD,BMW Z4 S DRIVE,BMW
BMW INDIA PVT LTD,BMW 320 D {BS IV},BMW
BMW INDIA PVT LTD,BMW 3 SERIES G T,BMW
BMW INDIA PVT LTD,BMW 520D MODERN LINE,BMW
BMW MOTORS,BMW MINI COOPER S,BMW
BMW INDIA PVT LTD,525D,BMW
BMW INDIA PVT LTD,BMW X1 SDRIVE20I (TU)  XLINE  WITH  AT BSVI,BMW
BMW INDIA PVT LTD,BMW CKD 530 D AUTOMATIC,BMW
BMW INDIA PVT LTD,BMW- 320D LUXURY LINE WITH AT,BMW
BMW INDIA PVT LTD,BMW/AT,BMW
BMW INDIA PVT LTD,BMW 730LD DPE WITH AUTOMATIC T,BMW
BMW INDIA PVT LTD,BMW X5 X DRIVE 30D,BMW
BMW INDIA PVT LTD,BMW CKD525D,BMW
BMW INDIA PVT LTD,BMW X5xDrive 30d,BMW
BMW INDIA PVT LTD,BMW M4 COUPE,BMW
BMW INDIA PVT LTD,BMW 730 LD WITH ATM BS IV,BMW
BMW INDIA PVT LTD,BMW 520D LUXURY LINE WITH AT B,BMW
BMW INDIA PVT LTD,BMW X1 SDRIVE 20D,BMW
BMW INDIA PVT LTD,BMW X3 XDRIVE 30D,BMW
BMW INDIA PVT LTD,BMW 3 GRAN 330LI LCI M SPORT,BMW
BMW INDIA PVT LTD,BMW 740D M SPORT BSVI-PH2,BMW
BMW INDIA PVT LTD,MINI CLUBMAN COOPER S,BMW
BMW INDIA PVT LTD,BNW CAR 520D CKD,BMW
BMW INDIA PVT LTD,BMW 325I WITH AT,BMW
BMW INDIA PVT LTD,BMW X3  XDRIVE 20D WITH AT,BMW
BMW INDIA PVT LTD,BMW X4 XDRIVE 30D M SPORT X BS,BMW
BMW INDIA PVT LTD,X1 SDRIVE 20D INNOVATION,BMW
BMW INDIA PVT LTD,BMW 630I GT AT,BMW
BMW INDIA PVT LTD,MINI COOPER S COUNT BS4,BMW
BMW INDIA PVT LTD,BMW X1 X DRIVE 20D SAV,BMW
BMW INDIA PVT LTD,BMW SALOON,BMW
BMW INDIA PVT LTD,BMW X5XDRIVE30D WAT 5STR BSIV,BMW
BMW INDIA PVT LTD,BMW X7 XDRIVE40I,BMW
BMW INDIA PVT LTD,BMW 320D SPORT LINE,BMW
BMW INDIA PVT LTD,INDIGO CS LX,BMW
BMW INDIA PVT LTD,BMW X5 XDRIVE 35I DPE ATBS4,BMW
BMW INDIA PVT LTD,MINI COOPER CONVERTIBLE,BMW
BMW INDIA PVT LTD,BMW X1S D 20D,BMW
BMW INDIA PVT LTD,BMW 730LD,BMW
BMW INDIA PVT LTD,BMW MINI COOPER S,BMW
BMW INDIA PVT LTD,BMW X 3 X DRIVE 20D AUTO TRANS,BMW
BMW INDIA PVT LTD,BMW X1 SDRIVE20I (LCI) SPORTX,BMW
BMW INDIA PVT LTD,BMW X5 XDRIVE30D,BMW
BMW INDIA PVT LTD,BMW X3 XDRIVE30D AT,BMW
BMW INDIA PVT LTD,BMW 520D (LCI-TU),BMW
BMW INDIA PVT LTD,"520D, BS IV",BMW
BMW INDIA PVT LTD,BMW X3 XDRIVE20D XLINE BSIV,BMW
BMW INDIA PVT LTD,BMW 5 SERIES,BMW
BMW INDIA PVT LTD,BMW X5 XDRIVE30D SPORTX PLUS,BMW
BMW INDIA PVT LTD,CKD 530 I,BMW
BMW INDIA PVT LTD,BMW 525I,BMW
BMW INDIA PVT LTD,BMW 320DGT LUXURY LINE,BMW
BMW INDIA PVT LTD,BMW M2 COMPETITION,BMW
BMW INDIA PVT LTD,BMW 220I GRAN COUPE M SPORT,BMW
BMW INDIA PVT LTD,BMW X5 30D EXPEDITION,BMW
BMW INDIA PVT LTD,MINI COOPER S R 56,BMW
BMW INDIA PVT LTD,BMW X5 XDRIVE40IM SPORT BS6,BMW
BMW INDIA PVT LTD,CKD X5 XDRIVE 3.0 D,BMW
BMW INDIA PVT LTD,BMW X5 XDRIVE 30D ,BMW
BMW INDIA PVT LTD,BMW X7 XDRIVE 30D DPE,BMW
BMW INDIA PVT LTD,BMW 320D RL IND CKD,BMW
BMW INDIA PVT LTD,BMW525D,BMW
BMW INDIA PVT LTD,BMW X5 XDRIVE 30D 5SEAT BS IV,BMW
BMW INDIA PVT LTD,BMW 520 D DIESEL,BMW
BMW INDIA PVT LTD,BMW 320 D,BMW
BMW INDIA PVT LTD,BMW X5X DRIVE,BMW
BMW INDIA PVT LTD,BMW 320 D SPORT LINE,BMW
BMW INDIA PVT LTD,BMW X5 XDRIVE40I M SPORT BSVI,BMW
BMW INDIA PVT LTD,BMW 5 SERIES 525D,BMW
BMW INDIA PVT LTD,BMW 730LD LCI M SPORT,BMW
BMW INDIA PVT LTD,BMW 730LD LCI DPE SIGNATURE  5,BMW
BMW INDIA PVT LTD,BMW 530D M SPORT (G30),BMW
BMW INDIA PVT LTD,BMW 118D AUTO TRANSMISSION,BMW
BMW INDIA PVT LTD,X 5 XDRIVE 30 D,BMW
BMW INDIA PVT LTD,"BMW INDIA PVT LTD, X7 XDRIVE30D DPE SIGNATURE",BMW
BMW INDIA PVT LTD,BMW 320 D HIGHLINE,BMW
BMW INDIA PVT LTD,BMW320IPETROL6SPEED AT AND CC,BMW
BMW INDIA PVT LTD,"BMW INDIA PVT LTD, BMW 330LI GRAN M SPORT",BMW
BMW INDIA PVT LTD,BMW CKD 320 D SPORT,BMW
BMW INDIA PVT LTD,BMW 320D RL BS4,BMW
BMW INDIA PVT LTD,BMW 520D (LCI-TU) WITH AUTOMAT,BMW
BMW INDIA PVT LTD,BMW CKD 530 D EURO IV,BMW
BAYERISCHE MOTOREN WERKE AG,MINI COOPER D 3DOOR HATCH WITH,BMW
BMW INDIA PVT LTD,BMW 220D GRAN COUPE SPORTLINE,BMW
BMW INDIA PVT LTD,BMW X1 2.0 D,BMW
BMW INDIA PVT LTD,BMW 530I (TU) M SPORT  WITH AT,BMW
BMW INDIA PVT LTD,BMWX3XDRIVE20D,BMW
BMW INDIA PVT LTD,BMW X1 SEVIVE20D,BMW
BMW INDIA PVT LTD,BMW 320D GT CKD,BMW
BMW INDIA PVT LTD,3 SERIES GRAN TURISMO,BMW
BMW INDIA PVT LTD,BMW X 32 OD,BMW
BMW INDIA PVT LTD,3 SERIES GRAN TURISMO CKD,BMW
BMW INDIA PVT LTD,BMW 330I SPORT,BMW
BMW INDIA PVT LTD,BMW X3 XDRIVE 20D DIESEL,BMW
BMW INDIA PVT LTD,BMW 730LDM SPORT AUTOTRANS BS4,BMW
BMW INDIA PVT LTD,520 D,BMW
BMW INDIA PVT LTD,BMW X5 30D SAV,BMW
BMW INDIA PVT LTD,BMW 118 D AT,BMW
BMW INDIA PVT LTD,BMW 320 D ,BMW
BMW INDIA PVT LTD,BMWX3XDRIVE20DXLINEBSIV,BMW
BMW INDIA PVT LTD,BMW Z4 SDRIVE35I BS-III,BMW
BMW INDIA PVT LTD,BMW 530D BS-IV,BMW
BMW INDIA PVT LTD,BMW MINI COOPERS,BMW
BMW INDIA PVT LTD,BMW    320  I    E3,BMW
BMW INDIA PVT LTD,BMW-740LI BS-IV,BMW
BMW INDIA PVT LTD,BMW X3 XDRIVE 20D BSIV,BMW
BMW INDIA PVT LTD,BMW 118D SPOT LINE,BMW
BMW INDIA PVT LTD,BMW X1 sDRIVE 20d WITH AT,BMW
BMW INDIA PVT LTD,GRAN TURISMO,BMW
BMW INDIA PVT LTD,BMW IX1 XDRIVE30,BMW
BMW INDIA PVT LTD,MINI COOPER D (3-DOOR HATCH) W,BMW
BMW INDIA PVT LTD,BMW 530I M SPORTWITHAUTOMATICT,BMW
BMW INDIA PVT LTD,BMW  X1 SDRIVE20D,BMW
BMW INDIA PVT LTD,BMW CKD 320D SPORT LINE BSIV,BMW
BMW INDIA PVT LTD,BMW X1 SDRIVE20D XLINE LCI BSV,BMW
BMW INDIA PVT LTD,BMW CKD X5 3.0 D,BMW
BMW INDIA PVT LTD,VSIPD12518,BMW
BMW INDIA PVT LTD,BMW 320 I PETROL,BMW
BMW INDIA PVT LTD,BMW X1S DRIVER 18I WITHAT BSIV,BMW
BMW INDIA PVT LTD,BMW X1 XDRIVE 20D M SPORT,BMW
BMW INDIA PVT LTD,MINI COOPER S (3-DOOR,BMW
BMW INDIA PVT LTD,1NOBMWCKD320DBSIV,BMW
BMW INDIA PVT LTD,BMW 320 D BASE LINE CKD,BMW
BMW INDIA PVT LTD,MINI Cooper S (3-Door Hatch) w,BMW
BMW INDIA PVT LTD,BMW 730LD DPE BS IV,BMW
BMW INDIA PVT LTD,750 LI IMPORTED CAR,BMW
BMW INDIA PVT LTD,BMW 530D (LCI) M SPORT WITH AT,BMW
BMW INDIA PVT LTD,BMW X3 XDRIVE20D (LCI) XLINE,BMW
BMW INDIA PVT LTD,BMW 320D BS III,BMW
BMW INDIA PVT LTD,BMW X5 XDRIVE40I LCI XLINE,BMW
BMW INDIA PVT LTD,BMW CBU X6 XDRIVE40D AUTOMATIC,BMW
BMW INDIA PVT LTD,BMW X1 SPORTS LINE,BMW
BMW INDIA PVT LTD,BMW X5 X DRIVE 30D DPE AT,BMW
BMW INDIA PVT LTD,BMW Gran Turismo Luxury Line,BMW
BMW INDIA PVT LTD,BMW X1 SDRIVE 20I (LCI) XLINE ,BMW
BMW INDIA PVT LTD,X5 3.0D SAV,BMW
BMW INDIA PVT LTD,BMW X5 XDRIVE 30D DPE 5SEATBS4,BMW
BMW INDIA PVT LTD,BMW X1 sDrive 20d Expedition,BMW
BMW INDIA PVT LTD,BMW XI 20D,BMW
BMW INDIA PVT LTD,MINI COOPER SE,BMW
BMW INDIA PVT LTD,BMW 650I 6 SPEED AUTO TRANS,BMW
BMW INDIA PVT LTD,BMW 530D AT BSIV DIESEL,BMW
BMW INDIA PVT LTD,BMW X3 XDRIVE20D LUXURY LINE BSIV,BMW
BMW INDIA PVT LTD,BMWX5XDRIVE 30 D,BMW
BMW INDIA PVT LTD,BMW CAR,BMW
BMW INDIA PVT LTD,BMW X7 XDRIVE40I LCI M SPORT,BMW
BMW INDIA PVT LTD,BMW IMPORTED,BMW
BMW INDIA PVT LTD,BMW 520D WITH AUTOMATIC TRNSMI,BMW
BMW INDIA PVT LTD,BMW CKD 53OD,BMW
BMW INDIA PVT LTD,BMW 525 I PETROL,BMW
BMW INDIA PVT LTD,BMW 530D BSIV,BMW
BMW INDIA PVT LTD,BMW X1 20D AUTO TRANS,BMW
BMW INDIA PVT LTD,BMW320D BSIII,BMW
BMW INDIA PVT LTD,BMW XDRIVE30D XLINE,BMW
BMW INDIA PVT LTD,BMW 320D LCI M SPORT AT,BMW
BMW INDIA PVT LTD,PASSENGER BMW 320D,BMW
BMW INDIA PVT LTD,BMW CKD 320 D H/L AUTOMATIC,BMW
BMW INDIA PVT LTD,BMW 5 GRAN TURISMO 530 D,BMW
BMW INDIA PVT LTD,BMW X1 Expedition Bharat Stage,BMW
BMW INDIA PVT LTD,BMW 630D GT LCI M-SPORT,BMW
BMW INDIA PVT LTD,BMW X3 XDRIVE20D LUXURY LINE,BMW
BMW INDIA PVT LTD,BMW 320D GRAN TUR,BMW
BMW INDIA PVT LTD,MINI COUNTRYMAN JCW (LCI,BMW
BMW INDIA PVT LTD,BMW CAR 320D,BMW
BMW INDIA PVT LTD,BMW 530D M Sport,BMW
BMW INDIA PVT LTD,BMW 730LD LCI DPE SIGNATURE,BMW
BMW INDIA PVT LTD,BMW525 D,BMW
BMW INDIA PVT LTD,BMWXI 200,BMW
BMW INDIA PVT LTD,BMW 320D WITH AT BS4,BMW
BMW INDIA PVT LTD,BMW  X6  XDRIVE,BMW
BMW INDIA PVT LTD,X 1 20D,BMW
BMW INDIA PVT LTD,...BMW,BMW
BMW INDIA PVT LTD,BMW CAR 520D CKD IND RL,BMW
BMW INDIA PVT LTD,BMW X5 XDRIVE30D (TU M-SPORT,BMW
BMW INDIA PVT LTD,BMW 530I,BMW
BMW INDIA PVT LTD,BMW 320 DLCI,BMW
BMW INDIA PVT LTD,BMW320D LUXURY LINE,BMW
BMW INDIA PVT LTD,525D CKD INDRL,BMW
BMW INDIA PVT LTD,BMW 118D HATCH BS IV,BMW
BMW INDIA PVT LTD,MINI COOPER S COUNTRYMAN,BMW
BMW INDIA PVT LTD,TATA SPACIO GOLD,BMW
BMW INDIA PVT LTD,BMW 320D (LCI PRESTIGE WITH A,BMW
BMW INDIA PVT LTD,BMW  730 D,BMW
BMW INDIA PVT LTD,BMW 320 DGT,BMW
BMW INDIA PVT LTD,BMW 6 SERIES GRANTURISMO(630I),BMW
BMW INDIA PVT LTD,BMW X1 20D DIE AUTO TRANS,BMW
BMW INDIA PVT LTD,BMW 730LD EMINENCE,BMW
BMW INDIA PVT LTD,BMW GRAN TURISMO 3.0I D,BMW
BMW INDIA PVT LTD,BMW X 1S,BMW
BMW INDIA PVT LTD,BMW CBU Z4 SDRIVE35IAUTO,BMW
BMW INDIA PVT LTD,BMW X5 XDRIVE 30D DPE WITH AT ,BMW
BMW INDIA PVT LTD,BMW X3 20D X-LINE,BMW
BMW INDIA PVT LTD,GRAN TURISMO WITH AUTO TRANS,BMW
BMW INDIA PVT LTD,BMW X1 2.0D BS IV,BMW
BMW INDIA PVT LTD,BMW530ISPORTLINE WITHAUTOMATIC,BMW
BMW INDIA PVT LTD,X3 2.0 D,BMW
BMW INDIA PVT LTD,530D MSPORT.,BMW
BMW INDIA PVT LTD,BMW X1 SDRIVE20D EXPEDITION WITH AT (LA) BSIV,BMW
BMW INDIA PVT LTD,BMW X1 SDRIVE20D XLINE,BMW
BMW INDIA PVT LTD,BMW 730LD BS IV,BMW
BMW INDIA PVT LTD,MINI COOPER D HATCH AT,BMW
BMW INDIA PVT LTD,BMW 6 SERIES GT M SPORT,BMW
BMW INDIA PVT LTD,BMW X3 XDRIVE20DLUXURYLINE BS4,BMW
BMW INDIA PVT LTD,BMW 3 SERIES GT BSIV,BMW
BMW INDIA PVT LTD,MINI COOPER CABRIO,BMW
BMW INDIA PVT LTD,BMWX5 XDRIVE 30D LCI DIESEL,BMW
BMW INDIA PVT LTD,BMW 328 I SPORT,BMW
BMW INDIA PVT LTD,BMW330D IMP,BMW
BMW INDIA PVT LTD,BMW X1 SDRIVE20D XLINE LA BS,BMW
BMW INDIA PVT LTD,BMW 320D LUXYRY LINE,BMW
BMW INDIA PVT LTD,BMW 525I AT,BMW
BMW INDIA PVT LTD,"X3 XDRIVE30D,BSIV",BMW
BMW INDIA PVT LTD,BMW X1S DRIVE 20D,BMW
BMW INDIA PVT LTD,BMW X1SDRIVE 20D,BMW
BMW INDIA PVT LTD,BMW X1 SDRIVE 18D M SPORT,BMW
BMW INDIA PVT LTD,BMW 3 GRAN LIMOUSINE 320LD LUX,BMW
BMW INDIA PVT LTD,"BMW INDIA PVT LTD, BMW 330LI GRAN LUXURY LINE",BMW
BMW INDIA PVT LTD,BMW 320DSPORT,BMW
BMW INDIA PVT LTD,BMW ...,BMW
BMW INDIA PVT LTD,BMW 520 d Luxury Line,BMW
BMW INDIA PVT LTD,BMW 118D WITH AT BSIV,BMW
BMW INDIA PVT LTD,BMW 620D GT LUXURY LINE,BMW
BMW INDIA PVT LTD,BMW X1 SDRIVE20D IND CKD RL,BMW
BMW INDIA PVT LTD,BMW X3 2.5SI CBU,BMW
BMW INDIA PVT LTD,BMW CKD 525 D,BMW
BMW INDIA PVT LTD,BMW X3 XDRIVE30I LUXURY LINE,BMW
BMW INDIA PVT LTD,BMW520 D DIESEL 6 SPEED AT,BMW
BMW INDIA PVT LTD,BMW X3 XDRIVE20D ATTRNSCCM1BS4,BMW
BMW INDIA PVT LTD,BMW 5231 BSIII,BMW
BMW INDIA PVT LTD,BMW X6,BMW
BMW INDIA PVT LTD,BMW 750LI SEDAN,BMW
BMW INDIA PVT LTD,BMW650I,BMW
BMW INDIA PVT LTD,X1 SDRIVE 20D XLINE,BMW
BMW INDIA PVT LTD,BMW X4 XDRIVE 30I M SPORT X,BMW
BMW INDIA PVT LTD,BMW CKD 520 D,BMW
BMW INDIA PVT LTD,BMW 330 I,BMW
BMW INDIA PVT LTD,BMW CKD 525 I,BMW
BMW INDIA PVT LTD,BMW 525D DIESEL,BMW
BMW INDIA PVT LTD,BMW 525D DIESEL 6 SPEED,BMW
BMW INDIA PVT LTD,BMW  X1,BMW
BMW INDIA PVT LTD,INDIGO MARINA FACELIFT LX,BMW
BMW INDIA PVT LTD,320 d,BMW
BMW INDIA PVT LTD,BMW 320 I PETROL 6 SAT,BMW
BMW INDIA PVT LTD,BMW X3 20D BS4,BMW
BMW INDIA PVT LTD,BMW X5 XDRIVE 30D EXPODITION,BMW
BMW INDIA PVT LTD,MINI COOPER S,BMW
BMW INDIA PVT LTD,BMW 640D RL COUPE,BMW
BMW INDIA PVT LTD,BMW 320D BS-IV,BMW
BMW INDIA PVT LTD,COOPER D,BMW
BMW INDIA PVT LTD,BMW X1S DRIVE 20D BS4,BMW
BMW INDIA PVT LTD,BMW 320D SPORT,BMW
BMW INDIA PVT LTD,BMW 220I GRAN COUPE M SPORT BS,BMW
BMW INDIA PVT LTD,BMW X1 X-DRIVE 20D,BMW
BMW INDIA PVT LTD,BMW X5 3.0 D,BMW
BMW INDIA PVT LTD,MINI COOPER S CONVERTIBLE,BMW
BMW INDIA PVT LTD,MINI COOPER,BMW
BMW INDIA PVT LTD,BMW520DLUXURYLINE W AUTOMATICT,BMW
BMW INDIA PVT LTD,BMW Z4 SDRIVE20I BSVI,BMW
BMW INDIA PVT LTD,BMW 530 d,BMW
BMW INDIA PVT LTD,BMW X 5 XDRIVE 30D,BMW
BMW INDIA PVT LTD,BMW COOPER,BMW
BMW INDIA PVT LTD,BMW 520D CKD IND RL,BMW
BMW INDIA PVT LTD,BMW 630I GT LCI M SPORT,BMW
BMW INDIA PVT LTD,BMW X5 XDRIVE30D LCI XLINE,BMW
BMW INDIA PVT LTD,118D,BMW
BMW INDIA PVT LTD,BMW X1 S DRIVE 20I,BMW
BMW INDIA PVT LTD,BMW 730LD LCI  DPE SIGNATUR4SE,BMW
BMW INDIA PVT LTD,BMW 5,BMW
BMW INDIA PVT LTD,BMW X 1 20 D BS IV,BMW
BMW INDIA PVT LTD,BMWX5XDRIVE30DEXPEDITION WITH,BMW
BMW INDIA PVT LTD,BMW I4 EDRIVE 35 BOV,BMW
BMW INDIA PVT LTD,1NO BMW CKD X1 SDRIVE,BMW
BMW INDIA PVT LTD,BMW INDIA PVT LT,BMW
BMW INDIA PVT LTD,BMW X4 X DRIVE 30D M SPORT X B,BMW
BMW INDIA PVT LTD,BMW520DLUXURYLINE W AUTOMATICTRANSMISSION BSIV,BMW
BMW INDIA PVT LTD,BMWX5 3.0DCBUSEAT5 BS3IMPORTED,BMW
BMW INDIA PVT LTD,BMW 530 I,BMW
BMW INDIA PVT LTD,BMW 520D,BMW
BMW INDIA PVT LTD,BMW X4 XDRIVE 20D M SPORT X,BMW
BMW INDIA PVT LTD,BMW GRAN TURISMO 630D Msport B,BMW
BMW INDIA PVT LTD,BMW CKD 32OD LCI,BMW
BMW INDIA PVT LTD,BMW G310 R,BMW
BMW INDIA PVT LTD,BMW320 D,BMW
BMW INDIA PVT LTD,Z4 DRIVE 35I,BMW
BMW INDIA PVT LTD,BMW 320D DIESEL,BMW
BMW INDIA PVT LTD,BMW I7 EDRIVE50 M SPORT,BMW
BMW INDIA PVT LTD,"BMW INDIA PVT LTD, BMW X5 XDRIVE40I M SPORT",BMW
BMW INDIA PVT LTD,BMW 320I CE,BMW
BMW INDIA PVT LTD,BMW 320D(LCI) PRESTIGE W AUTO TRANSMISSION BSIV,BMW
BMW INDIA PVT LTD,BMW M8 COUPE,BMW
BMW INDIA PVT LTD,BMW X3 XDRIVE20D IND CKD RL E4,BMW
BMW INDIA PVT LTD,BMW X3 XDRIVE20D WITH AUTOMATI,BMW
BMW INDIA PVT LTD,BMW GRAN TURISMO LCI SPORT L,BMW
BMW INDIA PVT LTD,BMW 525 I AT,BMW
BMW INDIA PVT LTD,BMW 640D,BMW
BMW INDIA PVT LTD,BMW Z4 SDRIVE35I AT,BMW
BMW INDIA PVT LTD,BMW X6 40D SAC  DIESEL,BMW
BMW INDIA PVT LTD,BMW X3 20D BSIV,BMW
BMW INDIA PVT LTD,MINI COOPER SD COUNTRYMAN WITH,BMW
BMW INDIA PVT LTD,BMW X 32,BMW
BMW INDIA PVT LTD,BMW CKD 520D AT,BMW
BMW INDIA PVT LTD,BMW X5.3 0D CBU,BMW
BMW INDIA PVT LTD,BMW 320 D BS IV,BMW
BMW INDIA PVT LTD,BMW 118 D PREDTIGE,BMW
BMW INDIA PVT LTD,X 5.3 OD,BMW
BMW INDIA PVT LTD,BMW BRAND NEW ,BMW
BMW INDIA PVT LTD,BMW 520 D,BMW
BMW INDIA PVT LTD,BMW X3 DRIVE30D AT,BMW
BMW INDIA PVT LTD,BMW  X 1 S DRIVE 20D,BMW
BMW INDIA PVT LTD,BMW X3 XDRIVE30I TU SPORTX,BMW
BMW INDIA PVT LTD,BMW X5 30 d Msport,BMW
BMW INDIA PVT LTD,MINI COOPER S (3-DOOR HATCH) W,BMW
BMW INDIA PVT LTD,MINI COOPER S3DOOR LCI WITH AT,BMW
BMW INDIA PVT LTD,BMW CKD525I E3,BMW
BMW INDIA PVT LTD,BMW 520D AT,BMW
BMW INDIA PVT LTD,BMW X1 18I,BMW
BMW INDIA PVT LTD,BMW X1 20D,BMW
BMW INDIA PVT LTD,BMW 520D LXRYLINEATRANSMISNBS6,BMW
BMW INDIA PVT LTD,BMW..,BMW
BMW INDIA PVT LTD,BMW 520 D SL BSIV,BMW
BMW INDIA PVT LTD,BMW 220D GRAN COUPE M SPORT,BMW
BMW INDIA PVT LTD,BMW 530D AC,BMW
BMW INDIA PVT LTD,BMW 523I BS IV,BMW
BMW INDIA PVT LTD,BMW X3 XDRIVE30I M SPORT,BMW
BMW INDIA PVT LTD,BMW CKD 320 D AUTO TRANS. BSIV,BMW
BMW INDIA PVT LTD,BMW X5 XDRIVE30D LCI M SPORT,BMW
BMW INDIA PVT LTD,BMW 530 I (ND75),BMW
BMW INDIA PVT LTD,BMW 525D AT BSIV,BMW
BMW INDIA PVT LTD,"BMW INDIA PVT LTD, BMW 620D GT LCI LUXURY LINE",BMW
BMW INDIA PVT LTD,BMW BRAND,BMW
BMW INDIA PVT LTD,BMW X3 XDRIVER 20D CBU,BMW
BMW INDIA PVT LTD,BMW X3 XDRIVE 20D X LINE BSIV,BMW
BMW INDIA PVT LTD,BMW 525 I AT BSIII SEAT 5,BMW
BMW INDIA PVT LTD,BMW CKD X3  XDRIVE 20D BS IV,BMW
BMW INDIA PVT LTD,BMW 3 GRAN LIMOUSINE 320LD M S,BMW
BMW INDIA PVT LTD,BMW 320D(LCI),BMW
BMW INDIA PVT LTD,BMW 520D SEDAN,BMW
BMW INDIA PVT LTD,BMW 630I GT,BMW
BMW INDIA PVT LTD,BMW 520D DIESEL,BMW
BMW INDIA PVT LTD,BMW 320D AT BSIV,BMW
BMW INDIA PVT LTD,BMW 320D 5SEAT BSIII,BMW
BMW INDIA PVT LTD,BMW 525D BS-IV,BMW
BMW INDIA PVT LTD,BMW 320D LUXURY,BMW
BMW INDIA PVT LTD,BMW 530,BMW
BMW INDIA PVT LTD,BMWX12.OD,BMW
BMW INDIA PVT LTD,BMW X6 XDRIVE 40D DIESEL,BMW
BMW INDIA PVT LTD,BMW 320D HIGHLINE  BS III,BMW
BMW INDIA PVT LTD,BMW CKD X1 SDRIVE,BMW
BMW INDIA PVT LTD,BMW CKD 530 D,BMW
BMW INDIA PVT LTD,BMW XI S DRIVE 20D BS-IV,BMW
BMW INDIA PVT LTD,BMW X1 SDRIVE D,BMW
BMW INDIA PVT LTD,X3 XDRIVE 20D LUXURY LINE BSIV,BMW
BMW INDIA PVT LTD,MINI COOPER S (3-DOOR)JCW LCI2,BMW
BMW INDIA PVT LTD,X1 2.0D,BMW
BMW INDIA PVT LTD,BMW X3 X DRIVE 20D AT,BMW
BMW INDIA PVT LTD,BMW 530D SPORT,BMW
BMW INDIA PVT LTD,BMW 320LD GRAN LUXURY LINE,BMW
BMW INDIA PVT LTD,"BMW INDIA PVT LTD, BMW 730 LD",BMW
BMW INDIA PVT LTD,BMW X1 20 D EIV,BMW
BMW INDIA PVT LTD,BMW 320I WITH A/T,BMW
BMW INDIA PVT LTD,BMW  740 LI,BMW
BMW INDIA PVT LTD,320D LUXURY LINE (CKD),BMW
BMW INDIA PVT LTD,COOPER S HATCH,BMW
BMW INDIA PVT LTD,BMW X1 S DRIVE 20D,BMW
BMW INDIA PVT LTD,BMW CKD320D,BMW
BMW INDIA PVT LTD,BMW 320D(CKDWITHAUTOMATICTRAN,BMW
BMW INDIA PVT LTD,BMW 3 SERIES 320D,BMW
BMW INDIA PVT LTD,BMW CKD 520 D A/T,BMW
BMW INDIA PVT LTD,520D LUXURY LINE,BMW
BMW INDIA PVT LTD,BMW 325I BSIII,BMW
BMW INDIA PVT LTD,MINI COOPER S JCW WITH AT BSIV,BMW
BMW INDIA PVT LTD,BMW 525 D BSIV,BMW
BMW INDIA PVT LTD,BMW 520D LCI,BMW
BMW INDIA PVT LTD,BMW 3 SERIES GT WITH AT BSIV,BMW
BMW INDIA PVT LTD,MINI COOPER S JCW COUNTRYMAN B,BMW
BMW INDIA PVT LTD,BMW 3GRAN 330LI LCI MSPORT PRO,BMW
BMW INDIA PVT LTD,BMW 840I GRAN COUPE,BMW
BMW INDIA PVT LTD,BMW CBU 740 LI AUTOMATIC  EIII,BMW
BMW INDIA PVT LTD,BMW 330I RLSKD INDIA BSIV,BMW
BMW INDIA PVT LTD,BMW X3 XDRIVE20D,BMW
BMW INDIA PVT LTD,BMW 320D LCI SPORT LINE AT,BMW
BMW INDIA PVT LTD,BMW PASSANGER CAR,BMW
BMW INDIA PVT LTD,BMW  XI  S DRIVE  20D  BS-IV,BMW
BMW INDIA PVT LTD,BMW 630I GT LCI M-SPORT,BMW
BMW INDIA PVT LTD,BMW3251,BMW
BMW INDIA PVT LTD,X1 SDRIVE 20D,BMW
BMW INDIA PVT LTD,MINI COOPER D (5-DOOR HATCH W,BMW
BMW INDIA PVT LTD,BMW-520D,BMW
BMW INDIA PVT LTD,BMW CAR 630D,BMW
BMW INDIA PVT LTD,BMW X 1 SDRIVE20 D A.T.,BMW
BMW INDIA PVT LTD,BMW CKD X3 X DRIVE 20D,BMW
BMW INDIA PVT LTD,BMW 320,BMW
BMW INDIA PVT LTD,BMW 740LI,BMW
BMW INDIA PVT LTD,BMW CKD 523I AUTOMATIC TRANS,BMW
BMW INDIA PVT LTD,BMW 520D BS-IV,BMW
BMW INDIA PVT LTD,BMW MINI HATCH COOPER,BMW
BMW INDIA PVT LTD,BMX X3,BMW
BMW INDIA PVT LTD,MINI COOPER S (3-DOOR) LCI2,BMW
BMW INDIA PVT LTD,BMW 6SERIES GRAN TURISMO (620D,BMW
BMW INDIA PVT LTD,X3 XDRIVE 20 D CKD,BMW
BMW INDIA PVT LTD,BMW X6 XDRIVE 40I,BMW
BMW INDIA PVT LTD,BMW X4 XDRIVE20D M SPORT X,BMW
BMW INDIA PVT LTD,BMW  .,BMW
BMW INDIA PVT LTD,BMW CKD X5 XDRIVE30D 7S,BMW
BMW INDIA PVT LTD,BMW X6 XDRIVE 35I,BMW
BMW INDIA PVT LTD,BMW X3 XDRIVE20D (LCI) WITH AT,BMW
BMW INDIA PVT LTD,BMW X5 XDRIVE 30D WITH AT BSIV,BMW
BMW INDIA PVT LTD,BMW X 3 DRIVE 30D,BMW
BMW INDIA PVT LTD,BMW 520D BIII,BMW
BMW INDIA PVT LTD,BMW X118I,BMW
BMW INDIA PVT LTD,X7 XDRIVE30D DPE SIGNATURE,BMW
BMW INDIA PVT LTD,SCOR HAWK BS3 ABS TC5 2WD,BMW
BMW INDIA PVT LTD,BMW CAR 320 D RL,BMW
BMW INDIA PVT LTD,BMW320,BMW
BMW INDIA PVT LTD,BMW Z4 M40I,BMW
BMW INDIA PVT LTD,BMW 525D SEAT 5 BSIII,BMW
BMW INDIA PVT LTD,BMW   X53.0d With AT,BMW
BMW INDIA PVT LTD,BMW 320D LCI PRESTIGE AT,BMW
BMW INDIA PVT LTD,BMW X1 SDRIVE 20D EAT LA BS IV,BMW
BMW INDIA PVT LTD,MINI CLUBMAN COOPER S ATM1 BS4,BMW
BMW INDIA PVT LTD,BMW X1 S DRIVE,BMW
BMW INDIA PVT LTD,BMW INDIA PVT LTD,BMW
BMW INDIA PVT LTD,MINI COOPER S BS IV,BMW
BMW INDIA PVT LTD,BMW X1 SDRIVE 20D BS-IV,BMW
BMW INDIA PVT LTD,BMW 740 LI BS III,BMW
BMW INDIA PVT LTD,BMW 320d BSIV,BMW
BMW INDIA PVT LTD,BMW 520D  BS IV,BMW
BMW INDIA PVT LTD,B. M. W. 520,BMW
BMW INDIA PVT LTD,BMW X 3 X DRIVE 200 AUTO TRANS,BMW
BMW INDIA PVT LTD,MINI COOPER S COUNTRYMAN JCW,BMW
BMW INDIA PVT LTD,BMW X5 XDRIVE30D CKD,BMW
BMW INDIA PVT LTD,BMW 530I E3,BMW
BMW INDIA PVT LTD,BMW 525D AT CC,BMW
BMW INDIA PVT LTD,BMW530I WITHAUTOMATICTRASMISSION-BS-III,BMW
BMW INDIA PVT LTD,BMW 220D GRAN COUPE M SPORT BS,BMW
BMW INDIA PVT LTD,MINI CAR COOPER  D AUTO ,BMW
BMW INDIA PVT LTD,BMW 620D GT LCI LUXURY LINE,BMW
BMW AG,BMW 730LD LIMOUSINE RHD,BMW
BMW INDIA PVT LTD,BMW CAR 520D CKD,BMW
BMW INDIA PVT LTD,BMW G310RR,BMW
BMW INDIA PVT LTD,BMW 320D (LCI) WITH AT BSIV,BMW
BMW INDIA PVT LTD,BMW CKD 320D AUTO TRANS BSIV,BMW
BMW INDIA PVT LTD,BMW X3,BMW
BMW INDIA PVT LTD,BMW 320D WITH AT,BMW
BMW INDIA PVT LTD,BMW X5 3.0D,BMW
BMW INDIA PVT LTD,BMW 325I WITH AT BSIII SEAT 5,BMW
BMW INDIA PVT LTD,BMW GT Luxury Line,BMW
BMW INDIA PVT LTD,BMW X1 SDRIVE 20D M SPORT,BMW
BMW INDIA PVT LTD,X1 SDRIVE 20D CKD EIV,BMW
BMW INDIA PVT LTD,BMW 320 D LUXURY LINE,BMW
BMW INDIA PVT LTD,BMW X4 xDrive 20d M Sport X,BMW
BMW INDIA PVT LTD,BMW CKD 325 I AUTOMATIC,BMW
BMW MOTORS,BMW6 SERIESGRANTURISMO620DBS4,BMW
BMW INDIA PVT LTD,BMW 5 SERIES 530LI M SPORT,BMW
BMW INDIA PVT LTD,BMW 320 D EIV,BMW
BMW INDIA PVT LTD,X1 SDRIVE 20D CKD EIV ,BMW
BMW INDIA PVT LTD,BMW 328 I SPORT LINE,BMW
BMW INDIA PVT LTD,BMW 320D LCI BS-III,BMW
BMW INDIA PVT LTD,BMW 520D CKD BSIV,BMW
BMW INDIA PVT LTD,BMW X 32.0 OD EX,BMW
BMW INDIA PVT LTD,BMW X5 3.0,BMW
BMW INDIA PVT LTD,118D SPORT LINE,BMW
BMW INDIA PVT LTD,530D M SPORTS,BMW
BMW INDIA PVT LTD,X7 XDRIVE 30D DPE SIGNATURE (6,BMW
BMW INDIA PVT LTD,BMW 320D(LCI)LUXURYLINE WAUTO TRANSMISSION BSIV,BMW
BMW INDIA PVT LTD,BMW 740LI M SPORT AMT,BMW
BMW INDIA PVT LTD,BMW CKD 535 I AUTOMATIC TRANS.,BMW
BMW INDIA PVT LTD,MINI COOPER S COUNTRYMAN WITH,BMW
BMW INDIA PVT LTD,BMW 520d,BMW
BMW INDIA PVT LTD,BMW 1 1.8 D,BMW
BMW INDIA PVT LTD,BMW 320D GRAN TURISMO,BMW
BMW INDIA PVT LTD,BMW 730 LD (BS-III),BMW
BMW INDIA PVT LTD,BMW X1 20I XLINE,BMW
BMW INDIA PVT LTD,BMW 530 D DIESEL,BMW
BMW INDIA PVT LTD,G 310 GS BSVI,BMW
BMW INDIA PVT LTD,BMW Z4 S DRIVE 35 I AT,BMW
BMW INDIA PVT LTD,BMWX3XD20D,BMW
BMW INDIA PVT LTD,BMW X3XDRIVE 20D,BMW
BMW INDIA PVT LTD,BMW 320D (LCI) LUXURY LINE WIT,BMW
BMW INDIA PVT LTD,BMW X5 XDRIVE 30D DPE AT BS4,BMW
BMW INDIA PVT LTD,BMW Z4 DRIVE35I AUTO TRAN BSIV,BMW
BMW INDIA PVT LTD,BMW-X3 X DRIVE 20D BS-IV,BMW
BMW INDIA PVT LTD,BMW X5 XDRIVE 30D EXPEDITION W,BMW
BMW INDIA PVT LTD,BMW M5,BMW
BMW INDIA PVT LTD,BMW X1 XDRIVE20D ATTRNSLAM1BS4,BMW
BMW INDIA PVT LTD,MINI COOPER S3 DOOR HATCH,BMW
BMW INDIA PVT LTD,BMW X5 XDRIVE30D WITH AUTOMATI,BMW
BMW INDIA PVT LTD,MINI COOPER SE12DJ BOV,BMW
BMW INDIA PVT LTD,BMW 320I,BMW
BMW INDIA PVT LTD,X1 20-D,BMW
BMW INDIA PVT LTD,BMW 7 SERIES 730LD,BMW
BMW INDIA PVT LTD,B.M.W,BMW
BAYERISCHE MOTOREN WERKE AG,BMW X3 XDRIVE 20D CBU AT,BMW
BMW INDIA PVT LTD,BMW X3 XDRIVE LUXURY LINE,BMW
BMW INDIA PVT LTD,MINI COUNTRYMAN COOPER S (LCI),BMW
BMW INDIA PVT LTD,BMW 520D (LCI-TU,BMW
BMW INDIA PVT LTD,BMW MINI COOPER COVERTIBLE BS4,BMW
BMW INDIA PVT LTD,BMW X4 XDRIVE30I M SPORT X,BMW
BMW INDIA PVT LTD,BMW X1 sDRIVE 20d X Line BS 4,BMW
BMW INDIA PVT LTD,BMW I 8,BMW
BMW INDIA PVT LTD,BMW X1 SDRIVE18I XLINE,BMW
BMW INDIA PVT LTD,BMW 525D  BS IV,BMW
BMW INDIA PVT LTD,NEW BMW CAR,BMW
BMW INDIA PVT LTD,BMW CKD 525,BMW
BMW INDIA PVT LTD,BMW 530D AUTO TRANSMISSION,BMW
BMW INDIA PVT LTD,BMW 520D LUXURY LWAUTOTRBS4,BMW
BMW INDIA PVT LTD,BMW 32OD SPORT LINE,BMW
BMW INDIA PVT LTD,BMW CKD 320,BMW
BMW INDIA PVT LTD,BMW X1 sDRIVE 20d,BMW
BMW INDIA PVT LTD,BMW 320D DIESEL {BS IV},BMW
BMW INDIA PVT LTD,BMW X4 XDRIVE30D M SPORT X,BMW
BMW INDIA PVT LTD,PASS. CAR BMW X1,BMW
BMW INDIA PVT LTD,BMW 325I,BMW
BMW INDIA PVT LTD,B.M.W.520,BMW
BMW INDIA PVT LTD,BMW X5 XDRIVE 30D WITH AT (5SE,BMW
BMW INDIA PVT LTD,BMW CKD 530 D DIESEL,BMW
BMW INDIA PVT LTD,BMW 3,BMW
BMW INDIA PVT LTD,520D LUXURY LINE CKD,BMW
BMW INDIA PVT LTD,BMW BSIV,BMW
BMW INDIA PVT LTD,BMW  525D,BMW
BMW INDIA PVT LTD,BMW 525I WITH AT,BMW
BMW INDIA PVT LTD,MINI COUNTRYMAN JCW (LCI),BMW
BMW INDIA PVT LTD,BMW 730LD AT,BMW
BMW INDIA PVT LTD,BMW 530D (LCI) WITH AUTOMATIC,BMW
BMW INDIA PVT LTD,BMW 330I M SPORT WT AUTOMATIC,BMW
BMW INDIA PVT LTD,BMW 530 DIESEL 8 SPEED,BMW
BMW INDIA PVT LTD,BMW CKD 730 LD,BMW
BMW INDIA PVT LTD,BMW 530 I BSIII SEAT 5,BMW
BMW INDIA PVT LTD,BMW X5 3.0D CBU AT,BMW
BMW INDIA PVT LTD,BMW CKD X1  sDrive 20d LCI,BMW
BMW INDIA PVT LTD,BMW X 5 3.0 D SAV,BMW
BMW INDIA PVT LTD,BMW 525I WITH AUTOMATIC TRANSM,BMW
BMW INDIA PVT LTD,BMW CBU X 320 D EUROIII,BMW
BMW INDIA PVT LTD,BMW 320D GT CKD IV,BMW
BMW INDIA PVT LTD,520D DIESEL AUTOMATIC TRANS,BMW
BMW INDIA PVT LTD,MINI COOPER D BS4,BMW
BMW INDIA PVT LTD,BMW 320d,BMW
BMW INDIA PVT LTD,BMW XI SDRIVE20D WITH AT,BMW
BMW INDIA PVT LTD,BMW 740LI DPE SIGNATURE AMT,BMW
BMW INDIA PVT LTD,BMW X3 2.0D,BMW
BMW INDIA PVT LTD,3F37,BMW
BMW INDIA PVT LTD,BMW 320D LCI PW AT BS IV,BMW
BMW INDIA PVT LTD,BMW 320D LUXURY LINE WITH AT BSIV,BMW
BMW INDIA PVT LTD,BMW IX XDRIVE40,BMW
BMW INDIA PVT LTD,41,BMW
BMW INDIA PVT LTD,BMW  XI  S DRIVE 20D  BS-IV,BMW
BMW INDIA PVT LTD,BMW 525 I,BMW
BMW INDIA PVT LTD,BMW 320D IN CKD RL,BMW
BMW INDIA PVT LTD,BMW 320D (LCI WITH AT BSIV,BMW
BMW INDIA PVT LTD,BMW 530D GRAN TURISMO AC,BMW
BMW INDIA PVT LTD,BMW X3 XDRIVE 20D,BMW
BMW INDIA PVT LTD,BMW X1 sDrive 20d Expedition B,BMW
BMW INDIA PVT LTD,BMW X6 X DRIVE 30D IMPORTED,BMW
BMW INDIA PVT LTD,BMW 525D BS IV,BMW
BMW INDIA PVT LTD,BMW X1  SDRIVE 20 D,BMW
BMW INDIA PVT LTD,BMW 320DLCI,BMW
BMW INDIA PVT LTD,BMW X1 SDRIVE,BMW
BMW INDIA PVT LTD,BMW X 5 3.0 D,BMW
BMW INDIA PVT LTD,BMW 320D HI LINE,BMW
BMW INDIA PVT LTD,BMW X1 SDRIVE 20D BSIV,BMW
BMW INDIA PVT LTD,BMW X3 XDRIVE 30D IND CKD RL,BMW
BMW INDIA PVT LTD,BMW 330I,BMW
BMW INDIA PVT LTD,BMW M5 COMPETITION BSIV,BMW
BMW INDIA PVT LTD,BMW CKD 320D GT AUTO BSIV,BMW
BMW INDIA PVT LTD,BMW 740LI LCI M SPORT,BMW
BMW INDIA PVT LTD,BMW  320D,BMW
BMW INDIA PVT LTD,BMW 530d,BMW
BMW INDIA PVT LTD,BMW 530D,BMW
BMW INDIA PVT LTD,520D MORDEN LINE CKD,BMW
BMW INDIA PVT LTD,BMW ST 37,BMW
BMW INDIA PVT LTD,BMW 320D MSP,BMW
BMW INDIA PVT LTD,BMW 6 SERIES GRANTURISMO(630I,BMW
BMW INDIA PVT LTD,BMW530I WITHAUTOMATICTRASMISSI,BMW
BMW INDIA PVT LTD,BMW 3 SERIES GT AUTO,BMW
BMW INDIA PVT LTD,BMW-320D  BS-IV,BMW
BMW INDIA PVT LTD,BMW 220I GRAN COUPE,BMW
BMW INDIA PVT LTD,Not Available,BMW
BMW INDIA PVT LTD,FIESTA 1.4D ZXI,BMW
BMW INDIA PVT LTD,TATA SUMO,BMW
BMW INDIA PVT LTD,320-D,BMW
BMW INDIA PVT LTD,320D GT LUXURY LINE,BMW
BMW INDIA PVT LTD,BMW X5 XDRIVE40I M SPORT,BMW
BMW INDIA PVT LTD,BMW X5 XDRIVE30D (TU) M-SPORT,BMW
BMW INDIA PVT LTD,LMV BMW,BMW
BMW INDIA PVT LTD,BMW X5 XDRIVE40I LCI M SPORT,BMW
BMW INDIA PVT LTD,BMW 118D WITH AUTOMATIC TRANSM,BMW
BMW INDIA PVT LTD,BMW I7 XDRIVE60,BMW
BMW INDIA PVT LTD,BMW 530D M SPORT,BMW
BMW INDIA PVT LTD,BMW X3 XDRIVE20D AT,BMW
BMW INDIA PVT LTD,BMW X5 XDRIVE 30D AT,BMW
BMW INDIA PVT LTD,BMW INDIA FIN SER PVT LTD,BMW
BMW INDIA PVT LTD,BMW X7 XDRIVE40D LCI DPE,BMW
BMW INDIA PVT LTD,BMW 750 LI,BMW
BMW INDIA PVT LTD,FORD FIESTA 1.4ZX1D,BMW
BMW INDIA PVT LTD,BMW GRAN TURISMO LLAT BS IV,BMW
BMW INDIA PVT LTD,BMW 730LD DPE,BMW
BMW INDIA PVT LTD,"BMW INDIA PVT LTD, BMW 320 D",BMW
BMW INDIA PVT LTD,BMW 740LI LCI DPE SIGNATUR 4SE,BMW
BMW INDIA PVT LTD,BMW 320D(LCI)LUXURYLINE WAUTO,BMW
BMW INDIA PVT LTD,BMW 520D LUXURY LINE WITH AT BSIV,BMW
BMW INDIA PVT LTD,BMW X5 M COMPETITION,BMW
BMW INDIA PVT LTD,BMW X1 sDrive20d,BMW
BMW INDIA PVT LTD,BMWX 1 20D DIESEL,BMW
BMW INDIA PVT LTD,BMW X1 SDRIVE20D XLINE LA BSIV,BMW
BMW INDIA PVT LTD,BMW 750LI PETROL AT BSIV,BMW
BMW INDIA PVT LTD,BMW 525D AT  BSIV,BMW
BMW INDIA PVT LTD,BMW 730 LD CBU 6SPEED AT,BMW
BMW INDIA PVT LTD,BMW 530D BS IV,BMW
BMW INDIA PVT LTD,"530D , BSIV",BMW
BMW INDIA PVT LTD,BMW 320D EDITION SPORT SHADOW,BMW
BMW INDIA PVT LTD,SKODA LAURA,BMW
BMW INDIA PVT LTD,BMW 520D WITH AUTO.TRAN.P.CAR,BMW
BMW INDIA PVT LTD,BMW CAR X3,BMW
BMW INDIA PVT LTD,BMW X1 SDRIVE20I (LCI) XLINE,BMW
BMW INDIA PVT LTD,BMW X6  XDRIVE 40 D WITH AT,BMW
BMW INDIA PVT LTD,BMW 330I GRAN TURISMO(LCI) LUX,BMW
BMW INDIA PVT LTD,BMW 525 D CKD BS IV,BMW
BMW INDIA PVT LTD,X1 20D XLINE,BMW
BMW INDIA PVT LTD,BMW X1 SDRIVE20D,BMW
BMW INDIA PVT LTD,BMW 330I M SPORT SHADOW,BMW
BMW INDIA PVT LTD,BMW X 3 2.0D,BMW
BMW INDIA PVT LTD,BMW X1 2.0D H,BMW
BMW INDIA PVT LTD,BMW320D BS IV,BMW
BMW INDIA PVT LTD,BMW 520 D IND CKD,BMW
BMW INDIA PVT LTD,BMW X1 20 D,BMW
BMW INDIA PVT LTD,GRAN TURISMO LUXURY LINE,BMW
BMW INDIA PVT LTD,BMW X 1,BMW
BMW INDIA PVT LTD,X7 XDRIVE 30D  DPE SIGNATURE (,BMW
BMW INDIA PVT LTD,BMW 320D IN CKD RL PRESTIGE,BMW
BMW INDIA PVT LTD,BMW X5LCI,BMW
BMW INDIA PVT LTD,BMW 530 D,BMW
BMW INDIA PVT LTD,BMW 330I M SPORT,BMW
BMW INDIA PVT LTD,BMW X3 XDRIVE20D LUXURY LINE B,BMW
BMW INDIA PVT LTD,BMW PASS. CAR 520 D,BMW
BMW INDIA PVT LTD,BMW GRAN TURISMO,BMW
BMW INDIA PVT LTD,BMW 640D D,BMW
BMW INDIA PVT LTD,BMW 520D CKD IND RL BS4,BMW
BMW INDIA PVT LTD,BMW 525D(TU) AT BSIV,BMW
BMW INDIA PVT LTD,BMW X4 XDRIVE30I MSPORT SHADOW,BMW
BMW INDIA PVT LTD,"BMW-XI S DRIVE20D,BSIV",BMW
BMW INDIA PVT LTD,730 LD LCI CKD,BMW
BMW INDIA PVT LTD,MINI COOPER S CONVERTIBLE LCI2,BMW
BMW INDIA PVT LTD,BMW 320D GT WITH A/T,BMW
BMW INDIA PVT LTD,BMW 530D HIGHLINE BS III,BMW
BMW INDIA PVT LTD,BMW X1 20D BS IV,BMW
BMW INDIA PVT LTD,"BMW INDIA PVT LTD, BMW 320LD GRAN LUXURY LINE",BMW
BMW INDIA PVT LTD,MINI COOPER S JCW,BMW
BMW INDIA PVT LTD,BMW 520 D WITH A/T,BMW
BMW INDIA PVT LTD,BMW X5 XDRIVE40I SPORTX PLUS,BMW
BMW INDIA PVT LTD,BMW 730LD BS-IV,BMW
BMW INDIA PVT LTD,BMW 320D GT,BMW
BMW INDIA PVT LTD,BMW 520D SPORT LINE WITH AT,BMW
BMW INDIA PVT LTD,BMW,BMW
BMW INDIA PVT LTD,MINI COOPER S (3- DOOR HATCH) ,BMW
BMW INDIA PVT LTD,X1 SDRIVE 18I IND CKD RL,BMW
BMW INDIA PVT LTD,BMW X1SDRIVE 20D IND CKD RL,BMW
BMW INDIA PVT LTD,BMW 3 SER GT DIS W8 SAT & CC,BMW
BMW INDIA PVT LTD,BMW X320D,BMW
BMW INDIA PVT LTD,350 L,BMW
BMW INDIA PVT LTD,BMW 530D WITH AT  BSIV,BMW
BMW INDIA PVT LTD,B.M.W 320 D,BMW
BMW INDIA PVT LTD,BMW X1 SDRIVE 20D A.T.,BMW
BMW INDIA PVT LTD,BMW M6,BMW
BMW INDIA PVT LTD,BMW  320d SPORT LINE,BMW
BMW INDIA PVT LTD,BMW X5 30 D,BMW
BMW INDIA PVT LTD,BMW CKD 520 D AUTO TRANS BSIV,BMW
BMW INDIA PVT LTD,"BMW INDIA PVT LTD, BMW X1 SDRIVE20D XLINE",BMW
BMW INDIA PVT LTD,BMW 520D WITH AUTOMATIC TRANSM,BMW
BMW INDIA PVT LTD,BMW M2,BMW
BMW INDIA PVT LTD,BMW 523I,BMW
BMW INDIA PVT LTD,BMW530 DM SPORT LCI,BMW
BMW INDIA PVT LTD,BMW X1 S DRIVE20 D AT BSIV,BMW
BMW INDIA PVT LTD,BMW X5 XDRIVE30D XLINE BSVI,BMW
BMW INDIA PVT LTD,BMW730 LD PDE,BMW
BMW INDIA PVT LTD,BMW MINI COOPER,BMW
BMW INDIA PVT LTD,"BMW INDIA PVT LTD, MINI COUNTRYMAN JCW (LCI)",BMW
BMW INDIA PVT LTD,BMW 6 SERIES GRAN TURISMO(630D,BMW
BMW INDIA PVT LTD,BMW CKD 320 D,BMW
BMW INDIA PVT LTD,BMW- 320D LUXURY LINE WITH AT ,BMW
BMW INDIA PVT LTD,OTHERS,BMW
BMW INDIA PVT LTD,BMW 520 I WITH A/T,BMW
BMW INDIA PVT LTD,BMW CKD X3,BMW
BMW INDIA PVT LTD,BMW 320D AUTO TRANSMISSION,BMW
BMW INDIA PVT LTD,BMW Z 4,BMW
BMW INDIA PVT LTD,BMW 520D WITH AUTO. TRANSMISSI,BMW
BMW INDIA PVT LTD,BMW 530I M SPORT,BMW
BMW INDIA PVT LTD,BMW 530D M Sport BS IV,BMW
BMW INDIA PVT LTD,BMW X4 X DRIVE 20D M SPORT X B,BMW
BMW INDIA PVT LTD,CKD320D SEDEN,BMW
BMW INDIA PVT LTD,BMW CKD 320D GT,BMW
BMW INDIA PVT LTD,BMW AG,BMW
BMW INDIA PVT LTD,"BMW INDIA PVT LTD, BMW X3 XDRIVE30I M SPORT",BMW
BMW INDIA PVT LTD,X1SDR1VE20D IND R,BMW
BMW INDIA PVT LTD,BMW X7 XDRIVE 40I M SPORT,BMW
BMW INDIA PVT LTD,BMW520D,BMW
BMW INDIA PVT LTD,BMW X5 XDRIVE30D XLINE,BMW
BMW INDIA PVT LTD,BMW 530D (LCI) M SPORT WITH AT BSIV,BMW
BMW INDIA PVT LTD,BMW X3 20D,BMW
BMW INDIA PVT LTD,BMW BMW,BMW
BMW INDIA PVT LTD,320d GT,BMW
BMW INDIA PVT LTD,BMW X1 SDRIVE 18 I WITH AT,BMW
BMW INDIA PVT LTD,BMW 330D,BMW
BMW INDIA PVT LTD,BMW X3 2.0 D,BMW
BMW INDIA PVT LTD,BMW CKD 525 EURO IV,BMW
BMW INDIA PVT LTD,BMW 320 D GT AUTOMATIC TRANSMI,BMW
BMW INDIA PVT LTD,BMW X3 AT,BMW
BMW INDIA PVT LTD,BMW 328I,BMW
BMW INDIA PVT LTD,BMW  320D BS4,BMW
BMW INDIA PVT LTD,X1 SDRIVE20I,BMW
BMW INDIA PVT LTD,BMW 320D LCI  BS III,BMW
BMW INDIA PVT LTD,118D SPORT LINE CKD,BMW
BMW INDIA PVT LTD,BMW 525D,BMW
BMW INDIA PVT LTD,BMW 320D(CKD)WITHAUTOMATICTRAN,BMW
BMW INDIA PVT LTD,BMW 320 d M Sport,BMW
BMW INDIA PVT LTD,BMW 320D WITH AUTO.TRANSMISSIO,BMW
BMW INDIA PVT LTD,BMW 520D DIESEL AUTO TRANSMISS,BMW
BMW INDIA PVT LTD,BMW Z4 SDRIVE 20I,BMW
BMW INDIA PVT LTD,BMW 530DGRAN TURISMO,BMW
BMW INDIA PVT LTD,MINI COOPER D HATCH,BMW
BMW INDIA PVT LTD,BMW 320D IV,BMW
BMW INDIA PVT LTD,BMW X5 3.0D CBU,BMW
BMW INDIA PVT LTD,320 D,BMW
BMW INDIA PVT LTD,BMW 320D (LCI,BMW
BMW INDIA PVT LTD,BMW 730 LD (BS-III,BMW
BMW INDIA PVT LTD,BMW 6 SERIES GRAN TURISM (630D,BMW
BMW INDIA PVT LTD,BMW 320 D BSIV,BMW
BMW INDIA PVT LTD,BMW 620D LUXURY LINE,BMW
BMW INDIA PVT LTD,320D LUXURY LINE,BMW
BMW INDIA PVT LTD,BMW 520 D WITH AUTO TRANS,BMW
BMW INDIA PVT LTD,BMW X5 XDRIVE 30D SPORT BSIV,BMW
BMW INDIA PVT LTD,BMW X5XDRIVE 30D SPORT,BMW
BMW INDIA PVT LTD,BMW 520D WITH AT BSIV,BMW
BMW INDIA PVT LTD,BMW 320D (LCI) PRESTIGE WITH A,BMW
BMW INDIA PVT LTD,BMW 630I GT LUXURY LINE,BMW
BMW INDIA PVT LTD,BMW X3 XDRIVE30D,BMW
BMW INDIA PVT LTD,BMW 530 D (GRAN TURISMO)  AT,BMW
BMW INDIA PVT LTD,BMW X1 20 BS IV,BMW
BMW INDIA PVT LTD,320D PRESTIGE,BMW
BMW INDIA PVT LTD,BMW X 5 XDRIVE 30 D,BMW
BMW INDIA PVT LTD,MINI COOPER D COUNTRYMAN,BMW
BMW INDIA PVT LTD,BMW CKD X1 20D IV,BMW
BMW INDIA PVT LTD,BMW 650CI COUPE,BMW
BMW INDIA PVT LTD,BMW 530I LCI M-SPORT,BMW
BMW INDIA PVT LTD,,BMW
BMW INDIA PVT LTD,BMW X5 XDRIVE 30D AT EURO IV,BMW
BMW INDIA PVT LTD,BMW CKD 520D AUTO TRANS BSIV,BMW
BMW INDIA PVT LTD,BMW 320 I  BS IV,BMW
BMW INDIA PVT LTD,BMW X5,BMW
BMW INDIA PVT LTD,BMW 320 I,BMW
BMW INDIA PVT LTD,BMW 630D M SPORT,BMW
BMW INDIA PVT LTD,BMW 525 DBSIV,BMW
BMW INDIA PVT LTD,"BMW-320D, BS-IV",BMW
BMW INDIA PVT LTD,1NO BMW CKD X3 XDRIVE20D,BMW
BMW INDIA PVT LTD,BMW X53.0D,BMW
BMW INDIA PVT LTD,BMW X5 XDRIVE30D (TU) DPE WITH,BMW
BMW INDIA PVT LTD,X5X DRIVE 30D 5 SEATER,BMW
BMW INDIA PVT LTD,BMW525D WITHAUTOMATICTRANSMISS,BMW
BMW INDIA PVT LTD,X1 2.0 D,BMW
BMW INDIA PVT LTD,BMW X5XDRIVE 30D,BMW
BMW INDIA PVT LTD,320D SPORT LINE,BMW
BMW INDIA PVT LTD,BMW 320d Luxury Line,BMW
BMW INDIA PVT LTD,BMW 640D GRAN COUPE DIESEL AT,BMW
BMW INDIA PVT LTD,BMW 520D AUTO TRANS,BMW
BMW INDIA PVT LTD,BMW 320D GT WITH AT,BMW
BMW INDIA PVT LTD,BMW 320D LUXURY LINE,BMW
BMW INDIA PVT LTD,BMW 320 D IN CKD RL,BMW
BMW INDIA PVT LTD,BMW RL INDIA,BMW
BMW INDIA PVT LTD,BMW X1 S DRIVE 20 D,BMW
BMW INDIA PVT LTD,BMW X6 3.0D,BMW
BMW INDIA PVT LTD,BMW 3 SERIES GT WITH AUTO TRAN,BMW
BMW INDIA PVT LTD,BMW CKD 320D,BMW
BMW INDIA PVT LTD,BMW M340I LCI XDRIVE,BMW
BMW INDIA PVT LTD,320 D BASE,BMW
BMW INDIA PVT LTD,BMW X3 20 D,BMW
BMW INDIA PVT LTD,"BMW INDIA PVT LTD, BMW X5 XDRIVE30D M SPORT",BMW
BMW INDIA PVT LTD,BMW 520D AUTO.TRANS.,BMW
BMW INDIA PVT LTD,BMW X5 XDRIVE 30D A.T.(5 STR),BMW
BMW INDIA PVT LTD,BMW                       ,BMW
BMW INDIA PVT LTD,1NO BMW CKD 320 D AUTO TRAN E3,BMW
BMW INDIA PVT LTD,BMW520DWITHATBSIV,BMW
BMW INDIA PVT LTD,BMW XI 5 DRLVE 20D,BMW
BMW INDIA PVT LTD,BMW CKD 530 D BS4,BMW
BMW INDIA PVT LTD,MINI COOPER D (3-DOOR HATCH W,BMW
BMW INDIA PVT LTD,BMW CKD 520 D AUTOMATIC,BMW
BMW INDIA PVT LTD,BMW 3 SERIES,BMW
BMW INDIA PVT LTD,BMW X5 XDRIVE30D (TU DPE WITH,BMW
