rc_maker_desc,rc_maker_model,Mapped Name
CHEVROLET SALES INDIA PVT LTD,BEAT DIESEL PS BSIV,CHEVROLET
CHEVROLET SALES INDIA PVT LTD,CRUZE,CHEVROLET
CHEVROLET SALES INDIA PVT LTD,TAVERA L 9 BS III,CHEVROLET
CHEVROLET SALES INDIA PVT LTD,CHEVROLET TAVERA P 10A BS III,CHEVROLET
CHEVROLET SALES INDIA PVT LTD,BEAT TCDI BS4,CHEVROLET
CHEVROLET SALES INDIA PVT LTD,CHEVROLET ENJOY LT 8 STR,CHEVROLET
CHEVROLET SALES INDIA PVT LTD,TAVERA LS BS3 10STR,CHEVROLET
CHEVROLET SALES INDIA PVT LTD,ENJOY 1.3 LS 8STR BSIV,CHEVROLET
CHEVROLET SALES INDIA PVT LTD,CHEVROLET EXTREME,CHEVROLET
CHEVROLET SALES INDIA PVT LTD,CHEVROLET TAVERA NEO3 LS,CHEVROLET
CHEVROLET SALES INDIA PVT LTD,SPARK PS LPG,CHEVROLET
CHEVROLET SALES INDIA PVT LTD,BEAT DIESEL BASE,CHEVROLET
CHEVROLET SALES INDIA PVT LTD,SPARK BASE,CHEVROLET
CHEVROLET SALES INDIA PVT LTD,SAIL U VA LS ABS BS IV,CHEVROLET
CHEVROLET SALES INDIA PVT LTD,BEAT PS,CHEVROLET
CHEVROLET SALES INDIA PVT LTD,"CHEVROLET CAPTIV,XTREME",CHEVROLET
CHEVROLET SALES INDIA PVT LTD,CHEVERLET  MOTOR,CHEVROLET
CHEVROLET SALES INDIA PVT LTD,TAVERA  BS 3,CHEVROLET
CHEVROLET SALES INDIA PVT LTD,CHEVROLET CRUZE.D.LTZ,CHEVROLET
CHEVROLET SALES INDIA PVT LTD,CHEVROLET BEAT P S,CHEVROLET
CHEVROLET SALES INDIA PVT LTD,AVEO UVA 1.2 LS BSIV,CHEVROLET
CHEVROLET SALES INDIA PVT LTD,CHEVROLET SAIL NB(D),CHEVROLET
CHEVROLET SALES INDIA PVT LTD,TAVERA P10A BSIII,CHEVROLET
CHEVROLET SALES INDIA PVT LTD,ENJOY TCDI LS,CHEVROLET
CHEVROLET SALES INDIA PVT LTD,CHEVY TAVERA,CHEVROLET
CHEVROLET SALES INDIA PVT LTD,BEAT 1.0 LT TCDI,CHEVROLET
CHEVROLET SALES INDIA PVT LTD,BEAT DIESEL LS 1.0 TCDI,CHEVROLET
CHEVROLET SALES INDIA PVT LTD,TAVERA NEO3 LT(P9A BSIII),CHEVROLET
CHEVROLET SALES INDIA PVT LTD,TAVERA NEO 2 B3 10S BS3,CHEVROLET
CHEVROLET SALES INDIA PVT LTD,ENJOY 1.3 LS,CHEVROLET
CHEVROLET SALES INDIA PVT LTD,SPARK LT,CHEVROLET
CHEVROLET SALES INDIA PVT LTD,ENJOY (D) LS,CHEVROLET
CHEVROLET SALES INDIA PVT LTD,CRUZE 2.0 LTZ,CHEVROLET
CHEVROLET SALES INDIA PVT LTD,SAIL U-VA,CHEVROLET
CHEVROLET SALES INDIA PVT LTD,CHEVROLET SPARK LT BS4,CHEVROLET
CHEVROLET SALES INDIA PVT LTD,TAVERA LT,CHEVROLET
CHEVROLET SALES INDIA PVT LTD,BEAT 1.0 LT TCDI OLYMPIC WHITE,CHEVROLET
CHEVROLET SALES INDIA PVT LTD,CHEVROLET SPARK BS4,CHEVROLET
CHEVROLET SALES INDIA PVT LTD,CHEVROLET BEAT TCDI BSIV,CHEVROLET
CHEVROLET SALES INDIA PVT LTD,OPTRA MAGNUM LT,CHEVROLET
CHEVROLET SALES INDIA PVT LTD,BEAT LT TCDI 1.1,CHEVROLET
CHEVROLET SALES INDIA PVT LTD,ENJOY LTZ 8 STR DIESEL,CHEVROLET
CHEVROLET SALES INDIA PVT LTD,SPARK 1.0 LS EIII,CHEVROLET
CHEVROLET SALES INDIA PVT LTD,SAIL LS BS IV,CHEVROLET
CHEVROLET SALES INDIA PVT LTD,ENJOY 1.3 LTZ,CHEVROLET
CHEVROLET SALES INDIA PVT LTD,BEAT CAR,CHEVROLET
CHEVROLET SALES INDIA PVT LTD,ENJOY 1.3L,CHEVROLET
CHEVROLET SALES INDIA PVT LTD,BEAT 1.0 BS04 15DM,CHEVROLET
CHEVROLET SALES INDIA PVT LTD,SAIL LT ABS TCDI 1.3L,CHEVROLET
CHEVROLET SALES INDIA PVT LTD,CHEVROLET BEAT E,CHEVROLET
CHEVROLET SALES INDIA PVT LTD,CHEVROLET BEAT 1.0 LTO,CHEVROLET
CHEVROLET SALES INDIA PVT LTD,CAPTIVA,CHEVROLET
CHEVROLET SALES INDIA PVT LTD,BEAT DIESEL 1.0 LT TCDI,CHEVROLET
CHEVROLET SALES INDIA PVT LTD,CHEVROLET SAIL LS ABS TCDI,CHEVROLET
CHEVROLET SALES INDIA PVT LTD,TAVERA NE03 LS(P10ABSIII),CHEVROLET
CHEVROLET SALES INDIA PVT LTD,CHEVROLET TAVERA NEO3  LT,CHEVROLET
CHEVROLET SALES INDIA PVT LTD,CHEVROLET TAVERA B 2 ( 10)EIII,CHEVROLET
CHEVROLET SALES INDIA PVT LTD,CHEVROLET TAVERA (B1.10),CHEVROLET
CHEVROLET SALES INDIA PVT LTD,VITARA BREZZA VDI,CHEVROLET
CHEVROLET SALES INDIA PVT LTD,TAVERA NEO LS 3,CHEVROLET
CHEVROLET SALES INDIA PVT LTD,BEAT 1.0 LT TCDI BS4,CHEVROLET
CHEVROLET SALES INDIA PVT LTD,ENJOY TCDI LTZ BS IV,CHEVROLET
CHEVROLET SALES INDIA PVT LTD,CHEVROAT,CHEVROLET
CHEVROLET SALES INDIA PVT LTD,BEAT LT LPG,CHEVROLET
CHEVROLET SALES INDIA PVT LTD,BEAT LS TCDI BS IV,CHEVROLET
CHEVROLET SALES INDIA PVT LTD,ENJOY 1.4  LS 8S,CHEVROLET
CHEVROLET SALES INDIA PVT LTD,TAVERA LT L8,CHEVROLET
CHEVROLET SALES INDIA PVT LTD,CHEVROLET BEAT TCDI BS4,CHEVROLET
CHEVROLET SALES INDIA PVT LTD,SAIL UVA 1.3 LS,CHEVROLET
CHEVROLET SALES INDIA PVT LTD,SAIL LT ABS BS4,CHEVROLET
CHEVROLET SALES INDIA PVT LTD,SPARK 1.0 LT,CHEVROLET
CHEVROLET SALES INDIA PVT LTD,TAVERA B3 10 BS 2 NEO 2,CHEVROLET
CHEVROLET SALES INDIA PVT LTD,CHEVROLET SPARK 1.0PS LPG,CHEVROLET
CHEVROLET SALES INDIA PVT LTD,CRUZ 2.0 VCD LTZ BS4,CHEVROLET
CHEVROLET SALES INDIA PVT LTD,CHEVROLET ENJOY TCDi LS,CHEVROLET
CHEVROLET SALES INDIA PVT LTD,TAVERA (M10A) (III),CHEVROLET
CHEVROLET SALES INDIA PVT LTD,TAVERA NEO3 LT BS III,CHEVROLET
CHEVROLET SALES INDIA PVT LTD,SAIL UVA DIESLE LT,CHEVROLET
CHEVROLET SALES INDIA PVT LTD,ENJOY LTZ 7 STR DIESEL,CHEVROLET
CHEVROLET SALES INDIA PVT LTD,CHEVROLET SPARK LT LPG BS4,CHEVROLET
CHEVROLET SALES INDIA PVT LTD,BEAT 1.2 LTO PT (BS4),CHEVROLET
CHEVROLET SALES INDIA PVT LTD,BEAT LT BS IV,CHEVROLET
CHEVROLET SALES INDIA PVT LTD,TAVERAÂ  LS (P10A BSIV),CHEVROLET
CHEVROLET SALES INDIA PVT LTD,MARUTI BALENO DELTA,CHEVROLET
CHEVROLET SALES INDIA PVT LTD,"CHEVROLET SALES INDIA PVT LTD, SPARK LS",CHEVROLET
CHEVROLET SALES INDIA PVT LTD,CHEVROLET SPARK (LT),CHEVROLET
CHEVROLET SALES INDIA PVT LTD,CHAVROLET TAVERA P10A BIII,CHEVROLET
CHEVROLET SALES INDIA PVT LTD,BEAT 1.2 LT  BS IV,CHEVROLET
CHEVROLET SALES INDIA PVT LTD,CHEVROLET CAPTIVA LTZ,CHEVROLET
CHEVROLET SALES INDIA PVT LTD,CHEVROLET BEAT   LS,CHEVROLET
CHEVROLET SALES INDIA PVT LTD,BEAT LT,CHEVROLET
CHEVROLET SALES INDIA PVT LTD,ENJOY 1.3 TCDI LS-8,CHEVROLET
CHEVROLET SALES INDIA PVT LTD,NEO 3LS,CHEVROLET
CHEVROLET SALES INDIA PVT LTD,TAVERA NEO3  LS,CHEVROLET
CHEVROLET SALES INDIA PVT LTD,BEAT TCDI 1.0L,CHEVROLET
CHEVROLET SALES INDIA PVT LTD,SPARK LS,CHEVROLET
CHEVROLET SALES INDIA PVT LTD,CHEVROLET  TRAVERA,CHEVROLET
CHEVROLET SALES INDIA PVT LTD,CHEVROLET SAIL U VA LS ABS TCD,CHEVROLET
CHEVROLET SALES INDIA PVT LTD,ENJOY 1.3 LS  BS 4,CHEVROLET
CHEVROLET SALES INDIA PVT LTD,SAIL 1.3 TCDI,CHEVROLET
CHEVROLET SALES INDIA PVT LTD,TAVERAÃÂ  LS (P10A BSIV),CHEVROLET
CHEVROLET SALES INDIA PVT LTD,BEAT TCDI,CHEVROLET
CHEVROLET SALES INDIA PVT LTD,SAIL UVA LS,CHEVROLET
CHEVROLET SALES INDIA PVT LTD,CHEVROLET TAVERA NEO3 LS TCDI,CHEVROLET
CHEVROLET SALES INDIA PVT LTD,SAIL 1.2,CHEVROLET
CHEVROLET SALES INDIA PVT LTD,SAIL NB LS,CHEVROLET
CHEVROLET SALES INDIA PVT LTD,BEAT DIESEL 1.0 LS TCDI,CHEVROLET
CHEVROLET SALES INDIA PVT LTD,CHEVROLET CRUZE VCDI LT BSIII,CHEVROLET
CHEVROLET SALES INDIA PVT LTD,OPTRA MAGNUM TCDI LS BS4,CHEVROLET
CHEVROLET SALES INDIA PVT LTD,ENJOY LS TCDI,CHEVROLET
CHEVROLET SALES INDIA PVT LTD,TAVERA NEO 2 LS 9ST,CHEVROLET
CHEVROLET SALES INDIA PVT LTD,CHEVROLET ENJOY LTZ (7STR) DIE,CHEVROLET
CHEVROLET SALES INDIA PVT LTD,CRUZE 2.0 VCD BS IV,CHEVROLET
CHEVROLET SALES INDIA PVT LTD,CHEVROLET AVEO 1.4 LS,CHEVROLET
CHEVROLET SALES INDIA PVT LTD,TAVERA LEO BS 3,CHEVROLET
CHEVROLET SALES INDIA PVT LTD,TAVERA NE03 LS,CHEVROLET
CHEVROLET SALES INDIA PVT LTD,CHEVROLET  BEAT LS,CHEVROLET
CHEVROLET SALES INDIA PVT LTD,OPTRA MAGNUM 2.0 LS TCDI BS4,CHEVROLET
CHEVROLET SALES INDIA PVT LTD,BEAT DIESEL LS,CHEVROLET
CHEVROLET SALES INDIA PVT LTD,SAIL U VA 1.3 LS TCD,CHEVROLET
CHEVROLET SALES INDIA PVT LTD,SPARK 1.0 LS BS IV,CHEVROLET
CHEVROLET SALES INDIA PVT LTD,CHEVROLET  TAVERA,CHEVROLET
CHEVROLET SALES INDIA PVT LTD,CHEVROLET BEAT LT OPT DIESEL,CHEVROLET
CHEVROLET SALES INDIA PVT LTD,AVEO UVA LS,CHEVROLET
CHEVROLET SALES INDIA PVT LTD,SAIL U VA 1.3 PS TCDI,CHEVROLET
CHEVROLET SALES INDIA PVT LTD,BEAT 1.0 LS TCDI BSIV,CHEVROLET
CHEVROLET SALES INDIA PVT LTD,CHEVROLET UVA BASE,CHEVROLET
CHEVROLET SALES INDIA PVT LTD,TAVERA NE03  LS,CHEVROLET
CHEVROLET SALES INDIA PVT LTD,TAVERA 2.5 L T EIII,CHEVROLET
CHEVROLET SALES INDIA PVT LTD,TAVERA NEO 3 LS,CHEVROLET
CHEVROLET SALES INDIA PVT LTD,SPARK LT BS IV,CHEVROLET
CHEVROLET SALES INDIA PVT LTD,CHEVROLET SPARK 1.0PS LPG BSIV,CHEVROLET
CHEVROLET SALES INDIA PVT LTD,BEAT 1.0 LTO TCDI BS 4,CHEVROLET
CHEVROLET SALES INDIA PVT LTD,TAVERA M10A,CHEVROLET
CHEVROLET SALES INDIA PVT LTD,BEAT LS BS IV,CHEVROLET
CHEVROLET SALES INDIA PVT LTD,CHEVROLET ENJOY LS,CHEVROLET
CHEVROLET SALES INDIA PVT LTD,BEAT 1.0 LT (O) TCDI,CHEVROLET
CHEVROLET SALES INDIA PVT LTD,SPARK 1.0 LT LPG BS4,CHEVROLET
CHEVROLET SALES INDIA PVT LTD,BEAT 1.2 LT(OPT),CHEVROLET
CHEVROLET SALES INDIA PVT LTD,CHEVROLET BEAT 1.0 PS BS IV,CHEVROLET
CHEVROLET SALES INDIA PVT LTD,OPTRA MAG 2.0 LT BS4,CHEVROLET
CHEVROLET SALES INDIA PVT LTD,CHEVROLET SAIL UVA PS,CHEVROLET
CHEVROLET SALES INDIA PVT LTD,OPTRA MAG 2.0 LT BS IV,CHEVROLET
CHEVROLET SALES INDIA PVT LTD,AVEO LS,CHEVROLET
CHEVROLET SALES INDIA PVT LTD,TAVERA NE03 LS P10ABSIII,CHEVROLET
CHEVROLET SALES INDIA PVT LTD,CHEVROLET CAPTIVA LT.BS-IV,CHEVROLET
CHEVROLET SALES INDIA PVT LTD,BEAT 1.0 TCDI PS,CHEVROLET
CHEVROLET SALES INDIA PVT LTD,CHEVROLET SAIL U VA LS,CHEVROLET
CHEVROLET SALES INDIA PVT LTD,ENJOY LS 8,CHEVROLET
CHEVROLET SALES INDIA PVT LTD,BEAT 1.2 LT BSIV,CHEVROLET
CHEVROLET SALES INDIA PVT LTD,CHEVROLET BEAT LT TCDI BSIV,CHEVROLET
CHEVROLET SALES INDIA PVT LTD,CHEV TAVERA NEO3 LS 10STR,CHEVROLET
CHEVROLET SALES INDIA PVT LTD,BEAT DSL 1.0LS11,CHEVROLET
CHEVROLET SALES INDIA PVT LTD,CHERVOLET SAIL UVA LS ABS TCDI,CHEVROLET
CHEVROLET SALES INDIA PVT LTD,SPARK 1.0 (LT) BSIV,CHEVROLET
CHEVROLET SALES INDIA PVT LTD,BEAT 1.0 LS,CHEVROLET
CHEVROLET SALES INDIA PVT LTD,BEAT 1.0 PS TCDI BS4,CHEVROLET
CHEVROLET SALES INDIA PVT LTD,BEAT 1.2 PS4 MY11,CHEVROLET
CHEVROLET SALES INDIA PVT LTD,CHEVROLET OPTRA MAGNUM LT,CHEVROLET
CHEVROLET SALES INDIA PVT LTD,SAIL U-VA 1.2 LS,CHEVROLET
CHEVROLET SALES INDIA PVT LTD,SAIL UVA BASEPS,CHEVROLET
CHEVROLET SALES INDIA PVT LTD,CHEVROLET TAVERA B3 10,CHEVROLET
CHEVROLET SALES INDIA PVT LTD,TAVERA M6ABS111,CHEVROLET
CHEVROLET SALES INDIA PVT LTD,CHEVROLET BEAT  LS,CHEVROLET
CHEVROLET SALES INDIA PVT LTD,BEAT DIESEL 1.0 LT TCDI WITH,CHEVROLET
CHEVROLET SALES INDIA PVT LTD,CHEVROLET ENJOY LS 8 STR,CHEVROLET
CHEVROLET SALES INDIA PVT LTD,ENJOY LT BS 4,CHEVROLET
CHEVROLET SALES INDIA PVT LTD,TAVERA LT L9 NEO 3 BSIII,CHEVROLET
CHEVROLET SALES INDIA PVT LTD,CHEVROLET  TAVERA LT L 1 9,CHEVROLET
CHEVROLET SALES INDIA PVT LTD,BEAT 1.0 LT TCDI DIESEL,CHEVROLET
CHEVROLET SALES INDIA PVT LTD,AVEO UVA 1.2,CHEVROLET
CHEVROLET SALES INDIA PVT LTD,TAVERA 10S M BS3,CHEVROLET
CHEVROLET SALES INDIA PVT LTD,BEAT 1.0,CHEVROLET
CHEVROLET SALES INDIA PVT LTD,AVEO UVA 1.2 BSIV,CHEVROLET
CHEVROLET SALES INDIA PVT LTD,CHEVROLET BEAT DSL 1.0 LT,CHEVROLET
CHEVROLET SALES INDIA PVT LTD,SAIL UVA 1.3,CHEVROLET
CHEVROLET SALES INDIA PVT LTD,SAIL NB LT ABS,CHEVROLET
CHEVROLET SALES INDIA PVT LTD,SPARK LS LPG,CHEVROLET
CHEVROLET SALES INDIA PVT LTD,CHERVOLET OPTRA,CHEVROLET
CHEVROLET SALES INDIA PVT LTD,CHEVROLET AVEO 1.6 LT,CHEVROLET
CHEVROLET SALES INDIA PVT LTD,CHEVROLET TAVERA 2 5,CHEVROLET
CHEVROLET SALES INDIA PVT LTD,BEAT DIESEL LT BSIV,CHEVROLET
CHEVROLET SALES INDIA PVT LTD,TAVERAÃÂ  (P10A BSIV),CHEVROLET
CHEVROLET SALES INDIA PVT LTD,BEAT LT .,CHEVROLET
CHEVROLET SALES INDIA PVT LTD,AVEO 1.4LT BSIV,CHEVROLET
CHEVROLET SALES INDIA PVT LTD,CHEVROLET TAVERA B 3,CHEVROLET
CHEVROLET SALES INDIA PVT LTD,CHEVROLET ENJOY TCDI LS,CHEVROLET
CHEVROLET SALES INDIA PVT LTD,CRUZE 2.0 LTZ AT BS4,CHEVROLET
CHEVROLET SALES INDIA PVT LTD,CRUZE 2.0 VCDI  LTZ,CHEVROLET
CHEVROLET SALES INDIA PVT LTD,BEAT TCDI LT BS 4,CHEVROLET
CHEVROLET SALES INDIA PVT LTD,SAIL LS,CHEVROLET
CHEVROLET SALES INDIA PVT LTD,CHEVROLET BEAT LT (LGP),CHEVROLET
CHEVROLET SALES INDIA PVT LTD,TAVERA NEO 2LT 9S BS3,CHEVROLET
CHEVROLET - IMPORTED,CHEVROLET,CHEVROLET
CHEVROLET SALES INDIA PVT LTD,SPARK LS BS IV,CHEVROLET
CHEVROLET SALES INDIA PVT LTD,BEAT PS BS IV,CHEVROLET
CHEVROLET SALES INDIA PVT LTD,BEAT 1.2 LS BS04,CHEVROLET
CHEVROLET SALES INDIA PVT LTD,CHEVROLET SAIL UVA LTABS,CHEVROLET
CHEVROLET SALES INDIA PVT LTD,AVEO UVA 1.2 BASE,CHEVROLET
CHEVROLET SALES INDIA PVT LTD,OPTRA 2.0 LT TCDI BSIV,CHEVROLET
CHEVROLET SALES INDIA PVT LTD,BEAT LT LPG BSIV,CHEVROLET
CHEVROLET SALES INDIA PVT LTD,CHEVROLET BEAT LT DIESEL,CHEVROLET
CHEVROLET SALES INDIA PVT LTD,AVEO LT BS4,CHEVROLET
CHEVROLET SALES INDIA PVT LTD,TAVERA NEO3 LT P7C BSIII,CHEVROLET
CHEVROLET SALES INDIA PVT LTD,CRUZE 2.0 VCD LTZ BS4,CHEVROLET
CHEVROLET SALES INDIA PVT LTD,SAIL 1.2 LS ABS,CHEVROLET
CHEVROLET SALES INDIA PVT LTD,CHEVROLET ENJOY D LS,CHEVROLET
CHEVROLET SALES INDIA PVT LTD,CRUZE VCDI AT,CHEVROLET
CHEVROLET SALES INDIA PVT LTD,CRUZE LTZ,CHEVROLET
CHEVROLET SALES INDIA PVT LTD,CHEVROLAT TAVERA,CHEVROLET
CHEVROLET SALES INDIA PVT LTD,CHEVROLET AVEO (LT),CHEVROLET
CHEVROLET SALES INDIA PVT LTD,CRUZE VCDI LTZ ,CHEVROLET
CHEVROLET SALES INDIA PVT LTD,SPARK 1.0 LT BS4,CHEVROLET
CHEVROLET SALES INDIA PVT LTD,CHEVROLET SAIL U VA LS ABS,CHEVROLET
CHEVROLET SALES INDIA PVT LTD,CHEVROLET BEAT  LT,CHEVROLET
CHEVROLET SALES INDIA PVT LTD,CHEROLET ENJOY 8LS,CHEVROLET
CHEVROLET SALES INDIA PVT LTD,TAVERA NEO.3,CHEVROLET
CHEVROLET SALES INDIA PVT LTD,SAIL U-VA 1.2 BASE,CHEVROLET
CHEVROLET SALES INDIA PVT LTD,BEAT LS BSIV,CHEVROLET
CHEVROLET SALES INDIA PVT LTD,CHEROLET BEAT LT TCDI,CHEVROLET
CHEVROLET SALES INDIA PVT LTD,ENJOY LS 8STR BS4,CHEVROLET
CHEVROLET SALES INDIA PVT LTD,BEAT 1.2 PS BS0411,CHEVROLET
CHEVROLET SALES INDIA PVT LTD,TAVERA BS3,CHEVROLET
CHEVROLET SALES INDIA PVT LTD,CRUZE 2.0 LTZ VCDI BS IV,CHEVROLET
CHEVROLET SALES INDIA PVT LTD,OPTRA MAGNUM2.0LT AAC TCDI BS4,CHEVROLET
CHEVROLET SALES INDIA PVT LTD,TAVERA LT L9,CHEVROLET
CHEVROLET SALES INDIA PVT LTD,BEAT 1.2 LS BS IV,CHEVROLET
CHEVROLET SALES INDIA PVT LTD,TAVERA LT 9C BS3,CHEVROLET
CHEVROLET SALES INDIA PVT LTD,TAVERA NEO3 LS (P10ABSIII),CHEVROLET
CHEVROLET SALES INDIA PVT LTD,CHEVROLET BEAT TCDI,CHEVROLET
CHEVROLET SALES INDIA PVT LTD,BEAT LT TCDI BS IV,CHEVROLET
CHEVROLET SALES INDIA PVT LTD,CHEVROLET SPARK LS LPG,CHEVROLET
CHEVROLET SALES INDIA PVT LTD,BEAT 1.0 PS TDCI,CHEVROLET
CHEVROLET SALES INDIA PVT LTD,OPTRA,CHEVROLET
CHEVROLET SALES INDIA PVT LTD,SAIL 12,CHEVROLET
CHEVROLET SALES INDIA PVT LTD,CRUZE LTZ BSIV,CHEVROLET
CHEVROLET SALES INDIA PVT LTD,SAIL LS ABS TCDI 1.3 L,CHEVROLET
CHEVROLET SALES INDIA PVT LTD,CHEVROLET SPARK LT,CHEVROLET
CHEVROLET SALES INDIA PVT LTD,OPTRA 1.6 BS3,CHEVROLET
CHEVROLET SALES INDIA PVT LTD,BEAT 1.2 PS BS IV,CHEVROLET
CHEVROLET SALES INDIA PVT LTD,SPARK 1.0 CT,CHEVROLET
CHEVROLET SALES INDIA PVT LTD,BEAT 1.0 PS TCDI BS 4,CHEVROLET
CHEVROLET SALES INDIA PVT LTD,AVEO 1.4 LT,CHEVROLET
CHEVROLET SALES INDIA PVT LTD,CHEVROLET ENJOY L S 8,CHEVROLET
CHEVROLET SALES INDIA PVT LTD,VENTO 1 6 CR MT   HP,CHEVROLET
CHEVROLET SALES INDIA PVT LTD,BEAT LT BS-4,CHEVROLET
CHEVROLET SALES INDIA PVT LTD,TAVERA P10A,CHEVROLET
CHEVROLET SALES INDIA PVT LTD,OPTRA 2.0 LT,CHEVROLET
CHEVROLET SALES INDIA PVT LTD,BEAT 1.0 LT,CHEVROLET
CHEVROLET SALES INDIA PVT LTD,BEAT DIESEL PS,CHEVROLET
CHEVROLET SALES INDIA PVT LTD,ENJOY 1.3 LT TCDI,CHEVROLET
CHEVROLET SALES INDIA PVT LTD,BEAT DIESEL LT,CHEVROLET
CHEVROLET SALES INDIA PVT LTD,CHEVROLET CRUZE VCDI LTZ,CHEVROLET
CHEVROLET SALES INDIA PVT LTD,ENJOY TCDI LTZ,CHEVROLET
CHEVROLET SALES INDIA PVT LTD,CHVEROLET TAVERA B1 10,CHEVROLET
CHEVROLET SALES INDIA PVT LTD,CHEVROLET SPARK 1.0,CHEVROLET
CHEVROLET SALES INDIA PVT LTD,TAVERA NEO3 LS P10A BS III,CHEVROLET
CHEVROLET SALES INDIA PVT LTD,CHEVROLET CLASSIC,CHEVROLET
CHEVROLET SALES INDIA PVT LTD,BEAT  LS,CHEVROLET
CHEVROLET SALES INDIA PVT LTD,TAVERA B1 10BS3 BG,CHEVROLET
CHEVROLET SALES INDIA PVT LTD,BEAT DIESEL 1.0 TCDI,CHEVROLET
CHEVROLET SALES INDIA PVT LTD,MARUTI SWIFT DZIRE VDI BS IV,CHEVROLET
CHEVROLET SALES INDIA PVT LTD,SAIL UVA,CHEVROLET
CHEVROLET SALES INDIA PVT LTD,SAIL U VA 1.3 LS TCDI ABS,CHEVROLET
CHEVROLET SALES INDIA PVT LTD,CHEVROLET SAIL LS,CHEVROLET
CHEVROLET SALES INDIA PVT LTD,ENJOY LS BSIV,CHEVROLET
CHEVROLET SALES INDIA PVT LTD,CHEVROLET BEAT LT BS,CHEVROLET
CHEVROLET SALES INDIA PVT LTD,BEAT LS 1.2 BSIV,CHEVROLET
CHEVROLET SALES INDIA PVT LTD,CHEVROLET BEAT LT ,CHEVROLET
CHEVROLET SALES INDIA PVT LTD,NEO 3 LT,CHEVROLET
CHEVROLET SALES INDIA PVT LTD,TAVERA NEO3 LT9 BS3,CHEVROLET
CHEVROLET SALES INDIA PVT LTD,CHEVROLET ENJOY LS 7STR,CHEVROLET
CHEVROLET SALES INDIA PVT LTD,TAVERAB 1,CHEVROLET
CHEVROLET SALES INDIA PVT LTD,CHEVROLET TAVERA B3 10 METALIC,CHEVROLET
CHEVROLET SALES INDIA PVT LTD,SAIL U VA 1.3 LS TCDI,CHEVROLET
CHEVROLET SALES INDIA PVT LTD,TAVERA B3 7SE,CHEVROLET
CHEVROLET SALES INDIA PVT LTD,CHEVROLET SAIL LT ABS TCDI,CHEVROLET
CHEVROLET SALES INDIA PVT LTD,SAIL U VA 1.2L,CHEVROLET
CHEVROLET SALES INDIA PVT LTD,TAVERA B 4 (S 7),CHEVROLET
CHEVROLET SALES INDIA PVT LTD,BEAT 1.O PS TCDI BSIV,CHEVROLET
CHEVROLET SALES INDIA PVT LTD,CHEVROLET  TAVERA 10,CHEVROLET
CHEVROLET SALES INDIA PVT LTD,CRUZE 2.0 LT BS IV,CHEVROLET
CHEVROLET SALES INDIA PVT LTD,CHEVROLET CRUSE,CHEVROLET
CHEVROLET SALES INDIA PVT LTD,CHEVROLET CRUZE LTZ,CHEVROLET
CHEVROLET SALES INDIA PVT LTD,CHEVROLET SPARK LT PETROL,CHEVROLET
CHEVROLET SALES INDIA PVT LTD,CHEVROLET BEAT LS PETROL,CHEVROLET
CHEVROLET SALES INDIA PVT LTD,TAVERA NEO 3 LT TCDI P9A BSIV,CHEVROLET
CHEVROLET SALES INDIA PVT LTD,K10B VXI,CHEVROLET
CHEVROLET SALES INDIA PVT LTD,ENJOY LS 8STR PETROL,CHEVROLET
CHEVROLET SALES INDIA PVT LTD,SPARK LS BS4,CHEVROLET
CHEVROLET SALES INDIA PVT LTD,CHEVROLET AVEO UVA 1.2,CHEVROLET
CHEVROLET SALES INDIA PVT LTD,CHEVROLET ENJOY TCDI,CHEVROLET
CHEVROLET SALES INDIA PVT LTD,ENJOY LT 7 STR DIESEL,CHEVROLET
CHEVROLET SALES INDIA PVT LTD,SAIL LS ABS PCDI BS 4,CHEVROLET
CHEVROLET SALES INDIA PVT LTD,BEAT1.2PS,CHEVROLET
CHEVROLET SALES INDIA PVT LTD,CRUZE VCDI 2.0 LTZ AT,CHEVROLET
CHEVROLET SALES INDIA PVT LTD,CHEVROLET UVA SAIL,CHEVROLET
CHEVROLET SALES INDIA PVT LTD,NEO 3 LS,CHEVROLET
CHEVROLET SALES INDIA PVT LTD,SAIL U VA LS TCDI 1.3L,CHEVROLET
CHEVROLET SALES INDIA PVT LTD,SAIL U-VA 1.3 LS ABS TCDI,CHEVROLET
CHEVROLET SALES INDIA PVT LTD,TAVERA,CHEVROLET
CHEVROLET SALES INDIA PVT LTD,BEAT PETROL BASE,CHEVROLET
CHEVROLET SALES INDIA PVT LTD,CHEVROLET BEAT LPG,CHEVROLET
CHEVROLET SALES INDIA PVT LTD,TAVERA L9S,CHEVROLET
CHEVROLET SALES INDIA PVT LTD,SAIL UVA LT,CHEVROLET
CHEVROLET SALES INDIA PVT LTD,CHEVROLET BEAT LT,CHEVROLET
CHEVROLET SALES INDIA PVT LTD,TAVERA NEW 2 BS-3,CHEVROLET
CHEVROLET SALES INDIA PVT LTD,OPTRA 2.0 LT BS4,CHEVROLET
CHEVROLET SALES INDIA PVT LTD,TAVERA NEO3 LS BS3 10STR,CHEVROLET
CHEVROLET SALES INDIA PVT LTD,TAVERA B3 10 BS 3 NEO 2,CHEVROLET
CHEVROLET SALES INDIA PVT LTD,BEAT 1.2,CHEVROLET
CHEVROLET SALES INDIA PVT LTD,OPTRA 1.6 LT,CHEVROLET
CHEVROLET SALES INDIA PVT LTD,TAVERA B3(7) SC BSIII,CHEVROLET
CHERVOLET,CHERVOLETTAVERA(B3-10),CHEVROLET
CHEVROLET SALES INDIA PVT LTD,CHEVROLET SAIL,CHEVROLET
CHEVROLET,CHEVROLET AVEO  UVA  LS,CHEVROLET
CHEVROLET SALES INDIA PVT LTD,TAVERA NEO3 LS (P10A-BSIII),CHEVROLET
CHEVROLET SALES INDIA PVT LTD,CHEVROLET  AVEO LS,CHEVROLET
CHEVROLET SALES INDIA PVT LTD,OPTRA 2.0 LS TCDI BS4,CHEVROLET
CHEVROLET SALES INDIA PVT LTD,SAIL U VA 1.2,CHEVROLET
CHEVROLET SALES INDIA PVT LTD,CHEVROLET CRUZE 2.0 VCDI LTZ,CHEVROLET
CHEVROLET SALES INDIA PVT LTD,BEAT 1.2 PS,CHEVROLET
CHEVROLET SALES INDIA PVT LTD,TAVERA B 3 (10),CHEVROLET
CHEVROLET SALES INDIA PVT LTD,"CHEVROLET SALES INDIA PVT LTD, SPARK 1.0 LS",CHEVROLET
CHEVROLET SALES INDIA PVT LTD,ENJOY 1.3 LS TCDI,CHEVROLET
CHEVROLET SALES INDIA PVT LTD,SAIL 1.3 TCDI BASE,CHEVROLET
CHEVROLET SALES INDIA PVT LTD,CHEVROLET SPARK PS,CHEVROLET
CHEVROLET SALES INDIA PVT LTD,NEO3 LT,CHEVROLET
CHEVROLET,CHEVROLET CAPTIVA(LT)BSIII,CHEVROLET
CHEVROLET SALES INDIA PVT LTD,BEAT LS LPG,CHEVROLET
CHEVROLET SALES INDIA PVT LTD,CHEVROLET TAVERA PLOA BS III,CHEVROLET
CHEVROLET SALES INDIA PVT LTD,CHEVROLET BEAT LT PETROL ,CHEVROLET
CHEVROLET SALES INDIA PVT LTD,CHEVROLET TAVERA BS III,CHEVROLET
CHEVROLET SALES INDIA PVT LTD,SPARK 1.0 LS BS4,CHEVROLET
CHEVROLET SALES INDIA PVT LTD,CHEVROLET SPARK,CHEVROLET
CHEVROLET SALES INDIA PVT LTD,CHEVROLET BEAT 1.0 LS TCDI,CHEVROLET
CHEVROLET SALES INDIA PVT LTD,BEAT TCDI LS,CHEVROLET
CHEVROLET SALES INDIA PVT LTD,TAVERA NEO3 LS BS3,CHEVROLET
CHEVROLET SALES INDIA PVT LTD,TAVERA LT L 9 NEO 2 BS3,CHEVROLET
CHEVROLET SALES INDIA PVT LTD,TAVERA NEO 2B3 10S LS TURBO,CHEVROLET
CHEVROLET SALES INDIA PVT LTD,CHEVROLET SAIL N B 1.2 B PET,CHEVROLET
CHEVROLET SALES INDIA PVT LTD,SAIL UVA LS ABS TCDI,CHEVROLET
CHEVROLET SALES INDIA PVT LTD,CHEVROLET CRUZE VCDI,CHEVROLET
CHEVROLET SALES INDIA PVT LTD,TAVERAB 3 (10 STR),CHEVROLET
CHEVROLET SALES INDIA PVT LTD,CHEVROLET TAVERA NEO3LS,CHEVROLET
CHEVROLET SALES INDIA PVT LTD,TAVERA B.3 (10),CHEVROLET
CHEVROLET SALES INDIA PVT LTD,AVEO-UVA 1.2 LS,CHEVROLET
CHEVROLET SALES INDIA PVT LTD,ENJOY LS 8 STR PETROL,CHEVROLET
CHEVROLET SALES INDIA PVT LTD,CHEVROLET ENJOY DIESEL LS,CHEVROLET
CHEVROLET SALES INDIA PVT LTD,BEAT DIESEL LSBS4,CHEVROLET
CHEVROLET SALES INDIA PVT LTD,SAIL LS ABS TCDI BS IV,CHEVROLET
CHEVROLET SALES INDIA PVT LTD,BEAT LT TCDI BS4,CHEVROLET
CHEVROLET SALES INDIA PVT LTD,TAVERA B47 BS2,CHEVROLET
CHEVROLET SALES INDIA PVT LTD,OPTRA MAGNUM 1.6 LT BS IV,CHEVROLET
CHEVROLET SALES INDIA PVT LTD,TAVERA B 3,CHEVROLET
CHEVROLET SALES INDIA PVT LTD,CHEVROLET TAVERA,CHEVROLET
CHEVROLET SALES INDIA PVT LTD,BEAT 1.2 BS 04,CHEVROLET
CHEVROLET SALES INDIA PVT LTD,TAVERA LTL 8 BSIII,CHEVROLET
CHEVROLET SALES INDIA PVT LTD,TAVERA B3(10),CHEVROLET
CHEVROLET SALES INDIA PVT LTD,SAIL 1.2 LS,CHEVROLET
CHEVROLET SALES INDIA PVT LTD,CHEVROLET CAPTIVA  LTZ AWD,CHEVROLET
CHEVROLET SALES INDIA PVT LTD,SAIL U-VA 1.3 LT ABS TCDI,CHEVROLET
CHEVROLET SALES INDIA PVT LTD,CHEVROLET CAPTIVA LT,CHEVROLET
CHEVROLET SALES INDIA PVT LTD,SPARK 1.0 LS,CHEVROLET
CHEVROLET SALES INDIA PVT LTD,PASSAT TDI CAR,CHEVROLET
CHEVROLET SALES INDIA PVT LTD,BEAT 1.0 LS DIESEL,CHEVROLET
CHEVROLET SALES INDIA PVT LTD,SAIL LS ABS,CHEVROLET
CHEVROLET SALES INDIA PVT LTD,CHEVROLET BEAT PS DIESEL,CHEVROLET
CHEVROLET SALES INDIA PVT LTD,CRUZE VCDI 2.0LTZ,CHEVROLET
CHEVROLET SALES INDIA PVT LTD,SAIL U VA 1.3,CHEVROLET
CHEVROLET SALES INDIA PVT LTD,TAVERA NEO 3 M10A BSIII,CHEVROLET
CHEVROLET SALES INDIA PVT LTD,CHEVROLET BEAT LS TCDI,CHEVROLET
CHEVROLET SALES INDIA PVT LTD,CHEVROLET SAIL LS ABS,CHEVROLET
CHEVROLET SALES INDIA PVT LTD,CAPTIVA LTZ AWD,CHEVROLET
CHEVROLET SALES INDIA PVT LTD,CHEVROLET BEAT,CHEVROLET
CHEVROLET SALES INDIA PVT LTD,CRUZE VCDILTZ,CHEVROLET
CHEVROLET TAVERA M7A BS3,GENERAL MOTORS INDIA LTD,CHEVROLET
CHEVROLET SALES INDIA PVT LTD,CHEVROLET TAVERA NCO3 LS10,CHEVROLET
CHEVROLET SALES INDIA PVT LTD,ALTO K10 VXI,CHEVROLET
CHEVROLET SALES INDIA PVT LTD,SPARK LT LPG,CHEVROLET
CHEVROLET SALES INDIA PVT LTD,BEAT 1.0LT,CHEVROLET
CHEVROLET SALES INDIA PVT LTD,SAIL U VA LT ABS BS IV,CHEVROLET
CHEVROLET SALES INDIA PVT LTD,MARUTI SWIFT VDI BS IV,CHEVROLET
CHEVROLET SALES INDIA PVT LTD,BEAT TCDI  BSIV,CHEVROLET
CHEVROLET SALES INDIA PVT LTD,CHEVROLET BEAT1.0 PS BSIV,CHEVROLET
CHEVROLET SALES INDIA PVT LTD,BEAT 1.2LS BSIV 16,CHEVROLET
CHEVROLET SALES INDIA PVT LTD,TAVERA NEO3 LSBS3,CHEVROLET
CHEVROLET SALES INDIA PVT LTD,CRUZE VCDI AT LTZ,CHEVROLET
CHEVROLET SALES INDIA PVT LTD,CAPTIVA 2.2 LTZ,CHEVROLET
CHEVROLET SALES INDIA PVT LTD,CHEVROLET SPARK LPG,CHEVROLET
CHEVROLET SALES INDIA PVT LTD,CRUZE 2.0 VCDI LTZ BS4,CHEVROLET
CHEVROLET SALES INDIA PVT LTD,BEAT LS TCDI 1.0L,CHEVROLET
CHEVROLET SALES INDIA PVT LTD,BEAT 1.2 LT BS4,CHEVROLET
CHEVROLET SALES INDIA PVT LTD,CHEVROLET SPARK L T,CHEVROLET
CHEVROLET SALES INDIA PVT LTD,CHEVROLET SAIL YUVA,CHEVROLET
CHEVROLET SALES INDIA PVT LTD,BEAT 1.0 LT BS IV,CHEVROLET
CHEVROLET SALES INDIA PVT LTD,CHEVROLET ENJOY LTZ,CHEVROLET
CHEVROLET SALES INDIA PVT LTD,SAIL LS 1.2,CHEVROLET
CHEVROLET SALES INDIA PVT LTD,BEAT LS,CHEVROLET
CHEVROLET SALES INDIA PVT LTD,CHEVROLET CRUZE LTZ.,CHEVROLET
CHEVROLET SALES INDIA PVT LTD,SAIL U VA BASE,CHEVROLET
CHEVROLET SALES INDIA PVT LTD,CHEVROLET SPARK1.0 LS,CHEVROLET
CHEVROLET SALES INDIA PVT LTD,ENJOY LS 8STR,CHEVROLET
CHEVROLET SALES INDIA PVT LTD,TAVERA NEO3 LS,CHEVROLET
CHEVROLET SALES INDIA PVT LTD,SPARK 1.0,CHEVROLET
CHEVROLET SALES INDIA PVT LTD,CHEVROLET TAVERA P10,CHEVROLET
CHEVROLET SALES INDIA PVT LTD,CHEVROLET SPARK LS,CHEVROLET
CHEVROLET SALES INDIA PVT LTD,BEAT BS 4,CHEVROLET
CHEVROLET SALES INDIA PVT LTD,CHEVROLET ENJOY (D) LS,CHEVROLET
CHEVROLET SALES INDIA PVT LTD,CHEVROLET SAIL HATCHBACK BSIII,CHEVROLET
CHEVROLET SALES INDIA PVT LTD,CAPTIVA 2.2 LTZ AT,CHEVROLET
CHEVROLET SALES INDIA PVT LTD,CHEVROLET BEAT D PS,CHEVROLET
CHEVROLET,TAVERAB3-7BSIII,CHEVROLET
CHEVROLET SALES INDIA PVT LTD,CHEVROLET BEAT DSL,CHEVROLET
CHEVROLET SALES INDIA PVT LTD,TAVERA B3 10 NEO 2 BS3,CHEVROLET
CHEVROLET SALES INDIA PVT LTD,ENJOY 1.4L,CHEVROLET
CHEVROLET SALES INDIA PVT LTD,CHEVROLET CRUZE VCDI LT,CHEVROLET
CHEVROLET SALES INDIA PVT LTD,AVEO U-VA 1.2 LT OPTION BS4,CHEVROLET
CHEVROLET SALES INDIA PVT LTD,TAVERA B1 7,CHEVROLET
CHEVROLET SALES INDIA PVT LTD,AVEO UVA 1.2 LS,CHEVROLET
CHEVROLET SALES INDIA PVT LTD,CHEVROLET TAVERA 2.5,CHEVROLET
CHEVROLET SALES INDIA PVT LTD,CHEVROLET TAVERA LS,CHEVROLET
CHEVROLET SALES INDIA PVT LTD,TAVERA CAR,CHEVROLET
CHEVROLET SALES INDIA PVT LTD,BEAT LS TCDI,CHEVROLET
CHEVROLET SALES INDIA PVT LTD,CHEVROLET SPARK I.0 LT,CHEVROLET
CHEVROLET SALES INDIA PVT LTD,TAVERA B3 10 (BS3) NEO 2,CHEVROLET
CHEVROLET SALES INDIA PVT LTD,CHEVROLET OPTRA,CHEVROLET
CHEVROLET SALES INDIA PVT LTD,CHEVROLET ENJOY LS 8STR D,CHEVROLET
CHEVROLET SALES INDIA PVT LTD,CHEVROLET TAVERA LT 9STR,CHEVROLET
CHEVROLET SALES INDIA PVT LTD,CHEVROLET SAIL U VA LS ABS T,CHEVROLET
CHEVROLET SALES INDIA PVT LTD,TAVERA NEO3 LS 10STR,CHEVROLET
CHEVROLET SALES INDIA PVT LTD,CHEVROLET CRUZE,CHEVROLET
CHEVROLET SALES INDIA PVT LTD,CHEVROLET,CHEVROLET
CHEVROLET SALES INDIA PVT LTD,SAIL LS TCDI 1.3,CHEVROLET
CHEVROLET SALES INDIA PVT LTD,SPARK,CHEVROLET
CHEVROLET SALES INDIA PVT LTD,"CHEVROLET SALES INDIA PVT LTD, TAVERA PI0A BSIII",CHEVROLET
CHEVROLET SALES INDIA PVT LTD,MARUTI ALTO 800  LXI BS IV,CHEVROLET
CHEVROLET SALES INDIA PVT LTD,TAVERA BSDI,CHEVROLET
CHEVROLET SALES INDIA PVT LTD,BEAT PS TCDI,CHEVROLET
CHEVROLET SALES INDIA PVT LTD,,CHEVROLET
CHEVROLET SALES INDIA PVT LTD,TAVERA NEO 2 BS3 10ST,CHEVROLET
CHEVROLET SALES INDIA PVT LTD,BEAT LT DIESEL,CHEVROLET
CHEVROLET SALES INDIA PVT LTD,CHEVROLET SPARK BASE,CHEVROLET
CHEVROLET SALES INDIA PVT LTD,SAIL LS ABS TCDI,CHEVROLET
CHEVROLET SALES INDIA PVT LTD,SPARK LT LPG BS 4,CHEVROLET
CHEVROLET SALES INDIA PVT LTD,SAIL,CHEVROLET
CHEVROLET SALES INDIA PVT LTD,SAIL UVA LS ABS,CHEVROLET
CHEVROLET SALES INDIA PVT LTD,CHEVROLET SAIL UVA D BASE BS4,CHEVROLET
CHEVROLET SALES INDIA PVT LTD,BEAT 1.2 LT,CHEVROLET
CHEVROLET SALES INDIA PVT LTD,BEAT 1.0 LT BS04,CHEVROLET
CHEVROLET SALES INDIA PVT LTD,SAIL LT ABS BS IV,CHEVROLET
CHEVROLET SALES INDIA PVT LTD,SPARK 1.0 LS BS3,CHEVROLET
CHEVROLET SALES INDIA PVT LTD,CHEVORLET CRUZE 2.0 LT,CHEVROLET
CHEVROLET SALES INDIA PVT LTD,ENJOY TCDI LT,CHEVROLET
CHEVROLET SALES INDIA PVT LTD,SAIL U-VA 1.3 LS TCDI,CHEVROLET
CHEVROLET SALES INDIA PVT LTD,CHEVROLET SAIL LS TCDI,CHEVROLET
CHEVROLET SALES INDIA PVT LTD,ENJOY,CHEVROLET
CHEVROLET SALES INDIA PVT LTD,ENJOY 1.3 TCDI LT-7,CHEVROLET
CHEVROLET SALES INDIA PVT LTD,CHEVROLET BEAT 1.0 PS TCDI BS4,CHEVROLET
CHEVROLET SALES INDIA PVT LTD,SAIL 1.2 PS,CHEVROLET
CHEVROLET SALES INDIA PVT LTD,CHEVROLET SPARK 1.0 PS,CHEVROLET
CHEVROLET SALES INDIA PVT LTD,TAVERA CHEVROLET,CHEVROLET
CHEVROLET SALES INDIA PVT LTD,BEAT 1.0 LS TCDI BSO4,CHEVROLET
CHEVROLET SALES INDIA PVT LTD,CHEVROLET ENJOY TCDI LT BS4,CHEVROLET
CHEVROLET SALES INDIA PVT LTD,BEAT LT BS4,CHEVROLET
CHEVROLET SALES INDIA PVT LTD,CRUZE 2.0 LTZ MT BS4,CHEVROLET
CHEVROLET SALES INDIA PVT LTD,SAIL HATCHBACK 1.3 TCDI LS AB,CHEVROLET
CHEVROLET SALES INDIA PVT LTD,TAVERA LT L 7 (C) NEO 2 BS3,CHEVROLET
CHEVROLET SALES INDIA PVT LTD,CHEVROLET BEAT LT BSIV,CHEVROLET
CHEVROLET SALES INDIA PVT LTD,CHEVROLET BEAT1.0LS BSIV,CHEVROLET
CHEVROLET SALES INDIA PVT LTD,CRUZE 2.0LTZ,CHEVROLET
CHEVROLET SALES INDIA PVT LTD,ALTO 800 VXI,CHEVROLET
CHEVROLET SALES INDIA PVT LTD,C/SPARK,CHEVROLET
CHEVROLET SALES INDIA PVT LTD,SAIL 1.2 LT ABS,CHEVROLET
CHEVROLET SALES INDIA PVT LTD,CHEVROLET BET 1.2 LS,CHEVROLET
CHEVROLET SALES INDIA PVT LTD,CRUZE VCDI,CHEVROLET
CHEVROLET SALES INDIA PVT LTD,CHEVROLET SAIL  U VA,CHEVROLET
CHEVROLET SALES INDIA PVT LTD,SPARK  1.0 LT,CHEVROLET
CHEVROLET SALES INDIA PVT LTD,OTHERS,CHEVROLET
CHEVROLET SALES INDIA PVT LTD,CHEVROLET CAPTIVA 2.0 LT XTREM,CHEVROLET
CHEVROLET SALES INDIA PVT LTD,SAIL 1-2 LS ABS,CHEVROLET
CHEVROLET SALES INDIA PVT LTD,SAIL NB LS ABS TCDI,CHEVROLET
CHEVROLET SALES INDIA PVT LTD,TAVERA L9 BS3 NEO 2,CHEVROLET
CHEVROLET SALES INDIA PVT LTD,TAVERA B3 10 BS3 NEO 2,CHEVROLET
CHEVROLET SALES INDIA PVT LTD,SAIL LS ABS TCDI 1.3,CHEVROLET
CHEVROLET SALES INDIA PVT LTD,BEAT 1.0 LS TCDI,CHEVROLET
CHEVROLET SALES INDIA PVT LTD,SAIL YUVA,CHEVROLET
CHEVROLET SALES INDIA PVT LTD,CRUZE VCD LT BS IV,CHEVROLET
CHEVROLET SALES INDIA PVT LTD,CHEV TAV NEO3 LS BS3 10 STR,CHEVROLET
CHEVROLET SALES INDIA PVT LTD,TAVERA B3,CHEVROLET
CHEVROLET SALES INDIA PVT LTD,CHEVROLET SAIL NB LS ABS,CHEVROLET
CHEVROLET SALES INDIA PVT LTD,BEAT CHEVEROLET,CHEVROLET
CHEVROLET SALES INDIA PVT LTD,CHEVROLET ENJOY LS/8,CHEVROLET
CHEVROLET SALES INDIA PVT LTD,CRUZE 2.0 VCDI LTZ,CHEVROLET
CHEVROLET SALES INDIA PVT LTD,TAVERA B3 10 BS2,CHEVROLET
CHEVROLET SALES INDIA PVT LTD,CHEVROLET ENJOY TCDI LTZ BSIV,CHEVROLET
CHEVROLET SALES INDIA PVT LTD,BEAT DSL 1.0 LS,CHEVROLET
CHEVROLET SALES INDIA PVT LTD,CHEVROLET TAVERA NE03 LT,CHEVROLET
CHEVROLET SALES INDIA PVT LTD,BEAT 1.2LT BS 04 10,CHEVROLET
CHEVROLET SALES INDIA PVT LTD,OPTRA 1.6 LS,CHEVROLET
CHEVROLET SALES INDIA PVT LTD,BEAT 1.0 PS TCDI,CHEVROLET
CHEVROLET SALES INDIA PVT LTD,BEAT 1.0 LT TCDI BS04,CHEVROLET
CHEVROLET SALES INDIA PVT LTD,CHEVROLET BEAT TCDI BS IV,CHEVROLET
CHEVROLET SALES INDIA PVT LTD,TAVERA NEO 3 LT TCDI P9A BSI,CHEVROLET
CHEVROLET SALES INDIA PVT LTD,ENJOY 1.3 TCDI LTZ-7,CHEVROLET
CHEVROLET SALES INDIA PVT LTD,BEAT 1.0 LS BSIV,CHEVROLET
CHEVROLET SALES INDIA PVT LTD,BEAT LT TCDI,CHEVROLET
CHEVROLET SALES INDIA PVT LTD,SAIL.,CHEVROLET
CHEVROLET SALES INDIA PVT LTD,BEAT 1.2 LS BS 4,CHEVROLET
CHEVROLET SALES INDIA PVT LTD,CHEVROLET SPARK LT BSIII,CHEVROLET
CHEVROLET SALES INDIA PVT LTD,TAVERA LT L9 NEO 2 BS3,CHEVROLET
CHEVROLET SALES INDIA PVT LTD,CHEVROLET AVEO UVA LS,CHEVROLET
CHEVROLET SALES INDIA PVT LTD,ENJOY LS 8 STR DIESEL,CHEVROLET
CHEVROLET SALES INDIA PVT LTD,TAVERA B3 10,CHEVROLET
CHEVROLET SALES INDIA PVT LTD,OPTRA 1.6,CHEVROLET
CHEVROLET SALES INDIA PVT LTD,CHEVROLET ENJOY LS 8STR,CHEVROLET
CHEVROLET SALES INDIA PVT LTD,SAIL LT ABS TCDI,CHEVROLET
CHEVROLET SALES INDIA PVT LTD,TAVERA LS NEO3 BS3 10STR,CHEVROLET
CHEVROLET SALES INDIA PVT LTD,BEAT 1.0PS DSL,CHEVROLET
CHEVROLET SALES INDIA PVT LTD,CHEVROLET AVEO 1.4 LT,CHEVROLET
CHEVROLET SALES INDIA PVT LTD,"CHEVROLET BEAT ""LT""",CHEVROLET
CHEVROLET SALES INDIA PVT LTD,TAVERA NEO 3 MAX (10) EURO III,CHEVROLET
CHEVROLET SALES INDIA PVT LTD,MARUTI SWIFT LDI BS IV,CHEVROLET
CHEVROLET SALES INDIA PVT LTD,SPARK 1.0 LS  BSIV,CHEVROLET
CHEVROLET SALES INDIA PVT LTD,BEAT,CHEVROLET
CHEVROLET SALES INDIA PVT LTD,SWIFT DZIRE VDI (O) BS IV,CHEVROLET
CHEVROLET SALES INDIA PVT LTD,ENJOY LS,CHEVROLET
CHEVROLET SALES INDIA PVT LTD,CHEVROLET BEAT 1.2 LS BS IV,CHEVROLET
CHEVROLET SALES INDIA PVT LTD,SAIL 1.3LS TCDI ABS,CHEVROLET
CHEVROLET SALES INDIA PVT LTD,CHEVROLET BEAT 1.0LT TCDI BS04,CHEVROLET
CHEVROLET SALES INDIA PVT LTD,TAVERA NEO3 LT,CHEVROLET
CHEVROLET SALES INDIA PVT LTD,CHEVROLET CRUZE VCDI AT LTZ,CHEVROLET
CHEVROLET SALES INDIA PVT LTD,AVEO 1.4 LS,CHEVROLET
CHEVROLET SALES INDIA PVT LTD,ALTO 800 LXI,CHEVROLET
CHEVROLET SALES INDIA PVT LTD,TAVERA NEO3  TCDI (BSIV),CHEVROLET
CHEVROLET SALES INDIA PVT LTD,CHEVROLET BEAT BS4,CHEVROLET
CHEVROLET SALES INDIA PVT LTD,CHEVROLET ENJOY LSDI,CHEVROLET
CHEVROLET SALES INDIA PVT LTD,TRAVERA NEO3 LS10 BS3,CHEVROLET
CHEVROLET SALES INDIA PVT LTD,CHEVROLET BEAT PS,CHEVROLET
CHEVROLET SALES INDIA PVT LTD,CHEVROLET SAIL U VA LS TCDI,CHEVROLET
CHEVROLET SALES INDIA PVT LTD,BEAT DEISEL PS,CHEVROLET
CHEVROLET SALES INDIA PVT LTD,"CHEVROLET SALES INDIA PVT LTD, SAIL",CHEVROLET
CHEVROLET SALES INDIA PVT LTD,CHEVROLET BEAT 1.2 E4,CHEVROLET
CHEVROLET SALES INDIA PVT LTD,CHEVROLET BEAT 1.0 LS TCDIBSIV,CHEVROLET
CHEVROLET SALES INDIA PVT LTD,CAPTIVA 2.0 LTZ,CHEVROLET
CHEVROLET SALES INDIA PVT LTD,CHEVROLET BEAT TCDI LT BS4,CHEVROLET
CHEVROLET SALES INDIA PVT LTD,CHEVROLET AVEO UVA,CHEVROLET
CHEVROLET SALES INDIA PVT LTD,CHEVROLET TAVERA B1S6,CHEVROLET
CHEVROLET SALES INDIA PVT LTD,TAVERA NEO3 LS 10 STR,CHEVROLET
CHEVROLET SALES INDIA PVT LTD,SAIL LS ABS TCDI BS4,CHEVROLET
CHEVROLET SALES INDIA PVT LTD,TAVERA NEO3,CHEVROLET
CHEVROLET SALES INDIA PVT LTD,BEAT 1.0 PS DIESEL,CHEVROLET
CHEVROLET SALES INDIA PVT LTD,CAPTIVA 2.0 XT,CHEVROLET
CHEVROLET SALES INDIA PVT LTD,SAIL U VA TCDI BS4,CHEVROLET
CHEVROLET SALES INDIA PVT LTD,CHEVROLET SAIL BSIII,CHEVROLET
CHEVROLET SALES INDIA PVT LTD,CHEVROLET TAVERA NEO3 BSIII,CHEVROLET
CHEVROLET SALES INDIA PVT LTD,BEAT 1.2 LS,CHEVROLET
CHEVROLET SALES INDIA PVT LTD,TAVERA B2 10BS3 BG,CHEVROLET
CHEVROLET SALES INDIA PVT LTD,TAVERA LS,CHEVROLET
CHEVROLET SALES INDIA PVT LTD,C TAVERA (MIOA BS3),CHEVROLET
CHEVROLET SALES INDIA PVT LTD,CHEVROLET TAVERA B3,CHEVROLET
CHEVROLET SALES INDIA PVT LTD,CHEVROLET ENJOY,CHEVROLET
CHEVROLET SALES INDIA PVT LTD,CHEVROLET BETA LS BS IV,CHEVROLET
CHEVROLET SALES INDIA PVT LTD,CHEVROLET OPTRA 2.0 TCDI,CHEVROLET
CHEVROLET SALES INDIA PVT LTD,CHEVROLET CRUZE LTZ DIE(MT),CHEVROLET
CHEVROLET SALES INDIA PVT LTD,ENJOY 1.3 LTZ TCDI,CHEVROLET
CHEVROLET SALES INDIA PVT LTD,AVEO UVA,CHEVROLET
CHEVROLET SALES INDIA PVT LTD,SPARK BS-4,CHEVROLET
CHEVROLET SALES INDIA PVT LTD,BEAT DIESEL,CHEVROLET
CHEVROLET SALES INDIA PVT LTD,BEAT.,CHEVROLET
CHEVROLET SALES INDIA PVT LTD,CHEVROLET BEAT LS,CHEVROLET
CHEVROLET SALES INDIA PVT LTD,CRUZE 2.0 LTZ BSIV,CHEVROLET
CHEVROLET SALES INDIA PVT LTD,CHEVROLET BEAT LT BS4,CHEVROLET
CHEVROLET SALES INDIA PVT LTD,CRUZE 2.0 VCD AT LTZ BS4,CHEVROLET
CHEVROLET SALES INDIA PVT LTD,TAVERA B.3,CHEVROLET
CHEVROLET SALES INDIA PVT LTD,TAVERA NEO3 LS P10A-BSIII,CHEVROLET
CHEVROLET SALES INDIA PVT LTD,MARUTI SWIFT DZIRE LXI BS IV,CHEVROLET
CHEVROLET SALES INDIA PVT LTD,TAVERA NEO 2 B3 7ST,CHEVROLET
CHEVROLET SALES INDIA PVT LTD,SPARK 1.0 LT BS IV,CHEVROLET
CHEVROLET SALES INDIA PVT LTD,MARUTI CELERIO LXI,CHEVROLET
CHEVROLET SALES INDIA PVT LTD,MARUTI IGNIS DELTA,CHEVROLET
CHEVROLET SALES INDIA PVT LTD,CAPTIVA 2.0 LT,CHEVROLET
CHEVROLET SALES INDIA PVT LTD,BEAT 1.2 LT BS 04,CHEVROLET
CHEVROLET SALES INDIA PVT LTD,BEAT 1.0LS,CHEVROLET
CHEVROLET SALES INDIA PVT LTD,CHEVROLET SPARK LS BEIGE,CHEVROLET
CHEVROLET SALES INDIA PVT LTD,AVEO  1.4 LS,CHEVROLET
CHEVROLET SALES INDIA PVT LTD,SPARK LT BS-4,CHEVROLET
CHEVROLET SALES INDIA PVT LTD,SAIL 1.3 LS TCDI,CHEVROLET
CHEVROLET SALES INDIA PVT LTD,CHEVROLET SAIL U VA LT ABS,CHEVROLET
CHEVROLET SALES INDIA PVT LTD,CRUZE VCDI LTZ BSIV,CHEVROLET
CHEVROLET SALES INDIA PVT LTD,ENJOY 1.3 TCDI LS-7,CHEVROLET
CHEVROLET SALES INDIA PVT LTD,TAVERAB1 6,CHEVROLET
CHEVROLET SALES INDIA PVT LTD,CHEVROLET SAIL PS,CHEVROLET
CHEVROLET SALES INDIA PVT LTD,AVEO LT,CHEVROLET
CHEVROLET SALES INDIA PVT LTD,MARUTI CIAZ SHVS ZDI PLUS,CHEVROLET
CHEVROLET SALES INDIA PVT LTD,CHEVROLET BEAT 1.2 LT,CHEVROLET
CHEVROLET SALES INDIA PVT LTD,CHEVROLET TAVERA NEO 3 LS,CHEVROLET
CHEVROLET SALES INDIA PVT LTD,BEAT TCDI LS BS IV,CHEVROLET
CHEVROLET SALES INDIA PVT LTD,CHERVOLET TAVERA SSDI 7 EURO 3,CHEVROLET
CHEVROLET SALES INDIA PVT LTD,CHEVOLET TAVARA,CHEVROLET
CHEVROLET SALES INDIA PVT LTD,TAVERA P 10 A,CHEVROLET
CHEVROLET SALES INDIA PVT LTD,CRUZE 2.0 VCD AT LTZ BS 4,CHEVROLET
CHEVROLET SALES INDIA PVT LTD,C SPARK,CHEVROLET
CHEVROLET SALES INDIA PVT LTD,BEAT (BASE),CHEVROLET
CHEVROLET SALES INDIA PVT LTD,SAIL U VA 1.2 LS,CHEVROLET
CHEVROLET SALES INDIA PVT LTD,CRUZE 2.0 LT,CHEVROLET
CHEVROLET SALES INDIA PVT LTD,CHEVROLET SPARK 1.0LT,CHEVROLET
CHEVROLET SALES INDIA PVT LTD,BEAT LS TCDI BSIV,CHEVROLET
CHEVROLET SALES INDIA PVT LTD,CHEVROLET TAVERA (P10A),CHEVROLET
CHEVROLET SALES INDIA PVT LTD,CHEVROLET AVEO,CHEVROLET
CHEVROLET SALES INDIA PVT LTD,CHEVROLET BEAT LT TCDI,CHEVROLET
CHEVROLET SALES INDIA PVT LTD,CHEVROLET BEAT LS TCDI BSIV,CHEVROLET
CHEVROLET SALES INDIA PVT LTD,SAIL LT ABS,CHEVROLET
CHEVROLET SALES INDIA PVT LTD,VITARA BREZZA ZDI PLUS,CHEVROLET
CHEVROLET SALES INDIA PVT LTD,"CHEVROLET SALES INDIA PVT LTD, TAVERA NEO3",CHEVROLET
CHEVROLET SALES INDIA PVT LTD,CHEVROLET CRUZE 2.0 LTZ,CHEVROLET
CHEVROLET SALES INDIA PVT LTD,AVEO U VA,CHEVROLET
CHEVROLET SALES INDIA PVT LTD,BEAT P S,CHEVROLET
CHEVROLET SALES INDIA PVT LTD,BEAT 1.0 LS TCDI B4,CHEVROLET
CHEVROLET SALES INDIA PVT LTD,MARUTI EECO 5 STR,CHEVROLET
CHEVROLET SALES INDIA PVT LTD,SPARK  LT,CHEVROLET
CHEVROLET SALES INDIA PVT LTD,TAVERA B1 10,CHEVROLET
CHEVROLET SALES INDIA PVT LTD,CHEVROLET SILVERADO 2500HD,CHEVROLET
CHEVROLET SALES INDIA PVT LTD,ENJOY 1.4 LS,CHEVROLET
CHEVROLET SALES INDIA PVT LTD,CHEROLET BEAT1.2LT,CHEVROLET
CHEVROLET SALES INDIA PVT LTD,SPARK PS,CHEVROLET
