rc_maker_desc,rc_maker_model,Mapped Name
DAEWOO MOTORS,MATIZ AG,DAEWOO
DAEWOO MOTORS INDIA LTD,MATIZ MODEL CARS,DAEWOO
DAEWOO MOTORS INDIA LTD,MATIZ  SD,DAEWOO
DAEWOO MOTORS INDIA LTD,MATIZ SG,DAEWOO
GM DAEWOO AUTO  CO,CHEVROLET CAPTIVA LTZ BS-III,DAEWOO
DAEWOO MOTORS INDIA LTD,MATIZ AC,DAEWOO
DAEWOO MOTORS INDIA LTD,HEAVY GOODS VEHICLE BS III,DAEWOO
DAEWOO MOTORS INDIA LTD,MATIZ DELUXE,DAEWOO
DAEWOO MOTORS INDIA LTD,"DAEWOO MOTORS INDIA LTD, NA",DAEWOO
DAEWOO MOTORS INDIA LTD,DYNA 900,DAEWOO
DAEWOO MOTORS INDIA LTD,MATIZ DLX,DAEWOO
DAEWOO MOTORS INDIA LTD,MATIZ SD,DAEWOO
DAEWOO MOTORS INDIA LTD,OTHERS,DAEWOO
DAEWOO MOTORS INDIA LTD,DAEWOO CAR,DAEWOO
DAEWOO MOTORS INDIA LTD,DEAWOO MATIZ,DAEWOO
DAEWOO MOTORS INDIA LTD,CEILO,DAEWOO
DAEWOO MOTORS INDIA LTD,MATIZ SD-CL,DAEWOO
DAEWOO MOTORS INDIA LTD,MATIZ W/O AC,DAEWOO
DAEWOO MOTORS INDIA LTD,MATIZE DELUXE,DAEWOO
DAEWOO MOTORS INDIA LTD,DAEWOO ROYALE MODEL BUS,DAEWOO
DAEWOO MOTORS INDIA LTD,CHEVROLET CAPTIVA LTZ AWD,DAEWOO
DAEWOO MOTORS INDIA LTD,MATIZ S S,DAEWOO
DAEWOO MOTORS INDIA LTD,MOTOR CAR,DAEWOO
DAEWOO MOTORS INDIA LTD,TRUCK,DAEWOO
DAEWOO MOTORS INDIA LTD,MATIZ  SA,DAEWOO
DAEWOO MOTORS INDIA LTD,DCM TOYOTA - DYNA,DAEWOO
DAEWOO MOTORS INDIA LTD,MERCEDES BENZ,DAEWOO
DAEWOO MOTORS INDIA LTD,68.......,DAEWOO
DAEWOO MOTORS INDIA LTD,DAEWOO JINWOO 450,DAEWOO
DAEWOO MOTORS INDIA LTD,LMV MAXICAB,DAEWOO
DAEWOO MOTORS INDIA LTD,MATIZ STD,DAEWOO
DAEWOO MOTORS INDIA LTD,MATIZ S G,DAEWOO
DAEWOO MOTORS INDIA LTD,,DAEWOO
DAEWOO MOTORS INDIA LTD,CHEVROLET CAPTIVA LTZ AWD BSIV,DAEWOO
DAEWOO MOTORS INDIA LTD,OMNI CARGO,DAEWOO
DAEWOO MOTORS INDIA LTD,CIELO,DAEWOO
DAEWOO MOTORS INDIA LTD,CRANE,DAEWOO
DAEWOO MOTORS INDIA LTD,MATIZ (SD),DAEWOO
DAEWOO MOTORS INDIA LTD,MATIZ WITH AC,DAEWOO
DAEWOO MOTORS INDIA LTD,MATIZ SS,DAEWOO
DAEWOO MOTORS INDIA LTD,MATIZ SD- CL,DAEWOO
DAEWOO MOTORS INDIA LTD,.,DAEWOO
DAEWOO MOTORS INDIA LTD,MATIZ AG,DAEWOO
DAEWOO MOTORS INDIA LTD,CIELO (GL) A/C,DAEWOO
DAEWOO MOTORS INDIA LTD,MATIZ SA,DAEWOO
DAEWOO MOTORS INDIA LTD,MATIZ,DAEWOO
DAEWOO MOTORS INDIA LTD,MATIZ CAR,DAEWOO
