rc_maker_desc,rc_maker_model,Mapped Name
DUCATI MOTOR HOLDING S.P.A,WR V 1 5 S MT I DTEC BS IV,DUCATI
DUCATI MOTOR HOLDING S.P.A,HONDA MOBILIO 1 5RS MT IDTEC,DUCATI
DUCATI MOTOR HOLDING S.P.A,HONDA BR V 1 5SMT I VTEC BSI,DUCATI
DUCATI MOTOR HOLDING S.P.A,HONDA CITY 1 5 VX MT I VTEC,DUCATI
DUCATI MOTOR HOLDING S.P.A,WR V 1 2 VX  MT I VTEC BS IV,DUCATI
DUCATI MOTOR HOLDING S.P.A,HONDA AMAZE 1 2 S MT IVTEC B,DUCATI
DUCATI MOTOR HOLDING S.P.A,AMAZE 1 2 S O MT I VTEC BS I,DUCATI
DUCATI MOTOR HOLDING S.P.A,HONDA JAZZ 1 2 V CVT IVTEC B,DUCATI
DUCATI MOTOR HOLDING S.P.A,HONDA BR V 1 5 V MT I DTEC BS4,DUCATI
DUCATI MOTOR HOLDING S.P.A,AMAZE 1 2 VX MT I VTEC,DUCATI
DUCATI MOTOR HOLDING S.P.A,HONDA CITY 1 5VX MT IDTEC BS,DUCATI
DUCATI MOTOR HOLDING S.P.A,HONDA CITY 1 5V CVT IVTEC BS,DUCATI
DUCATI MOTOR HOLDING S.P.A,HONDA CITY 1 5ZX CVT IVTEC B,DUCATI
DUCATI MOTOR HOLDING S.P.A,HONDA CITY 1 5 SV MT IVTEC B,DUCATI
DUCATI MOTOR HOLDING S.P.A,999S MPOSTO,DUCATI
DUCATI MOTOR HOLDING S.P.A,HONDA CITY 1 5V MT IVTEC BS4,DUCATI
DUCATI MOTOR HOLDING S.P.A,HONDA CITY 1 5 V  MT I VTEC,DUCATI
DUCATI MOTOR HOLDING S.P.A,WR V 1 5 VX MT I DTEC BS IV,DUCATI
DUCATI MOTOR HOLDING S.P.A,HONDA CITY 1 5 SV MT I VTEC,DUCATI
