rc_maker_desc,rc_maker_model,Mapped Name
EICHER TRACTORS LTD,EICHER 557 BSIII,EICHER
EICHER MOTORS LTD,EICHER  10.50 C,EICHER
EICHER MOTORS LTD,11.10 HD RHD G CAB & FIXED SID,EICHER
EICHER TRACTORS,EICHER  241,EICHER
EICHER MOTORS LTD,EICHER PRO 1080,EICHER
EICHER MOTORS LTD,20.16 K HSD RHD WF LR BS III,EICHER
EICHER MOTORS,10.90 RHD F CAB CHASS BS3,EICHER
EICHER MOTORS LTD,10.90 L AB PS,EICHER
EICHER MOTORS LTD,10.75 HF/L CWC,EICHER
EICHER MOTORS LTD,XP 1110,EICHER
EICHER TRACTORS,380,EICHER
EICHER MOTORS LTD,EICHER 11.14 BS III,EICHER
EICHER MOTORS LTD,PRO3015 J SLP HSD,EICHER
EICHER MOTORS LTD,EICHER 10.75  E SCL BUS  ,EICHER
EICHER MOTORS LTD,BULLET CLASSIC 350,EICHER
EICHER MOTORS LTD,EICHER  10.80,EICHER
EICHER MOTORS LTD,EICHER11.12K BUS ABP,EICHER
EICHER MOTORS LTD,EICHER 10.80 RHD C,EICHER
EICHER MOTORS LTD,EICHERHERCULES35.31RHDKFSD/DSD,EICHER
EICHER MOTORS LTD,EICHER 10.95/MGV,EICHER
EICHER MOTORS LTD,EICHER  MOTORS LTD,EICHER
EICHER MOTORS LTD,10.75 H,EICHER
EICHER MOTORS LTD,EICHER 10.95E,EICHER
EICHER MOTORS,EICHER 10.90G CABFIXED SIDE D,EICHER
EICHER MOTORS LTD,BULLET STANDARD 350 UCE,EICHER
EICHER MOTORS LTD,EICHER 10.95 RHD F CAB AND HSD,EICHER
EICHER MOT,10.90 E FSD,EICHER
EICHER MOTORS LTD,GENERATOR VAN,EICHER
EICHER MOTORS LTD,EICHER 11.10 HSD TRUCK BS 3,EICHER
EICHER TRACTORS,EICHER 380,EICHER
EICHER MOTORS LTD,EICHER 35.31 K CWC,EICHER
EICHER MOTORS LTD,EICHER 11 10 RHD  FSD,EICHER
EICHER MOTORS LTD,NA/BSII,EICHER
EICHER MOTORS,10.90 F CBC RHD STD GB,EICHER
EICHER MOTORS LTD,EICHER 1516,EICHER
EICHER MOTORS LTD,EICHER 11.10 RHD,EICHER
EICHER MOTORS,11.10 HD RHD G CAB &HSD BS II,EICHER
EICHER MOTORS LTD,EICHER PRO 5025,EICHER
EICHER MOTORS LTD,MULTIX MX WITH ROOFDOOR BS4,EICHER
EICHER TRACTORS,ESCORT 335 JOSH,EICHER
EICHER PRO 1049 C CAB & HSD BSIV,VE COMMERCIAL VEHICLES LIMITED,EICHER
EICHER MOTORS LTD,EICHER 10 70,EICHER
EICHER MOTORS LTD,10.59*P E HSD RHD,EICHER
EICHER MOTORS LTD,20.16 HCV TERRA 16,EICHER
EICHER MOTORS LTD,PRO 1110 G,EICHER
EICHER MOTORS LTD,EICHER 11-10 XP H HSD,EICHER
EICHER MOTORS LTD,10.75 RHD E CAB& BODY,EICHER
EICHER TRACTORS,F.T.60,EICHER
EICHER MOTORS LTD,EICHER 10.90 L BUS,EICHER
EICHER POLARIS PVT. LTD.,PRO 1059XP E HSD,EICHER
EICHER TRACTORS,EICHER ,EICHER
EICHER MOTORS LTD,PRO3015 J SLPHSD,EICHER
EICHER MOTORS LTD,10.90 FSD,EICHER
EICHER MOTORS LTD,11.10 HSD,EICHER
EICHER MOTORS LTD,GHSD TRUCK BS III,EICHER
EICHER MOTORS LTD,EICHER 15.16 HHSD,EICHER
EICHER MOTORS LTD,10.80C CBC PTO RHD BSII AB GB,EICHER
EICHER MOTORS LTD,EICHER 1059 PRO BS-IV,EICHER
EICHER MOTORS,20.16 RHD M SRCAB HSD BS3,EICHER
EICHER MOTORS LTD,10.75 E BUS HB BSIII STF,EICHER
EICHER MOTORS LTD,11.10 HDH CBC RHD,EICHER
EICHER MOTORS LTD,11.10 XP H HSD WF BSIII GB E2 ,EICHER
EICHER MOTORS LTD,20.16 K CBC PS LR SFT BSIII,EICHER
EICHER MOTORS LTD,PRO 1110XP H MS,EICHER
EICHER MOTORS LTD,EICHER LGV,EICHER
EICHER MOTORS,11.10 HD RHD H CAB & HSD BS III,EICHER
EICHER MOTORS LTD,EICHER 10.75,EICHER
EICHER MOTORS,10.95 RHD E CAB&amp;HIGH SIDE DECK,EICHER
EICHER MOTORS,11.10 HD RHD G CAB  FIXED SIDE DECK BSII,EICHER
EICHER MOTORS LTD,EICHER 11.12 BS II,EICHER
EICHER MOTORS LTD,EICHER 10.95 C FSD. BS-III,EICHER
EICHER MOTORS LTD,EICHER 10 59 XP E CAB HIGH S,EICHER
EICHER MOTORS LTD,EICHER 1075 H,EICHER
EICHER MOTORS LTD,EICHER 10.59 XPL,EICHER
EICHER MOTORS LTD,10.6,EICHER
EICHER MOTORS LTD,EICHER 35.31 CABIN KFSD BS III,EICHER
EICHER MOTORS,10.90 COWL AND CHASSIS,EICHER
EICHER MOTORS LTD,PRO 1110XPH,EICHER
EICHER MOTORS LTD,EICHER 15.16 H STD,EICHER
EICHER MOTORS LTD,EICHER 10.50 C,EICHER
EICHER MOTORS LTD,10.59XP E,EICHER
EICHER MOTORS,10.95 RHD FCAB& HIGH SIDE D.B,EICHER
EICHER MOTORS LTD,20.16 K HSD RHD,EICHER
EICHER TRACTORS,EICHER 485 USJ,EICHER
EICHER MOTORS LTD,11.12 HSD,EICHER
EICHER TRACTORS,TRACTORS,EICHER
EICHER MOTORS,11.10 RHD CAB,EICHER
EICHER MOTORS LTD,EICHER MOTORS LTD,EICHER
EICHER MOTORS LTD,11.10 CBC,EICHER
EICHER MOTORS LTD,1095 E,EICHER
EICHER PRO 3019 M SLEEPER CAB&HSD BSVI,VE COMMERCIAL VEHICLES LTD,EICHER
EICHER MOTORS LTD,EICHER 10.75 E HSD,EICHER
EICHER MOTORS LTD,"EICHER 10.59 XP E HSD,BSIII",EICHER
EICHER MOTORS LTD,10.95H HSD RHD BSIII,EICHER
EICHER MOTORS,10.90 G RHD K BUS,EICHER
EICHER MOTORS,30.25 TCI RHD HIGH RC,EICHER
EICHER MOTORS LTD,"EICHER MOTORS LTD, 10.90 RHD H CAB HSD BS3",EICHER
EICHER MOTORS LTD,EICHER 10.59 XP E HSD,EICHER
EICHER TRACTORS,TRACTOR 333,EICHER
EICHER MOTORS LTD,10.90 K SCL BUS,EICHER
EICHER MOTORS LTD,TERA 16,EICHER
EICHER MOTORS LTD,11.10 XP H CBC,EICHER
EICHER MOTORS LTD,EICHER 15.16 H HSD,EICHER
EICHER MOTORS,10.90 GRHDH CAB S.D.,EICHER
EICHER MOTORS LTD,EICHER 35.31 K,EICHER
EICHER MOTORS LTD,10.75 H BUS HB BSIII,EICHER
EICHER MOTORS LTD,JUMBO TRUCK 11.10 9MT,EICHER
EICHER MOTORS LTD,EICHER CHASSIS 10.95,EICHER
EICHER MOTORS,10.90 GRHDH CAB CONT,EICHER
EICHER MOTORS LTD,EICHER 10.95/ MGV,EICHER
EICHER MOTORS LTD,EICHER HERCULES 35.31 RHD,EICHER
EICHER MOTORS,10.75 P RHD C,EICHER
EICHER MOTORS LTD,10.90 F HSD RHD,EICHER
EICHER MOTORS LTD,1095F HSD BS III,EICHER
EICHER PRO 2110 H CAB & HSD(EW) BSVI-PH2,VE COMMERCIAL VEHICLES LIMITED,EICHER
EICHER MOTORS LTD,1049 C FSD,EICHER
EICHER TRACTORS,EICHER 548,EICHER
EICHER MOTORS LTD,3015,EICHER
EICHER MOTORS LTD,EICHER 20.16 TERRA 16 E BSIII,EICHER
EICHER MOTORS LTD,EICHER 10.59XP RHD BSIII,EICHER
EICHER MOTORS LTD,35.31 K HSD 8X2 WF LR SFT,EICHER
EICHER MOTORS LTD,EICHER 11.12 RHD G,EICHER
EICHER MOTORS LTD,PRO 1059 XP ECBC BS3,EICHER
EICHER MOTORS LTD,20.16 H HSD WF RHD LR EB BSIII,EICHER
EICHER MOTORS LTD,10.5,EICHER
EICHER MOTORS,EICHER 10.95 RHD C CAB&amp;FSD BOD,EICHER
EICHER MOTORS LTD,11.10HD G FSD RHD,EICHER
EICHER MOTORS LTD,OMNI BUS-FE 444 FXR,EICHER
EICHER POLARIS PVT. LTD.,1075 F CBC,EICHER
EICHER MOTORS LTD,11.10 HD H HSD,EICHER
EICHER MOTORS LTD,EICHER10.95 E CBC BSIIIGBE2P ,EICHER
EICHER MOTORS LTD,EICHER PRO 1110  H DSDSF BSIII,EICHER
EICHER MOTORS LTD,10.95 XPH HSD SF AB,EICHER
EICHER MOTORS LTD,11.12XP H HSD RHD PS GB,EICHER
EICHER MOTORS LTD,10.80 F HSD RHD,EICHER
EICHER MOTORS LTD,EICHER PRO 1090 FHSD RHD NGB,EICHER
EICHER MOTORS LTD,35.31 K HSD WF SFT,EICHER
EICHER MOTORS LTD,EICHER20.16RHDRCOWL&CHASSISGOO,EICHER
EICHER MOTORS LTD,EICHER 4040 MEGA TRAILOR,EICHER
EICHER MOTORS LTD,10.59X P E HSD,EICHER
EICHER MOTORS LTD,10.50 E BS II,EICHER
EICHER POLARIS PVT. LTD.,MULTIX MX,EICHER
EICHER MOTORS LTD,11.10 HD RHD H CAB BSIII,EICHER
EICHER MOTORS LTD,EICHER 11.14 H HSD,EICHER
EICHER TRACTORS,EICHER  333,EICHER
EICHER MOTORS,11.10 HD G SL CAB  ALUMINUM CONT EW BSII,EICHER
EICHER MOTORS LTD,EICHER 10.75 (3X2),EICHER
EICHER MOTORS LTD,EICHER 10.90 L BUS AB,EICHER
EICHER MOTORS LTD,EICHER 10.55C FSD,EICHER
EICHER MOT,EICHER 10.95 E DSD,EICHER
EICHER MOTORS LTD,EIC10 59CABXPFSDBSII,EICHER
EICHER MOTORS,11.10 RHD CAB & ALC,EICHER
EICHER MOTORS LTD,EICHER  11.12,EICHER
EICHER MOTORS,10.90 G RHD E CAB &amp; F.S.DECK,EICHER
EICHER MOTORS LTD,1110XP G HSD,EICHER
EICHER MOTORS LTD,EICHER 11.12-XP,EICHER
EICHER MOTORS LTD,EICHER 10.75 E BUS,EICHER
EICHER MOTORS,11.10 HD RHD H CAB  HSD BS II,EICHER
EICHER MOTORS,10.95 RHD E CAB & HSD BS3,EICHER
EICHER MOTORS LTD,EICHER20.16,EICHER
EICHER MOTORS LTD,EICHER 10.75E MINI BUS,EICHER
EICHER MOTORS LTD,ESCORTS E-435 TRACTOR,EICHER
EICHER MOTORS LTD,35.51 B.S.III PLATFORM,EICHER
EICHER MOTORS LTD,3531KHSD,EICHER
EICHER MOTORS LTD,EICHER 10.95 STD GB,EICHER
EICHER POLARIS PVT. LTD.,MULTIX MX BSIV,EICHER
EICHER MOTORS LTD,BS 11PB,EICHER
EICHER MOTORS LTD,11-14,EICHER
EICHER PRO 1110 H CAB & HSD(101KW) BSIV,VE COMMERCIAL VEHICLES LTD,EICHER
EICHER MOTORS LTD,EICHER 10.59 HSD GB,EICHER
EICHER MOTORS,11.10 HD RHD H CAB  HSD BSII,EICHER
EICHER MOTORS,10.80 RHD H CAB & HIGH SIDE DECK BSII,EICHER
EICHER MOTORS LTD,10.59 RHD,EICHER
EICHER MOTORS LTD,EICHER 10.90 CRUISE,EICHER
EICHER MOTORS LTD,10.95,EICHER
EICHER MOTORS LTD,TATA LPT 1109/42,EICHER
EICHER MOTORS,11.10 HD RHD H CAB & FSD EW BSII,EICHER
EICHER MOTORS LTD,EICHER 10.59 XP HSD,EICHER
EICHER MOTORS LTD,NOT AVAILABLE,EICHER
EICHER MOTORS LTD,10.59 E CBC RHD BS III GB,EICHER
EICHER MOTORS LTD,EICHER PRO 1110XP HCAB HSD B,EICHER
EICHER MOTORS LTD,EICHER 11.12G TRUCK B.S.III,EICHER
EICHER TRACTORS,PRO 1075 F HSD,EICHER
EICHER MOTORS LTD,10.80PC CBC BSIII,EICHER
EICHER MOTORS LTD,GV,EICHER
EICHER MOTORS LTD,EICHER 10.50 E CWC HB,EICHER
EICHER MOTORS LTD,"EICHER MOTORS LTD, EICHER 10.59 XPEHSDE-II",EICHER
EICHER MOTORS LTD,EICHER 20.15 N LPO F/L,EICHER
EICHER MOTORS LTD,20.15 TCI RHD N COWL & CHASSIS,EICHER
EICHER MOTORS LTD,EICHER  BUS,EICHER
EICHER MOTORS,11.10HD G SL CAB & ALUMINUM C,EICHER
EICHER MOTORS LTD,10.50 H HSD RHD BS III,EICHER
EICHER MOTORS LTD,EICHER- 11.14,EICHER
EICHER MOTORS LTD,EICHER 11.10 HD H HS,EICHER
EICHER MOTORS LTD,11.10 HD RHD H CAB & ALUMINUM,EICHER
EICHER MOTORS LTD,11.10 XP BSIII,EICHER
EICHER MOTORS LTD,EICHER 10-80F HSD,EICHER
EICHER MOTORS,10.90 G RHD E CAB  HSD BSII,EICHER
EICHER MOTORS LTD,10.59XPE HSD RHD BSIII GB 14FT,EICHER
EICHER MOTORS LTD,EICHER PRO 1080 F,EICHER
EICHER MOTORS LTD,10.95 F HSD RHD GB,EICHER
EICHER MOTORS LTD,EICHER 33.25,EICHER
EICHER MOTORS LTD,MINI TRUCK,EICHER
EICHER TRACTORS,EICHER 480 USJ,EICHER
EICHER MOTORS LTD,EICHER 20.15,EICHER
EICHER MOTORS LTD,10.50 CWC HB,EICHER
EICHER MOTORS LTD,EICHER 33-25,EICHER
EICHER MOTORS LTD,10.50 E HSD RHD BSIII,EICHER
EICHER MOTORS,10.95 RHD H CAB & HSD BS3,EICHER
EICHER MOTORS LTD,10.75 FHSD RHD BSIII GB E2,EICHER
EICHER MOTORS LTD,EICHER 11.10HD FSD,EICHER
EICHER MOTORS LTD,10.80.,EICHER
EICHER MOTORS LTD,EICHER 20 16,EICHER
EICHER MOTORS LTD,11.10XPHSD WF PS RHD BSII,EICHER
EICHER MOTORS LTD,CLASSIC 350,EICHER
EICHER MOTORS LTD,11.12 XP H HSD RHD PS,EICHER
EICHER MOTORS LTD,10.90 GRHDH CAB HIGH SIDE DECK,EICHER
EICHER MOT,10.90 BUS EICHER MOTORS,EICHER
EICHER MOTORS LTD,35 31 K HSD,EICHER
EICHER MOT,EICHER 10.75 E HSD,EICHER
EICHER MOTORS LTD,PRO 11.10XPG HSD,EICHER
EICHER MOTORS LTD,10.90 HSD,EICHER
EICHER MOTORS LTD,11.12 G HSD WF BS II GB M II,EICHER
EICHER MOTORS LTD,10.8,EICHER
EICHER MOTORS LTD,EICHER 40.40 E RHD,EICHER
EICHER MOTORS LTD,TERRA 16 E BS III,EICHER
EICHER MOTORS LTD,10.95 H HSD RHD BSIII GB E2 PL,EICHER
EICHER MOTORS LTD,PRO 1075 F HSD,EICHER
EICHER MOTORS LTD,10.59P E HSD RHD,EICHER
EICHER MOTORS LTD,EICHER PRO 10.75 H CAB,EICHER
EICHER MOTORS LTD,10.95 RHD FCAB& HIGH SIDE D.B,EICHER
EICHER MOTORS LTD,EICHER 10.95 E,EICHER
EICHER MOTORS LTD,35.31 K HSD,EICHER
EICHER MOTORS LTD,EICHER 11.10 ,EICHER
EICHER MOTORS LTD,10.90 L BUS AB P S BS3,EICHER
EICHER MOTORS LTD,10.90RHDECAB BODY,EICHER
EICHER MOTORS LTD,EICHER 30.25FE L HSD,EICHER
EICHER MOTORS,10.90 RHD H CAB DSD BS3,EICHER
EICHER MOTORS LTD,11.10 HD G HSD,EICHER
EICHER MOTORS LTD,1110XP H HSD,EICHER
EICHER MOTORS LTD,EICHER  11.10HD,EICHER
EICHER MOTORS LTD,LTV TRUCK,EICHER
EICHER MOTORS LTD,EICHER 10.50C,EICHER
EICHER MOTORS LTD,EICHER 11.12G DSD BS-III,EICHER
EICHER MOTORS LTD,EICHER 11.10,EICHER
EICHER MOTORS LTD,EICHER TRACTOR,EICHER
EICHER PRO 2095XP J CAB & HSD(SL-EW) BSVI,EICHER PRO 2095XP J CAB & HSD(,EICHER
EICHER MOTORS LTD,11.10HD,EICHER
EICHER MOTORS LTD,EICHER 20.16MCBCPSLR,EICHER
EICHER MOTORS LTD,10.75 PRHD E CAB & BODY,EICHER
EICHER MOTORS LTD,1075 F HSD RHD BSIV,EICHER
EICHER MOTORS LTD,MULTIX MX (WITH ROOF AND WITH,EICHER
EICHER POLARIS PVT. LTD.,PRO 1059 XP E HSD,EICHER
EICHER MOTORS LTD,EICHER 10.55,EICHER
EICHER MOTORS LTD,PRO 3015,EICHER
EICHER MOTORS LTD,EICHER 10 95 H,EICHER
EICHER MOTORS LTD,EICHER 607,EICHER
EICHER MOTORS LTD,10.80XP C CBC PTO AB BSIII GB ,EICHER
EICHER MOTORS LTD,EICHER 10.59 XP ,EICHER
EICHER MOTORS LTD,1114 H HSD,EICHER
EICHER MOTORS LTD,10.75E BUS HB BS3 SCL SRL,EICHER
EICHER MOTORS LTD,EICHER 20.16 KH SD RHD WFLR,EICHER
EICHER MOTORS LTD,EICHER 20.16R,EICHER
EICHER MOTORS LTD,EICHER 3015 J,EICHER
EICHER MOTORS LTD,EICHER MGV,EICHER
EICHER MOTORS LTD,EICHER 10.90 FIXED SIDE DECK,EICHER
EICHER MOTORS LTD,EICHER 11-12 XP,EICHER
EICHER MOTORS LTD,10.50 RHD C COWL & CHSS BSII,EICHER
EICHER MOTORS LTD,10.90 E HSD,EICHER
EICHER MOTORS LTD,EICHER 1059 XPE,EICHER
EICHER MOTORS LTD,EICHER 20.16 HH SD,EICHER
EICHER MOTORS LTD,11.10 HDG HSD,EICHER
EICHER MOTORS LTD,XX,EICHER
EICHER MOTORS LTD,EICHER  10.50 RHD,EICHER
EICHER MOTORS LTD,11.14H HSD,EICHER
EICHER MOTORS,10.59XP RHD E CAB  HSD BSII,EICHER
EICHER MOTORS LTD,11.10XP H HSD RHD PS 5.8 SF ,EICHER
EICHER MOTORS LTD,10.95 H CBC RHD BSIII GB E2,EICHER
EICHER MOTORS,"EICHER MOTORS, 10.70 F ALC RHD STD GB",EICHER
EICHER MOTORS LTD,1090 L BUS CNG,EICHER
EICHER MOTORS LTD,10.59 E CBC RHD BS 3,EICHER
EICHER MOTORS LTD,EICHER 10.90 EHSD,EICHER
EICHER MOTORS LTD,EICHER 10.95 F  RHD,EICHER
EICHER MOT,10.75 E RHD,EICHER
EICHER MOT,EICHER MOTOR,EICHER
EICHER MOTORS,10.90 G RHD E CAB  H.S.DECK,EICHER
EICHER MOTORS LTD,10.59XP E HSD RHD,EICHER
EICHER MOTORS LTD,10.75 F,EICHER
EICHER MOTORS LTD,EICHER 10.59XP E HSD RHD BS3,EICHER
EICHER MOTORS LTD,HSD RHD  BS-III,EICHER
EICHER MOTORS LTD,EICHER 20.16 RHD H STD,EICHER
EICHER MOTORS LTD,11.10 HDG HSD RHD TCI GB 310C ,EICHER
EICHER MOTORS LTD,EICHER 11.10HD H HSD RHD BS3,EICHER
EICHER MOTORS LTD,EICHER 10.95 H /HSD,EICHER
EICHER MOTORS LTD,36-31,EICHER
EICHER MOTORS LTD,10.59 E HSD,EICHER
EICHER MOTORS LTD,10.59E EICHER MOTORS LTD ,EICHER
EICHER MOTORS LTD,1075,EICHER
EICHER MOTORS LTD,EICHER PRO 1095  XP,EICHER
EICHER MOTORS LTD,11.10XP H HSD RHD PS 5.8 BSIII,EICHER
EICHER MOTORS,EICHER 10.90 RHD F CAB&ALUMIN,EICHER
EICHER MOTORS LTD,11.10 XP H HSD,EICHER
EICHER MOTORS,10.75 P RHD C BUS,EICHER
EICHER MOT,"EICHER MOT, 10.95 HSD",EICHER
EICHER MOTORS LTD,11.10 RHD CAB  SUPER LONG FSD,EICHER
EICHER MOTORS LTD,11.10 HD H,EICHER
EICHER MOTORS LTD,1055 C CBC,EICHER
EICHER MOTORS LTD,E2 PLAS,EICHER
EICHER MOTORS LTD,10.50 C FSD BS II,EICHER
EICHER MOTORS,11.10 RHD H CAB & HSD BODY,EICHER
EICHER MOTORS LTD,EICHER 10.95 RHD ,EICHER
EICHER MOTORS LTD,11.10 HD RHD H CAB,EICHER
EICHER MOTORS LTD,EICHER PRO 3019 S,EICHER
EICHER MOTORS LTD,HIGH SIDE DECK HSD,EICHER
EICHER MOTORS LTD,40.40 E RHD TRACTOR LR,EICHER
EICHER TRACTORS,FARMTRAC-65,EICHER
EICHER MOTORS LTD,PRO 5040 E,EICHER
EICHER MOTORS LTD,EICHER 2016H HSD WF RHD,EICHER
EICHER MOTORS LTD,11.10 EICHER,EICHER
EICHER MOTORS LTD,EICHER 10.75 BS3,EICHER
EICHER MOTORS LTD,EICHER 10.95 HSD E2 PLUS,EICHER
EICHER MOTORS LTD,MCV BSIII,EICHER
EICHER MOTORS LTD,11.12XPHHHSDRHDPSWFBSIIIGB,EICHER
EICHER MOTORS,10.95 RHD E CAB & FSD BSIII,EICHER
EICHER MOTORS,10.90 GRHDH CABHIGH SIDE DECK,EICHER
EICHER MOTORS LTD,11.10HD G HSD RHD TCI GB310,EICHER
EICHER MOTORS LTD,EICHER 10.59XP E HSD RHD GB,EICHER
EICHER MOTORS LTD,10.59 E HSD RHD BSIII,EICHER
EICHER MOTORS LTD,EICHER TERRA 25,EICHER
EICHER TRACTORS,SONALIKA DI 35,EICHER
EICHER MOTORS LTD,10.75 RHD E,EICHER
EICHER MOTORS LTD,EICHER 10.95 FSD  BSIII,EICHER
EICHER POLARIS PVT. LTD.,1059XP E HSD BS IV,EICHER
EICHER MOTORS LTD,GOODS CARRIER,EICHER
EICHER MOTORS LTD,"EICHER MOTORS LTD, EICHER 11-10",EICHER
EICHER MOTORS LTD,EICHER 11.10 XP H HSD,EICHER
EICHER MOTORS LTD,EICHER TERRA 25G CAB&TIPPER,EICHER
EICHER MOTORS LTD,10-75,EICHER
EICHER MOTORS LTD,10.95 F HSD,EICHER
EICHER MOTORS LTD,EICHER20.16 BS111,EICHER
EICHER MOTORS LTD,20.16 HGV,EICHER
EICHER MOTORS LTD,EICHER 10.59 XPEHSD,EICHER
EICHER MOTORS,10.90 GRHDH CAB&amp;HIGH SIDE DECK,EICHER
EICHER MOTORS LTD,11.10 XP H HSD WF BSIII GB E2,EICHER
EICHER MOTORS LTD,EICHER 10 75 H 32 D BUS BS I,EICHER
EICHER MOTORS LTD,EICHER 10.90 TRUCK HSD,EICHER
EICHER MOTORS LTD,10.59E HSD,EICHER
EICHER MOTORS,20.16 RHD K SRCAB HSD BS3,EICHER
EICHER MOTORS,10.95 RHD E CAB&FIT.SIDE DECK,EICHER
EICHER MOTORS,10.90 GRHDH CAB SIDE DECK,EICHER
EICHER MOTORS LTD,EICHER 10.90,EICHER
EICHER MOTORS LTD,TERRA 16XP E 10 FBT RHD BSIII,EICHER
EICHER MOTORS,10.95 RHD H CAB &amp; DSD BS3,EICHER
EICHER MOTORS LTD,10.90 E HSD BSIII,EICHER
EICHER MOTORS,10.95 RHD F CAB &amp; FSD BSII,EICHER
EICHER MOT,EICHER 10.50 RHD E CAB,EICHER
EICHER MOTORS LTD,10.95 LHD,EICHER
EICHER MOTORS LTD,20.16 BS-III,EICHER
EICHER MOTORS LTD,EICHER10.80,EICHER
EICHER MOTORS,10.95 RHD F CAB  DSD BS3,EICHER
EICHER MOTORS,10.95 RHD H CAB &amp; FSD BSII,EICHER
EICHER MOTORS LTD,10.95 K CBC AB,EICHER
EICHER MOTORS LTD,EICHER 11.10 HD SD P,EICHER
EICHER MOTORS LTD,PRO 1095XPH,EICHER
EICHER MOTORS LTD,EICHER PRO6031,EICHER
EICHER MOTORS LTD,EICHER 10.75 E CBC RHD,EICHER
EICHER MOTORS LTD,EICHER11.12KBUS ABPS,EICHER
EICHER MOTORS LTD,EICHER20.16E CAB& TIPPER,EICHER
EICHER MOTORS LTD,MITSUBISHI CANTER,EICHER
EICHER MOTORS LTD,EICHER 10.80 E II,EICHER
EICHER MOT,EICHER 11.10 HD H CAB & HSD,EICHER
EICHER MOTORS LTD,EICHER 32+1STR BUS,EICHER
EICHER MOTORS LTD,MITSUBISHI LMV-OB,EICHER
EICHER MOTORS LTD,EICHER PRO 11.10,EICHER
EICHER MOTORS LTD,EICHER TERRA 16,EICHER
EICHER MOTORS LTD,TERRA 16XPE,EICHER
EICHER MOTORS LTD,10.59XP E HSD BSIII GB 12FT E2,EICHER
EICHER MOTORS LTD,EICHER 20.16 R CWC,EICHER
EICHER MOTORS LTD,EICHER 10.59 EHSD,EICHER
EICHER MOTORS LTD,10.75 E BUS,EICHER
EICHER MOTORS LTD,HGV..,EICHER
EICHER MOTORS LTD,EICHER 4040 ERHD,EICHER
EICHER MOTORS LTD,20.16 RHD K-HIGH CSD -E 683,EICHER
EICHER MOTORS LTD,PRO 1095 HSD,EICHER
EICHER MOTORS LTD,ECHER11.10 HSD RHD BSII,EICHER
EICHER MOTORS LTD,EICHER 1075 F HSD RHD,EICHER
EICHER MOTORS LTD,11-10 H HSD,EICHER
EICHER MOTORS LTD,EICHER 10.90 BS II,EICHER
EICHER MOTORS LTD,EICHER 10.80C FSD RHD BSIII,EICHER
EICHER MOTORS,11.10 HD RHD G CAB &amp; FIXED SIDE DECK BSII,EICHER
EICHER MOTORS LTD,EICHER 10.70 RHD E CAB,EICHER
EICHER MOTORS LTD,10.59 XP E RHD BS3GB12FTE2PLUS,EICHER
EICHER MOTORS LTD,10.59 RHD BSIII,EICHER
EICHER MOTORS LTD,11.10 HD G FSD TCI RHD BS-II,EICHER
EICHER MOTORS,10.75 RHD C CAB & CHASS BS3,EICHER
EICHER MOTORS LTD,EICHER PRO 6025T,EICHER
EICHER TRACTORS LTD,485 SUPER DI,EICHER
EICHER MOTORS LTD,EICHER 10.59 HSD,EICHER
EICHER MOTORS LTD,PRO 1049 C FSD RHD BSIII GBG,EICHER
EICHER MOTORS LTD,10.75 H F/L CWC PS RHD ABBSIII,EICHER
EICHER MOTORS LTD,30.25 HERCULES,EICHER
EICHER MOTORS,10.80 RHD F CAB & HIGH SIDE DECK BSII,EICHER
EICHER MOTORS LTD,10.95 E ALC RHD CAB BS2,EICHER
EICHER MOTORS LTD,EICHER 11.12 K BUS,EICHER
EICHER MOTORS LTD,EICHER 10.50 CABIN AND FSD,EICHER
EICHER MOTORS LTD,11.12 G DSD,EICHER
EICHER MOTORS LTD,EIC 10.70F,EICHER
EICHER MOTORS LTD, 10.90 K BUS 41 STARLINE BSIII,EICHER
EICHER MOTORS LTD,EICHER 10.95 F RDH,EICHER
EICHER MOTORS LTD,11.10  BS-III,EICHER
EICHER MOTORS LTD,EICHER 10.80 F CBC BSIII,EICHER
EICHER MOT,10.59E EICHER MOTORS LTD,EICHER
EICHER MOTORS LTD,EICHER BUS,EICHER
EICHER MOTORS LTD,11.10XP H HSD RHD BSIII GB,EICHER
EICHER MOTORS LTD,20.16 M C B C BS III,EICHER
EICHER MOTORS LTD,EICHER 35.31K FSD WF,EICHER
EICHER TRACTORS,"EICHER TRACTORS, EICHER 333",EICHER
EICHER MOTORS LTD,EICHER 10.59XP E HSD BS-3,EICHER
EICHER MOTORS LTD,PRO 11.10 XP,EICHER
EICHER MOTORS LTD,EICHER 1080EURO2,EICHER
EICHER MOTORS LTD,EICHER 20.15 BUS,EICHER
EICHER TRACTORS,EICHER TRACTOR LTD 368 DI,EICHER
EICHER MOTORS LTD,EICHER 10.90RHDECAB  BODY,EICHER
EICHER MOTORS LTD,FE 444 FXR 28 SEATER BUS,EICHER
EICHER MOTORS LTD,10.9,EICHER
EICHER MOTORS LTD,EICHER 10.80 TRUCK,EICHER
EICHER MOTORS LTD,EICHER PRO 1059XP,EICHER
EICHER TRACTORS,242 SQ,EICHER
EICHER MOTORS LTD,11 12 G DSD BSII,EICHER
EICHER MOTORS LTD,11.10 HDGFSDRHDTCIGB,EICHER
EICHER MOTORS LTD,10.50 E HSD BS2,EICHER
EICHER MOTORS LTD,EICHER 11.14 H HD19FT,EICHER
EICHER MOTORS LTD,EICHER 11 10 H,EICHER
EICHER MOTORS LTD,11.10 XP H HSD RHD BSIII,EICHER
EICHER MOTORS LTD,11.10 XP H HSD SF PS BSIII GB,EICHER
EICHER MOTORS LTD,1090 L BUS AB PS BS3,EICHER
EICHER MOT,EICHER 10.50,EICHER
EICHER MOTORS LTD,1075 F CWC,EICHER
EICHER MOTORS LTD,35.31 K CBC 82 SFT IND,EICHER
EICHER MOTORS LTD,11.10 HD CHSD BSII,EICHER
EICHER MOT,11.10G HSD RHD STD,EICHER
EICHER MOTORS LTD,EICHER 11.10 HDG RHD,EICHER
EICHER POLARIS PVT. LTD.,PRO1075F HSD,EICHER
EICHER MOTORS LTD,11010&3 STR,EICHER
EICHER MOTORS LTD,EICHER 10.75 E,EICHER
EICHER MOTORS LTD,10.95 HHSDRHD,EICHER
EICHER MOTORS LTD,10.90 BUS EICHER MOTORS,EICHER
EICHER MOTORS LTD,11.12 K F/L CWC PS 85KWBS3,EICHER
EICHER MOTORS LTD,CANTER ADU HIGH SIDE DECK,EICHER
EICHER MOTORS LTD,10.95 RHD F CAB & HSD BSII,EICHER
EICHER MOTORS LTD,EICHAR 11.10 HD BS2,EICHER
EICHER MOTORS,10.90 RHD F CAB HSD BS3,EICHER
EICHER MOTORS LTD,12/2006,EICHER
EICHER MOTORS LTD,EICHER 10.50 CABIN,EICHER
EICHER TRACTORS,E 30,EICHER
EICHER MOTORS LTD,EICHER PRO 3015 J BS III,EICHER
EICHER MOTORS LTD,20.16  H HSD ,EICHER
EICHER MOTORS LTD,EICHER 1050,EICHER
EICHER MOTORS,10.90 GRHD FCAB&HIGH SIDE DECK,EICHER
EICHER MOTORS LTD,EICHER TERRA 16 HDR,EICHER
EICHER MOTORS LTD,EICHER 10 90 RHDECAB BODY,EICHER
EICHER MOTORS LTD,EICHER PRO 6031 P,EICHER
EICHER MOTORS LTD,11.10HD H HSD RHD BSIII GB E2 ,EICHER
EICHER MOTORS LTD,10.75 H BUS PS BSIII,EICHER
EICHER MOTORS LTD,EICHER 10.90E HSD BS II,EICHER
EICHER MOTORS LTD,EICHER 1114,EICHER
EICHER MOTORS LTD,EICHER 1110 HDH,EICHER
EICHER MOTORS LTD,"EICHER MOTORS LTD, 10.75 H BUS AB BS3",EICHER
EICHER MOTORS,10.95 RHD H CAB &amp; FSD BS3,EICHER
EICHER MOTORS LTD,10.59 XP E RHD BSIII,EICHER
EICHER MOTORS LTD,10HD H HSD RHD BSIII GB E2 PLU,EICHER
EICHER TRACTORS,EICHER - 242 PREMIUM,EICHER
EICHER MOTORS LTD,HEAVY GOODS VEHICLE,EICHER
EICHER MOTORS LTD,11.10HD  BS-III,EICHER
EICHER MOTORS LTD,EICHER  10.50,EICHER
EICHER TRACTORS,TRACTOR 241 DI,EICHER
EICHER MOTORS LTD,EICHER 20.16 JUMBO,EICHER
EICHER MOTORS LTD,EICHER 10.90  BUS,EICHER
EICHER MOTORS LTD,10.59 RHD E ,EICHER
EICHER MOTORS LTD,10.59 XP E,EICHER
EICHER MOTORS LTD,10.50  E HSD TCI PB BS-III,EICHER
EICHER MOTORS LTD,EICHER 11.12 G HSD. BS-III,EICHER
EICHER TRACTORS,ESCORTS TRACTORS,EICHER
EICHER MOTORS LTD,EICHER  11.10HDBSII,EICHER
EICHER MOTORS LTD,EICHER 10.80 BS III,EICHER
EICHER MOTORS,11.10 HD RHD H CAB &amp; HSD BS III,EICHER
EICHER MOTORS LTD,10.59 E CBC RHD,EICHER
EICHER TRACTORS,EICHER TRACTOR 333,EICHER
EICHER MOTORS LTD,11.12G HSD WF BSII,EICHER
EICHER MOTORS LTD,EICHER 11 14 H CBC RHD PS BS3,EICHER
EICHER MOTORS LTD,10.95 H HSD BS111 GB E2 PLUS,EICHER
EICHER MOTORS LTD,10.80XP C CBC PTO AB BSIII GB,EICHER
EICHER MOTORS LTD,10.59XP,EICHER
EICHER MOTORS LTD,EICHER 10.75E,EICHER
EICHER MOTORS LTD,10.80 XP C CBC PTO AB BSIII,EICHER
EICHER MOTORS LTD,10.80 C TRUCK  BS- II,EICHER
EICHER MOTORS LTD,EIC. 11.10XP H HSD PS 5.8 BS3,EICHER
EICHER MOTORS LTD,TERRA 16 FBT,EICHER
EICHER MOTORS LTD,10.90 F FSD RHD BSIII,EICHER
EICHER MOTORS LTD,1080 XPT C CBC PTO RHD BS3,EICHER
EICHER MOTORS LTD,EICHER 10.90 E HSD,EICHER
EICHER MOTORS LTD,EICHER 20.15 SKYLINE,EICHER
EICHER POLARIS PVT. LTD.,MULTIX MX with Roof and With D,EICHER
EICHER MOTORS LTD,EICHER 20.16 (TERRA16) TIPPER,EICHER
EICHER MOTORS LTD,10.95 RHD H CAB & HSD BSII,EICHER
EICHER MOTORS LTD,10.90EBS III,EICHER
EICHER MOTORS LTD,EICHER 10-80,EICHER
EICHER MOTORS LTD,EICHER 10.95 E FSD RHD BSIII,EICHER
EICHER MOTORS LTD,10.59 P E HSD RHD,EICHER
EICHER MOTORS LTD,EICHER 2016M,EICHER
EICHER MOTORS LTD,EICHER 11.10HD H HSD,EICHER
EICHER MOTORS LTD,EICHER 40 40 E RHS,EICHER
EICHER MOTORS LTD,EICHER 35.31 K HSD WFSFT,EICHER
EICHER MOTORS LTD,EICHER 10.80F,EICHER
EICHER MOTORS LTD,RHD BS-III,EICHER
EICHER MOTORS LTD,M G V ,EICHER
EICHER MOTORS LTD,EICHER 11.12 M. TRUCK B.S.III,EICHER
EICHER MOTORS,30.25 RHD L COWL  BS2,EICHER
EICHER MOT,10.95 FSD,EICHER
EICHER MOTORS LTD,EICHER HIND 45-TRACTOR,EICHER
EICHER MOTORS LTD,LGC VEHICLE,EICHER
EICHER MOTORS LTD,10.50 C BUS HB,EICHER
EICHER MOTORS,10.95 RHD HCAB&DROP SIDE D.B.,EICHER
EICHER MOTORS LTD,EICHER 10.50E FSD BSIII,EICHER
EICHER MOTORS LTD,EICHER PRO 1110XP,EICHER
EICHER MOTORS LTD,EICHER 10-59,EICHER
EICHER MOTORS LTD,10.80 FHSDR HD BSIII GBE2 PLUS,EICHER
EICHER MOTORS,11.10 HD RHD H CAB BS II,EICHER
EICHER MOTORS LTD,11.10XP CBC RHD PS 5.8 SF,EICHER
EICHER MOTORS LTD,1110 XP H HSDPS BS3,EICHER
EICHER MOTORS LTD,EICHER 10.9 K BUS B.S.-III,EICHER
EICHER MOTORS LTD,"10.59XP E HSD,BSIII",EICHER
EICHER MOTORS LTD,PRO 6040,EICHER
EICHER MOTORS LTD,EICHER10.80CBC PTO AB BSIII GB,EICHER
EICHER MOTORS LTD,11.10XP,EICHER
EICHER MOTORS,20.16 RHD K SRCAB FSD BS3,EICHER
EICHER MOTORS LTD,EICHER PRO 1110XP H CAB & HSD ,EICHER
EICHER MOTORS,11.10 HD RHD G CAB & HSD EW BS,EICHER
EICHER MOTORS LTD,30-25L FSDBS II,EICHER
EICHER MOTORS LTD,NA....,EICHER
EICHER MOTORS,EICHER 10.90 RHD F CAB CONTAINER BSIII,EICHER
EICHER POLARIS PVT. LTD.,EICHER,EICHER
EICHER MOTORS LTD,EICHER PRO 1090 F HSD BSIII,EICHER
EICHER MOTORS LTD,EICHER 35.31 HSD,EICHER
EICHER MOTORS LTD,EICHER 10.95F,EICHER
EICHER MOTORS LTD,3531 K HSD,EICHER
EICHER MOTORS LTD,BUS(STAGE CARRIAGE)BS-II,EICHER
EICHER MOTORS LTD,PRO 1110 H HSD SF BS3 NGB 19FT,EICHER
EICHER MOTORS LTD,1049,EICHER
EICHER MOTORS LTD,20.15 M LPO F/L CWC,EICHER
EICHER MOTORS LTD,11.10HD CBC RHD TCI GB 310 C,EICHER
EICHER MOTORS LTD,PRO 1049 C FSD,EICHER
EICHER MOTORS LTD,10.59 XP E HSD RHD,EICHER
EICHER MOTORS,10.95 RHD H CAB  CHASS BS3,EICHER
EICHER MOTORS LTD,PRO 1095,EICHER
EICHER MOTORS,11.10 HD RHD G CAB & DSD BS III,EICHER
EICHER MOTORS LTD,MGV GOOD,EICHER
EICHER MOTORS LTD,EICHER 10.80 BS-III,EICHER
EICHER MOTORS LTD,40 40 E RHD,EICHER
EICHER MOTORS LTD,11.14 XPG FXD HSD,EICHER
EICHER MOTORS LTD,EICHER 11.10 RHD  FSD,EICHER
EICHER MOTORS LTD,M C TRUCK,EICHER
EICHER TRACTORS,EICHER TRACTOR M 241,EICHER
EICHER MOTORS,11.10 HD RHD G SL CAB &amp; ALUMINUM CONT BSII,EICHER
EICHER MOTORS LTD,EICHER PRO1059 XP E CAB HSD,EICHER
EICHER MOTORS LTD,EICHER 10.59H CBC RHD,EICHER
EICHER MOTORS LTD,EICHER 1095,EICHER
EICHER MOTORS LTD,10.90KBS2,EICHER
EICHER MOTORS LTD,EICHER 11.10 HDG HSD BS 111,EICHER
EICHER MOTORS LTD,EICHER- 10.59 XP E HSD RHD,EICHER
EICHER MOTORS LTD,EICHER 10.50 E HSD,EICHER
EICHER MOTORS LTD,PRO 5016 R CWC BS4,EICHER
EICHER MOTORS LTD,EICHER 11.12 XP H CAB &HSD,EICHER
EICHER MOTORS LTD,10.50 C CBC RHD,EICHER
EICHER MOTORS LTD,11.12 G HSD WF BSII GB MII,EICHER
EICHER MOTORS LTD,EICHER 10.75 CNG HSD,EICHER
EICHER MOTORS LTD,10.75 RHD,EICHER
EICHER MOTORS LTD,EICHER-PRO 1049 C FSD RHD,EICHER
EICHER MOTORS LTD,10.90 F HSD,EICHER
EICHER MOTORS LTD,EICHER 15.16,EICHER
EICHER MOTORS LTD,PRO 5016 R CWC,EICHER
EICHER MOTORS LTD,10.59XP E HSD RHD BSIII 14FT ,EICHER
EICHER MOTORS LTD,35.31 K CWC  BSIII,EICHER
EICHER POLARIS PVT. LTD.,PRO 1059 XP,EICHER
EICHER TRACTORS,EICHER 485 DC,EICHER
EICHER MOTORS LTD,"EICHER 10.95 RHDECCAB, BODY",EICHER
EICHER MOT,JUMBO TRUCK 11.10 9MT,EICHER
EICHER MOTORS LTD,EICHER 11.12 G DSD,EICHER
EICHER MOTORS LTD,EICHER 10 90 RHDE CAB,EICHER
EICHER MOTORS LTD,E-483 TCI (BS-II) ENGINE,EICHER
EICHER MOTORS LTD,EICHER PRO 1095 XP E HSD,EICHER
EICHER MOTORS,11.10 HD RHD H CAB & CHASSIS G,EICHER
EICHER MOTORS LTD,10.95 H HSD RHD AB,EICHER
EICHER MOTORS LTD,10.59 XP E HSD BS III,EICHER
EICHER MOTORS LTD,EICHER 11 10,EICHER
EICHER MOTORS LTD,10.75 H BUS,EICHER
EICHER MOTORS LTD,20.16 R CWC,EICHER
EICHER MOTORS LTD,EICHER 10.80 F BSIII,EICHER
EICHER MOTORS,EICHER 11.10 RHD G CAB(EW)BSII,EICHER
EICHER MOTORS LTD,"EICHER MOTORS LTD, EICHER 11.10 XP",EICHER
EICHER MOTORS LTD,11.10 XP H HSD RHD PS 5.8 SF,EICHER
EICHER MOTORS LTD,11.10 XP,EICHER
EICHER MOTORS LTD,11.1,EICHER
EICHER MOT,10.90 F CBC RHD STD GB,EICHER
EICHER TRACTORS,FARMTRAC  35,EICHER
EICHER MOTORS LTD,10.59 XP BSIII,EICHER
EICHER MOTORS LTD,EICHER MODEL 20.16 HHSD,EICHER
EICHER TRACTORS,EICHER 241,EICHER
EICHER MOTORS LTD,EICHER 10.95 EEC BC RHD,EICHER
EICHER MOTORS LTD,MODEL NA,EICHER
EICHER MOTORS LTD,11.12 G HSD,EICHER
EICHER MOTORS LTD,1050 E BUS,EICHER
EICHER MOTORS LTD,4040,EICHER
EICHER MOTORS LTD,1059XP E HSD RHD,EICHER
EICHER MOTORS LTD,10.90 F HSD RHD TCL GB EICHER,EICHER
EICHER MOTORS LTD,EICHER TRUCK,EICHER
EICHER MOTORS,10.95 RHD H CAB &amp; HSD BSII,EICHER
EICHER MOT,10.75 E FSD,EICHER
EICHER MOTORS LTD,PRO 1110 H HSD SF BS3,EICHER
EICHER MOTORS LTD,PRO 5031 M CWC,EICHER
EICHER MOTORS LTD,EICHER PRO 1114 XP H,EICHER
EICHER MOTORS,11.10 HD RHD H CAB & CHASSIS GOODS BSII,EICHER
EICHER MOTORS LTD,"EICHER MOTORS LTD, EICHER 1516",EICHER
EICHER MOTORS LTD,EICHER 10.80F CBC RHD,EICHER
EICHER MOTORS LTD,10.59 RHD E,EICHER
EICHER TRACTORS,EICHER 485 SUPER PLUS+,EICHER
EICHER MOTORS LTD,EICHER 10-75 H BUS,EICHER
EICHER MOTORS LTD,2015 HCWCPSDWBSIII-N,EICHER
EICHER MOTORS LTD,LGV TRANSPORT,EICHER
EICHER PRO 3018 PLUS J SLEEPER CAB& HSD SL BSVI-PH2,VE COMMERCIAL VEHICLES LIMITED,EICHER
EICHER MOTORS LTD,CANTER MITSU,EICHER
EICHER MOTORS LTD,20.16 R CWC PS,EICHER
EICHER MOTORS LTD,10.90E BSIII,EICHER
EICHER MOTORS,10.90 RHD F CAB DSD BS3,EICHER
EICHER MOTORS LTD,11.10 HD RHD H CAB & FSD BSII,EICHER
EICHER MOTORS,11.10 HD RHD H CAB &amp; HSD BS II,EICHER
EICHER MOTORS LTD,EICHER 30.15,EICHER
EICHER MOTORS,10.90 GRHD FCAB&FIXED S.D.,EICHER
EICHER MOTORS LTD,10.59XP E RHD BSIII GB 14FT E2,EICHER
EICHER MOTORS LTD,10-90 CWC CNG,EICHER
EICHER MOTORS LTD,20 16 K HSD,EICHER
EICHER TRACTORS,EICHER MOTERS LTD,EICHER
EICHER MOTORS LTD,10.59 XPE ,EICHER
EICHER MOTORS LTD,10.80C CBCPTORHDABBSIIIE2PGB,EICHER
EICHER MOTORS LTD,EICHER10.75 H BUS. BS-III,EICHER
EICHER MOTORS,CANTER TROOP CARRIER,EICHER
EICHER MOTORS LTD,10.80 E HSD RHD HB BS-III,EICHER
EICHER MOTORS LTD,EICHER PRO 5031 M CWC,EICHER
EICHER PRO 3019 S SLEEPER COWL & CHASSIS BSVI,VE COMMERCIAL VEHICLES LTD,EICHER
EICHER MOTORS LTD,10.90EFSZRHDTC1,EICHER
EICHER MOTORS LTD,EICHER 10.59 HSD BSIII GB 14FT,EICHER
EICHER MOTORS LTD,BULLET ELECTRA,EICHER
EICHER MOTORS LTD,1112 K F/L,EICHER
EICHER MOTORS,11.10HD RHDHCAB&DSD SL BSIII,EICHER
EICHER MOTORS LTD,10.75 RHD E D/VAN,EICHER
EICHER MOTORS LTD,EICHER10.75,EICHER
EICHER MOTORS LTD,10.59XP E HSD RHD BS III GB,EICHER
EICHER MOTORS LTD,10.75 F BUS RHD,EICHER
EICHER MOTORS LTD,EICHER10.80C CBC PTO RHDABBSII,EICHER
EICHER TRACTORS,"EICHER TRACTORS, EICHER 485",EICHER
EICHER MOTORS LTD,EICHER 10.50 RHD,EICHER
EICHER MOTORS LTD,EICHER 10.80 F HSD,EICHER
EICHER TRACTORS,POWERTRAC 445 DS,EICHER
EICHER MOTORS LTD,BULLET ELECTRA UCE-ES,EICHER
EICHER MOTORS LTD,10.50 RHD E BUS(PASSENGER)-BSI,EICHER
EICHER MOTORS LTD,EICHER 10.75 H CWC RHD AB PS,EICHER
EICHER MOTORS LTD,11.10 XP H,EICHER
EICHER MOTORS LTD,10.75 F HSD RHD,EICHER
EICHER MOTORS,10.95 RHD H CAB & HSD BSII,EICHER
EICHER MOTORS LTD,Eicher 10.59 Cabin & High Side,EICHER
EICHER MOTORS LTD,EICHER/11.10HDH HSD/BS-II,EICHER
EICHER TRACTORS,"EICHER TRACTORS, MPT JAWAN",EICHER
EICHER MOTORS LTD,PRO 6037 S HSD SF RHD,EICHER
EICHER MOT,10.95 F RHD,EICHER
EICHER MOT,EICHER,EICHER
EICHER MOTORS LTD,1109,EICHER
EICHER MOTORS LTD,10.75 H BUS PS RHD AB STFBSIII,EICHER
EICHER MOTORS LTD,EICHER  10.75,EICHER
EICHER MOTORS LTD,EICHER 10,EICHER
EICHER MOTORS LTD,10.75 E CWC RHD AB,EICHER
EICHER MOT,10.59E EICHER MOTORS LTD ,EICHER
EICHER MOTORS LTD,TRUCK,EICHER
EICHER POLARIS PVT. LTD.,PRO1075 F HSD HB BS4,EICHER
EICHER MOTORS LTD,10.95 F RHD,EICHER
EICHER MOTORS LTD,10.80 RHD  BSIII,EICHER
EICHER MOTORS LTD,10.80 C CBCPTO RHD TCI,EICHER
EICHER MOTORS LTD,EICHER 30.25 TCI RHD L,EICHER
EICHER MOTORS LTD,10.95 RHD H CAB & HSD BS3,EICHER
EICHER MOTORS LTD,1075 F HSD RHD,EICHER
EICHER MOTORS LTD,EICHER 10.95F DSD BSII,EICHER
EICHER MOTORS LTD,11.10 XP H HSD BSIII,EICHER
EICHER TRACTORS,EICHER 551,EICHER
EICHER MOT,10.95 HSD,EICHER
EICHER MOTORS LTD,MGV 10.90 BSII,EICHER
EICHER MOTORS LTD,EICHER 10 .59 ESL HSD BS III,EICHER
EICHER MOTORS LTD,PRO 3015 J HSD,EICHER
EICHER MOTORS LTD,EICHER 33.25 HSD HR SF,EICHER
EICHER MOTORS,11.10 HD RHD G CAB &HSD BS III,EICHER
EICHER TRACTORS,EICHER HEERA MODEL TRACTOR,EICHER
EICHER MOTORS LTD,EICHER 10.95H HSD BSII,EICHER
EICHER MOTORS,11.10 RHD H CAB&HSD BODY SL,EICHER
EICHER MOTORS LTD,1110 RPO,EICHER
EICHER MOTORS LTD,EICHER 35 31 M HSD TCI GB,EICHER
EICHER MOTORS LTD,20.15,EICHER
EICHER MOTORS,10.95 RHD C CAB &amp; FSD BS3,EICHER
EICHER MOTORS LTD,VE3531KFSD,EICHER
EICHER MOTORS LTD,"EICHER 10.59XP, BS-II",EICHER
EICHER MOTORS LTD,EICHER 20.16 RHD B,EICHER
EICHER MOTORS LTD,EICHER 10.90G CAB&FIXED SIDE D,EICHER
EICHER MOTORS LTD,EICHER 10.80 F ACV,EICHER
EICHER MOTORS LTD,10.59XP E HSD RHD BSII,EICHER
EICHER MOTORS LTD,EICHER PRO 1080XP C CBC PTO,EICHER
EICHER MOTORS LTD,MMWB BUS,EICHER
EICHER MOTORS LTD,11.12 G HSD WF BS2,EICHER
EICHER MOTORS LTD,EICHER 11.10 TRUCK,EICHER
EICHER MOTORS LTD,EICHER 10.90 L COWL&CHSS 2DOOR,EICHER
EICHER MOTORS LTD,Not Available,EICHER
EICHER MOTORS LTD,EICHER 11.14 H HSD RHD,EICHER
EICHER MOTORS LTD,EICHER 10-80E,EICHER
EICHER MOTORS LTD,11.10 XP H HSD RHD PS 5.8 SF ,EICHER
EICHER MOTORS LTD,LGV TRACK,EICHER
EICHER MOTORS,10.75 RHD F CAB & HSD BSII,EICHER
EICHER MOTORS LTD,10.95 F,EICHER
EICHER MOTORS LTD,11.10H HSD BS III,EICHER
EICHER MOTORS,10.59XP RHD E CAB & HSD BSII,EICHER
EICHER MOTORS,11.10 HD RHD G CAB HSD BS III,EICHER
EICHER MOTORS LTD,EICHER10.50,EICHER
EICHER MOTORS LTD,DUAL/SLEEPER CABIN,EICHER
EICHER MOTORS LTD,EICHER 11.10 HD,EICHER
EICHER MOTORS LTD,PRO 1059XP E HSD,EICHER
EICHER MOTORS LTD,EICHER20-15NCWEBSIII,EICHER
EICHER MOTORS,SELECT,EICHER
EICHER TRACTORS,EICHER TRACTOR 380,EICHER
EICHER TRACTORS,5660,EICHER
EICHER POLARIS PVT. LTD.,PRO1075 F HSD BS-III,EICHER
EICHER MOTORS LTD,11.12XP G HSDF RHD PS WF BSIII,EICHER
EICHER MOT,EICHER 1080,EICHER
EICHER MOTORS LTD,10.95 F HSD BSIII,EICHER
EICHER MOTORS LTD,EICHER PRO 6031 P BSIII,EICHER
EICHER MOTORS LTD,1110,EICHER
EICHER MOTORS LTD,EICHER 11.12XP G HSD WF PS,EICHER
EICHER MOTORS LTD,LGV VEHICLE,EICHER
EICHER MOTORS LTD,1114HHSDBS3,EICHER
EICHER MOTORS,EICHER 10.80 RHD C CAB & HSD,EICHER
EICHER MOTORS LTD,EICHER PRO 3015,EICHER
EICHER TRACTORS,EICHER 5660,EICHER
EICHER MOTORS LTD,2016,EICHER
EICHER MOTORS LTD,EICHER 10.59 XPE BS II,EICHER
EICHER MOTORS LTD,EICHER 10.95F HSD BS II,EICHER
EICHER MOTORS LTD,EICHER 10.90 CAB AND  FSD,EICHER
EICHER TRACTORS,EICHER 380 TRACTOR,EICHER
EICHER TRACTORS,242  EXTRA,EICHER
EICHER TRACTORS,485 SUPER DI,EICHER
EICHER MOTORS,EICHER 10.60G CAB&FIXED SIDE D,EICHER
EICHER MOTORS LTD,11.10XPHHSD RHD WF20FT5.8FDR,EICHER
EICHER MOTORS LTD,11.10HD HSD RHD BS3 GB E2 PLUS,EICHER
EICHER MOTORS LTD,10.59XP E HSD RHD BSIII GB E2,EICHER
EICHER MOTORS LTD,11.10 HD  BSII,EICHER
EICHER MOTORS LTD,EICHER PRO 1110  HSD BSIII,EICHER
EICHER MOT,EICHER 11.10 XP G CAB & HSD,EICHER
EICHER MOTORS LTD,HGV TIPPER,EICHER
EICHER MOTORS LTD,PRO 1110,EICHER
EICHER MOTORS LTD,EICHER PRO J SLP HSD,EICHER
EICHER POLARIS PVT. LTD.,PRO 1059 XP EHSD BS3,EICHER
EICHER MOTORS LTD,EICHER 10.59 XP E HSD RHD BS3,EICHER
EICHER MOTORS LTD,EICHER 10.95 E ESD,EICHER
EICHER TRACTORS,EICHER 333,EICHER
EICHER MOT,EICHER 10.90 H CBC,EICHER
EICHER MOTORS LTD,EICHER 10.90 H CBC,EICHER
EICHER MOTORS,11.10 HD RHD H CAB & FSD BSII,EICHER
EICHER MOTORS LTD,11.12XP H HSD PS 5.8 WF BSIII,EICHER
EICHER MOTORS LTD,EICHER 11.10 HD TRUCK BS 3,EICHER
EICHER MOTORS LTD,20.16 H CBC LR,EICHER
EICHER MOTORS LTD,10.75 H CWC PS,EICHER
EICHER MOTORS LTD,EICHER 1059,EICHER
EICHER MOTORS LTD,EICHER 10.50 RHD E CAB,EICHER
EICHER MOTORS LTD,EIC 10.95H HSD RHD BS3,EICHER
EICHER MOTORS LTD,10.75 E BUS AB RP BS4,EICHER
EICHER MOTORS LTD,EICHER 1110,EICHER
EICHER MOTORS LTD,10.95 H CBC RHD,EICHER
EICHER MOTORS LTD,ECHIER 10.50,EICHER
EICHER MOTORS LTD,EICHER PRO 6025 S,EICHER
EICHER MOTORS LTD,10.59 RHD E CAB AND BODY,EICHER
EICHER MOTORS,10.75 P RHD E,EICHER
EICHER MOTORS LTD,EICHER 15.16H,EICHER
EICHER MOTORS LTD,HGV...,EICHER
EICHER TRACTORS,EICHER 243-55,EICHER
EICHER MOTORS LTD,10.59XP E HSD BSII GB,EICHER
EICHER MOTORS LTD,PRO 10.75C CBC PS,EICHER
EICHER MOTORS,11.10 HD RHD G CAB &amp;HSD BS II,EICHER
EICHER MOTORS LTD,EICHER BUS 10.75,EICHER
EICHER MOTORS,11.10 HD RHD G CAB &amp; HSD BSII,EICHER
EICHER MOTORS,11.10 HD RHD H CAB &HSD SL BSIII,EICHER
EICHER MOTORS LTD,EICHER 30:25 EURO,EICHER
EICHER MOTORS LTD,"EICHER MOTORS LTD, 1059XP E HSD RHD",EICHER
EICHER MOTORS LTD,TERRA 16HDR,EICHER
EICHER MOTORS LTD,PRO 3015J CBC BS3,EICHER
EICHER MOTORS LTD,EICHER 10.80 C FSD RHD AB,EICHER
EICHER MOTORS LTD,OTHERS,EICHER
EICHER MOTORS LTD,10.90 F CBC RHD,EICHER
EICHER MOTORS LTD,EICHER 10.95 RADECAB,EICHER
EICHER MOTORS LTD,EICHER 10.50,EICHER
EICHER MOTORS LTD,EICHER 2016,EICHER
EICHER MOTORS,10.90 RHD H CAB FSD BS3,EICHER
EICHER MOTORS LTD,EICHER10.50RHDECAB,EICHER
EICHER MOTORS LTD,M G V,EICHER
EICHER MOTORS LTD,EICHER 11.10XP,EICHER
EICHER MOTORS LTD,EICHER 10.75 CBC,EICHER
EICHER MOTORS,10.95 RHD FCAB HIGH SIDE D.B,EICHER
EICHER MOTORS,11.10 HD RHD H CAB & HSD BS II,EICHER
EICHER MOTORS LTD,10.59 XP E HSD RHD BSIII,EICHER
EICHER MOTORS LTD,10.95 F FSD BS III,EICHER
EICHER MOTORS LTD,11.10XP H HSD PS BS3 E2P,EICHER
EICHER POLARIS PVT. LTD.,PRO1059XPBSIII,EICHER
EICHER MOTORS,10.95 RHD H CAB  HSD BS3,EICHER
EICHER MOTORS LTD,EICHER 11.14 H CAB AND HSD,EICHER
EICHER MOTORS LTD,EICHER PRO 6037 S,EICHER
EICHER MOTORS LTD,10.59 C,EICHER
EICHER MOTORS LTD,1075 F CBC RHD,EICHER
EICHER MOTORS LTD,11.10XP H HSD PS BSIII E2 PLUS,EICHER
EICHER MOTORS LTD,PRO 6037,EICHER
EICHER MOTORS LTD,EICHER 11.10 BS II,EICHER
EICHER MOTORS LTD,10.59E EICHER MOTORS LTD,EICHER
EICHER PRO 1110 H CAB & HSD 19 FT BSIII,VE COMMERCIAL VEHICLES LTD,EICHER
EICHER MOTORS LTD,EICHER35.31,EICHER
EICHER MOTORS LTD,10.75,EICHER
EICHER PRO 1114XP F CAB & HSD BSIV,VE COMMERCIAL VEHICLES LIMITED,EICHER
EICHER MOTORS LTD,6031 P HSDSF RHD BS3,EICHER
EICHER MOTORS LTD,EICHER 11-10,EICHER
EICHER MOTORS LTD,EICHER 10.95 F HSD RHD,EICHER
EICHER MOTORS LTD,EICHER 10.90 K F/L BSIII,EICHER
EICHER MOTORS LTD,EICHER 20.16 BHSD,EICHER
EICHER MOTORS LTD,EICHER 35.31 K HSD,EICHER
EICHER MOTORS LTD,"EICHER 10,59",EICHER
EICHER TRACTORS,EICHER 380 USJ,EICHER
EICHER TRACTORS LTD,EICHER 242,EICHER
EICHER MOTORS LTD,HF DELUXE,EICHER
EICHER MOTORS LTD,3015 J SLP,EICHER
EICHER MOTORS LTD,EICHER 11.10 HSD BSII,EICHER
EICHER MOTORS LTD,EICHER 10.95 F.H.S.D,EICHER
EICHER MOTORS LTD,3531 K,EICHER
EICHER MOTORS LTD,PRO 11.10XP H HSD RHD BS III,EICHER
EICHER MOTORS LTD,EICHER 10.90L COWL & CHS (2DR),EICHER
EICHER MOTORS,11.10 HD RHD H CAB &amp; DSD BSII,EICHER
EICHER PRO2114XP H CAB&HSD BSVI-PH2,VE COMMERCIAL VEHICLES LIMITED,EICHER
EICHER TRACTORS LTD,EICHER 380,EICHER
EICHER MOTORS LTD,10.95 RHD F CAB & HSD BS3,EICHER
EICHER MOTORS LTD,EICHER 11.10 RHD & FSD,EICHER
EICHER MOTORS LTD,EICHER 10.95 F HSD,EICHER
EICHER MOTORS LTD,EICHER 10.95 F HSD . BS-III,EICHER
EICHER MOTORS LTD,CARGO/LIVE STOCK BODY/BS-II,EICHER
EICHER MOTORS LTD,EICHER1110,EICHER
EICHER TRACTORS,FORD 3600,EICHER
EICHER MOTORS LTD,10.90 BUS,EICHER
EICHER MOTORS LTD,PRO 1059C HSD,EICHER
EICHER MOTORS,10.95 RHD F CAB & HSD BSII,EICHER
EICHER MOTORS,EICHER 10.50 RHD,EICHER
EICHER MOTORS LTD,11.14 H HSD,EICHER
EICHER MOTORS LTD,MCV GOODS VICHLE BS-II,EICHER
EICHER MOTORS,10.90 G RHD E CAB & H.S.DECK,EICHER
EICHER MOTORS LTD,EICHER 11-14,EICHER
EICHER MOTORS LTD,MCV,EICHER
EICHER MOTORS LTD,EICHER TERRA25 G FBT,EICHER
EICHER MOTORS LTD,EICHER 1080XP C PS BS3,EICHER
EICHER MOTORS LTD,EICHER 40.40 RHD E CAB,EICHER
EICHER MOTORS LTD,EICHER 11.10 H HSD SF RHD BS 3,EICHER
EICHER MOTORS LTD,EICHER 10.95F HSD,EICHER
EICHER MOTORS LTD,EICHER 10.95 H HSD RHD AB,EICHER
EICHER MOTORS,10.59XP RHD E CAB &amp; HSD BSII,EICHER
EICHER MOTORS LTD,10.59 RHD E CAB  CHASSIS,EICHER
EICHER MOTORS LTD,10.59 RHD E CAB & BODY,EICHER
EICHER MOTORS LTD,EICHER 11.10 RHD G CAB&FSD(EW),EICHER
EICHER MOTORS LTD,11.10 HD RHD G CAB & FSD EW BS,EICHER
EICHER MOTORS LTD,10.95 E  TRUCK BS- II,EICHER
EICHER MOTORS LTD,TRUCK JANGLA BODY,EICHER
EICHER MOTORS LTD,1075E HSD RHD,EICHER
EICHER MOTORS LTD,10.75 H BUS RHD 2DOOR 31 STR,EICHER
EICHER MOTORS LTD,TERRA16 HDR CBCE RHD UB TR BS3,EICHER
EICHER MOTORS LTD,EICHER.1075,EICHER
EICHER MOTORS LTD,EICHER 10.95RHDF CAB E483,EICHER
EICHER POLARIS PVT. LTD.,PRO 1059XP BS III,EICHER
EICHER MOTORS LTD,2016 H CBC,EICHER
EICHER MOTORS,"EICHER MOTORS, 11.10.HD RHD G CAB FIXED SIDE.",EICHER
EICHER MOTORS,10.95 RHD H CAB & DSD BS3,EICHER
EICHER MOTORS LTD,10.50 E FSD RHD STD,EICHER
EICHER MOTORS LTD,EICHER 10.90 E FSD,EICHER
EICHER MOTORS LTD,20.16 RHD K SRCAB HSD BS3,EICHER
EICHER MOTORS LTD,EICHER 10.80,EICHER
EICHER MOTORS LTD,10.59 XP,EICHER
EICHER MOTORS LTD,EICHER 10.95 H HSD,EICHER
EICHER MOTORS LTD,EICHER 1090 CABIN,EICHER
EICHER MOTORS LTD,1059XPE,EICHER
EICHER MOTORS LTD,"EICHER MOTORS LTD, 10.59 XP E HSD RHD",EICHER
EICHER MOTORS,10.90 GRHDH CAB&HIGH SIDE DECK,EICHER
EICHER MOTORS LTD,EICHERPRO,EICHER
EICHER MOTORS LTD,EICHER 10    59,EICHER
EICHER MOTORS LTD,10.80 E HSD,EICHER
EICHER MOTORS LTD,EICHER 10.59XP,EICHER
EICHER MOTORS LTD,10.50  LMV GV 2750,EICHER
EICHER MOTORS,10.75 RHD H BUS PASSENGER BS II,EICHER
EICHER MOTORS,10.95 RHD HCAB&HIGH SIDE D.B.,EICHER
EICHER MOTORS,EICHER 10.90GRHD E CAB&CHASSIS,EICHER
EICHER MOTORS LTD,EICHER PRO.11.10,EICHER
EICHER MOTORS,10.95 RHD F CAB & CHASS BS3,EICHER
EICHER MOTORS LTD,EICHER 10.90 FSD,EICHER
EICHER TRACTORS,ESCORT 325,EICHER
EICHER MOTORS LTD,EICHER 10.90 RHDECAB,EICHER
EICHER MOTORS LTD,EICHER 11.10  BS III,EICHER
EICHER MOTORS LTD,EICHER 3531 BSIII,EICHER
EICHER MOTORS LTD,EICHER 10.90 F HSD BSII,EICHER
EICHER TRACTORS LTD,EICHER 333,EICHER
EICHER MOTORS LTD,30.25FE K CWC PS RHD,EICHER
EICHER MOTORS LTD,11.10 HD 20FT,EICHER
EICHER MOTORS LTD,11.12.XPHHSD RHD PS 5.8 SF BS,EICHER
EICHER MOTORS LTD,10.59XP RHD E CAB & HSD BSII,EICHER
EICHER MOTORS LTD,EICHER 11.10 HD H FSD RHD,EICHER
EICHER MOTORS,20.16RHD H STANDARDRC&amp;HSDBSII,EICHER
EICHER MOTORS LTD,EICHER 11.10 HD H CAB & HSD,EICHER
EICHER MOTORS LTD,EICHER MITSUBISHI VAR,EICHER
EICHER MOTORS LTD,11.14 H,EICHER
EICHER MOTORS LTD,EICHER 11.10 XP G CAB & HSD,EICHER
EICHER MOTORS LTD,EICHER PRO 1059 XP,EICHER
EICHER MOTORS LTD,11.10HDRHDHCAB&DSD SL BSIII,EICHER
EICHER MOTORS LTD,EICHER 10 90/MGV,EICHER
EICHER MOTORS LTD,EICHER PRO 1110,EICHER
EICHER POLARIS PVT. LTD.,10.59,EICHER
EICHER MOTORS LTD,EICHER PRO 1114 H HSD SP PS,EICHER
EICHER TRACTORS,EICHER 557 TRACTOR BSIIIA,EICHER
EICHER MOTORS LTD,EICHER 10.95 HSD,EICHER
EICHER MOTORS LTD,3025FE K CWC,EICHER
EICHER MOTORS LTD,10.80 C CBC TCI,EICHER
EICHER MOTORS LTD,EICHER PRO1059 HSD BS 3,EICHER
EICHER MOTORS LTD,EICHER PRO 1059 XP E HSD BS 3,EICHER
EICHER MOTORS LTD,11.12 G HSD WF BSII,EICHER
EICHER MOTORS LTD,EICHER PRO 1110XP H HSD SF PS,EICHER
EICHER MOTORS LTD,EICHER 10.75 F.H.S.D.,EICHER
EICHER MOTORS LTD,EICHER 10.95 RHD H CAB,EICHER
EICHER MOTORS LTD,11.14 H HSD SF,EICHER
EICHER MOTORS LTD,10.59 E DSD BSII,EICHER
EICHER MOTORS LTD,EICHER MGV BSII,EICHER
EICHER MOTORS LTD,EICHER 20.16 BSII,EICHER
EICHER MOTORS LTD,EICHER 10 90M G V,EICHER
EICHER TRACTORS,EICTHER TRACTOR,EICHER
EICHER MOTORS LTD,10.95F FSD,EICHER
EICHER MOTORS LTD,35.31 K BSIII,EICHER
EICHER MOTORS LTD,PRO 1049 C,EICHER
EICHER MOTORS LTD,10.80 E HSD RHD TCI GB,EICHER
EICHER MOTORS,CANTER CAB AND FSD,EICHER
EICHER MOTORS LTD,EICHER 10.75 RHD E CAB,EICHER
EICHER MOTORS LTD,11.12XP H HSD PS 5.8 SF BSIIIC,EICHER
EICHER MOTORS LTD,EICHER10.95RHD FCAB&HSD,EICHER
EICHER TRACTORS,439 XL,EICHER
EICHER MOTORS LTD,EICHER  G V,EICHER
EICHER MOTORS LTD,EICHER PRO 3015 HSD,EICHER
EICHER MOTORS LTD,10.59XPE HSD BS-III,EICHER
EICHER TRACTORS,EICHER TRACTOR,EICHER
EICHER MOTORS LTD,10.90 F HSD RHD BS2,EICHER
EICHER MOTORS LTD,EICHER 11-10 XPH E2P,EICHER
EICHER MOTORS LTD,MMV GOODS,EICHER
EICHER MOTORS LTD,EICHER 10.90 CABIN AND FSD,EICHER
EICHER POLARIS PVT. LTD.,EICHER 11-10,EICHER
EICHER MOTORS LTD,1059 XP E HSD BS3 NGB,EICHER
EICHER MOTORS LTD,11.10  HD H,EICHER
EICHER MOTORS LTD,10.75E ST TROOP CAR,EICHER
EICHER MOTORS LTD,10.90 K CBC RHD AB,EICHER
EICHER MOTORS LTD,EICHER 10 90,EICHER
EICHER MOTORS LTD,EICHER 10.59XP RHD E HSD,EICHER
EICHER TRACTORS,369 TRACTOR EICHER,EICHER
EICHER MOTORS LTD,EICHER MOTORS,EICHER
EICHER MOTORS LTD,TERRA 16 HDR E,EICHER
EICHER MOTORS,11.10HD RHDHCAB&FSD SL BS III,EICHER
EICHER TRACTORS,EICHER 312 NC TRACTOR,EICHER
EICHER MOTORS LTD,EICHER 2016JUMBO,EICHER
EICHER MOTORS LTD,EICHER 10.90F HSD RHD,EICHER
EICHER MOTORS LTD,EICHER 10-50,EICHER
EICHER MOTORS LTD,LGV,EICHER
EICHER MOTORS LTD,EICHER CANTER,EICHER
EICHER MOTORS LTD,1095 H HSD RHD,EICHER
EICHER MOTORS LTD,BUS BUS,EICHER
EICHER MOTORS LTD,L G V,EICHER
EICHER MOTORS,11.10 HD RHD H CAB & FSD BS III,EICHER
EICHER MOTORS,EICHER 11.10 RHD G CAB&amp;CHASSIS(GOODS)BSIII,EICHER
EICHER MOTORS LTD,EICHER 10.75 F CBC RHD,EICHER
EICHER MOTORS LTD,EICHER 10.59 XTRA PAYLOAD,EICHER
EICHER MOTORS LTD,10.80 C CBCPTO RHD BSII,EICHER
EICHER MOTORS,EICHER 10.90 RHD K 41 SEATER B,EICHER
EICHER MOTORS LTD,40 40 E RHD TRACTOR PS LR ABS,EICHER
EICHER MOTORS LTD,"EICHER 10.95 RHDECAB , BODY",EICHER
EICHER MOTORS LTD,EICHER 11-10 HD H HSD RHD BSII,EICHER
EICHER MOTORS LTD,EICHER MODEL 10.95 FHSD,EICHER
EICHER MOTORS LTD,10.59XP E HSD RHD BS II GB,EICHER
EICHER MOTORS LTD,PRO 8049,EICHER
EICHER MOTORS LTD,EICHER PRO 1075 F ALC,EICHER
EICHER MOTORS LTD,35  31  K HSD WF SFT  IND,EICHER
EICHER TRACTORS,241 X-TRAC,EICHER
EICHER TRACTORS,EICHER 333 TRACTOR,EICHER
EICHER MOTORS LTD,NA1452,EICHER
EICHER MOTORS LTD,20.16 K CBC,EICHER
EICHER MOTORS LTD,10.59XP E HSD RHD BSIII GB,EICHER
EICHER MOTORS LTD,PRO 1075 F HSD RHD,EICHER
EICHER MOTORS LTD,EICHER 10 59 XP E CAB HIGH SID,EICHER
EICHER MOTORS LTD,EICHER 10.90 41 STR BUS,EICHER
EICHER MOTORS LTD,10.75HFLCWCPS AB BS3 ABS,EICHER
EICHER MOTORS LTD,10.75 H F/L CWC PS BS4,EICHER
EICHER MOTORS LTD,EICHER 10.75 E F/L CWC AB PSRP,EICHER
EICHER MOTORS LTD,EICHER10.59,EICHER
EICHER MOTORS LTD,EICHER 10.59XP E HSD RHD BSIII,EICHER
EICHER MOTORS LTD,EICHER PRO 1110XP H HSD,EICHER
EICHER MOTORS LTD,EICHER 10.50 E CWC,EICHER
EICHER MOTORS,10.95 RHD H CAB & CHASS BS3,EICHER
EICHER MOTORS,20.16 RHD H HRCAB HSD BS3,EICHER
EICHER MOTORS LTD,EICHER 40.40 E RHD BSIII,EICHER
EICHER MOTORS LTD,BS1114,EICHER
EICHER MOTORS,10.90 G RHD E CAB &amp; H.S.DECK,EICHER
EICHER MOTORS LTD,35.31 K CWC,EICHER
EICHER MOTORS,10.90RHDKCOWLCHASSIS(GOODS) BS,EICHER
EICHER MOTORS LTD,10.80 XPCCBCPTOABBS3GBE2PLUS,EICHER
EICHER MOTORS LTD,EICHER  11.10,EICHER
EICHER MOTORS LTD,EICHER 10.75 BUS,EICHER
EICHER MOTORS LTD,EICHER 10. 50,EICHER
EICHER MOTORS LTD,20.16,EICHER
EICHER MOTORS LTD,Eicher,EICHER
EICHER MOTORS,"EICHER MOTORS, 11.10 HD RHD H CAB & HSD BS II",EICHER
EICHER MOTORS LTD,EICHER 10.75 F HSD,EICHER
EICHER MOTORS,11.10 HD RHD H CAB &amp; FSD BSII,EICHER
EICHER MOTORS LTD,10.75 H BUS HB 33S,EICHER
EICHER TRACTORS,E 241,EICHER
EICHER MOTORS LTD,35.31 HERCULES RHD,EICHER
EICHER MOTORS LTD,11.14 H HSD RHD PS SF BSIII DW,EICHER
EICHER MOTORS,10.90 CABHSD(HIGH SIDE DECK),EICHER
EICHER MOTORS LTD,30.25XPK CWC IND RDLT CR BS3,EICHER
EICHER MOTORS,11.10 HD RHD G CAB & FIXED SID,EICHER
EICHER MOTORS LTD,EICHER 10.90 CABIN,EICHER
EICHER TRACTORS,EICHER 551 V1,EICHER
EICHER MOTORS LTD,30.25 XPK CWCRHD PS B.S.-II,EICHER
EICHER MOTORS LTD,EICHER 10.59 E RHD,EICHER
EICHER MOTORS LTD,EICHER 10.90 CABIN FDS,EICHER
EICHER MOTORS LTD,EICHER 11.12,EICHER
EICHER MOTORS LTD,11.10 G CBC RHD STD CW,EICHER
EICHER MOTORS LTD,EICHER 10.90 MGV,EICHER
EICHER MOTORS LTD,10.75 E HSD RHD AB BSIII,EICHER
EICHER MOTORS LTD,10.59XP  BS-III,EICHER
EICHER MOTORS LTD,10.90 G RHD E CAB & H.S.DECK,EICHER
EICHER TRACTORS,EICHER 557 BSIII,EICHER
EICHER MOTORS LTD,EICHER 10.95 E2 PLUS,EICHER
EICHER MOTORS LTD,EICHER PRO 5016,EICHER
EICHER MOTORS LTD,11.10*P H HSD WF PS RHD,EICHER
EICHER MOTORS,11.10 HD RHD G SL CAB  CONT EW,EICHER
EICHER MOTORS,20.16 RHD M SRCAB CHASSIS BS3,EICHER
EICHER MOTORS LTD,EICHER 11.14 HSD,EICHER
EICHER MOTORS LTD,EICHER 35.31 K BS III,EICHER
EICHER MOTORS LTD,EICHER PRO 6 37S SLP,EICHER
EICHER MOTORS LTD,10.95 RHD E CAB&HIGH SIDE DECK,EICHER
EICHER MOTORS LTD,EICHERHERCULES 35.31,EICHER
EICHER MOTORS LTD,10.90 H HSD  RHD,EICHER
EICHER TRACTORS,EICHER/10.59XP,EICHER
EICHER MOTORS LTD,EICHER 10.90 L COWL & CHS (1DR,EICHER
EICHER MOTORS LTD,EICHER MOTOR,EICHER
EICHER MOTORS,10.95 RHD F CAB & HSD BS3,EICHER
EICHER MOTORS LTD,11.10HD H HSD RHD,EICHER
EICHER MOTORS LTD,BUS 1080,EICHER
EICHER MOT,11.1,EICHER
EICHER MOTORS LTD,PRO1075F HSD BSIII,EICHER
EICHER MOTORS,10.95 RHD F CAB & FSD BSII,EICHER
EICHER MOTORS,BAJAJ FE AUTORICKSHAW,EICHER
EICHER MOTORS LTD,11.12XP G HSD RHD PS WF BSIII,EICHER
EICHER MOTORS LTD,EICHER PRO 8013,EICHER
EICHER MOTORS LTD,EICHER 10.59 XP RHD E,EICHER
EICHER TRACTORS,EICHER 242 XTRAC,EICHER
EICHER MOTORS,20.16 RHD B HIGH CAB & CHASSIS,EICHER
EICHER MOTORS LTD,CANTER -VAN,EICHER
EICHER MOTORS,EICHER 10.90GRHD E CAB,EICHER
EICHER MOTORS LTD,11.10 P G HSD RHD PS 5.8 BSIII,EICHER
EICHER MOTORS LTD,11.14 H HSD RHD WF,EICHER
EICHER MOTORS LTD,11.14 HHSD RHD PS SF B3 DW,EICHER
EICHER MOTORS LTD,EICHER 1095 H,EICHER
EICHER MOTORS LTD,11.10 BUS,EICHER
EICHER MOTORS LTD,EICHER 10.95 FSD RHD BIII,EICHER
EICHER MOTORS LTD,PRO 5025 K CWC RHD,EICHER
EICHER MOTORS LTD,PRO 1059 XP E HSD,EICHER
EICHER MOTORS LTD,EICHER 10.50 RHD E,EICHER
EICHER MOTORS LTD,L.C.V BUS,EICHER
EICHER MOTORS,11.10 HD RHD H CAB  HSD BS III,EICHER
EICHER MOTORS LTD,11.12G HD DSD BS II,EICHER
EICHER MOTORS LTD,TERRA 25 FBT,EICHER
EICHER MOTORS LTD,11.10 HD,EICHER
EICHER MOTORS LTD,EICHER 10 90 CBC,EICHER
EICHER MOTORS LTD,H G V,EICHER
EICHER MOTORS LTD,35.31,EICHER
EICHER MOTORS LTD,EICHER 10.90 BUS,EICHER
EICHER MOTORS LTD,EICHER PRO 3019 J HSD,EICHER
EICHER10.75E COWL&CHASSIS FACE/WITHOUTFACE BSIV,VE COMMERCIAL VEHICLES LIMITED,EICHER
EICHER MOTORS LTD,10.80 XP BSIII GB E2 PLUS,EICHER
EICHER MOTORS LTD,EICHER 40 40 RHD,EICHER
EICHER MOTORS LTD,EICHER BSII,EICHER
EICHER MOTORS LTD,MULTIX MX,EICHER
EICHER MOTORS LTD,EICHER 11.10HD,EICHER
EICHER MOTORS LTD,10.59 HSD,EICHER
EICHER MOTORS,10.70 F ALC RHD STD GB,EICHER
EICHER MOTORS LTD,"EICHER PRO 11,1O XP G HSD",EICHER
EICHER MOTORS LTD,PRO 3015 J SLPCBC BS3,EICHER
EICHER MOTORS LTD,10.59 XP E HSD BSIII,EICHER
EICHER MOTORS LTD,"EICHER MOTORS LTD, EICHER TRACTOR",EICHER
EICHER MOTORS LTD,NAAAAA,EICHER
EICHER MOTORS,11.10 HD RHD H CAB &HSD SL BSI,EICHER
EICHER TRACTORS,ESCORT POWERTRAC 429,EICHER
EICHER TRACTORS,241 NC,EICHER
EICHER MOTORS LTD,EICHER 10.75 H,EICHER
EICHER MOTORS LTD,11.10 XP H HSD RHD PS,EICHER
EICHER MOTORS LTD,EICHER 10.95 F RHD,EICHER
EICHER MOTORS,10.90 CAB(HIGH SIDE DECK),EICHER
EICHER MOTORS LTD,10.59 XPE,EICHER
EICHER MOTORS LTD,EICHER 30.25 4800 MM,EICHER
EICHER MOTORS LTD,20.16K CBC,EICHER
EICHER MOTORS LTD,30.25FE L CBC LR,EICHER
EICHER TRACTORS,EICHER 557,EICHER
EICHER MOTORS LTD,SKYLINE PRO 3009,EICHER
EICHER MOTORS,10.95 RHD E CAB&HIGH SIDE DECK,EICHER
EICHER MOT,EICHER 11.10 XP H CAB & HSD,EICHER
EICHER MOTORS LTD,10.75 BUS,EICHER
EICHER MOTORS LTD,35.51  B.S.III PLATFORM,EICHER
EICHER MOTORS LTD,35.31 B.S.III PLATFORM,EICHER
EICHER MOTORS LTD,"EICHER MOTORS LTD, 10.59 XP",EICHER
EICHER MOTORS LTD,3531,EICHER
EICHER MOTORS LTD,10.59  XP E CBC RHD,EICHER
EICHER MOT,EICHER 20.16 B HSD,EICHER
EICHER MOTORS,10.80 RHD F CAB & HIGH SIDE DE,EICHER
EICHER MOTORS LTD,10.50 E BUS,EICHER
EICHER MOTORS LTD,10.75E HSD RHD STD PB,EICHER
EICHER MOTORS LTD,1090,EICHER
EICHER MOTORS LTD,EICHER 10.90 K,EICHER
EICHER MOTORS LTD,EICHER 10 75 E II,EICHER
EICHER MOTORS LTD,PRO3015 BS IV,EICHER
EICHER MOTORS LTD,1049 C FSD RHD BS3,EICHER
EICHER MOTORS LTD,EICHER JUMBO 20.16,EICHER
EICHER MOTORS LTD,EICHER 10 80,EICHER
EICHER MOTORS LTD,1110 XP H HSD PS BS3 ,EICHER
EICHER MOTORS LTD,EICHER -1080 PRO,EICHER
EICHER MOTORS LTD,EICHER 1075 E HSD RHD BS3,EICHER
EICHER MOTORS,Select,EICHER
EICHER MOTORS,10.90 G RHD E CAB & CHASSIS,EICHER
EICHER MOTORS,10.90 RHD E CAB HSD BS3,EICHER
EICHER MOTORS,11.10 HD RHD G CAB & CHASSIS,EICHER
EICHER MOTORS LTD,EICHER 10.95 F,EICHER
EICHER MOTORS LTD,11.10 H,EICHER
EICHER MOTORS LTD,20.16 K HSD PS LR,EICHER
EICHER MOTORS LTD,EICHER 10.80 C TRUCK,EICHER
EICHER MOTORS,EICHER 10.90 RHD K COWL(GOODS/PASSENGER) BS3,EICHER
EICHER MOTORS LTD,10.80 C CBC PTO RDH BSIII,EICHER
EICHER MOTORS LTD,EICHER PRO 3009,EICHER
EICHER MOTORS LTD,"EICHER CWC RHD PS, BS-II",EICHER
EICHER MOTORS LTD,10.80 AB BSIII,EICHER
EICHER MOTORS LTD,SKY LINE PRO 3009 L BUS,EICHER
EICHER TRACTORS,E 242,EICHER
EICHER MOTORS LTD,10.50 LMVGV2750,EICHER
EICHER MOTORS,20.16 RHD B STD CAB &amp; BODY,EICHER
EICHER MOTORS LTD,20.16 H HSD B.S.III,EICHER
EICHER MOTORS LTD,10.75 E BUS HB,EICHER
EICHER MOTORS,10.95 RHD F CAB & CHASS BSII,EICHER
EICHER MOTORS LTD,EICHER11.10,EICHER
EICHER MOTORS,10.90 RHD F CAB &amp; FSD BS3,EICHER
EICHER MOTORS LTD,PRO 1095 E CBC PTO AB PS BS3,EICHER
EICHER MOTORS LTD,EICHER 11 -10 HD,EICHER
EICHER MOTORS,10.90 GRHDH CAB & CHASSIS,EICHER
EICHER MOTORS LTD,10.95 F HSD TCI,EICHER
EICHER MOTORS LTD,EICHER 10.90 E,EICHER
EICHER MOTORS LTD,10.75 H F/L CWC AB BS3 RP,EICHER
EICHER MOTORS LTD,MCV TEMPO,EICHER
EICHER MOTORS LTD,10.59 XP E HSD RHD BSIII 14 FT,EICHER
EICHER TRACTORS,EICHER 242 SUPER STAR,EICHER
EICHER MOTORS LTD,10.95 RHD F,EICHER
EICHER MOTORS LTD,3009BUS,EICHER
EICHER MOTORS LTD,20.16 H CWC BSIII,EICHER
EICHER MOTORS LTD,EICHER 10.75 P CARRIER,EICHER
EICHER MOTORS LTD,EICHER PRO 1095 XP F HSD AB,EICHER
EICHER MOTORS LTD,EICHER 10.75F HSD RHD,EICHER
EICHER MOTORS LTD,LCV,EICHER
EICHER MOTORS LTD,EICHER 10.80 E HSD BS 3,EICHER
EICHER MOTORS,10.50 RHD E CAB FSD GOODS BSII,EICHER
EICHER MOTORS,10.75 RHD C CAB & HSD BS3,EICHER
EICHER MOTORS LTD,EICHER PRO 10.95BODY,EICHER
EICHER SKYLINE PRO 3009 L STAFF BUS (44+D) BSIV,VE COMMERCIAL VEHICLES LTD,EICHER
EICHER POLARIS PVT. LTD.,MULTIX MXL,EICHER
EICHER MOTORS LTD,EICHER 10.59XP RHD E,EICHER
EICHER MOTORS LTD,EICHER 11.10HDH HSD,EICHER
EICHER MOTORS,10.95 RHD H CAB & FSD BS3,EICHER
EICHER MOTORS,10.95 RHD F CAB & FSD BS3,EICHER
EICHER MOTORS LTD,EICHER TATA,EICHER
EICHER MOTORS LTD,10.95 E FSD,EICHER
EICHER MOTORS,10.95 RHD F CAB &amp; FSD BS3,EICHER
EICHER MOTORS LTD,MINI BUS,EICHER
EICHER MOTORS,10.95 RHD F CAB &amp; HSD BS3,EICHER
EICHER MOT,EICHER 10.90,EICHER
EICHER MOTORS LTD,20.16 H CWC PS CR BS3 N,EICHER
EICHER MOTORS LTD,11 12XPH CAB HSD BS III,EICHER
EICHER MOTORS LTD,EICHER 10 90 E HSD,EICHER
EICHER MOTORS LTD,LMVGOODSVEHICLE,EICHER
EICHER MOTORS LTD,EICHER MINI TRUCK,EICHER
EICHER MOTORS,11.10 HD RHD G CAB & FIXED SIDE DECK BSII,EICHER
EICHER MOTORS LTD,11.12 G HSD RHD WF BSIII DW E2,EICHER
EICHER MOTORS LTD,TERRA 16 E RHD,EICHER
EICHER MOTORS,10.50 RHD E CAB,EICHER
EICHER MOTORS LTD,EICHER 1050 RHD E,EICHER
EICHER MOTORS LTD,TROOP CARRIER,EICHER
EICHER MOTORS LTD,EICHER 20.16 RHD,EICHER
EICHER MOTORS LTD,11.10XPH HSDPSBSIII E2PLUS20FT,EICHER
EICHER MOTORS LTD,EICHAR JUMBO15.16 H,EICHER
EICHER MOTORS LTD,STANDARD BULLET 350CC,EICHER
EICHER MOTORS LTD,2016 H HSD,EICHER
EICHER MOT,"EICHER MOT, 10.59E EICHER MOTORS LTD",EICHER
EICHER MOTORS LTD,TANKER,EICHER
EICHER MOTORS LTD,EICHER 11.14 H CAB & HSD,EICHER
EICHER TRACTORS,242  XTRAC,EICHER
EICHER MOTORS LTD,EICHER PRO 1059XP E HSD,EICHER
EICHER MOTORS LTD,EICHER-SKYLINE PRO3008HBUS,EICHER
EICHER MOTORS LTD,10.95 RHD E CABSIDE DECK,EICHER
EICHER MOTORS LTD,EICHER 11-12 GDSD BS,EICHER
EICHER MOTORS LTD,EICHER 10 50,EICHER
EICHER MOTORS LTD,EICER 11.10,EICHER
EICHER MOTORS LTD,EICHER 40.40 RHD TRACTOR,EICHER
EICHER MOTORS LTD,EICHER PRO 11 10,EICHER
EICHER MOTORS LTD,PRO 1059XP E CBC BS3,EICHER
EICHER MOTORS LTD,EICHER 10.59,EICHER
EICHER MOTORS,11.10 RHD CAB LONG HSD,EICHER
EICHER MOTORS LTD,11.12,EICHER
EICHER TRACTORS,EICHER TRACTOR M 333,EICHER
EICHER MOTORS LTD,BUS BS III,EICHER
EICHER TRACTORS,EICHER TRACTOR 242,EICHER
EICHER TRACTORS,EICHER TRACTORS,EICHER
EICHER MOTORS,11.10 HD RHD G CAB &amp; CHASSIS (GOODS) BSII,EICHER
EICHER TRACTORS,TRACTOR  364 - NC,EICHER
EICHER MOTORS LTD,PRO 5016,EICHER
EICHER MOTORS LTD,PRO 10.59XP,EICHER
EICHER MOTORS LTD,OTHER,EICHER
EICHER MOTORS LTD,11.10 XP H HSD PS 5.8SF,EICHER
EICHER MOTORS LTD,PRO 3015 J,EICHER
EICHER MOTORS LTD,10.59 XP E HSD RHD BSIII GB,EICHER
EICHER MOTORS LTD,ECIHER MOTOR,EICHER
EICHER MOTORS,11.10 RHD H CAB&HSD BODY,EICHER
EICHER MOTORS LTD,EICHER 10.90L COWL AND CHS 2X2,EICHER
EICHER MOTORS,11.10 HD RHD H CAB & DSD BSII,EICHER
EICHER MOTORS LTD,PRO 1114,EICHER
EICHER MOTORS LTD,10.95 F FSD,EICHER
EICHER MOTORS,10.95 RHD C CAB & FSD BS3,EICHER
EICHER MOTORS LTD,TATA 407,EICHER
EICHER MOTORS,10.50 RHD C CAB & HSD BSII,EICHER
EICHER MOTORS LTD,10.95 EICHER,EICHER
EICHER MOTORS LTD,EICHER 20.16CABIN HSD/4800 MM,EICHER
EICHER MOTORS LTD,11.10 XP H HSD SF PS BSIII GB ,EICHER
EICHER MOTORS LTD,EICHER MCV,EICHER
EICHER MOTORS LTD,EICHER 10.60 FSD,EICHER
EICHER MOTORS LTD,40 40,EICHER
EICHER MOTORS LTD,30.25 XP,EICHER
EICHER MOTORS LTD,EICHAR 10.75 F BUS RHD 312,EICHER
EICHER MOTORS LTD,EICHER 11.10 XP H CAB & HSD,EICHER
EICHER MOTORS LTD,EICHER1075 E HSD RHD BS3AB NGB,EICHER
EICHER MOTORS LTD,EICHER 10.52 CABIN AND FSD,EICHER
EICHER MOTORS,11.10 HD RHD H CAB & FSD BS II,EICHER
EICHER MOTORS LTD,10.80 F HSD,EICHER
EICHER TRACTORS,241,EICHER
EICHER MOTORS,10.90 G RHD E CAB & F.S.DECK,EICHER
EICHER MOTORS LTD,10.80 XP C CBC PTO AB BSIII ,EICHER
EICHER MOTORS LTD,EICHER10.90,EICHER
EICHER MOTORS LTD,1075F HSD RHD HB BS4,EICHER
EICHER MOTORS LTD,PRO 6031 P,EICHER
EICHER MOTORS LTD,10.59 RHD E CAB & CHASSIS,EICHER
EICHER MOTORS LTD,FE 444 EXR TANKER,EICHER
EICHER MOTORS,10.75 RHD E CAB&CHASSIS,EICHER
EICHER MOTORS LTD,EICHER MULTIX MX ,EICHER
EICHER MOTORS LTD,EICHER 20.16 TURBO RHD,EICHER
EICHER MOTORS LTD,10.90 L CWC PS RHD,EICHER
EICHER MOTORS LTD,1075 E BUS,EICHER
EICHER MOTORS LTD,10.80CCBCRHDTCI AB GB,EICHER
EICHER MOTORS LTD,11.1OHD H HSD RHD TC1 GB 310C,EICHER
EICHER MOTORS,10 90 RHDKCOWL CHASSIS BSIII,EICHER
EICHER MOTORS,20.16 RHD B HIGH CAB & BODY,EICHER
EICHER MOTORS LTD,EICHER 10.59 E HSD BSIII,EICHER
EICHER MOTORS LTD,EICHER PRO 3009 L36 SEATER BUS,EICHER
EICHER MOTORS LTD,10.7,EICHER
EICHER MOTORS LTD,EICHER 20.16,EICHER
EICHER MOTORS LTD,10.59 RHD E CAB BODY,EICHER
EICHER MOTORS LTD,1059 XP E HSD BS3,EICHER
EICHER MOTORS LTD,EICHER 11.10 RHD CAB & FSD,EICHER
EICHER MOTORS LTD,EICHER 10.55 C FSD BSIII,EICHER
EICHER MOTORS LTD,EICHER 3531,EICHER
EICHER MOTORS LTD,PRO 1055 CBC PS,EICHER
EICHER MOTORS LTD,FE 444 FXR FACE COWL,EICHER
EICHER TRACTORS,EICHER 312,EICHER
EICHER MOTORS LTD,EICHER 10.75 H BUS,EICHER
EICHER MOTORS LTD,11.10 HD RHD H CAB BS III,EICHER
EICHER MOTORS LTD,AL2214,EICHER
EICHER MOTORS,11.10 HD RHD H CAB  FSD BS II,EICHER
EICHER MOTORS LTD,40.35 E TRACTOR INDRDLT,EICHER
EICHER MOTORS LTD,EICHER 10 50 C BUS 12 SEATER,EICHER
EICHER MOTORS LTD,11.10HD HSD RHD BS III,EICHER
EICHER MOTORS LTD,3025,EICHER
EICHER MOTORS LTD,10.50 E CWC HB,EICHER
EICHER MOTORS LTD,EICHER 10.75 H BS-III,EICHER
EICHER MOTORS LTD,11.14 H CAB AND HSD,EICHER
EICHER MOTORS,EICHER 10.90G CAB&amp;FIXED SIDE D,EICHER
EICHER MOTORS LTD,11.14 EICHER,EICHER
EICHER MOTORS LTD,11.10 XP H HSD RHD,EICHER
EICHER MOTORS LTD,EICHER 10.75 SCL BUS RHD,EICHER
EICHER MOTORS LTD,EICHER 10.75 C BUC WB-2815,EICHER
EICHER MOTORS LTD,PRO 1059,EICHER
EICHER MOTORS LTD,10.50 E HSD,EICHER
EICHER MOTORS LTD,EICHER 10.59 XP E RHD BSIII,EICHER
EICHER MOTORS,10.95 RHD H CAB & FSD BSII,EICHER
EICHER MOTORS,10.90 CAB AND FSD,EICHER
EICHER MOTORS LTD,EICHER 3025,EICHER
EICHER TRACTORS,EICHER 242 NC,EICHER
EICHER MOTORS LTD,EICHER 11-10 XP,EICHER
EICHER TRACTORS,FORD 3600 TRACTOR,EICHER
EICHER MOTORS LTD,EICHER 10 95,EICHER
EICHER MOTORS LTD,EICHER  D /VAN,EICHER
EICHER MOTORS LTD,EICHER 10.90 K. BUS B.S.-II,EICHER
EICHER MOTORS LTD,EICHER PRO 1059XP E HSD SF BS3,EICHER
EICHER MOTORS LTD,EICHER 10.50 C.CWC,EICHER
EICHER MOTORS LTD,EICHER 11.12H RHD G CAB,EICHER
EICHER MOTORS LTD,EICHER 10-59  XP,EICHER
EICHER MOTORS LTD,EICHER 10 90 F HSDBS,EICHER
EICHER MOTORS LTD,EICHER 10.90RHDE BUS,EICHER
EICHER MOTORS LTD,11.12 HSD BIII,EICHER
EICHER MOTORS LTD,EICHER 10.59 XP E HSD RHD,EICHER
EICHER MOTORS LTD,10.95 F HSD BS II,EICHER
EICHER MOTORS LTD,10.75 H CWC STD RHDAB BSII,EICHER
EICHER TRACTORS,EICHER 548 TRAC BTS IIIA,EICHER
EICHER TRACTORS,EICHER,EICHER
EICHER MOTORS LTD,EICHER 10.90L F/L,EICHER
EICHER MOTORS LTD,EICHER MULTIX MX BS III,EICHER
EICHER MOTORS LTD,"EICHER 10.90RHDECAB , BODY",EICHER
EICHER MOTORS LTD,,EICHER
EICHER MOTORS,11.10 HD RHD H CAB & ALUMINUM,EICHER
EICHER MOTORS LTD,10.80 C CBC RHD BSIII,EICHER
EICHER MOTORS,11.10HD RHD G CAB  DSD BSII,EICHER
EICHER MOTORS LTD,EICHER.10.59,EICHER
EICHER MOTORS LTD,EICHER 11.10 XP G,EICHER
EICHER MOTORS,10.59 RHD E CAB & HSD BSII,EICHER
EICHER MOTORS LTD,EICHER 20 16 E BS II,EICHER
EICHER MOTORS LTD,10.95 RHD H CAB & FSD BSII,EICHER
EICHER MOTORS,JUMBO 15.16 H COWL &CHASSIS-B,EICHER
EICHER MOTORS,11.10 HD RHD G CAB BS III,EICHER
EICHER MOTORS,10.59 RHD E CAB & BODY,EICHER
EICHER MOTORS LTD,35.31 EICHER,EICHER
EICHER MOTORS LTD,EICHER 50.16,EICHER
EICHER MOTORS LTD,EACHER 10.90,EICHER
EICHER MOTORS LTD,EICHER 10 50 RHD E C,EICHER
EICHER MOTORS,11.10 RHD H CAB BODY,EICHER
EICHER MOTORS LTD,EICHER 10.90 EFSDRHD,EICHER
EICHER MOTORS LTD,EICHER 10 95E,EICHER
EICHER MOTORS LTD,...NA,EICHER
EICHER MOTORS LTD,EICHER 10.90 BSIII,EICHER
EICHER MOTORS LTD,10.90 F CBC,EICHER
EICHER MOTORS LTD,EICHER PRO 1080XPT,EICHER
EICHER MOTORS LTD,11.10XP H HSD WF PS RHD BSIII,EICHER
EICHER MOTORS LTD,EICHER GOODS,EICHER
EICHER MOTORS LTD,EICHER15.16,EICHER
EICHER MOTORS LTD,EICHER  10.90 E HSD,EICHER
EICHER MOTORS LTD,EICHER 11.14 PS,EICHER
EICHER MOTORS LTD,30.25XP S CWC,EICHER
EICHER MOTORS LTD,EICHER 10.75 E BUS HB BSIII,EICHER
EICHER MOTORS LTD,PRO6025TGRHD BS4TY16,EICHER
EICHER MOTORS LTD,EICHER 10.60,EICHER
EICHER MOTORS LTD,EICHER 10.95 F HSD BS III,EICHER
EICHER MOTORS LTD,20.15M LPO EGRCWC10R20WS4V BS4,EICHER
EICHER MOTORS LTD,10.59 HSD RHD,EICHER
EICHER MOTORS LTD,EICHER 11.14,EICHER
EICHER MOTORS LTD,MULTIX MX WHT ROOF/DOOR BSIII,EICHER
EICHER MOTORS LTD,EICHER 40 40 E,EICHER
EICHER MOTORS LTD,20.16 K HSD,EICHER
EICHER MOTORS,11.10 HD RHD H CAB & HSD BSII,EICHER
EICHER MOTORS LTD,10.90 E HSD RHD STD CW,EICHER
EICHER MOTORS LTD,EICHER - PRO 1059XP,EICHER
EICHER MOTORS LTD,EICHER 20-16,EICHER
EICHER MOTORS,10.95 RHDF SLEEPER CAB&F.S.D.B,EICHER
EICHER MOTORS LTD,MAESTRO,EICHER
EICHER MOTORS LTD,TRUCK (HSD) BS-3,EICHER
EICHER MOTORS LTD,TERRA 16 E,EICHER
EICHER MOTORS,11.10 HD RHD H CAB  FSD BSII,EICHER
EICHER MOTORS LTD,EICHER 11.10 HSD RHD,EICHER
EICHER MOTORS,11.10 HD RHD G CAB & CHASSIS (,EICHER
EICHER MOTORS LTD,11.10G HSD RHD STD,EICHER
EICHER MOTORS LTD,11.10HD H HSD RHD GB E2 PLUS,EICHER
EICHER MOTORS LTD,EICHER 10.80C FSD,EICHER
EICHER MOTORS,EICHER 10.95 RHD C CAB&FSD BOD,EICHER
EICHER MOTORS LTD,EICHER 10.80 BSIII,EICHER
EICHER MOTORS LTD,20.16M C BC BSIII.,EICHER
EICHER MOTORS LTD,EICHER 10.75 S/C BS III,EICHER
EICHER PRO 2110 H CAB & HSD(SL) BSVI,EICHER PRO 2110 H CAB & HSD(SL,EICHER
EICHER MOTORS,11.10HD RHDHCAB&CHASSIS(GOODS)SL BS III,EICHER
EICHER MOTORS,10.59 RHD E CAB&HIGH SIDE DECK,EICHER
EICHER MOTORS LTD,EICHER 10.90 RHD ECAB BODY,EICHER
EICHER MOTORS LTD,10.95F HSD BS III,EICHER
EICHER MOTORS,10.90 CAB&HSD(HIGH SIDE DECK),EICHER
EICHER PRO 2114XP H CAB & HSD BSVI,VE COMMERCIAL VEHICLES LIMITED,EICHER
EICHER MOTORS LTD,EICHER 11 10HD H HSDRHD BSIII,EICHER
EICHER MOTORS LTD,10.80XP C1 CBCPTO RHD BSIII,EICHER
EICHER MOTORS,11.10 HD RHD G CAB &amp; CHASSIS,EICHER
EICHER MOTORS LTD,EICHER LCV 10.59 E HSD,EICHER
EICHER MOTORS,11.10 HD RHD G CAB & HSD BSII,EICHER
EICHER MOTORS LTD,20.16H CWC PS BS11 CR,EICHER
EICHER MOTORS,20.16 RHD N H R CAB 7 CHASSIS,EICHER
EICHER MOTORS LTD,10.59 XP E HSD,EICHER
EICHER MOTORS LTD,11.10 HD RHD H CAB & HSD BSII,EICHER
EICHER MOTORS LTD,EICHER 10.70 RHD E C,EICHER
EICHER MOTORS LTD,10.90 K BUS 41 STARLINE BSIII,EICHER
EICHER MOTORS LTD,EICHER 10.50 (L),EICHER
EICHER MOTORS LTD,11.10 HD RHD H CAB &HSD SL BSI,EICHER
EICHER MOTORS LTD,EICHER 10.90 L,EICHER
EICHER MOTORS LTD,EICHER 20 16 MCBCIII,EICHER
EICHER TRACTORS,EICHER 369 PREMIUM,EICHER
EICHER MOTORS LTD,10.75 EICHER,EICHER
EICHER MOTORS LTD,20.16 K CBC PS LR SFT HDS GB,EICHER
EICHER MOTORS LTD,10.95 F HSD BS 2,EICHER
EICHER MOTORS LTD,EICHER 10.75 H (32+1) BUS,EICHER
EICHER POLARIS PVT. LTD.,MULTIX MX (with Roof And With,EICHER
EICHER TRACTORS,,EICHER
EICHER MOTORS LTD,10.75 F CWC BS3 AB RP ABS,EICHER
EICHER MOTORS LTD,10.75 H F/L,EICHER
EICHER POLARIS PVT. LTD.,1075 E CBC RHD BSIII,EICHER
EICHER TRACTORS,EICHER 368,EICHER
EICHER MOTORS LTD,20.16R,EICHER
EICHER MOTORS LTD,EICHER 10.75 RHD,EICHER
EICHER MOTORS LTD,10.80 XP C CBC PTO RHD BSIII,EICHER
EICHER MOTORS LTD,LIVE STOCK BS-III,EICHER
EICHER MOTORS,10.95 RHD H CAB &amp; HSD BS3,EICHER
EICHER MOTORS LTD,EICHER NA,EICHER
EICHER TRACTORS,POWER TRAC 434,EICHER
EICHER MOTORS LTD,EICHER 1075 E BS3AB,EICHER
EICHER MOTORS LTD,EICHER 1114 HSD SF PS BSIII,EICHER
EICHER MOTORS,CANTER BUS (33+1 SEATER),EICHER
EICHER MOTORS,10.90 GRHD FCAB&amp;HIGH SIDE DECK,EICHER
EICHER MOTORS LTD,MGV (6 TONNE EICHER),EICHER
EICHER MOTORS LTD,10.75 E RHD,EICHER
EICHER MOTORS LTD,EICHER 10.59 H HSD,EICHER
EICHER TRACTORS,FARMTRAC 45,EICHER
EICHER MOTORS LTD,11-10XP H HSD,EICHER
EICHER MOTORS LTD,20.16 RHD,EICHER
EICHER MOTORS LTD,EICHER 10.59 XPEHSDE-II,EICHER
EICHER MOTORS LTD,EICHER 10.90E,EICHER
EICHER MOTORS LTD,EICHER 10.95,EICHER
EICHER MOTORS LTD,EICHER 11.12HD,EICHER
EICHER MOTORS LTD,EICHER 11.12 G DSD DW,EICHER
EICHER MOTORS LTD,EICHER-10.59 XP  TRUCK,EICHER
EICHER MOTORS LTD,EICHER 10.75C,EICHER
EICHER MOTORS LTD,10.95 HSD,EICHER
EICHER MOTORS LTD,10.59XP E HSD,EICHER
EICHER MOTORS LTD,EICHER10.50EF RHDS,EICHER
EICHER MOTORS LTD,10.75 F CBC RHD,EICHER
EICHER MOTORS LTD,11.12H RHD G CAB&FSD,EICHER
EICHER MOTORS LTD,11.10 HD BS-III,EICHER
EICHER MOTORS LTD,EICHER 10 50 C CWC,EICHER
EICHER MOTORS,10.59XP RHD E CAB BS2,EICHER
EICHER MOTORS LTD,EICHER 35.31,EICHER
EICHER MOTORS LTD,11.10XP H HSD RHD PS 5.8 SF,EICHER
EICHER MOTORS,10.75 P RHD E BUS,EICHER
EICHER MOTORS LTD,10.90 EICHER,EICHER
EICHER MOTORS LTD,EICHER 10.95 CABIN DSD,EICHER
EICHER MOTORS LTD,EICHER 10.95 F FSD,EICHER
EICHER MOTORS LTD,PRO 3015J SLP,EICHER
EICHER MOTORS LTD,10.75 E F/L CWC HB BS3,EICHER
EICHER MOTORS LTD,EICHER 40.40,EICHER
EICHER MOTORS LTD,EICHER MULTIX MX L,EICHER
EICHER MOTORS,EICHER 10.75 RHD H 20 SEATER B,EICHER
EICHER MOTORS LTD,1050 C FSD RHD,EICHER
EICHER MOTORS LTD,EICHER 11.10HD RHD G,EICHER
EICHER MOTORS LTD,EICHER 10.95 F HSD BSII,EICHER
EICHER MOTORS LTD,11.12XPHHSDRHDPS5.8SFBS111CR,EICHER
EICHER MOTORS LTD,EICHER 10.75 RHD C CAB CHASSIS,EICHER
EICHER MOTORS,20.16 RHD H SRCAB CHASS BS3,EICHER
EICHER MOTORS,11.10 HD RHD G CAB (GOODS) BS,EICHER
EICHER MOTORS LTD,20.16 EICHER,EICHER
EICHER MOTORS LTD,EICHER 35.31 T,EICHER
EICHER MOTORS LTD,EICHER PRO3015 J SLP HSD BSIII,EICHER
EICHER MOTORS LTD,10.59 E HSD RHD BSII GB SL,EICHER
EICHER MOTORS LTD,EICHER HCV,EICHER
EICHER MOTORS LTD,30.25 TCI RHD LHIGH RC&HSDB,EICHER
EICHER MOTORS LTD,CANTER,EICHER
EICHER MOTORS LTD,1080XPT C CBC PTO RHD AB PS BS,EICHER
EICHER MOTORS,11.10 HD RHD H CAB BS III,EICHER
EICHER MOTORS LTD,EICHER 10.50 CABIN FSD,EICHER
EICHER MOTORS LTD,EICHER 10.59XP E HSD,EICHER
EICHER MOTORS LTD,EICHER10.59XP,EICHER
EICHER MOTORS LTD,10.90 L,EICHER
EICHER MOTORS LTD,EICHER10.90RHDECAB,EICHER
EICHER MOTORS,11.10 HD RHD G CAB  HSD BSII,EICHER
EICHER MOTORS LTD,EICHER 11-12 HSD,EICHER
EICHER MOTORS LTD,10.59 ESL HSD BS III,EICHER
EICHER MOTORS,EICHER 10.90G CAB&FIXED SIDE D,EICHER
EICHER MOTORS LTD,S CWC PS RHD MDL BSII,EICHER
EICHER MOTORS LTD,PRO 6037 S CBC,EICHER
EICHER MOTORS,11.10 HD RHD G COWL  CHASSIS GOODS BSII,EICHER
EICHER MOTORS LTD,EICHER 3015,EICHER
EICHER MOTORS LTD,EICHER 10.50E,EICHER
EICHER MOTORS LTD,OPEN TRUCK,EICHER
EICHER MOTORS LTD,10.75 E BUS TCI 20 1 STR BSIII,EICHER
EICHER MOTORS LTD,EICHER 10.95 BS III,EICHER
EICHER MOTORS LTD,1049C,EICHER
EICHER MOTORS LTD,1110 XP,EICHER
EICHER MOTORS LTD,10.59XPE HSD,EICHER
EICHER MOTORS LTD,EICHER 10.80C,EICHER
EICHER MOTORS LTD,10.90 L STARLINE BUS,EICHER
EICHER MOTORS LTD,BULLET STANDARD BS II,EICHER
EICHER MOTORS LTD,HGV,EICHER
EICHER MOTORS LTD,10.95 FSD,EICHER
EICHER MOTORS LTD,PRO 6025 L REF RHD,EICHER
EICHER MOTORS LTD,EICHER PRO 1110XP H HSD SF PS ,EICHER
EICHER MOTORS LTD,10.59 XP E CBC RHD BSIII,EICHER
EICHER MOTORS LTD,EICHER ,EICHER
EICHER MOTORS LTD,EICHER 10.50 BS III,EICHER
EICHER TRACTORS,FARMTRAC 60,EICHER
EICHER MOTORS LTD,EICHER CANTER 20.16,EICHER
EICHER MOTORS LTD,30.25 FE ,EICHER
EICHER MOTORS LTD,30.25 XP L HSD WF BSIII ABS,EICHER
EICHER MOTORS,10.95 RHD E CAB &amp; HSD BS3,EICHER
EICHER MOTORS LTD,SCHOOL BUS,EICHER
EICHER MOTORS LTD,11.10 HD RHD G CAB &HSD BS III,EICHER
EICHER MOTORS LTD,EICHER PRO 1114XPBS3,EICHER
EICHER MOTORS LTD,PRO1095XP,EICHER
EICHER MOTORS LTD,PRO 5016 HSDWF RHD,EICHER
EICHER MOTORS LTD,10.75 H F/L CWC AB BS3,EICHER
EICHER MOTORS LTD,20.15 RHD N COWL CHASSIS BS2,EICHER
EICHER MOTORS LTD,LTV,EICHER
EICHER MOTORS LTD,10.95,EICHER
EICHER MOTORS LTD,EICHER 20.16 H HSD,EICHER
EICHER MOTORS LTD,EICHER 11.12G HSD TRUCK BS-III,EICHER
EICHER TRACTORS,EICHER 548 BSIII,EICHER
EICHER MOTORS,10.95 RHD F CAB &amp; HSD BSII,EICHER
EICHER MOTORS LTD,10.80 C RHD BSII,EICHER
EICHER MOTORS LTD,PRO3013 H HSD PS BS3 NGB 19FT,EICHER
EICHER MOTORS LTD,EICHER11.10 XP G CAB & FSD/DSD,EICHER
EICHER MOTORS LTD,EICHER MOTORAS,EICHER
EICHER MOTORS LTD,1059 EPE HSD RHD,EICHER
EICHER MOT,EICHER 10.80,EICHER
EICHER MOTORS LTD,10.75 H BUS BS III,EICHER
EICHER MOTORS,10.90 GRHDF SLEEPERCAB&amp;H.S.D.,EICHER
EICHER MOTORS LTD,10.80XP C CBC RHD PS AB BSIII,EICHER
EICHER MOTORS LTD,EICHER 10.75 H SCHOOL BUS TCI,EICHER
EICHER MOTORS LTD,10.90 SCL BUS,EICHER
EICHER MOTORS LTD,10.59 XP E HSD RHD BS III,EICHER
EICHER MOTORS LTD,11.10 HD RHD G CAB & HSD BSII,EICHER
EICHER MOTORS LTD,EICHER11.14,EICHER
EICHER MOTORS LTD,11.10 HDH HSP BS II,EICHER
EICHER MOTORS LTD,11.10 HD RHD H CAB & HSD BS II,EICHER
EICHER MOTORS,11.10 HD RHD H SL CAB & HSD EW,EICHER
EICHER MOTORS LTD,EICHER 30.25 GOODS TRUCK,EICHER
EICHER MOTORS LTD,EICHER 15.16 HH SD,EICHER
EICHER MOTORS LTD,EISHER 20/16,EICHER
EICHER MOTORS LTD,11.14H HSD RHD BSIII,EICHER
EICHER MOTORS LTD,EICHER10.95 FSD RHDB,EICHER
EICHER MOTORS LTD,EICHER 10.90F HSD,EICHER
EICHER MOTORS LTD,EICHER 10.50 E,EICHER
EICHER MOTORS LTD,EICHER  1050,EICHER
EICHER MOTORS LTD,1110/HD,EICHER
EICHER MOTORS LTD,11.10HD H HSD RHD BSIII GB E2,EICHER
EICHER TRACTORS,FARMTRAC 65,EICHER
EICHER MOTORS LTD,10.95 H BSII,EICHER
EICHER MOTORS LTD,10.90 F CBC RHD STD GB,EICHER
EICHER MOTORS LTD,EICHER PRO 11 10XP,EICHER
EICHER MOTORS LTD,PRO 3015 J SLP HSD,EICHER
EICHER MOTORS LTD,EICHER  10.80  C  FSD,EICHER
EICHER MOTORS LTD,35.31 K CBC B.S.III PLATFORM,EICHER
EICHER MOTORS,10.90 GRHDH SLEEPERCAB&F.S.D.,EICHER
EICHER MOTORS LTD,10.90 RHD H CAB HSD BS3,EICHER
EICHER MOTORS LTD,EICHER 1090,EICHER
EICHER MOTORS LTD,EICHER 10.59 XP,EICHER
EICHER MOTORS LTD,10.80 F HSD RHD BSIII PB E2 PS,EICHER
EICHER MOTORS LTD,PRO 1059 XP E HSD BS3,EICHER
EICHER MOTORS LTD,EICHER 10.95 F TRUCK -BS-II.,EICHER
EICHER MOTORS LTD,EICHER PRO 1095XP,EICHER
EICHER MOTORS LTD,EICHER 10.49,EICHER
EICHER MOTORS LTD,11.10 HD H HSD RHD BSIII,EICHER
EICHER MOTORS,10.90 GRHD FCAB SIDE DECK,EICHER
EICHER MOTORS LTD,10.80 TIPPER,EICHER
EICHER MOTORS LTD,PRO 5040,EICHER
EICHER MOTORS,EICHER 11.10 RHD G CAB&FSD(EW)BSIII,EICHER
EICHER MOTORS LTD,EICHER 20.16 K HSD,EICHER
EICHER MOTORS LTD,11.10XP H HSD RHD  5.8 WF BS3,EICHER
EICHER MOTORS LTD,EICHER PRO 2110,EICHER
EICHER MOTORS LTD,20.16 H CWC PS BSII,EICHER
EICHER MOTORS,11.10 HD RHD G CAB  CHASSIS,EICHER
EICHER MOTORS LTD,EICHER 10.75 BS III,EICHER
EICHER MOTORS,11.10 RHD CABFIXED SIDE DECK,EICHER
EICHER MOT,EICHER 33.25,EICHER
EICHER MOTORS LTD,EICHER 11-10 JANGLA BODY,EICHER
EICHER MOTORS LTD,40.35,EICHER
EICHER MOTORS LTD,EICER MOTER TATA,EICHER
EICHER MOTORS LTD,10.95 E CBC RHD GB,EICHER
EICHER MOTORS LTD,3015 J SLEEPER CAB AND HSD,EICHER
EICHER MOTORS LTD,EICHER 35 31,EICHER
EICHER MOTORS LTD,10.50 E HSD BS 2,EICHER
EICHER MOTORS LTD,EICHER 20 16 R CWC,EICHER
EICHER MOTORS LTD,EICHER PRO 1110 H HSD 2V,EICHER
EICHER TRACTORS,EICHER CANTER,EICHER
EICHER TRACTORS,FORD 3620,EICHER
EICHER POLARIS PVT. LTD.,1059XPE,EICHER
EICHER MOTORS LTD,EICHER 35.31 KHSD,EICHER
EICHER MOTORS LTD,EICHER,EICHER
EICHER MOTORS LTD,EICHER 10.80 TRUCK BSII,EICHER
EICHER MOTORS LTD,EICHER 20.16 K HSD RHD,EICHER
EICHER MOTORS LTD,PRO 1095XP H HSD SF AB PS BS3,EICHER
EICHER MOTORS LTD,TERRA 25 G-FBT 14CM,EICHER
EICHER MOTORS LTD,10.59 E HSD BSII,EICHER
EICHER MOTORS LTD,EICHER20.16ECAB & TIPPER,EICHER
EICHER MOTORS LTD,PRO 1080 TRUCK,EICHER
EICHER MOTORS LTD,EICHER 11.10HD RHD H COWL  CH,EICHER
EICHER MOTORS LTD,EICHER 10.75 (28+1) CWOL &CHSH,EICHER
EICHER MOTORS LTD,EICHER CAB FSD,EICHER
EICHER MOTORS LTD,30.25 FE L CBC LR LFT,EICHER
EICHER MOTORS LTD,EICHER 10.59 E,EICHER
EICHER MOTORS LTD,10.90 STAR LINE BUS,EICHER
EICHER MOTORS LTD,1050,EICHER
EICHER MOTORS LTD,PRO 5040 BS-IV,EICHER
EICHER MOTORS LTD,EICHER 10.95 HHSD,EICHER
EICHER MOTORS LTD,EICHER 35.31 BS III,EICHER
EICHER MOTORS LTD,EICHER10.75FCOWLBSIII,EICHER
EICHER MOTORS LTD,EICHER PRO3013 HSD RHD,EICHER
EICHER MOTORS LTD,EICHER 10.59 BS II,EICHER
EICHER MOTORS LTD,EICHER 11.10 XP H CAB&CHASSIS,EICHER
EICHER MOTORS LTD,10.90E DSD,EICHER
EICHER MOTORS LTD,11.14,EICHER
EICHER MOTORS,10.90L COWL CHASSIS(FACE W/O F,EICHER
EICHER MOTORS,10.95 RHD E CABHIGH SIDE DECK,EICHER
EICHER TRACTORS,EICHER 241 XTRAC,EICHER
EICHER MOTORS LTD,,EICHER
EICHER MOTORS LTD,411.10 K F/LCWC TCI BS-II,EICHER
EICHER MOTORS LTD,PRO 1080 XP C CBC PTO ,EICHER
EICHER MOTORS LTD,HSD  RHD PS 5.8 WF BSIII CR,EICHER
EICHER MOTORS LTD,EICHER 10.95 E DSD,EICHER
EICHER MOTORS LTD,EICHER MITSUBISHI CANTER BUS,EICHER
EICHER MOTORS LTD,EICHER 10.59 RHD E CAB AND BOD,EICHER
EICHER MOTORS LTD,EICHER 11.10HD H HSD RHD,EICHER
EICHER MOTORS LTD,10.9 E DSD RHD AB TCI GB,EICHER
EICHER MOTORS LTD,HSD 11.10 D,EICHER
EICHER MOTORS LTD,10490,EICHER
EICHER MOTORS LTD,EICHER 10.95 E TRUCK,EICHER
EICHER MOTORS LTD,EICHER 10.90 CAB AND FSD,EICHER
EICHER MOTORS LTD,EICHER 10.90RHDECAB,EICHER
EICHER MOTORS LTD,1114,EICHER
EICHER MOTORS,11.10HD RHD H CAB & HSD BSII,EICHER
EICHER MOTORS LTD,99,EICHER
EICHER MOTORS LTD,EICHER 11.2K BUS AB,EICHER
EICHER MOTORS LTD,20.16 M HSD WF LFT 5S BSIII,EICHER
EICHER MOTORS,10.95 RHD E CAB&DROP SIDE DECK,EICHER
EICHER MOTORS LTD,EICHER 10.50 EFSD,EICHER
EICHER MOTORS LTD,SPLENDOR PLUS,EICHER
EICHER MOTORS LTD,PRO 1110 XP H HSD BS3,EICHER
EICHER MOTORS,10.90 G RHD E CAB & HSD BSII,EICHER
EICHER MOTORS LTD,EICHER 10.80 XP C CBC BSIII,EICHER
EICHER MOTORS LTD,PRO 1049,EICHER
EICHER MOTORS LTD,EIC HER PRO 3015 J SLP,EICHER
EICHER TRACTORS,EICHER 551 4WD HYDROMATIC,EICHER
EICHER MOTORS LTD,PRO 1075 F CBC BS3,EICHER
EICHER MOTORS LTD,30-25XP,EICHER
EICHER MOTORS LTD,PR01114XP,EICHER
EICHER MOTORS LTD,EICHER 10.60G CAB&FIXED SIDE D,EICHER
EICHER MOTORS LTD,NA...,EICHER
EICHER MOTORS LTD,EICHER11.10HD H HSD BS-II,EICHER
EICHER MOTORS LTD,10.90L BUS,EICHER
EICHER MOTORS LTD,1110 XP H HSD PS BS3,EICHER
EICHER MOTORS LTD,10.59,EICHER
EICHER MOTORS LTD,HGV GOODS,EICHER
EICHER MOTORS,10.90 G RHD E CAB & BODY,EICHER
EICHER TRACTORS,EICHER 188,EICHER
EICHER MOTORS LTD,EICHER 10.80 F HSD RHD,EICHER
EICHER MOTORS LTD,EICHER 30 25,EICHER
EICHER MOTORS LTD,1095,EICHER
EICHER MOTORS LTD,EICHER 11.12 XP,EICHER
EICHER MOTORS LTD,EICHER 10.50 RHDECAB,EICHER
EICHER MOTORS LTD,10.80TIPPER,EICHER
EICHER MOTORS LTD,4040 E,EICHER
EICHER MOTORS LTD,EICHER  10. 50,EICHER
EICHER MOTORS LTD,PRO3013 H HSD BSIII,EICHER
EICHER MOTORS LTD,30.25 FE K CWC LR LTF,EICHER
EICHER MOTORS LTD,10.80 C CBC PTO RHD AB BSIII,EICHER
EICHER MOTORS LTD,TATA MOTORS,EICHER
EICHER MOTORS LTD,10 90 L BUS,EICHER
EICHER MOTORS,11.10 HD,EICHER
EICHER MOTORS LTD,10.59 E,EICHER
EICHER MOTORS LTD,10.80E HSD M. TRUCK B.S.-III,EICHER
EICHER MOTORS LTD,EICHER 1075,EICHER
EICHER MOTORS LTD,EICHER 20.16 B HSD,EICHER
EICHER TRACTORS,EICHER 242,EICHER
EICHER MOTORS LTD,11.10XP H HSD,EICHER
EICHER MOTORS LTD,"EICHER MOTORS LTD, 10.59XP E",EICHER
EICHER MOTORS LTD,EICHER 10.90E HSD,EICHER
EICHER MOTORS LTD,10.75HF/L CWS PS RHD AB BSIII,EICHER
EICHER MOTORS LTD,11.10 XP H HSD BS III,EICHER
EICHER MOTORS LTD,EICHER 30.25,EICHER
EICHER MOTORS LTD,EI 11.10HD HHSD RHD,EICHER
EICHER MOTORS LTD,EICHER 10 75 F BS II,EICHER
EICHER MOTORS,10.75 RHD F SLPR CAB&CHASSIS,EICHER
EICHER MOTORS,11.10 HD RHD G CAB &amp;HSD BS III,EICHER
EICHER MOTORS,11.10 HD RHD H CAB &amp; HSD BSII,EICHER
EICHER MOTORS LTD,11.10 RHD CAB & SUPER LONG DSD,EICHER
EICHER MOTORS LTD,EICHER PRO 1080XPT ,EICHER
EICHER MOTORS LTD,EICHER 11.10 E II,EICHER
EICHER TRACTORS,"EICHER TRACTORS, EICHER 551",EICHER
EICHER MOTORS LTD,PRO 1114 XP,EICHER
EICHER MOTORS,EICHER 10.90GRHD E CAB&ALUMINI,EICHER
EICHER MOTORS LTD,10.59 * P  RHD,EICHER
EICHER MOTORS LTD,HSD RHD,EICHER
EICHER MOTORS LTD,20.16 B FSD BS II,EICHER
EICHER MOTORS LTD,EICHER 10.50 C ,EICHER
EICHER MOTORS LTD,PRO1075 F CBC BSIII,EICHER
EICHER MOTORS LTD,PRO1114 H HSD 19FT,EICHER
EICHER MOTORS LTD,EICHER 20.16 H TRUCK,EICHER
EICHER MOTORS LTD,10.90 KSCL BS II,EICHER
EICHER MOTORS LTD,VE 35.31K CBC  BSIII,EICHER
EICHER MOTORS,20.16 RHD M HRCAB CHASSIS BS3,EICHER
EICHER MOTORS LTD,EICHER 11 14,EICHER
EICHER MOTORS LTD,EICHER 10.75 HSD,EICHER
EICHER MOTORS LTD,EICHER 10.95 H HSD RHD,EICHER
EICHER MOTORS LTD,10.95 E CBC RHD BS 3,EICHER
EICHER MOTORS,11.10 HD RHD G CAB & FSD EW BS,EICHER
EICHER MOTORS LTD,11.10HD H HSD RHD BSIII,EICHER
EICHER MOTORS LTD,EICHER 20.16T,EICHER
EICHER MOTORS LTD,11.12XP H HSD RHDPS5.8WF BSIII,EICHER
EICHER MOTORS LTD,EICHER 11.10 E2,EICHER
EICHER MOT,10.59 E HSD RHD BS III,EICHER
EICHER MOTORS LTD,10.95 RHD F CAB AND HSD,EICHER
EICHER MOTORS LTD,MGV,EICHER
EICHER MOTORS LTD,EICHER 10.90 ,EICHER
EICHER MOTORS LTD,EICHER 10.75 H  BS-III,EICHER
EICHER MOTORS LTD,10.59 C HSD RDH BSIII GB,EICHER
EICHER MOTORS,11.10 HD RHD G CAB  DSD BS III,EICHER
EICHER TRACTORS,EICHER 485,EICHER
EICHER MOTORS LTD,EICHER 10.90 K CBC,EICHER
EICHER MOTORS LTD,PRO 1050 E HSD 12FT BS4,EICHER
EICHER MOTORS,11.10 HD RHD H CAB & DSD BS II,EICHER
EICHER MOTORS LTD,10.95 H HSD RHD AB TCI GB,EICHER
EICHER MOTORS,10.90 GRHD FCAB CONT,EICHER
EICHER MOTORS LTD,EHICHER 10.95,EICHER
EICHER TRACTORS,EICHER TRACTOR LTD 485 SDI,EICHER
EICHER MOTORS LTD,EICHER 11.10 XP,EICHER
EICHER MOTORS LTD,10.59 XP HSD RHD,EICHER
EICHER MOTORS LTD,EICHER 11.14 H CBC RHD BS3 MCV,EICHER
EICHER MOTORS LTD,EICHER 10.70,EICHER
EICHER MOTORS LTD,EICHER2015 BUS,EICHER
EICHER MOTORS LTD,EICHER 10.95 MGV,EICHER
EICHER MOTORS LTD,10.95FFSDRHDBS III,EICHER
EICHER MOTORS LTD,EICHER TIPPER,EICHER
EICHER MOTORS LTD,EICHER 3015.,EICHER
EICHER MOTORS LTD,HSDRHD,EICHER
EICHER MOTORS LTD,EICHER PRO 1095 XP F HSD AB PS,EICHER
EICHER TRACTORS,TRACTOR,EICHER
EICHER MOTORS LTD,11.10HD G DSD PS RHD,EICHER
EICHER MOTORS LTD,35.31K CWC,EICHER
EICHER MOTORS LTD,EICHER 380,EICHER
EICHER MOTORS LTD,TERRA16 E RHD,EICHER
EICHER MOTORS LTD,GOODS,EICHER
EICHER MOTORS LTD,30 25XP L HSD WF,EICHER
EICHER MOTORS LTD,EICHER 11.10XP H HSD,EICHER
EICHER MOTORS,10.50 RHD E CAB HSD BS3,EICHER
EICHER MOTORS LTD,10.50 E FSD RHD TCI CG,EICHER
EICHER MOTORS LTD,10.90 K RHD AB BS-II LT,EICHER
EICHER MOTORS,10.90 RHD H CAB HSD BS3,EICHER
EICHER MOTORS LTD,EICHER 20.16 RHD R CWC,EICHER
EICHER MOTORS LTD,PRO 1055,EICHER
