rc_maker_desc,rc_maker_model,Mapped Name
ESCORTSLTD,ESCORT FT-45,ESCORTS
ESCORTS LIMITED,F20 4WD WITH HELPER SEAT PLATF,ESCORTS
ESCORTS LIMITED,YAMAHA RX 135,ESCORTS
ESCORTS KUBOTA LIMITED (CONSTRUCTION EQUIPMENT),YAMAHA RX100,ESCORTS
ESCORTS LIMITED,F23 4WD BSIV,ESCORTS
ESCORTS LIMITED (AGRI MACHINERY GROUP),ESCORTS-DIGMAX II BACKHOE LOAD,ESCORTS
ESCORTS LIMITED (CONSTRUCTION EQUIPMENT),DIGMAX II 4X4,ESCORTS
ESCORTS LIMITED,"FABIA AMBIENTE (51 KW, TDI)-BS",ESCORTS
ESCORTS KUBOTA LIMITED (CONSTRUCTION EQUIPMENT,HYDRA 14,ESCORTS
ESCORTS KUBOTA LIMITED (CONSTRUCTION EQUIPMENT),TRX17 OUTRIGGER 4WD_18.2M BOOM,ESCORTS
ESCORTS KUBOTA LIMITED (CONSTRUCTION EQUIPMENT),CRANE HYDRA 14,ESCORTS
ESCORTS LIMITED,HYDRA 14 BSIIIA,ESCORTS
ESCORTS KUBOTA LIMITED (CONSTRUCTION EQUIPMENT),HD85 PLUS,ESCORTS
ESCORTS LIMITED (AGRI MACHINERY GROUP),TRX 15 49XT BSIIIA,ESCORTS
ESCORTS KUBOTA LIMITED (CONSTRUCTION EQUIPMENT),JUNGLI 4X4,ESCORTS
ESCORTS KUBOTA LIMITED (CONSTRUCTION EQUIPMENT),TRX 15 49 XT,ESCORTS
ESCORTS KUBOTA LIMITED (CONSTRUCTION EQUIPMENT),HYDRA NXT 13 PLUS OTGR - 42 FT,ESCORTS
ESCORTS KUBOTA LIMITED (CONSTRUCTION EQUIPMENT),F 15 WITH OUTRIGGER,ESCORTS
ESCORTS KUBOTA LIMITED (CONSTRUCTION EQUIPMENT),14 TON PICKUP CARRY F15 RIGGER,ESCORTS
ESCORTS KUBOTA LIMITED (CONSTRUCTION EQUIPMENT),HYDROLIC MOBILE CRANE,ESCORTS
ESCORTS KUBOTA LIMITED (CONSTRUCTION EQUIPMENT),HYDRA 13 SE,ESCORTS
ESCORTS LIMITED (AGRI MACHINERY GROUP),HYDRA 15 BSIII,ESCORTS
ESCORTS KUBOTA LIMITED (CONSTRUCTION EQUIPMENT),HYDRA 1336,ESCORTS
ESCORTS KUBOTA LIMITED (CONSTRUCTION EQUIPMENT),ESCORT 440 TRACTOR,ESCORTS
ESCORTS KUBOTA LIMITED (CONSTRUCTION EQUIPMENT),FARMTRAC 60 SUPER MAXX,ESCORTS
ESCORTSLTD,YAMAHA RX 100,ESCORTS
ESCORTS KUBOTA LIMITED (CONSTRUCTION EQUIPMENT),F 17 WITH OUTRIGGER,ESCORTS
ESCORTS KUBOTA LIMITED (CONSTRUCTION EQUIPMENT,F17 WITH OUTRIGGER,ESCORTS
ESCORTS KUBOTA LIMITED (CONSTRUCTION EQUIPMENT),F 20,ESCORTS
ESCORTS KUBOTA LIMITED (CONSTRUCTION EQUIPMENT),EC-5250,ESCORTS
ESCORTS KUBOTA LIMITED (CONSTRUCTION EQUIPMENT,EC 5250 STD,ESCORTS
ESCORTS LIMITED,F 15 75HP BSIV,ESCORTS
ESCORTS LIMITED,F 15 WITH OUTRIGGER WITH HELPER SEAT PLATF BSIV,ESCORTS
ESCORTS KUBOTA LIMITED (CONSTRUCTION EQUIPMENT,F 23 4WD,ESCORTS
ESCORTS KUBOTA LIMITED (CONSTRUCTION EQUIPMENT),HYDRA 13,ESCORTS
ESCORTS R&D CENTRE,YAMAHA RX 100,ESCORTS
ESCORTS KUBOTA LIMITED (CONSTRUCTION EQUIPMENT),HYDRA 15 EX,ESCORTS
ESCORTS LIMITED,YAMAHA RXZ,ESCORTS
ESCORTS KUBOTA LIMITED (CONSTRUCTION EQUIPMENT),CHEVROLET SPARK (LT),ESCORTS
ESCORTS KUBOTA LIMITED (CONSTRUCTION EQUIPMENT),POWERTRACK 435 XL,ESCORTS
ESCORTS LIMITED (CONSTRUCTION EQUIPMENT),F20 4WD BSIII,ESCORTS
ESCORTS LIMITED,YAMAHA RX 100,ESCORTS
ESCORTS KUBOTA LIMITED (CONSTRUCTION EQUIPMENT),HYDRA 14 SE,ESCORTS
ESCORTS KUBOTA LIMITED (CONSTRUCTION EQUIPMENT),HYDRA 1665,ESCORTS
ESCORTS LIMITED (CONSTRUCTION EQUIPMENT),445 LOAD MAXX,ESCORTS
ESCORTS KUBOTA LIMITED (CONSTRUCTION EQUIPMENT),TRX 15 50 HP,ESCORTS
ESCORTS KUBOTA LIMITED (CONSTRUCTION EQUIPMENT),DIGMAX II 4X4,ESCORTS
ESCORTS KUBOTA LIMITED (CONSTRUCTION EQUIPMENT),CRANE,ESCORTS
ESCORTS LIMITED (AGRI MACHINERY GROUP),F1621 SL WITH HELPER SEAT PLAT,ESCORTS
ESCORTS KUBOTA LIMITED (CONSTRUCTION EQUIPMENT),TRX1550 4P WITH OUTRIGGER,ESCORTS
ESCORTS KUBOTA LIMITED (CONSTRUCTION EQUIPMENT),HYDRA 15 PLUS,ESCORTS
ESCORTS KUBOTA LIMITED (CONSTRUCTION EQUIPMENT),EC 5250 STD,ESCORTS
ESCORTS LIMITED (CONSTRUCTION EQUIPMENT),ESCORTS-DIGMAX II,ESCORTS
ESCORTS LIMITED (CONSTRUCTION EQUIPMENT),HYDRA 15,ESCORTS
ESCORTS KUBOTA LIMITED (CONSTRUCTION EQUIPMENT),HYDRA14,ESCORTS
ESCORTSLTD,"ESCORTSLTD, ESCORTS 445 PT",ESCORTS
ESCORTS KUBOTA LIMITED (CONSTRUCTION EQUIPMENT,HYDRA 1565,ESCORTS
ESCORT JCB LTD,EXCAVATOR LOADER,ESCORTS
ESCORTS KUBOTA LIMITED (CONSTRUCTION EQUIPMENT),HYDRA 1213,ESCORTS
ESCORTS KUBOTA LIMITED (CONSTRUCTION EQUIPMENT),MOBILE CRANE,ESCORTS
ESCORTS R&D CENTRE,YAMAHA RX 135,ESCORTS
ESCORTSLTD,RAJDOOT,ESCORTS
ESCORTS R&D CENTRE,POWERTRAC,ESCORTS
ESCORTS KUBOTA LIMITED (CONSTRUCTION EQUIPMENT),ESCORT F-15,ESCORTS
ESCORTS KUBOTA LIMITED (CONSTRUCTION EQUIPMENT),HYDRA 1565,ESCORTS
ESCORTS KUBOTA LIMITED (CONSTRUCTION EQUIPMENT),TRX 2319,ESCORTS
ESCORTS KUBOTA LIMITED (CONSTRUCTION EQUIPMENT),F20 4WD,ESCORTS
ESCORTS KUBOTA LIMITED (CONSTRUCTION EQUIPMENT),F 20 4WD,ESCORTS
ESCORTS KUBOTA LIMITED (CONSTRUCTION EQUIPMENT),HYDRA 12,ESCORTS
ESCORTS LIMITED,F20 4WD BSIII,ESCORTS
ESCORTS KUBOTA LIMITED (CONSTRUCTION EQUIPMENT),TRX 15 4WD WITH 18.2 M BOOM,ESCORTS
ESCORTS KUBOTA LIMITED (CONSTRUCTION EQUIPMENT),HYDRA1242/1TON CRAN,ESCORTS
ESCORTS KUBOTA LIMITED (CONSTRUCTION EQUIPMENT),DIGMAX SUPER,ESCORTS
ESCORTS KUBOTA LIMITED (CONSTRUCTION EQUIPMENT),F 2322 4WD,ESCORTS
ESCORTS KUBOTA LIMITED (CONSTRUCTION EQUIPMENT,HYDRA 15,ESCORTS
ESCORTS KUBOTA LIMITED (CONSTRUCTION EQUIPMENT),"ESCORTS KUBOTA LIMITED (CONSTRUCTION EQUIPMENT), F15 75 HP",ESCORTS
ESCORTS LIMITED (AGRI MACHINERY GROUP),F 15 WITH OUTRIGGER WITH HELPE,ESCORTS
ESCORTS LIMITED,TORO-JAZZ,ESCORTS
ESCORTSLTD,FARMTRAC 50 F5 BS3-A,ESCORTS
ESCORTS LIMITED,RAJDOOT 223,ESCORTS
ESCORTS LIMITED,207 DI EX3.0L CAB D+2 FLATBED,ESCORTS
ESCORTS KUBOTA LIMITED (CONSTRUCTION EQUIPMENT),F 23 4WD,ESCORTS
ESCORTS KUBOTA LIMITED (CONSTRUCTION EQUIPMENT),F 1621 SL,ESCORTS
ESCORTS KUBOTA LIMITED (CONSTRUCTION EQUIPMENT),HYDRA MOBILE CRANE BS II,ESCORTS
ESCORTS KUBOTA LIMITED (CONSTRUCTION EQUIPMENT),HYDRA 15,ESCORTS
ESCORTS KUBOTA LIMITED (CONSTRUCTION EQUIPMENT),F 15 WITH OUTGR & CO-DRVR SEAT,ESCORTS
ESCORTS R&D CENTRE,RX100,ESCORTS
ESCORTS KUBOTA LIMITED (CONSTRUCTION EQUIPMENT),HYDROLIC MOB.CRANE,ESCORTS
ESCORTS KUBOTA LIMITED (CONSTRUCTION EQUIPMENT),F15 WITH OUTRIGGER,ESCORTS
ESCORTS KUBOTA LIMITED (CONSTRUCTION EQUIPMENT),HYDRA 12 SE,ESCORTS
ESCORTS KUBOTA LIMITED (CONSTRUCTION EQUIPMENT),HYDRAULIC MOB. CRANE,ESCORTS
ESCORTS LIMITED (AGRI MACHINERY GROUP),F17 WITH OUTRIGGER 17T BSIV,ESCORTS
ESCORTS KUBOTA LIMITED (CONSTRUCTION EQUIPMENT),F15 OUTRIGGER & HELPER SEAT,ESCORTS
ESCORTS KUBOTA LIMITED (CONSTRUCTION EQUIPMENT),"ESCORTS KUBOTA LIMITED (CONSTRUCTION EQUIPMENT), TRX 2319",ESCORTS
ESCORTS KUBOTA LIMITED (CONSTRUCTION EQUIPMENT),TRX 15 4WD,ESCORTS
ESCORTS KUBOTA LIMITED (CONSTRUCTION EQUIPMENT),F15 75 HP,ESCORTS
ESCORTS R&D CENTRE,YAMAHA,ESCORTS
ESCORTS KUBOTA LIMITED (CONSTRUCTION EQUIPMENT),YAMAHA RX 100,ESCORTS
ESCORTS KUBOTA LIMITED (CONSTRUCTION EQUIPMENT),TRACTOR,ESCORTS
ESCORTS LIMITED (AGRI MACHINERY GROUP),"ESCORTS LIMITED (AGRI MACHINERY GROUP), YAMAHA RX 100",ESCORTS
ESCORTS KUBOTA LIMITED (CONSTRUCTION EQUIPMENT),HYDRAULIC MOBILE CRANE,ESCORTS
ESCORTS KUBOTA LIMITED (CONSTRUCTION EQUIPMENT),F 15 OUTRIGGER+CO DRIVER SEAT,ESCORTS
ESCORTS KUBOTA LIMITED (CONSTRUCTION EQUIPMENT),HYDRA 14,ESCORTS
ESCORTS KUBOTA LIMITED (CONSTRUCTION EQUIPMENT),F17 WITH OUTRIGGER,ESCORTS
ESCORTS LIMITED,TRX 15 49XT BSIIIA,ESCORTS
ESCORTS KUBOTA LIMITED (CONSTRUCTION EQUIPMENT,F 15 WITH OUTRIGGER,ESCORTS
ESCORTS KUBOTA LIMITED (CONSTRUCTION EQUIPMENT),EC 3664,ESCORTS
ESCORTS KUBOTA LIMITED (CONSTRUCTION EQUIPMENT),HYDRA 1342 SE,ESCORTS
ESCORTS LIMITED,FARMTRAC-35 TRACTOR,ESCORTS
ESCORTS LIMITED (CONSTRUCTION EQUIPMENT),POWERTRAC 439,ESCORTS
ESCORT JCB LTD,JCB 3D EXCAVATOR - LOADER,ESCORTS
ESCORTS KUBOTA LIMITED (CONSTRUCTION EQUIPMENT),ESCORTS-DIGMAX II,ESCORTS
ESCORTS KUBOTA LIMITED (CONSTRUCTION EQUIPMENT),HYD.MOBILE CRANE,ESCORTS
ESCORTSLTD,POWERTRAC 439 BS3-A,ESCORTS
