rc_maker_desc,rc_maker_model,Mapped Name
FERRARI INDIA PRIVATE LIMITED,FERRARI F8 TRIBUTO,FERRARI
FERRARI INDIA PRIVATE LIMITED,FERRARI SF 90 STRADALE,FERRARI
FERRARI INDIA PRIVATE LIMITED,812 SUPERFAST,FERRARI
FERRARI SPA,812 SUPERFAST,FERRARI
FERRARI INDIA PRIVATE LIMITED,MARUTI 800,FERRARI
FERRARI INDIA PRIVATE LIMITED,FERRARI PORTOFINO M,FERRARI
FERRARI SPA,FERRARI ROMA,FERRARI
FERRARI INDIA PRIVATE LIMITED,FERRARI 458 SPIDER SOLD,FERRARI
FERRARI INDIA PRIVATE LIMITED,FERRARI PORTOFINO,FERRARI
FERRARI SPA,488 PISTA,FERRARI
FERRARI INDIA PRIVATE LIMITED,812 SUPERFAST -F152BCG,FERRARI
FERRARI INDIA PRIVATE LIMITED,,FERRARI
