rc_maker_desc,rc_maker_model,Mapped Name
FIAT INDIA AUTOMOBLIES PVT LTD,FIAT LINEA MULTIJET DYNAMIC,FIAT
FIAT INDIA AUTOMOBILES LTD,GRANDE PUNTO 1.4 FIRE EMOTION BSIV,FIAT
FIAT(I)LTD,LINEA MULTIJET EMOTION,FIAT
FIAT INDIA AUTOMOBILES LTD,GRANDE PUNTO 1.3M EMOTION PACK,FIAT
FIAT INDIA AUTOMOBILES LTD,FIAT SIENA TD ELX,FIAT
FIAT INDIA AUTOMOBILES PVT LTD,LINEA DIESEL,FIAT
FIAT INDIA AUTOMOBILES LTD,GRANDE PUNTO 1.2 FIRE ACTIVE,FIAT
FIAT INDIA AUTOMOBLIES PVT LTD,FIAT LINEA MULTIJET EMOTION PA,FIAT
FIAT INDIA AUTOMOBILES LTD,FIAT LINEA EMOTION PACK BSIV,FIAT
NEW HOLLAND FIAT INDIA PVT. LTD.,NEW HOLLAND 3230,FIAT
FIAT INDIA AUTOMOBLIES PVT LTD,FIAT LINEA MULTIJET ACTIVE,FIAT
FIAT INDIA LTD,FIAT PALIO 1.2 ELPS,FIAT
FIAT INDIA AUTOMOBLIES PVT LTD,FIAT LINEA MULTIJET EMOTION PACK BS IV,FIAT
FIAT INDIA AUTOMOBILES LTD,FIAT LINEA ACTIVE BSIV,FIAT
NEW HOLLAND FIAT INDIA PVT. LTD.,NEW HOLLEND 3510,FIAT
FIAT INDIA AUTOMOBILES LTD,"FIAT INDIA AUTOMOBILES LTD, GRANDEPUNTO1.3MULTIJET EMOTION",FIAT
M/S FiatIndiaAutomobilesPvtLtd,GRANDE PUNTO PURE 1.3 MULTIJET,FIAT
FIAT(I)LTD,LINEA CLASSIC BASE BSIV,FIAT
FIAT INDIA AUTOMOBILES LTD,GRANDE PUNTO1.3MULTIJET ACTIVE,FIAT
FIAT INDIA AUTOMOBLIES PVT LTD,FIAT LINEA DYNAMIC,FIAT
FIAT(ILTD,GRANDE PUNTO 1.2 FIRE ACTIVE,FIAT
FIAT INDIA AUTOMOBILES LTD,GRANDE PUNTO 1.3 MULTIJET ACTI,FIAT
FIAT INDIA AUTOMOBILES LTD,GRANDE PUNTO 1.3 MULTIJET ABSO,FIAT
FIAT INDIA AUTOMOBILES LTD,FIAT LINEA 1.4 T-JET EMOTION P,FIAT
FIAT INDIA LTD,GRANDEPUNTO1.3MULTIJET EMOTION,FIAT
FIAT INDIA AUTOMOBILES PVT LTD,LINEA,FIAT
FIAT INDIA AUTOMOBLIES PVT LTD,FIAT LINEA ACTIVE,FIAT
FIAT INDIA AUTOMOBILES LTD,GRANDE PUNTO 1.3 MULTIJET DYNAMIC BSIV,FIAT
FIAT(I)LTD,AVVENTURA 1.3 MJET EMOTION 90H,FIAT
FIAT INDIA AUTOMOBILES LTD,GRANDE PUNTO1.3MULTIJETEMOTION,FIAT
FIAT INDIA AUTOMOBILES PVT LTD,FIAT LINEA CAR BS-IV,FIAT
NEW HOLLAND FIAT INDIA PVT. LTD.,NEW HOLLEND 3600-2,FIAT
FIAT INDIA AUTOMOBLIES PVT LTD,FIAT LINEA MULTIJET EMOTION,FIAT
FIAT INDIA AUTOMOBLIES PVT LTD,FIAT LINEA MULTIJET DYNAMIC BS,FIAT
FIAT INDIA AUTOMOBILES PVT LTD,GRANDEPUNTO1.3MULJETEMOTIONBS4,FIAT
FIAT INDIA LTD,FIAT PALIO ELX,FIAT
FIAT INDIA AUTOMOBILES LTD,GRANDE PUNTO 1.4F EMOTION PACK,FIAT
FIAT INDIA LTD,FIAT UNO 1.2 EL A/C,FIAT
FIAT INDIA AUTOMOBILES LTD,LINEA MULTIJET EMOTION BSIV,FIAT
FIAT INDIA AUTOMOBILES LTD,GRANDE PUNTO 1.3 MULTIJET SPORT(90 HP) BSIV,FIAT
FIAT(I)LTD,GRANDE PUNTO1.3MULTIJET ACTIVE,FIAT
FIAT(I)LTD,G PUNTO 1.3 MULTIJET DYNAMIC,FIAT
FIAT(I)LTD,LINEA EMOTION DISEAL,FIAT
FIAT INDIA LTD,FIAT PALIO GTX PS,FIAT
FIAT INDIA AUTOMOBILES PVT LTD,FIAT LINEA CLASSIC MULTIJET,FIAT
FIAT INDIA AUTOMOBILES LTD,GRAND PUNTO 1.3 MULTIJET EMOTI,FIAT
M/S FiatIndiaAutomobilesPvtLtd,ABARTH PUNTO 1.4 T-JET 145 HP,FIAT
FIAT INDIA AUTOMOBLIES PVT LTD,FIAT LINEA MULTIJET ACTIVE BS ,FIAT
FIAT(I)LTD,GRANDEPUNTO1.3 MJET EMOTION PK,FIAT
FIAT INDIA LTD,LINEA MULTIJET DYNAMIC,FIAT
FIAT(I)LTD,AVVENTURA 1.3 MJET DYNAMIC 90H,FIAT
FIAT INDIA AUTOMOBILES LTD,GRANDE PUNTO1.3 M DYNAMIC,FIAT
FIAT INDIA AUTOMOBLIES PVT LTD,FIAT LINEA MULTIJET ACTIVE BS IV,FIAT
FIAT INDIA AUTOMOBLIES PVT LTD,FIAT PALIO STILE SLX-BSIII,FIAT
FIAT INDIA AUTOMOBLIES PVT LTD,FIAT LINEA EMOTION,FIAT
FIAT INDIA AUTOMOBILES LTD,GRANDE PUNTO 1.2 FIRE DYNAMIC,FIAT
FIAT INDIA AUTOMOBILES LTD,GRANDE PUNTO 1.3 MULTIJET ABSOLUTE 90HP BSIV,FIAT
FIAT INDIA AUTOMOBILES LTD,GRANDE PUNTO 1.3 MULTIJET EMOT,FIAT
FIAT INDIA AUTOMOBILES LTD,GRANDE PUNTO 1.4 FIRE EMOTION,FIAT
M/S FiatIndiaAutomobilesPvtLtd,GRANDE PUNTO PURE 1.2 FIRE BSI,FIAT
FIAT INDIA AUTOMOBLIES PVT LTD,"FIAT INDIA AUTOMOBLIES PVT LTD, FIAT LINEA MULTIJET DYNAMIC BS",FIAT
FIAT INDIA AUTOMOBILES LTD,GRANDE PUNTO 1.3 MULTIJET DYNA,FIAT
FIAT INDIA AUTOMOBILES LTD,GRANDE PUNTO 1.3 MULTIJET SPOR,FIAT
FIAT(I)LTD,AVVENTURA 1.3 MJET ACTIVE 90HP,FIAT
FIAT INDIA AUTOMOBLIES PVT LTD,FIAT LINEA MULTIJET EMOTION BS IV,FIAT
FIAT INDIA AUTOMOBILES LTD,FIAT LINEA 1.4 T-JET EMOTION B,FIAT
NEW HOLLAND FIAT INDIA PVT. LTD.,NEW HOLLAND 3630 TX,FIAT
FIAT INDIA AUTOMOBILES LTD,GRANDE PUNTO 1.2 FIRE ACTIVE B,FIAT
FIAT INDIA AUTOMOBLIES PVT LTD,FIAT LINEA MULTIJET EMOTION BS,FIAT
FIAT INDIA LTD,UNO 1.2,FIAT
FIAT(I)LTD,GRANDEPUNTO1.3MULTIJET DYNAMIC,FIAT
FIAT INDIA AUTOMOBILES LTD,GRANDEPUNTO1.3MULTIJET EMOTIONPACK90HP BSIV,FIAT
FIAT INDIA AUTOMOBILES LTD,GRANDE PUNTO 1.2 FIRE EMOTION,FIAT
FIAT INDIA AUTOMOBILES PVT LTD,LINEA  PT EMOTIONPK,FIAT
FIAT INDIA AUTOMOBILES LTD,GRANDE PUNTO 1.3 MULTIJET ACTIVE BSIV,FIAT
FIAT INDIA AUTOMOBILES PVT LTD,PUNTO DIESEL,FIAT
FIAT INDIA AUTOMOBILES LTD,FIAT LINEA EMOTION BSIV,FIAT
FIAT INDIA AUTOMOBLIES PVT LTD,LEVANTE 350 GRANLUSSO MY BSVI,FIAT
FIAT INDIA LTD,FIAT PALIO ELX PS,FIAT
NEW HOLLAND FIAT INDIA PVT. LTD.,NEW HOLLAND 3037,FIAT
FIAT INDIA AUTOMOBILES LTD,GRANDE PUNTO 1.3 MULTIJET SPORTS 90HP BSIV,FIAT
FIAT(I)LTD,G PUNTO 1.3 MULTIJET ACTIVE,FIAT
FIAT INDIA AUTOMOBLIES PVT LTD,FIAT PALIO STILE-SLE-BSIII,FIAT
FIAT INDIA AUTOMOBILES LTD,GRANDE PUNTO 1.3 MULTIJET EMOTION 90HP BSIV,FIAT
FIAT INDIA LTD,FIAT PALIO EL PS,FIAT
FIAT(I)LTD,GRANDE PUNTO 1.2 FIRE EMOTION,FIAT
FIAT INDIA AUTOMOBILES LTD,GRANDE PUNTO 1.3 MULTIJET EMOTION PACK BSIV,FIAT
NEW HOLLAND FIAT INDIA PVT. LTD.,NEW HOLLAND NH 3600,FIAT
FIAT INDIA AUTOMOBILES LTD,GRANDE PUNTO 1.3 MULTIJET EMOTION BSIV,FIAT
FIAT INDIA AUTOMOBILES LTD,AAVENTURA 1.3 MULTIJET EMOTION,FIAT
NEW HOLLAND FIAT INDIA PVT. LTD.,GRANDE P M E PACK,FIAT
