rc_maker_desc,rc_maker_model,Mapped Name
GENERAL MOTOR INDIA PVT LTD,CHEVROLET SPARK LS LPG,GENERAL MOTORS
GENERAL MOTOR INDIA PVT LTD,CHEVROLET TAVERA NEO3 LS TCDI(P10A BSIV),GENERAL MOTORS
GEN.MOTORS,207 DI,GENERAL MOTORS
GENERAL MOTORS INDIA LTD,CHEVROLET AVEO 1.4 BSII,GENERAL MOTORS
GENERAL MOTORS INDIA LTD,CHEVROLET OPTRA MAGNUM 1.6-BS III,GENERAL MOTORS
GENERAL MOTOR INDIA PVT LTD,CHEVROLET TAVERA NEO3 LT(P9A BSIII),GENERAL MOTORS
General Motors India Pvt Ltd,CHEVROLET SAIL LS  ABS TCDI,GENERAL MOTORS
GENERAL MOTORS LIMITED,CHEVROLET TAVERA LT (L1-7),GENERAL MOTORS
GEN.MOTORS,"GEN.MOTORS, 207 DI",GENERAL MOTORS
GENERAL MOTORS INDIA LTD,CHEVROLET SPARK-LS-BS-III,GENERAL MOTORS
GEN.MOTORS,CHEVROLET BEAT LS TCDI,GENERAL MOTORS
GENERAL MOTORS INDIA LTD,CHEVROLET TAVERA M 9A-BS3,GENERAL MOTORS
GEN.MOTORS,TAVERA NEO3 (P10A) BSIII,GENERAL MOTORS
GENERAL MOTORS INDIA LTD,CHEVROLET AVEO 1.4 BSIII,GENERAL MOTORS
GEN.MOTORS,TAVERA NEO3 MAX (M10A) BSIII,GENERAL MOTORS
GEN.MOTORS,CHEVROLET CRUZE VCDI LTZ,GENERAL MOTORS
GEN.MOTORS,TAVERA B3,GENERAL MOTORS
GENERAL MOTOR INDIA PVT LTD,CHEVROLET SAIL LS ABS TCDI BSIV,GENERAL MOTORS
GENERAL MOTOR INDIA PVT LTD,CHEVROLET BEAT BS IV,GENERAL MOTORS
GEN.MOTORS,AVEO UVA LS,GENERAL MOTORS
GEN.MOTORS,CHEVROLET OPTRA MAGNUM TCDI,GENERAL MOTORS
GENERAL MOTORS INDIA LTD,"GENERAL MOTORS INDIA LTD, CHEVROLET TAVERA P7A-BS3",GENERAL MOTORS
GENERAL MOTORS INDIA LTD,CHEVROLET TAVERA LT L1-7 BS3,GENERAL MOTORS
GENERAL MOTOR INDIA PVT LTD,CHEVROLET SAIL HATCHBACK LS ABS BSIV,GENERAL MOTORS
GENERAL MOTOR INDIA PVT LTD,CHEVROLET TAVERA NEO3 LT(P9A-BSIII),GENERAL MOTORS
GENERAL MOTOR INDIA PVT LTD,CHEVROLET CRUZE VCDI AT LTZ BS IV,GENERAL MOTORS
GEN.MOTORS,CHEVROLET TAVERA B2,GENERAL MOTORS
GENERAL MOTORS INDIA LTD,TAVERA B1-7 BSIII,GENERAL MOTORS
GEN.MOTORS,AVEO 1.4,GENERAL MOTORS
GENERAL MOTORS INDIA LTD,TAVERA LT L1A-7 BSIII,GENERAL MOTORS
GENERAL MOTOR INDIA PVT LTD,CHEVROLET TAVERA P10A-BS3,GENERAL MOTORS
GENERAL MOTORS INDIA LTD,"CHEVROLET OPTRA-4 D S 1.6 \""LS\""",GENERAL MOTORS
GENERAL MOTORS INDIA LTD,CHEVROLET SPARK (LS),GENERAL MOTORS
GEN.MOTORS,TAVERA NEO3 LS (P10A BSIII,GENERAL MOTORS
GEN.MOTORS,"GEN.MOTORS, CHEVROLET ENJOY TCDI LS",GENERAL MOTORS
GENERAL MOTOR INDIA PVT LTD,CHEVROLET TAVERA NEO3 LT TCDI(,GENERAL MOTORS
GENERAL MOTORS INDIA LTD,CHEVROLET TAVERA (B3-10) BS3,GENERAL MOTORS
GENERAL MOTOR INDIA PVT LTD,CHEVROLET SPARK E BSIV,GENERAL MOTORS
GENERAL MOTOR INDIA PVT LTD,"GENERAL MOTOR INDIA PVT LTD, CHEVROLET BEAT",GENERAL MOTORS
GENERAL MOTORS INDIA LTD,CHEVROLET TAVERA P9A BS3,GENERAL MOTORS
GEN.MOTORS,CHEVROLET SAIL U-VA LS ABS,GENERAL MOTORS
GENERAL MOTORS INDIA LTD,CHEVROLET TAVERA  SS  (D1-8),GENERAL MOTORS
GEN.MOTORS,TAVERA LS P10A BS4 M2,GENERAL MOTORS
GENERAL MOTOR INDIA PVT LTD,"GENERAL MOTOR INDIA PVT LTD, CHEVROLET TAVERA NEO3 LT(P9A B",GENERAL MOTORS
GENERAL MOTORS INDIA LTD,CHEVROLET AVEO (E) BSIII,GENERAL MOTORS
GENERAL MOTORS INDIA LTD,CHEVROLET OPTRA MAGNUM TCDI MAX-BS-III,GENERAL MOTORS
GENERAL MOTORS INDIA LTD,CHEVROLET TAVERA P7A-BS3,GENERAL MOTORS
GEN.MOTORS,TAVERA NEO3 LS (P10A) BSIII,GENERAL MOTORS
GENERAL MOTOR INDIA PVT LTD,CHEVROLET AVEO UVA LT BSIV,GENERAL MOTORS
GENERAL MOTOR INDIA PVT LTD,CHEVROLET TAVERA NEO3 LT(P8A BSIII),GENERAL MOTORS
GENERAL MOTOR INDIA PVT LTD,CHEVROLET ENJOY LTZ TCDI BSIV(8S),GENERAL MOTORS
GENERAL MOTOR INDIA PVT LTD,CHEVROLET SAIL U-VA LS ABS BSI,GENERAL MOTORS
GEN.MOTORS,"GEN.MOTORS, TAVERA NEO3 MAX (M1OA-BSIII)",GENERAL MOTORS
GENERAL MOTOR INDIA PVT LTD,CHEVROLET SPARK LT BSIV,GENERAL MOTORS
GENERAL MOTOR INDIA PVT LTD,CHEVROLET TAVERA NEO3 LS TCDI(,GENERAL MOTORS
GENERAL MOTOR INDIA PVT LTD,CHEVROLET TAVERA NEO3(M10A BSIII),GENERAL MOTORS
GEN.MOTORS,CHEVROLET ENJOY TCDI LS,GENERAL MOTORS
GENERAL MOTORS INDIA LTD,CHEVROLET TAVERA P8A BS3,GENERAL MOTORS
GENERAL MOTORS INDIA LTD,CHEVROLET AVEO LS BSIII,GENERAL MOTORS
GEN.MOTORS,"GEN.MOTORS, TAVERA NEO3 P10A-BSIII",GENERAL MOTORS
GENERAL MOTOR INDIA PVT LTD,CHEVROLET TAVERA NEO3 LS (P7C-BSIII),GENERAL MOTORS
GENERAL MOTORS INDIA LTD,CHEVROLET SPARK-LT-BS-III,GENERAL MOTORS
GENERAL MOTORS INDIA LTD,TAVERA B3-7 BSIII,GENERAL MOTORS
GEN.MOTORS,CHEVROLET SAIL U-VA 1.2 LS,GENERAL MOTORS
GEN.MOTORS,CHEVROLET SAIL U-VA LS,GENERAL MOTORS
GENERAL MOTOR INDIA PVT LTD,CHEVROLET SAIL HATCHBACK LS ABS TCDI BSIV,GENERAL MOTORS
GENERAL MOTORS INDIA LTD,CHEVROLET AVEO UVA LT,GENERAL MOTORS
GEN.MOTORS,TAVERA NEO3 LT-9,GENERAL MOTORS
GEN.MOTORS,AVEO UVA 1.2 BASE BS 3,GENERAL MOTORS
GEN.MOTORS,CHEVROLET CAPTIVA (LT),GENERAL MOTORS
GEN.MOTORS,TAVERA NEO3 MAX (M1OA-BSIII),GENERAL MOTORS
GENERAL MOTORS INDIA LTD,CHEVROLET TAVERA M7A BS3,GENERAL MOTORS
GEN.MOTORS,TAVERA 2.5B3,GENERAL MOTORS
GENERAL MOTOR INDIA PVT LTD,CHEVROLET TAVERA NEO3 MAX(M10A BSIII),GENERAL MOTORS
GENERAL MOTORS INDIA LTD,OPEL CORSA 1.4 GSI,GENERAL MOTORS
GEN.MOTORS,"GEN.MOTORS, CHEVROLET BEAT TCDI",GENERAL MOTORS
GENERAL MOTOR INDIA PVT LTD,CHEVROLET SAIL U-VA LS ABS TCDI BSIV,GENERAL MOTORS
GENERAL MOTORS INDIA LTD,CHEVROLET TAVERA (M10A-BSIII),GENERAL MOTORS
GEN.MOTORS,CHEVROLET SAIL 1.3 LS TCDI,GENERAL MOTORS
GENERAL MOTOR INDIA PVT LTD,CHEVROLET TAVERA  P9A BS3,GENERAL MOTORS
GEN.MOTORS,TAVERA NEO3 LT (P9A) BSIII,GENERAL MOTORS
GENERAL MOTORS INDIA LTD,CHEVROLET AVEO (LTBSIII,GENERAL MOTORS
GEN.MOTORS,TAVERA NEO3 (P10A-BSIII),GENERAL MOTORS
GEN.MOTORS,TAVERA NEO3 MAX-10 BSIII,GENERAL MOTORS
GENERAL MOTORS INDIA LTD,CHEVROLETTAVERAP7A-BS3,GENERAL MOTORS
GENERAL MOTORS INDIA LTD,CHEVROLET OPTRA 1.6 BSIII,GENERAL MOTORS
GEN.MOTORS,CHEVROLET BEAT LT,GENERAL MOTORS
GEN.MOTORS,CHEVROLET SPARK,GENERAL MOTORS
GENERAL MOTOR INDIA PVT LTD,CHEVROLET TAVERA NEO3(P10A BSIII),GENERAL MOTORS
GENERAL MOTORS INDIA LTD,CHEVROLET OPTRA MAGNUM TCDI LT,GENERAL MOTORS
GENERAL MOTOR INDIA PVT LTD,CHEVROLET BEAT TCDI BSIV,GENERAL MOTORS
GENERAL MOTORS INDIA LTD,CHEVROLET OPTRA MAGNUM TCDI MA,GENERAL MOTORS
GEN.MOTORS,"GEN.MOTORS, TAVERA CHEVROLET",GENERAL MOTORS
GENERAL MOTOR INDIA PVT LTD,CHEVROLET SPARK LS LPG BSIV,GENERAL MOTORS
GENERAL MOTORS INDIA LTD,OPEL ASTRA,GENERAL MOTORS
GEN.MOTORS,TAVERA MAX M10A BS4 M2,GENERAL MOTORS
GEN.MOTORS,TAVERA B2,GENERAL MOTORS
GEN.MOTORS,OPTRA 1.6,GENERAL MOTORS
GENERAL MOTOR INDIA PVT LTD,CHEVROLET SPARK LT LPG BS IV,GENERAL MOTORS
GEN.MOTORS,,GENERAL MOTORS
GENERAL MOTOR INDIA PVT LTD,CHEVROLET SAIL U-VA TCDI BSIV,GENERAL MOTORS
GENERAL MOTOR INDIA PVT LTD,CHEVROLET SAIL TCDI BSIV,GENERAL MOTORS
GEN.MOTORS,CHEVROLET ENJOY TCDI LT,GENERAL MOTORS
GEN.MOTORS,CHEVROLET CRUZE AT LTZ,GENERAL MOTORS
GENERAL MOTOR INDIA PVT LTD,CHEVROLET OPTRA MAGNUM TCDI  LT BSIV,GENERAL MOTORS
GENERAL MOTOR INDIA PVT LTD,CHEVROLET ENJOY LT TCDI BSIV (8S),GENERAL MOTORS
GEN.MOTORS,AVEO UVA 1.2 LS BS3,GENERAL MOTORS
GENERAL MOTORS INDIA LTD,"GENERAL MOTORS INDIA LTD, CHEVROLET TAVERA P8A BS3",GENERAL MOTORS
GENERAL MOTOR INDIA PVT LTD,CHEVROLET TAVERA NEO3 MAX(M10A,GENERAL MOTORS
GENERAL MOTOR INDIA PVT LTD,CHEVROLET BEAT LT BSIV,GENERAL MOTORS
GENERAL MOTORS INDIA LTD,CHEVROLET TAVERA  LT  (L2-8),GENERAL MOTORS
GENERAL MOTOR INDIA PVT LTD,CHEVROLET OPTRA MAGNUM TCDI LS BSIV,GENERAL MOTORS
GENERAL MOTORS INDIA LTD,CHEVROLET OPTRA 1.6 LT BSIII,GENERAL MOTORS
GENERAL MOTORS LIMITED,CHEVROLET TAVERA P8A BS3,GENERAL MOTORS
GENERAL MOTORS INDIA LTD,CHEVROLET AVEO (LT)BSIII,GENERAL MOTORS
GEN.MOTORS,,GENERAL MOTORS
GENERAL MOTORS INDIA LTD,"CHEVROLET TAVERA \""LT\"") (L1-9)",GENERAL MOTORS
GENERAL MOTOR INDIA PVT LTD,CHEVROLET BEAT LT,GENERAL MOTORS
GEN.MOTORS,CHEVROLET SAIL 1.2,GENERAL MOTORS
GEN.MOTORS,CHEVROLET SAIL U-VA LT ABS,GENERAL MOTORS
GENERAL MOTOR INDIA PVT LTD,CHEVROLET SPARK LS BSIV,GENERAL MOTORS
GEN.MOTORS,"GEN.MOTORS, CHEVROLET TAVERA B1",GENERAL MOTORS
GENERAL MOTORS INDIA LTD,"GENERAL MOTORS INDIA LTD, CHEVROLET OPTRA 1.6 BSIII",GENERAL MOTORS
GENERAL MOTOR INDIA PVT LTD,CHEVROLET TAVERA NEO3 LT(P8A B,GENERAL MOTORS
GENERAL MOTORS INDIA LTD,"CHEVROLET OPTRA 1.8 \""LT\""",GENERAL MOTORS
GENERAL MOTORS INDIA LTD,CHEVROLET TAVERA (B1-10),GENERAL MOTORS
GENERAL MOTORS INDIA LTD,OPEL ASTRA DIESEL,GENERAL MOTORS
GENERAL MOTOR INDIA PVT LTD,CHEVROLET TAVERA NEO3 LT(P9A B,GENERAL MOTORS
GENERAL MOTOR INDIA PVT LTD,CHEVROLET ENJOY LS TCDI BSIV (8S),GENERAL MOTORS
GEN.MOTORS,CHEVROLET SAIL U-VA 1.3 LT ABS,GENERAL MOTORS
GENERAL MOTOR INDIA PVT LTD,CHEVROLET ENJOY LS TCDI BSIV,GENERAL MOTORS
GENERAL MOTOR INDIA PVT LTD,CHEVROLET BEAT LTZ BS IV,GENERAL MOTORS
GEN.MOTORS,"GEN.MOTORS, TAVERA NEO3 LS (P10A) BSIII",GENERAL MOTORS
GENERAL MOTORS INDIA LTD,CHEVROLET OPTRA MAGNUM TCDI LT-BS-III,GENERAL MOTORS
GENERAL MOTOR INDIA PVT LTD,CHEVROLET TAVERA NEO3 LS(P10A,GENERAL MOTORS
GEN.MOTORS,CHEVROLET SAIL U-VA 1.2 LT ABS,GENERAL MOTORS
GENERAL MOTORS INDIA LTD,CHEVROLETOPTRAMAGNUMTCDI-BS-II,GENERAL MOTORS
GENERAL MOTOR INDIA PVT LTD,CHEVROLET AVEO  BSIII,GENERAL MOTORS
GENERAL MOTOR INDIA PVT LTD,CHEVROLET SAIL LT ABS BSIV,GENERAL MOTORS
GEN.MOTORS,CHEVROLET BEAT LS,GENERAL MOTORS
GEN.MOTORS,TATA ENG SPACIO STAGE 1,GENERAL MOTORS
GEN.MOTORS,,GENERAL MOTORS
GENERAL MOTOR INDIA PVT LTD,CHEVROLET CRUZE VCDI  LTZ  BSIV,GENERAL MOTORS
GENERAL MOTORS INDIA LTD,CHEVROLET OPTRA 1.6 LS BSIII,GENERAL MOTORS
GENERAL MOTORS INDIA LTD,CHEVROLET TAVERA \'SS\' (D1-8),GENERAL MOTORS
GENERAL MOTORS INDIA LTD,CHEVROLET TAVERA (B3-10),GENERAL MOTORS
GENERAL MOTORS INDIA LTD,"CHEVROLET OPTRA-4 D S 1.6 ""LS""",GENERAL MOTORS
GENERAL MOTOR INDIA PVT LTD,CHEVROLET CRUZE VCDI  LTZ  BSI,GENERAL MOTORS
GENERAL MOTORS INDIA LTD,CHEVROLET TAVERA (B1-10) BS3,GENERAL MOTORS
GENERAL MOTOR INDIA PVT LTD,CHEVROLETTAVERANEO3MAXAMBULNCE,GENERAL MOTORS
GEN.MOTORS,TAVERA NEO3 LS (P9A-BSIII),GENERAL MOTORS
GEN.MOTORS,"GEN.MOTORS, TAVERA NEO3 MAX-10 BSIII",GENERAL MOTORS
GEN.MOTORS,"GEN.MOTORS, CHEVROLET SPARK",GENERAL MOTORS
GENERAL MOTOR INDIA PVT LTD,CHEVROLET TAVERA NEO3 LS (P9A) NEW BSIII,GENERAL MOTORS
GENERAL MOTOR INDIA PVT LTD,CHEVROLET BEAT LT BS IV,GENERAL MOTORS
GENERAL MOTORS INDIA LTD,CHEVROLETOPTRAMAGNUMTCDILS-BSI,GENERAL MOTORS
GENERAL MOTORS INDIA LTD,CHEVROLET TAVERA P8A BSIII,GENERAL MOTORS
GEN.MOTORS,TAVERA,GENERAL MOTORS
GEN.MOTORS,CHEVROLET CRUZE LTZ,GENERAL MOTORS
GENERAL MOTOR INDIA PVT LTD,CHEVROLET CRUZE VCDI AT LTZ,GENERAL MOTORS
GENERAL MOTORS INDIA LTD,CHEVROLET TAVERA P10A-BS3,GENERAL MOTORS
GENERAL MOTOR INDIA PVT LTD,CHEVROLET TAVERA NEO3 LS(P7A BSIII),GENERAL MOTORS
GENERAL MOTORS INDIA LTD,OPEL CORSA 1.6 SAIL BSIII,GENERAL MOTORS
GENERAL MOTOR INDIA PVT LTD,CHEVROLET AVEO UVA LS BSIV,GENERAL MOTORS
GENERAL MOTOR INDIA PVT LTD,CHEVROLET SAIL LS TCDI BSIV,GENERAL MOTORS
GEN.MOTORS,TAVERA LT P9A BS4 M1,GENERAL MOTORS
GENERAL MOTOR INDIA PVT LTD,CHEVROLET BEAT TCDIBSIV,GENERAL MOTORS
GEN.MOTORS,TAVERA NEO3 LS (P7A) BSIII,GENERAL MOTORS
GENERAL MOTORS INDIA LTD,CHEVROLET TAVERA (M7C-BSIII),GENERAL MOTORS
GEN.MOTORS,TAVERA NEO3 LS (P10A-BSIII),GENERAL MOTORS
GEN.MOTORS,CHEVROLET SPARK LT,GENERAL MOTORS
GENERAL MOTOR INDIA PVT LTD,CHEVROLET BEAT LT LPG BSIV,GENERAL MOTORS
GEN.MOTORS,TARVERA NEO3 (M10A) BSIII,GENERAL MOTORS
GENERAL MOTOR INDIA PVT LTD,CHEVROLET SAIL LT ABS TCDI BSIV,GENERAL MOTORS
GEN.MOTORS,CHEVROLET SAIL 1.2 LS ABS,GENERAL MOTORS
GENERAL MOTORS INDIA LTD,OPEL CORSA 1.4 SAIL,GENERAL MOTORS
GENERAL MOTOR INDIA PVT LTD,CHEVROLET SPARK BSIV,GENERAL MOTORS
GEN.MOTORS,"GEN.MOTORS, TAVERA",GENERAL MOTORS
GENERAL MOTOR INDIA PVT LTD,CHEVROLET SPARK LPG,GENERAL MOTORS
GEN.MOTORS,CHEVROLET TAVERA D1,GENERAL MOTORS
GENERAL MOTORS INDIA LTD,CHEVROLET AVEO UVA,GENERAL MOTORS
GENERAL MOTORS INDIA LTD,CHEVROLET AVEO UVA LS,GENERAL MOTORS
GEN.MOTORS,CHEVROLET SAIL U-VA,GENERAL MOTORS
GENERAL MOTORS INDIA LTD,CHEVROLET AVEO UVA BSIII,GENERAL MOTORS
GEN.MOTORS,CHEVROLET BEAT TCDI,GENERAL MOTORS
GENERAL MOTORS INDIA LTD,CHEVROLET OPTRA-4 D SEDAN 1.6,GENERAL MOTORS
GEN.MOTORS,CHEVROLET BEAT,GENERAL MOTORS
GENERAL MOTOR INDIA PVT LTD,CHEVROLET ENJOY LS TCDI BSIV (,GENERAL MOTORS
GENERAL MOTOR INDIA PVT LTD,CHEVROLET BEAT LS BS IV,GENERAL MOTORS
GENERAL MOTORS INDIA LTD,"CHEVROLET TAVERA ""LT"" (L2-9)",GENERAL MOTORS
GENERAL MOTOR INDIA PVT LTD,CHEVROLET CRUZE VCDI  LTZ,GENERAL MOTORS
GENERAL MOTORS INDIA LTD,"GENERAL MOTORS INDIA LTD, CHEVROLET TAVERA P10A-BS3",GENERAL MOTORS
GENERAL MOTOR INDIA PVT LTD,CHEVROLET TAVERA LS P10A BSIV,GENERAL MOTORS
GENERAL MOTOR INDIA PVT LTD,CHEVROLET CRUZE VCDI  LT  BSIV,GENERAL MOTORS
GEN.MOTORS,TAVERA NEO3 LS-10,GENERAL MOTORS
GEN.MOTORS,CHEVROLET TAVERA B1,GENERAL MOTORS
GEN.MOTORS,TAVERA NEO3 LT-7,GENERAL MOTORS
GENERAL MOTOR INDIA PVT LTD,CHEVROLET SAIL LS ABS BSIV,GENERAL MOTORS
GEN.MOTORS,TAVERA NEO3 LS-7,GENERAL MOTORS
GEN.MOTORS,CHEVROLET SAIL 1.3 TCDI,GENERAL MOTORS
GENERAL MOTOR INDIA PVT LTD,CHEVROLET ENJOY LTZ TCDI BSIV,GENERAL MOTORS
GENERAL MOTOR INDIA PVT LTD,CHEVROLET TAVERA NEO3 LS(P10A BSIII,GENERAL MOTORS
GEN.MOTORS,"GEN.MOTORS, TAVERA NEO3 LS (P10A-BSIII)",GENERAL MOTORS
GENERAL MOTORS INDIA LTD,OPEL CORSA 1.6 GLS,GENERAL MOTORS
GENERAL MOTOR INDIA PVT LTD,CHEVROLET TAVERA NEO3 LT TCDI(P9A BSIV),GENERAL MOTORS
GENERAL MOTORS INDIA LTD,OPEL CORSA 1.4 SAIL BSIII,GENERAL MOTORS
GEN.MOTORS,"GEN.MOTORS, CHEVROLET BEAT LT",GENERAL MOTORS
GENERAL MOTOR INDIA PVT LTD,CHEVROLET CRUZE VCDI AT LTZ  BSIV,GENERAL MOTORS
GEN.MOTORS,"GEN.MOTORS, TAVERA NEO3 LS-10",GENERAL MOTORS
GEN.MOTORS,CHEVROLET TAVERA B3,GENERAL MOTORS
GENERAL MOTOR INDIA PVT LTD,CHEVROLET BEAT LS LPG BSIV,GENERAL MOTORS
GENERAL MOTOR INDIA PVT LTD,CHEVROLET TAVERA NEO3 LS TCDI(P7A BSIV),GENERAL MOTORS
GENERAL MOTOR INDIA PVT LTD,CHEVROLET BEAT LS TCDI BSIV,GENERAL MOTORS
GENERAL MOTOR INDIA PVT LTD,CHEVROLET BEAT LS,GENERAL MOTORS
GENERAL MOTOR INDIA PVT LTD,CHEVROLET TAVERA NEO3 LS(P10A ,GENERAL MOTORS
GEN.MOTORS,"GEN.MOTORS, CHEVROLET SPARK LS",GENERAL MOTORS
GEN.MOTORS,TAVERA NEO3 MAX-7 BSIII,GENERAL MOTORS
GENERAL MOTOR INDIA PVT LTD,CHEVROLET ENJOY LT TCDI BSIV,GENERAL MOTORS
GENERAL MOTOR INDIA PVT LTD,CHEVROLET BEAT E TCDI BSIV,GENERAL MOTORS
GEN.MOTORS,CHEVROLET SAIL 1.3 LT ABS TCDI,GENERAL MOTORS
GENERAL MOTORS INDIA LTD,CHEVROLET OPTRA MAGNUM 1.6-BS,GENERAL MOTORS
GENERAL MOTORS INDIA LTD,CHERVOLET TAVERA LT L2-7 BS3,GENERAL MOTORS
GENERAL MOTORS INDIA LTD,CHEVROLET TAVERA (P7C-BSIII),GENERAL MOTORS
GENERAL MOTORS INDIA LTD,"CHEVROLET TAVERA \""LT\"" (L22-7)",GENERAL MOTORS
GENERAL MOTORS INDIA LTD,"GENERAL MOTORS INDIA LTD, CHEVROLET TAVERA M 8A BS3",GENERAL MOTORS
GENERAL MOTORS INDIA LTD,CHEVROLET TAVERA SS D1-8 BS3,GENERAL MOTORS
GENERAL MOTOR INDIA PVT LTD,CHEVROLET SAIL U-VA LS BSIV,GENERAL MOTORS
GEN.MOTORS,"GEN.MOTORS, CHEVROLET CRUZE VCDI LTZ",GENERAL MOTORS
GEN.MOTORS,TAVERA CHEVROLET,GENERAL MOTORS
GENERAL MOTOR INDIA PVT LTD,CHEVROLET TAVERA NEO3 LS(P10A BSIII),GENERAL MOTORS
GENERAL MOTOR INDIA PVT LTD,CHEVROLET SAIL HATCHBACK TCDI,GENERAL MOTORS
GENERAL MOTOR INDIA PVT LTD,CHEVROLET BEAT LT TCDIBSIV,GENERAL MOTORS
GENERAL MOTOR INDIA PVT LTD,CHEVROLET BEAT LT TCDI BSIV,GENERAL MOTORS
GEN.MOTORS,CHEVROLET TAVERA B4,GENERAL MOTORS
GENERAL MOTORS INDIA LTD,"CHEVROLET OPTRA 1.8 ""LT""",GENERAL MOTORS
GEN.MOTORS,CHEVROLET BEAT LT TCDI,GENERAL MOTORS
GENERAL MOTORS INDIA LTD,OPEL CORSA GLS,GENERAL MOTORS
GEN.MOTORS,CHEVROLET SAIL 1.3 LS ABS TCDI,GENERAL MOTORS
GEN.MOTORS,CHEVROLET SPARK LS,GENERAL MOTORS
GENERAL MOTOR INDIA PVT LTD,CHEVROLET TAVERA M10A BSIV,GENERAL MOTORS
GENERAL MOTORS INDIA LTD,CHERVOLET TAVERA (B2-10) BS3,GENERAL MOTORS
GEN.MOTORS,TAVERA NEO3 P10A-BSIII,GENERAL MOTORS
GENERAL MOTOR INDIA PVT LTD,CHEVROLET CRUZE VCDI AT LTZ  B,GENERAL MOTORS
GENERAL MOTORS INDIA LTD,CHEVROLET SPARK-BS-III,GENERAL MOTORS
