rc_maker_desc,rc_maker_model,Mapped Name
GREAVES COTTON LTD.,MARUTI ZEN,GREAVES
GREAVES INDIA PVT LTD,DIESEL 3 WHEELER,GREAVES
GREAVES INDIA PVT LTD,TMS 1075,GREAVES
GREAVES INDIA PVT LTD,AUTO RICKSHAW,GREAVES
GREAVES COTTON LTD.,TANDEM ROLLER BW151ADH2,GREAVES
GREAVES INDIA PVT LTD,TAVERA  B-3 (10),GREAVES
GREAVES COTTON LTD.,3 WHEELER 360-D,GREAVES
GREAVES INDIA PVT LTD,CRANE,GREAVES
GREAVES INDIA PVT LTD,PLATINA,GREAVES
GREAVES COTTON LTD.,TVS SUZUKI MAX100 R,GREAVES
GREAVES INDIA PVT LTD,GREAVES GARUDA 360 DI,GREAVES
GREAVES COTTON LTD.,,GREAVES
GREAVES COTTON LTD.,HYUNDAI SANTRO DX1,GREAVES
GREAVES COTTON LTD.,LANCER,GREAVES
GREAVES COTTON LTD.,INOGREAVES VIBRATORY,GREAVES
GREAVES COTTON LTD.,HERO HONDA SPLENDOR,GREAVES
GREAVES COTTON LTD.,OTHERS,GREAVES
GREAVES ELECTRIC MOBILITY PVT LTD,MAGNUS EX,GREAVES
