rc_maker_desc,rc_maker_model,Mapped Name
H-D MOTOR COMPANY INDIA PVT LTD,1.10 MAGNA 1.1,HARLEY DAVIDSON
H-D MOTOR COMPANY INDIA PVT LTD,EICHER TERRA 16,HARLEY DAVIDSON
HD MOTOR COMPANY INDIA PVT LTD,F-LDE BSIV,HARLEY DAVIDSON
H-D MOTOR COMPANY INDIA PVT LTD,EICHER 10.80XP C CABIN  DROP,HARLEY DAVIDSON
H-D MOTOR COMPANY INDIA PVT LTD,FLFBS,HARLEY DAVIDSON
H-D MOTOR COMPANY INDIA PVT LTD,EICHER CABIN & FIXED SIDE DECK,HARLEY DAVIDSON
H-D MOTOR COMPANY INDIA PVT LTD,FLHXS,HARLEY DAVIDSON
H-D MOTOR COMPANY INDIA PVT LTD,FLHR ROADKING,HARLEY DAVIDSON
H-D MOTOR COMPANY INDIA PVT LTD,FXLRS,HARLEY DAVIDSON
H-D MOTOR COMPANY INDIA PVT LTD,XL 883L BS3,HARLEY DAVIDSON
HARLEY DAVIDSON MOTOR COMPANY,HARLEY - DAVIDSON ZE 1250S BSV,HARLEY DAVIDSON
