rc_maker_desc,rc_maker_model,Mapped Name
HERO HONDA MOTORS  LTD,HUNK NEW,HERO
HERO HONDA MOTORS  LTD,NOT AVAILABLE,HERO
HERO HONDA MOTORS  LTD,PASSION PLUS MAC,HERO
HERO HONDA MOTORS  LTD,"HERO HONDA MOTORS  LTD, SPLENDOR+ (DRUM-CAST WHEELS) B",HERO
"HERO HONDA MOTORS LTD,",CD-DELUXE SELF CAST WHEELS BSIII,HERO
HERO HONDA MOTORS  LTD,CD DELUXE CAST SELF,HERO
HERO MOTOCORP LTD,HUNK ES REAR DISC BRK BSIII,HERO
HERO MOTOCORP LTD,AMBASSADOR 2000 DSL,HERO
HERO HONDA MOTORS  LTD,CD DELUXE BS II  CAST WHEELS,HERO
HERO MOTOCORP LTD,SPLENDOR - NXG,HERO
HERO HONDA MOTORS  LTD,H.H.GLAMOUR DRUM BRAKE,HERO
HERO HONDA MOTORS LTD,SPLENDOR PLUS 10 D KICK CAST,HERO
HERO MOTO CORP LTD.,SPLENDOR+ I3SSLFDRMCAST L2 BS6,HERO
HERO MOTOCORP LTD,GLAMOUR-DRUM-SELF-CAST-S,HERO
HERO MOTOCORP LTD,LANCER 1.8 LXI,HERO
HERO MOTOCORP LTD,XTREME REAR DRUM BRAKE,HERO
HERO MOTOCORP LTD,GLAMOUR- XTEC-DISC-SELF-CAST B,HERO
HERO HONDA MOTORS  LTD,H.HONDA SPLENDOR PLUS SPOKE,HERO
HERO HONDA MOTORS  LTD,PPR DR SELF CAST CARBO,HERO
HERO MOTOCORP LTD,NEW I20 ASTA,HERO
HERO MOTOCORP LTD,SUPER SPLENDOR CAST,HERO
HERO MOTOCORP LTD,"HERO MOTOCORP LTD, HF DELUXE CAST",HERO
HERO HONDA MOTORS  LTD,SPLENDOR ISMART,HERO
HERO HONDA MOTORS  LTD,OTHER,HERO
HERO HONDA MOTORS  LTD,HONDA SIEL,HERO
HERO HONDA MOTORS  LTD,PASSION PLUS DRK CCR,HERO
HERO HONDA MOTORS  LTD,HERO HONDA CD100 SS,HERO
HERO HONDA MOTORS  LTD,HF DELUX,HERO
HERO HONDA MOTORS,PASSION PLUS DRUM CAST WHEELS-,HERO
HERO HONDA MOTORS  LTD,SUPER SPLENDOR DR SELF CAST,HERO
HERO HONDA MOTORS  LTD,SPELENDOR - PRO,HERO
HERO HONDA MOTORS  LTD,SPLND.,HERO
HERO HONDA MOTORS  LTD,PLEASURE ,HERO
HERO MOTOCORP LTD,GLAMOUR-DISC-SELF(CAST WHEELS),HERO
HERO MOTOCORP LTD,XTREME 160R-DISC-DISC-CAST(SE),HERO
HERO MOTOCORP LTD,PASSION PRO (DRUM-SELF CAST WHEELS)BSIII,HERO
HERO MOTOCORP LTD,H.H CD100,HERO
HERO MOTOCORP LTD,SPLENDOR I-SMART,HERO
HERO MOTOCORP LTD,SUPER SPLENDOR DRM/SLF-CASTWHL,HERO
HERO ELECTRIC VEHICLE PVT LTD,HONDA CITY,HERO
HERO HONDA MOTORS  LTD,PAP DRN,HERO
HERO HONDA MOTORS  LTD,JOYRST,HERO
HERO MOTOCORP LTD,SPLENDOR+ XTEC,HERO
HERO HONDA MOTORS  LTD,CD DELUXE (SPOKE WHEELS),HERO
HERO MOTOCORP LTD,HERO HONDA CD DELUXE,HERO
HERO HONDA MOTORS  LTD,SPLENDOR PRO SELF,HERO
HERO HONDA,SPLENDOR PLUS,HERO
HERO MOTOCORP LTD,SPLEDOR ISMART,HERO
HERO MOTOCORP LTD,MAESTRO EDGE 125 FI,HERO
HERO MOTOCORP LTD,SUPER SPLENDOR DRS,HERO
HERO MOTOCORP LTD,HERO HONDA CD DELUX,HERO
HERO MOTOCORP LTD,GLAMOUR (HE (DISC-SELF-CAST,HERO
HERO HONDA MOTORS  LTD,CD DWAN,HERO
HERO MOTOCORP LTD,ISMART 110,HERO
HERO MOTOCORP LTD,HERO HF DAWN DRK SCR,HERO
HERO MOTOCORP LTD,HF DELUX (CCR DRUM SELF),HERO
HERO MOTOCORP LTD,HF- DELUXE I3S -(DRS) BSVI-PH2,HERO
HERO MOTOCORP LTD,SPLENDOR ISMART (DRUM-DRUM),HERO
HERO HONDA MOTORS  LTD,H H C D DELUX,HERO
HERO ELECTRIC VEHICLES PVT. LTD,PHOTON LP,HERO
HERO MOTOCORP LTD,HERO HONDA,HERO
HERO MOTOCORP LTD,PASSION XPRO (CAST SELF),HERO
HERO MOTOCORP LTD,"HERO MOTOCORP LTD, HERO HONDA CD DAWN",HERO
HERO MOTOCORP LTD,"HERO MOTOCORP LTD, SPLENDOR+ BLACK AND ACCENTSS",HERO
HERO MOTOCORP LTD,HF DELUXE SELF CAST WHEELS- BSIII,HERO
HERO HONDA MOTORS  LTD,SPLENDOR PRO SELF CAST,HERO
HERO MOTOCORP LTD,SPELENDOR PRO,HERO
HERO MOTOCORP LTD,"HERO MOTOCORP LTD, HF DELUXE",HERO
HERO MOTOCORP LTD,DESTINI 125 VX (SE),HERO
HERO HONDA MOTORS  LTD,PASSON PRO,HERO
HERO MOTOCORP LTD,SUPER SPLENDOR DS BLACK&ACCENT,HERO
HERO MOTOCORP LTD,SPLENDOR+ DRM CST WHEEL BS4,HERO
HERO HONDA MOTORS  LTD,SPLENDER ISMART,HERO
HERO MOTOCORP LTD,HF DELUX,HERO
HERO HONDA MOTORS  LTD,PASSION PRO(DRM-KIK SPOKWHEEL),HERO
HERO HONDA MOTORS  LTD,SPLENDER PLUS M/C,HERO
HERO MOTOCORP LTD,SPLENDAR PLUS,HERO
HERO HONDA MOTORS  LTD,"HERO HONDA MOTORS  LTD, SPLENDOR PRO",HERO
HERO MOTOCORP LTD,SUPER SPLENDOR-DRUM-SELF-CAST,HERO
HERO HONDA MOTORS  LTD,HONDA DIO,HERO
HERO HONDA MOTORS  LTD,SPLENDOR PRO DRUM SELF,HERO
HERO HONDA,HERO PUCH,HERO
HERO HONDA MOTORS  LTD,SPELNDOR PLUS A/W ,HERO
HERO MOTOCORP LTD,SPL I SMART,HERO
HERO MOTOCORP LTD,HF- DELUXE- (KICK-DRUM-CAST) B,HERO
HERO MOTOCORP LTD,X PULSE 2004V,HERO
HERO MOTOCORP LTD,SPLENDOR+ BLK STRIPE I3S (DRS,HERO
HERO MOTOCORP LTD,SPLENDOR I3S BSIV,HERO
HERO MOTOCORP LTD,HF-DELUXE-SELF CAST WHEELS BSIII,HERO
HERO MOTOCORP LTD,SUPER SPLENDOR CAST SELF,HERO
HERO MOTOCORP LTD,SPLENDOR +    BS-III,HERO
HERO MOTOCORP LTD,BRIO 1.2 S MT,HERO
HERO MOTOCORP LTD,SUPER SPLENDER CAST,HERO
HERO MOTOCORP LTD,X PULSE 200,HERO
HERO HONDA MOTORS  LTD,SPLENDOR PLUS DRK SCR,HERO
HERO HONDA MOTORS  LTD,SPLENDER PLUS SPOKES,HERO
HERO HONDA MOTORS  LTD,SPL PRO KICK WITH SPOKE,HERO
HERO HONDA MOTORS  LTD,SPL+,HERO
HERO HONDA MOTORS  LTD,PASSION PRO DRUM SELF CAST,HERO
HERO MOTOCORP LTD,MESTRO DELUXE,HERO
HERO HONDA,"HERO HONDA, PASSION PRO(DRM-KIK CASTWHEEL)",HERO
SCOOTERS INDIA LTD,VIKRAM 450 D/H,HERO
HERO MOTOCORP LTD,CBZ X-TREME ES REAR DISC BRAKE BSIII,HERO
HERO MOTOCORP LTD,SUPER SPL-CAST WHEEL,HERO
HERO HONDA MOTORS  LTD,H.H. CD DELUX ALLOY,HERO
HERO MOTOCORP LTD,HERO SUPER,HERO
HERO HONDA MOTORS  LTD,I 10 ERA BS IV,HERO
HERO MOTOCORP LTD,SPLENDOR+ (SELF-DRUM-CAST,HERO
HERO MOTOCORP LTD,SPLENDOR+(DRUM-SPOKE WHEELS) B,HERO
HERO MOTOCORP LTD,KARIZMA ZMR,HERO
HERO MOTO CORP LTD.,HF DELUXE CAST WHEEL,HERO
HERO MOTOCORP LTD,"PLEASURE, BS-III",HERO
HERO MOTOCORP LTD,HERO SPLENDOR+ BS-IV,HERO
HERO HONDA MOTORS  LTD,HERO HONDA GLAMOUR DRUM SELF,HERO
HERO HONDA MOTORS  LTD,PASSION PRO SELF CAST,HERO
HERO MOTOCORP LTD,SPLENDOR+ (SELF-DR-CST)SS,HERO
HERO HONDA MOTORS  LTD,SPLENDOR PRO DRUM KICK CAST,HERO
HERO HONDA MOTORS  LTD,DLX,HERO
HERO MOTOCORP LTD,MAESTRO EDGE (CAST WHEEL BSIV,HERO
HERO HONDA MOTORS,SUPER SPLENDOR,HERO
HERO HONDA MOTORS  LTD,SPLENDAR,HERO
HERO MOTOCORP LTD,GLAMOUR-DRUM-SELF(CAST WHEELS),HERO
HERO MOTOCORP LTD,SPLENDOR-ISMART,HERO
HERO HONDA MOTORS  LTD,CBZ EXTREME DOUBLE DISC,HERO
HERO MOTOCORP LTD,XTREME 200S (WITH ABS),HERO
HERO MOTOCORP LTD,LANCER 1.5 LXI,HERO
HERO MOTOCORP LTD,SPLENDOR PLUS MW BS III,HERO
HERO MOTOCORP LTD,SPLENDOR+ BLK STRIPE I3S (DRS),HERO
HERO HONDA MOTORS  LTD,KC(SPLENDOR),HERO
HERO MOTOCORP LTD,PASSION PRO (DISC-SELF-CAST) B,HERO
SCOOTERS INDIA LTD,VIKRAM 1000CG LOAD CARRIER HB,HERO
HERO MOTOCORP LTD,HERO SPLENDOR PLUS DRUM,HERO
HERO HONDA MOTORS  LTD,GLAMOUR FI DSS,HERO
HERO MOTOCORP LTD,LANCER GLX,HERO
HERO MOTOCORP LTD,HF DELUXE BS 3,HERO
HERO MOTOCORP LTD,SPL PRO CAST,HERO
HERO MOTOCORP LTD,SPLENDOR PRO (DRUM-SELF CAST W,HERO
HERO MOTOCORP LTD,SUPER SPLENDOR DRS  CAST,HERO
HERO HONDA MOTORS  LTD,HERO HONDA CBZ EXTREAME,HERO
HERO HONDA MOTORS  LTD,CBZ STAR,HERO
HERO HONDA MOTORS  LTD,AMBITION,HERO
HERO MOTOCORP LTD,HF-DELUXE DRUM SELF CAST,HERO
HERO HONDA MOTORS  LTD,PASSION PRO MAC,HERO
HERO HONDA,PASSION PLUS,HERO
HERO HONDA MOTORS  LTD,HERO HONDA CD DAWN DELUX,HERO
HERO MOTOCORP LTD,SPLENDOR+ (I3S-SELF-DRUM-CAST),HERO
HERO MOTOCORP LTD,PAJERO SPORT AT,HERO
HERO HONDA MOTORS  LTD,SPLENDOR+,HERO
HERO MOTOCORP LTD,ACHIVER,HERO
HERO HONDA MOTORS  LTD,SPLENDOR PRO CAST SELF,HERO
HERO MOTOCORP LTD,SPLENDOR ISMART+ 110 (DSC),HERO
HERO HONDA MOTORS  LTD,SPLENDOR I SMART,HERO
HERO HONDA MOTORS  LTD,GLAMOUR,HERO
HERO MOTOCORP LTD,HERO HONDA CD - DELUXE,HERO
HERO HONDA MOTORS  LTD,SUPER SPLENDER DRUM/SELF (CAST,HERO
HERO HONDA MOTORS  LTD,"HERO HONDA MOTORS  LTD, KARIZMA  ZMR",HERO
HERO MOTOCORP LTD,HF-DELUXE CAST WHEEL,HERO
HERO MOTO CORP LTD.,SUPER SPLENDOR DRM/SLF-CASTWHL,HERO
HERO HONDA MOTORS  LTD,CD DAWN STD,HERO
HERO MOTOCORP LTD,SPLENDOR PRO9 BSIII SELF/CAST,HERO
HERO MOTOCORP LTD,GLAMOUR DRUMSELF CASTWHEEL BS4,HERO
HERO MOTOCORP LTD,SPLENDOR+ I3S SELFDRUMCAST BS4,HERO
HERO HONDA MOTORS  LTD,H H SPLENDOR PLUS,HERO
HERO HONDA MOTORS  LTD,PASSION PRO-10 DRUM SELF CAST,HERO
HERO MOTOCORP LTD,MAESTRO-EDGE,HERO
HERO MOTOCORP LTD,LANCER GLXI,HERO
HERO MOTOCORP LTD,HF DLX CAST SELF,HERO
HERO MOTOCORP LTD,IGNITOR DSS CAST,HERO
HERO MOTOCORP LTD,SPLANDOR PLUS CAST WHEET,HERO
HERO HONDA MOTORS  LTD,CBZ EXTREME,HERO
HERO MOTOCORP LTD,PASSION PRO(DRUM-SELF CAST WHE,HERO
HERO MOTOCORP LTD,SPLENDOR PLUS SPOCK,HERO
SCOOTERS INDIA LTD,VIKRAM 750-D EURO III,HERO
HERO MOTOCORP LTD,GLAMOUR DRS CAST,HERO
HERO HONDA MOTORS  LTD,HERO HONDA JOY,HERO
HERO HONDA MOTORS  LTD,HERO HONDA SPELNDOR,HERO
HERO HONDA MOTORS  LTD,SPLENDOR  PRO,HERO
HERO MOTOCORP LTD,PASSION XPRO BSIII(CAST SELF),HERO
HERO MOTOCORP LTD,DUET,HERO
"HERO HONDA MOTORS LTD,",HUNK (ES),HERO
HERO MOTOCORP LTD,"XTREME CAST DSS,BSIII",HERO
HERO HONDA MOTORS  LTD,HERO HONDA CD100 SL SLEEK,HERO
HERO MOTOCORP LTD,HF DELUXE SELF CAST WHEEL BSIV,HERO
HERO HONDA MOTORS,"HERO HONDA MOTORS, HERO HONDA PASSION PLUS",HERO
HERO MOTOCORP LTD,PASSION XTEC SELF DRUM CAST,HERO
HERO HONDA MOTORS,PASSION PLUS DRUM CAST WHEELS-BS-II,HERO
HERO MOTOCORP LTD,GLAMOUR XTEC DS,HERO
HERO HONDA MOTORS  LTD,SPLENDOR NXG CCR,HERO
HERO HONDA MOTORS  LTD,SPLENDER DRUM,HERO
HERO MOTOCORP LTD,SEPLENDOR PLUS,HERO
HERO HONDA MOTORS  LTD,PASSION PRO(DRM-SLF CASTWHEEL),HERO
HERO HONDA MOTORS  LTD,SPLENDOR PLUS DRUM SPOKE WHEEL,HERO
HERO MOTOCORP LTD,SPLENDER PLUS ALLOY,HERO
HERO HONDA MOTORS  LTD,H HONDA SPLENDOR,HERO
HERO MOTOCORP LTD,M/CYCLE CBZ XTREME,HERO
HERO MOTOCORP LTD,X-TREME(ES)REARDRUMBRAKE(ELECS,HERO
HERO MOTOCORP LTD,HF DELUXE CAST DRS,HERO
HERO MOTOCORP LTD,DUET (TELESCOPIC FORK),HERO
HERO MOTOCORP LTD,PASSION XPRO110 DRMSELFCST BS4,HERO
HERO MOTOCORP LTD,MAESTRO EDGE 125 (DISC CAST),HERO
HERO HONDA MOTORS  LTD,PASSION,HERO
HERO HONDA MOTORS  LTD,SPLENDOR PLUS DRUM SCR,HERO
HERO MOTOCORP LTD,PSN PRO,HERO
HERO MOTOCORP LTD,HERO GLAMOUR ,HERO
HERO HONDA MOTORS  LTD,M/C,HERO
HERO HONDA MOTORS  LTD,"HERO HONDA MOTORS  LTD, PASSION PLUS MAC",HERO
HERO HONDA MOTORS  LTD,CD DELUXE DRUM SELF CAST - 10,HERO
HERO HONDA MOTORS  LTD,I10 MAGNA 1.2,HERO
HERO MOTOCORP LTD,GLAMOUR FI DSS CAST,HERO
HERO MOTORS,HERO PUCH STEPMATIC,HERO
HERO MOTOCORP LTD,PASSION PRO MACK,HERO
Hero MotoCorp Ltd,X PULSE 200T,HERO
HERO HONDA MOTORS  LTD,CD-DELUXE BSII,HERO
HERO HONDA MOTORS  LTD,SPLENDOR PRO CCR ,HERO
HERO MOTOCORP LTD,SPLENDORPLUSSELFDRUMCAST BS4,HERO
HERO MOTOCORP LTD,C.D. D.L.X. CAST,HERO
HERO MOTOCORP LTD,SPLENDER PRO BS III,HERO
HERO MOTOCORP LTD,HERO GLAMOUR,HERO
HERO HONDA MOTORS  LTD,CD 100 SS,HERO
HERO MOTOCORP LTD,GLAMOUR- DISC/SELF (WITH CAST,HERO
HERO MOTOCORP LTD,PASSION PRO I3S S DISCCAST B,HERO
HERO MOTOCORP LTD,XTREME REAR DISC BREAK E/S,HERO
HERO MOTOCORP LTD,HF DELUXE SPOKE WHEEL BSIV,HERO
HERO HONDA,"HERO HONDA, CD DLX",HERO
HERO HONDA MOTORS  LTD,GLAMOUR DRUM/KICK(CAST WHEELS),HERO
HERO MOTOCORP LTD,"HERO MOTOCORP LTD, MAESTRO EDGE",HERO
HERO HONDA MOTORS  LTD,SUPER  SPLENDOR,HERO
HERO MOTOCORP LTD,"HERO MOTOCORP LTD, SPL PRO",HERO
HERO MOTOCORP LTD,PASSION PRO  C  SELF,HERO
HERO HONDA MOTORS,HERO HONDA CBZ,HERO
HERO MOTOCORP LTD,MAESTRO EDGE (VX) BSVI,HERO
HERO MOTOCORP LTD,ACHIEVER 150 (DISC/SELF/CAST),HERO
HERO MOTOCORP LTD,PASSION PRO DISC-SELF-CAST-S,HERO
HERO HONDA MOTORS  LTD,H.H.SUPER SPLENDOR SELF,HERO
HERO HONDA MOTORS  LTD,SPLENDOR PLUS ALLOY,HERO
HERO HONDA MOTORS  LTD,PASSION  PRO,HERO
HERO HONDA MOTORS  LTD,SUPER SPLENDOR DRS C,HERO
HERO HONDA MOTORS  LTD,PASSION PRO CAST SELF,HERO
HERO HONDA MOTORS  LTD,"HERO HONDA MOTORS  LTD, SPLENDOR PLUS SPOKES",HERO
HERO MOTOCORP LTD,PASSION PRO SELF CAST,HERO
HERO HONDA MOTORS  LTD,SUPER SPL,HERO
SCOOTERS INDIA LTD,VIKRAM 450 D,HERO
HERO MOTOCORP LTD,GLAMOUR DR BLACK & ACCENTSS,HERO
HERO MOTOCORP LTD,GLAMOUR DRUMSELFCASTL2 BS6,HERO
HERO HONDA,HERO HONDA CD DAWN,HERO
HERO MOTOCORP LTD,SUPER SPLENDOR(DRUM-SELF-CAST),HERO
HERO HONDA MOTORS LTD,PASSION PRO (DISC SELF-CAST WH,HERO
HERO HONDA MOTORS  LTD,"HERO HONDA MOTORS  LTD, HERO HONDA CD DLX",HERO
HERO MOTOCORP LTD,HF DELUXE (SELF-DRUM-CAST),HERO
HERO HONDA MOTORS  LTD,SPLENDOR PRO DRS,HERO
HERO HONDA MOTORS  LTD,PASSION PLUS NEW,HERO
HERO HONDA MOTORS,HERO HONDA PASSION PLUS (DISC),HERO
HERO MOTOCORP LTD,HERO HONDA PASSION PLUS,HERO
HERO MOTOCORP LTD,RAJDOOT,HERO
HERO HONDA MOTORS  LTD,HERO HONDA MOTER CYCLE,HERO
HERO HONDA MOTORS  LTD,PASSION PRO(DRUM-SELF SPOKE WH,HERO
HERO MOTOCORP LTD,SPLENDOR PLUS CCR,HERO
HERO HONDA MOTORS  LTD,SUPER SPLENDOR ALLOY WHEEL,HERO
HERO MOTOCORP LTD,HFDELUXE(KICK-DR-CST)SS,HERO
HERO HONDA MOTORS  LTD,"HERO HONDA MOTORS  LTD, SPLENDER",HERO
HERO MOTOCORP LTD,HF DLX CW SELF,HERO
HERO HONDA MOTORS  LTD,CBZ  XTREME,HERO
HERO MOTOCORP LTD,"HERO MOTOCORP LTD, HF DELUXE (KICK-DRUM-CAST)",HERO
HERO HONDA MOTORS  LTD,CD DLX CAST SELF,HERO
HERO HONDA MOTORS  LTD,SPL PLUS CAST TERM 3,HERO
HERO HONDA MOTORS  LTD,SUPER SPELENDER ,HERO
HERO ELECTRIC VEHICLES PVT. LTD,OPTIMA CX ER,HERO
HERO HONDA MOTORS  LTD,CD-DAWN,HERO
HERO MOTOCORP LTD,I SMART DRS CCR,HERO
HERO MOTOCORP LTD,SPL PRO,HERO
HERO MOTOCORP LTD,GLAMOUR DRUM/SELF  BSIII,HERO
HERO HONDA MOTORS  LTD,HERO HONDA PASSION PLUS,HERO
HERO MOTOCORP LTD,SPLENDOR PLS DRM CST WHEEL,HERO
HERO MOTOCORP LTD,SPLENDOR,HERO
HERO MOTOCORP LTD,SPLENDOR PLUS C/S I3S BSIV,HERO
HERO HONDA MOTORS  LTD,SPLENDOR NXG,HERO
HERO MOTOCORP LTD,PLEASURE+(ZX) BSVI,HERO
HERO MOTOCORP LTD,MAESTRO EDGE125 (DRUM-CAST),HERO
HERO MOTOCORP LTD,CBZ XTREM,HERO
HERO HONDA MOTORS  LTD,CD DELUX MAC WHEEL,HERO
HERO HONDA MOTORS  LTD,AMBITION(SELF-DRUM),HERO
HERO MOTOCORP LTD,"HERO MOTOCORP LTD, SUPER SPL CCR SELF",HERO
HERO MOTOCORP LTD,SPLENDOR PLUS ,HERO
HERO MOTOCORP LTD,HERO PUCH - TURBO SPORT,HERO
HERO HONDA,PASSION PRO(DRM-KIK CASTWHEEL),HERO
HERO MOTOCORP LTD,SPLENDER PLUS A/W,HERO
HERO MOTOCORP LTD,SPLENDOR ISMART110,HERO
HERO HONDA MOTORS  LTD,DAWN,HERO
SCOOTERS INDIA LTD,"SCOOTERS INDIA LTD, NA",HERO
HERO HONDA MOTORS,GLAMOUR DRUM SELF BSII,HERO
HERO HONDA MOTORS  LTD,HERO HANDA CD100,HERO
HERO HONDA MOTORS  LTD,SPENDAR,HERO
SCOOTERS INDIA LTD,VIKRAM 450D LOAD CARRIER(H),HERO
HERO MOTOCORP LTD,GLAMOUR - DRUM/SELF (WITH CAST,HERO
HERO MOTOCORP LTD,DUET TELESCOPIC FORK BS III,HERO
HERO MOTOCORP LTD,PLEASURE+(LX BSVI,HERO
HERO MOTOCORP LTD,PASSION PRO SELF,HERO
HERO MOTOCORP LTD,PASSION PRO DRMSELFCAST L2 BS6,HERO
HERO MOTOCORP LTD,PASSION PRO DRM KCK CST WHEEL,HERO
HERO HONDA MOTORS,HERO HONDA SPLENDOR,HERO
HERO MOTOCORP LTD,GLAMOUR-DRUM-SELF CAST BSVI,HERO
HERO MOTOCORP LTD,SPLENDOR + ALLOY,HERO
HERO HONDA MOTORS  LTD,HERO HONDA CD DAWN,HERO
HERO MOTOCORP LTD,"""HF DELUXE""(SELF-DRUM-CAST) BS",HERO
HERO HONDA MOTORS  LTD,PASSION CAST WHEEL FBK,HERO
HERO MOTOCORP LTD,SPLENDOR-9,HERO
HERO HONDA MOTORS  LTD,HERO AMBITION DRUM,HERO
HERO HONDA MOTORS  LTD,GLAMOUR DRUM/SELF CAST WHEEL B,HERO
HERO HONDA MOTORS  LTD,CBZ XTR 11 RR DRUM SLF,HERO
HERO HONDA MOTORS  LTD,MOTORCYCLE,HERO
HERO HONDA MOTORS  LTD,HERO HONDA SS,HERO
HERO MOTOCORP LTD,PASSION PRO I3S S DRUMCAST B,HERO
HERO MOTOCORP LTD,HF DELUXE (KICK-DRUM-SPOKE,HERO
HERO HONDA MOTORS  LTD,PASSION PLUS PRO,HERO
HERO MOTOCORP LTD,MAESTRO EDGE,HERO
HERO MOTO CORP LTD.,HF DELUXE SELF CAST WHEEL,HERO
HERO HONDA MOTORS LTD,HERO HONDA MOTER CYCLE,HERO
"HERO HONDA MOTORS LTD,",HERO HONDA SPLENDOR,HERO
HERO MOTOCORP LTD,SPLENDOR PLUS CCR M,HERO
HERO MOTOCORP LTD,SPLENDOR+ I3SSLFDRMCAST L2 BS6,HERO
HERO MOTOCORP LTD,XTREME 160R-DDS-CAST(USB),HERO
HERO HONDA MOTORS  LTD,SPLENDER+(DRUM-SPOKE WHEELS),HERO
"HERO HONDA MOTORS LTD,","HERO HONDA MOTORS LTD,, PASSION PRO(DRUM-KICK CAST WHE",HERO
HERO HONDA MOTORS LTD,CD DLX,HERO
HERO MOTOCORP LTD,CD DELUXE (SPOKE WHEELS),HERO
HERO MOTOCORP LTD,HF DELUXE (DRS),HERO
HERO MOTOCORP LTD,PASSION PRO ( DRUM - SELF  CAS,HERO
HERO MOTO CORP LTD.,HF DELUXE DRUMSELFCAST BS6,HERO
HERO HONDA MOTORS LTD,SPLENDER PLUS,HERO
HERO HONDA MOTORS  LTD,SPLENDOR,HERO
HERO MOTOCORP LTD,SCOOTER,HERO
HERO MOTOCORP LTD,"HERO MOTOCORP LTD, SPLENDOR+ XTEC",HERO
HERO HONDA MOTORS  LTD,GLAMOUR (DRU),HERO
HERO MOTOCORP LTD,IMPULSE,HERO
HERO HONDA MOTORS,HERO HONDA CD DAWN,HERO
HERO HONDA MOTORS  LTD,HERO HONDA KARIZMA,HERO
HERO MOTOCORP LTD,PASS  PRO,HERO
HERO HONDA MOTORS  LTD,PASSION PLUS DRUM CAST WHEELS-,HERO
HERO MOTOCORP LTD,CBZ X-TREME ES BSIII,HERO
HERO HONDA MOTORS  LTD,Not Available,HERO
SCOOTERS INDIA LTD,AUTO RICKSHAW,HERO
HERO HONDA MOTORS  LTD,SPLENDOR PLUS (A),HERO
HERO MOTOCORP LTD,SPLENDOR PLUS DRUM SELF CAST,HERO
HERO MOTOCORP LTD,HF DLX,HERO
HERO HONDA MOTORS  LTD,CD DELUXE CAST WHEELS,HERO
HERO HONDA MOTORS  LTD,SPLENDOR PLUS ,HERO
HERO MOTOCORP LTD,MITSUBISHI CEDIA 2.0SELECT,HERO
HERO MOTOCORP LTD,HF DELUX KICKDRUMCAST BS4,HERO
SCOOTERS INDIA LTD,HYDRAULIC MOBILE CRANE,HERO
HERO MOTOCORP LTD,PLEASURE SCOOTER,HERO
HERO HONDA MOTORS  LTD,ACHIEVER,HERO
HERO MOTOCORP LTD,HF DELUXE SELF SPOKE WHEELS- B,HERO
HERO MOTOCORP LTD,"HERO MOTOCORP LTD, HF-DELUXE SPOKE WHEEL",HERO
HERO MOTOCORP LTD,H.SPLENDOR PRO,HERO
HERO HONDA MOTORS  LTD,PASSION PLUS CAST WHEELS,HERO
HERO MOTOCORP LTD,SPLENDOR+ XTEC (DRS),HERO
HERO MOTOCORP LTD,PASSION PRO SELF ALLOY,HERO
HERO MOTOCORP LTD,"HERO MOTOCORP LTD, SPLENDOR + (SELF-DRUM-CAST)",HERO
HERO MOTOCORP LTD,HUNK FR DISC,HERO
HERO MOTOCORP LTD,MAESTRO EDGE 125 (DRUM CAST),HERO
HERO MOTOCORP LTD,PLEASURE+(LX) BSVI,HERO
HERO HONDA MOTORS  LTD,HERO HONDA ST/STD,HERO
HERO HONDA MOTORS  LTD,SPELENDER PRO,HERO
HERO MOTOCORP LTD,MAESTRO EDGE (CAST WHEEL) BSIV,HERO
HERO MOTOCORP LTD,PASSION PLUS PRO,HERO
HERO MOTOCORP LTD,SPLENDOR CAST,HERO
HERO MOTOCORP LTD,SPLINDOR PRO,HERO
HERO MOTOCORP LTD,X PULSE 200T,HERO
SCOOTERS INDIA LTD,3 WHEELER LOAD CARRIER,HERO
HERO MOTOCORP LTD,HF DELUXE SELF CAST WHEELS MC,HERO
HERO HONDA MOTORS  LTD,SPLENDOUR PLUS DRUM KICK START,HERO
HERO MOTOCORP LTD,"HERO MOTOCORP LTD, SPLENDOR PLUS SELF",HERO
HERO HONDA MOTORS  LTD,HERO HONDA CD DELUX,HERO
HERO MOTOCORP LTD,DESTINI 125 (VX) BSVI,HERO
SCOOTERS INDIA LTD,VIKRAM 3 WHEELER,HERO
HERO MOTOCORP LTD,DESTINI 125 (LX,HERO
HERO MOTOCORP LTD,IGNITOR SELF CAST DISK,HERO
HERO MOTOCORP LTD,"HERO MOTOCORP LTD, PLEASURE - IBS",HERO
HERO HONDA MOTORS  LTD,PASSION PLUS DRK (CAST),HERO
HERO HONDA MOTORS  LTD,MOTOR CYCLE,HERO
HERO HONDA MOTORS  LTD,CD DELUXE DRK,HERO
HERO MOTOCORP LTD,PLEASURE SELF,HERO
HERO MOTOCORP LTD,PASSION PRO110(DRUM-SELF-CAST,HERO
HERO MOTOCORP LTD,Destini 125 VX DRS BSIV,HERO
HERO HONDA MOTORS,HERO HONDA PASSION PLUS,HERO
HERO MOTOCORP LTD,CD DLX,HERO
HERO HONDA MOTORS  LTD,CD-DELUXE CAST,HERO
HERO HONDA,SPLENDOR PLUS DRUM,HERO
HERO MOTOCORP LTD,PASSION PRO MMC,HERO
HERO HONDA MOTORS  LTD,CD DAWN DELUX,HERO
HERO ELECTRIC VEHICLES PVT. LTD,NYX HS 500 ER,HERO
HERO MOTOCORP LTD,GLAMOUR F1,HERO
HERO MOTOCORP LTD,HF DELUX CAST DRS,HERO
HERO HONDA MOTORS,GLAMOUR-DRUM/SELF(WITHCASTWHEE,HERO
HERO HONDA MOTORS  LTD,PASSION PRO DRS,HERO
HERO HONDA MOTORS  LTD,HERO HONDA SPLENDOR +,HERO
HERO HONDA MOTORS  LTD,SPLENDER PLUS ALLOY,HERO
HERO HONDA MOTORS LTD,HERO HONDA CD 100,HERO
HERO MOTOCORP LTD,"HERO MOTOCORP LTD, GLAMOUR(HE) (DRUM-SELF-CAST)",HERO
HERO HONDA MOTORS  LTD,SPLENDOR PLUS C,HERO
HERO HONDA MOTORS  LTD,HERO HONDA CD DAWN DLX,HERO
HERO HONDA MOTORS  LTD,SPLENDOR PRO DRS CAST,HERO
HERO MOTOCORP LTD,SUPER SPLENDOR(SVDRUMSELFCAST,HERO
HERO MOTOCORP LTD,CD DELUXE,HERO
HERO MOTOCORP LTD,GLAMOUR DR,HERO
HERO MOTOCORP LTD,CB XTREAM,HERO
HERO HONDA MOTORS  LTD,CBZ X TREME,HERO
SCOOTERS INDIA LTD,,HERO
HERO MOTOCORP LTD,PANTHER,HERO
HERO MOTOR LTD.,HERO PUCH HERO MOTORS LTD,HERO
HERO MOTOCORP LTD,PASSION PRO110 DRMSLFCST BS4,HERO
HERO MOTOCORP LTD,PASSION X-PRO110(DRUMSELFCAST),HERO
HERO MOTOCORP LTD,MAESTRO DSS DX ,HERO
SCOOTERS INDIA LTD,"SCOOTERS INDIA LTD, VIKRAM 3 WHEELERS",HERO
HERO HONDA MOTORS  LTD,PASSION PRO DISK,HERO
HERO MOTOCORP LTD,"HERO MOTOCORP LTD, SPLENDOR+ (SELF-DRUM-CAST)",HERO
HERO HONDA MOTORS  LTD,SUPER SPLENDOR (SELF),HERO
HERO MOTOCORP LTD,PASS XPRO,HERO
HERO MOTOCORP LTD,"SPLENDOR PRO, BS-III",HERO
HERO MOTOCORP LTD,SPENDER PRO,HERO
HERO HONDA MOTORS  LTD,"HERO HONDA MOTORS  LTD, HERO HONDA SPLENDOR PRO",HERO
HERO MOTOCORP LTD,SPLENDOR PLUS DRS CAST,HERO
HERO HONDA MOTORS  LTD,MAESTRO-R,HERO
HERO HONDA MOTORS  LTD,HERO HONDA SUPER SPLENDER,HERO
HERO MOTO CORP LTD.,SUPER SPLENDOR DRMSLFCASTL2BS6,HERO
Hero MotoCorp Ltd,GLAMOUR (HE) (DRUM-SELF-CAST),HERO
HERO HONDA MOTORS  LTD,I 20 MAGNA 1.4 DSL,HERO
Hero Honda Motors Ltd,Passion Plus Drum,HERO
HERO MOTOCORP LTD,MAESTRO EDGE 125 STEALTH,HERO
HERO HONDA MOTORS  LTD,GLAMBOUR,HERO
HERO HONDA MOTORS  LTD,SPLENDOR PRO CAST,HERO
HERO MOTOCORP LTD,ACHIEVER DSS CAST,HERO
HERO MOTOCORP LTD,ACHIEVER 150 (DISC/SELF/CAST,HERO
HERO HONDA MOTORS,CD-DELUXE-CAST WHEELS-BSII,HERO
HERO MOTOCORP LTD,MAESTRO EDGE (CAST WHEEL),HERO
HERO MOTOCORP LTD,HF 100 2WHEEL L2 BS6,HERO
HERO MOTOCORP LTD,PASSION+,HERO
HERO MOTOCORP LTD,MAESTRO DSS DX,HERO
HERO HONDA MOTORS  LTD,MARUTI 800,HERO
HERO MOTOCORP LTD,XTREME 200R (WITH ABS),HERO
HERO HONDA MOTORS,CD-DELUXE BSII,HERO
HERO MOTOCORP LTD,SUPER SPLENDOR DISC/SELF,HERO
HERO MOTOCORP LTD,SPLENDOR+I3S SELF-DRUM-CAST SE,HERO
HERO MOTOCORP LTD,"HERO MOTOCORP LTD, SPLENDOR+ (DRUM-SPOKE)BSIII",HERO
HERO MOTOCORP LTD,HERO EXTREME REAR DRUM SELF,HERO
HERO MOTOCORP LTD,HERO SUPER  SPLENDOR,HERO
HERO HONDA MOTORS  LTD,HERO PUCH,HERO
HERO MOTOCORP LTD,GLAMOUR DRS CAST BS III,HERO
HERO MOTOCORP LTD,SPENDOR PLUS MAC,HERO
HERO MOTOCORP LTD,PASSION PRO CAST DRS,HERO
HERO MOTOCORP LTD,SPLENDOR- NXG -SELF CAST WHEEL,HERO
HERO HONDA MOTORS  LTD,SPLENDER PLUS ALY,HERO
HERO HONDA MOTORS,HERO HONDA JOY,HERO
HERO MOTOCORP LTD,"HUNK,   BS-III",HERO
HERO MOTOCORP LTD,SPLENDOR+ (DRUM-SPOKE)BSIII,HERO
SCOOTERS INDIA LTD,VIKRAM 750,HERO
HERO MOTOCORP LTD,LANCER SLX DV,HERO
HERO HONDA MOTORS  LTD,CD DELUXE KICK CAST,HERO
HERO MOTOCORP LTD,CBZ XTREME,HERO
HERO HONDA MOTORS  LTD,MAESTRO EDGE VX,HERO
HERO HONDA MOTORS  LTD,GLMOUR DSS,HERO
HERO HONDA MOTORS  LTD,ACHIVER,HERO
SCOOTERS INDIA LTD,VIKRAM 750 D,HERO
HERO MOTOCORP LTD,MOTOR CYCLE,HERO
HERO MOTOCORP LTD,MAESTRO EDGE CASTWHEEL BSIV,HERO
HERO HONDA MOTORS  LTD,HONDA CITY,HERO
HERO HONDA MOTORS LTD,HERO HONDA,HERO
HERO HONDA MOTORS  LTD,SPLENDOR PRO DRUM KICK SPOKE,HERO
HERO MOTOCORP LTD,PASSION PRO (DRUM-SELF CAST WH,HERO
HERO MOTOCORP LTD,SUPER SPLENDOR-DR-SLF-CST,HERO
HERO HONDA MOTORS  LTD,HERO HONDA PLEASURE,HERO
HERO MOTOCORP LTD,HERO SPLENDOR PRO DRUM SPOKE,HERO
HERO MOTOCORP LTD,GLAMOUR - DISC/SELF (WITH CAST,HERO
HERO MOTOCORP LTD,GLAMOUR-DISC-SELF-CAST (SE),HERO
HERO ELECTRIC VEHICLES PVT. LTD,OPTIMA HS 500 ER,HERO
HERO HONDA MOTORS  LTD,HERO HONDA PASSION,HERO
HERO HONDA MOTORS  LTD,SUPER SPLENDOR,HERO
HERO MOTOCORP LTD,SPLENDOR PRO DRM SLF CST WHEEL,HERO
"HERO HONDA MOTORS LTD,",PASSION PRO (DRUM-SELF CAST WH,HERO
HERO MOTOCORP LTD,PASSION PRO SELF CAST WHEELS,HERO
HERO HONDA MOTORS  LTD,PASSION PRO CW,HERO
"HERO HONDA MOTORS LTD,",PASSION PRO (DRUM SELF CAST WHEELS),HERO
HERO MOTOCORP LTD,SPLENDOR PRO9 BS III DRMSPOKE,HERO
HERO HONDA MOTORS  LTD,SUPER SUPLENDER,HERO
HERO HONDA MOTORS  LTD,PASSION CAST,HERO
HERO HONDA MOTORS  LTD,SUPER SPL CAST,HERO
HERO MOTOCORP LTD,PASSION PRO (DISC-SELF-CAST,HERO
HERO MOTOCORP LTD,PLEASURE IBS BSIV,HERO
HERO HONDA MOTORS  LTD,HERO HONDA CD N,HERO
HERO HONDA MOTORS  LTD,HUNKDSS/BLAK,HERO
HERO HONDA MOTORS  LTD,SPLENDER NXG,HERO
HERO MOTOCORP LTD,HF DELUXE DRUMSELFCAST BS6,HERO
HERO MOTOCORP LTD,HERO HF DELUXE DRS,HERO
HERO MOTOCORP LTD,PLEASURE - IBS-CAST-DRUM-SELF BSIV,HERO
HERO MOTOCORP LTD,SUPER SPL,HERO
HERO MOTOCORP LTD,SUPER SPLENDER I3S,HERO
HERO MOTOCORP LTD,PASSION PRO I3S SLFDRMCAST BS4,HERO
HERO HONDA MOTORS  LTD,PASSION PRO SELF START,HERO
HERO MOTOCORP LTD,PASSION PRO DRM SLF SPK WHEEL,HERO
HERO HONDA MOTORS  LTD,"HERO HONDA MOTORS  LTD, HERO HONDA CD-DELUXE WITH CAST",HERO
HERO MOTOCORP LTD,PASSION PRO DSS CAST BSIV,HERO
HERO HONDA MOTORS  LTD,SPLENDOR PLUS MAC,HERO
HERO MOTOCORP LTD,GLAMOUR (HE) (DISC-SELF-CAST),HERO
HERO MOTOCORP LTD,LGV,HERO
HERO MOTOCORP LTD,GLAMOUR DSS,HERO
HERO MOTOCORP LTD,HERO PUCH EZ,HERO
HERO MOTOCORP LTD,HF- DELUXE- (I3S SELF-DRUM-CAST) BSVI,HERO
HERO MOTOCORP LTD,GLAMOR,HERO
HERO HONDA MOTORS,HERO PUCH AG,HERO
HERO MOTOCORP LTD,MESTRO,HERO
HERO MOTOCORP LTD,HERO XTREME,HERO
HERO MOTOCORP LTD,"HERO MOTOCORP LTD, PASSION PRO",HERO
HERO MOTOCORP LTD,XTREME DISC+SELF,HERO
HERO MOTOCORP LTD,SPLENDOR I-SMART BSIII,HERO
HERO MOTO CORP LTD.,SPLENDOR+ SELFDRMCAST L2 BS6,HERO
HERO HONDA MOTORS  LTD,HERO HONDA GLAMOUR C,HERO
HERO HONDA MOTORS  LTD,SPLENDER+(DRUM-CAST WHEELS),HERO
HERO MOTOCORP LTD,XOOM (ZX),HERO
SCOOTERS INDIA LTD,VIKRAM 450D AUTO RICKSHAW STG,HERO
HERO MOTOCORP LTD,PLEASURE IBS BSIII,HERO
HERO HONDA MOTORS  LTD,PASSION PRO DRUM,HERO
HERO HONDA MOTORS  LTD,GLMR,HERO
HERO MOTOCORP LTD,NEW SPLENDER PLUS CAST WHEEL,HERO
HERO HONDA MOTORS  LTD,CBZ XTERME,HERO
HERO MOTOCORP LTD,GLAMOUR DISC,HERO
HERO MOTOCORP LTD,SPLENDOR PLUS ALLOY,HERO
HERO MOTOCORP LTD,"HERO MOTOCORP LTD, GLAMOUR (HE) (DRUM-SELF-CAST)",HERO
HERO MOTOCORP LTD,SUPER SPLENDOR  (DRUM - SELF),HERO
HERO HONDA MOTORS  LTD,CD 100 SS DLX,HERO
HERO MOTOCORP LTD,PASSION X-PRO110(DISCSELFCAST,HERO
SCOOTERS INDIA LTD,VIKRAM 750D E III,HERO
HERO HONDA,"HERO HONDA, PASSION PLUS",HERO
HERO MOTOCORP LTD,SPLENDOR + (KICK-DRUM-CAST),HERO
HERO HONDA MOTORS  LTD,HUNK DSS,HERO
HERO HONDA MOTORS  LTD,GLAMOUR-DISC/SELF(WITHCASTWHEE,HERO
HERO HONDA MOTORS  LTD,PASSION - PRO (,HERO
HERO HONDA MOTORS  LTD,SPLENDUR PLUS,HERO
HERO HONDA MOTORS  LTD,ASHOK LEYLAND LTD,HERO
HERO HONDA MOTORS  LTD,PASSION PLUS DRUM,HERO
HERO MOTOCORP LTD,SPLENDOR PRO SELF ALLOY,HERO
HERO MOTOCORP LTD,PASSION PRO 8 SELF CAST BS3,HERO
HERO HONDA MOTORS  LTD,PASSION PRO KICK CAST,HERO
HERO HONDA MOTORS  LTD,"HERO HONDA MOTORS  LTD, CD DAWN",HERO
HERO HONDA MOTORS  LTD,SPLENDOR +,HERO
HERO MOTOCORP LTD,IGNITOR,HERO
HERO MOTOCORP LTD,IGNITOR DRS CCR,HERO
HERO HONDA MOTORS  LTD,CD DELUXE,HERO
HERO MOTOCORP LTD,HF DELEUXE,HERO
HERO HONDA MOTORS  LTD,ACHIVER CAST DISC SELF,HERO
HERO HONDA MOTORS  LTD,GLAMOUR DISK  SELF CAST-10,HERO
HERO MOTOCORP LTD,GLAMOUR DRUM/SELF (WITH CAST W,HERO
HERO MOTOCORP LTD,SPLENDOR I SMART 110,HERO
HERO MOTOCORP LTD,SPLENDOR- ISMART,HERO
HERO MOTOCORP LTD,MAESTRO EDGE 125 CAST DISC,HERO
HERO MOTOCORP LTD,CD DELUXE CAST,HERO
HERO HONDA MOTORS LTD,H.HONDA SPLENDOR PLUS CAST,HERO
HERO HONDA MOTORS  LTD,PASSION PRO-10  DISC SELF,HERO
SCOOTERS INDIA LTD,"SCOOTERS INDIA LTD, SCOOTER SUNNY FR",HERO
HERO HONDA MOTORS  LTD,SPELNDOR PLUS A/W,HERO
HERO MOTOCORP LTD,"HERO MOTOCORP LTD, MAESTRO",HERO
HERO MOTOCORP LTD,SUPER SPLENDOR DRMSLFCST BS4,HERO
HERO MOTOCORP LTD,HF DELUXE (SELF-DRUM-SPOKE),HERO
HERO HONDA MOTORS  LTD,H. H. SPLENDER PLUS,HERO
HERO MOTOCORP LTD,SPLENDOR + ( DRUM - CAST WHEEL,HERO
HERO MOTOCORP LTD,PASSION X PRO,HERO
HERO MOTOCORP LTD,HF DELUXE AW,HERO
HERO MOTOCORP LTD,HF DELUXE,HERO
HERO MOTOCORP LTD,PASSION PRO CW SELF,HERO
HERO HONDA MOTORS  LTD,SPLENDOR PLUS C/W,HERO
HERO HONDA MOTORS  LTD,MESTRO EDGE,HERO
HERO MOTOCORP LTD,SPLENDOR + (SELF-DRUM-CAST,HERO
HERO MOTOCORP LTD,PASSION PRO(I3S-SELFDRM-CST)SR,HERO
HERO MOTOCORP LTD,PLEASURE + (LX,HERO
HERO MOTOCORP LTD,HF DELUXE DRAM CAST SELF,HERO
HERO MOTO CORP LTD.,SPELNDOR NXG SLEF CST WHEL BS3,HERO
HERO HONDA MOTORS  LTD,HEROHONDA CD 100 SS,HERO
HERO MOTOCORP LTD,HF DELUXE DRS,HERO
HERO MOTOCORP LTD,SPL I-SMART SELF CCR,HERO
HERO MOTOCORP LTD,GLMR CAST DRS,HERO
HERO HONDA MOTORS  LTD,"HERO HONDA MOTORS  LTD, PASSION PRO CCR DRS",HERO
HERO HONDA MOTORS,"HERO HONDA MOTORS, AMBASDOR",HERO
HERO HONDA MOTORS  LTD,H/H.SPLENDOR PLUS,HERO
HERO HONDA MOTORS,KARIZMA,HERO
HERO HONDA MOTORS  LTD,HERO HONDA CD 100 LX,HERO
HERO HONDA MOTORS  LTD,PASSION PLUS DRKCCR,HERO
HERO HONDA MOTORS  LTD,CDDELUXE,HERO
Hero MotoCorp Ltd,HF DELUXE (I3S-SELF-DRUM-CAST),HERO
HERO MOTOCORP LTD,PLEASURE,HERO
HERO HONDA MOTORS  LTD,HERO HONDA SPLENDOR PLUS,HERO
HERO MOTOCORP LTD,HERO SPLENDOR PLUS,HERO
HERO HONDA MOTORS  LTD,SPLENDRA PLUS,HERO
HERO MOTOCORP LTD,"HERO MOTOCORP LTD, SPLENDER PLUS",HERO
HERO MOTOCORP LTD,"HERO MOTOCORP LTD, SPLENDOR+ (SELF-DR-CST)SS",HERO
HERO HONDA MOTORS  LTD,JAZZ,HERO
HERO MOTOCORP LTD,SPLENDOR + (KICK-DRUM-SPOKE),HERO
HERO HONDA MOTORS  LTD,H. HONDA CBZ X TREME,HERO
HERO HONDA MOTORS  LTD,SPS(DRS-CWB.RED,HERO
HERO MOTOCORP LTD,DESTINI 125 (LX),HERO
HERO MOTOCORP LTD,PASSION PRO CCR,HERO
HERO MOTOCORP LTD,SPLENDOR NXG,HERO
HERO MOTOCORP LTD,SPLENDOR+ I3S (DRS,HERO
HERO HONDA MOTORS  LTD,HUNK CAST,HERO
HERO HONDA MOTORS  LTD,PASSION LTD EDITION,HERO
HERO MOTOCORP LTD,"HERO MOTOCORP LTD, MAESTRO EDGE (ZX)",HERO
HERO MOTOCORP LTD,"HERO MOTOCORP LTD, SUPER SPLENDOR-DISC-SELF-CAST",HERO
HERO HONDA MOTORS  LTD,"HERO HONDA MOTORS  LTD, PASSION PRO",HERO
HERO HONDA MOTORS  LTD,CBZ EXTREM,HERO
HERO HONDA MOTORS  LTD,HERO HONDA  CD DWAN,HERO
HERO MOTOCORP LTD,HF-DELUXE -CAST WHEELS,HERO
HERO HONDA MOTORS  LTD,SUPER SPL SELF,HERO
HERO HONDA MOTORS  LTD,PASSION PRO A/W,HERO
HERO MOTOCORP LTD,SUPER SPLENDOR DRS CAST,HERO
HERO MOTOCORP LTD,"HERO MOTOCORP LTD, MAESTRO EDGE 125 CAST DISC",HERO
HERO MOTOCORP LTD,MAESTRO EDGE 125 (DRUM CAST,HERO
HERO HONDA MOTORS  LTD,HUNK DISC,HERO
HERO MOTOCORP LTD,CD-DELUXE SELF SPOKE WHEELS BS,HERO
HERO MOTOCORP LTD,DESTINI 125 (VX BSIV,HERO
HERO MOTOCORP LTD,MASTRO,HERO
HERO HONDA MOTORS  LTD,SUPER SPLENDOR DRS,HERO
HERO MOTOCORP LTD,PLEASURE + (LX),HERO
HERO MOTOCORP LTD,HF DELUXE SPOKE WHEELS,HERO
HERO MOTOCORP LTD,PASSION X PRO  CAST DISC SELF,HERO
HERO MOTOCORP LTD,SPLENDOR+ (I3S-SLF-DR-CSTSS,HERO
HERO MOTOCORP LTD,HERO PASSION PRO,HERO
HERO MOTOCORP LTD,XTREME 160R DISCDRMCASTL2 BS6,HERO
HERO HONDA MOTORS  LTD,INNOVA 2.5 LG,HERO
HERO MOTO CORP LTD.,HF DELUXE CAST WHEEL BSIV,HERO
HERO MOTOCORP LTD,HERO HONDA SPLENDER,HERO
HERO MOTOCORP LTD,"HERO MOTOCORP LTD, SPLENDOR XTEC",HERO
HERO MOTOCORP LTD,SPLENDOR +(I3S-SELF-DRUM-CAST),HERO
HERO MOTOCORP LTD,HF DELUXE SELF SPOKE WHEELS- BSIII,HERO
HERO HONDA MOTORS  LTD,CD DELUXE  CAST WHEEL ,HERO
HERO HONDA MOTORS  LTD,CBZ EXTREME CBZG DDS CCR,HERO
HERO HONDA MOTORS  LTD,KARIZMA BKC,HERO
HERO MOTOCORP LTD,HERO HONDA PASSION PRO,HERO
HERO HONDA MOTORS  LTD,PASSION PRO SELF,HERO
HERO MOTOCORP LTD,PASSION PRO SEL SPOCK,HERO
HERO HONDA MOTORS  LTD,CD-DELUX CAST WHEELS,HERO
HERO MOTOCORP LTD,"HERO MOTOCORP LTD, SPLENDOR+ (I3S-SLF-DR-CST)SS",HERO
HERO MOTOCORP LTD,HF DELUXE ECO SELF CAST WHEELS,HERO
"HERO HONDA MOTORS LTD,",SPLENDOR +(DRUM CAST WHEELS)-B,HERO
HERO MOTOCORP LTD,GLAMOUR XTEC-DISC-SELF-CAST,HERO
HERO MOTOCORP LTD,"HERO MOTOCORP LTD, MAESTRO EDGE125(DISC-CAST)",HERO
HERO MOTOCORP LTD,SPL I SMART CW GTR,HERO
HERO HONDA MOTORS  LTD,HERO HONDA PASSION PRO,HERO
HERO MOTOCORP LTD,SPLENDOR+(I3S-SELF-DRUM-CAST)-,HERO
HERO MOTOCORP LTD,PASSION,HERO
HERO MOTOCORP LTD,H. SPLENDER ISMART,HERO
HERO HONDA MOTORS,PASSION PRO(DRM-KIK CASTWHEEL),HERO
HERO MOTOCORP LTD,HF DELUXE SPOKE,HERO
HERO MOTOCORP LTD,SHAKTHI 3 GEAR,HERO
HERO MOTOCORP LTD,SPLENDOR ISMART BSIII,HERO
HERO MOTOCORP LTD,SPLENDOR PRO SELFDRUMCAST BS4,HERO
HERO HONDA MOTORS  LTD,HERO  HONDA,HERO
HERO MOTOCORP LTD,PASSION PRO SELF START,HERO
Hero Honda Motors Ltd,,HERO
HERO MOTOCORP LTD,SPLENDOR PRO SELF,HERO
HERO HONDA MOTORS  LTD,CIVIC 1.8 S MT BS3,HERO
HERO HONDA MOTORS  LTD,CD DLX DRK CCR,HERO
HERO HONDA MOTORS  LTD,HEROHONDA CD DLX,HERO
HERO HONDA MOTORS  LTD,OTHERS,HERO
HERO HONDA MOTORS  LTD,SUPER SPELENDER,HERO
HERO MOTOCORP LTD,SPLENDOR+ BLACK AND ACCENTSS,HERO
HERO HONDA MOTORS  LTD,GLAMOUR CAST SELF,HERO
HERO HONDA MOTORS  LTD,JCB 3DX EXCAVATOR - LOADER,HERO
HERO MOTOCORP LTD,MITSUBISHI PAJERO SPORTS,HERO
HERO MOTOCORP LTD,SPLENDOR PLUS CAST,HERO
HERO HONDA MOTORS  LTD,"HERO HONDA MOTORS  LTD, HERO HONDA PLEASURE",HERO
HERO HONDA MOTORS  LTD,SPELENDER PLUS DRUM,HERO
HERO HONDA MOTORS  LTD,HERO HONDA CD DELUXE,HERO
HERO HONDA MOTORS  LTD,SPLENDOR PLUS SPOKE  KICKSTART,HERO
"HERO HONDA MOTORS LTD,",PASSION PLUS (DRUM-SPOKE WHEEL,HERO
HERO MOTOCORP LTD,I SMART110,HERO
HERO MOTOCORP LTD,KARIZMA,HERO
HERO MOTOR LTD.,HERO PUCH AXL HERO MOTORS,HERO
HERO MOTOCORP LTD,SPLENDER PRO (DRUM SELF SPOKE WHEELS) BSIII,HERO
HERO MOTOCORP LTD,HERO PLEASURE IBS BS III,HERO
HERO HONDA MOTORS  LTD,HONDA ACCORD 2.4 MT,HERO
HERO MOTOCORP LTD,HERO - PUCH,HERO
HERO MOTOCORP LTD,"HERO MOTOCORP LTD, SPLENDOR + BLACK AND ACCENT",HERO
HERO MOTOCORP LTD,HF DELUXE (SELF-DRUM-CAST,HERO
HERO HONDA MOTORS  LTD,SPLENDOR.PRO,HERO
HERO MOTOCORP LTD,PASSION XPRO DRS BS III,HERO
HERO MOTOCORP LTD,CBZ  XTREME  DSS,HERO
HERO MOTOCORP LTD,PASSION + I 3S DRS BSVI-PH2,HERO
HERO HONDA MOTORS  LTD,CBZ X TREEM,HERO
HERO HONDA MOTORS  LTD,SPLENDER PRO (DRUM SELF SPOKE,HERO
HERO HONDA MOTORS  LTD,SPLENDOR PLUS,HERO
HERO HONDA MOTORS  LTD,PLEASURE PLN,HERO
HERO MOTOCORP LTD,HF DELUXE (I3S-SELF-DRUM-CAST),HERO
HERO MOTOCORP LTD,SPLENDOR PLUS DRUM ,HERO
HERO MOTOCORP LTD,PLEASURE + (ZX),HERO
HERO HONDA MOTORS  LTD,Hero Honda Passion,HERO
HERO MOTOCORP LTD,"HERO MOTOCORP LTD, PLEASURE SCOOTER",HERO
HERO HONDA MOTORS  LTD,PASSION PRO DRUM SELF,HERO
HERO MOTOCORP LTD,PASS PRO CAST SS,HERO
HERO HONDA MOTORS  LTD,CD DELUX KICK,HERO
HERO HONDA MOTORS  LTD,PASS PRO,HERO
HERO MOTOCORP LTD,SPLENDOR+ SELFDRMCAST L2 BS6,HERO
HERO MOTOCORP LTD,GLAMOUR DRUM/SELF CAST WHEEL BSIII,HERO
HERO MOTOCORP LTD,HF DELUXE DRK,HERO
HERO HONDA MOTORS  LTD,"HERO HONDA MOTORS  LTD, PASSION PRO SELF CAST",HERO
HERO HONDA MOTORS  LTD,CBZ XTREME,HERO
HERO HONDA MOTORS  LTD,PASSION PRO(SELF),HERO
HERO MOTOCORP LTD,HERO HONDA CBZ DISC,HERO
HERO MOTOCORP LTD,OTHER,HERO
HERO HONDA MOTORS  LTD,CD DELUXE ALLOY,HERO
HERO MOTOCORP LTD,PASSION X-PRO110(DISCSELFCAST),HERO
HERO HONDA MOTORS  LTD,SPLENDOR PLUS DRUM,HERO
HERO HONDA MOTORS,CBZ X-TREME-ES(ELECTRICSTART)B,HERO
HERO MOTOCORP LTD,HF DEULXE,HERO
HERO MOTOCORP LTD,CD/HF DELUXE,HERO
HERO MOTOCORP LTD,SUPER SPLENDER,HERO
HERO MOTOCORP LTD,SPLENDOR PLUS I3S SELF BS IV,HERO
HERO MOTOCORP LTD,GLAMOUR FI (DISC/SELF/CAST),HERO
HERO HONDA MOTORS  LTD,PSN  PRO,HERO
HERO MOTOCORP LTD,PASSION PRO DISK,HERO
HERO HONDA MOTORS  LTD,CITY ZX,HERO
HERO HONDA MOTORS  LTD,SUPER SPLENDOR CAST SELF,HERO
HERO HONDA MOTORS  LTD,PLEASURE (NEW),HERO
HERO HONDA MOTORS  LTD,PASSION PRO CCR DRS,HERO
HERO MOTOCORP LTD,GLAMOUR FI,HERO
HERO MOTOCORP LTD,SPLENDOR ISMART DICDRM L2 BS6,HERO
HERO MOTOCORP LTD,GLAMOUR FI (DISC/ SELF/ CAST),HERO
HERO MOTOCORP LTD,PLEASURE - IBS BSIV,HERO
HERO HONDA,"HERO HONDA, CD DELUXE CAST WHEELS",HERO
HERO MOTOCORP LTD,SPLENDER PLUS,HERO
HERO MOTOCORP LTD,"""PASSION PRO""(I3S-SELF-DRUM-CA",HERO
HERO MOTOCORP LTD,PASSION PRO110(DRUM-SELF-CAST),HERO
HERO HONDA MOTORS  LTD,PASSION PRO (DRUM-SELF CAST WH,HERO
HERO MOTOCORP LTD,SUPER SPLENDOR(SV)DRUMSELFCAST,HERO
HERO HONDA MOTORS  LTD,SPL PRO DRS CAST (SPRFDRSCC),HERO
Hero MotoCorp Ltd,MAESTRO EDGE (CAST WHEEL),HERO
HERO HONDA MOTORS,CD DELUXE (SPOKE WHEELS),HERO
HERO MOTOCORP LTD,X-TREME(ES)REARDISCBRAKE(ELECS,HERO
HERO MOTOCORP LTD,GLAMOUR-DRUM-SELF-CAST,HERO
HERO MOTOCORP LTD,HERO PUCH WITHOUT GEAR,HERO
HERO HONDA MOTORS  LTD,SPL ALLOY,HERO
HERO HONDA MOTORS  LTD,CD DLX AW,HERO
HERO HONDA MOTORS  LTD,GLAMOUR FI CAST  DISC SELF,HERO
HERO HONDA MOTORS  LTD,SPLENDER PRO DRS CAST,HERO
HERO MOTOCORP LTD,SPLENDOR PLUS DRK CAST,HERO
HERO MOTO CORP LTD.,DESTINI 125 VX L2 BS4,HERO
HERO HONDA MOTORS  LTD,CD DELUXE.,HERO
HERO HONDA MOTORS  LTD,NEW GLAMOUR,HERO
HERO HONDA MOTORS  LTD,PLEASURE BSII,HERO
HERO HONDA MOTORS  LTD,GLAMOUR SELF,HERO
HERO MOTOCORP LTD,SPLENDOR PLUS SELF,HERO
HERO HONDA MOTORS  LTD,SPELNDOR,HERO
HERO HONDA MOTORS  LTD,HERO PUCH POWER GXL,HERO
HERO HONDA MOTORS  LTD,SPLENDOR+ (DRUM-SPOKE)BSIII,HERO
HERO HONDA MOTORS  LTD,SPORTZ 1.2 BSIV,HERO
HERO MOTOCORP LTD,"HERO MOTOCORP LTD, SUPER SPLENDOR",HERO
HERO HONDA MOTORS  LTD,CBZ XTREME DISK SELF CAST,HERO
HERO HONDA MOTORS  LTD,STREET STD,HERO
HERO HONDA MOTORS  LTD,BRIO 1.2 S MT,HERO
HERO MOTOCORP LTD,H F DELUX,HERO
HERO HONDA MOTORS  LTD,PASSION PRO 10 DRS CAST,HERO
HERO MOTOCORP LTD,HFDELUXE(KICK-DR-CSTSS,HERO
HERO MOTOCORP LTD,SPLENDOR I SMART,HERO
HERO HONDA MOTORS  LTD,SPLENDER PRO SELF CAST,HERO
HERO HONDA MOTORS  LTD,NOT KNOWN  MCYCLE,HERO
HERO HONDA MOTORS  LTD,PASSION PRO DRS CCR,HERO
HERO MOTOCORP LTD,HF DLX ALLOY SELF,HERO
HERO MOTOCORP LTD,SPLENDOR PRO DRS  CAST,HERO
HERO MOTOCORP LTD,,HERO
HERO MOTOCORP LTD,SUPER SPLENDOR DRMSLFCASTL2BS6,HERO
HERO MOTOCORP LTD,XTREME SLEF CAST FR DISK,HERO
HERO HONDA MOTORS  LTD,STREET SMART,HERO
SCOOTERS INDIA LTD,SCOOTERS 3WH,HERO
HERO MOTOCORP LTD,SPLENDOR PLUS DRUM SC WHEELSB3,HERO
HERO HONDA MOTORS  LTD,AMAZE 1.2 VX CVT I-VTEC,HERO
HERO MOTOCORP LTD,HERO PASSION X PRO,HERO
HERO HONDA MOTORS  LTD,HERO HONDA CD DELUXE SPOKE,HERO
HERO MOTOCORP LTD,HERO-PUCH,HERO
HERO MOTOCORP LTD,HERO PASSION PRO - SELF ALLOY,HERO
HERO MOTOCORP LTD,HF DELUXE I3S DRUMSELFCAST BS6,HERO
HERO HONDA MOTORS  LTD,SPLENDOR PRO (DRUM SELF CAST),HERO
HERO HONDA MOTORS  LTD,SPLENDOR MOTOR CYCLE,HERO
HERO HONDA MOTORS  LTD,CND DELUXE,HERO
HERO MOTOCORP LTD,PASSION PRO DRS,HERO
"HERO HONDA MOTORS LTD,",HERO HONDA CD 100,HERO
HERO MOTOCORP LTD,PASSION XPRO BS3,HERO
Hero MotoCorp Ltd,PASSION PRO I3S-SELF-DRUM-CAST,HERO
HERO MOTOCORP LTD,PLEASURE DRUM SELE,HERO
HERO MOTOCORP LTD,PASSION+ I3S (DRS,HERO
HERO MOTOCORP LTD,SUPER SPLENDOR DRAM CAST SELF,HERO
HERO HONDA MOTORS  LTD,CBZ..,HERO
HERO HONDA MOTORS  LTD,PASSION PLUS DRK CAST,HERO
HERO MOTOCORP LTD,SPL PRO CW,HERO
HERO MOTOCORP LTD,IGNITOR SELF CAST DISC,HERO
HERO MOTOCORP LTD,MAESTRO EDGE (CAST WHEEL) BSII,HERO
SCOOTERS INDIA LTD,VIKRAM P 410,HERO
HERO MOTOCORP LTD,SPLENDOR+ (DRUM-CAST WHEELS) BSIII,HERO
HERO MOTOCORP LTD,PASSION PRO DRUM KICK CAST,HERO
HERO MOTO CORP LTD.,HF DELUXE SELF CAST WHEEL BSIV,HERO
HERO MOTOCORP LTD,HF DELUXE CAST SELF,HERO
HERO HONDA MOTORS  LTD,SPLENDOUR PRO,HERO
HERO MOTOCORP LTD,SPLENDOR+ (DRUM-CAST WHEELS) B,HERO
HERO MOTOCORP LTD,SPL PLUS,HERO
HERO HONDA MOTORS  LTD,SPLENDOR PLUS A/W,HERO
HERO ELECTRIC VEHICLES PVT. LTD,NYX HS 500ER BOV,HERO
HERO MOTOCORP LTD,SPLENDOR + BS-III,HERO
HERO HONDA MOTORS  LTD,SPLENDER PRO KICK  SPOKES,HERO
HERO MOTOCORP LTD,HF DELUXE (DRK),HERO
SCOOTERS INDIA LTD,VIKRAM 450,HERO
HERO HONDA MOTORS,PASSION PLUS DRUM,HERO
HERO HONDA MOTORS  LTD,PLASURE,HERO
HERO MOTOCORP LTD,MITSHUBISHI LANCER,HERO
HERO HONDA MOTORS  LTD,SPLENDOR PLUS CCR,HERO
HERO MOTOCORP LTD,SPLENDOR NXG ISMART,HERO
HERO MOTOCORP LTD,HERO PASSION XPRO CS,HERO
SCOOTERS INDIA LTD,VIKRAM LOADING,HERO
HERO MOTOCORP LTD,CD 100 SS,HERO
HERO MOTOCORP LTD,SUPER SPLENDOR(DRUM-SELF-CAST,HERO
HERO MOTOCORP LTD,"HERO MOTOCORP LTD, PASSION XPRO BSIII(CAST SELF)",HERO
HERO MOTOCORP LTD,H F DELUXE,HERO
HERO MOTO CORP LTD.,PASSION PRO DRM SLF CST WHEEL,HERO
HERO MOTOCORP LTD,HF DELUXE I3S (DRS),HERO
HERO MOTOCORP LTD,PASSION PRO I3S S DRUMCAST BS4,HERO
HERO HONDA MOTORS  LTD,ACHIEVER CAST (DSS),HERO
HERO HONDA MOTORS  LTD,HERO HONDA CBZ XTREME,HERO
HERO HONDA MOTORS  LTD,SPLENDOUR PLUS SCR,HERO
HERO HONDA MOTORS  LTD,16,HERO
"HERO HONDA MOTORS LTD,",PASSION PRO (DRUM SELF CAST WH,HERO
HERO HONDA MOTORS  LTD,SPLENDOR + (DISC),HERO
HERO MOTOCORP LTD,SPLINDOR PLUS,HERO
HERO MOTOCORP LTD,HERO PUCH HERO MOTORS LTD,HERO
HERO PUCH,HERO PUCH EZ,HERO
HERO MOTOCORP LTD,PASSION XPRO DISK,HERO
HERO HONDA MOTORS LTD,PASSION PLUS,HERO
"HERO HONDA MOTORS LTD,",PASSION PRO (DRUM-KICK CAST WH,HERO
HERO HONDA MOTORS  LTD,HUNK,HERO
HERO MOTOCORP LTD,"HERO MOTOCORP LTD, H F DELUXE",HERO
HERO MOTOCORP LTD,SUPER SPLENDER SELF,HERO
HERO MOTOCORP LTD,"HERO MOTOCORP LTD, HFDELUXE(KICK-DR-CST)SS",HERO
HERO HONDA MOTORS  LTD,CD 100 DLX,HERO
HERO MOTOCORP LTD,PASSION X PRO DRUM SLEF CAST,HERO
HERO HONDA,"HERO HONDA, HERO HONDA CD 100",HERO
HERO MOTOCORP LTD,SPLENDER ISMART,HERO
HERO MOTOCORP LTD,HERO HF DELUXE,HERO
HERO HONDA MOTORS  LTD,SPLENDOR  PRO SELF CAST,HERO
HERO MOTOCORP LTD,SPLENDER PRO (DRUM SELF CAST W,HERO
HERO MOTOCORP LTD,DUET (BOTTOM LINK) BSIV,HERO
HERO HONDA MOTORS  LTD,SPLENDOR NXG C,HERO
HERO HONDA MOTORS  LTD,HERO HONDA PAP DRUM,HERO
HERO MOTOCORP LTD,XTREME 160R 4V-PREMIUM,HERO
HERO MOTOCORP LTD,PASSION XPRO CAST SELF,HERO
HERO HONDA MOTORS  LTD,NEW PLEASURE (PLN),HERO
HERO HONDA MOTORS  LTD,SPLENDOR PRO DRUM SELF CAST,HERO
HERO MOTOCORP LTD,MAESTRO,HERO
HERO MOTOCORP LTD,CBZ  XTREAM DSK,HERO
HERO MOTO CORP LTD.,CBZ EXTREME,HERO
HERO MOTO CORP LTD.,PASSION PRO DRMSELFCAST L2 BS6,HERO
HERO MOTOCORP LTD,XTREME- 200S ABS BSIV,HERO
HERO MOTOCORP LTD,"HERO MOTOCORP LTD, HERO PUCH",HERO
HERO MOTOCORP LTD,MAESTRO - DELUXE  BSIII,HERO
HERO HONDA MOTORS  LTD,CD DLX SPOKE,HERO
HERO MOTOCORP LTD,"HERO MOTOCORP LTD, HF DELUXE (I3S-SELF-DRUM-CAST)",HERO
HERO MOTOCORP LTD,CND DELUXE,HERO
HERO HONDA MOTORS,CD DLX,HERO
HERO MOTOCORP LTD,PAJERO SPORT  AT,HERO
HERO HONDA MOTORS  LTD,"HERO HONDA MOTORS  LTD, PASSION PLUS (DRUM-CAST WHEELS",HERO
Hero MotoCorp Ltd,SPLENDOR +(I3S-SELF-DRUM-CAST),HERO
HERO MAJESTIC LIMITED,HERO PUCH,HERO
HERO MOTOCORP LTD,DUET BOTTOM LINK BS III,HERO
HERO HONDA MOTORS  LTD,Splendor Plus Aloy,HERO
SCOOTERS INDIA LTD,OTHERS,HERO
HERO MOTOCORP LTD,PASSION PRO SELF A/W,HERO
HERO MOTOCORP LTD,HERO SUPER SPLENDOUR,HERO
HERO MOTOCORP LTD,SUPER  SPELENDOR,HERO
HERO MOTOCORP LTD,XTREME 160R-DISC-DRUM-CAST,HERO
"HERO HONDA MOTORS LTD,",HERO HONDA PASSION PLUS,HERO
HERO MOTOCORP LTD,PASSION PRO DRUM SELF,HERO
HERO HONDA MOTORS  LTD,SPL PRO GTR -DRUM SELF CAST,HERO
HERO HONDA MOTORS  LTD,HERO HONDA CBX DISC,HERO
HERO MOTOCORP LTD,Not Available,HERO
HERO MOTOCORP LTD,ECO DELUXE (SELF-DRUM-CAST,HERO
HERO MOTOCORP LTD,DUET (TELESCOPIC FORK) BSIII,HERO
HERO MOTOCORP LTD,SPLENDOR PLUS SPOKE,HERO
HERO HONDA MOTORS  LTD,SPLENDOR PLUS DRUM CAST WHEEL,HERO
HERO MOTOCORP LTD,HERO HONDA CD-DELUXE,HERO
HERO MOTOCORP LTD,AMBASSADOR MOTOR CAR,HERO
HERO HONDA MOTORS  LTD,GLAMOUR DISC/SELF,HERO
HERO MOTOCORP LTD,SPLENDER SMART,HERO
HERO HONDA MOTORS  LTD,H.HONDA SPLENDOR PLUS DRK CAST,HERO
HERO HONDA MOTORS  LTD,H/H.SPLENDOR,HERO
HERO MOTOCORP LTD,GLAMOUR-DRUM/SELF(CAST WHEEL),HERO
HERO HONDA MOTORS  LTD,GLAMOUR (GLRMDRSCCR),HERO
HERO HONDA MOTORS  LTD,HF DELUXE DRC CCR,HERO
HERO HONDA MOTORS  LTD,SPLENDER PRO SELF,HERO
SCOOTERS INDIA LTD,750D AUTORICKSHAW (6P+1D,HERO
HERO HONDA MOTORS  LTD,HERO HONDA CD-DELUXE,HERO
HERO HONDA MOTORS  LTD,SPLENDER PRO A/W,HERO
HERO HONDA MOTORS  LTD,HERO HONDA CD 100,HERO
HERO MOTOCORP LTD,SPLENDER PRO SELF,HERO
HERO HONDA MOTORS  LTD,SPLENDOR PRO,HERO
SCOOTERS INDIA LTD,VIJAI PUSHPAK,HERO
HERO MOTOCORP LTD,SPLENDOR PLUS,HERO
HERO MOTOCORP LTD,HERO SPLENDOR PRO MOTOR CYCLE,HERO
HERO MOTOCORP LTD,PLEASURE - IBS,HERO
HERO MOTOCORP LTD,SUPER SPLENDOR-DS-SLF-CST SS,HERO
HERO MOTOCORP LTD,XTREME 160R DISCDISCCASTL2 BS6,HERO
HERO MOTOCORP LTD,SPLENDOR PRO DRS CCR,HERO
HERO MOTOCORP LTD,GLAMOUR(HE (DRUM-SELF-CAST,HERO
HERO HONDA MOTORS  LTD,HERO HONDA ACHIEVER,HERO
HERO MOTOCORP LTD,GLAMOUR - (HE) (DRUM-SELF-CAST,HERO
HERO MOTOCORP LTD,HFDELUXE(I3S-SLF-DR-CST)SS,HERO
HERO MOTOCORP LTD,SPLENDOR PRO,HERO
HERO MOTOCORP LTD,GLAMOUR ALLOY DRS,HERO
HERO MOTOCORP LTD,SPLENDOR+ DRM SLF CAST WHL BS3,HERO
HERO MOTOCORP LTD,SPLENDOR+ DRUM (CAST WHEELS),HERO
HERO MOTOCORP LTD,SPL PRO SHELF,HERO
HERO HONDA MOTORS  LTD,HF DELUXE SELF START,HERO
HERO MOTOCORP LTD,SPLENDOR PLUS CAST SELF,HERO
HERO MOTOCORP LTD,DESTINI 125 VX L2 BS4,HERO
HERO HONDA MOTORS  LTD,CITY ZX VTEC MT BS3,HERO
HERO MOTOCORP LTD,SPLENDOR+ I3S (DRS),HERO
HERO MOTOCORP LTD,HERO PUCH AG,HERO
HERO MOTOCORP LTD,PAS X PRO,HERO
HERO MOTOCORP LTD,HF DLX CW,HERO
HERO MOTOCORP LTD,SUPER SPLENDOR XTEC DS,HERO
HERO HONDA MOTORS LTD,CD 100,HERO
HERO HONDA MOTORS  LTD,SPLENDER PLUS DRUM,HERO
HERO HONDA MOTORS  LTD,SPLENDOR NXG  L2 BSII,HERO
HERO HONDA MOTORS  LTD,CD DLX,HERO
HERO MOTOCORP LTD,HERO DUET VX,HERO
HERO MOTOCORP LTD,PASSION PRO CAST SELF,HERO
HERO HONDA MOTORS  LTD,CBZ FR DISC,HERO
HERO MOTOCORP LTD,HUNK DSS   CAST,HERO
HERO MOTOCORP LTD,SPL PLUS SCR,HERO
HERO MOTOCORP LTD,H.MAESTRO,HERO
HERO MOTOCORP LTD,HF-DELUXE SPOKE WHEEL,HERO
HERO MOTOCORP LTD,PASSION PRO (DRUM-SELF-CAST,HERO
HERO HONDA MOTORS  LTD,SLENDER NXG,HERO
HERO MOTOCORP LTD,SPLENDER PRO (DRUM SELF CAST WHEELS) BSIII,HERO
HERO MOTOCORP LTD,PASSION PRO DRS NEW,HERO
HERO MOTOCORP LTD,SUPER SPLENDOR-DISC-SELF-CAST,HERO
HERO HONDA,"HERO HONDA, PASSION CAST",HERO
HERO MOTO CORP LTD.,PASSION PRO(DRM-SLF CASTWHEEL),HERO
HERO MOTOCORP LTD,"""HF DELUXE""(I3S-SELF-DRUM-CAST) BSIV",HERO
HERO HONDA MOTORS  LTD,PASSION XPRO (CAST DISC SELF),HERO
HERO MOTOCORP LTD,HF- DELUXE- (SELF-DRUM-CAST) B,HERO
HERO HONDA MOTORS  LTD,SPLENDOR PRO(DRUM KICK SPOKE,HERO
HERO MOTOCORP LTD,HERO HONDA CD DAWN,HERO
HERO HONDA MOTORS  LTD,HERO HONDA,HERO
HERO HONDA MOTORS  LTD,SPLENDOR  PLUS,HERO
HERO MOTOCORP LTD,HERO HONDA CD100 SS,HERO
HERO MOTOCORP LTD,HF-DELUXE SELF -CAST WHEELS,HERO
HERO HONDA MOTORS  LTD,M/CYCLE,HERO
HERO MOTOCORP LTD,MAESTRO - DELUXE,HERO
HERO MOTOCORP LTD,GLAMOUR DRM,HERO
HERO MOTOCORP LTD,DUET ( BOTTOM LINK ) BSIV,HERO
HERO MOTOCORP LTD,HF DELUXE ES,HERO
HERO MOTOCORP LTD,SPLENDOR DRUM (CAST WHEELS),HERO
HERO HONDA MOTORS,GLAMOUR-DISC/SELF(WITHCASTWHEE,HERO
HERO HONDA MOTORS  LTD,CD DELUXE ,HERO
HERO HONDA MOTORS,ACHIEVER,HERO
HERO MOTOCORP LTD,SUPER SPLENDOR,HERO
HERO HONDA MOTORS  LTD,"HERO HONDA MOTORS  LTD, NA",HERO
Hero MotoCorp Ltd,GLAMOUR(HE) (DRUM-SELF-CAST),HERO
HERO MOTOCORP LTD,HF DELUXE SELF CAST WHEELS,HERO
HERO MOTOCORP LTD,"HERO MOTOCORP LTD, SPLENDOR PLUS",HERO
HERO HONDA MOTORS  LTD,KARIZMA S/START M/CYCLE,HERO
HERO HONDA MOTORS  LTD,PASSION  PLUS,HERO
HERO HONDA MOTORS  LTD,H.HONDA SPLENDOR PRO DRS CAST,HERO
HERO HONDA MOTORS  LTD,HERO HONDA CD 100 SS,HERO
HERO MOTOCORP LTD,HFDELUXE(SLF-DR-CSTSS,HERO
"HERO HONDA MOTORS LTD,",PASSION PLUS (DRUM-CAST WHEELS,HERO
HERO HONDA MOTORS  LTD,HERO HONDA CD DWAN,HERO
HERO HONDA MOTORS  LTD,SPLENDOR PRO9  BSIII DRUM/CAST,HERO
HERO HONDA MOTORS  LTD,CND3 DELUXE CAST,HERO
HERO HONDA,PASSION PRO(DRM-SLF CASTWHEEL),HERO
SCOOTERS INDIA LTD,VIKRAM 510 CLASSIC,HERO
HERO HONDA MOTORS  LTD,H.HONDA SPLENDOR PLUS CAST,HERO
HERO HONDA MOTORS  LTD,HERO HONDA SPL. PLUS,HERO
HERO MOTOCORP LTD,HERO HF DELUXE DRS CCR PBK,HERO
HERO MOTOCORP LTD,HER GLAMOUR,HERO
HERO MOTOCORP LTD,"""HF DELUXE""(I3S-SELF-DRUM-CAST",HERO
HERO MOTOCORP LTD,SPLENDOR + BLACK AND ACCENT,HERO
HERO MOTOCORP LTD,GLMR,HERO
HERO MOTOCORP LTD,PASSION PRO CAST,HERO
HERO MOTOCORP LTD,SPLENDOR PLUS DRK,HERO
HERO ELECTRIC VEHICLES PVT. LTD,PHOTON LP BOV,HERO
HERO MOTOCORP LTD,HF DELUXE ECO,HERO
HERO HONDA MOTORS  LTD,H.HONDA CD DAWN DELUX,HERO
HERO MOTOCORP LTD,CD DELUXE CAST WHEELS,HERO
HERO MOTOCORP LTD,PASSON PRO (DRUM-SELF SPOKE WH,HERO
HERO MOTOCORP LTD,HERO HONDA SPLENDOR PLUS,HERO
HERO MOTOCORP LTD,HF DELUXE-BLK-I3S-SELFDRUMCAST,HERO
HERO HONDA MOTORS  LTD,H.HONDA SPLENDOR PLUS ALLOY,HERO
HERO MOTOCORP LTD,HERO HONDA CD100 SL SLEEK,HERO
HERO HONDA MOTORS  LTD,HERO HONDA SUP SPLINDER125,HERO
HERO MOTOCORP LTD,PAJERO SPORTS (CBU),HERO
HERO MOTOCORP LTD,"HERO MOTOCORP LTD, HF DELUXE (SELF-DRUM-CAST)",HERO
HERO HONDA MOTORS  LTD,CD DELUX,HERO
HERO MOTOCORP LTD,SPL +,HERO
HERO MOTOCORP LTD,HERO PUCH AG HERO MOTORS,HERO
HERO HONDA MOTORS  LTD,SPLENDOR PRO DRS BSIII,HERO
HERO MOTOCORP LTD,PLEASURE + (ZX+),HERO
HERO MOTOCORP LTD,PASSION PRO DRS CCR,HERO
HERO MOTOCORP LTD,HF 100 (DRK),HERO
HERO HONDA MOTORS  LTD,CD DELUXE CAST WHEEL,HERO
HERO MOTOCORP LTD,HF DELUXE(DRK),HERO
HERO HONDA MOTORS  LTD,PLEASURE,HERO
HERO HONDA MOTORS  LTD,HERO HONDA PASSION +,HERO
HERO HONDA MOTORS  LTD,HERO HONDA DAWN,HERO
HERO HONDA MOTORS,PLEASURE BSII,HERO
HERO MOTOCORP LTD,SLPENDOR ISMART+110 DSC L2 BS4,HERO
HERO MOTOCORP LTD,HF DAWN,HERO
HERO MOTOCORP LTD,KARIZMA BKC DSS,HERO
SCOOTERS INDIA LTD,VIKRAM 450 D/S,HERO
HERO ELECTRIC VEHICLES PVT. LTD,OPTIMA CX,HERO
HERO MOTOCORP LTD,PASSION XPRO CAST DISC SELF,HERO
HERO MOTOCORP LTD,PASSION PRO (DRUM SELF - CAST,HERO
HERO MOTOCORP LTD,HF-DELUX-SPOKE WHEELS,HERO
HERO MOTOCORP LTD,SPLEENDOR ISMART,HERO
HERO MOTOCORP LTD,GLAMOUR DISC SELF CAST WHEEL B,HERO
HERO MOTOCORP LTD,GLAMOUR (HE (DRUM-SELF-CAST,HERO
HERO MOTOCORP LTD,GLAMOUR- DRUM/SELF (WITH CAST WHEEL) BSIV,HERO
HERO MOTOCORP LTD,SPLENDOR PRO DRK CAST,HERO
HERO HONDA MOTORS  LTD,HERO HONDA SLEEK,HERO
HERO MOTOCORP LTD,XTREME SPORTS-REAR DISC BRAKE,HERO
HERO MOTOCORP LTD,MAESTRO EDGE (CAST WHEEL,HERO
HERO HONDA MOTORS  LTD,KARIZMA,HERO
HERO MOTOCORP LTD,GLAMOUR - (HE (DRUM-SELF-CAST,HERO
HERO HONDA MOTORS  LTD,CD DELUXE 100 CC.,HERO
HERO HONDA MOTORS  LTD,PASSION PLUS MMC DRK CAST,HERO
"HERO HONDA MOTORS LTD,",PASSION PRO (DRUM-KICK CAST WHEELS),HERO
HERO ELECTRIC VEHICLES PVT LTD,OPTIMA HS 500 ER BOV,HERO
HERO MOTOCORP LTD,HERO HONDA PASSION,HERO
HERO MOTOCORP LTD,SPLENDOR PRO (DRS) CCR,HERO
HERO HONDA MOTORS  LTD,PASSION PRO (DRUM SELF CAST WH,HERO
HERO HONDA MOTORS LTD,PLEASURE DRUM SELF,HERO
HERO MOTOCORP LTD,PASS PRO,HERO
HERO MOTOCORP LTD,GLAMOUR DISCSELFCASTL2 BS6,HERO
HERO MOTOCORP LTD,MINI METRO 2 S E RICKSHAW,HERO
HERO MOTOCORP LTD,SPL ALY SELF,HERO
HERO MOTOCORP LTD,SPLENDOR PRO9  BSIII DRUM/CAST,HERO
HERO MOTOCORP LTD,HF DELUX  BS III,HERO
HERO HONDA MOTORS  LTD,C D DELUX,HERO
HERO MOTOCORP LTD,MAESTRO- EDGE,HERO
HERO HONDA MOTORS  LTD,GLAMOUR DRUM SELF,HERO
HERO HONDA MOTORS  LTD,SPLENDOR DLX,HERO
HERO MOTOCORP LTD,SPLENDOR PLUS A/W,HERO
HERO HONDA MOTORS  LTD,HEROHONDA PLEASURE,HERO
HERO HONDA MOTORS  LTD,SPLENDER PLUS CCR,HERO
HERO MOTOCORP LTD,PASSION X-PRO 110 (DRUM-SELF-C,HERO
HERO MOTOCORP LTD,HF100,HERO
HERO MOTOCORP LTD,HERO PUCH,HERO
HERO MOTOCORP LTD,SPLENDOR XTEC,HERO
HERO HONDA MOTORS  LTD,IGNATOR,HERO
HERO HONDA MOTORS  LTD,HERO HOND A CD,HERO
HERO HONDA MOTORS  LTD,SUPER SPLENDER DISC SELF,HERO
HERO MOTOCORP LTD,SUPER SPLENDOR DR BLACK&ACCENT,HERO
HERO HONDA MOTORS  LTD,SUPER SPLENDER DRS,HERO
HERO HONDA MOTORS  LTD,PLEASURE SELF,HERO
HERO HONDA MOTORS LTD,SPLENDOR PLUS (HERO HONDA),HERO
HERO HONDA MOTORS  LTD,CD-100,HERO
HERO HONDA MOTORS  LTD,SPLENDER PLUS,HERO
HERO MOTOCORP LTD,GLAMOUR FI DRUM/KICK,HERO
HERO MOTOCORP LTD,H.SPLENDOR PLUS,HERO
HERO HONDA MOTORS  LTD,MAESTRO,HERO
SCOOTERS INDIA LTD,VIKARAM 750D,HERO
HERO HONDA MOTORS  LTD,CITY EXI MT,HERO
HERO HONDA MOTORS  LTD,H.F.DLX,HERO
HERO HONDA MOTORS LTD,SPLENDOR PLUS MAC,HERO
HERO MOTOCORP LTD,DUET (TELESCOPIC FORK,HERO
HERO HONDA MOTORS  LTD,CBZ SELF,HERO
HERO MOTOCORP LTD,"GLAMOUR,  BS-III",HERO
HERO MOTOCORP LTD,HERO PASSION PRO DRUM SELFCA,HERO
HERO HONDA MOTORS  LTD,"HERO HONDA MOTORS  LTD, PASSION PLUS DRK (CAST)",HERO
HERO MOTOCORP LTD,SPLENDOR PRO CAST SS,HERO
HERO MOTOCORP LTD,HERO HONDA SPLENDOR,HERO
HERO HONDA MOTORS  LTD,HF DLX,HERO
HERO MOTOCORP LTD,X-TREME(ESREARDRUMBRAKE(ELECS,HERO
HERO MOTOCORP LTD,SUPER SPELENDER,HERO
HERO HONDA MOTORS  LTD,H/H SPLENDOR PLUS,HERO
HERO HONDA MOTORS  LTD,GLAMOUR FI CAST DISC SELF,HERO
HERO HONDA MOTORS,HERO PUCH,HERO
HERO MOTOCORP LTD,SPLENDER I SMART110 DRM SLFCST,HERO
HERO HONDA MOTORS  LTD,HUNK ES,HERO
HERO HONDA MOTORS  LTD,H/ HONDA PASSION PLUS,HERO
HERO MOTOCORP LTD,IGNITOR SELF CAST DRUM BS III,HERO
HERO MOTOCORP LTD,HERO SHAKTI 3G,HERO
HERO MOTOCORP LTD,HERO HONDA MOTOR CYCLE,HERO
"HERO HONDA MOTORS LTD,",GLAMOUR DRUM/SELF CAST WHEEL B,HERO
HERO MOTOCORP LTD,PASSION PRO 110 (DRUM-SELF-CAS,HERO
HERO HONDA MOTORS  LTD,HERO HONDA CD-DAWN-1 (BS-II),HERO
HERO MOTOCORP LTD,MITSUBUSHI   OUTLANDER 2.4,HERO
HERO MOTOCORP LTD,GLAMOUR CAST DRS,HERO
HERO MOTOCORP LTD,GLAMOUR DISC SELF BSIII,HERO
HERO HONDA MOTORS  LTD,CBZ XTREME  BS III,HERO
HERO HONDA MOTORS  LTD,AMBITION DRUM,HERO
HERO HONDA MOTORS  LTD,SPLENDOR PLUS DRUM KICK SPOKE,HERO
HERO HONDA MOTORS  LTD,GLAMOUR DRUM,HERO
HERO MOTOCORP LTD,SPLENDOR+ (SELF-DRUM-CAST),HERO
HERO MOTOCORP LTD,SPLENDOR PRO SELF CAST,HERO
HERO MOTOCORP LTD,GLAMOUR- XTEC-DRUM-SELF-CAST B,HERO
HERO MOTOCORP LTD,MAESTRO EDGE125(DISC-CAST),HERO
HERO MOTOCORP LTD,CBZ XTREME REAR DSS CAST,HERO
HERO MOTOCORP LTD,PLEASURE+(VX) BSVI,HERO
HERO MOTOCORP LTD,PLEASURE IBS DRUM SELF CAST BS,HERO
HERO MOTOCORP LTD,X PULSE 200 BSVI,HERO
HERO MOTOCORP LTD,MAESTRO EDGE CAST WHEEL,HERO
HERO MOTOCORP LTD,GLAMOUR DRS,HERO
HERO MOTOCORP LTD,HF DELUX DRUM KIK CAST,HERO
HERO MOTOCORP LTD,SPLENDOR PRO CAST,HERO
HERO HONDA MOTORS  LTD,HF DELUXE,HERO
"HERO HONDA MOTORS LTD,",PASSION PRO(DRUM-SELF SPOKE WHEELS),HERO
HERO HONDA MOTORS  LTD,PASSION PLUS DRUM(CAST WHEELS),HERO
HERO HONDA MOTORS  LTD,TVS XL SUPER HD,HERO
HERO HONDA MOTORS LTD,SPLENDOR PRO,HERO
HERO ELECTRIC VEHICLES PVT. LTD,NYX CX ER,HERO
HERO MOTOCORP LTD,SANTRO LE,HERO
HERO MOTOCORP LTD,CD DAWN,HERO
HERO HONDA MOTORS  LTD,SPLENDER PLUS CAST WHEEL,HERO
HERO HONDA MOTORS  LTD,SPLENDOR PLUS ALLOY WHEEL,HERO
HERO MOTOCORP LTD,PASSION PRO(DISKSLF CASTWHEEL),HERO
HERO HONDA MOTORS  LTD,HERO HONDA MOTOR CYCLE,HERO
HERO HONDA MOTORS  LTD,SPLENDOR PLUS KICK CAST,HERO
HERO MOTOCORP LTD,PASSION X-PRO110 (DISC-SELF-CA,HERO
HERO MOTOCORP LTD,"HERO MOTOCORP LTD, HERO HONDA CD 100",HERO
HERO HONDA MOTORS LTD,,HERO
HERO MOTOCORP LTD,CD DELUX SELF,HERO
HERO HONDA MOTORS  LTD,"HERO HONDA MOTORS  LTD, CD DELUXE",HERO
HERO MOTOCORP LTD,HF DELUX SELFDRUMCAST BS4,HERO
HERO HONDA MOTORS  LTD,CD DELUX ALLOY,HERO
HERO HONDA MOTORS  LTD,KARIZMA ZMR,HERO
HERO MOTOCORP LTD,HF DELUXE POWER START,HERO
HERO MOTOCORP LTD,H.F. DELUXE,HERO
HERO MOTOCORP LTD,XTREME,HERO
SCOOTERS INDIA LTD,VIKRAM 450 DIESEL (H),HERO
HERO HONDA MOTORS  LTD,CD-DELUXE SELF,HERO
HERO HONDA MOTORS  LTD,SPLENDOR ISMART CAST,HERO
SCOOTERS INDIA LTD,VIKRAM 1500CG AUTORIKSHAW,HERO
HERO MOTOCORP LTD,PLEASURE IBSCASTDRUMSELF BSIV,HERO
HERO MOTOCORP LTD,HF-DELUXE ECO SELF-CAST WHEELS,HERO
HERO MOTOCORP LTD,HERO SPLENDOR I SMART 110 BSIV,HERO
HERO HONDA MOTORS  LTD,HERO HONDA MCY,HERO
HERO MOTOCORP LTD,PLEASURE-110 (CAST WHEEL) BSIV,HERO
HERO MOTOCORP LTD,PASSION PRO I 3S,HERO
HERO MOTOCORP LTD,X PULSE 200 4V,HERO
HERO HONDA MOTORS  LTD,SUPSPL,HERO
HERO MOTOCORP LTD,GLAMOUR-DISC-SELF-CAST,HERO
HERO HONDA MOTORS  LTD,SPLENDOR PRO DRUM SELF CAST WH,HERO
HERO HONDA MOTORS  LTD,PASSION PLUS CAST,HERO
HERO MOTOCORP LTD,SPELENDOR PRO CLASSIS,HERO
HERO HONDA MOTORS  LTD,WAGON R R VXI,HERO
HERO HONDA MOTORS  LTD,SPLENDRA PRO,HERO
HERO MOTOCORP LTD,GLAMOUR FI (DISC/KICK),HERO
HERO HONDA MOTORS  LTD,Hero Honda Splendor Plus,HERO
HERO MOTOCORP LTD,PASSION PRO(DRM-SLF CASTWHEEL),HERO
HERO HONDA MOTORS,CD-DAWN,HERO
HERO MOTOCORP LTD,XTREME DSS CAST,HERO
HERO HONDA MOTORS LTD,HERO HONDA CD DLX,HERO
HERO MOTOCORP LTD,HERO HF DELUXE DRS CCR,HERO
HERO HONDA MOTORS  LTD,"HERO HONDA MOTORS  LTD, HERO HONDA CD100 SS",HERO
HERO MOTOCORP LTD,"""SPLENDOR+""(I3S-SELF-DRUM-CAST",HERO
HERO HONDA MOTORS  LTD,PASSION PRO DRUM SELFCASTWHEEL,HERO
HERO HONDA MOTORS  LTD,"HERO HONDA MOTORS  LTD, SPLENDOR PLUS CCR",HERO
HERO MOTOCORP LTD,SPL PRO DRS CAST,HERO
HERO HONDA MOTORS  LTD,CD DELUXE  SELF SPOKES,HERO
HERO MOTOCORP LTD,"SUPER SPLENDOR, BS-III",HERO
HERO MOTOCORP LTD,IGNITOR SELF CAST DRUM,HERO
HERO HONDA MOTORS  LTD,PALIO 1.9 ELX,HERO
HERO MOTOCORP LTD,"HERO MOTOCORP LTD, CBZ  XTREME DSS CAST",HERO
HERO MOTOCORP LTD,SPLENDOR+ XTEC (DRS,HERO
HERO MOTOCORP LTD,SPLENDOR PRO (SELF-DRUM-CAST),HERO
HERO MOTOCORP LTD,DESTINI 125 PLATINUM EDITION,HERO
HERO MOTOCORP LTD,HF-DELUXE - CAST WHEELS,HERO
HERO MOTOCORP LTD,MAESTRO DLX,HERO
HERO MOTOCORP LTD,XTREME SPORTS ES BSIII,HERO
HERO MOTOCORP LTD,SPLENDOR PLUS DMR,HERO
HERO HONDA MOTORS  LTD,"HERO HONDA MOTORS  LTD, SPLENDOR PLUS SPOKE WHEEL",HERO
HERO MOTOCORP LTD,PLEASURE BSIII,HERO
HERO MOTOCORP LTD,HF DELUXE (I3S-SELF-DRUM-CAST,HERO
HERO HONDA MOTORS  LTD,C D DLX,HERO
HERO HONDA MOTORS  LTD,SAPLENDOR PRO,HERO
HERO MOTOCORP LTD,SPL PLUS DRUM,HERO
SCOOTERS INDIA LTD,VIKRAM 1500 CNG,HERO
HERO HONDA MOTORS  LTD,PLEASURE SCOOTER,HERO
HERO MOTOCORP LTD,HERO HF DELUXE (N) DRS CCR,HERO
HERO HONDA MOTORS  LTD,HERO HONDA SPLENDOR PLUS CAST,HERO
HERO MOTOCORP LTD,CD DELUXE DRS CAST,HERO
HERO MOTOCORP LTD,"GLAMOUR CAST DRS, BS-III",HERO
HERO MOTOCORP LTD,XTREME 160R-DISC-DISC-CAST,HERO
HERO HONDA MOTORS  LTD,Hero Honda CD 100 SS,HERO
HERO HONDA MOTORS  LTD,CBZ X TREME DSS,HERO
HERO HONDA MOTORS  LTD,"HERO HONDA MOTORS  LTD, PLEASURE",HERO
SCOOTERS INDIA LTD,68....,HERO
HERO MOTOCORP LTD,DESTINI 125 (VX),HERO
HERO MOTOCORP LTD,HERO PASSION XPRO CAST DISC,HERO
HERO MOTOCORP LTD,H.F DELUXE,HERO
HERO HONDA MOTORS  LTD,SPLENDOR PLUS CAST,HERO
HERO MOTOCORP LTD,PASSION PRO DRS CAST,HERO
HERO MOTOCORP LTD,GLAMOUR-DISC-SELF- CAST BSVI,HERO
HERO HONDA MOTORS  LTD,KC (SPLENDOR),HERO
HERO HONDA MOTORS  LTD,SPLENDOR PLUS (HERO HONDA),HERO
HERO MOTOCORP LTD,PASSION PRO DRM SLF CST WHEEL,HERO
HERO HONDA MOTORS  LTD,PASSION PRO ( CCR),HERO
HERO HONDA MOTORS  LTD,SPLENDOR+ DISC (CAST WHEELS),HERO
HERO MOTOCORP LTD,GLAMOUR FI BSS,HERO
HERO MOTOCORP LTD,SPLINDOR PRO DRS,HERO
HERO MOTOCORP LTD,CBZ XTREME DSS CAST,HERO
HERO HONDA MOTORS,GLAMOUR-DRUM/SELF(WITHCASTWHEELS)BSII,HERO
HERO HONDA MOTORS  LTD,"HERO HONDA MOTORS  LTD, SUPER SPLENDER",HERO
HERO HONDA MOTORS  LTD,"HERO HONDA MOTORS  LTD, SPLENDER PLUS",HERO
HERO MOTOCORP LTD,SPLENDOR PRO DRS CAST,HERO
HERO MOTOCORP LTD,XTREME REAR DISC BRAKE ES BS,HERO
HERO HONDA MOTORS  LTD,CD 100SS,HERO
HERO MOTOCORP LTD,CBZ  X TREME/DSS,HERO
HERO HONDA MOTORS  LTD,SPELENDOR PLUS,HERO
HERO MOTOCORP LTD,GLAMOUR (HE) (DRUM-SELF-CAST),HERO
HERO HONDA MOTORS,HERO HONDA DLX,HERO
HERO HONDA MOTORS LTD,SPLENDOR PLUS,HERO
HERO MOTOCORP LTD,SPLENDOR +,HERO
HERO HONDA MOTORS LTD,SPLENDOR PLUS CAST,HERO
HERO MOTOCORP LTD,HH CD100SS,HERO
HERO HONDA MOTORS  LTD,PASSION PLUS,HERO
HERO HONDA,PASSION PRO(DISKSLF CASTWHEEL),HERO
HERO MOTOCORP LTD,PASSION  X-PRO,HERO
HERO MOTOCORP LTD,DLX ALLOY & SELF,HERO
HERO MOTOCORP LTD,"HERO MOTOCORP LTD, GLAMOUR FI",HERO
HERO HONDA MOTORS  LTD,SPLENDOR PLUS DRUM EURO II,HERO
HERO MOTOCORP LTD,SPLENDOR+ KICKDRUMCAST BS4,HERO
HERO HONDA MOTORS  LTD,SPLND NXG,HERO
HERO HONDA MOTORS  LTD,SPLENDOR PLUS ALLOY CAST,HERO
HERO MOTOCORP LTD,MAESTRO EDGE125 (DRUM-CAST,HERO
HERO MOTOCORP LTD,SPL PLUS AW,HERO
HERO HONDA MOTORS,HERO HONDA CD-DELUXE,HERO
HERO MOTOCORP LTD,SPLENDOR I-SMART 110,HERO
HERO HONDA MOTORS  LTD,CD DAWN,HERO
HERO MOTOCORP LTD,GLAMOUR DISC&SELF START,HERO
HERO HONDA MOTORS  LTD,SPLENDRO NXG,HERO
HERO HONDA MOTORS,SPLENDOR PLUS,HERO
HERO MOTOCORP LTD,"""SPLENDOR+""(SELF-DRUM-CAST BS",HERO
HERO HONDA MOTORS  LTD,PANTHER,HERO
HERO HONDA MOTORS  LTD,KARIZMA MMC,HERO
HERO MOTOCORP LTD,PASSION PRO TR BSIII,HERO
HERO MOTOCORP LTD,SPLENDOR+ (SELF-DR-CSTSS,HERO
HERO MOTOCORP LTD,OTHERS,HERO
HERO MOTOCORP LTD,"HERO MOTOCORP LTD, PASSION XPRO",HERO
HERO MOTOCORP LTD,MAESTRO EDGE SHEET METLWHL BS3,HERO
HERO MOTOCORP LTD,PASSION PRO I3S-SELF-DRUM-CAST,HERO
HERO HONDA MOTORS  LTD,SPLENDER M/CYCLE,HERO
HERO MOTOCORP LTD,MAESTRO EDGE (ZX) BSVI,HERO
HERO MOTOCORP LTD,HF DELUXE DRMSLF ALL BLK BSIV,HERO
HERO HONDA MOTORS  LTD,CIVIC 1.8 S MT,HERO
HERO MOTOCORP LTD,PASSION PRO DISC,HERO
HERO MOTOCORP LTD,HERO SHAKTI 2G,HERO
HERO HONDA MOTORS  LTD,PASSION.PRO,HERO
HERO MOTOCORP LTD,PASSON PRO (DRUM-SELF SPOKE WHEELS)BSIII,HERO
HERO MOTOCORP LTD,HF DLX DRS CAST,HERO
HERO MOTOCORP LTD,MAESTRO DELUXE,HERO
HERO HONDA MOTORS  LTD,HERO HONDA CD-DELUXE WITH SPOK,HERO
HERO HONDA MOTORS  LTD,PASSION PRO DRUM SEIL CAST WHE,HERO
HERO MOTOCORP LTD,DUET (TELESCOPIC FORK) BSIV,HERO
HERO HONDA MOTORS  LTD,C.B.Z STAR MOTOR CYCLE,HERO
HERO MOTOCORP LTD,SPLENDER PRO,HERO
HERO HONDA MOTORS  LTD,HERO AUTOMATIC,HERO
HERO HONDA MOTORS  LTD,CD DLX CCR SELF,HERO
HERO MOTOCORP LTD,PASSION PRO(DRM-SLF SPOKWHEEL),HERO
HERO HONDA MOTORS  LTD,PASSION +,HERO
HERO HONDA MOTORS  LTD,CBZ/XTEME,HERO
HERO MOTOCORP LTD,SUPER SPL DRS CAST,HERO
HERO MOTOCORP LTD,HF DELUX ECO,HERO
HERO HONDA MOTORS  LTD,H.HONDA SPLENDOR PRO DRK CAST,HERO
HERO MOTOCORP LTD,HUNK,HERO
HERO HONDA MOTORS  LTD,SPLENDOR PLUS BSIII MAC,HERO
HERO HONDA MOTORS  LTD,HERO HONDA SUPER SPLENDOR,HERO
HERO HONDA MOTORS  LTD,PASSION PRO(DRM-KIK CASTWHEEL),HERO
HERO MOTOCORP LTD,SPLENDOR ISMART DRS CAST,HERO
"HERO HONDA MOTORS LTD,",PASSION PRO (DRUM-KICK SPOKE W,HERO
HERO HONDA MOTORS  LTD,HERO HONDA CBZ,HERO
HERO HONDA MOTORS LTD,HUNK,HERO
HERO HONDA MOTORS  LTD,HERO HONDA GLAMOUR,HERO
HERO MOTOCORP LTD,DUET VX CANDY BLAZING,HERO
HERO MOTOCORP LTD,"HERO MOTOCORP LTD, SPLENDOR PRO",HERO
HERO MOTOCORP LTD,HERO HONDA GLAMOUR,HERO
"HERO HONDA MOTORS LTD,",HERO HONDA CD 100 SS,HERO
HERO MOTOCORP LTD,GLAMOUR-DISC/SELF (CAST WHEEL),HERO
HERO HONDA MOTORS  LTD,CD-100SS-DLX,HERO
HERO MOTOCORP LTD,SPL PRO CAST SELF,HERO
HERO MOTOCORP LTD,SPLENDOR ISMART+ 110 (DSC,HERO
"HERO HONDA MOTORS LTD,",KARIZMA BSIII,HERO
HERO HONDA MOTORS  LTD,HONDA  CITY 1.5 GXI,HERO
HERO HONDA MOTORS  LTD,"HERO HONDA MOTORS  LTD, CD DLX",HERO
HERO MOTOCORP LTD,HFDELUXEI3SSELFDRUMCASTBSIV,HERO
HERO HONDA MOTORS  LTD,GLAMOUR ALLOY,HERO
HERO HONDA MOTORS  LTD,SPLENDOR PRO DRUM KICK CAST WH,HERO
HERO HONDA MOTORS  LTD,CD DELUXE ALLOY CAST,HERO
HERO MOTOCORP LTD,"HERO MOTOCORP LTD, HF DELUXE CAST SELF",HERO
HERO MOTOCORP LTD,DUET TELESCOPIC FORK BSIV,HERO
HERO MOTOCORP LTD,GLAMOUR DRUM/SELF CAST WHEEL B,HERO
HERO HONDA MOTORS  LTD,PASSION PRO CAST,HERO
HERO HONDA MOTORS  LTD,CD DELUX (SELF- CAST WHEELS),HERO
HERO HONDA MOTORS  LTD,GLAMOUR DRS CAST,HERO
HERO MOTOCORP LTD,SPLENDOR+ (DRS,HERO
HERO MOTOCORP LTD,MAESTRO EDGE - CAST WHEEL BSII,HERO
HERO MOTOCORP LTD,GLAMOUR - DRUM/SELF BSIII,HERO
HERO HONDA MOTORS  LTD,CD DLX SW,HERO
HERO MOTOCORP LTD,SUPER SPLENDOR  (DISC - SELF),HERO
HERO HONDA MOTORS  LTD,CD-DELUX SELF SPOKE WHEELS,HERO
HERO HONDA MOTORS  LTD,HERO HONDA CD DLX,HERO
HERO HONDA MOTORS  LTD,CITY ZX EXI MT BSIII,HERO
HERO MOTOCORP LTD,MAESTRO EDGE (ZX),HERO
HERO HONDA MOTORS  LTD,CD100,HERO
HERO MOTOCORP LTD,HF DELUXE SELF SPOKE WHEELS,HERO
HERO HONDA MOTORS  LTD,GLAMOUR DISK SELF FI CAST,HERO
HERO MOTOCORP LTD,HF DELUXE SELF CAST WHEEL,HERO
HERO MOTOCORP LTD,PASSION X PRO DRS CCR,HERO
HERO MAJESTIC LIMITED,HERO MAJESTIC,HERO
HERO MOTOCORP LTD,PSN-PRO DRS CCR,HERO
HERO MOTO CORP LTD.,HF DELUX SELFDRUMCAST BS4,HERO
HERO MOTOCORP LTD,"""PASSION PRO""(I3S-SELF-DRUM-CAST) BSIV",HERO
"HERO HONDA MOTORS LTD,",SPLENDER PRO (DRUM SELF SPOKE,HERO
SCOOTERS INDIA LTD,68...,HERO
HERO HONDA MOTORS  LTD,HERO HONDA CD  DAWN,HERO
HERO HONDA MOTORS  LTD,SPLENDOR  NXG,HERO
HERO HONDA MOTORS  LTD,C B  Z   XTREME,HERO
HERO MOTOCORP LTD,GLAMOUR D S W C WHEEL BSIV,HERO
"HERO HONDA MOTORS LTD,",SPLENDER PRO (DRUM KICK CAST W,HERO
HERO MOTOCORP LTD,HF DELUXE CANVAS,HERO
HERO HONDA MOTORS  LTD,SPLENDER,HERO
HERO HONDA MOTORS,HERO HONDA PASSION,HERO
HERO MOTO CORP LTD.,SPLENDOR+ SELFDRUMCAST BS4,HERO
HERO MOTOCORP LTD,GLAMOUR,HERO
HERO MOTOCORP LTD,SPLENDOR+ SELFDRUMCAST BS4,HERO
HERO HONDA MOTORS LTD,HERO HONDA SPLENDOR,HERO
HERO HONDA MOTORS,SPLENDOR NXG,HERO
HERO MOTO CORP LTD.,PASSION PRO I3S SLFDRMCAST BS4,HERO
HERO MOTOCORP LTD,H F DELUXE ECO,HERO
HERO MOTO CORP LTD.,CD DELUX (SELF- CAST WHEELS),HERO
HERO HONDA MOTORS  LTD,SPLENDOR NXG ALLOY,HERO
HERO HONDA MOTORS,SPLENDOR + (DISC),HERO
HERO MOTOCORP LTD,HERO GIZMO,HERO
HERO MOTOCORP LTD,ACHIEVER,HERO
HERO HONDA MOTORS  LTD,CD DAWN ,HERO
HERO MOTO CORP LTD.,IGNITOR SELF CAST DRUM,HERO
HERO HONDA MOTORS  LTD,,HERO
HERO MOTOCORP LTD,MAESTRO EDGE125 DRMCAST L2 BS6,HERO
HERO MOTOCORP LTD,PAJERO SPORTS CKD,HERO
HERO HONDA MOTORS  LTD,C B Z XTREME,HERO
HERO MOTOCORP LTD,XTREME SPORTS DOUBLE,HERO
HERO MOTOCORP LTD,HERO PASSION PRO DRUM SELFCAST,HERO
HERO MOTOCORP LTD,SUPAR SPLENDOR,HERO
HERO HONDA MOTORS  LTD,HERO HONDA CD100,HERO
HERO HONDA MOTORS  LTD,SPLENDOR  PLUS SPOCK,HERO
HERO HONDA MOTORS  LTD,SPLENDOR PLUS MMC DRK,HERO
SCOOTERS INDIA LTD,D/VAN THREE WHEELER,HERO
HERO HONDA MOTORS  LTD,SPLENDOR NXG DRUM CCR,HERO
HERO MOTOCORP LTD,"IGNITOR CAST DRS, BSIII",HERO
Hero MotoCorp Ltd,PASSION PRO (DRUM-SELF-CAST),HERO
"HERO HONDA MOTORS LTD,",PLEASURE BSIII,HERO
HERO MOTOCORP LTD,PLEASURE + (VX),HERO
HERO MOTOCORP LTD,"HERO MOTOCORP LTD, SPLENDOR+ (I3S-SELF-DRUM-CAST)",HERO
HERO MOTOCORP LTD,SPLENDOR +(I3S-SELF-DRUM-CAST,HERO
HERO MOTOCORP LTD,SPLENDER PLUSE,HERO
HERO HONDA MOTORS  LTD,HERO HONDA CD DOWN,HERO
HERO HONDA MOTORS  LTD,AMBITION-SELF DISC,HERO
SCOOTERS INDIA LTD,VIKRAM 750 DI,HERO
HERO MOTOCORP LTD,DESTINI 125 VX L2 BS6,HERO
HERO MOTOCORP LTD,GLAMOUR - DISC/SELF (WITH CAST WHEEL) BSIII,HERO
HERO MOTOCORP LTD,SPLENDOR PRO (DRUM-SELF SPOKE,HERO
HERO MOTOCORP LTD,DUET VX,HERO
HERO MOTOCORP LTD,HF DELUXE ,HERO
SCOOTERS INDIA LTD,VIJAY SUPER GP-150,HERO
HERO HONDA MOTORS  LTD,SPLENDOR PLUS MOTORCYCLE,HERO
HERO MOTOCORP LTD,HF DELUXE (KICK-DRUM-SPOKE),HERO
HERO HONDA MOTORS,GIZMO,HERO
HERO MOTOCORP LTD,SPLENDOR PLUS DRUM SCR SPOKE,HERO
SCOOTERS INDIA LTD,VIKRAM 750 D  EUR0 II,HERO
HERO HONDA MOTORS,HERO HONDA DAWN,HERO
HERO MOTOCORP LTD,HF DELUXE CAST WHEEL BSIV,HERO
HERO MOTOCORP LTD,SPLENDOR+ (I3S-SLF-DR-CST)SS,HERO
HERO MOTOCORP LTD,HUNK ES,HERO
HERO HONDA MOTORS  LTD,CD 100,HERO
HERO MOTOCORP LTD,HERO DUET BS 3,HERO
HERO MOTOCORP LTD,IGNITOR (SELF CAST DISC,HERO
HERO HONDA MOTORS  LTD,PASSION PLUS CCR,HERO
HERO HONDA MOTORS  LTD,CD  DLX,HERO
HERO HONDA MOTORS  LTD,SPLENDOR PLUS DRUM (CW),HERO
HERO HONDA MOTORS  LTD,"HERO HONDA MOTORS  LTD, AMBITION",HERO
HERO MOTOCORP LTD,PLEASURE - IBS-CAST-DRUM-SELF,HERO
HERO HONDA MOTORS  LTD,PASSION+,HERO
HERO MOTOCORP LTD,HF DELUXE SELF CAST I3S BSIV,HERO
HERO HONDA MOTORS,"HERO HONDA MOTORS, PANTHER",HERO
HERO MOTOCORP LTD,MAESTRO EDGE 125 CAST DRUM,HERO
HERO MOTOCORP LTD,GLAMOUR XTEC-DRUM-SELF-CAST,HERO
HERO MOTOCORP LTD,PASSION PLUS,HERO
HERO HONDA MOTORS,PASSION PLUS DISC CAST WHEELS-,HERO
HERO HONDA MOTORS  LTD,SPLENDOR MCY,HERO
HERO MOTOCORP LTD,SPLENDOR + (SELF-DRUM-CAST),HERO
HERO MOTOCORP LTD,HF DELEUXE SHELF,HERO
HERO HONDA MOTORS  LTD,SPLENDOR PRO DRS CCR,HERO
HERO MOTOCORP LTD,SPLENDER PLUS SR ,HERO
HERO HONDA MOTORS,HERO HONDA CD 100 SS,HERO
HERO MOTOCORP LTD,PASSION X-PRO110(DRUMSELFCAST,HERO
HERO MOTOCORP LTD,PLEASURE110 (CAST WHEEL),HERO
HERO HONDA MOTORS  LTD,HF DELUXE SELF,HERO
HERO HONDA MOTORS  LTD,HERO HONDA CD 100SS,HERO
HERO HONDA MOTORS,HERO HONDA SPLENDOR +,HERO
HERO MOTOCORP LTD,X PULSE 200T BSIV,HERO
HERO MOTOCORP LTD,HERO PUCH SHAKTI2G HERO MOTORS,HERO
HERO HONDA MOTORS  LTD,SPLENDOR PLUS CCR BSIII,HERO
HERO MOTOCORP LTD,SUPER SPLENDOR DRUM SELF CAST,HERO
HERO HONDA MOTORS,HERO PUCH 3G,HERO
"HERO HONDA MOTORS LTD,",PASSION PRO (DRUM-SELF CAST WHEELS)BSIII,HERO
HERO MOTOCORP LTD,HERO SPLENDOR PRO DRUM,HERO
HERO MOTOCORP LTD,HERO SPLENDOR PRO DRUM SELF,HERO
HERO MOTOCORP LTD,SPLENDOR+,HERO
HERO MOTOCORP LTD,GLAMOUR FI (DISC/SELF),HERO
HERO MOTOCORP LTD,SPLENDER PRO DRUM SELF,HERO
"HERO HONDA MOTORS LTD,",SPLENDER PRO (DRUM SELF CAST WHEELS) BSIII,HERO
HERO MOTOCORP LTD,HERO MAESTRO,HERO
HERO MOTOCORP LTD,H.H CD 100 SS,HERO
HERO MOTOCORP LTD,MAESTRO  DELUXE,HERO
HERO MOTOCORP LTD,HF DELUXE SELF DRUM CAST BSIV,HERO
HERO HONDA MOTORS  LTD,MCY,HERO
HERO HONDA MOTORS  LTD,HERO HONDA SPLENDER PLUS,HERO
HERO HONDA MOTORS  LTD,CBZ X TREME DSK,HERO
HERO MOTOCORP LTD,PASSION PRO (DISC-SELF-CAST),HERO
HERO MOTOCORP LTD,HF DELUXE-BLK (SELF-DRUM-CAST),HERO
HERO MOTOCORP LTD,PASSION PRO DRUM-SELF-CAST-S,HERO
HERO HONDA MOTORS  LTD,PASSION PRO DRUM KICK CAST WH.,HERO
HERO HONDA MOTORS  LTD,"HERO HONDA MOTORS  LTD, SPLENDOR PLUS",HERO
HERO MOTOCORP LTD,"HERO MOTOCORP LTD, PASSION PRO I3S-SELF-DRUM-CAST",HERO
HERO MOTOCORP LTD,SPLENDOR PRO ,HERO
HERO HONDA MOTORS  LTD,SPL PLUS,HERO
HERO HONDA MOTORS  LTD,HEROHONDA,HERO
HERO MOTOCORP LTD,HERO MESTRO,HERO
HERO HONDA MOTORS  LTD,HERO HONDA AMBITION,HERO
HERO MOTOCORP LTD,MAESTRO EDGE (ZX,HERO
HERO MOTOCORP LTD,SPL+,HERO
HERO HONDA MOTORS  LTD,SPL,HERO
HERO HONDA MOTORS  LTD,SUPER SPLENDER SELF,HERO
HERO HONDA MOTORS  LTD,HONDA CITY ZX GXI MT,HERO
HERO HONDA MOTORS  LTD,HONDA CITY LPG,HERO
HERO HONDA MOTORS  LTD,HERO HONDA MOTER CYCEL,HERO
HERO MOTOCORP LTD,SUPER  SPLENDOR,HERO
HERO MOTOCORP LTD,MAESTRO DILUXE,HERO
HERO MOTOCORP LTD,GLAMOUR CAST SELF,HERO
HERO HONDA MOTORS  LTD,SPLENDOR PLUS SPOKE,HERO
HERO HONDA MOTORS  LTD,HERO HONDA SPLENDOR,HERO
HERO HONDA MOTORS  LTD,CD HONDA,HERO
HERO MOTOCORP LTD,SUPER SPLENDOR - DRUM/SELF (WI,HERO
HERO HONDA MOTORS  LTD,SPLENDOR PLUS SW,HERO
HERO HONDA MOTORS  LTD,SPL PLUS CAST WHEEL,HERO
HERO MOTOCORP LTD,MAESTRO DELUX SCOOTER,HERO
HERO HONDA MOTORS  LTD,PASSION XPRO,HERO
HERO MOTOCORP LTD,PASSION PRO,HERO
HERO MOTOCORP LTD,HERO PUCH SAKTHI,HERO
HERO MOTOCORP LTD,SPENDOR ISMART,HERO
HERO MOTOCORP LTD,PLEASURE+ LX L2 BS6,HERO
HERO MOTOCORP LTD,SPLENDER + (I3S-SELF-DRUM CAST,HERO
HERO HONDA MOTORS  LTD,C D - DAWN,HERO
HERO MOTOCORP LTD,PASSION XPRO BSIII(CAST SELF,HERO
HERO MOTOCORP LTD,PASSION PRO MCY,HERO
HERO HONDA MOTORS,SUPER SPLENDOR DISC - KICK,HERO
HERO HONDA MOTORS  LTD,H. H. PASSION PLUS,HERO
HERO MOTOCORP LTD,CEDIA 2.0,HERO
HERO MOTOCORP LTD,PASSION PRO (DRUM-SELF SPOKE W,HERO
HERO HONDA MOTORS  LTD,HONDA CIVIC 1.8 V MT,HERO
HERO MOTOCORP LTD,SPL PLUS DRK SPOKE,HERO
HERO MOTOCORP LTD,GLAMOUR- DRUM/SELF (WITH CAST,HERO
"HERO HONDA MOTORS LTD,",SPLENDOR+ (DRUM-SPOKE)BSIII,HERO
HERO MOTOCORP LTD,SPLENDOR  ISMART,HERO
HERO MAJESTIC AUTO LTD,HERO PANTHER 60 (WITH C.C.),HERO
HERO MOTOCORP LTD,HONDA CITY 1.5 SMT,HERO
HERO MOTOCORP LTD,"HERO MOTOCORP LTD, MAESTRO EDGE (CAST WHEEL)",HERO
HERO MOTOCORP LTD,DUET (TELESCOPIC FORK BSIII,HERO
HERO MOTOCORP LTD,HF DELUXE CAST,HERO
HERO HONDA MOTORS  LTD,Splendor,HERO
HERO MOTOCORP LTD,SANTRO,HERO
HERO MOTOCORP LTD,CBZ X-TREME(ES),HERO
HERO MOTOCORP LTD,GLAMOUR DISC/SELF (WITH CAST W,HERO
HERO HONDA MOTORS  LTD,SPL PRO,HERO
HERO MOTOCORP LTD,HF DLX I3S AHO,HERO
SCOOTERS INDIA LTD,68,HERO
HERO MOTOCORP LTD,SPLENDOR PLUS DRUM,HERO
HERO MOTO CORP LTD.,HF DELUX KICKDRUMCAST BS4,HERO
HERO MOTOCORP LTD,HF DELUXE BLACKDRUMSELFCASTBS6,HERO
HERO HONDA MOTORS  LTD,"HERO HONDA MOTORS  LTD, PASSION PLUS",HERO
HERO MOTOCORP LTD,SPLENDOR+ (I3S-SELF-DRUM-CAST,HERO
HERO MOTOCORP LTD,SPLENDOR+ (DRS),HERO
HERO HONDA MOTORS  LTD,HONDA CBZ EXTREME,HERO
HERO MOTOCORP LTD,SPLENDOR PLUS CAST WHEEL,HERO
HERO MOTOCORP LTD,MAESTRO EDGE VX,HERO
HERO HONDA MOTORS,CBZ X-TREME-KS(KICKSTART)BSII,HERO
HERO HONDA MOTORS,HERO AMBITION DRUM,HERO
HERO HONDA MOTORS  LTD,JOY,HERO
HERO MOTOCORP LTD,CBZ  XTREME,HERO
HERO MOTO CORP LTD.,HF DELUXE DRUMKICKCAST BS6,HERO
HERO MOTO CORP LTD.,SPLENDOR I-SMART BSIII,HERO
HERO MOTOCORP LTD,"HERO MOTOCORP LTD, PASSION PRO DRM SLF CST WHEEL",HERO
HERO MOTOCORP LTD,GLAMOUR(HE) (DRUM-SELF-CAST),HERO
HERO MOTO CORP LTD.,PASSION XPRO (CAST DISK SELF),HERO
HERO MOTOCORP LTD,PASSION XPRO CAST,HERO
HERO MOTOCORP LTD,HF DELEXE,HERO
HERO MOTOCORP LTD,PASSION+ I3S (DRS),HERO
HERO HONDA,HERO HONDA CD 100,HERO
HERO MOTOCORP LTD,PASSION PRO ( DISC - SELF  CAS,HERO
HERO MOTOCORP LTD,PASSION PRO (DISC SELF-CAST WH,HERO
HERO HONDA MOTORS  LTD,"HERO HONDA MOTORS  LTD, HERO HONDA",HERO
HERO MOTOCORP LTD,KARIZMA DSS CAST CR,HERO
SCOOTERS INDIA LTD,VIKRAM 410,HERO
HERO MOTOCORP LTD,HF DELUXE (KICK-DRUM-CAST,HERO
"HERO HONDA MOTORS LTD,",PASSON PRO (DRUM-SELF SPOKE WH,HERO
HERO HONDA MOTORS LTD,HERO HONDA CD100 SS,HERO
SCOOTERS INDIA LTD,SCOOTER SUNNY FR,HERO
HERO MOTOCORP LTD,PASSION PRO (DRUM SELF-CAST WH,HERO
HERO MOTOCORP LTD,PASSION XPRO,HERO
HERO MOTOCORP LTD,HFDELUXE(SLF-DR-CST)SS,HERO
HERO HONDA MOTORS,CD DELUXE CAST WHEELS,HERO
HERO HONDA MOTORS  LTD,CBZ  XTREME DSS,HERO
HERO HONDA MOTORS  LTD,HUNK (ES),HERO
HERO HONDA,"HERO HONDA, SPLENDOR PLUS",HERO
HERO MOTOCORP LTD,HF DELUXE DRUMKICKCAST BS6,HERO
HERO HONDA MOTORS  LTD,CBZ,HERO
HERO HONDA MOTORS  LTD,HONDA AMAZE 1.2 S MT IVTEC,HERO
HERO MOTOCORP LTD,HF DELUX KICKDRUMSPOKE BS4,HERO
HERO MOTOCORP LTD,CD DLX CAST SS,HERO
HERO HONDA MOTORS  LTD,SPLENDOR NXGCCR,HERO
HERO HONDA MOTORS  LTD,"HERO HONDA MOTORS  LTD, HERO HONDA SPLENDOR",HERO
HERO ELECTRIC VEHICLES PVT. LTD,NYX E5,HERO
HERO MOTOCORP LTD,CD DELUX,HERO
HERO MOTOCORP LTD,MITSUBISHI PAJERO 2.8 SFX,HERO
HERO MOTOCORP LTD,HF DELUXE-BLK (I3S-SELF DRUM-C,HERO
HERO HONDA MOTORS  LTD,"SPL PRO,DRM/KICK,SPK W",HERO
HERO MOTOCORP LTD,PASSION PRO DRK CAST,HERO
HERO HONDA MOTORS  LTD,GLAMOUR DRUM SELF CAST WHEEL(G,HERO
HERO HONDA MOTORS  LTD,CD DELUX SPOCK WHEEL,HERO
HERO MOTOCORP LTD,HF-DELUXE-SELF CAST WHEELS BSI,HERO
"HERO HONDA MOTORS LTD,",PASSION PRO(DRUM-KICK CAST WHEELS)BSIII,HERO
HERO HONDA MOTORS  LTD,PASSION PRO MOTOR CYCLE,HERO
HERO HONDA MOTORS  LTD,"HERO HONDA MOTORS  LTD, HERO HONDA PASSION",HERO
HERO MOTOCORP LTD,HF DELUXE SELF CAST WHEELS- BS,HERO
HERO MOTOCORP LTD,DESTINI 125 (VX) BSIV,HERO
HERO HONDA MOTORS  LTD,PASSION PRO  BS II,HERO
HERO HONDA MOTORS  LTD,SPLENDER PRO,HERO
HERO MOTOCORP LTD,SPLENDOR PRO CAST SELF,HERO
HERO MOTOCORP LTD,HF DELUX DRS CAST,HERO
HERO MOTOCORP LTD,PAJERO 2.8 SFX,HERO
HERO HONDA MOTORS  LTD,SS,HERO
HERO HONDA MOTORS  LTD,CD DELUXE CAST,HERO
HERO HONDA MOTORS  LTD,SUPER SPLENDER,HERO
HERO MOTOCORP LTD,HERO HONDA SPLENDER PLUS,HERO
HERO HONDA MOTORS,SPLENDOR PLUS DRUM,HERO
HERO MOTOCORP LTD,PASSION PRO (DRUM-SELF-CAST) B,HERO
HERO MOTOCORP LTD,CBZ X-TREM,HERO
HERO HONDA MOTORS,HERO HONDA CD 100,HERO
HERO HONDA MOTORS  LTD,HERO HONDA SPLENDOR NXG,HERO
HERO MOTOCORP LTD,XTREME 160R-DISC-DRUM-CAST BSV,HERO
SCOOTERS INDIA LTD,VIKRAM 3 WHEELERS,HERO
HERO MOTOCORP LTD,PASSION - PRO,HERO
HERO HONDA MOTORS  LTD,SPLENDER PLUS ALLOY WH,HERO
HERO HONDA MOTORS  LTD,PASSION PLUS MMC DRK CCR,HERO
HERO HONDA MOTORS  LTD,SPLENDOR PLUS BS II,HERO
HERO MOTOCORP LTD,PASSION XPRO (CAST DISC SELF),HERO
HERO HONDA MOTORS,CDN3 DLX,HERO
HERO MOTOCORP LTD,PLEASURE + VX,HERO
HERO HONDA MOTORS  LTD,CBZ*,HERO
HERO HONDA MOTORS  LTD,PLEASURE DRUM SELF,HERO
HERO HONDA MOTORS  LTD,"HERO HONDA MOTORS  LTD, SPLENDOR",HERO
HERO MOTOCORP LTD,HF 100SS,HERO
HERO MOTOCORP LTD,SUPER SPLENDAR,HERO
HERO MOTOCORP LTD,"HERO MOTOCORP LTD, SPLENDOR +(I3S-SELF-DRUM-CAST)",HERO
HERO MOTOCORP LTD,HF DELUXE (KICK-DRUM-CAST),HERO
HERO MOTOCORP LTD,HF- DELUXE- (I3S SELF-DRUM-CAS,HERO
HERO HONDA MOTORS  LTD,GLAMOUR MOTORCYCLE,HERO
HERO MOTOCORP LTD,MAESTRO EDGE (VX),HERO
HERO MOTOCORP LTD,NOT KNOWN,HERO
HERO HONDA MOTORS  LTD,HERO PUCH 2G,HERO
HERO MOTOCORP LTD,HERO HONDA CD 100,HERO
HERO HONDA MOTORS  LTD,CD DAWN DLX,HERO
HERO HONDA MOTORS  LTD,PASSION X PRO,HERO
HERO MOTOCORP LTD,HF-DELUX,HERO
HERO HONDA MOTORS  LTD,"HERO HONDA MOTORS  LTD, CD DELUX",HERO
HERO HONDA MOTORS  LTD,HERO HONDA   PASSION PRO,HERO
HERO MOTOCORP LTD,DUET ,HERO
Hero MotoCorp Ltd,HF DELUXE (SELF-DRUM-CAST),HERO
HERO MOTOCORP LTD,SPLENDOR ISMART,HERO
HERO MOTOCORP LTD,MITSUBISHI PAJERO,HERO
HERO MOTOCORP LTD,HF DELUXE DRS CAST,HERO
HERO MOTOCORP LTD,PASSION PRO I3S-SELF-DISC-CAST,HERO
HERO MOTOCORP LTD,MAESTRO - DLX,HERO
HERO HONDA MOTORS,HERO HONDA CD 100 LX,HERO
HERO MOTO CORP LTD.,HF DELUX KICKDRUMSPOKE BS4,HERO
HERO MOTOCORP LTD,"HERO MOTOCORP LTD, SPLENDER ISMART",HERO
HERO MOTOCORP LTD,"HERO MOTOCORP LTD, HF DELUXE SELF CAST WHEELS- BS",HERO
HERO MOTOCORP LTD,PAJERO SPORTS,HERO
HERO MOTOCORP LTD,PLESURE(SHEET METAL),HERO
HERO MOTOCORP LTD,HF-DELUXE,HERO
Hero Honda Motors Ltd,Hero Honda Cd100 Ss,HERO
"HERO HONDA MOTORS LTD,",CBZ X -TREME (ES)  BSIII,HERO
HERO MOTOCORP LTD,SPLENDOR PLUS MAC,HERO
HERO MOTOCORP LTD,CBZ X TREME,HERO
HERO HONDA MOTORS  LTD,GLAMOUR CAST D/S,HERO
HERO MOTOCORP LTD,PLEASURE110 (SHEET METAL),HERO
HERO HONDA MOTORS  LTD,SPLENDOR PRO 10 DRUM SELF CAST,HERO
HERO MOTOCORP LTD,GLAMOUR DSS CAST,HERO
HERO HONDA,HERO HONDA SPLENDOR,HERO
HERO MOTOCORP LTD,SPLENDOR-NXG-ISMART,HERO
"HERO HONDA MOTORS LTD,",PASSION PRO(DRUM-SELF SPOKE WH,HERO
HERO MOTOCORP LTD,MOPED,HERO
HERO HONDA MOTORS  LTD,SPL PLUS CCR,HERO
HERO HONDA MOTORS LTD,HERO HONDA PASSION PLUS,HERO
HERO MOTOCORP LTD,"HERO MOTOCORP LTD, PASSION PRO DRS CAST",HERO
HERO HONDA MOTORS  LTD,PASSION PLUS SPOCK,HERO
HERO HONDA MOTORS  LTD,ACHIEVER DRUM,HERO
HERO HONDA MOTORS  LTD,HUNK DSS CCR,HERO
HERO HONDA MOTORS  LTD,"HERO HONDA MOTORS  LTD, SUPER SPL SELF",HERO
HERO MOTOCORP LTD,HF DELUXE SELF,HERO
HERO MOTOCORP LTD,"HERO MOTOCORP LTD, SUPER SPLENDOR-DR-SLF-CST",HERO
HERO HONDA MOTORS  LTD,PASSION PRO D SL CST,HERO
HERO MOTOCORP LTD,SPLENDOR + (DRUM SELF - CAST W,HERO
HERO MOTOCORP LTD,GLAMOUR DRUM,HERO
HERO MOTOCORP LTD,CBZ,HERO
HERO HONDA MOTORS  LTD,HONDA CITY 1.5 S MT,HERO
HERO MOTOCORP LTD,SPLENDOR PRO DRUM SELF CAST,HERO
HERO MOTOCORP LTD,HF DELUXE DRUM KIK CAST,HERO
HERO HONDA MOTORS  LTD,SPLENDOR PLUS DRUM KICK MMC,HERO
HERO MOTOCORP LTD,PASSION PRO (DRUM-SELF-CAST),HERO
HERO HONDA MOTORS  LTD,PASSION PRO(DISKSLF CASTWHEEL),HERO
HERO MOTOCORP LTD,XTREME SPORTS-REAR DRUM BRAKE(,HERO
HERO MOTOCORP LTD,GLAMOUR - (HE) (DISC-SELF-CAST,HERO
HERO PUCH,HERO SMART,HERO
HERO MOTOCORP LTD,SUPER SPLENDOR DRMSLF CST I3S,HERO
HERO HONDA MOTORS  LTD,SPLENDOUR,HERO
HERO HONDA MOTORS  LTD,SPLENDOR PRO CCR,HERO
HERO MOTOCORP LTD,MAESTRO DELUXE SCOOTER,HERO
HERO MOTOCORP LTD,MAESTRO EDGE VX CANDY,HERO
HERO HONDA,CD DELUXE CAST WHEELS,HERO
HERO HONDA MOTORS  LTD,NEW SPLENDOR PLUSE,HERO
HERO HONDA MOTORS  LTD,Hero Honda CD 100 Delux,HERO
HERO HONDA MOTORS  LTD,CBZ X -TREME (ES)  BSIII,HERO
HERO MOTOCORP LTD,SPLENDOR PRO 10 DR SELF CAST,HERO
HERO MOTOCORP LTD,PASSION PRO (DRUM SELF - CAST WHEELS) BSIII,HERO
HERO MOTOCORP LTD,PAJERO SPORTS 2.5,HERO
HERO MOTOCORP LTD,HF DELUXE SELF MAG WHEEL,HERO
HERO MOTOCORP LTD,PASSION PRO DSS,HERO
HERO MOTOCORP LTD,HFDELUXE-BLK(SLF-DR-CAST)SS,HERO
HERO MOTOCORP LTD,I SMART,HERO
HERO MOTOCORP LTD,MAESTRO EDGE 125 (DISC CAST) B,HERO
HERO HONDA MOTORS  LTD,PLEASURE BSIII,HERO
HERO HONDA MOTORS  LTD,ACHIEVER DISC SELF CAST,HERO
HERO HONDA,HERO PUCH SHAKTI AG,HERO
"HERO HONDA MOTORS LTD,",SPLENDER+(DRUM-SPOKE WHEELS),HERO
HERO HONDA MOTORS  LTD,MCCYLE,HERO
HERO MOTOCORP LTD,HERO HF DLX CW GTR,HERO
HERO MOTOCORP LTD,HF  DELUXE,HERO
HERO HONDA MOTORS  LTD,Glamor,HERO
HERO HONDA MOTORS,PASSION PLUS,HERO
HERO MOTOCORP LTD,PASSION PRO DSS AALOY,HERO
HERO MOTOCORP LTD,SUP SPLINDOR DRUM,HERO
HERO HONDA MOTORS  LTD,HERO HONDA HUNK,HERO
HERO MOTOCORP LTD,"HERO MOTOCORP LTD, KARIZMA",HERO
HERO MOTOCORP LTD,H. SPLENDER PLUS,HERO
HERO HONDA MOTORS  LTD,PAWSSION PLUS DRUM,HERO
HERO MOTOCORP LTD,SLP PRO SCR,HERO
HERO MOTOCORP LTD,HF-DELUX SELF-CAST WHEELS,HERO
HERO HONDA MOTORS  LTD,"HERO HONDA MOTORS  LTD, HERO HONDA CD 100",HERO
HERO MOTO CORP LTD.,PASSION XPRO110 DRMSELFCST BS4,HERO
HERO MOTOCORP LTD,HF DELUXE CAST WHEEL,HERO
HERO HONDA MOTORS  LTD,ACTIVA,HERO
SCOOTERS INDIA LTD,"VIKRAM 750D, 8 STR, BS-III",HERO
HERO MOTOCORP LTD,PASSION PRO(DRUM SELF - SPOKE,HERO
HERO MOTOCORP LTD,SPLENDER I SMART,HERO
HERO MOTOCORP LTD,HF DELUXE CAST WHEELS,HERO
HERO HONDA MOTORS  LTD,PASSION PRO,HERO
HERO HONDA MOTORS  LTD,PASSION PRO ,HERO
HERO MOTOCORP LTD,SPLENDER PLUS SELF,HERO
HERO MOTOCORP LTD,SPLENDOR NXG DRS CCR,HERO
HERO HONDA MOTORS  LTD,SPLENDOR PLUS SPOKES,HERO
HERO HONDA MOTORS  LTD,ACHIEVER DSS CAST,HERO
HERO MOTOCORP LTD,SUPER SPLENDOR XTEC DR,HERO
