rc_maker_desc,rc_maker_model,Mapped Name
HINDUSTAN MOTOR CORPORATION,AMBASADDOR,HINDUSTAN
HINDUSTAN MOTOR CORPORATION,MITSUBISHI MONTERO G,HINDUSTAN
HINDUSTAN MOTOR CORPORATION,MISTUBISHI LANCER,HINDUSTAN
HINDUSTAN MOTORS LTD,AMBASDOR LAND MASTER,HINDUSTAN
HINDUSTAN MOTOR CORPORATION,AMBASSADAR 1500 DSL,HINDUSTAN
HINDUSTAN MOTOR CORPORATION,LANCER DIESEL,HINDUSTAN
HINDUSTAN MOTOR CORPORATION,LMV CAR,HINDUSTAN
HINDUSTAN MOTOR CORPORATION,MITSUBISHI LANCER,HINDUSTAN
HINDUSTAN MOTORS,CLASSIC 2000DSZ (BUCKET SEATS,HINDUSTAN
HINDUSTAN MOTORS,AMBASSADOR DIESEL,HINDUSTAN
M/S HINDUSTAN MOTORS LIMITED,OUTLANDER,HINDUSTAN
HINDUSTAN MOTORS,AMBASSADOR 1800 A/C,HINDUSTAN
HINDUSTAN MOTOR CORPORATION,MITSUBISHI MONTEO,HINDUSTAN
HINDUSTAN MOTOR CORPORATION,CONTESSA CLASSIC 1.8,HINDUSTAN
M/S HINDUSTAN MOTORS LIMITED,CEDIA BSIII,HINDUSTAN
M/S HINDUSTAN MOTORS LIMITED,AMBASADOR GRAND 2000DSZ BSIIIW,HINDUSTAN
HINDUSTAN MOTORS,AMBASSADOR MARK IV,HINDUSTAN
M/S HINDUSTAN MOTORS LIMITED,LANCER LX BSIII,HINDUSTAN
HINDUSTAN MOTORS,"HINDUSTAN MOTORS, AMBASSADOR 1800 ISZ",HINDUSTAN
HINDUSTAN MOTOR CORPORATION,LANCER  GLXD,HINDUSTAN
HINDUSTAN MOTOR CORPORATION,AMBASSADOR,HINDUSTAN
HINDUSTAN MOTOR CORPORATION,MITSUBISHI LANEEXSLX,HINDUSTAN
HINDUSTAN MOTORS,AMBASDOR,HINDUSTAN
HINDUSTAN MOTOR CORPORATION,AMMBASSADAR,HINDUSTAN
M/S HINDUSTAN MOTORS LIMITED,PAJERO SFX-BS III,HINDUSTAN
HINDUSTAN MOTORS,MITSUBISHI IMPORTED,HINDUSTAN
HINDUSTAN MOTORS LIMITED,OUTLANDER,HINDUSTAN
HINDUSTAN MOTOR CORPORATION,LANCER CAR,HINDUSTAN
HINDUSTAN MOTORS,AMBASSADOR AVIGO 2.0 E2DS,HINDUSTAN
HINDUSTAN MOTORS,TREKKER,HINDUSTAN
HINDUSTAN MOTOR CORPORATION,LANCER CAR LXD,HINDUSTAN
HINDUSTAN MOTORS,MITSUBISHI PAJERO SFX,HINDUSTAN
HINDUSTAN MOTORS,AMBASSADOR STRIDE DIESEL,HINDUSTAN
HINDUSTAN MOTORS LTD,AMBASSADOR,HINDUSTAN
HINDUSTAN MOTOR CORPORATION,PAJERO 2.8 GLX,HINDUSTAN
HINDUSTAN MOTOR CORPORATION,AMBASSADOR CAR,HINDUSTAN
HINDUSTAN MOTORS LIMITED,PAJERO 2800 GLX BSIII,HINDUSTAN
HINDUSTAN MOTORS,AMBASSADOR CLASSIC 2000 DSZ,HINDUSTAN
HINDUSTAN MOTOR CORPORATION,LANCER DIESEL LXD,HINDUSTAN
HINDUSTAN MOTOR CORPORATION,MITSUBISHI LANCER1.8,HINDUSTAN
HINDUSTAN MOTOR CORPORATION,MOTOR CAR,HINDUSTAN
HINDUSTAN MOTORS,LANCER GLX,HINDUSTAN
HINDUSTAN MOTORS,AMBASSADOR GRAND 2.0 E2 DSZ,HINDUSTAN
HINDUSTAN MOTOR CORPORATION,AMBASSASOR,HINDUSTAN
HINDUSTAN MOTOR CORPORATION,LANCER SLX DV,HINDUSTAN
HINDUSTAN MOTOR CORPORATION,AMBASSADOR CLASSIC,HINDUSTAN
HINDUSTAN MOTOR CORPORATION,LANCER GLI,HINDUSTAN
HINDUSTAN MOTOR CORPORATION,CEDIA SPORTS,HINDUSTAN
HINDUSTAN MOTOR CORPORATION,AMBASSADOR 2000 DSZ,HINDUSTAN
HINDUSTAN MOTORS,AMBASSADOR 1800 ISZ,HINDUSTAN
HINDUSTAN MOTORS,AMBASSADOR CLASSIC 1500 DSL,HINDUSTAN
HINDUSTAN MOTOR CORPORATION,AMBESDOR,HINDUSTAN
HINDUSTAN MOTORS LTD,PAJERO SFX (BS-III),HINDUSTAN
HINDUSTAN MOTOR CORPORATION,AMB CLASSIC,HINDUSTAN
HINDUSTAN MOTORS LIMITED,PAJERO 2800 GLX BSII,HINDUSTAN
M/S HINDUSTAN MOTORS LIMITED,PAJERO SPORT BSIV,HINDUSTAN
HINDUSTAN MOTORS,LANCER GLXD,HINDUSTAN
HINDUSTAN MOTORS LIMITED,PAJERO 2800 GLX,HINDUSTAN
HINDUSTAN MOTOR CORPORATION,AMB 2000 BE,HINDUSTAN
HINDUSTAN MOTORS,LANCER GLI,HINDUSTAN
HINDUSTAN MOTORS,AMBASSADOR NOVA (D),HINDUSTAN
HINDUSTAN MOTOR CORPORATION,LANCER GLXIV,HINDUSTAN
HINDUSTAN MOTOR CORPORATION,PAJERO SFX,HINDUSTAN
HINDUSTAN MOTOR CORPORATION,LANCER LXD,HINDUSTAN
HINDUSTAN MOTOR CORPORATION,PAJERO 2800 GLX,HINDUSTAN
HINDUSTAN MOTOR CORPORATION,AMBASITOR CAR,HINDUSTAN
HINDUSTAN MOTORS LIMITED,AMBASSADOR CLASSIC 2000 DSZ,HINDUSTAN
HINDUSTAN MOTORS,LANCER-SLXD,HINDUSTAN
HINDUSTAN MOTOR CORPORATION,LANCER GLXI,HINDUSTAN
HINDUSTAN MOTORS,LANCER 2GLXD,HINDUSTAN
HINDUSTAN MOTOR CORPORATION,AMBASSADOR 2000 DSL,HINDUSTAN
HINDUSTAN MOTORS,AMBASSADOR,HINDUSTAN
HINDUSTAN MOTORS LTD,PAJERO SPORT BSIV,HINDUSTAN
HINDUSTAN MOTOR CORPORATION,PAJERO DIESEL,HINDUSTAN
HINDUSTAN MOTORS LTD,3511 TRACTOR HINDUSTAN MOTORS,HINDUSTAN
HINDUSTAN MOTOR CORPORATION,CEDIA SELECT 2.0,HINDUSTAN
HINDUSTAN MOTORS LTD,AMBASSADOR 1.5 DSL,HINDUSTAN
HINDUSTAN MOTOR CORPORATION,LANCER 1.5 LXI,HINDUSTAN
HINDUSTAN MOTOR CORPORATION,LANCER,HINDUSTAN
HINDUSTAN MOTOR CORPORATION,MITSUBISI MONTERO3.2,HINDUSTAN
HINDUSTAN MOTOR CORPORATION,PAJERO SPORT,HINDUSTAN
HINDUSTAN MOTORS,AMBASSADOR CLASSIC 1500DSL DLX,HINDUSTAN
