rc_maker_desc,rc_maker_model,Mapped Name
SML ISUZU LTD,SWARAJMAZDASUPERTCIIIWSHDECKZT,ISUZU
SML ISUZU LTD,SARTAJ GS 3335HG 72 HSD12F BS6,ISUZU
SML ISUZU LTD,S7 4240 SCHOOL BUS BSIV ,ISUZU
SML ISUZU LTD,SARTAJ 3335 MAXI CAB STD BSIV,ISUZU
ISUZU MOTORS INDIA PVT LTD,ISUZU MU-X 3.0L 4WD AT BSIV,ISUZU
SML ISUZU LTD,ZT54 S TC III,ISUZU
SML ISUZU LTD,NEW SWARAJ MAZDA BUS,ISUZU
SML ISUZU LTD,SCHOOL BUS,ISUZU
ISUZU MOTORS INDIA PVT LTD,ISUZU MU-X 3.0L 2WD AT,ISUZU
SML ISUZU LTD,SWARAJ TRUCK,ISUZU
ISUZU MOTORS INDIA PVT LTD,ISUZU MU 7 BS4,ISUZU
SML ISUZU LTD,WT50TC-IIID BUS,ISUZU
SML ISUZU LTD,WT50TC LMB BUS STANDARD,ISUZU
SML ISUZU LTD,D MAX SPACECAB BS4,ISUZU
ISUZU MOTORS LTD JAPAN,D-MAX  BSIV,ISUZU
SML ISUZU LTD,ZT54 S XM III SHD(PS)SUP12.9XM,ISUZU
SML ISUZU LTD,S7 4240 SCHOOL BUS BSIV 43SEAT,ISUZU
SML ISUZU LTD,T3500 ZT54ETCIIIDEL WB BSIII,ISUZU
ISUZU MOTORS INDIA PVT LTD,D MAX FLATDECK BS IV,ISUZU
ISUZU MOTORS INDIA PVT LTD,S-CAB 2WD HR Z,ISUZU
ISUZU MOTOR INDIA PVT LTD,D-MAX FLATDECK,ISUZU
SML ISUZU LTD,ZT 54TCA(SUPER),ISUZU
SML ISUZU LTD,"SML ISUZU LTD, SWARAJ MAZDA Â ZT 54 BC",ISUZU
SML ISUZU LTD,COSMO WV26 TCIVD BSIV,ISUZU
SML ISUZU LTD,ZT54SM NG AL WB,ISUZU
SML ISUZU LTD,SML ISUZU T 3500 BS III,ISUZU
SML ISUZU LTD,ZT 54 AB TC,ISUZU
SML ISUZU LTD,SAMRATSMTCIII SHDZT54SM TCIII ,ISUZU
SML ISUZU LTD,SAMRAT2815CABCHASSISTIPPER,ISUZU
ISUZU MOTORS INDIA PVT LTD,D-MAX CAB,ISUZU
SML ISUZU LTD,ZT 54 NG,ISUZU
ISUZU MOTORS INDIA PVT LTD,D-MAX REG. FD HR 4X2 (4JA1),ISUZU
SML ISUZU LTD,SWARAJ MAZDA 3335MM,ISUZU
SML ISUZU LTD,ZT54ABTCIII TIPPER,ISUZU
SML ISUZU LTD,ZT54EDLWBSCHOOLBUS33SEATER,ISUZU
SML ISUZU LTD,SML ISUZU T 3500 BSIV,ISUZU
SML ISUZU LTD,WV26SDSCHOOLBUS27SEAT,ISUZU
SML ISUZU LTD,EXECUTIVE 2815 BUS BS IV,ISUZU
SML ISUZU LTD,SWARAJ MAZDA  SAMRAT,ISUZU
SML ISUZU LTD,S74240SDXBUS31 SEATER,ISUZU
SML ISUZU LTD,SWARAZ MAZDA WV26 EXE,ISUZU
SML ISUZU LTD,S73335 SDX BUS  23 SEATER,ISUZU
SML ISUZU LTD,ZT54M NG SHD LWB,ISUZU
SML ISUZU LTD,GENERATOR VAN,ISUZU
SML ISUZU LTD,"SML ISUZU LTD, WV 26 S TC",ISUZU
M/S ISUZU MOTORS INDIA PVT LTD,ISUZU MU-X 3.0L 2WD AT 4JJ1 BS,ISUZU
SML ISUZU LTD,SAMRATW/OCARGOBOXELWB,ISUZU
ISUZU MOTORS LTD JAPAN,MU-7 BSIII,ISUZU
SML ISUZU LTD,SWARAJ ZT54SM TC,ISUZU
SML ISUZU LTD,EXELX ACBUS29SEATERHBSEAT,ISUZU
SML ISUZU LTD,SWARAIMAZDA MAXI CAB,ISUZU
SML ISUZU LTD,ECOMAXSCHOOLBUS20SEATERLR,ISUZU
SML ISUZU LTD,SAMRAT4240GSNGTCCABCHASSIS17F,ISUZU
ISUZU MOTOR INDIA PVT LTD,D-MAX CREW HR (4JA1 BSIV,ISUZU
SML ISUZU LTD,SARTAJGS3335HG72CABCHASSIS14F,ISUZU
SML ISUZU LTD,WV-26 EXE TC III BUS,ISUZU
SML ISUZU LTD,SUPREME,ISUZU
M/S ISUZU MOTORS INDIA PVT LTD,D-MAX CAB CHASSIS WB3050 BSIV,ISUZU
SML ISUZU LTD,SARTAJ HG72 TC3 WV26S TC3 B12,ISUZU
SML ISUZU LTD,ZT54E TC,ISUZU
SML ISUZU LTD,ZT54M NG SHD,ISUZU
SML ISUZU LTD,SARTAJ3335GSNGTCHIGHDECK14F,ISUZU
SML ISUZU LTD,SAMRAT4760HD19HIGHDECKELWB B,ISUZU
SML ISUZU LTD,"SML ISUZU LTD, T /3500 ZT 54 SUPER",ISUZU
SML ISUZU LTD,ZT 54TC,ISUZU
SML ISUZU LTD,SML ISUZU BS 3,ISUZU
ISUZU MOTORS INDIA PVT LTD,D-MAX CREW (4JA1,ISUZU
SML ISUZU LTD,SML ISUZU WV26STC,ISUZU
SML ISUZU LTD,ZT54 TC III LWB SHD BSIII,ISUZU
SML ISUZU LTD,ZT54SMBSIII,ISUZU
SML ISUZU LTD,WV26 NG A,ISUZU
SML ISUZU LTD,SUPREME ZT54E D LWB DRIVE AWAY,ISUZU
SML ISUZU LTD,SAMRATSTEELHIGHDECK,ISUZU
SML ISUZU LTD,SUPERGS4240HSD17F,ISUZU
SML ISUZU LTD,SML ISUZU LTD.,ISUZU
SML ISUZU LTD,SARTAJGSHG753335HSD14F,ISUZU
ISUZU MOTORS INDIA PVT LTD,D-MAX,ISUZU
M/S ISUZU MOTORS INDIA PVT LTD,ISUZU MU-X 3.0L 2WD AT BSIV,ISUZU
SML ISUZU LTD,SAMRATGSXT2815FSTIPPER,ISUZU
SML ISUZU LTD,LTD T35007ZT54ES TC,ISUZU
SML ISUZU LTD,SWARAJ MAZDA SARTAJ 5252XM,ISUZU
SML ISUZU LTD,WV26SM NG 72 B,ISUZU
SML ISUZU LTD,PRESTIGEGS2815HSD10F,ISUZU
Isuzu Motors India Pvt Ltd,ISUZUMU-X3.0L4WDAT,ISUZU
SML ISUZU LTD,EXECUTIVELX3335ACBUS21SEATER,ISUZU
SML ISUZU LTD,"S7, STANDARD SCHOOL BUS",ISUZU
SML ISUZU LTD,ISUZU BUS,ISUZU
SML ISUZU LTD,WV26S SARTAJ CITY BUS,ISUZU
SML ISUZU LTD,BUS. SCHOOL,ISUZU
SML ISUZU LTD,EXECUTIVE LX AC BUS 20 SEATER ,ISUZU
SML ISUZU LTD,SAMRAT TRUCK ZT54MTCIIIHD19ELW,ISUZU
SML ISUZU LTD,WV 26S TC,ISUZU
SML ISUZU LTD,SARTAJ SCHOOL BUS,ISUZU
SML ISUZU LTD,ZT54EDELWBSCHOOLBUS47SEAT,ISUZU
ISUZU MOTORS INDIA PVT LTD,MU 7 BS IV,ISUZU
SML ISUZU LTD,SAMRAT4760GSNGTC21FCARGO6CYL,ISUZU
SML ISUZU LTD,WV 26STC,ISUZU
M/S ISUZU MOTORS INDIA PVT LTD,D-MAX 2WD FD HR 2.0 BSVI,ISUZU
SML ISUZU LTD,SAMRATGS4760HSD21F10.7,ISUZU
SML ISUZU LTD,EXECUTIVELXACSCHOOLBUS43SEATER,ISUZU
SML ISUZU LTD,WV26S TC-III D,ISUZU
SML ISUZU LTD,SAMRATGSXT3335LSD14F,ISUZU
SML ISUZU LTD,ZT54TC ELWB BUS STD,ISUZU
SML ISUZU LTD,SWARAJMAZDASUPREMETCIIIZT54ETC,ISUZU
SML ISUZU LTD,SML ISUZU SARTAJ BS III,ISUZU
ISUZU MOTOR INDIA PVT LTD,MU 7 BSIV,ISUZU
SML ISUZU LTD,ZT54...,ISUZU
SML ISUZU LTD,WV26S TC 111,ISUZU
SML ISUZU LTD,S74240SDXBUS33SEATER,ISUZU
SML ISUZU LTD,WV 26STC III SHD 12,ISUZU
SML ISUZU LTD,ZT54MS NG A,ISUZU
SML ISUZU LTD,ECOMAXACBUS13SEATER,ISUZU
M/S ISUZU MOTORS INDIA PVT LTD,D-MAX CAB CHASSIS V2 (4JA1) BS,ISUZU
SML ISUZU LTD,S7 NEXT 5100,ISUZU
Isuzu Motors India Pvt Ltd,V-CROSS,ISUZU
SML ISUZU LTD,WV265,ISUZU
SML ISUZU LTD,SML ISUZU SAMRAT (EURO III),ISUZU
SML ISUZU LTD,SAMRAT 2815 TIPPER XM BSIII,ISUZU
SML ISUZU LTD,SAMRATGSXT4760HSD21FWC,ISUZU
SML ISUZU LTD,S7 NG COWL CHASSIS,ISUZU
SML ISUZU LTD,WV26SM NG SHD,ISUZU
SML ISUZU LTD,S7 5100 SCHOOL BUS 53 SEATER,ISUZU
SML ISUZU LTD,"SML ISUZU LTD, W V 26 TCIII D BUS",ISUZU
SML ISUZU LTD,ZT54SMNGTC4240DRIVEAWAYCHASSIS,ISUZU
SML ISUZU LTD,SAMRATGSXT5100CABCHASSIS24F,ISUZU
SML ISUZU LTD,"SML ISUZU LTD, SUPREMEGS3335CABCHASSIS14F",ISUZU
SML ISUZU LTD,SWARAJ MAZDA TRUCK,ISUZU
SML ISUZU LTD,,ISUZU
SML ISUZU LTD,ZT54ETCIIIDELWB,ISUZU
SML ISUZU LTD,SWARAJMAZDAT3500BSIII,ISUZU
SML ISUZU LTD,S75100SCHOOLBUS53SEATER,ISUZU
SML ISUZU LTD,PRESTIGE 4WD,ISUZU
SML ISUZU LTD,S7 BUS,ISUZU
SML ISUZU LTD,COSMO 2815 MAXICAB13SEATER,ISUZU
ISUZU MOTORS INDIA PVT LTD,ISUZU D MAX CREW HR 4JA1 BS4,ISUZU
ISUZU MOTOR INDIA PVT LTD,D-MAX CREW HR (4JA1) BSIV,ISUZU
SML ISUZU LTD,SARTAJ 3335 STD BUS,ISUZU
SML ISUZU LTD,WT49ESTC D III,ISUZU
SML ISUZU LTD,S75100COWLCHASSIS,ISUZU
SML ISUZU LTD,SAMRATXT13124300CABCHASSIS,ISUZU
SML ISUZU LTD,SML ISUZU T 3500 BS3,ISUZU
SML ISUZU LTD,SWARAJ MAZDA ZT 54 TCB,ISUZU
SML ISUZU LTD,WV 26 S TC EURO III,ISUZU
SML ISUZU LTD,WV 27U - SALOON,ISUZU
ISUZU MOTOR INDIA PVT LTD,D-MAX 2WD FD HR 2.0 BSVI,ISUZU
SML ISUZU LTD,WV265/TC,ISUZU
SML ISUZU LTD,HIROIFOH4370BUS33SEATER,ISUZU
SML ISUZU LTD,SAMRAT XM,ISUZU
SML ISUZU LTD,SARTAJ TCIII WV26S TCIIID BUSS,ISUZU
SML ISUZU LTD,MAXI CAB,ISUZU
SML ISUZU LTD,WV26S NG SM DC,ISUZU
SML ISUZU LTD,ZT54 SM B EL WB,ISUZU
SML ISUZU LTD,ZT54ABDLWBDRIVEAWAYCHASSIS,ISUZU
SML ISUZU LTD,WV26S TC III SHD,ISUZU
SML ISUZU LTD,ZT54M NG SMHD,ISUZU
ISUZU MOTORS INDIA PVT LTD,ISUZU D MAX,ISUZU
SML ISUZU LTD,ZT 54 TC LWB SHD BS3,ISUZU
SML ISUZU LTD,WV26 SMTC SATRAJ BS3,ISUZU
SML ISUZU LTD,SUPREME 4760 EL WB STD BUS,ISUZU
SML ISUZU LTD,ZT54ABDLWBSCHOOLBUS33SEATER,ISUZU
SML ISUZU LTD,ZT 54E,ISUZU
SML ISUZU LTD,SUPER 12 9 XM BSIII 3940STHI,ISUZU
ISUZU MOTORS INDIA PVT LTD,ISUZU MU-7 BS4,ISUZU
ISUZU MOTORS INDIA PVT LTD,D MAX CAB CHASSIS,ISUZU
SML ISUZU LTD,WT48DSCHOOLBUS22SEATER,ISUZU
SML ISUZU LTD,S73335NGTCSCHOOLBUS33SEATER,ISUZU
SML ISUZU LTD,ZT54ELWBSCHOOLBUS33SEAT,ISUZU
ISUZU MOTORS INDIA PVT LTD,D-MAX 2WD CBC HR,ISUZU
SML ISUZU LTD,ZT54EDTNELWBSCHBUS37SEAT,ISUZU
SML ISUZU LTD,WV 26STC - III,ISUZU
SML ISUZU LTD,SML ISUZU TRUCK,ISUZU
SML ISUZU LTD,WV26SDNGTCCOWLCHASSIS,ISUZU
SML ISUZU LTD,SML ISUZU WT49ESTC D,ISUZU
ISUZU MOTORS INDIA PVT LTD,S-CAB 2WD CBC HR,ISUZU
SML ISUZU LTD,SAMRATGS3335REEFERTRUCK14F,ISUZU
SML ISUZU LTD,SML SAMRAT XM,ISUZU
SML ISUZU LTD,WV26STC III SHD,ISUZU
ISUZU MOTORS INDIA PVT LTD,MOTORCAR,ISUZU
SML ISUZU LTD,WV 26STC-III SMDC,ISUZU
SML ISUZU LTD,SAMRATXT1312430020FHSD,ISUZU
SML ISUZU LTD,PRESTIGE TCIII WT 50 TCIII L,ISUZU
SML ISUZU LTD,SAMRAT4760GSNGTCCABCHASSIS21F,ISUZU
SML ISUZU LTD,BUS..,ISUZU
SML ISUZU LTD,WV 26STC-III,ISUZU
ISUZU MOTORS INDIA PVT LTD,D MAX PICKUP TRUCK,ISUZU
SML ISUZU LTD,SAMRAT4240GSNGTCHIGHDECK19F,ISUZU
ISUZU MOTORS INDIA PVT LTD,ISUZU MU-7,ISUZU
SML ISUZU LTD,SARTAJGSHG72STEELHIGHDECKSHD14,ISUZU
ISUZU MOTORS INDIA PVT LTD,D-MAX CREW (4JA1),ISUZU
ISUZU MOTOR INDIA PVT LTD,MU-7 (AT) BSIV,ISUZU
SML ISUZU LTD,SAMRATGS2815CABCHASSIS10F10.2,ISUZU
SML ISUZU LTD,LCV-   BS-II,ISUZU
SML ISUZU LTD,HIROIFOHNONAC5300WBBUS63SEATER,ISUZU
SML ISUZU LTD,ZT54 SM TC III,ISUZU
SML ISUZU LTD,S7 5100 SDX BUS 39 SEATER,ISUZU
SML ISUZU LTD,SAMRATGS4760CABCHASSIS21F10.7,ISUZU
SML ISUZU LTD,SARTAJ 5252XM EURO III,ISUZU
SML ISUZU LTD,ZT54 SM NG IV B ELWB,ISUZU
SML ISUZU LTD,ZT54SM TCIII SHD(PS)SAMRAT XM,ISUZU
SML ISUZU LTD,COSMO TC III WV 26A TC III PO,ISUZU
SML ISUZU LTD,SUPER 12 XM,ISUZU
SML ISUZU LTD,WT50TC-III D BUS,ISUZU
SML ISUZU LTD,ZT54E TC III LWB SCHOL BUS,ISUZU
SML ISUZU LTD,WV26 NG A LWB,ISUZU
SML ISUZU LTD,ZT54SM TC D ELWB IV,ISUZU
SML ISUZU LTD,SARTAJ HG72 TCIII STEEL HDEK,ISUZU
SML ISUZU LTD,SML ISUZU SARTAJ 7200,ISUZU
ISUZU MOTORS INDIA PVT LTD,ISUZU V CROSS BSIV,ISUZU
SML ISUZU LTD,ZT54MNG LWB,ISUZU
SML ISUZU LTD,SAMRAT4760GSNGTC21FCARGOBOX,ISUZU
SML ISUZU LTD,SML ISUZU T 3500 BSIII,ISUZU
SML ISUZU LTD,WV 26 SM NG EURO-IV,ISUZU
ISUZU MOTOR INDIA PVT LTD,V-CROSS,ISUZU
SML ISUZU LTD,SAMRATGSXT2815CABCHASSISTIPPER,ISUZU
SML ISUZU LTD,T3500 ZT54 SUPER,ISUZU
SML ISUZU LTD,SWARAJ 735 FE,ISUZU
SML ISUZU LTD,SARTAJ 5252 XM  SMHD CARGO BOX,ISUZU
SML ISUZU LTD,SWARAJ MAZDA ZT 54E TC,ISUZU
SML ISUZU LTD,WV 26 SM NG,ISUZU
SML ISUZU LTD,ZT54ELWBSCHOOLBUS32SEATER,ISUZU
SML ISUZU LTD,TIPPER ZT54AB TC III,ISUZU
SML ISUZU LTD,GOODS VEHICLE,ISUZU
SML ISUZU LTD,LCV  TRUCK BS- II,ISUZU
SML ISUZU LTD,EXECUTIVELXACBUS29SEATER,ISUZU
ISUZU MOTOR INDIA PVT LTD,SPL +,ISUZU
SML ISUZU LTD,SALOON,ISUZU
ISUZU MOTORS INDIA PVT LTD,D MAX,ISUZU
SML ISUZU LTD,"SML ISUZU LTD, GOODS VEHICLE",ISUZU
SML ISUZU LTD,SUPERABGS2815CARGOBOX,ISUZU
SML ISUZU LTD,WV26SNGTCSCHOOLBUS27SEAT,ISUZU
SML ISUZU LTD,SML ISUZU S7 STD SCHOOL,ISUZU
SML ISUZU LTD,SWARAJ MAZDA T3500 WT,ISUZU
ISUZU MOTORS INDIA PVT LTD,S CAB 2WD HR BS6,ISUZU
SML ISUZU LTD,SML ISUZU T3500BSIII,ISUZU
ISUZU MOTORS INDIA PVT LTD,ISUZU MUX 3.0L 2WD AT M1 BS4,ISUZU
ISUZU MOTORS INDIA PVT LTD,D-MAX 2WD CBC HR 2.0,ISUZU
SML ISUZU LTD,SARTAJ3335GSNGTCCABCHASSIS14F,ISUZU
SML ISUZU LTD,SUPER 12 9 XM BSIII 3940 WCB,ISUZU
SML ISUZU LTD,SAWRAJ MAZADA TRUCK,ISUZU
SML ISUZU LTD,SAMRATGSXT2815LSD12F,ISUZU
SML ISUZU LTD,WV26S TC SARTAJ SCHOOL BUS,ISUZU
SML ISUZU LTD,ZT54ETC III,ISUZU
SML ISUZU LTD,SAMRAT4240GSNGTCCABCHASSIS19F,ISUZU
SML ISUZU LTD,SARTAJ 5252XM (EURO III),ISUZU
SML ISUZU LTD,SML ISUZU SARTAJ (EURO III),ISUZU
SML ISUZU LTD,ZT54SM TC III SHD LWB,ISUZU
SML ISUZU LTD,EXECUTIVELX5100XTACBUS37SEATER,ISUZU
SML ISUZU LTD,ZT54 E TC D ELWB BUS,ISUZU
SML ISUZU LTD,ZT 54 SM TC,ISUZU
SML ISUZU LTD,SWARAJ MAZDA  SUPER,ISUZU
M/S ISUZU MOTORS INDIA PVT LTD,D-MAX CREW (4JA1) BSIV,ISUZU
SML ISUZU LTD,S7 CNG BUS,ISUZU
Sml Isuzu Ltd,Samratgsxt2815lsd12f,ISUZU
SML ISUZU LTD,WV26DTCIII STD BUS MAXI CAB,ISUZU
SML ISUZU LTD,SWARAJ MAZDA SARTAZ,ISUZU
SML ISUZU LTD,SWARAJ MAZDA ZT54,ISUZU
SML ISUZU LTD,HIROIFOH5300BUSNONAC41SEATER,ISUZU
SML ISUZU LTD,ZT54TC III A BSIII,ISUZU
SML ISUZU LTD,WV26SMNG72BSIV,ISUZU
SML ISUZU LTD,SUPREME2815WITHCARGOBOX,ISUZU
SML ISUZU LTD,SAMRATGSXT2815CABCHASSIS10F,ISUZU
M/S ISUZU MOTORS INDIA PVT LTD,MU-X 2WD AT BSVI,ISUZU
SML ISUZU LTD,SAMRAT STEEL HIGH DECK BSIV,ISUZU
SML ISUZU LTD,SAMRAT  HD19 XM,ISUZU
SML ISUZU LTD,ZT54SM TC-III TIPPER SAMRAT XM,ISUZU
SML ISUZU LTD,WT50-D-NG BSIV COWL CHASSIS,ISUZU
ISUZU MOTORS INDIA PVT LTD,ISUZU D MAX SPACECAB BSIV,ISUZU
Isuzu Motors India Pvt Ltd,D-MAXCREW(4JA1),ISUZU
Isuzu Motors India Pvt Ltd,S-cab 2wd Hr,ISUZU
Isuzu Motors India Pvt Ltd,ISUZUMU-X3.0L2WDAT,ISUZU
SML ISUZU LTD,S7 STANDARD BUS,ISUZU
SML ISUZU LTD,WV26S TC III,ISUZU
ISUZU MOTORS INDIA PVT LTD,V-CROSS 4WD MT Z,ISUZU
ISUZU MOTORS INDIA PVT LTD,ISUZU MU 7 AT BSIV,ISUZU
ISUZU MOTORS INDIA PVT LTD,D MAX SPACE CAB BS4,ISUZU
ISUZU MOTORS INDIA PVT LTD,D MAX FLAT DECK,ISUZU
SML ISUZU LTD,SMZZT 54TRU,ISUZU
ISUZU MOTORS INDIA PVT LTD,"ISUZU MOTORS INDIA PVT LTD, D MAX SPACECAB FLATDECK",ISUZU
SML ISUZU LTD,SCHOOL BUS 42 STR,ISUZU
SML ISUZU LTD,SARTAJ 59 XM CARGO BOX,ISUZU
SML ISUZU LTD,SWARAJ MAZDA,ISUZU
SML ISUZU LTD,SARTAJ3335GSNGTC7200HD14F,ISUZU
SML ISUZU LTD,834XM COMMERCIAL,ISUZU
SML ISUZU LTD,SAMRATGS4240CABCHASSIS17F10.7,ISUZU
SML ISUZU LTD,WV26TCDLWBAMB,ISUZU
SML ISUZU LTD,SARTAJ 5252 TRUCK,ISUZU
ISUZU MOTORS INDIA PVT LTD,ISUZU D MAX CAB CHAS 4JA1 BSIV,ISUZU
SML ISUZU LTD,WV26SDNG BSIV COWL CHASSIS,ISUZU
Isuzu Motors India Pvt Ltd,D-MAXCREW(4JA1,ISUZU
SML ISUZU LTD,MAZDA BUS,ISUZU
SML ISUZU LTD,WV26S TCIII D,ISUZU
SML ISUZU LTD,S75100NGTCSCHOOLBUS53SEATER,ISUZU
SML ISUZU LTD,ZT54SM TCIII SHD,ISUZU
SML ISUZU LTD,SAMRATXT1312394017FHSD,ISUZU
SML ISUZU LTD,WT50TC III D,ISUZU
SML ISUZU LTD,WV 26 STC III DSML,ISUZU
SML ISUZU LTD,OTHER,ISUZU
ISUZU MOTORS INDIA PVT LTD,D MAX CREW CAB,ISUZU
SML ISUZU LTD,SARTAJ 5252 XM SMHD BSIII,ISUZU
SML ISUZU LTD,S7 4240 SCHOOL 2DOOR BUS 39STR,ISUZU
SML ISUZU LTD,SWAEAJ MAZDA,ISUZU
SML ISUZU LTD,D-MAX SPACECAB,ISUZU
SML ISUZU LTD,WV26,ISUZU
SML ISUZU LTD,S74240NGTCSCHOOLBUS43SEATER,ISUZU
SML ISUZU LTD,PRESTIGEGS2815HSD12F,ISUZU
SML ISUZU LTD,S7BUSSTANDARD41SEATER,ISUZU
SML ISUZU LTD,SWARAJ MAZDA WV 26-S,ISUZU
SML ISUZU LTD,SML ISUZU BS-III,ISUZU
SML ISUZU LTD,WV26S OV GH NG SMDC,ISUZU
SML ISUZU LTD,SUPER12.9 XM4300STEELHIGH DECK,ISUZU
M/S ISUZU MOTORS INDIA PVT LTD,MU-7(CKD BSIV),ISUZU
ISUZU MOTORS INDIA PVT LTD,ISUZA D MAX FLATDECK,ISUZU
M/S ISUZU MOTORS INDIA PVT LTD,HI-LANDER 2WD MT BSVI,ISUZU
ISUZU MOTORS INDIA PVT LTD,ISUZU MU-X 3.0L 2WD AT BSIV,ISUZU
SML ISUZU LTD,SWARAJ WV 26TC,ISUZU
ISUZU MOTORS INDIA PVT LTD,D-MAX FLATDECK HR (4JA1,ISUZU
SML ISUZU LTD,ZT 54 (TRUCK),ISUZU
Isuzu Motors India Pvt Ltd,D-MAXCREWHR(4JA1,ISUZU
SML ISUZU LTD,ZT54AB TC 111 SB TIPPER,ISUZU
SML ISUZU LTD,SWARAJ MAZDA COSMO TC III,ISUZU
SML ISUZU LTD,WV26S TC,ISUZU
SML ISUZU LTD,O/B,ISUZU
SML ISUZU LTD,SML ISUZU SUPREME TC,ISUZU
SML ISUZU LTD,LGV,ISUZU
SML ISUZU LTD,SML ISUZU ZT54AB TC III,ISUZU
SML ISUZU LTD,SAMRATGS3335LSD14F10.7,ISUZU
SML ISUZU LTD,TRUK EURI III WB 3335 MM,ISUZU
SML ISUZU LTD,SUPER12.9XT4300STEELHIGHDECK,ISUZU
SML ISUZU LTD,SML ISUZU SAMRAT,ISUZU
SML ISUZU LTD,ZT54SM TC-,ISUZU
SML ISUZU LTD,S7 STAFF BUS BSIII,ISUZU
SML ISUZU LTD,EXECUTIVELX5100XTBUS53SEATER,ISUZU
SML ISUZU LTD,SWARAJ MAZDA  SAMRAT  3940,ISUZU
SML ISUZU LTD,SWARAJ MAZADA T-3500,ISUZU
SML ISUZU LTD,SAMRATGSHD19CARGOBOX,ISUZU
SML ISUZU LTD,WB26STCIIISM DC E-III,ISUZU
SML ISUZU LTD,S73335SCHOOLBUS31SEATER,ISUZU
SML ISUZU LTD,SAMRATGS4760HD19CARGOBOX,ISUZU
SML ISUZU LTD,"SML ISUZU ""SUPREME",ISUZU
SML ISUZU LTD,COSMO BSIV WV 26 BSIV D SB 19S,ISUZU
SML ISUZU LTD,ZT54EDELWBSCHOOLBUS37SEATER,ISUZU
SML ISUZU LTD,SWARAJ MAZSA,ISUZU
SML ISUZU LTD,SWARAJ MAZDA COSMO TRUCK,ISUZU
SML ISUZU LTD,SML ISUZU  LTD SARTAJ,ISUZU
SML ISUZU LTD,ZT54TC SHD,ISUZU
SML ISUZU LTD,T3500 WV26DTCIII BSIII,ISUZU
SML ISUZU LTD,SWARAJ MAZDA MINI BUS,ISUZU
SML ISUZU LTD,SARTAJ 5252 XM,ISUZU
SML ISUZU LTD,SUPER 3940 STEEL HIGH DECK LW,ISUZU
SML ISUZU LTD,SWARAJ MAZDA ZT 54,ISUZU
SML ISUZU LTD,ZT54E DELWB SUPREM BUS STD BS3,ISUZU
SML ISUZU LTD,ISUZU SAMRAT,ISUZU
SML ISUZU LTD,SML IZUSU,ISUZU
SML ISUZU LTD,SML ISUZU4300MM,ISUZU
SML ISUZU LTD,4WD BT ESB WATER TANKER,ISUZU
SML ISUZU LTD,WV26STCIIISHD 14,ISUZU
ISUZU MOTORS INDIA PVT LTD,D MAX SPACE CAB FLAT DECK,ISUZU
SML ISUZU LTD,ZT54ELTCSHD,ISUZU
SML ISUZU LTD,"SARTAJHG72W/OCARGOBOX,B12",ISUZU
SML ISUZU LTD,SARTAJ 5252 XM SMHD,ISUZU
SML ISUZU LTD,ZT54ELTC-III SHD SUPREME,ISUZU
SML ISUZU LTD,SAMRATGS2815FSTIPPER,ISUZU
SML ISUZU LTD,WV 26 S D N G,ISUZU
SML ISUZU LTD,SAMRAT 4760 HD 19 ELWB BSIV,ISUZU
Isuzu Motors India Pvt Ltd,ISUZU MU-X  3.0L 2WD AT,ISUZU
ISUZU MOTORS INDIA PVT LTD,MU  7,ISUZU
SML ISUZU LTD,SAMRATGSSTEELHIGHDECKLWB,ISUZU
SML ISUZU LTD,SWARAJ MAZDA  BS III,ISUZU
SML ISUZU LTD,SML ISUZU SUPREME BS III,ISUZU
SML ISUZU LTD,WV26SDTNSCHOOLBUS26SEAT,ISUZU
ISUZU MOTORS INDIA PVT LTD,D-MAX FLATDECK HR (4JA1),ISUZU
SML ISUZU LTD,SUPREME-4760 ELWB STD BSIV,ISUZU
SML ISUZU LTD,WV 26STC 111 S M DC,ISUZU
SML ISUZU LTD,S7 3335 SCHOOL BUS BS IV,ISUZU
ISUZU MOTORS INDIA PVT LTD,ISUZU MU X 3.0L 2WD AT,ISUZU
SML ISUZU LTD,ZT54SM,ISUZU
SML ISUZU LTD,SAMRATGS4240HSD19F10.7WC,ISUZU
SML ISUZU LTD,SML ISUZU T3500 BS4,ISUZU
SML ISUZU LTD,SWARAJMAZDA,ISUZU
SML ISUZU LTD,LWB 17 FT MODEL,ISUZU
SML ISUZU LTD,ZT54EDTNLWBSCHOOLBUS33SEATER,ISUZU
SML ISUZU LTD,SARTAJ GS3940 HG75 HSD 17F BS6,ISUZU
Sml Isuzu Ltd,Sartajgs59xmcabchassis,ISUZU
SML ISUZU LTD,SWARAJ MAZDA SUPER,ISUZU
SML ISUZU LTD,SWARJAMAZDA,ISUZU
ISUZU MOTORS INDIA PVT LTD,ZT54 SM TC III HD,ISUZU
SML ISUZU LTD,SAMRAT TC-III BSIII,ISUZU
SML ISUZU LTD,SARTAJ 5252 XM CAB CHASSIS,ISUZU
SML ISUZU LTD,WV 26 STCI III SH D 12,ISUZU
ISUZU MOTOR INDIA PVT LTD,D-MAX FLATDECK (4JA1 BSIV,ISUZU
SML ISUZU LTD,SARTAJ HG72 W/O CRGBOX B12 BS4,ISUZU
SML ISUZU LTD,SWARAJ 105,ISUZU
SML ISUZU LTD,EXECUTIVELX3335ACBUS16SEATER,ISUZU
SML ISUZU LTD,SML S7 SCHOOL BUS 3940,ISUZU
SML ISUZU LTD,WV26G TC III,ISUZU
SML ISUZU LTD,SUPERGS4760CABCHASSIS21F,ISUZU
SML ISUZU LTD,SWARAJ MAZDA T-3500/ZT 54,ISUZU
ISUZU MOTORS INDIA PVT LTD,ISUZU V CROSS,ISUZU
SML ISUZU LTD,WT50DSCHOOLBUS32SEATER,ISUZU
Isuzu Motors India Pvt Ltd,D-MAX FLATDECK HR (4JA1),ISUZU
SML ISUZU LTD,WT50DSCHOOLBUS32SEAT,ISUZU
SML ISUZU LTD,WV26S,ISUZU
SML ISUZU LTD,S75100NGTCSCHOOLBUS51SEAT,ISUZU
M/S ISUZU MOTORS INDIA PVT LTD,D-MAX CAB CHASSIS HR (4JA1) BSIV,ISUZU
SML ISUZU LTD,WV26STC-IIISNDC,ISUZU
SML ISUZU LTD,S73335ABSCHOOLBUS31SEATER,ISUZU
SML ISUZU LTD,ZT54NG LWB,ISUZU
SML ISUZU LTD,SML BUS,ISUZU
SML ISUZU LTD,Not Available,ISUZU
SML ISUZU LTD,SML ISUZU SUPER E III,ISUZU
SML ISUZU LTD,SUPER4760W/OCARGOBOXELWB,ISUZU
SML ISUZU LTD,SAMRAT2815TIPPER,ISUZU
Isuzu Motors India Pvt Ltd,D-MAX 2WD FD HR,ISUZU
SML ISUZU LTD,S75100NGTCBUS39SEATERSDX,ISUZU
ISUZU MOTORS INDIA PVT LTD,ISUZU VCROSS AUV,ISUZU
SML ISUZU LTD,SAMRAT BSIII,ISUZU
SML ISUZU LTD,SML WV26,ISUZU
SML ISUZU LTD,SARTAJ WV26 STC,ISUZU
SML ISUZU LTD,WV26STCIII,ISUZU
SML ISUZU LTD,WV26STCIII D STD BSIII,ISUZU
SML ISUZU LTD,ZT54M NG IV 19 HD LWB,ISUZU
SML ISUZU LTD,EXECUTIVELXACBUS20SEATER,ISUZU
ISUZU MOTORS INDIA PVT LTD,MU7,ISUZU
ISUZU MOTORS INDIA PVT LTD,DMAX SINGLE CAB CLOSE BODY,ISUZU
ISUZU MOTORS INDIA PVT LTD,S-CAB 2WD SR,ISUZU
ISUZU MOTORS INDIA PVT LTD,D MAX SPACECAB,ISUZU
SML ISUZU LTD,BUS T3500/ZT54 SUPER,ISUZU
ISUZU MOTOR INDIA PVT LTD,V-CROSS 4JK1E4C-L BSIV,ISUZU
SML ISUZU LTD,WV26S TC SM DC,ISUZU
SML ISUZU LTD,SUPREMEABMETRO2815LSD10FNC,ISUZU
SML ISUZU LTD,"SML ISUZU LTD, SAMRAT4240GSNGTCHIGHDECK19F",ISUZU
SML ISUZU LTD,WV 26 TC,ISUZU
SML ISUZU LTD,SUPERAB2815TIPPER,ISUZU
ISUZU MOTORS INDIA PVT LTD,D MAX CAB CHASSIS CKD,ISUZU
ISUZU MOTORS INDIA PVT LTD,ISUZU D MAX CAB CHASSIS BSIV,ISUZU
ISUZU MOTORS INDIA PVT LTD,MU 7 BS3,ISUZU
ISUZU MOTORS INDIA PVT LTD,ISUZU D-MAX V-CROSS,ISUZU
ISUZU MOTOR INDIA PVT LTD,MU-7,ISUZU
SML ISUZU LTD,WV26SM NG 72 SMDC,ISUZU
SML ISUZU LTD,WV26SDTNSCHOOLBUS26SEATER,ISUZU
ISUZU MOTORS INDIA PVT LTD,ISUZU CAR,ISUZU
SML ISUZU LTD,SUPREME ZT54E BSIV,ISUZU
SML ISUZU LTD,SARTAJ HG 72 SHD 14 BS IV,ISUZU
SML ISUZU LTD,SML ISUZU SARTAJ EUROIII,ISUZU
SML ISUZU LTD,S7 XM 5100 SCHOOL BUS BSIII,ISUZU
SML ISUZU LTD,SML SUPER ZT54,ISUZU
SML ISUZU LTD,PRESTIGE4WDW/OCARGOBOX4WDBTB,ISUZU
ISUZU MOTOR INDIA PVT LTD,ISUZU MU-X 3.0L 2WD AT BSIV,ISUZU
SML ISUZU LTD,SUPER3335GSNGTCHIGHDECK14F,ISUZU
SML ISUZU LTD,EDU INST BUS,ISUZU
SML ISUZU LTD,S73335SCHOOLBUS33SEATER,ISUZU
ISUZU MOTORS INDIA PVT LTD,S-CAB 2WD HR,ISUZU
SML ISUZU LTD,WT49ESTC DIII,ISUZU
SML ISUZU LTD,COSMO TC III WITH CARGO BOX,ISUZU
SML ISUZU LTD,WV26S TC III SHD 12 SARTAJ XM,ISUZU
SML ISUZU LTD,S7NGSCHOOLBUS31SEATER,ISUZU
SML ISUZU LTD,SUPER 4240M BSIV,ISUZU
SML ISUZU LTD,SML ISUZU SARTAJ,ISUZU
M/S ISUZU MOTORS INDIA PVT LTD,D-MAX CAB CHASSIS V2 (4JA1 BS,ISUZU
SML ISUZU LTD,SAMRAT TC III ZT 54 SM TC II,ISUZU
ISUZU MOTORS INDIA PVT LTD,SML ISUZU  LTD SARTAJ BS 3,ISUZU
SML ISUZU LTD,SARTAJ GS3335 HG72CABCHS12FBS6,ISUZU
SML ISUZU LTD,S7 5100 COWL CHASSIS,ISUZU
ISUZU MOTORS INDIA PVT LTD,D MAX CREW,ISUZU
SML ISUZU LTD,SARTAJ TC III,ISUZU
SML ISUZU LTD,SARTAJ 5252 XM SHD,ISUZU
SML ISUZU LTD,WV26TC III D BUS STD,ISUZU
ISUZU MOTORS INDIA PVT LTD,D MAX SPACECAB FLATDECK BSIV,ISUZU
SML ISUZU LTD,SAMRAT CNG TRUCK,ISUZU
SML ISUZU LTD,WV26 S SARTAJ SWARAJ MAZDA,ISUZU
SML ISUZU LTD,SML ISUZU SAMRAT 14FT ZT54SMT,ISUZU
SML ISUZU LTD,WT50BLW STD,ISUZU
SML ISUZU LTD,SML S7,ISUZU
ISUZU MOTORS INDIA PVT LTD,  BUS,ISUZU
SML ISUZU LTD,SARTAJ5252GSNGTCHSD10F,ISUZU
ISUZU MOTORS INDIA PVT LTD,D-MAX  BSIV,ISUZU
SML ISUZU LTD,TRUCK,ISUZU
ISUZU MOTOR INDIA PVT LTD,ISUZU D-MAX FLAT DECK BSIV,ISUZU
SML ISUZU LTD,ZT54AB TC III SB TIPPER,ISUZU
SML ISUZU LTD,ZT 54 MNG,ISUZU
SML ISUZU LTD,SUPREMEGS3335CABCHASSIS14F,ISUZU
SML ISUZU LTD,SARTAJ5252 XM,ISUZU
SML ISUZU LTD,S75100BUS26SEATERRECLINING,ISUZU
SML ISUZU LTD,SML ISUZU WV 26S,ISUZU
SML ISUZU LTD,MINI TRUCK,ISUZU
SML ISUZU LTD,SML ISUZU S7 BUS BS3,ISUZU
ISUZU MOTORS INDIA PVT LTD,MU-7(CKD BSIV,ISUZU
SML ISUZU LTD,EXECUTIVELXACBUS22SEATER,ISUZU
SML ISUZU LTD,HIROIFOH4370BUSAC35SEATER,ISUZU
ISUZU MOTORS INDIA PVT LTD,ISUZU MU 7 AT BS IV,ISUZU
SML ISUZU LTD,SAMRATGSXT4760CABCHASSIS21F,ISUZU
SML ISUZU LTD,PRESTIGE 3940 LWB,ISUZU
SML ISUZU LTD,SARTAJ GS3940 HG75CABCHS17FBS6,ISUZU
SML ISUZU LTD,WV26S IV,ISUZU
ISUZU MOTOR INDIA PVT LTD,V-CROSS HIGH+ BSIV,ISUZU
SML ISUZU LTD,LCV,ISUZU
SML ISUZU LTD,S7 SCHOOL BUS 3940,ISUZU
SML ISUZU LTD,SML ISUZU WV 6,ISUZU
SML ISUZU LTD,ZT54EL TC III SHD SUPREME XM,ISUZU
SML ISUZU LTD,EXECUTIVELX3335ACBUS23SEATER,ISUZU
ISUZU MOTORS INDIA PVT LTD,ISUZU D MAX BS4,ISUZU
SML ISUZU LTD,SML ISUZU STD. TRUCK BS-III,ISUZU
SML ISUZU LTD,WV 26 S NG BSIV,ISUZU
SML ISUZU LTD,SARTAJ 3335 STD BS BSIV,ISUZU
SML ISUZU LTD,ZT 54 ES TC III,ISUZU
ISUZU MOTORS INDIA PVT LTD,D-MAX CREW HR (4JA1,ISUZU
SML ISUZU LTD,WT 50TC III,ISUZU
SML ISUZU LTD,SML ISUZU SAMRAT TRUCK,ISUZU
ISUZU MOTORS INDIA PVT LTD,ISUZU D MAX S CAB,ISUZU
SML ISUZU LTD,SWARAJ MAZDA SUPER TC III,ISUZU
SML ISUZU LTD,S 7XM 3555 BSIII,ISUZU
SML ISUZU LTD,BUS.,ISUZU
ISUZU MOTOR INDIA PVT LTD,ISUZU D-MAX FLATDECK CKD-BSIV,ISUZU
ISUZU MOTORS INDIA PVT LTD,ISUZU MU-X 3.0L 4WD AT,ISUZU
SML ISUZU LTD,TRUCK OPEN BODY,ISUZU
ISUZU MOTORS INDIA PVT LTD,D-MAX 2WD FD HR,ISUZU
SML ISUZU LTD,ZT54TCIII A (DS),ISUZU
SML ISUZU LTD,SML ISUZU LTD SAMRAT (EURO IV),ISUZU
SML ISUZU LTD,ZT54TC III D ELWB SCHOOL BUS,ISUZU
ISUZU MOTOR INDIA PVT LTD,V-CROSS PASSENGER VEHICLE M BS,ISUZU
SML ISUZU LTD,S73335 ACSDX BUS 21 SEATER,ISUZU
SML ISUZU LTD,SML ISUZU SAMRAT XM(WB 3335MM),ISUZU
SML ISUZU LTD,ZT54ETCIII,ISUZU
SML ISUZU LTD,SAMRAT4240STEELHIGHDECKLBW BS4,ISUZU
ISUZU MOTOR INDIA PVT LTD,D-MAX FLATDECK HR (4JA1) BSIV,ISUZU
SML ISUZU LTD,ZT54EDELWBDRIVEAWAYCHASSIS,ISUZU
SML ISUZU LTD,STD. TRUCK BS III,ISUZU
Isuzu Motors India Pvt Ltd,S-CAB2WDHR,ISUZU
Isuzu Motors India Pvt Ltd,ISUZU MU-X 3.0L 2WD AT,ISUZU
SML ISUZU LTD,WV26 EXE TC III BUS,ISUZU
M/S ISUZU MOTORS INDIA PVT LTD,S-CAB 2WD HR BSVI,ISUZU
ISUZU MOTORS INDIA PVT LTD,ISUZU D MAX FLATDECK HR 4JA1,ISUZU
SML ISUZU LTD,SWARAJ MAZDA ZT 54E,ISUZU
SML ISUZU LTD,WT49ESTCIIID MAXICAB ON 2815,ISUZU
SML ISUZU Ltd,SARTAJGSHG72STEELHIGHDECKSHD12,ISUZU
SML ISUZU LTD,SAMRATNGW/OCARGOZT54SMNGIV19HD,ISUZU
SML ISUZU LTD,WV26S TC III SMDC SARTAJ XM,ISUZU
SML ISUZU LTD,SAMRATGS4240LSD17F,ISUZU
SML ISUZU LTD,WV 26 S TC,ISUZU
SML ISUZU LTD,T-3500 BSIII(ZT54ETCIIIDELWB),ISUZU
ISUZU MOTOR INDIA PVT LTD,D-MAX CREW 4JA1 BSIV,ISUZU
SML ISUZU LTD,LMV OMNI BUS STD.,ISUZU
SML ISUZU LTD,SWARAJ MAZDA WV 26 S SARTAJ,ISUZU
SML ISUZU LTD,S7 4240 SCHOOL BUS 43 SEATER B,ISUZU
SML ISUZU LTD,S7 5100ACSCHOOL BUS 51 SEATER,ISUZU
SML ISUZU LTD,SUPER XM,ISUZU
SML ISUZU LTD,METRO3335GSNGTCHIGHDECK14F,ISUZU
SML ISUZU LTD,"SML ISUZU LTD, SARTAJGS3335HG72CABCHASSIS14F",ISUZU
SML ISUZU LTD,ZT54E TC D ELWB  BUS STD,ISUZU
SML ISUZU LTD,SWARAJ MAZDA 2754,ISUZU
SML ISUZU LTD,SUTLAJ LEX IE 337 LE,ISUZU
SML ISUZU LTD,SAMRATGSXT2815LSD10F6.142RAR,ISUZU
ISUZU MOTOR INDIA PVT LTD,D-MAX FLATDECK (CKD) BSIV,ISUZU
SML ISUZU LTD,WV26 TC BS111 D,ISUZU
SML ISUZU LTD,ZT54 E TC IV D EWB,ISUZU
SML ISUZU LTD,S7NGSCHOOL BUS 51 SEATER,ISUZU
SML ISUZU LTD,SAMRAT4760HD19HIGHDECKELWB,ISUZU
SML ISUZU LTD,SAMRAT CARGO ZT 54 SM HD,ISUZU
SML ISUZU LTD,S73335NGTCBUS23SEATSDX,ISUZU
ISUZU MOTORS INDIA PVT LTD,"ISUZU MOTORS INDIA PVT LTD, ISUZU V CROSS BS IV",ISUZU
ISUZU MOTORS INDIA PVT LTD,,ISUZU
SML ISUZU LTD,SWARAJ MAZDA BUS,ISUZU
ISUZU MOTORS INDIA PVT LTD,D-MAX E-FLATDECK,ISUZU
SML ISUZU LTD,ZT 54 E,ISUZU
SML ISUZU LTD,SARTAJGS3335HG72HSD14F,ISUZU
SML ISUZU LTD,WV26S SARTAJ,ISUZU
ISUZU MOTORS INDIA PVT LTD,ISUZU D MAX SPACECAB (BSIV),ISUZU
SML ISUZU LTD,ZT54TCIII DELWB SDLX,ISUZU
SML ISUZU LTD,SM T3500 WV26STCIIID BUS BS3,ISUZU
SML ISUZU LTD,ZT54M NG,ISUZU
SML ISUZU LTD,SUPREME 4760 ELWB BUS STD,ISUZU
ISUZU MOTOR INDIA PVT LTD,V-CROSS HIGH BSIV,ISUZU
SML ISUZU LTD,"SARTAJHG72WITHCARGOBOX,A12",ISUZU
SML ISUZU LTD,WT50DSCHOOLBUS25SEAT,ISUZU
SML ISUZU LTD,WV26STC,ISUZU
SML ISUZU LTD,"SML ISUZU LTD, SARTAJGS5252XMHSD10F",ISUZU
SML ISUZU LTD,SARTAJ 5252 XM BSIII CARGO BOX,ISUZU
SML ISUZU LTD,ZT 54 E TC III D,ISUZU
SML ISUZU LTD,SARTAJ TC3 WITHCRGBOX WV26STC3,ISUZU
SML ISUZU LTD,S73335ABBUSSTANDARD25SEATER,ISUZU
SML ISUZU LTD,SAMRATGS4240HSD19F10.7,ISUZU
SML ISUZU LTD,METRO3335GSNGTCCABCHASSIS14F,ISUZU
SML ISUZU LTD,      BUS,ISUZU
SML ISUZU LTD,ZT54 ALWB SUPER CARGO BOX BS3,ISUZU
ISUZU MOTORS INDIA PVT LTD,D MAX CREW 4JA1,ISUZU
SML ISUZU LTD,..WV26,ISUZU
SML ISUZU LTD,SUPER4240W/OCARGOBOXLWB,ISUZU
SML ISUZU LTD,0WV26,ISUZU
SML ISUZU LTD,SARTAJ HG 72,ISUZU
SML ISUZU LTD,SARTAJGSHG753940HSD17F,ISUZU
M/S ISUZU MOTORS INDIA PVT LTD,D-MAX FLATDECK HR 4JA1 BSIV,ISUZU
SML ISUZU LTD,ZT54E TC III D ELWB,ISUZU
SML ISUZU LTD,ZT54EDLWBDRIVEAWAYCHASSIS,ISUZU
SML ISUZU LTD,S74240SDXBUS31SEATER,ISUZU
SML ISUZU LTD,ZT54AB TC III,ISUZU
SML ISUZU LTD,ISUZU,ISUZU
ISUZU MOTORS INDIA PVT LTD,ISUZU D MAX SPACECAB,ISUZU
SML ISUZU LTD,SML BUS.,ISUZU
SML ISUZU LTD,SARTAJ HG72 STLHIDCKSHD12XMBS4,ISUZU
ISUZU MOTORS INDIA PVT LTD,"ISUZU MOTORS INDIA PVT LTD, V-CROSS BSIV",ISUZU
SML ISUZU LTD,SWARAJ MAZDA T35,ISUZU
ISUZU MOTORS INDIA PVT LTD,D/MAX FLATDECK HR  4JA1 BSIV,ISUZU
ISUZU MOTORS INDIA PVT LTD,ISUZUD MAXFLATDECKHR 4JA1BS4,ISUZU
ISUZU MOTOR INDIA PVT LTD,D-MAX CAB CHASSIS HR (4JA1) BS,ISUZU
SML ISUZU LTD,SARTAJ 5252XMSHDCARGO BOX BSIV,ISUZU
SML ISUZU LTD,SML ISUZU L M V FES,ISUZU
SML ISUZU LTD,SARTAJ5252XMWITH CARGOBOX,ISUZU
SML ISUZU LTD,EXECUTIVELXACBUS31SEATER,ISUZU
SML ISUZU LTD,WV 26STCD BUS,ISUZU
ISUZU MOTORS INDIA PVT LTD,D-MAX CAB CHASSIS HR (4JA1),ISUZU
SML ISUZU LTD,SML SARTAJ HG 72 14 FT,ISUZU
SML ISUZU LTD,WT 50 TC - III,ISUZU
ISUZU MOTORS INDIA PVT LTD,D-MAX CREW 4JA1 BSIV,ISUZU
SML ISUZU LTD,SAMRATBH535100SCHOOLBUS53SEAT,ISUZU
SML ISUZU LTD,SARTAJ 5252 HIGH DECK,ISUZU
ISUZU MOTORS INDIA PVT LTD,MU 7 AT,ISUZU
SML ISUZU LTD,PRESTIGEGS2815TIPPER100CFT,ISUZU
ISUZU MOTORS INDIA PVT LTD,ISUZU MU X 3.0L 4WD AT,ISUZU
SML ISUZU LTD,WT49ESTC D III 2815MM,ISUZU
M/S ISUZU MOTORS INDIA PVT LTD,V-CROSS 4WD AT Z PRESTIGE BSVI,ISUZU
SML ISUZU LTD,SML ISUZU SUPER TC-,ISUZU
SML ISUZU LTD,ZT54SM TC III,ISUZU
SML ISUZU LTD,SUPREME XM,ISUZU
SML ISUZU LTD,ZT54 SM TC III B ELWB (PS),ISUZU
SML ISUZU LTD,ZT54 MNG SHD LWB,ISUZU
SML ISUZU LTD,EXECUTIVE BUS BSIV,ISUZU
SML ISUZU LTD,ZT 54M NG IV GH SHD,ISUZU
SML ISUZU LTD,ZT 54SM TCIII SA TIPPER,ISUZU
SML ISUZU LTD,T3500-U,ISUZU
ISUZU MOTOR INDIA PVT LTD,2)D-MAX SPACECAB (CKD) BSIV,ISUZU
SML ISUZU LTD,SWARAJ MAZDA SCHOOL BUS,ISUZU
SML ISUZU LTD,WT 50 LWB,ISUZU
SML ISUZU LTD,WV265TCIIISHD12(XM),ISUZU
SML ISUZU LTD,ZT54AB TC III SB,ISUZU
SML ISUZU LTD,ZT54E BUS,ISUZU
SML ISUZU LTD,"SARTAJ HG 72 TCIII SHD, WV26",ISUZU
ISUZU MOTORS INDIA PVT LTD,D-MAX CREW,ISUZU
SML ISUZU LTD,WV-26-S-TC-III-D,ISUZU
SML ISUZU LTD,SARTAJGS3335HG72CABCHASSIS12F,ISUZU
SML ISUZU LTD,SML ISUZU SAMRAT BSIII,ISUZU
SML ISUZU LTD,ZT54TC III DELWB SEMI DLX,ISUZU
SML ISUZU LTD,SML S7 STD BUS BSIII (3X2) 2DR,ISUZU
SML ISUZU LTD,"SARTAJHG72W/OCARGOBOX,B14XM",ISUZU
SML ISUZU LTD,ZT54AB C IIID ELWB BS3,ISUZU
SML ISUZU LTD,ZT SMTC 111 HD19,ISUZU
SML ISUZU LTD,ZT54SM NG IV 19 HD LWB,ISUZU
ISUZU MOTORS INDIA PVT LTD,V-CROSS HIGH M1 BS4,ISUZU
SML ISUZU LTD,METRO3335GSNGTCHD14F,ISUZU
SML ISUZU LTD,ZV 26STC SMDC,ISUZU
ISUZU MOTOR INDIA PVT LTD,V-CROSS-PASSENGER VEHICLE-M-BS,ISUZU
ISUZU MOTOR INDIA PVT LTD,ISUZU D MAX V CROSS,ISUZU
SML ISUZU LTD,SARTAJ 5252,ISUZU
SML ISUZU LTD,WV 26S,ISUZU
SML ISUZU LTD,ZT54EDELWBSCHOOLBUS37SEAT,ISUZU
SML ISUZU LTD,SARTAJGS5252XMCABCHASSIS10F,ISUZU
ISUZU MOTORS INDIA PVT LTD,D MAX CREW (4JA1),ISUZU
SML ISUZU LTD,S74240ACSCHOOLBUS41SEATER,ISUZU
ISUZU MOTOR INDIA PVT LTD,V-CROSS 4WD AT Z PRESTIGE BSVI,ISUZU
SML ISUZU LTD,ZT54EDHIGHBACKSEATBUS33SEATER,ISUZU
SML ISUZU LTD,S7 SCHOOL BUS 3940 BSIII,ISUZU
SML ISUZU LTD,LCV EURO 2 BUS,ISUZU
SML ISUZU LTD,ZT54 SMTC III,ISUZU
SML ISUZU LTD,SWARAJ MAZDA PREMIUM,ISUZU
ISUZU MOTORS INDIA PVT LTD,D MAX CAB (4JK1) BSIV,ISUZU
SML ISUZU LTD,ZT54....,ISUZU
ISUZU MOTORS INDIA PVT LTD,D-MAX FLATDECK (4JA1,ISUZU
ISUZU MOTORS INDIA PVT LTD,ISUZU D MAX FLATDECK 4JA1 BSIV,ISUZU
SML ISUZU LTD,SUPREME2815CARGOBOXSA,ISUZU
Sml Isuzu Ltd,Executivelx3335acbus23seater,ISUZU
ISUZU MOTORS INDIA PVT LTD,V-Cross,ISUZU
SML ISUZU LTD,SARTAJ3940GSNGTCHSD17F,ISUZU
ISUZU MOTORS INDIA PVT LTD,HI-LANDER 2WD MT,ISUZU
Sml Isuzu Ltd,Zt54edlwbschoolbus42seater,ISUZU
SML ISUZU LTD,SUPREMEABMETRO3335CABCHASSIS,ISUZU
ISUZU MOTORS INDIA PVT LTD,MU-X 2WD AT,ISUZU
ISUZU MOTORS INDIA PVT LTD,D MAX 2WD FD HR BS6,ISUZU
SML ISUZU LTD,SUPER 12 9 XM BSIII 4300 SHD,ISUZU
SML ISUZU LTD,MCV,ISUZU
SML ISUZU LTD,ECOMAX AC BUS 13 SEATER BS I,ISUZU
SML ISUZU LTD,SAWRAJ MAZDA SAMRAT,ISUZU
SML ISUZU LTD,ZT54 NG SHD LWB,ISUZU
Sml Isuzu Ltd,Sartaj3335gsngtchighdeck14f,ISUZU
SML ISUZU LTD,SWARAJ MAZATA,ISUZU
SML ISUZU LTD,SWARAJ MAZDA WV 26TC,ISUZU
SML ISUZU LTD,SAMRAT ZT54SMTCIII BS III,ISUZU
SML ISUZU LTD,SML ISUZU 7200 ,ISUZU
SML ISUZU LTD,SAMRAT HD 19TCIII HIGH DECK ,ISUZU
SML ISUZU LTD,WT50 TC III LWB STD,ISUZU
SML ISUZU LTD,OTHERS,ISUZU
ISUZU MOTOR INDIA PVT LTD,,ISUZU
SML ISUZU LTD,"SML ISUZU LTD, SARTAJGS3335HG72HSD14F",ISUZU
SML ISUZU LTD,SML ISUZU VEHICLE,ISUZU
SML ISUZU LTD,"WV26TCIIID,EURO-III",ISUZU
SML ISUZU LTD,SUPERABGSXT2815FSTIPPER,ISUZU
SML ISUZU LTD,SML ISUZU LTD,ISUZU
SML ISUZU LTD,SUPREME BSIV ZT 54E BSIV LWD,ISUZU
SML ISUZU LTD,ZT54EDELWB NG EURO-III,ISUZU
SML ISUZU LTD,SML ISUZU ZT54,ISUZU
SML ISUZU LTD,SAMRATGSXT3335HSD14F,ISUZU
ISUZU MOTORS INDIA PVT LTD,D-MAX SPACECAB (CKD BSIV),ISUZU
ISUZU MOTOR INDIA PVT LTD,ISUZU MU 7,ISUZU
SML ISUZU LTD,S7 SCHOOL BUS BSIV,ISUZU
SML ISUZU LTD,SAMRATGS4240CABCHASSIS19F10.7,ISUZU
SML ISUZU LTD,HIROIFOH5300NONAC45SEATER,ISUZU
SML ISUZU LTD,SWARAJ MAZDA WV 26S STC,ISUZU
Isuzu Motors India Pvt Ltd,D-MAX CREW HR (4JA1),ISUZU
SML ISUZU LTD,WV26DSCHOOLBUS19SEAT,ISUZU
SML ISUZU LTD,SARTAJ 5252 XMSHD CARGO BOX,ISUZU
SML ISUZU LTD,EXECUTIVELX4240DRIVEAWAYCHASIS,ISUZU
SML ISUZU LTD,ZT54SMD4760SMSCHOOLBUS37SEATER,ISUZU
SML ISUZU LTD,S7 BUS SHELL BS IV,ISUZU
ISUZU MOTORS INDIA PVT LTD,ISUZU MU-7 (AT) BSIV,ISUZU
SML ISUZU LTD,SML ISUZU WV265 BSIII,ISUZU
SML ISUZU LTD,WV26SDSCHOOLBUS27SEATER,ISUZU
SML ISUZU LTD,S75100SCHOOLBUSSTD60SEATER,ISUZU
SML ISUZU LTD,ZT54SMNGTCELWBDRIVEAWAYCHASSIS,ISUZU
ISUZU MOTOR INDIA PVT LTD,ISUZU MU-X 3.0L 4WD AT 4JJ1 BS,ISUZU
SML ISUZU LTD,ZT54M NG IV SHD,ISUZU
Sml Isuzu Ltd,Wv26sdschoolbus27seater,ISUZU
SML ISUZU LTD,WV 26 STC,ISUZU
SML ISUZU LTD,SARTAJ TRUCK,ISUZU
ISUZU MOTORS INDIA PVT LTD,ISUZU D MAX FLATDECK BS IV,ISUZU
SML ISUZU LTD,SML ISUZU T 3500,ISUZU
SML ISUZU LTD,SARTAJ5252 XM WH SHD CARGO B,ISUZU
SML ISUZU LTD,WV26 SM NG 72 EUROIV,ISUZU
SML ISUZU LTD,SAMRATXT1312430019FHSD,ISUZU
SML ISUZU LTD,WV26SM NG 72 SHD.,ISUZU
SML ISUZU LTD,S7 SDX BUS BSIV,ISUZU
ISUZU MOTOR INDIA PVT LTD,V-CROSS-PASSENGER VEHICLE-M BS,ISUZU
SML ISUZU LTD,S7 STANDARD SCHOOL BUS BS-III,ISUZU
SML ISUZU LTD,SML ISUZU BUS,ISUZU
ISUZU MOTORS INDIA PVT LTD,D-MAX FLTDCK HR 4JA1 GDSN1 BS4,ISUZU
M/S ISUZU MOTORS INDIA PVT LTD,V-CROSS BSIV,ISUZU
SML ISUZU LTD,WT50-D-NG BSIV,ISUZU
SML ISUZU LTD,ZT54EDTNLWBSCHOOLBUS41SEATER,ISUZU
SML ISUZU LTD,WV 26 EXE TC III COM BUILT VEH,ISUZU
SML ISUZU LTD,SAMRATGSSTEELHIGHDECK,ISUZU
SML ISUZU LTD,SUPER TRUCK,ISUZU
SML ISUZU LTD,ZT54 NG A,ISUZU
SML ISUZU LTD,EXECUTIVE LX BS4,ISUZU
SML ISUZU LTD,SWARAJ MAZDA SARTAJ EIII,ISUZU
SML ISUZU LTD,SAMRATXT1212430020FHSD,ISUZU
ISUZU MOTOR INDIA PVT LTD,D-MAX FLATDECK CKD-BSIV,ISUZU
SML ISUZU LTD,S73335NGTCSCHOOLBUS31SEATER,ISUZU
SML ISUZU LTD,WV 26 SM NG EURO IV,ISUZU
SML ISUZU LTD,SARTAJGSHG72STEELHIGHDECKSHD12,ISUZU
SML ISUZU LTD,WT 50 TC III D BUS,ISUZU
SML ISUZU LTD,GOODS CARRIER,ISUZU
SML ISUZU LTD,S7 SCHOOL BUS 3335 BSIII,ISUZU
Isuzu Motors India Pvt Ltd,D-MAX2WDFDHR,ISUZU
SML ISUZU LTD,S7SCHOOLBUSDOUBLEDOOR49SEATER,ISUZU
SML ISUZU LTD,SML SMART 14ZT 54SM,ISUZU
ISUZU MOTORS INDIA PVT LTD,MU-7(CKD BSIII),ISUZU
SML ISUZU LTD,SML ZT54,ISUZU
ISUZU MOTORS INDIA PVT LTD,MU 7 BS4,ISUZU
SML ISUZU LTD,SWARAJ MAZDA WT 50 L,ISUZU
SML ISUZU LTD,EXELXACBUS 20 RECLINING SEAT,ISUZU
SML ISUZU LTD,SML ISUZU  41SEATS BSIV,ISUZU
SML ISUZU LTD,SAMRATGSXT2815DSTIPPER,ISUZU
SML ISUZU LTD,SWARAJ MAZDA T 3500,ISUZU
SML ISUZU LTD,ISUZU ZT54ABTCIII,ISUZU
SML ISUZU LTD,TRACTOR,ISUZU
SML ISUZU LTD,ZT54XM NG ALWB,ISUZU
SML ISUZU LTD,SUPREME 3940,ISUZU
M/S ISUZU MOTORS INDIA PVT LTD,D-MAX CAB CHASSIS HR (4JA1) BS,ISUZU
SML ISUZU LTD,HIROIFOHBUSAC4370WB33SEATER,ISUZU
ISUZU MOTORS INDIA PVT LTD,V-CROSS HIGH,ISUZU
SML ISUZU LTD,ZT54 ETC III DE LWB ,ISUZU
SML ISUZU LTD,IS12TE 4HK 1XS,ISUZU
SML ISUZU LTD,ISUZU IS 12 TE CAB WITHCASHER3,ISUZU
SML ISUZU LTD,ZT54ETCIIIDELWB STD BUS,ISUZU
ISUZU MOTORS INDIA PVT LTD,WV 265 TC BSIII,ISUZU
SML ISUZU LTD,SARTAJ5252 XM WH SHD CARGO BOX,ISUZU
ISUZU MOTOR INDIA PVT LTD,ISUZU V-CROSS  BS-IV,ISUZU
SML ISUZU LTD,ZT54ML NG SHD,ISUZU
SML ISUZU LTD,PRESTIGE BUS,ISUZU
SML ISUZU LTD,S7 BUS STANDARD BSIII,ISUZU
SML ISUZU LTD,T3500-WT50LWB (DELUXE),ISUZU
SML ISUZU LTD,ECOMAXGSSCHOOLBUS20SEATERLR,ISUZU
SML ISUZU LTD,WV 26 TCE EX III,ISUZU
SML ISUZU LTD,SAMRATGSXT3335HSD14F6.142RAR,ISUZU
SML ISUZU LTD,SARTAJGS5252XMHSD10F,ISUZU
SML ISUZU LTD,WV20 6 STC III,ISUZU
SML ISUZU LTD,S7 SAFF BUS,ISUZU
SML ISUZU LTD,SWARAJ MAZDA LGV,ISUZU
SML ISUZU LTD,WV26DTCIII STD BUS BS3,ISUZU
SML ISUZU LTD,EIB,ISUZU
SML ISUZU LTD,S74240SCHOOLBUS48SEATER,ISUZU
SML ISUZU LTD,SAMRAT CAB CHASSIS,ISUZU
Isuzu Motors India Pvt Ltd,D-MAXFLATDECKHR(4JA1),ISUZU
SML ISUZU LTD,SML ISUZU SUPER TC,ISUZU
ISUZU MOTORS INDIA PVT LTD,ISUZU V-CROSS HIGH,ISUZU
ISUZU MOTORS INDIA PVT LTD,MUX  4X2,ISUZU
SML ISUZU LTD,WV26S TC 3 D BUS,ISUZU
SML ISUZU LTD,WV26SM NG 72 SHD,ISUZU
SML ISUZU LTD,SARTAJ HG 72 TC,ISUZU
SML ISUZU LTD,W V26S BUS,ISUZU
ISUZU MOTORS INDIA PVT LTD,D-MAX 2WD FD HR 2.0,ISUZU
SML ISUZU LTD,SUPREME ZT54ED ELWB DRIVE AWAY,ISUZU
ISUZU MOTORS LTD JAPAN,D-MAX CREW CAB CAB  BSIV,ISUZU
ISUZU MOTORS INDIA PVT LTD,"ISUZU MOTORS INDIA PVT LTD, V-CROSS",ISUZU
SML ISUZU LTD,S7 STDSCHOOL BUSBSIII,ISUZU
SML ISUZU LTD,WT505,ISUZU
SML ISUZU LTD,WV 26 S TC III SHD 14,ISUZU
SML ISUZU LTD,SWARAJ 855 TRACTOR,ISUZU
SML ISUZU LTD,SWARAJ 834 XM,ISUZU
SML ISUZU LTD,WT 49 LWB (TRUCK),ISUZU
SML ISUZU LTD,WT 50TC-III,ISUZU
SML ISUZU LTD,S7STD SCHOOL BUS-BS-III,ISUZU
SML ISUZU LTD,S7 5100 SCHOOLBUS BSIV 53 SEAT,ISUZU
SML ISUZU LTD,S73335ACSDX21SEATER,ISUZU
SML ISUZU LTD,SUPERABNEXT3335ACBUS21SEATER,ISUZU
SML ISUZU LTD,WV 26ST BUS,ISUZU
SML ISUZU LTD,ZT54E TC III D ELWB BUS,ISUZU
ISUZU MOTORS INDIA PVT LTD,ISUZU D MAX FLATDECK CKD BSIV,ISUZU
ISUZU MOTOR INDIA PVT LTD,D-MAX FLATDECK HR (4 JA1),ISUZU
SML ISUZU LTD,WT49DDRIVEAWAYCHASSIS,ISUZU
Isuzu Motors India Pvt Ltd,ISUZU MU-X 3.0L 4WD AT,ISUZU
SML ISUZU LTD,SARTAJ 5252 XM WITH CARGO BOX ,ISUZU
SML ISUZU LTD,"SML ISUZU LTD, S7 NEXT 5100",ISUZU
SML ISUZU LTD,SAMRAT HD 19 TC,ISUZU
SML ISUZU LTD,STD BUS,ISUZU
SML ISUZU LTD,ZT 54M NG IV GH SHD ,ISUZU
SML ISUZU Ltd,SAMRATGSHD19CARGOBOX,ISUZU
ISUZU MOTORS INDIA PVT LTD,"ISUZU MOTORS INDIA PVT LTD, V-CROSS 4WD AT Z PRESTIGE",ISUZU
SML ISUZU LTD,S 7 BUS STANDARD BSIII,ISUZU
ISUZU MOTORS INDIA PVT LTD,ISUZU MU-X  3.0L 4WD AT,ISUZU
SML ISUZU LTD,6,ISUZU
SML ISUZU LTD,SML ISUZU STD TRUCK BS-III,ISUZU
SML ISUZU LTD,SML ISUZU T3500 BS IV,ISUZU
SML ISUZU LTD,NEW SWARAJ MAZDA,ISUZU
SML ISUZU LTD,SWARAJ MAZDA ZT 54E TCIII,ISUZU
Sml Isuzu Ltd,Zt54engtcdelwbschoolbus47seat,ISUZU
SML ISUZU LTD,PRESTIGE 3940 LWB BUS STD,ISUZU
ISUZU MOTORS INDIA PVT LTD,D-MAX REG CABCHASSIS SR 4JA1,ISUZU
SML ISUZU LTD,SML S 7 STANDARD BUS BS III,ISUZU
SML ISUZU LTD,SUPERAB2815WITHCARGOBOX,ISUZU
SML ISUZU LTD,SML ISUZU EURO III/IV,ISUZU
SML ISUZU LTD,SARTAJ5252XMNGHSD10F,ISUZU
SML ISUZU LTD,PRESTIGE TC IIIWT50TC III D,ISUZU
SML ISUZU LTD,ZT54 SM TC III HD,ISUZU
SML ISUZU LTD,SARTAJGS3335HG72HSD12F,ISUZU
SML ISUZU LTD,57*M 5100 TD BUS BS3,ISUZU
SML ISUZU LTD,SWARAJ MAZDA SAMRAT,ISUZU
SML ISUZU LTD,ZT54 SM TC,ISUZU
SML ISUZU LTD,SARTAJGS59XMCABCHASSIS,ISUZU
M/S ISUZU MOTORS INDIA PVT LTD,S-CAB- 2WD HR BSVI,ISUZU
SML ISUZU LTD,SML ISUZU WT49ESTCIIID BS3,ISUZU
SML ISUZU LTD,WV26SNGTCDSCHOOLBUS27SEATER,ISUZU
ISUZU MOTOR INDIA PVT LTD,D-MAX FLATDECK HR 4JA1-BSIV,ISUZU
ISUZU MOTOR INDIA PVT LTD,D-MAX CREW CAB GOODS VEHICLE-B,ISUZU
SML ISUZU LTD,SML ISUZU IS 12 TE,ISUZU
SML ISUZU LTD,WV 26 S XM III SHD,ISUZU
SML ISUZU LTD,S73335SDXBUS23SEATER,ISUZU
ISUZU MOTOR INDIA PVT LTD,D-MAX CAB CHASSIS V2 (4JA1) BS,ISUZU
ISUZU MOTOR INDIA PVT LTD,D-MAX CREW (4JA1 BSIV,ISUZU
SML ISUZU LTD,WT50TC III LWB,ISUZU
SML ISUZU LTD,S7 BUS STANDARD BS III WB 51,ISUZU
SML ISUZU LTD,SARTAJGS59XMHSD11.5F,ISUZU
SML ISUZU LTD,MAXICAB,ISUZU
ISUZU MOTORS INDIA PVT LTD,ISUZU V CROSS HIGH BS4,ISUZU
M/S ISUZU MOTORS INDIA PVT LTD,V-CROSS 4JK1E4C-L BSIV,ISUZU
ISUZU MOTORS INDIA PVT LTD,MU-7 (CKD-BS4),ISUZU
SML ISUZU LTD,MGV SAMRAT 17 HIGH ECK E3,ISUZU
SML ISUZU LTD,SMZT54SMDELWBSCHOOLBUS52SEATER,ISUZU
ISUZU MOTORS INDIA PVT LTD,SML ISUZU,ISUZU
ISUZU MOTORS INDIA PVT LTD,VCGTY,ISUZU
SML ISUZU LTD,EXE 2815 BUS BS IV,ISUZU
SML ISUZU LTD,WV26 IV,ISUZU
SML ISUZU LTD,SML ISUZU EURO III,ISUZU
SML ISUZU LTD,"SARTAJHG72STEELHIGHDECK,SHD14",ISUZU
SML ISUZU LTD,ZT 54E TC III DELWB,ISUZU
SML ISUZU LTD,SARTAJ 5252 XM CARGO BS III,ISUZU
SML ISUZU LTD,S75100BUSSHELL,ISUZU
SML ISUZU LTD,SUPER CNG TRUCK,ISUZU
SML ISUZU LTD,ZT54SM NG SHD LWB,ISUZU
M/S ISUZU MOTORS INDIA PVT LTD,D-MAX 2WD CBC HR BSVI,ISUZU
SML ISUZU LTD,SWARAJ MAZDA T3500\ZT54SUPER,ISUZU
ISUZU MOTOR INDIA PVT LTD,S-CAB 2WD HR BSVI,ISUZU
SML ISUZU LTD,SML ISUZU ZT54SM TC BS IV(WB 2,ISUZU
SML ISUZU LTD,WT50TCIIIAFES BSIII,ISUZU
SML ISUZU LTD,LVC BSIII,ISUZU
SML ISUZU LTD,SAMRAT4240GSNGTCHD19F11.1,ISUZU
SML ISUZU LTD,SWARAJ MAZDA/ MAXICAB,ISUZU
SML ISUZU LTD,S7 4240 SCHOOL BUS BSIV,ISUZU
SML ISUZU LTD,SAMRATGS4760HSD21F10.7WC,ISUZU
ISUZU MOTORS INDIA PVT LTD,ISUZU MUX AT,ISUZU
SML ISUZU LTD,SUPER3335GSNGTCCABCHASSIS14F,ISUZU
SML ISUZU LTD,S MAZDA SUPER 12TC III,ISUZU
SML ISUZU LTD,WV26STCSM SARTAJ,ISUZU
SML ISUZU LTD,SML ISUZU BSIII,ISUZU
Isuzu Motors India Pvt Ltd,D-MAX2WDFDHR2.0,ISUZU
ISUZU MOTOR INDIA PVT LTD,D-MAX SPACECAB ARCK DECK,ISUZU
SML ISUZU LTD,SWARAJ MAZDA  BUS,ISUZU
SML ISUZU LTD,LCV TRUCK BS- II,ISUZU
SML ISUZU LTD,S7 4240 BSIII 43,ISUZU
SML ISUZU LTD,ZT54 ETC III DE LWB,ISUZU
SML ISUZU LTD,SUPER4240GSNGTCHIGHDECK19F,ISUZU
SML ISUZU LTD,SML ISUZU  BSIII,ISUZU
ISUZU MOTORS INDIA PVT LTD,D-MAX CAB CHASSIS V2,ISUZU
SML ISUZU LTD,SAMRATGS3335HSD14F10.7,ISUZU
SML ISUZU LTD,SARTAJ,ISUZU
SML ISUZU LTD,ZT54M NG SMHD LWB,ISUZU
SML ISUZU LTD,WV26DTCIII STD BUS,ISUZU
SML ISUZU LTD,T /3500 ZT 54 SUPER,ISUZU
SML ISUZU LTD,SARTAJ 59 XM SHD CARGO BOX,ISUZU
SML ISUZU LTD,SAMRAT ZT54 SM TCIII 19A ELWB,ISUZU
SML ISUZU LTD,SAMRATGS3335CABCHASSIS14F10.7,ISUZU
SML ISUZU LTD,SARTAJ 3335 BUS STANDARD BS,ISUZU
ISUZU MOTORS INDIA PVT LTD,ISUZU D MAX CREW 4JA1 BSIV,ISUZU
SML ISUZU LTD,SWARAJ MAZDA LT 134 PR,ISUZU
SML ISUZU LTD,SAMRAT4760GSNGTC21FCARGO8CYL,ISUZU
ISUZU MOTORS INDIA PVT LTD,ISUZU MAX FLAT DECK,ISUZU
SML ISUZU LTD,"SML ISUZU LTD, SAMRAT4760GSNGTCCABCHASSIS21F",ISUZU
SML ISUZU LTD,ZT54 AB TC USB,ISUZU
SML ISUZU LTD,WV 26 S NG SMDC,ISUZU
ISUZU MOTORS INDIA PVT LTD,MU-7 (AT),ISUZU
SML ISUZU LTD,EXECUTIVE 2815 BUS B,ISUZU
SML ISUZU LTD,SWARAJ MAZDA WT 48 E,ISUZU
SML ISUZU LTD,ZT54TC III D ELWB BUS 37SEATER,ISUZU
SML ISUZU LTD,LMV,ISUZU
SML ISUZU LTD,WV26S TC III SHD TRUCK,ISUZU
SML ISUZU LTD,SWARAJ MAZDA LTD,ISUZU
SML ISUZU LTD,ZT 54SM TC III,ISUZU
ISUZU MOTORS INDIA PVT LTD,D-MAX CREW HR (4JA1 GSDN1 BS4,ISUZU
SML ISUZU LTD,T 3500 WT-49-ESD,ISUZU
SML ISUZU LTD,SARTAJ 5252 XM WITH SMDH C BOX,ISUZU
SML ISUZU LTD,SWARAJ MAZDA ZT 54 BUS,ISUZU
SML ISUZU LTD,EXECUTIVE TC III WV 26 EXE T,ISUZU
SML ISUZU LTD,SAMRAT4240STEELHIGHDECKLWB,ISUZU
SML ISUZU LTD,SUPREMEMETRO4240GSNGTCHIGHDECK,ISUZU
SML ISUZU LTD,SAMRATGS4240REEFERTRUCK19F,ISUZU
SML ISUZU LTD,COSMOWV26DDRIVEAWAYCHASSIS,ISUZU
SML ISUZU LTD,SAMRAT HD 19 TC III HIGH DECK,ISUZU
SML ISUZU LTD,WV26SDDRIVEAWAYCHASSIS,ISUZU
SML ISUZU LTD,T-3500 WV 26S TCIII SHD 14,ISUZU
SML ISUZU LTD,SWARAJ MAZDA WV 26 TC,ISUZU
SML ISUZU LTD,WV26S TC D BUS,ISUZU
SML ISUZU LTD,ZT54M NG IV GH SHD,ISUZU
SML ISUZU LTD,ZT54ELTC,ISUZU
SML ISUZU LTD,SAMRAT5100GSNGTCCABCHASSIS24F,ISUZU
SML ISUZU LTD,WV26TC,ISUZU
SML ISUZU LTD,SARTAJGSHG753335CABCHASSIS14F,ISUZU
SML ISUZU LTD,735 FE,ISUZU
SML ISUZU LTD,SUPREME4240STEELHIGHDECKLWB,ISUZU
SML ISUZU LTD,SUPREME TC IV ZT54ETC IV LWB,ISUZU
SML ISUZU LTD,TRUCK TIPPER,ISUZU
SML ISUZU LTD,WV26SDHIGHBACKSEATBUS21SEATER,ISUZU
SML ISUZU LTD,SML ISZU WT 49,ISUZU
SML ISUZU LTD,SAMRAT4240GSNGTCHIGHDECK17F,ISUZU
SML ISUZU LTD,SAMRATGS4760HSD19F10.7,ISUZU
SML ISUZU LTD,ECOMAXNONACBUS13SEATER,ISUZU
ISUZU MOTORS INDIA PVT LTD,ISUZU MU 7 AT,ISUZU
SML ISUZU LTD,SUPREME TC III,ISUZU
SML ISUZU LTD,0ZT54,ISUZU
ISUZU MOTORS INDIA PVT LTD,ISUZU MU 7,ISUZU
ISUZU MOTORS INDIA PVT LTD,ISUZU D-MAX,ISUZU
SML ISUZU LTD,ZT54 SMTC III HDS ELWB,ISUZU
SML ISUZU LTD,SWARAJ MAZDA T 3500 BSIII,ISUZU
ISUZU MOTORS INDIA PVT LTD,ISUZU D MAX CAB CHAS 4JA1 BS,ISUZU
SML ISUZU LTD,WV26S TC-A SARTAJ CB BSIII,ISUZU
SML ISUZU LTD,SML,ISUZU
SML ISUZU LTD,WT49ESTC D III STD BUS BS3,ISUZU
SML ISUZU LTD,ZT54TCIII,ISUZU
SML ISUZU LTD,WV26S NG SAMDC,ISUZU
SML ISUZU LTD,S74240 SCHOOL BUS 43 SEATER,ISUZU
SML ISUZU LTD,SWARAJ MAZDA TIPPER,ISUZU
SML ISUZU LTD,WV26STC IV,ISUZU
SML ISUZU LTD,STD. BUS BODY,ISUZU
SML ISUZU LTD,17FT ZT54SMTCIIIA LWB T BSIII,ISUZU
SML ISUZU LTD,WT50DHBSEATBUS21SEAT,ISUZU
SML ISUZU LTD,IS12TE COWL CHASSIS W W S BS3,ISUZU
SML ISUZU LTD,SWARAJ MAZDA BS III,ISUZU
SML ISUZU LTD,SAMRAT SM TC III CARGO BOX ZT ,ISUZU
ISUZU MOTORS INDIA PVT LTD,ISUZU MU-X  3.0L 2WD AT,ISUZU
SML ISUZU LTD,SAWRAJ MAZDA,ISUZU
ISUZU MOTORS INDIA PVT LTD,ISUZU DMAX FLATDECK HR4JA1 B,ISUZU
SML ISUZU LTD,ZT54TC IIIB,ISUZU
ISUZU MOTORS INDIA PVT LTD,DMAX E FLATDECK(BS4),ISUZU
SML ISUZU LTD,SWARAJ MAZDA SUPER NG ZT54 NG,ISUZU
SML ISUZU LTD,SAMRAT,ISUZU
SML ISUZU LTD,ZT54SM TC,ISUZU
SML ISUZU LTD,ZT54AB TCIII,ISUZU
SML ISUZU LTD,SARTAJ 5252 XM WITH CARGO BOX,ISUZU
ISUZU MOTORS INDIA PVT LTD,D-MAX CREW HR (4JA1) GSDN1 BS4,ISUZU
SML ISUZU LTD,SAMRATGSXT3335LSD12F,ISUZU
SML ISUZU LTD,WT49 NG A LWB,ISUZU
ISUZU MOTORS INDIA PVT LTD,V-CROSS 2WD AT Z,ISUZU
SML ISUZU LTD,SWARAJ MAZDA T3500,ISUZU
SML ISUZU LTD,SAMRAT TRUCK  MODEL 54SMU,ISUZU
SML ISUZU LTD,ZT54EDELWB,ISUZU
ISUZU MOTORS INDIA PVT LTD,V-CROSS,ISUZU
SML ISUZU LTD,S74240SCHOOLBUS43SEATER,ISUZU
SML ISUZU LTD,WV/26,ISUZU
SML ISUZU LTD,ZT54SLF NG,ISUZU
ISUZU MOTORS INDIA PVT LTD,ISUZU S CAB,ISUZU
SML ISUZU LTD,SWARAJ MAZDA WT50TC BUS,ISUZU
SML ISUZU LTD,S 7 STANDARD BUS BSIV,ISUZU
SML ISUZU LTD,SARTAJ5252XM EURO1V,ISUZU
SML ISUZU LTD,SML ISUZU S 7 BSIII,ISUZU
SML ISUZU LTD,SML ISUZU T3500 STD BUS BS3,ISUZU
SML ISUZU LTD,SWARAJ MAZDA ZT 54E TC III,ISUZU
ISUZU MOTORS INDIA PVT LTD,D-MAX CAB CHASSIS,ISUZU
SML ISUZU LTD,SARTAJ 5252XM WITH SHD,ISUZU
SML ISUZU LTD,WV 26S TC III SMDC,ISUZU
SML ISUZU LTD,SARTAJ 5252 XM SHD BSIII,ISUZU
ISUZU MOTOR INDIA PVT LTD,V-CROSS-PASSENGER VEHICLE-M1 B,ISUZU
SML ISUZU LTD,ZT54SMTC-III B ELWB PS XM,ISUZU
ISUZU MOTOR INDIA PVT LTD,5,ISUZU
SML ISUZU LTD,SML ISUZU BS 4,ISUZU
SML ISUZU LTD,LMV OMNI BUS DELUXE,ISUZU
SML ISUZU LTD,ZT54ENGTCDELWBSCHOOLBUS47SEAT,ISUZU
SML ISUZU LTD,SWARAJ MAZDA 3500,ISUZU
ISUZU MOTORS INDIA PVT LTD,D MAX CREW (4JA1) BSIV,ISUZU
SML ISUZU LTD,ZT54 E TC III D ELWB,ISUZU
SML ISUZU LTD,WV26S TCIII SHD 14 (XM),ISUZU
SML ISUZU LTD,S7 SCHOOL BUS,ISUZU
ISUZU MOTORS INDIA PVT LTD,D-MAX CAB CHASSIS HR (4JA1,ISUZU
SML ISUZU LTD,SWARAJ MANDA BS II,ISUZU
SML ISUZU LTD,WV26S TCIII SMDC SARTAJ XM,ISUZU
SML ISUZU LTD,SAMRAT4760GSNGTCHIGHDECK21F,ISUZU
M/S ISUZU MOTORS INDIA PVT LTD,D-MAX FLATDECK (CKD) BSIV,ISUZU
ISUZU MOTORS INDIA PVT LTD,D-MAX CAB CHASSIS V2 (4JA1),ISUZU
Isuzu Motors India Pvt Ltd,D-MAXFLATDECKHR(4JA1,ISUZU
Isuzu Motors India Pvt Ltd,D-MAXCREWHR(4JA1),ISUZU
SML ISUZU LTD,SUPER 12 XM BSIII 4300 STEEL,ISUZU
SML ISUZU LTD,ZT 54 NG SHD LWB,ISUZU
SML ISUZU LTD,SARTAJ 14,ISUZU
ISUZU MOTOR INDIA PVT LTD,D-MAX 2WD CBC HR 2.0 BSVI,ISUZU
SML ISUZU LTD,SARTAJ XM (EURO III),ISUZU
SML ISUZU LTD,SML ISUZU SUPER,ISUZU
SML ISUZU LTD,SARTAJ 59 XM SHD CARGO BOX BS3,ISUZU
SML ISUZU LTD,SARTAJ5252XMNGTCHSD10F,ISUZU
ISUZU MOTORS INDIA PVT LTD,V-CROSS BSIV,ISUZU
ISUZU MOTORS INDIA PVT LTD,D-MAX CREW (4JA1 GOODS N1 BS4,ISUZU
SML ISUZU LTD,WV26SDTNSCHOOLBUS21SEAT,ISUZU
SML ISUZU LTD,ZT54ETCIIIELWB,ISUZU
SML ISUZU LTD,WV26S TC  III  SHD  14,ISUZU
SML ISUZU LTD,M G V,ISUZU
SML ISUZU LTD,ZT 54 E TC,ISUZU
SML ISUZU LTD,SUPER4240GSNGTCHD19F,ISUZU
SML ISUZU LTD,SMAL ISUZU WV 26 STC 3,ISUZU
ISUZU MOTORS INDIA PVT LTD,ISUZU MUX 3.0L 4WD AT M1 BS4,ISUZU
SML ISUZU LTD,WV26S TC III D BUS,ISUZU
SML ISUZU LTD,SWARAJ MAZADA ZT54MSS TCIII SH,ISUZU
SML ISUZU LTD,WV 26 STC SARTAJ,ISUZU
SML ISUZU LTD,ZT54SL,ISUZU
SML ISUZU LTD,SML ISUZU SARTAJ EURO III,ISUZU
SML ISUZU LTD,SARTAJ 3335 STD BUS BSIV,ISUZU
SML ISUZU LTD,S7 STANDARD BUS 3940 BS III,ISUZU
SML ISUZU LTD,ZT54 B TC ELWB,ISUZU
M/S ISUZU MOTORS INDIA PVT LTD,D-MAX CREW HR (4JA1) BSIV,ISUZU
ISUZU MOTORS INDIA PVT LTD,V-CROSS HIGH+,ISUZU
SML ISUZU LTD,SAMRAT TRUCK,ISUZU
ISUZU MOTORS INDIA PVT LTD,D-MAX CREW HR (4JA1),ISUZU
SML ISUZU LTD,SAMRATGS2815CABCHASSISTIPPER,ISUZU
SML ISUZU LTD,WV26SM,ISUZU
SML ISUZU LTD,SML ISUZU T3500,ISUZU
SML ISUZU LTD,SUPER AB 2815 TIPPER BS IV,ISUZU
ISUZU MOTORS INDIA PVT LTD,ISUZU MU 7 CKD BSIV,ISUZU
ISUZU MOTORS INDIA PVT LTD,V-CROSS 4WD AT Z PRESTIGE,ISUZU
ISUZU MOTORS INDIA PVT LTD,ISUZD D MAX,ISUZU
SML ISUZU LTD,SUPERAB2815CABCHASSISTIPPER,ISUZU
SML ISUZU LTD,PRESTIGEGS2515CABCHASSISTIPPER,ISUZU
SML ISUZU LTD,ZT54EDLWBSCHOOLBUS42SEATER,ISUZU
SML ISUZU LTD,SARTAJ3940GSNGTCCABCHASSIS17F,ISUZU
SML ISUZU LTD,SARTAJ GS 5252XM HSD 10F BS6,ISUZU
SML ISUZU LTD,SARTAJ TC III WV 26S TC III,ISUZU
SML ISUZU LTD,SML ISUZU SAMRAT ZT54SM TC-IV ,ISUZU
SML ISUZU LTD,ZT54ABDELWBSCHOOLBUS41SEATER,ISUZU
SML ISUZU LTD,SARTAJ (EURO III),ISUZU
SML ISUZU LTD,"SML ISUZU LTD, ZT 54 SM TC 3N",ISUZU
SML ISUZU LTD,WV 26 SM NG SHD,ISUZU
SML ISUZU LTD,SML ISUZU SUPER EURO III,ISUZU
SML ISUZU LTD,SML ISUZU BUS BSIII,ISUZU
SML ISUZU LTD,ZT54M NG AL. BOX,ISUZU
SML ISUZU LTD,WV26S TC III SHD 14 SARTAJ XM,ISUZU
SML ISUZU LTD,WT 49-T 3500,ISUZU
SML ISUZU LTD,T 3500,ISUZU
ISUZU MOTORS INDIA PVT LTD,SMART 4760,ISUZU
SML ISUZU LTD,PRESTIGEGS2815LSD12F,ISUZU
SML ISUZU LTD,S7 4240 SCHOOL BUS BS4,ISUZU
SML ISUZU LTD,SML ISUZU PRESTIGE WT49ESTC,ISUZU
SML ISUZU LTD,ZT54TC III SHD,ISUZU
SML ISUZU LTD,WV 26 STC III,ISUZU
SML ISUZU LTD,S 7 BUS,ISUZU
ISUZU MOTOR INDIA PVT LTD,ISUZU MU X 3.0L 4WD AT,ISUZU
SML ISUZU LTD,SARTAJ 59 XM  SHD CARGO BOX,ISUZU
SML ISUZU LTD,WV 26 TC/III D FES,ISUZU
ISUZU MOTORS INDIA PVT LTD,D MAX FLATDECK BS4,ISUZU
SML ISUZU LTD,NA 110,ISUZU
SML ISUZU LTD,WV26526,ISUZU
ISUZU MOTORS INDIA PVT LTD,D MAX FLATDECK,ISUZU
SML ISUZU LTD,  BUS,ISUZU
ISUZU MOTOR INDIA PVT LTD,D-MAX E-FLATDECK WB3050 BSIV,ISUZU
SML ISUZU LTD,SARTAJ 4WD TC III,ISUZU
SML ISUZU LTD,WT 50 TC LWB,ISUZU
SML ISUZU LTD,"WV26S TC,SARTAJ HG 72.BSIII",ISUZU
SML ISUZU LTD,WV26...,ISUZU
SML ISUZU LTD,ISUZU SUPER 12XM BSIV 4760,ISUZU
SML ISUZU LTD,WV 26SM NG 72SHDBSIV,ISUZU
SML ISUZU LTD,EXECUTIVELX5100XTACBUS39SEATER,ISUZU
ISUZU MOTOR INDIA PVT LTD,D-MAX FLATDECK HR (4JA1 BSIV,ISUZU
SML ISUZU LTD,WT 50 TC III,ISUZU
ISUZU MOTOR INDIA PVT LTD,D-MAX E-FLATDECK,ISUZU
SML ISUZU LTD,LCV TRUCK  BS- II,ISUZU
SML ISUZU LTD,SWARAJ MAZDA SARTAJ EURO II,ISUZU
SML ISUZU LTD,SAMRATGS4240HSD17F10.7,ISUZU
SML ISUZU LTD,WV26SCD SARTAJBUS,ISUZU
SML ISUZU LTD,SARTAJ 5252XM,ISUZU
SML ISUZU LTD,S7 BUS BSIV 4240MM,ISUZU
SML ISUZU LTD,SAMRAT HIGH DECK,ISUZU
ISUZU MOTORS INDIA PVT LTD,ISUZU V CROSS BS IV,ISUZU
SML ISUZU LTD,ZT54 SHD,ISUZU
SML ISUZU LTD,ZT54 SM NG IV SHD LWB,ISUZU
ISUZU MOTORS INDIA PVT LTD,ISUZU,ISUZU
SML ISUZU LTD,SUPER12.9XMBSIII,ISUZU
SML ISUZU LTD,SML WT50 TC,ISUZU
ISUZU MOTOR INDIA PVT LTD,ISUZU D MAX SPACE CAB ARCH DEC,ISUZU
ISUZU MOTORS INDIA PVT LTD,D-MAX FLATDECK (4JA1),ISUZU
ISUZU MOTORS INDIA PVT LTD,D MAX  HR 4JA1 BSIV,ISUZU
ISUZU MOTORS INDIA PVT LTD,ISUZU MU X 3 0 L 4WD AT,ISUZU
SML ISUZU LTD,ISUZU FR 1318,ISUZU
SML ISUZU LTD,SARTAJ HG  72,ISUZU
SML ISUZU LTD,ZT54ABDLWBSCHOOLBUS42SEATER,ISUZU
Sml Isuzu Ltd,S73335schoolbus31seater,ISUZU
SML ISUZU LTD,ZT 54SM TC,ISUZU
SML ISUZU LTD,WV26TC III D BUS STANDARD,ISUZU
M/S ISUZU MOTORS INDIA PVT LTD,V-CROSS HIGH BSIV,ISUZU
SML ISUZU LTD,ZT54CSHD,ISUZU
SML ISUZU LTD,SML S7 BUS BSIV 4240,ISUZU
SML ISUZU LTD,SARTAJ 5252 XM WITHCARGOBOXBS3,ISUZU
SML ISUZU LTD,SWARAJ MAZDA IS 12T,ISUZU
Isuzu Motors India Pvt Ltd,D-MAXCABCHASSISV2(4JA1,ISUZU
SML ISUZU LTD,SWARAJ MAZDA ZT 54 ED,ISUZU
SML ISUZU LTD,SWARAJMAZDASPRMZT54ETCIIIDELWB,ISUZU
SML ISUZU LTD,SWARAJ 735,ISUZU
ISUZU MOTOR INDIA PVT LTD,S-CAB- 2WD HR BSVI,ISUZU
ISUZU MOTORS INDIA PVT LTD,V CROSS,ISUZU
SML ISUZU LTD,T3500-WT50LWB (STANDARD),ISUZU
SML ISUZU LTD,ZT 54 SM NG A ELWB,ISUZU
SML ISUZU LTD,S75100SDXBUS37+1+1SEATER,ISUZU
ISUZU MOTORS INDIA PVT LTD,ISUZU D MAX E FLATDECK CKD,ISUZU
SML ISUZU LTD,SML ISUZU WV 26STC  SCH BUS,ISUZU
SML ISUZU LTD,SARTAJGSHG753335HSD12F,ISUZU
ISUZU MOTORS INDIA PVT LTD,MU 7,ISUZU
SML ISUZU LTD,SARTAJ5252GSNGTCCABCHASSIS10F,ISUZU
SML ISUZU LTD,ZT54,ISUZU
SML ISUZU LTD,WT50DNGTCCOWLCHASSIS,ISUZU
ISUZU MOTORS INDIA PVT LTD,V-CROSS M1 BS4,ISUZU
SML ISUZU LTD,SARTAJ 5252XM CRGBOX BS4,ISUZU
SML ISUZU LTD,LMV OMNI BUS  SEMI DELUXE,ISUZU
SML ISUZU LTD,ZT 54 ETC D ELWB,ISUZU
SML ISUZU LTD,ZT54E,ISUZU
SML ISUZU LTD,"SARTAJHG72STEELHIGHDECK,SHD12",ISUZU
SML ISUZU LTD,SAMRATXT13123940CABCHASSISPTO,ISUZU
SML ISUZU LTD,S7 STANDERED SCHOOL BUS BSIII,ISUZU
SML ISUZU LTD,SML ISUZU WT50TCIIILWB BSIII,ISUZU
SML ISUZU LTD,WV26 S TC,ISUZU
SML ISUZU LTD,WV 26 S DTC,ISUZU
SML ISUZU LTD,BUS,ISUZU
SML ISUZU LTD,ZT54EDLWBSCHOOLBUS42SEAT,ISUZU
SML ISUZU LTD,SARTAJ WV26S TC III,ISUZU
SML ISUZU LTD,ZT54ABTC III D LWB,ISUZU
SML ISUZU LTD,SAMRATGS3335CABCHASSISTIPPER,ISUZU
M/S ISUZU MOTORS INDIA PVT LTD,D-MAX CREW 4JA1 BSIV,ISUZU
ISUZU MOTORS INDIA PVT LTD,SML ISUZU LTD SARTAJ BS 3,ISUZU
SML ISUZU LTD,SML ISUZU BS III,ISUZU
SML ISUZU LTD,ZT54ABDDRIVEAWAYCHASSIS,ISUZU
SML ISUZU LTD,WV26S NG SMDC,ISUZU
SML ISUZU LTD,SARTAJ GS 3335HG 72HSD14F BS6,ISUZU
SML ISUZU LTD,SML ISUZU,ISUZU
SML ISUZU LTD,WV 26STC 111 S M DC ,ISUZU
ISUZU MOTORS INDIA PVT LTD,ML  ISUZU,ISUZU
SML ISUZU LTD,WV 26S IV GH NG  ,ISUZU
ISUZU MOTOR INDIA PVT LTD,V-CROSS-PASSENGER VEHICLE-M,ISUZU
SML ISUZU LTD,SARTAJ 5252 XM BSIV,ISUZU
SML ISUZU LTD,SAMRAT 4760,ISUZU
SML ISUZU LTD,S7 BUS BSIII,ISUZU
SML ISUZU LTD,ZT54 RA,ISUZU
SML ISUZU LTD,SAMRAT TC III ZT 54 SM TC III,ISUZU
ISUZU MOTOR INDIA PVT LTD,V-CROSS HIGH PASSENGER VEHICLE,ISUZU
SML ISUZU LTD,WV26 SM NG72 SMDC IV,ISUZU
SML ISUZU LTD,EXECUTIVE TC III WV 26 EXE TC,ISUZU
SML ISUZU LTD,SAMRAT4760GSNGTCHIGHDECK20F,ISUZU
SML ISUZU LTD,SUPER AB TRUCK,ISUZU
SML ISUZU LTD,SUPREMEGS3335HSD14F,ISUZU
ISUZU MOTOR INDIA PVT LTD,SUPER SPL,ISUZU
SML ISUZU LTD,SAMRAT4240WITHCARGOBOXLWB,ISUZU
ISUZU MOTORS INDIA PVT LTD,V-CROSS PASS - VEHICLE M1 BSIV,ISUZU
SML ISUZU LTD,SM ZT54SM TC IIIA,ISUZU
ISUZU MOTOR INDIA PVT LTD,ISUZU DMAX SPACE,ISUZU
SML ISUZU LTD,WT50 TC LWB,ISUZU
SML ISUZU LTD,"SML ISUZU LTD, WV 26 S D N G",ISUZU
SML ISUZU LTD,EXECUTIVE TCIII WV 26 EXE TCII,ISUZU
SML ISUZU LTD,SAMRATGSXT4240HSD17F,ISUZU
SML ISUZU LTD,SAWRAJ MAZDA SAMRAT( EURAO 111,ISUZU
SML ISUZU LTD,WV26 STC III,ISUZU
SML ISUZU LTD,SARTAJ HG 72 TC III,ISUZU
SML ISUZU Ltd,SARTAJ 5252 XM  SMHD CARGO BOX,ISUZU
SML ISUZU LTD,S7 SCL BUS DOUBLEDOOR BS4,ISUZU
M/S ISUZU MOTORS INDIA PVT LTD,D-MAX 2WD FD HR 2.0 BSVI-PH2,ISUZU
ISUZU MOTORS INDIA PVT LTD,D-MAX CAB CHASSIS V2 (4JA1,ISUZU
SML ISUZU LTD,ECOMAXACBUS14 SEATER,ISUZU
SML ISUZU LTD,BUS...,ISUZU
SML ISUZU LTD,SARTAJ 5252 XM BSIII,ISUZU
SML ISUZU LTD,ZT 54,ISUZU
SML ISUZU LTD,SAMRAT HD19TCIII  ZT54SMTCIII ,ISUZU
SML ISUZU LTD,SUPREME TCIII D ELWB BUS,ISUZU
SML ISUZU LTD,S7 SCHOOL BUS BSIII,ISUZU
SML ISUZU LTD,SARTAJ HG 72 HIGH DECK 12 FT,ISUZU
SML ISUZU LTD,EXCUTIVE TC III,ISUZU
SML ISUZU LTD,T.3500-U,ISUZU
SML ISUZU LTD,S7 STANDARD SCHOOL BUS BS IV,ISUZU
SML ISUZU LTD,SARTAJ3335GSNGTC7200CABCHASSIS,ISUZU
SML ISUZU LTD,MINI BUS,ISUZU
M/S ISUZU MOTORS INDIA PVT LTD,ISUZU MU-X 3.0L 4WD AT BSIV,ISUZU
SML ISUZU LTD,SARTAJ 3335 STD BSIV,ISUZU
SML ISUZU LTD,ZT54 SM TC 3 HD 19 LEWB PS,ISUZU
SML ISUZU LTD,S 7 4240 SDX STANDARD BUS BSIV,ISUZU
SML ISUZU LTD,HIROIFOH5300BUSDRIVEAWAYCHASIS,ISUZU
