rc_maker_desc,rc_maker_model,Mapped Name
M/S JAGUAR LANDROVER LTD,DISCOVERY3.0 I T/CDIESEL4WD5DO,JAGUAR
JAGUAR LAND ROVER INDIA LIMITED,RANGE ROVER VELAR R-DY BASE,JAGUAR
M/S JAGUAR LANDROVER LTD,RR VELAR 2.0IT/184KW PETROL4WD5D R-DY S 5S BSVI,JAGUAR
JAGUAR LAND ROVER INDIA LIMITED,JAGUAR XE 2.0L DSL PRESTIGE,JAGUAR
JAGUAR LAND ROVER INDIA LIMITED,RANGE ROVER SPORT 3.0L DSL SE,JAGUAR
JAGUAR LAND ROVER INDIA LIMITED,RR 3.0L V6 LWB VOGUE,JAGUAR
JAGUAR LAND ROVER INDIA LIMITED,DISCOVERY SPORT 2.0D 4WD HSE,JAGUAR
JAGUAR LAND ROVER INDIA LIMITED,JAGUAR XF 2.0L PETROL PRESTIGE,JAGUAR
M/S JAGUAR LANDROVER LTD,L R R R EVOQUE2.0 I TD4 132 KW,JAGUAR
JAGUAR LAND ROVER INDIA LIMITED,DISCOVERY 2.0L DIESEL HSE,JAGUAR
JAGUAR LAND ROVER INDIA LIMITED,RANGE ROVER SPORT 3.0 TDV6 HSE,JAGUAR
JAGUAR LAND ROVER INDIA LIMITED,RANGE ROVER EVOQUE HSE,JAGUAR
JAGUAR LAND ROVER INDIA LIMITED,DISCOVERY SPORT HSE,JAGUAR
JAGUAR LAND ROVER INDIA LIMITED,LAND ROVER RANGE ROVER 3.0L,JAGUAR
JAGUAR LAND ROVER INDIA LIMITED,F-PACE,JAGUAR
JAGUAR LAND ROVER INDIA LIMITED,RANGEROVER SPORT5.0L,JAGUAR
JAGUAR LAND ROVER INDIA LIMITED,RANGE ROVER SPORT 3.0,JAGUAR
JAGUAR CARS LTD,JAGUAR XF 3.0L DIESEL PREMIUM ,JAGUAR
JAGUAR LAND ROVER INDIA LIMITED,"JAGUAR LAND ROVER INDIA LIMITED, RANGE ROVER SPORT HSE",JAGUAR
JAGUAR LAND ROVER INDIA LIMITED,FREE LANDER 2TD4 2.2 D SE,JAGUAR
M/S JAGUAR LANDROVER LTD,RANGAROVERSPORT3.0 I TDV6DIESE,JAGUAR
JAGUAR LAND ROVER INDIA LIMITED,LAND ROVER RANGE ROVER EVOQUE ,JAGUAR
JAGUAR LAND ROVER INDIA LIMITED,R.R EVOQUE SD4,JAGUAR
JAGUAR LAND ROVER INDIA LIMITED,FREELANDER 2.2D SE,JAGUAR
JAGUAR LAND ROVER INDIA LIMITED,RANGE ROVER VOGUE 3.0L,JAGUAR
JAGUAR LAND ROVER INDIA LIMITED,RANGE ROVER EVOQUE,JAGUAR
JAGUAR LAND ROVER INDIA LIMITED,JAGUAR XE 2.0L D PORTFOLIO,JAGUAR
JAGUAR LAND ROVER INDIA LIMITED,JAGUAR XE 02.0L PRESTIGE,JAGUAR
JAGUAR LAND ROVER INDIA LIMITED,DEFENDER 5.0P,JAGUAR
JAGUAR CARS LTD,JAGUAR XF 2.2L DIESEL LUXURY B,JAGUAR
JAGUAR LAND ROVER INDIA LIMITED,LRRR EVOQUE CONVERT HSE DY,JAGUAR
JAGUAR LAND ROVER INDIA LIMITED,FREELANDER2 2.2L TD4 SE,JAGUAR
JAGUAR LAND ROVER INDIA LIMITED,RR EVOQUE 2.0L D R-DYNAMIC SE,JAGUAR
JAGUAR LAND ROVER INDIA LIMITED,RANGE ROVER 3.0 L DIESEL,JAGUAR
JAGUAR LAND ROVER INDIA LIMITED,FREELANDER 2.2 D SE,JAGUAR
JAGUAR LAND ROVER INDIA LIMITED,EVOQUE SD4,JAGUAR
JAGUAR LAND ROVER INDIA LIMITED,JAGUAR XF 2.0L DSL PORTFOLIO,JAGUAR
JAGUAR LAND ROVER INDIA LIMITED,JAGUAR F-3.0 CONVERT,JAGUAR
JAGUAR LAND ROVER INDIA LIMITED,RR EVOQUE 2.0L D S,JAGUAR
JAGUAR LAND ROVER INDIA LIMITED,JAGUAR XE 2.0 Diesel S,JAGUAR
JAGUAR LAND ROVER INDIA LIMITED,JAGUAR XJ 3.0L XJ50,JAGUAR
JAGUAR LAND ROVER INDIA LIMITED,R ROVER EVOQUE 2.0L,JAGUAR
JAGUAR LAND ROVER INDIA LIMITED,DISCOVERY 4.3 HSE,JAGUAR
JAGUAR LAND ROVER INDIA LIMITED,FREELANDER 2 SD4 2.2L AUTO. SE,JAGUAR
JAGUAR LAND ROVER INDIA LIMITED,RANGE ROVER VELAR 2.0D DY HSE,JAGUAR
JAGUAR LAND ROVER INDIA LIMITED,RANGE ROVER EVOQUE 2.0P DY NSE,JAGUAR
JAGUAR LAND ROVER INDIA LIMITED,RANGE ROVER 3.0 L,JAGUAR
JAGUAR LAND ROVER INDIA LIMITED,DISCOVERY SPORT 2.0L TD4 SE,JAGUAR
JAGUAR LAND ROVER INDIA LIMITED,RANGE ROVER SPORT S,JAGUAR
M/S JAGUAR LANDROVER LTD,RANGE ROVER SPORT 3.0L SDV6 BSIV,JAGUAR
JAGUAR LAND ROVER INDIA LIMITED,RANGE ROVER SPORT 3.0D DY HSE,JAGUAR
JAGUAR LAND ROVER INDIA LIMITED,LANDROVERDISCOVERYSPORT2.0,JAGUAR
JAGUAR LAND ROVER INDIA LIMITED,DISCOVERY,JAGUAR
JAGUAR LAND ROVER INDIA LIMITED,DISCOVERY 4,JAGUAR
JAGUAR LAND ROVER INDIA LIMITED,RANGE ROVER SPORT TDV6 SE,JAGUAR
JAGUAR LAND ROVER INDIA LIMITED,FREELANDER 2 TD4.2.2 D.A/T SE,JAGUAR
JAGUAR LAND ROVER INDIA LIMITED,RANGE ROVER 4.4 TDV8 VOUGE SE,JAGUAR
JAGUAR LAND ROVER INDIA LIMITED,LAND ROVER UR,JAGUAR
JAGUAR LAND ROVER INDIA LIMITED,JAGUAR XF 3.0L BSIV,JAGUAR
JAGUAR LAND ROVER INDIA LIMITED,JAGUAR F PACE 2.0L ,JAGUAR
JAGUAR LAND ROVER INDIA LIMITED,JAGUAR XJ 3.0,JAGUAR
JAGUAR LAND ROVER INDIA LIMITED,RANGE ROVER 4.4,JAGUAR
JAGUAR LAND ROVER INDIA LIMITED,RANGE ROVER 4.4P LWB AB,JAGUAR
JAGUAR LAND ROVER INDIA LIMITED,LR RR EVOQUE 2.0LTD4 132KW SE,JAGUAR
JAGUAR LAND ROVER INDIA LIMITED,DISCOVERY SPORT 2.2L SD4 HSE L,JAGUAR
JAGUAR LAND ROVER INDIA LIMITED,DISCOVERY SPORT 2.0L SI4 177 H,JAGUAR
JAGUAR LAND ROVER INDIA LIMITED,FREELANDER 2 HSE,JAGUAR
JAGUAR LAND ROVER INDIA LIMITED,RANGE ROVER SPORT SDV6 SE,JAGUAR
JAGUAR LAND ROVER INDIA LIMITED,RANGE ROVER EVOQUE SD4 2.2L,JAGUAR
JAGUAR LAND ROVER INDIA LIMITED,RANGE ROVER SPORT 3.0L DSL HSE,JAGUAR
JAGUAR LAND ROVER INDIA LIMITED,JAGUAR XF 2.2L DIESEL EXECUTIV,JAGUAR
JAGUAR LAND ROVER INDIA LIMITED,RANGE ROVER 3.0L TDV,JAGUAR
JAGUAR LAND ROVER INDIA LIMITED,RANGE ROVER VELAR SE,JAGUAR
JAGUAR LAND ROVER INDIA LIMITED,RANGE ROVER EVOQUE SD4 HSE DYM,JAGUAR
JAGUAR LAND ROVER INDIA LIMITED,DISCOVERY SPORT 2.2L TD4 DSL,JAGUAR
JAGUAR LAND ROVER INDIA LIMITED,RR SPORT 3.0P HSE,JAGUAR
JAGUAR LAND ROVER INDIA LIMITED,"FREELANDER 2 TD4, 2.2D HSE",JAGUAR
JAGUAR LAND ROVER INDIA LIMITED,TATA ACE EX,JAGUAR
JAGUAR LAND ROVER INDIA LIMITED,F PACE 3.0 D AWD R SPORT,JAGUAR
JAGUAR LAND ROVER INDIA LIMITED,JAGUARXF2.0LPETROLPORTFOLI,JAGUAR
JAGUAR LAND ROVER INDIA LIMITED,XF 2.2 LUXURY,JAGUAR
JAGUAR LAND ROVER INDIA LIMITED,4.4L SDV8 LWB AUTOBI,JAGUAR
JAGUAR LAND ROVER INDIA LIMITED,RR EVOQUE 2.0I TD4 4X4 5D PURE,JAGUAR
JAGUAR LAND ROVER INDIA LIMITED,JAGUAR F-TYPE 2.0 P COUPE R-DY,JAGUAR
JAGUAR LAND ROVER INDIA LIMITED,JAGUAR XF3.0L,JAGUAR
JAGUAR LAND ROVER INDIA LIMITED,RANGE ROVER EVOQUE SD4,JAGUAR
JAGUAR LAND ROVER INDIA LIMITED,RANGE ROVER EVOQUE 2.0 I Si4,JAGUAR
JAGUAR LAND ROVER INDIA LIMITED,FREELANDER 2 SD4 2.2 L,JAGUAR
JAGUAR LAND ROVER INDIA LIMITED,R. ROVER VOGUE 3.0L,JAGUAR
JAGUAR LAND ROVER INDIA LIMITED,RANGE ROVER 3.0L,JAGUAR
JAGUAR LAND ROVER INDIA LIMITED,RANGE ROVER 3.0P LWB AUTOBIOGR,JAGUAR
JAGUAR LAND ROVER INDIA LIMITED,DISCOVERY 2.0 L PETROL HSE,JAGUAR
JAGUAR LAND ROVER INDIA LIMITED,RR SPORT 3.0L SDV6 DIESEL  SE,JAGUAR
JAGUAR LAND ROVER INDIA LIMITED,FREE LANDER 2 TD4 2.2 AT,JAGUAR
JAGUAR LAND ROVER INDIA LIMITED,RANGE ROVER 4.4L TDV8,JAGUAR
JAGUAR LAND ROVER INDIA LIMITED,JAGUR XF 2.2L,JAGUAR
JAGUAR LAND ROVER INDIA LIMITED,RR EVOQUE P R-DYNAMIC SE,JAGUAR
JAGUAR LAND ROVER INDIA LIMITED,DISCOVERY SPORT 2.0L TD4,JAGUAR
JAGUAR LAND ROVER INDIA LIMITED,JAGUAR XF 3 0 D,JAGUAR
JAGUAR LAND ROVER INDIA LIMITED,RANGE ROVER EVOQUE SD4 DYNAMI,JAGUAR
JAGUAR LAND ROVER INDIA LIMITED,RANGE ROVER 3.6 TDV8 DIESEL,JAGUAR
JAGUAR LAND ROVER INDIA LIMITED,RANGE ROVER 4.4P LWB SV,JAGUAR
JAGUAR LAND ROVER INDIA LIMITED,RANGE ROVER EVOQUE PRE SD4BS4,JAGUAR
JAGUAR LAND ROVER INDIA LIMITED,RANGE ROVER SPORT TDV6,JAGUAR
JAGUAR LAND ROVER INDIA LIMITED,TATA ACE EX BS3,JAGUAR
M/S JAGUAR LANDROVER LTD,DEFENDER 2.0LPETROL 4WDAUTO5 DOOR HSE 5STR BSVI,JAGUAR
JAGUAR LAND ROVER INDIA LIMITED,LR DISCOVERY SPORT LE,JAGUAR
JAGUAR LAND ROVER INDIA LIMITED,R R 3.0 D LWB TDV6 V,JAGUAR
JAGUAR LAND ROVER INDIA LIMITED,XF 2.2L,JAGUAR
JAGUAR LAND ROVER INDIA LIMITED,RANGE ROVER VELAR 2.0D RDYN S,JAGUAR
JAGUAR LAND ROVER INDIA LIMITED,DEFENDER110 3.0D AWD ATHSE BS6,JAGUAR
JAGUAR LAND ROVER INDIA LIMITED,JAGUAR XF 2.2 L DIESEL LUXURY,JAGUAR
JAGUAR LAND ROVER INDIA LIMITED,FREE LANDER 2.2L,JAGUAR
M/S JAGUAR LANDROVER LTD,JAGUAR F-PACE 2.0IT/C 150KW DA,JAGUAR
JAGUAR LAND ROVER INDIA LIMITED,FREELANDER 2 HSE SD4,JAGUAR
JAGUAR LAND ROVER INDIA LIMITED,JAGUAR XF 2.0 L DIE,JAGUAR
JAGUAR LAND ROVER INDIA LIMITED,JAGUAR  XF3.0LDIESEL,JAGUAR
JAGUAR LAND ROVER INDIA LIMITED,RR EVOQUE SD4 PURE 4X4 5D5S2.2,JAGUAR
JAGUAR LAND ROVER INDIA LIMITED,RANGE ROVER SPORT 3.0D DYN HSE,JAGUAR
JAGUAR LAND ROVER INDIA LIMITED,RANGE ROVER EVOQUE SD4 SE 4X4,JAGUAR
JAGUAR LAND ROVER INDIA LIMITED,JAGUAR XF2.2 L,JAGUAR
JAGUAR LAND ROVER INDIA LIMITED,LANDROVER FRELANDER 2TD4 2.2 L,JAGUAR
JAGUAR LAND ROVER INDIA LIMITED,DEFENDER 3DR 2.0P SE,JAGUAR
JAGUAR LAND ROVER INDIA LIMITED,LAND CRUISER TDV8 4.5,JAGUAR
JAGUAR LAND ROVER INDIA LIMITED,"XJ3.0L PORTFOLIO,BSIV",JAGUAR
JAGUAR LAND ROVER INDIA LIMITED,RANGE ROVER EVOQUE 2.2 LTR SD4,JAGUAR
JAGUAR LAND ROVER INDIA LIMITED,RANGE ROVER EVOQUE SD4 PURE,JAGUAR
JAGUAR LAND ROVER INDIA LIMITED,JAGUAR XE 2.0L DIESEL PRESTIGE,JAGUAR
JAGUAR LAND ROVER INDIA LIMITED,DISCOVERY SPORT2.0TD4LX4X4HSE7,JAGUAR
JAGUAR LAND ROVER INDIA LIMITED,RANGE ROVER VELAR R-DY. SE,JAGUAR
M/S JAGUAR LANDROVER LTD,DEFENDER3.0 DIESEL 4WD AUTO 5D,JAGUAR
JAGUAR LAND ROVER INDIA LIMITED,JAGUR XJ 3.0,JAGUAR
JAGUAR LAND ROVER INDIA LIMITED,JAGUAR XF2 0L DIE PRTFOLIO B,JAGUAR
JAGUAR LAND ROVER INDIA LIMITED,DISCOVERY SPORT 2.0L P R-DY SE,JAGUAR
JAGUAR LAND ROVER INDIA LIMITED,JAGUAR,JAGUAR
JAGUAR LAND ROVER INDIA LIMITED,TATA MAGIC,JAGUAR
JAGUAR LAND ROVER INDIA LIMITED,JAGUAR 3.0,JAGUAR
JAGUAR LAND ROVER INDIA LIMITED,JAGUAR XKR 5.0L V8 SC,JAGUAR
JAGUAR LAND ROVER INDIA LIMITED,DISCOVERY 3.0L PETROL HSE,JAGUAR
JAGUAR LAND ROVER INDIA LIMITED,LAND ROVER RR EVOQUE SD4 SE,JAGUAR
JAGUAR LAND ROVER INDIA LIMITED,DISCOVERY SPORT 2.2L SD4,JAGUAR
JAGUAR LAND ROVER INDIA LIMITED,LAND ROVER FREELANDER,JAGUAR
JAGUAR LAND ROVER INDIA LIMITED,"JAGUAR LAND ROVER INDIA LIMITED, FREELANDER 2.2L",JAGUAR
JAGUAR LAND ROVER INDIA LIMITED,RANGE ROVER ,JAGUAR
JAGUAR LAND ROVER INDIA LIMITED,EVOQUE AWDAT2.0DSL4X4RDYNSEBS6,JAGUAR
JAGUAR LAND ROVER INDIA LIMITED,JAGUAR XF 3.0L,JAGUAR
M/S JAGUAR LANDROVER LTD,RANGAROVERSPORT3.0 I TDV6DIESEL SE 5SEATER BSIV,JAGUAR
JAGUAR LAND ROVER INDIA LIMITED,RANGE ROVER EVOQUE SE,JAGUAR
JAGUAR LAND ROVER INDIA LIMITED,RANGE ROVER 3.6 V8 DIESEL HSE,JAGUAR
JAGUAR LAND ROVER INDIA LIMITED,RANGE ROVER3.0,JAGUAR
JAGUAR LAND ROVER INDIA LIMITED,XJ,JAGUAR
JAGUAR LAND ROVER INDIA LIMITED,ROVER EVOQUE SD4 PRESTIGE,JAGUAR
JAGUAR LAND ROVER INDIA LIMITED,RANGE ROVER,JAGUAR
JAGUAR LAND ROVER INDIA LIMITED,FREELANDER 2.2 TD4,JAGUAR
JAGUAR LAND ROVER INDIA LIMITED,RANGE ROVER EVOQUE S,JAGUAR
JAGUAR LAND ROVER INDIA LIMITED,RANGE ROVER VELAR 2.0D R-DYN S,JAGUAR
JAGUAR LAND ROVER INDIA LIMITED,LPT 407 EX/34 BS III,JAGUAR
JAGUAR LAND ROVER INDIA LIMITED,RANGEROVER 4.4 L D,JAGUAR
JAGUAR LAND ROVER INDIA LIMITED,JAGUAR XF 2.0 L,JAGUAR
JAGUAR LAND ROVER INDIA LIMITED,DISCOVERY SPORTAWDAT2.0RDSEBS6,JAGUAR
JAGUAR LAND ROVER INDIA LIMITED,LAND ROVER FREELANDER 2.2  SE,JAGUAR
JAGUAR LAND ROVER INDIA LIMITED,JAGUAR BRAND,JAGUAR
M/S JAGUAR LANDROVER LTD,JAGUAR F-PACE 2.0LT/C184KWPAWD,JAGUAR
JAGUAR LAND ROVER INDIA LIMITED,JAGUAR XF 3.0L DSL PREMIUM LUX,JAGUAR
M/S JAGUAR LANDROVER LTD,RANGEROVERVELAR2.0IT/C132KWD4W,JAGUAR
M/S JAGUAR LANDROVER INDIA LTD,RANGA ROVER 3.OD TDV6 AWD5DRSW,JAGUAR
JAGUAR LAND ROVER INDIA LIMITED,FREELANDER,JAGUAR
JAGUAR LAND ROVER INDIA LIMITED,LANDROVER FRELNDR 2SD4 2.2L SE,JAGUAR
JAGUAR LAND ROVER INDIA LIMITED,DISCOVERY SPORT 2.0D 4WD SE,JAGUAR
JAGUAR LAND ROVER INDIA LIMITED,"JAGUAR LAND ROVER INDIA LIMITED, FREELANDER 2 TD4 2.2D SE",JAGUAR
JAGUAR LAND ROVER INDIA LIMITED,RANGE ROVER 3.0D SWB HSE,JAGUAR
JAGUAR LAND ROVER INDIA LIMITED,LAND ROVER RR EVOQUE 2.0LSI4,JAGUAR
JAGUAR LAND ROVER INDIA LIMITED,XF 2.2L DIESEL LUXURY,JAGUAR
JAGUAR LAND ROVER INDIA LIMITED,RANGEROVER EVOQUE SD4IMP,JAGUAR
JAGUAR LAND ROVER INDIA LIMITED,LMV. JAGUAR XJ,JAGUAR
JAGUAR LAND ROVER INDIA LIMITED,FREELANDER 2 TD 4,JAGUAR
JAGUAR LAND ROVER INDIA LIMITED,LANDROVER R R E 2.0 ITD4132KWD,JAGUAR
JAGUAR LAND ROVER INDIA LIMITED,DISCOVERY 3.0I T/C D,JAGUAR
JAGUAR LAND ROVER INDIA LIMITED,RANGE ROVER EVOQ SD4BS4,JAGUAR
JAGUAR LAND ROVER INDIA LIMITED,RANGE ROVER SPORT TDV6 HSE,JAGUAR
M/S JAGUAR LANDROVER LTD,RANGE ROVER SPORT 3.0L SDV6 BS,JAGUAR
JAGUAR LAND ROVER INDIA LIMITED,FREELANDER 2TD 4,JAGUAR
JAGUAR LAND ROVER INDIA LIMITED,JAGUAR F-PACE 2.0L PRESTIGE,JAGUAR
JAGUAR LAND ROVER INDIA LIMITED,RANGE ROVER 4.4 DSL,JAGUAR
JAGUAR LAND ROVER INDIA LIMITED,LAND ROVER FREELANDER 2 SD4 2.,JAGUAR
JAGUAR LAND ROVER INDIA LIMITED,FREELANDER 2 TD4 2.2 DSL AT S,JAGUAR
JAGUAR LAND ROVER INDIA LIMITED,ROVER ROVER 5.0L SC,JAGUAR
JAGUAR LAND ROVER INDIA LIMITED,JAGUAR XF 3.0L DIESEL PREMIUM,JAGUAR
JAGUAR LAND ROVER INDIA LIMITED,LAND ROVER DISCOVERY SPORT 2.0,JAGUAR
JAGUAR LAND ROVER INDIA LIMITED,JAGUAR XF 3.0L  BS-IV,JAGUAR
JAGUAR LAND ROVER INDIA LIMITED,JAGUARXF 3.0L DIESEL,JAGUAR
JAGUAR LAND ROVER INDIA LIMITED,FREELANDER 2 TD4 2.2 DSL AT SE,JAGUAR
JAGUAR LAND ROVER INDIA LIMITED,RANGE ROVER 3.0 TDV6 EU4 VOGUE,JAGUAR
JAGUAR LAND ROVER INDIA LIMITED,DISCOVERY 2.0P R-DYNAMIC HSE,JAGUAR
JAGUAR LAND ROVER INDIA LIMITED,ROVER EXOQUE 2.2L BS4,JAGUAR
JAGUAR LAND ROVER INDIA LIMITED,RANGE ROVER EVOQUE SD4PRESTIGE,JAGUAR
JAGUAR LAND ROVER INDIA LIMITED,RANGE ROVER SPORT5L,JAGUAR
JAGUAR LAND ROVER INDIA LIMITED,EVOQUE SD 4,JAGUAR
JAGUAR LAND ROVER INDIA LIMITED,JAGUAR XF,JAGUAR
JAGUAR LAND ROVER INDIA LIMITED,RR SPORT2.0L14TC4WDAT5DSE BS6,JAGUAR
JAGUAR LAND ROVER INDIA LIMITED,FREELANDER 2 SE TD4 2.2L,JAGUAR
JAGUAR LAND ROVER INDIA LIMITED,RANGE ROVER SPORT 3.0P DY HSE,JAGUAR
JAGUAR LAND ROVER INDIA LIMITED,LAND ROV FREELA 2 2.2L SD4 HS,JAGUAR
JAGUAR LAND ROVER INDIA LIMITED,XE 2.0L PETROL,JAGUAR
JAGUAR LAND ROVER INDIA LIMITED,XF2.2L D,JAGUAR
JAGUAR LAND ROVER INDIA LIMITED,RANGE ROVER EVOQUE 2.2L SD4,JAGUAR
JAGUAR LAND ROVER INDIA LIMITED,RANGE ROVER 4.4 TDV8 DIESEL,JAGUAR
JAGUAR LAND ROVER INDIA LIMITED,"JAGUAR LAND ROVER INDIA LIMITED, RANGE ROVER EVOQUE SD4",JAGUAR
M/S JAGUAR LANDROVER LTD,RANGEROVERVELAR2.0IT/C221KW4WD,JAGUAR
JAGUAR LAND ROVER INDIA LIMITED,JAGUAR XJ 2.0L PETROL PORTFOLI,JAGUAR
M/S JAGUAR LANDROVER LTD,RR EVOQUEAWDAUTO2.0I132 KWDIES,JAGUAR
JAGUAR LAND ROVER INDIA LIMITED,LANDROVER DISCOVERY,JAGUAR
M/S JAGUAR LANDROVER LTD,DISCOVERY3.0IV6PETROL4WDAUTO5DOORHSE7SEATE BSIV,JAGUAR
JAGUAR LAND ROVER INDIA LIMITED,RANGEROVER 3.0LVOGUE,JAGUAR
JAGUAR LAND ROVER INDIA LIMITED,DISCOVERY SPORT2.0DSL HSE 7ST,JAGUAR
JAGUAR LAND ROVER INDIA LIMITED,JAGUAR XE 2.0L PETROL PRESTIGE,JAGUAR
M/S JAGUAR LANDROVER LTD,RRE AWD AUTO 2.0L183KW P 4X4 R,JAGUAR
JAGUAR LAND ROVER INDIA LIMITED,JAGUAR2.2L DIESEL LUXURY,JAGUAR
JAGUAR LAND ROVER INDIA LIMITED,DISCOVERY 3.0L P HSE 7SEATER,JAGUAR
JAGUAR LAND ROVER INDIA LIMITED,RANGE ROVER 3.0 T/C,JAGUAR
JAGUAR LAND ROVER INDIA LIMITED,JAGUAR XF 2.2L,JAGUAR
JAGUAR LAND ROVER INDIA LIMITED,TATA SUPERACE,JAGUAR
JAGUAR LAND ROVER INDIA LIMITED,FREELANDER2 2.2D SE,JAGUAR
JAGUAR LAND ROVER INDIA LIMITED,RANGE ROVER SPORT 3.0L S/C SE,JAGUAR
JAGUAR CARS LTD,DISCOVERY SPORT2.0L RDY SE BS6,JAGUAR
JAGUAR LAND ROVER INDIA LIMITED,JAGUAR XF 2.0L PETROL PORTFOLI,JAGUAR
JAGUAR LAND ROVER INDIA LIMITED,RANGE ROVER SPORT SE,JAGUAR
JAGUAR LAND ROVER INDIA LIMITED,JAGUAR XF 3.0 L,JAGUAR
M/S JAGUAR LANDROVER LTD,DEFENDER 2.0L PETROL 4WDAUTO 5,JAGUAR
JAGUAR LAND ROVER INDIA LIMITED,LR RR EVOQUE HSE DYNAMIC,JAGUAR
JAGUAR LAND ROVER INDIA LIMITED,FREELANDER 2 TD 4 2.2L,JAGUAR
JAGUAR LAND ROVER INDIA LIMITED,JAGUAR XE 2.0L DIESEL PURE,JAGUAR
JAGUAR LAND ROVER INDIA LIMITED,JAGUAR XF 2.0L DSL PURE BSIV,JAGUAR
JAGUAR LAND ROVER INDIA LIMITED,LR DISCOVERY SPORT HSE,JAGUAR
JAGUAR LAND ROVER INDIA LIMITED,DISCOVERY 4 3.0L TD V6 SE,JAGUAR
JAGUAR LAND ROVER INDIA LIMITED,RANGE ROVER 3.0 TDV6 VOGUE,JAGUAR
JAGUAR LAND ROVER INDIA LIMITED,FREELANDER 2 TD4 2.2D,JAGUAR
JAGUAR LAND ROVER INDIA LIMITED,RANGE ROVER EVO. SD4 PURE,JAGUAR
JAGUAR LAND ROVER INDIA LIMITED,DISCOVERY 3.0L PETROL HSE LUX,JAGUAR
JAGUAR LAND ROVER INDIA LIMITED,RANGEROVER V 2.0 IT/C 184KW P,JAGUAR
JAGUAR LAND ROVER INDIA LIMITED,JAGUAR F-TYPE 3.0L V6 SC,JAGUAR
JAGUAR LAND ROVER INDIA LIMITED,R ROVER EVOQUE SD 4,JAGUAR
JAGUAR LAND ROVER INDIA LIMITED,JAGUAR XKR,JAGUAR
JAGUAR LAND ROVER INDIA LIMITED,RANGE ROVER LWB VOGUE SE,JAGUAR
M/S JAGUAR LANDROVER LTD,JAGUAR I-PACE HSE BSVI,JAGUAR
JAGUAR LAND ROVER INDIA LIMITED,RANGE ROVER EVOQU SD4 DYNAMC5D,JAGUAR
JAGUAR LAND ROVER INDIA LIMITED,JAGUAR XFR (5.0L V8 S/C) EIV,JAGUAR
JAGUAR LAND ROVER INDIA LIMITED,DISCOVERY 43.0 TD V6 SE BSIV,JAGUAR
JAGUAR LAND ROVER INDIA LIMITED,RANGE ROVER SPORT 5.0L V8,JAGUAR
JAGUAR LAND ROVER INDIA LIMITED,RANGE ROVER3.0L TDV6 VOGUE SE,JAGUAR
JAGUAR LAND ROVER INDIA LIMITED,LR RR EVOQUE 2.0LTD4 SE DY,JAGUAR
JAGUAR LAND ROVER INDIA LIMITED,RANGE ROVER VELAR R-DY. S,JAGUAR
JAGUAR LAND ROVER INDIA LIMITED,FREELANDER 2.2D,JAGUAR
JAGUAR LAND ROVER INDIA LIMITED,JAGUAR XF 2.2L D LUXURY,JAGUAR
JAGUAR LAND ROVER INDIA LIMITED,F-PACE 2.0 L I4D,JAGUAR
JAGUAR LAND ROVER INDIA LIMITED,JAGUAR F-PACE 2.0L,JAGUAR
JAGUAR LAND ROVER INDIA LIMITED,RANGE ROVER EVOQUE SD4 PURE5DR,JAGUAR
JAGUAR LAND ROVER INDIA LIMITED,VELAR2.0I TC PTR 4WD 5DRDYNMSE,JAGUAR
JAGUAR LAND ROVER INDIA LIMITED,RANGE ROVER EVOQUE SD4 DYNAMIC,JAGUAR
JAGUAR LAND ROVER INDIA LIMITED,LR RR EVOQUE 2.0LTD4 E. S ED,JAGUAR
JAGUAR LAND ROVER INDIA LIMITED,RANGE ROVER EVOQUE SD4 DYN 5DR,JAGUAR
JAGUAR LAND ROVER INDIA LIMITED,RANGE ROVER 2.7,JAGUAR
JAGUAR LAND ROVER INDIA LIMITED,XF 3.0L DIESEL PREMIUM LUXURY,JAGUAR
JAGUAR LAND ROVER INDIA LIMITED,SPORTS 3.0,JAGUAR
JAGUAR LAND ROVER INDIA LIMITED,DISCOVERY SPORT2.0L RDY SE BS6,JAGUAR
JAGUAR LAND ROVER INDIA LIMITED,FREELANDER 2 TD4 2.2D SE,JAGUAR
JAGUAR LAND ROVER INDIA LIMITED,RANGE ROVER 3.0L TDV6 LWB DIES,JAGUAR
JAGUAR LAND ROVER INDIA LIMITED,JAGUAR XF 3.0 L LUXURY,JAGUAR
JAGUAR LAND ROVER INDIA LIMITED,LRDS DSL HSE TD4 5 STR,JAGUAR
JAGUAR LAND ROVER INDIA LIMITED,DISCOVERY SPORT 2.2L,JAGUAR
JAGUAR LAND ROVER INDIA LIMITED,1,JAGUAR
JAGUAR LAND ROVER INDIA LIMITED,JAGUAR XF 2.2L DIESEL,JAGUAR
M/S JAGUAR LANDROVER LTD,RANGEROVERSPORT4.4LSDV8250KWDA,JAGUAR
JAGUAR LAND ROVER INDIA LIMITED,FREELANDER2 2.2L SE,JAGUAR
M/S JAGUAR LANDROVER LTD,JAGUAR XF 2.0L DIESEL PORTFOLI,JAGUAR
JAGUAR LAND ROVER INDIA LIMITED,DISCOVERY4 3.0 V6,JAGUAR
JAGUAR LAND ROVER INDIA LIMITED,DEFENDER X,JAGUAR
JAGUAR LAND ROVER INDIA LIMITED,DISCOVERY SPORT 2.2L TD4,JAGUAR
JAGUAR LAND ROVER INDIA LIMITED,"JAGUAR LAND ROVER INDIA LIMITED, RANGEROVER V 2.0 IT/C 184KW P",JAGUAR
JAGUAR LAND ROVER INDIA LIMITED,DS-SALCA2AB9GL961042,JAGUAR
JAGUAR LAND ROVER INDIA LIMITED,RANGE ROVER SPORT,JAGUAR
JAGUAR LAND ROVER INDIA LIMITED,RANGE ROVER LWB AUTOBIOGRAPHY,JAGUAR
M/S JAGUAR LANDROVER LTD,DIS SPORT AWD AUTO 2.0L 132KW,JAGUAR
JAGUAR LAND ROVER INDIA LIMITED,JAGUAR XF 2.2L DSL LUXURY,JAGUAR
JAGUAR LAND ROVER INDIA LIMITED,RANGE ROVER 4.4L TD V8,JAGUAR
JAGUAR LAND ROVER INDIA LIMITED,RANGE ROVER EVOQUE SD4 BS IV,JAGUAR
JAGUAR LAND ROVER INDIA LIMITED,DISCOVERY 4 DTV6,JAGUAR
JAGUAR LAND ROVER INDIA LIMITED,RANGE ROVER SPORT3.0,JAGUAR
JAGUAR LAND ROVER INDIA LIMITED,DISCOVERY SPORT 2.0L R-DY SE,JAGUAR
JAGUAR LAND ROVER INDIA LIMITED,RANGE ROVER SPORT 3.0D SWB AB,JAGUAR
JAGUAR LAND ROVER INDIA LIMITED,,JAGUAR
JAGUAR LAND ROVER INDIA LIMITED,DEFENDER FIRST EDITION,JAGUAR
JAGUAR LAND ROVER INDIA LIMITED,LAND ROVER SPORT TDV8 SC,JAGUAR
JAGUAR LAND ROVER INDIA LIMITED,JAGUAR XF 2.2 L,JAGUAR
JAGUAR LAND ROVER INDIA LIMITED,JAHUAR XE 2.0L PORTFOLIO,JAGUAR
JAGUAR LAND ROVER INDIA LIMITED,R.ROVER SPORT SDV6,JAGUAR
JAGUAR LAND ROVER INDIA LIMITED,JAGUAR XJ 3.0 L DIESEL PORTFOL,JAGUAR
JAGUAR LAND ROVER INDIA LIMITED,RANGE ROVER VELAR 2.0L R D HSE,JAGUAR
M/S JAGUAR LANDROVER LTD,RR VELAR 2.0IT/184KW PETROL4WD,JAGUAR
JAGUAR LAND ROVER INDIA LIMITED,JAGUAR XE S,JAGUAR
JAGUAR LAND ROVER INDIA LIMITED,XF 2.2L DIESEL LUXURY.BSIV,JAGUAR
JAGUAR LAND ROVER INDIA LIMITED,RANGE ROVER 4.4L,JAGUAR
JAGUAR LAND ROVER INDIA LIMITED,RANGE  ROVER,JAGUAR
JAGUAR LAND ROVER INDIA LIMITED,DISCOVERY 3.0L PETROL SE,JAGUAR
JAGUAR LAND ROVER INDIA LIMITED,JAGUAR XF3.0L DIESEL,JAGUAR
JAGUAR LAND ROVER INDIA LIMITED,RANGE ROVER VOGUE SE,JAGUAR
JAGUAR LAND ROVER INDIA LIMITED,JAGUAR XJ 3.0L PORTFOLIO,JAGUAR
JAGUAR LAND ROVER INDIA LIMITED,JAGUAR XF 2.0L DIESEL PRESTIGE,JAGUAR
JAGUAR LAND ROVER INDIA LIMITED,DISCOVERY3.0L DIESEL,JAGUAR
JAGUAR LAND ROVER INDIA LIMITED,RANGE ROVER SPORT 3.0D SE,JAGUAR
JAGUAR LAND ROVER INDIA LIMITED,DISCOVERY SPORT DIESEL,JAGUAR
JAGUAR LAND ROVER INDIA LIMITED,RANGE ROVER EVOQUE HSE SD4,JAGUAR
JAGUAR LAND ROVER INDIA LIMITED,LR RR EVOQUE 2.0LTD4 HSE DY,JAGUAR
JAGUAR LAND ROVER INDIA LIMITED,RANGE ROVER EVOQUE DIESEL HSE,JAGUAR
JAGUAR LAND ROVER INDIA LIMITED,RANGE ROVER EVOQUE FIRST ED.,JAGUAR
JAGUAR LAND ROVER INDIA LIMITED,DISCOVERY SPORT 2.0L,JAGUAR
JAGUAR LAND ROVER INDIA LIMITED,JAGUAR F-PACE SVR,JAGUAR
JAGUAR LAND ROVER INDIA LIMITED,JAGUAR XF 2.0L PRESTIGE,JAGUAR
JAGUAR LAND ROVER INDIA LIMITED,JAGUAR XF 3.0L BS-IV,JAGUAR
JAGUAR LAND ROVER INDIA LIMITED,JAGUAR XF 2.0L,JAGUAR
JAGUAR LAND ROVER INDIA LIMITED,JAGUAR XF 2.2L D LUXU,JAGUAR
JAGUAR LAND ROVER INDIA LIMITED,VELAR2.0L T/CPTR4WD5DRDYNS5BS6,JAGUAR
JAGUAR LAND ROVER INDIA LIMITED,DISCOVERY 3.0L PETROL FIRST ED,JAGUAR
JAGUAR LAND ROVER INDIA LIMITED,JAGUAR XJ 3.0L V6,JAGUAR
M/S JAGUAR LANDROVER LTD,RR EVOQUE AWD AUTO2.0I132KWD4X4R-DY SE5STR BSVI,JAGUAR
JAGUAR LAND ROVER INDIA LIMITED,RANGE ROVER 3.0P LWB SE,JAGUAR
JAGUAR LAND ROVER INDIA LIMITED,"FREELANDER 2 TD4,2.2 D.A/T SE",JAGUAR
JAGUAR LAND ROVER INDIA LIMITED,RANGE ROVER 3.0 PETROL LWB  VOGUE SE BSVI,JAGUAR
JAGUAR LAND ROVER INDIA LIMITED,DISCOVERY SPORT 2.2L SD4 D HSE,JAGUAR
JAGUAR LAND ROVER INDIA LIMITED,"JAGUAR LAND ROVER INDIA LIMITED, LR RR EVOQUE 2.0LTD4 E. S ED",JAGUAR
JAGUAR LAND ROVER INDIA LIMITED,DISCOVERY 3.0L HSE LUXURY,JAGUAR
JAGUAR LAND ROVER INDIA LIMITED,RANGE ROVER SPORT 5.0L S/C V8,JAGUAR
JAGUAR LAND ROVER INDIA LIMITED,RANGE ROVER 4.4L TDV8  BS4,JAGUAR
M/S JAGUAR LANDROVER LTD,DIS SPOR AWDAUTO 2.0L132KW DI,JAGUAR
JAGUAR LAND ROVER INDIA LIMITED,LPT 1613/48 BSIII,JAGUAR
JAGUAR LAND ROVER INDIA LIMITED,JAGUAR XE 2.0L PETROL PORTFOLI,JAGUAR
JAGUAR LAND ROVER INDIA LIMITED,JAGUAR XE SE,JAGUAR
JAGUAR LAND ROVER INDIA LIMITED,JAGUAR XE 2.0L PETROL PRESTIG,JAGUAR
JAGUAR LAND ROVER INDIA LIMITED,LANDROVER R R E 2.0 ITD4132KW,JAGUAR
JAGUAR LAND ROVER INDIA LIMITED,RANGE ROVER 4.4 L D,JAGUAR
JAGUAR LAND ROVER INDIA LIMITED,RANGEROVER EVOQUE 2.2LSD4 DSL,JAGUAR
M/S JAGUAR LANDROVER LTD,DISCOVERY3.0IT/CDIESEL4WD5DOOR,JAGUAR
JAGUAR LAND ROVER INDIA LIMITED,FREELANDER 2 SD4 2.2 L DIESEL,JAGUAR
JAGUAR LAND ROVER INDIA LIMITED,RANGE ROVER 3.0P SWB HSE,JAGUAR
JAGUAR LAND ROVER INDIA LIMITED,RANGE ROVER EVOQUE 2.0P RDYNSE,JAGUAR
JAGUAR LAND ROVER INDIA LIMITED,JAGUAR XF 2.0L DSL PRESTIGE,JAGUAR
JAGUAR LAND ROVER INDIA LIMITED,JAGURA F PACE 2.0,JAGUAR
JAGUAR LAND ROVER INDIA LIMITED,JAGUAR XF 3.OL,JAGUAR
JAGUAR LAND ROVER INDIA LIMITED,RR SPORT 2.0P HSE,JAGUAR
JAGUAR LAND ROVER INDIA LIMITED,FREE LANDER 2 TD4 2.2 HSE,JAGUAR
JAGUAR LAND ROVER INDIA LIMITED,JAGUAR XJ 5.0L,JAGUAR
JAGUAR LAND ROVER INDIA LIMITED,FREELANDER 2,JAGUAR
JAGUAR LAND ROVER INDIA LIMITED,EV 2.2L D 5PUR ISL TIH,JAGUAR
JAGUAR LAND ROVER INDIA LIMITED,DISCOVERY SPORT 2.2L HSE 7S,JAGUAR
JAGUAR LAND ROVER INDIA LIMITED,JAGUAR XJ 3.0L DIESEL PREMIUM,JAGUAR
JAGUAR LAND ROVER INDIA LIMITED,RANGE ROVER EVOQUE PETROL SE,JAGUAR
JAGUAR LAND ROVER INDIA LIMITED,RANGE R. E. 2.2 L DIESEL SD4,JAGUAR
JAGUAR LAND ROVER INDIA LIMITED,DISCOVERY 2.0L DIESEL HSE LUX.,JAGUAR
JAGUAR LAND ROVER INDIA LIMITED,XF LUXURY,JAGUAR
JAGUAR LAND ROVER INDIA LIMITED,LANDROVER DISC SPRT 2.0L HSE7,JAGUAR
JAGUAR LAND ROVER INDIA LIMITED,JAGUAR XF 3.0L PRE LUX IMP DIS,JAGUAR
JAGUAR LAND ROVER INDIA LIMITED,LANDROVER FRELNDR 2TD4 2.2L SE,JAGUAR
M/S JAGUAR LANDROVER LTD,RANGEROVERVELAR2.0IT/C184KWP4W,JAGUAR
JAGUAR LAND ROVER INDIA LIMITED,DISCOVERY SPORT SE,JAGUAR
JAGUAR LAND ROVER INDIA LIMITED,LAND ROVER DISCOVERY SPORT,JAGUAR
JAGUAR LAND ROVER INDIA LIMITED,DISCOVE 4 3.0L TD V6 HSE,JAGUAR
M/S JAGUAR LANDROVER LTD,RANGE ROVER 3.0 DIESEL LWB BSI,JAGUAR
JAGUAR LAND ROVER INDIA LIMITED,FREELANDER 2 SD4 2.2 L SE,JAGUAR
JAGUAR LAND ROVER INDIA LIMITED,RR SPORT 3.0D HSE DY,JAGUAR
M/S JAGUAR LANDROVER LTD,DEFENDER 3.0L P400 P AWD 110A 5D X 5 S BSVI-PH2,JAGUAR
JAGUAR LAND ROVER INDIA LIMITED,5,JAGUAR
JAGUAR LAND ROVER INDIA LIMITED,XF 2.2L LUXURY,JAGUAR
M/S JAGUAR LANDROVER LTD,RANGE ROVER 4.4 DIESEL LWB BSI,JAGUAR
JAGUAR LAND ROVER INDIA LIMITED,RANGE ROVER VELAR 2.OP R-DYN S,JAGUAR
JAGUAR LAND ROVER INDIA LIMITED,RR SPORT 2.0P SE,JAGUAR
JAGUAR LAND ROVER INDIA LIMITED,RANGE ROVER EVOQUE DYN BSIV,JAGUAR
JAGUAR LAND ROVER INDIA LIMITED,TATA SUMO,JAGUAR
JAGUAR LAND ROVER INDIA LIMITED,JAGUAR XF 3.0L DIESEL PRE LUX,JAGUAR
JAGUAR LAND ROVER INDIA LIMITED,JAGUAR XJ 2.0L PET PORTFOLIO,JAGUAR
JAGUAR LAND ROVER INDIA LIMITED,RANGE ROVER VELAR 2.0P R-DYN S,JAGUAR
JAGUAR LAND ROVER INDIA LIMITED,DEFENDER S,JAGUAR
JAGUAR LAND ROVER INDIA LIMITED,"JAGUAR LAND ROVER INDIA LIMITED, JAGUAR F PACE 3.0LTDV6 D AWD A",JAGUAR
JAGUAR LAND ROVER INDIA LIMITED,DISCOVERY 3.0L HSE,JAGUAR
JAGUAR LAND ROVER INDIA LIMITED,JAGUAR F PACE 3.0LV6,JAGUAR
JAGUAR LAND ROVER INDIA LIMITED,2 SD4 2.2L DIESEL AUTOMATIC SE,JAGUAR
JAGUAR LAND ROVER INDIA LIMITED,JAGUAR XE 2.0L PRESTIGE,JAGUAR
JAGUAR LAND ROVER INDIA LIMITED,R R 4.4 LWB AUTOBIOGRAPHY BS4,JAGUAR
JAGUAR LAND ROVER INDIA LIMITED,"JAGUAR LAND ROVER INDIA LIMITED, RANGE ROVER VELAR 2.0D RDYN S",JAGUAR
JAGUAR LAND ROVER INDIA LIMITED,JAGUAR XE 2.0,JAGUAR
JAGUAR LAND ROVER INDIA LIMITED,RANGE ROVER SPORT 5.0L V8 S/C,JAGUAR
JAGUAR LAND ROVER INDIA LIMITED,RANGE ROVER EVOQUE SD4 ,JAGUAR
JAGUAR LAND ROVER INDIA LIMITED,RANGE ROVER EVOQUE SD 4,JAGUAR
JAGUAR LAND ROVER INDIA LIMITED,JAGUAR XJ,JAGUAR
JAGUAR LAND ROVER INDIA LIMITED,DEFENDER HSE,JAGUAR
JAGUAR LAND ROVER INDIA LIMITED,JAGUAR XJ 3.0 L DIESEL,JAGUAR
JAGUAR LAND ROVER INDIA LIMITED,LR DISCOVERY SPORT SE,JAGUAR
JAGUAR LAND ROVER INDIA LIMITED,JAGUAR XF 2.0L PET PORTFOLIO,JAGUAR
JAGUAR LAND ROVER INDIA LIMITED,RANGE ROVER EVOQUE 2.2LT,JAGUAR
JAGUAR LAND ROVER INDIA LIMITED,ROVER 3.0 L V6,JAGUAR
JAGUAR LAND ROVER INDIA LIMITED,"JAGUAR LAND ROVER INDIA LIMITED, DISCOVERY SPORT 2.0P R-DYN SE",JAGUAR
JAGUAR LAND ROVER INDIA LIMITED,JAGUAR F PACE 3 0L V6 TDV6 BS4,JAGUAR
JAGUAR LAND ROVER INDIA LIMITED,RANGE ROVER 4.4L TD VOGUE,JAGUAR
JAGUAR LAND ROVER INDIA LIMITED,RANGE ROVER 3.0L TD V6,JAGUAR
JAGUAR LAND ROVER INDIA LIMITED,RANGE ROVER SPORT HSE,JAGUAR
JAGUAR LAND ROVER INDIA LIMITED,JAGUAR XF 5.0,JAGUAR
JAGUAR LAND ROVER INDIA LIMITED,"XJ3.0L P/LUXURY, BSIV",JAGUAR
M/S JAGUAR LANDROVER LTD,DIS SPR AWD AUT2.0L 183KW P4X4,JAGUAR
JAGUAR LAND ROVER INDIA LIMITED,RANGE ROVRR EVOQUE SD4 PURE,JAGUAR
JAGUAR LAND ROVER INDIA LIMITED,DISCOVERY SPORT 2.0LSI4 HSE,JAGUAR
JAGUAR LAND ROVER INDIA LIMITED,EV 2.2 LD 5 PUR FW TIG STD,JAGUAR
JAGUAR LAND ROVER INDIA LIMITED,FREELANDER 2 TD4 2 2D SE,JAGUAR
JAGUAR LAND ROVER INDIA LIMITED,LR RR EVOQUE 2.0LTD4 HSE,JAGUAR
JAGUAR LAND ROVER INDIA LIMITED,JAGUAR F PACE 2.0L PRESTIGE,JAGUAR
M/S JAGUAR LANDROVER LTD,JAGUAR XF 2.0L PETROL PORTFOLI,JAGUAR
JAGUAR LAND ROVER INDIA LIMITED,RR SPORT 3.0D HSE,JAGUAR
JAGUAR LAND ROVER INDIA LIMITED,RANGE ROVER 3.0D LWB HSE,JAGUAR
JAGUAR LAND ROVER INDIA LIMITED,LAND ROVER RANGE ROVER,JAGUAR
JAGUAR LAND ROVER INDIA LIMITED,DISCOVERY SPORT 2.0 LSI4 P HSE,JAGUAR
JAGUAR LAND ROVER INDIA LIMITED,DEFENDER 3.0D LWB HSE,JAGUAR
JAGUAR LAND ROVER INDIA LIMITED,DISCOVERY SPORT 2.2L TD4 SE 05,JAGUAR
M/S JAGUAR LANDROVER LTD,RR SPORT2.0LT/C221KW P 4WD 5DO,JAGUAR
JAGUAR LAND ROVER INDIA LIMITED,LR RR EVOQUE 2.0L TD4 SE DY.,JAGUAR
JAGUAR LAND ROVER INDIA LIMITED,DEFENDER 2.0 P HSE,JAGUAR
JAGUAR LAND ROVER INDIA LIMITED,DISCOVERY SPORT 2.0L DIESEL S,JAGUAR
JAGUAR LAND ROVER INDIA LIMITED,RANGE ROVER LWB VOGUE,JAGUAR
JAGUAR LAND ROVER INDIA LIMITED,RANGE ROVER SPORTS TD V6 SE,JAGUAR
JAGUAR LAND ROVER INDIA LIMITED,RANGE ROVER 4.4 TDV8,JAGUAR
JAGUAR LAND ROVER INDIA LIMITED,LAND ROVER,JAGUAR
JAGUAR LAND ROVER INDIA LIMITED,DISCOVERY SPORT 2.0D R-DYN SE,JAGUAR
M/S JAGUAR LANDROVER LTD,RR EVOQUE AWD AUTO2.0L132KWD4X,JAGUAR
JAGUAR LAND ROVER INDIA LIMITED,RS 3.OL NB TDA STD PCM,JAGUAR
JAGUAR LAND ROVER INDIA LIMITED,"JAGUAR LAND ROVER INDIA LIMITED, ROVER SPORT 3.6T D8",JAGUAR
JAGUAR LAND ROVER INDIA LIMITED,JAGUAR F PACE R SPOR,JAGUAR
JAGUAR LAND ROVER INDIA LIMITED,DISCOVERY SPORT 2.0 DSL SE 5S,JAGUAR
M/S JAGUAR LANDROVER LTD,RR SPORT2.L T/C221KWPETROL4WD5,JAGUAR
JAGUAR LAND ROVER INDIA LIMITED,DISCOVERY 3.0L SE,JAGUAR
JAGUAR LAND ROVER INDIA LIMITED,Not Available,JAGUAR
M/S JAGUAR LANDROVER LTD,RR SPORT2.LT/C221KWPETROL4WD5D,JAGUAR
JAGUAR LAND ROVER INDIA LIMITED,LPS 3518,JAGUAR
JAGUAR LAND ROVER INDIA LIMITED,RANGE ROVER SPORTS 4.2 S/C V8,JAGUAR
JAGUAR LAND ROVER INDIA LIMITED,LL RR EVOQUE 2.0I SI4 SE,JAGUAR
JAGUAR LAND ROVER INDIA LIMITED,RANGE ROVER 5.0 L SC,JAGUAR
JAGUAR LAND ROVER INDIA LIMITED,FREELANDER 2 TD4,JAGUAR
M/S JAGUAR LAND ROVER INDIA LTD,JAGUAR XJ 3.0L DIESEL XJ50 BSI,JAGUAR
JAGUAR LAND ROVER INDIA LIMITED,JAGUAR 2.2L DIESEL LUXURY,JAGUAR
JAGUAR LAND ROVER INDIA LIMITED,RANGE ROVER EVOQUE 2.0L,JAGUAR
JAGUAR LAND ROVER INDIA LIMITED,JAGUAR F PACE 2.0L,JAGUAR
JAGUAR LAND ROVER INDIA LIMITED,RR SPORT3.0LTDV64WDS,JAGUAR
JAGUAR LAND ROVER INDIA LIMITED,"RANGE ROVER SPORT, 3.0L S/C HS",JAGUAR
JAGUAR LAND ROVER INDIA LIMITED,EV 2.2 D SPUR FW TIF STD,JAGUAR
JAGUAR CARS LTD,JAGUAR XF 2.2L DIESEL LUXURY,JAGUAR
JAGUAR LAND ROVER INDIA LIMITED,RANGE ROVERSPORT 3.0 TD VS,JAGUAR
JAGUAR LAND ROVER INDIA LIMITED,JAGUAR XJ 3.0 L,JAGUAR
JAGUAR LAND ROVER INDIA LIMITED,RANGE ROVER 3.0P SWB SE,JAGUAR
JAGUAR LAND ROVER INDIA LIMITED,JAGUAR XF2 0L DIE PRTFOLIO BS4,JAGUAR
JAGUAR LAND ROVER INDIA LIMITED,RANGE ROVER VELAR R-DY S,JAGUAR
M/S JAGUAR LANDROVER LTD,JAGUAR XF 2.0L DIESEL PRESTIGE,JAGUAR
JAGUAR LAND ROVER INDIA LIMITED,JAGUAR F-PACE 2.0P R-DYN S,JAGUAR
JAGUAR LAND ROVER INDIA LIMITED,DISCOVERY 4 TDV6,JAGUAR
JAGUAR LAND ROVER INDIA LIMITED,FREE LANDER 2 TD4 2.2 SE,JAGUAR
JAGUAR LAND ROVER INDIA LIMITED,RANGE ROVER 3.0 LWB,JAGUAR
JAGUAR LAND ROVER INDIA LIMITED,RANGE ROVER SPORT 2.0L T/C P 4,JAGUAR
JAGUAR LAND ROVER INDIA LIMITED,JAGUAR I-PACE HSE,JAGUAR
JAGUAR LAND ROVER INDIA LIMITED,JAGUAR XF6,JAGUAR
JAGUAR LAND ROVER INDIA LIMITED,DISCOVERY SPORT 2.0P R-DYN SE,JAGUAR
JAGUAR LAND ROVER INDIA LIMITED,JAGUAR XJ 3.0L DIESEL,JAGUAR
JAGUAR LAND ROVER INDIA LIMITED,LANDROVER DISC SPR2.2LSD4HSELX,JAGUAR
JAGUAR LAND ROVER INDIA LIMITED,JAGUAR XF2 0L DIESEL PRESTIGE,JAGUAR
JAGUAR LAND ROVER INDIA LIMITED,JAGUARXF(5.0L V8),JAGUAR
JAGUAR LAND ROVER INDIA LIMITED,RANGE ROVER 4.4 SWB,JAGUAR
JAGUAR LAND ROVER INDIA LIMITED,"JAGUAR LAND ROVER INDIA LIMITED, JAGUAR",JAGUAR
JAGUAR LAND ROVER INDIA LIMITED,RANGE ROVER VELAR R-DY HSE,JAGUAR
JAGUAR LAND ROVER INDIA LIMITED,JAGUAR XF 2.2L DIESEL LUXURY,JAGUAR
JAGUAR LAND ROVER INDIA LIMITED,RANGE ROVER SPORT 5.0 SVR,JAGUAR
JAGUAR LAND ROVER INDIA LIMITED,JAGUAR XJ 3.0L,JAGUAR
JAGUAR LAND ROVER INDIA LIMITED,FREELANDER 2 SE TD4,JAGUAR
JAGUAR LAND ROVER INDIA LIMITED,"FREELANDER 2.2D SE,BSIV",JAGUAR
JAGUAR LAND ROVER INDIA LIMITED,JAGUAR XF 2.2L LUXURY,JAGUAR
JAGUAR LAND ROVER INDIA LIMITED,RANGE ROVER 3.0D LWB AB,JAGUAR
JAGUAR LAND ROVER INDIA LIMITED,LAND ROVER FREELANDER 2.2  S,JAGUAR
JAGUAR LAND ROVER INDIA LIMITED,JAGUAR XF 2.0L DIESE PORTFOLIO,JAGUAR
JAGUAR LAND ROVER INDIA LIMITED,RANGEROVER SPORT TDV8 (3628CC,JAGUAR
M/S JAGUAR LANDROVER LTD,JAGUARF-PACE2.0LI4D132KWDAWD5D,JAGUAR
JAGUAR LAND ROVER INDIA LIMITED,TATA INDIGO,JAGUAR
JAGUAR LAND ROVER INDIA LIMITED,RANGE ROVER4.4TDV8,JAGUAR
JAGUAR LAND ROVER INDIA LIMITED,LAND ROVER  DISCOVERY SPORT 2.,JAGUAR
JAGUAR LAND ROVER INDIA LIMITED,JAGUAR XF 2.0L DIESEL PORTFOLI,JAGUAR
JAGUAR LAND ROVER INDIA LIMITED,RANGE ROVER 4.4TDV8,JAGUAR
JAGUAR LAND ROVER INDIA LIMITED,DISCOVER SPORT 2.0L SI4 HSE,JAGUAR
JAGUAR LAND ROVER INDIA LIMITED,JAGUAR XE 2.0L DIESEL PORTFOLI,JAGUAR
JAGUAR LAND ROVER INDIA LIMITED,RANGE ROVER EVOQUE PURE,JAGUAR
JAGUAR LAND ROVER INDIA LIMITED,RANGE  ROVER  EVOQUE SD4,JAGUAR
JAGUAR LAND ROVER INDIA LIMITED,LAND ROVER RANGE ROVER EVOQUE,JAGUAR
JAGUAR LAND ROVER INDIA LIMITED,JAGUAR XF 2.2 DIESEL,JAGUAR
JAGUAR LAND ROVER INDIA LIMITED,EVOQUE,JAGUAR
JAGUAR CARS LTD,JAGUAR XF 3.0L DIESEL PREMIUM LUXURY BSIV,JAGUAR
JAGUAR LAND ROVER INDIA LIMITED,FREELANDER 2 2.2D SE,JAGUAR
JAGUAR LAND ROVER INDIA LIMITED,JJAGUAR F-PACE 2.0L I4D 132KW,JAGUAR
JAGUAR LAND ROVER INDIA LIMITED,RANGE ROVER VOGUE,JAGUAR
JAGUAR LAND ROVER INDIA LIMITED,JAGUAR XE,JAGUAR
JAGUAR LAND ROVER INDIA LIMITED,RANGE ROVER EVOQUE BS IV,JAGUAR
M/S JAGUAR LANDROVER LTD,DEFENDER2.0 P 4WD AUTO 5D FIRS,JAGUAR
JAGUAR LAND ROVER INDIA LIMITED,FREELANDER 2.2D S,JAGUAR
JAGUAR LAND ROVER INDIA LIMITED,FREE LANDER 2 TD4 2.2 DSE,JAGUAR
JAGUAR LAND ROVER INDIA LIMITED,RR SPORT2.0L 14TC4WDAT5DHSEBS6,JAGUAR
JAGUAR LAND ROVER INDIA LIMITED,RANAGE ROVER EVOQUE SD4,JAGUAR
JAGUAR LAND ROVER INDIA LIMITED,FREELANDER 2.2 D,JAGUAR
M/S JAGUAR LANDROVER LTD,RANGEROVERVELAR2.0 IT/C150KWD4,JAGUAR
JAGUAR LAND ROVER INDIA LIMITED,"XF 3.0L P/LUXURY, BSIV",JAGUAR
JAGUAR CARS LTD,JAGUAR XF 3.0L DIESEL PREMIUM,JAGUAR
JAGUAR LAND ROVER INDIA LIMITED,LPS 4018 BSIII,JAGUAR
JAGUAR LAND ROVER INDIA LIMITED,RANGE ROVER VELAR HSE,JAGUAR
M/S JAGUAR LANDROVER LTD,J F-PACE 2.0 IT/C 184KW PETROL,JAGUAR
M/S JAGUAR LANDROVER LTD,RROVER SPORT 3.0L D 5D SE DYNA,JAGUAR
JAGUAR LAND ROVER INDIA LIMITED,JAGUAR F PACE 2 0L I4D DIE BS4,JAGUAR
JAGUAR LAND ROVER INDIA LIMITED,JAGUARF-PACE 2.0Ii4D132KWAWDAP,JAGUAR
JAGUAR LAND ROVER INDIA LIMITED,JAGUAR XJ 5.0L V8 S/C,JAGUAR
JAGUAR LAND ROVER INDIA LIMITED,RANGE ROVER EVOQUE R-DY. SE,JAGUAR
JAGUAR LAND ROVER INDIA LIMITED,FREELANDER2 2.2D HSE,JAGUAR
JAGUAR LAND ROVER INDIA LIMITED,RANGE ROVER 3.0D LWB SE,JAGUAR
JAGUAR LAND ROVER INDIA LIMITED,JAGUAR XE 2.0L PETROL PURE,JAGUAR
JAGUAR LAND ROVER INDIA LIMITED,JAGUAR I-PACE SE,JAGUAR
JAGUAR LAND ROVER INDIA LIMITED,RANGE ROVER EVOQUE 2.0D S,JAGUAR
JAGUAR LAND ROVER INDIA LIMITED,JAGUAR XJ 3.0L PORTFOLI,JAGUAR
JAGUAR LAND ROVER INDIA LIMITED,JAGUAR XF 2.0L PETROL LUXURY,JAGUAR
JAGUAR LAND ROVER INDIA LIMITED,JAGUAR F-PACE 2.0D R-DYN S,JAGUAR
JAGUAR LAND ROVER INDIA LIMITED,JAGUAR FPACE 2.0I I4DAWDATPERS,JAGUAR
JAGUAR LAND ROVER INDIA LIMITED,JAGUAR XF 2.OL PETROL,JAGUAR
JAGUAR LAND ROVER INDIA LIMITED,RANGE ROVER SPORT TDV6 IMP,JAGUAR
JAGUAR LAND ROVER INDIA LIMITED,JAGUAR XF 2.0L DIESEL PURE,JAGUAR
JAGUAR LAND ROVER INDIA LIMITED,JAGUAR F-PACE 2.0L I4D 132KW D,JAGUAR
JAGUAR LAND ROVER INDIA LIMITED,JAGUAR XF 3.0L PREMIUM LUXURY,JAGUAR
M/S JAGUAR LANDROVER LTD,RR EVOQUE AWD AUTO2.0I132KWD4X,JAGUAR
JAGUAR LAND ROVER INDIA LIMITED,SV AUTOBIOGRAPHY,JAGUAR
JAGUAR LAND ROVER INDIA LIMITED,JAGUAR F-PACE 2.0L P PRESTIGE,JAGUAR
JAGUAR LAND ROVER INDIA LIMITED,DISCOVERY SPORT HSE 7 S,JAGUAR
JAGUAR LAND ROVER INDIA LIMITED,RANGE ROVER SPORTS SE,JAGUAR
JAGUAR LAND ROVER INDIA LIMITED,JAGUAR X J 3.0,JAGUAR
JAGUAR LAND ROVER INDIA LIMITED,RANGE ROVER VELAR 2.0P DYN HSE,JAGUAR
JAGUAR LAND ROVER INDIA LIMITED,RANGE ROVER EVOQUE 2.0D RDYNSE,JAGUAR
JAGUAR LAND ROVER INDIA LIMITED,EV 2.2L D,JAGUAR
JAGUAR LAND ROVER INDIA LIMITED,RANGE ROVER SPORTS 2.7 V6,JAGUAR
JAGUAR LAND ROVER INDIA LIMITED,DISCOVERY SPORT2.2L TD4 DSLHSE,JAGUAR
JAGUAR LAND ROVER INDIA LIMITED,"JAGUAR F-PACE 2,0D R-DYN S",JAGUAR
JAGUAR LAND ROVER INDIA LIMITED,DEFENDER SE,JAGUAR
JAGUAR LAND ROVER INDIA LIMITED,FREELANDER 2.2D HSE BS IV,JAGUAR
JAGUAR LAND ROVER INDIA LIMITED,R ROVER SPORT 3.0 L,JAGUAR
JAGUAR LAND ROVER INDIA LIMITED,RANGE ROVER EVOQUE SD4 BS-IV,JAGUAR
JAGUAR LAND ROVER INDIA LIMITED,FREELANDER 2.2D SE BS IV,JAGUAR
JAGUAR LAND ROVER INDIA LIMITED,JAGUAR F-TYPE 2.0P COUP R-DYN,JAGUAR
JAGUAR LAND ROVER INDIA LIMITED,RANGE ROVER SPORT SDV6,JAGUAR
JAGUAR LAND ROVER INDIA LIMITED,RANGE ROVER SPORT 3.0L TDV6,JAGUAR
JAGUAR LAND ROVER INDIA LIMITED,RANGE ROVER3.0 TDV 6,JAGUAR
JAGUAR LAND ROVER INDIA LIMITED,DEFENDER110 2.0SI4 AWD HSE BS6,JAGUAR
JAGUAR LAND ROVER INDIA LIMITED,RANGE ROVER SPORT 3.,JAGUAR
JAGUAR LAND ROVER INDIA LIMITED,JAYGAR XF 2.2,JAGUAR
