rc_maker_desc,rc_maker_model,Mapped Name
JCB INDIA LTD,3D JCB,JCB
JCB INDIA LTD,BACKHOE LOADER BS III,JCB
JCB INDIA LTD,JCB3DX2WD,JCB
JCB INDIA LTD,JCB 3DX 2WDEXV LOADER,JCB
JCB INDIA LIMITED,3DX 2WD BACKHOE LOADER,JCB
JCB INDIA LTD,JCB 3DX EXTRA SIDESHIFT LOADER,JCB
JCB INDIA LTD,JCB 2DX BACKHOE LOADER,JCB
JCB INDIA LTD,EARTH MOVING MACHINARY,JCB
JCB INDIA LTD,AOTI WHEE LOADER,JCB
JCB INDIA LIMITED,JCB 430ZX,JCB
JCB INDIA LIMITED,3DXL-2WD,JCB
JCB INDIA LTD,JCB 3DX 2WD SIDE SHIFTS,JCB
JCB INDIA LIMITED,VM117,JCB
JCB INDIA LTD,EXCAVATOR JCB,JCB
JCB INDIA LTD,JCB 3DX SUPER,JCB
JCB INDIA LTD,JCB 455,JCB
JCB INDIA LIMITED,2DX-2WD CAB,JCB
JCB INDIA LTD,"JCB INDIA LTD, JCB 3DX EXCAVATOR LOADER",JCB
JCB INDIA LIMITED,JCB 3DX EXCAVATOR LOADER,JCB
JCB INDIA LTD,MAHINDRA LOGAN GSL1.6 BSIII,JCB
JCB INDIA LTD,3DX2WD EXCAVATOR LODER,JCB
JCB INDIA LIMITED,"3DX-2WD, BSIII",JCB
JCB INDIA LTD,JCB 2DX,JCB
JCB INDIA LTD,JCB 3DX-2WD,JCB
JCB INDIA LTD,JCB 3DX LOADER,JCB
JCB INDIA LTD,JCB 3DX SUPER BACKHOE,JCB
JCB INDIA LTD,JCB 3DX BACKHOLE LOADER,JCB
JCB INDIA LTD,LOADER,JCB
JCB INDIA LTD,3DX EXCAVATOR,JCB
JCB INDIA LTD,JCB 3DX 2WD S.S.E.LOADER,JCB
JCB INDIA LIMITED,JCB 3DX SUPPER 4X4,JCB
JCB INDIA LIMITED,JCB 3DX-2WD SIDE EXC,JCB
JCB INDIA LTD,JCB 3DX BSIII EXC LOADER,JCB
JCB INDIA LIMITED,530 - 11M,JCB
JCB INDIA LIMITED,3DX-2WD HT BACKHOE LOADER BSII,JCB
JCB INDIA LIMITED,3DX - 2WD SHIFT EXCAVATOR,JCB
JCB INDIA LTD,J C B,JCB
JCB INDIA LTD,JCB 3DX 2WD SS EXCAVATOR LOADE,JCB
JCB INDIA LIMITED,NEW 3DX,JCB
JCBINDIA,NEW 3DX SIDESHIFTBACKHOELDRBS3,JCB
JCB INDIA LTD,JCB 3DX  EXCAVATOR LOADER,JCB
JCB INDIA LIMITED,433-4,JCB
JCB INDIA LTD,JCB3DX EXCAVATOR LODER,JCB
JCB INDIA LTD,HYDRAULICEXCAVATORLOADER BSII,JCB
JCB INDIA LTD,EXCAVATOR  LOADER,JCB
JCB INDIA LTD,EXCAVATOR LOADER,JCB
JCB INDIA LIMITED,4DX LD-2WD,JCB
JCB INDIA LTD,L0DER,JCB
JCB INDIA LTD,JCB3DX 2WDEXCAVATOR LOADER,JCB
JCB INDIA LIMITED,3DX SUPER -4WD,JCB
JCB INDIA LIMITED,3DX PLUS LC-2WD,JCB
JCB INDIA LTD,1554 HYDRAULIC CRAME,JCB
JCB INDIA LIMITED,JCB3DX 2WDEXCAVATOR LOADER,JCB
JCB INDIA LTD,HYDRA EXCAVATOR LOADER BS III,JCB
JCB INDIA LIMITED,JCB 3DX,JCB
JCB INDIA LTD,JCB 3DX 2WD EXCAVATOR LOADER,JCB
JCB INDIA LTD,JCB 3DX 2WD EX  LOADER,JCB
JCB INDIA LTD,3DX  2WD BSCKHOE LOADER BSIII,JCB
JCB INDIA LIMITED,HYDRAULIC EXCAVATOR,JCB
JCB INDIA LIMITED,JCB 3DX 2WD BSIII,JCB
JCB INDIA LTD,HYDDRAULIC EXCAVATOR,JCB
JCB INDIA LTD,JCB 3DX 2WD S S E LODER,JCB
JCBINDIA,JCB 3DX 2WD,JCB
JCB INDIA LTD,JCB 3DX 2WD SIDE SHIFT EXAVATO,JCB
JCB INDIA LTD,JCB 3DX 2WD,JCB
JCB INDIA LIMITED,JCB 3DX-2WD NEW BSIII,JCB
JCB INDIA LTD,JCB 3DX BACKHOE LOADER 2WD,JCB
JCB INDIA LTD,3DX  2WD SIDE SHIFT EXCAV,JCB
JCB INDIA LIMITED,JCB 3DX SS EXCAVATOR LOADER,JCB
JCB INDIA LTD,TVS APACHE RTR 180,JCB
JCB INDIA LIMITED,JCB 3CX,JCB
JCB INDIA LTD,EXCAVARTOR LOADER,JCB
JCB INDIA LTD,3DXSUPER ,JCB
JCB INDIA LTD,TRAILER,JCB
JCB INDIA LTD,JCB 3DX 2WD SIDE,JCB
JCB INDIA LIMITED,3DX  XTRA  BACKHOE LOADER BSII,JCB
JCB INDIA LTD,"JCB INDIA LTD, JCB 3DX",JCB
JCB INDIA LIMITED,LOADALL 530 7M WM,JCB
JCB INDIA LIMITED,3DX SUPER,JCB
JCB INDIA LIMITED,JCB BACKHOE,JCB
JCB INDIA LTD,3DX 2WD EXCAVATOR LOADER,JCB
JCB INDIA LIMITED,432ZX PLUS,JCB
JCB INDIA LTD,JCB 3DX 2WD SHIFT EXCA. LOAD.,JCB
JCB INDIA LTD,JCB 448 BS-3,JCB
JCB INDIA LTD,JCB 3DX  2WD,JCB
JCB INDIA LTD,JCB 3DX BACKHOE LOADER,JCB
JCB INDIA LTD,HYDRAULIC EXCAVATOR,JCB
JCB INDIA LTD,3DX-2WD SIDE SHIFT EX LOADER,JCB
JCB INDIA LIMITED,JCB 3DX 2WD BACK HOE,JCB
JCB INDIA LTD,JCB LIFTALL  1554,JCB
JCB INDIA LTD,3DX 2WD SIDE SHIFT EXCAV,JCB
JCB INDIA LTD,JCB 3DX 2WD SIDE SHIFT EX LDR,JCB
JCB INDIA LIMITED,2DXL-4WD CAB,JCB
JCB INDIA LIMITED,JCB 3XD,JCB
JCB INDIA LIMITED,JCB 3DX BACKHOE LOADER,JCB
JCB INDIA LTD,EXCAVATOR LOADER BS-III,JCB
JCB INDIA LIMITED,JCB 3DX-2WD,JCB
JCB INDIA LTD,JCB3DX XTRASEDESHIFT EX LDR,JCB
JCB INDIA LTD,Not Available,JCB
JCB INDIA LTD,JCB INDIA,JCB
JCB INDIA LTD,JCB HL1BU,JCB
JCB INDIA LTD,JCB LIFTALL 1253 H.M. CRANE,JCB
JCB INDIA LTD,JCB 3D 2WD SIDE SHIFT,JCB
JCB INDIA LTD,JCB MACHINE,JCB
JCB INDIA LIMITED,3DX XTRA BACKHOE LOADER BSIII,JCB
JCB INDIA LIMITED,EXCAVATOR JCB,JCB
JCB INDIA LIMITED,540-70 LC,JCB
JCB INDIA LTD,3DX-2WD SIDE SHIFT EXCAVATOR,JCB
JCB INDIA LTD,JCB LIFTALL HYD MOBILE CRANE,JCB
JCB INDIA LIMITED,2DXL-2WD CAB,JCB
JCB INDIA LIMITED,JCB3DX,JCB
JCB INDIA LTD,JCB 3DX SUPER 4WD LODER,JCB
JCB INDIA LTD,3DX SS EXCAVATOR LOADER,JCB
JCB INDIA LTD,JCB 3DX 2WD S S E LOADER,JCB
JCB INDIA LIMITED,JCB 3 DX BACKHOELOADER,JCB
JCB INDIA LIMITED,JCB IL,JCB
JCB INDIA LIMITED,3DX PLUS-2WD,JCB
JCB INDIA LTD,EARTH MOVING MACHINE,JCB
JCB INDIA LTD,JCB 3DZ SUPER BACK HOE LOADER,JCB
JCB INDIA LIMITED,HYDRAULIC BACKHOE LOADER,JCB
JCB INDIA LTD,JCB 432 ZX,JCB
JCB INDIA LIMITED,J C B 3DX SUP IT,JCB
JCB INDIA LTD,JCB EXCAVATOR,JCB
JCB INDIA LTD,MOBILE CRANE,JCB
JCB INDIA LIMITED,3DX PLUS -2WD,JCB
JCB INDIA LIMITED,JCB 3 DX HYDRAULIC EXCAVATOR,JCB
JCB INDIA LTD,EXCAVATER JCB,JCB
JCB INDIA LTD,JCB 4DX 2 WD CENTER BSIII CEV,JCB
JCB INDIA LTD,PRE PADMINI137D,JCB
JCB INDIA LTD,NAAAA,JCB
JCB INDIA LTD,3DX2WD SIDESHFT BACKHOE LOADER,JCB
JCB INDIA LTD,3DX -2WD Side Shift Backhoe Lo,JCB
JCB INDIA LTD,3DX XTRA,JCB
JCB INDIA LTD,JCB 130,JCB
JCB INDIA LTD,3DX2WD BACK HOE LOADER,JCB
JCB INDIA LIMITED,4DX LD-4WD,JCB
JCB INDIA LTD,3DX XTRA BACK HOE LOADER,JCB
JCB INDIA LIMITED,JCB 3DX BACKHOLE LOD,JCB
JCB INDIA LIMITED,3DX  BACKHOE LOADER,JCB
JCB INDIA LTD,JCB 3DX 2WD BACK HOE LOADER,JCB
JCB INDIA LIMITED,3DX XTRA -2WD,JCB
JCB INDIA LIMITED,JCB  EARTHMOVING,JCB
JCB INDIA LTD,JCB 3DX 2WD EXCAVATOR,JCB
JCB INDIA LIMITED,JCB 3DX 2WD,JCB
JCB INDIA LTD,MAHINDRA LOGAN GLX 1.4 BSIII,JCB
JCB INDIA LTD,HYDRAULIC EXCAVATOR LOADER,JCB
JCB INDIA LTD,JCB 3DX EXCAVATOR LOADER,JCB
JCB INDIA LTD,JCB 3DX-2WD SS EXCAVTOR LOADER,JCB
JCB INDIA LTD,LIFTALL1553,JCB
JCB INDIA LTD,3DX,JCB
JCB INDIA LTD,JCB   HY EEX LOADER,JCB
JCB INDIA LIMITED,EXCAVATOR LOADER,JCB
JCB INDIA LTD,JCB 3 DX BACKHOELOADER,JCB
JCB INDIA LTD,JCB LOADER,JCB
JCB INDIA LTD,JCB 3DX 2WD SIDE SHIFT,JCB
JCB INDIA LIMITED,455-4,JCB
JCB INDIA LTD,3DX  2WD BACKHOE LOADER BSIII,JCB
JCB INDIA LTD,JCB 3 DX 2WD,JCB
JCB INDIA LTD,BACKHOE LOADER,JCB
JCB INDIA LTD,3DX 2WD SSBACKHOELODERHTBS3CEV,JCB
JCB INDIA LTD,PREMIER CAR,JCB
JCB INDIA LTD,JCB 3DX EXCAVATOR/LOADER,JCB
JCB INDIA LTD,EXCAVATOR/LOADER,JCB
JCB INDIA LIMITED,3DX PLUS-2WD BACKHOE LOADER IT,JCB
JCB INDIA LTD,JCB 3DX 2WD SS EX LOADER,JCB
JCB INDIA LTD,JCB 3DX XTRA SS EXCAVT LOADER,JCB
JCB INDIA LTD,JCB 3DX-2WD LOADER,JCB
JCB INDIA LTD,EXCAVATOR    BS-III,JCB
JCB INDIA LIMITED,3DX  2WD BACKHOE LOADER BSIII,JCB
JCB INDIA LTD,JCB 3DX-2WD EXCAVATOR LOADER,JCB
JCB INDIA LIMITED,3DX SUPER LC -4WD,JCB
JCB INDIA LTD,JCB 3DX  SUPER,JCB
JCB INDIA LTD,JCB 3DX SUPER 4WD,JCB
JCB INDIA LTD,JCB 3DX 2DW EXCAVATOR LOADER,JCB
JCB INDIA LIMITED,JCB 2DX,JCB
JCB INDIA LTD,JCB LIFTALL HYD M CRANE,JCB
JCB INDIA LTD,JCB 3DX-2WD SIDE SHIFT,JCB
JCB INDIA LTD,JCB 3DX 2WD EXC LOADER BSIII,JCB
JCB INDIA LIMITED,530-70,JCB
JCB INDIA LTD,JCB 3DX EX LDR 1.1/024,JCB
JCB INDIA LTD,JCB 3DX BS-II,JCB
JCB INDIA LTD,NON AVAILABLE,JCB
JCB INDIA LIMITED,430ZX,JCB
JCB INDIA LIMITED,VM117DD,JCB
JCB INDIA LIMITED,JCB 4DX,JCB
JCB INDIA LTD,JCB 3DX SUPER BACKHOE LOADER,JCB
JCB INDIA LTD,3DX 2WDSIDESHIFT EXCV LOADER,JCB
JCB INDIA LTD,JCB LIFTALL 1253 BS-3,JCB
JCB INDIA LTD,JCB 2 DXL LOADER BSIII CEV,JCB
JCB INDIA LTD,JCB INDIA LIMITED,JCB
JCB INDIA LTD,JCB 3D 2WD EXCAVATOR LOADER,JCB
JCB INDIA LTD,JCB DX-2WD SIDE SHIFT EXCAVATO,JCB
JCB INDIA LTD,JCB LIFTALL 1253,JCB
JCB INDIA LIMITED,JCB VMT330,JCB
JCB INDIA LTD,3DX XTRA BACK HOE LOADER BS3,JCB
JCBINDIA,HYDRAULIC EXCAVATOR LOADER,JCB
JCB INDIA LTD,JCB 3D EXCAVATOR LODER,JCB
JCB INDIA LTD,JCB3D2WD EXCAVATORLOADER,JCB
JCB INDIA LIMITED,3DX PLUS-2WD BACKHOE LOADER HD,JCB
JCB INDIA LTD,JCB3DX BACKHOE LOADER.,JCB
JCB INDIA LTD,JCB VMT 330 ASPHALT,JCB
JCB INDIA LTD,"JCB 3DX-2WD,BS-III",JCB
JCB INDIA LIMITED,JCB SUPER LOADER,JCB
JCB INDIA LTD,EARTH MOVING JCB,JCB
JCB INDIA LIMITED,3DX PLUS-4WD,JCB
JCBINDIA,120 H MOTER GRADER,JCB
JCB INDIA LIMITED,3DX 2WD BACKHOE LOADER BSIII,JCB
JCB INDIA LTD,JBC 3DX 2WD,JCB
JCB INDIA LIMITED,HYDRAULIC EXCAVATOR LOADER,JCB
JCB INDIA LTD,JCB 30X2WD,JCB
JCB INDIA LTD,3DX 2WD EXACAVATOR BS111,JCB
JCB INDIA LTD,3DX XTRA SIDE SHIFT,JCB
JCB INDIA LTD,JCB 3DX2WD SS EXCAVATOR LOADER,JCB
JCB INDIA LTD,JCB 3DX 2WD EXC. LOADER,JCB
JCB INDIA LIMITED,JCB 3DXL,JCB
JCB INDIA LTD,3DX PLUS 2WD BACKHOELDR C BS4,JCB
JCB INDIA LTD,JCB3DX-2WD SIDE SHIFT,JCB
JCBINDIA,"JCBINDIA, JCB 3DX 2WD",JCB
JCB INDIA LTD,JCB 3DX SUP IT,JCB
JCB INDIA LIMITED,JCB 432ZX,JCB
JCB INDIA LTD,VW POLO 1.2 MPI-COMFORTLINE,JCB
JCB INDIA LIMITED,JCB 455ZX,JCB
JCB INDIA LTD,3DX SPR 2WD SIDSFT BACKHOLODER,JCB
JCB INDIA LTD,HYDRALIC EXCAVATOR LODER NTRN,JCB
JCB INDIA LTD,JCB3DX2WD SIDE SHIFT EX LOADER,JCB
JCB INDIA LTD,JCB 3DX 2WD SHIFT EX.LOADER,JCB
JCB INDIA LTD,JCB 3DX-2WD EXCAVTOR LOADER,JCB
JCB INDIA LTD,JCB3DX,JCB
JCB INDIA LTD,JCB 3DX-2WD SIDE SHIFT LOADER,JCB
JCB INDIA LTD,HYDRA CRANE,JCB
JCB INDIA LTD,JCBFRTYST,JCB
JCB INDIA LTD,JCB 3DX 2WD SIDE SHIFT LODER,JCB
JCB INDIA LTD,LIFTALL 1554 PICK CARRY HYDRLC,JCB
JCB INDIA LTD,JCD3DX2WD,JCB
JCB INDIA LTD,JCB 3DX XTRA BACK HOE LOADER,JCB
JCB INDIA LIMITED,JCB 3DX 2WD S S E LODER,JCB
JCB INDIA LTD,JCB 3DX EXCAVADOR,JCB
JCB INDIA LTD,HYDRA MOBILE CRANE BS III,JCB
JCB INDIA LTD,JCB-3DX 2WD EXCAVATOR LOADER,JCB
JCB INDIA LTD,JCB 3DX EXCAVATOR,JCB
JCB INDIA LIMITED,3D PLUS4WD SS EXCAVATOR LOADER,JCB
JCB INDIA LTD,3 DX HDT,JCB
JCB INDIA LTD,JCB 3DX SUPER 4WD EXCAVATOR,JCB
JCB INDIA LTD,"3DX-2WD, BSIII",JCB
JCB INDIA LTD,3DX BCK.1.1/0.26/2WD RR (HD),JCB
JCB INDIA LTD,3DX - 2WD SHIFT EXCAVATOR,JCB
JCB INDIA LTD,3DX EXCAVATOR LOADER,JCB
JCB INDIA LIMITED,437-4,JCB
JCB INDIA LTD,OTHERS,JCB
JCB INDIA LTD,JCB 3DX,JCB
JCB INDIA LTD,JCB,JCB
JCB INDIA LTD,JCB 3DX 2WD BACKHOE LOADER ,JCB
JCB INDIA LTD,JCB 4DX-2WD LOADER,JCB
JCB INDIA LIMITED,"JCB INDIA LIMITED, JCB 3DX XTRA",JCB
JCB INDIA LIMITED,3DX 2WDSIDESHIFT EXCV LOADER,JCB
JCB INDIA LTD,3DX-2WD HT BACKHOE LOADER BSII,JCB
JCB INDIA LTD,HYD. EXCAVTR.LOADER,JCB
JCB INDIA LIMITED,JCB 3DX XTRA,JCB
JCB INDIA LIMITED,JCB EXCAVATOR,JCB
JCB INDIA LTD,3DX 2WD BACKHOE LOADER BSIII,JCB
JCB INDIA LTD,HYD. EXCAVATOR LOADER-NON,JCB
JCB INDIA LTD,JCB3DX 2WD EXCAVATOR LOADER,JCB
JCB INDIA LTD,MMV JCB 3DX EXCAVATOR LOADER,JCB
JCB INDIA LTD,EARTH MOVING,JCB
JCB INDIA LIMITED,HY EXCAVATOR LOADER BSIII,JCB
JCB INDIA LTD,JCB 3D EXCAVATOR LOADER,JCB
JCB INDIA LTD,MODULAR,JCB
JCB INDIA LIMITED,JCB 3DX 2WD LOADER,JCB
JCB INDIA LTD,JCB 3DX 2WD BACKHOE LOADER,JCB
JCB INDIA LIMITED,JCB 3DX SUPER,JCB
JCB INDIA LTD,JCB 3DX 2WD LOADER,JCB
JCB INDIA LTD,JCB 3DX XTRA BACKHOE LOADER,JCB
JCB INDIA LTD,JCB3DX EXTRA BACKHOE LOADER,JCB
JCB INDIA LTD,3DX2WD BACK LOADER,JCB
JCB INDIA LTD,EARTHMOVING MACHINERY,JCB
JCB INDIA LTD,JCB 3DX 2WD EXCAVATOR BS III,JCB
JCB INDIA LTD,EXC LODER,JCB
JCB INDIA LTD,JCB 3DX BACKHOE LODAR.,JCB
JCB INDIA LTD,VIBROMAX VM 115,JCB
JCB INDIA LTD,EXCA VATOR LOADER,JCB
JCB INDIA LTD,JCB 3DX 2ED SIDE SHIFT EXCAV,JCB
JCB INDIA LTD,3D EXCAVATOR LOADER,JCB
JCB INDIA LIMITED,530-110,JCB
JCB INDIA LTD,3DX  XTRA  BACKHOE LOADER BSII,JCB
JCB INDIA LIMITED,LOADER,JCB
JCB INDIA LTD,J C B 3D X 2WD,JCB
JCB INDIA LTD,JCB 3DX SIDE SHIFT EX LOADER,JCB
JCB INDIA LTD,,JCB
JCB INDIA LTD,JCB 3DX- XTRA EXCAVATOR LOADER,JCB
JCB INDIA LTD,1253 HYDRAULIC MOBILE CRANE,JCB
JCB INDIA LTD,JCB 3DX SUPER-4WD,JCB
JCB INDIA LTD,EARTH MOVING EQUIPME,JCB
JCB INDIA LTD,MAHINDRA LOGAN 1.5 DSL BSIII,JCB
JCB INDIA LTD,3DX SIDE SHIFT EXCAVATOR LOAD,JCB
JCB INDIA LIMITED,JCB 3DX SUPER 4WD,JCB
JCB INDIA LTD,3DX 2WD SIDE SHIFT EX. LOADER,JCB
JCB INDIA LTD,NEW 3DX SIDESHIFTBACKHOELDRBS3,JCB
JCB INDIA LIMITED,3DX,JCB
JCB INDIA LTD,JCB 3DX EXCAVATOR LODER,JCB
JCB INDIA LTD,HYDRAULIC BACKHOE LOADER,JCB
JCB INDIA LTD,JCB3DX-2WD EXCAVATOR LOADER,JCB
JCB INDIA LIMITED,NEW 3DX BACKHOE LOADER BSIII,JCB
JCB INDIA LIMITED,JCB 3DX 2WD SIDE SHIFT,JCB
JCB INDIA LTD,LIFTALL 1253,JCB
JCB INDIA LTD,CRANE,JCB
JCB INDIA LIMITED,JCB LIFTALL-1554-15,JCB
JCB INDIA LTD,3DX 2WD EXCAVATOR LOADER BSIII,JCB
JCB INDIA LTD,432 ARTI. LOADING SHOVEL,JCB
JCB INDIA LTD,3DX  - 2WD,JCB
JCB INDIA LIMITED,JCB 3DX 2WD S S E LOADER,JCB
JCB INDIA LTD,JCB 3DX XTRA SIDE SHIFT LOADER,JCB
JCB INDIA LIMITED,EARTH MOVING MACHINE,JCB
JCB INDIA LIMITED,LOADER BACKHOE,JCB
JCB INDIA LIMITED,LOADALL 530 11M,JCB
JCB INDIA LIMITED,JCB 3DX EXCAVATOR,JCB
JCB INDIA LTD,EXAVATOR,JCB
JCB INDIA LTD,JCB 3DXN 2WD LOADER,JCB
JCB INDIA LTD,EXCAVATOR,JCB
JCB INDIA LTD,JCB3DX-2WD,JCB
JCB INDIA LTD,JCB 432,JCB
