rc_maker_desc,rc_maker_model,Mapped Name
JOHN DEERE INDIA PVT LTD(TRACTOR DEVISION),JOHN DEERE 3520 SUGAR HARVEST,JOHN DEERE
JOHN DEERE INDIA PVT LIMITED,JOHN DEERE 5405 V14 BSIIIA,JOHN DEERE
JOHN DEERE INDIA PVT LIMITED,JOHN DEERE 5075E TRACTOR,JOHN DEERE
JOHN DEERE INDIA PVT LIMITED,JOHN DEERE 5075E V2 TRACTOR BSIIIA,JOHN DEERE
JOHN DEERE INDIA PVT LIMITED,JOHN DEERE 5310 V6 TRACTOR BSIIIA,JOHN DEERE
JOHN DEERE INDIA PVT LIMITED,JOHN DEERE 5310 4WD V16 BSIIIA,JOHN DEERE
JOHN DEERE INDIA PVT LIMITED,JOHN DEERE 5310 V6 TRACTOR BSI,JOHN DEERE
JOHN DEERE INDIA PVT LIMITED,JOHN DEERE 5075E V1 GEARPRO BS,JOHN DEERE
JOHN DEERE INDIA PVT LTD(CROP SOLUTION DIV),JOHN DEERE 5103,JOHN DEERE
JOHN DEERE INDIA PVT LTD(TRACTOR DEVISION),JOHN DEERE 5310 V5,JOHN DEERE
JOHN DEERE INDIA PVT LIMITED,JOHN DEERE 5405 4WD V1 GEARPRO BSIV,JOHN DEERE
JOHN DEERE INDIA PVT LIMITED,JOHN DEERE 5075E 4WD V1 GEARPRO BSIV,JOHN DEERE
JOHN DEERE INDIA PVT LTD(TRACTOR DEVISION),JOHN DEERE 5310 V6,JOHN DEERE
JOHN DEERE INDIA PVT LIMITED,JOHN DEERE 5405 4WD V14 BSIIIA,JOHN DEERE
JOHN DEERE INDIA PVT LTD(CROP SOLUTION DIV),W 50 V2,JOHN DEERE
JOHN DEERE INDIA PVT LTD(CROP SOLUTION DIV),JOHN DEERE,JOHN DEERE
JOHN DEERE INDIA PVT LTD(CROP SOLUTION DIV),JOHN DEERE 5310 / STANDARD 513,JOHN DEERE
JOHN DEERE INDIA PVT LIMITED,JOHN DEERE 5055E TRACTOR,JOHN DEERE
JOHN DEERE INDIA PVT LTD(TRACTOR DEVISION),5075E 4WD V1 GEARPRO,JOHN DEERE
JOHN DEERE INDIA PVT LTD(CROP SOLUTION DIV),W 70,JOHN DEERE
JOHN DEERE INDIA PVT LTD(CROP SOLUTION DIV),"JOHN DEERE INDIA PVT LTD(CROP SOLUTION DIV), W 70",JOHN DEERE
JOHN DEERE INDIA PVT LTD(TRACTOR DEVISION),5045D TRACTOR BS IIIA,JOHN DEERE
JOHN DEERE INDIA PVT LIMITED,JOHN DEERE 5075E 4WD V4 BSIIIA,JOHN DEERE
JOHN DEERE INDIA PVT LIMITED,Select,JOHN DEERE
JOHN DEERE INDIA PVT LTD(TRACTOR DEVISION),JOHN DEERE 5310,JOHN DEERE
JOHN DEERE INDIA PVT LTD(CROP SOLUTION DIV),5310 TRACTOR BS III,JOHN DEERE
JOHN DEERE INDIA PVT LTD(TRACTOR DEVISION),JOHN DEERE 5405 4WD V14,JOHN DEERE
JOHN DEERE INDIA PVT LTD(CROP SOLUTION DIV),W70 SYNCHRO SMART,JOHN DEERE
JOHN DEERE INDIA PVT LTD(TRACTOR DEVISION),5310 COLLAR SHIFT,JOHN DEERE
JOHN DEERE INDIA PVT LTD(CROP SOLUTION DIV),CH330,JOHN DEERE
JOHN DEERE INDIA PVT LTD(TRACTOR DEVISION),5036C PC,JOHN DEERE
JOHN DEERE INDIA PVT LIMITED,JOHN DEERE 5075E 4WD GEARPRO BSIV,JOHN DEERE
JOHN DEERE INDIA PVT LIMITED,JOHN DEERE 5310 V5 TRACTOR BSI,JOHN DEERE
JOHN DEERE INDIA PVT LIMITED,JOHN DEERE W-70 BSIIIA,JOHN DEERE
JOHN DEERE INDIA PVT LTD(CROP SOLUTION DIV),W50 SYNCHRO SMART,JOHN DEERE
JOHN DEERE INDIA PVT LTD(CROP SOLUTION DIV),W70,JOHN DEERE
JOHN DEERE INDIA PVT LIMITED,JOHN DEERE 5045D TRACTOR BSIII,JOHN DEERE
JOHN DEERE INDIA PVT LIMITED,JOHN DEERE 5075E V2 TRACTOR BS,JOHN DEERE
JOHN DEERE INDIA PVT LTD(TRACTOR DEVISION),TSC 513,JOHN DEERE
JOHN DEERE INDIA PVT LIMITED,JOHN DEERE 5310 V16 BSIIIA,JOHN DEERE
JOHN DEERE INDIA PVT LIMITED,JHDEEREW-50V2SELFPROPELLEDCOMBINEHARVESTER,JOHN DEERE
JOHN DEERE INDIA PVT LTD(TRACTOR DEVISION),JOHN DEERE 5310 V5 TRAC BSIIIA,JOHN DEERE
JOHN DEERE INDIA PVT LIMITED,JOHN DEERE 5039D V2 TRACTOR BS,JOHN DEERE
JOHN DEERE INDIA PVT LTD(TRACTOR DEVISION),OTHERS,JOHN DEERE
JOHN DEERE INDIA PVT LIMITED,JOHN DEERE 5075E 4WD V1 GEARPRO LIFTPRO BSIV,JOHN DEERE
JOHN DEERE INDIA PVT LTD(TRACTOR DEVISION),TRACTOR 5310 CS,JOHN DEERE
JOHN DEERE INDIA PVT LTD(TRACTOR DEVISION),JOHN DEERE 5075E 4WD V4,JOHN DEERE
JOHN DEERE INDIA PVT LTD(TRACTOR DEVISION),JOHN DEERE 5075 E TRACTOR,JOHN DEERE
JOHN DEERE INDIA PVT LIMITED,JOHN DEERE 5310 V5 TRACTOR BSIIIA,JOHN DEERE
JOHN DEERE INDIA PVT LTD(CROP SOLUTION DIV),JOHN DEERE 5310,JOHN DEERE
JOHN DEERE INDIA PVT LIMITED,JOHN DEERE 5405 4WD V1 GEARPRO,JOHN DEERE
JOHN DEERE INDIA PVT LIMITED,JOHN DEERE 5055E 4WD TRACTOR BSIIIA,JOHN DEERE
JOHN DEERE INDIA PVT LTD(TRACTOR DEVISION),L&T JOHNDEERE TSC513,JOHN DEERE
JOHN DEERE INDIA PVT LIMITED,JOHN DEERE 5405 4WD V1 GEARPRO PC BSIV,JOHN DEERE
JOHN DEERE INDIA PVT LIMITED,JOHN DEERE 5405 4WD GEARPRO BSIV,JOHN DEERE
