rc_maker_desc,rc_maker_model,Mapped Name
KIA INDIA PRIVATE LIMITED,"KIA INDIA PRIVATE LIMITED, CARENS G1.4 6MT LUXURY 7",KIA
KIA INDIA PVT LTD,CARENS D1.5CRDIVGT6MTLUXRY7BS6,KIA
KIA MOTORS INDIA PVT LTD,SELTOS G1.5 6MT HTX,KIA
KIA MOTORS INDIA PVT LTD,SONET G1.0T 7DCT GTX PLUS,KIA
KIA INDIA PRIVATE LIMITED,SELTOS G1.5 6MT HTK PLUS,KIA
M/S. KIA INDIA PVT LTD.,KIA CARNIVAL D2.2 8AT LIMOUSIN,KIA
KIA INDIA PRIVATE LIMITED,"KIA INDIA PRIVATE LIMITED, SONET G1.2 5MT HTE",KIA
KIA INDIA PRIVATE LIMITED,SELTOS D1.5 6AT HTK PLUS,KIA
M/S. KIA INDIA PVT LTD.,KIA CARENS D1.5 CRDI VGT 6MT L,KIA
KIA INDIA PRIVATE LIMITED,SELTOS G1.5 6MT HTE,KIA
KIA INDIA PRIVATE LIMITED,"KIA INDIA PRIVATE LIMITED, SELTOS G1.5 IVT HTX",KIA
KIA INDIA PRIVATE LIMITED,"KIA INDIA PRIVATE LIMITED, SONET G1.0T 7DCT HTX AE",KIA
KIA MOTORS INDIA PVT LTD,SELTOS D1.5 6MT HTX PLUS,KIA
KIA MOTORS INDIA PVT LTD,KIA SELTOS D1.5CRVGT6MTHTEBS6,KIA
M/S.KIA MOTORS INDIA PVT LTD,KIASONETG1.0T-GDI SMARTSTREAM IMT GTX PLUS BSVI,KIA
M/S. KIA INDIA PVT LTD.,KIA SELTOS SMARTSTRE G1.5 6MT,KIA
Kia India Private Limited,Seltos D1.5 6mt Hte,KIA
M/S.KIA MOTORS INDIA PVT LTD,KIASONETG1.0T-GDI-SMARTSTREAM7DCT HTX BSVI,KIA
"M/S. KIA INDIA PVT LTD.,",KIA CARENS SMARTS G1.5T GDI 7DCT LUXURY+7 BSVI-PH2,KIA
KIA INDIA PRIVATE LIMITED,"KIA INDIA PRIVATE LIMITED, SONET G1.0T IMT HTX",KIA
KIA INDIA PRIVATE LIMITED,SONET D1.5 6AT HTX,KIA
KIA INDIA PRIVATE LIMITED,SELTOS G1.4 7DCT X LINE,KIA
"M/S. KIA INDIA PVT LTD.,",KIACARENS SMARTS G1.5T-GDI7DCT,KIA
KIA INDIA PRIVATE LIMITED,SONET D1.5CRDI WGT6MTHTK BS6,KIA
KIA INDIA PRIVATE LIMITED,"KIA INDIA PRIVATE LIMITED, CARENS D1.5 6MT PRESTIGEPLUS 7",KIA
KIA INDIA PRIVATE LIMITED,SONET D1.5 6AT HTK PLUS,KIA
KIA INDIA PRIVATE LIMITED,CARENS G1.5T DCT LUXURYPLUS6,KIA
M/S.KIA MOTORS INDIA PVT LTD,KIA SELTOS D1.5 CRDI VGT6ATHTK,KIA
M/S.KIA MOTORS INDIA PVT LTD,KIA SONET D1.5 CRDI VGT 6AT GT,KIA
KIA INDIA PRIVATE LIMITED,"KIA INDIA PRIVATE LIMITED, SONET G1.0T IMT HTX AE",KIA
"M/S. KIA INDIA PVT LTD.,",KIA SELTOS SMARTSTREAM G1.5 6M,KIA
M/S. KIA INDIA PVT LTD.,KIASONETG1.0T-GDISMRTSTRAM7DCT,KIA
KIA INDIA PRIVATE LIMITED,"KIA INDIA PRIVATE LIMITED, CARENS G1.5 6MT PREMIUM 7",KIA
KIA INDIA PRIVATE LIMITED,SELTOS G1.5 IMT HTK PLUS,KIA
Kia India Private Limited,Carens G1.5 6mt Prestige 7,KIA
KIA INDIA PRIVATE LIMITED,CARENS D1.5 6MT LUXURYPLUS 6,KIA
KIA INDIA PRIVATE LIMITED,SELTOS SS G1.5 6MT HTX AE BS6,KIA
KIA INDIA PRIVATE LIMITED,SONET D1.5 IMT HTX,KIA
KIA INDIA PRIVATE LIMITED,CARENS G1.5 6MT PRESTIGE O 7,KIA
KIA SELTOS D1.5 CRDI VGT 6MT HTX PLUS BSVI,M/S.KIA MOTORS INDIA PVT LTD,KIA
KIA INDIA PRIVATE LIMITED,SONET G1.0TGDISSTRMIMT GTX+BS6,KIA
KIA INDIA PRIVATE LIMITED,CARENS G1.4 6MT LUXURYPLUS 6,KIA
KIA INDIA PRIVATE LIMITED,SONET D1.5 6MT HTK(O),KIA
"M/S. KIA INDIA PVT LTD.,",KIA SONET G1.0T-GDI SMARTSTREAM IMT HTX BSVI,KIA
KIA INDIA PRIVATE LIMITED,SONET G1.0TGDISSTRMIMT HTX BS6,KIA
M/S.KIA MOTORS INDIA PVT LTD,KIA SELTOS D1.5 CRDI VGT6ATHTKPLUS BSVI,KIA
KIA MOTORS INDIA PVT LTD,SONET D1.5CRDI VGT6AT GTX+BS6,KIA
KIA INDIA PRIVATE LIMITED,CARENS D1.5 6AT LUXURYPLUS 6,KIA
KIA INDIA PRIVATE LIMITED,SELTOS G1.5 IVT HTX AE,KIA
M/S. KIA INDIA PVT LTD.,KIA SONET D1.5 CRDI VGT 6AT GT,KIA
KIA INDIA PVT LTD,CARENS D1.5CRDIVGT6MTPRSTG7BS6,KIA
KIA INDIA PRIVATE LIMITED,SONET D1.5CRDI WGT6MT GTX+BS6,KIA
KIA INDIA PRIVATE LIMITED,KIA SELTOS SS G1.5 6MT HTK+BS6,KIA
M/S.KIA MOTORS INDIA PVT LTD,KIA SONET D1.5 CRDI WGT 6MT GT,KIA
"M/S. KIA INDIA PVT LTD.,",KIA CARENS SMARTSTREAM G1.5 6MT PRESTIGE 7 BSVI,KIA
"M/S. KIA INDIA PVT LTD.,",KIA SONET SMARTSTR EAM G1.2 5MT HTK(O) BSVI-PH2,KIA
M/S.KIA MOTORS INDIA PVT LTD,KIASONETG1.0T-GDI SMARTSTREAM7,KIA
KIA INDIA PRIVATE LIMITED,SONET D1.5 6AT X LINE,KIA
KIA INDIA PRIVATE LIMITED,KIACARNIVAL D2.28AT PRESITGE 9,KIA
KIA MOTORS CORPN,OTHERS,KIA
"M/S. KIA INDIA PVT LTD.,",KIACARENSSMARTSTREAMG1.4T-GDI7DCT PRESTI+7 BSVI,KIA
M/S. KIA INDIA PVT LTD.,KIA SONET D1.5 CRDI VGT 6AT X,KIA
KIA SELTOS D1.5 CRDI VGT 6AT GTX PLUS BSVI,M/S.KIA MOTORS INDIA PVT LTD,KIA
KIA INDIA PVT LTD,CARENS SSG1.4TGDI6MTPRESTG7BS6,KIA
M/S. KIA INDIA PVT LTD.,KIA SELTOS SMARTSTREAM G1.5 IV,KIA
KIA INDIA PRIVATE LIMITED,CARENS D1.5 6AT LUXURYPLUS 7,KIA
KIA INDIA PRIVATE LIMITED,"SELTOS G1.5, 6MT",KIA
KIA INDIA PRIVATE LIMITED,CARENS G1.5 6MT PRESTIGE 7,KIA
M/S. KIA INDIA PVT LTD.,KIA CARNIVAL D2.2 8AT PRESTIGE,KIA
M/S. KIA INDIA PVT LTD.,KIA SELTOSSMARTSTREAM G1.4T-GD,KIA
"M/S. KIA INDIA PVT LTD.,",KIA SELTOS D 1.5 CRDI VGT 6AT GTX PLUS BSVI,KIA
KIA MOTORS INDIA PVT LTD,SELTOS D1.5 6MT HTE,KIA
KIA INDIA PRIVATE LIMITED,"KIA INDIA PRIVATE LIMITED, CARENS G1.5 6MT PRESTIGE 7",KIA
KIA INDIA PRIVATE LIMITED,SELTOS G1.4 7DCT GTX PLUS,KIA
KIA INDIA PRIVATE LIMITED,SELTOS D1.5 IMT HTK,KIA
M/S.KIA MOTORS INDIA PVT LTD,KIA SELTOS D1.5 CRDI VGT 6MT HTX PLUS BSVI,KIA
"M/S. KIA INDIA PVT LTD.,",KIASONETG1.0T-GDI SMARTS IMT H,KIA
KIA INDIA PRIVATE LIMITED,EV6 GT-LINE,KIA
KIA INDIA PVT LTD,SELTOS D1.5CRDI VGT6ATHTX BS6,KIA
KIA INDIA PRIVATE LIMITED,CARENS G1.5T DCT LUXURYPLUS7,KIA
KIA INDIA PRIVATE LIMITED,KIA SELTOS D1.5CRVGT6MTHTX+BS6,KIA
M/S. KIA INDIA PVT LTD.,KIA SELTOS D 1.5 CRDI VGT 6AT ,KIA
M/S.KIA MOTORS INDIA PVT LTD,KIA SELTOS SMARTSTREAM G1.5 6M,KIA
KIA INDIA PRIVATE LIMITED,"KIA INDIA PRIVATE LIMITED, SONET G1.0T IMT HTK PLUS",KIA
KIA INDIA PRIVATE LIMITED,"KIA INDIA PRIVATE LIMITED, SELTOS D1.5 6MT HTK PLUS",KIA
M/S.KIA MOTORS INDIA PVT LTD,KIASONETG1.0T-GDI SMARTSTREAM,KIA
M/S. KIA INDIA PVT LTD.,KIACARENS SMARTSTREAM G1.4T-GD,KIA
KIA INDIA PRIVATE LIMITED,SELTOS G1.5T IMT HTX PLUS,KIA
"M/S. KIA INDIA PVT LTD.,",KIA CARENS D1.5 CRDI VGT 6MT PRESTIGE 7 BSVI,KIA
M/S.KIA MOTORS INDIA PVT LTD,KIA CARNIVAL D2.2 8AT PRESTIGE,KIA
KIA INDIA PRIVATE LIMITED,"KIA INDIA PRIVATE LIMITED, CARENS D1.5 6AT LUXURYPLUS 7",KIA
KIA INDIA PRIVATE LIMITED,CARENS G1.5 6MT PREMIUM 7,KIA
"M/S. KIA INDIA PVT LTD.,",KIA CARENS D1.5 CRDI VGT 6MT P,KIA
KIA INDIA PRIVATE LIMITED,"KIA INDIA PRIVATE LIMITED, SELTOS D1.5 6MT HTK",KIA
"M/S. KIA INDIA PVT LTD.,",KIA SELTOS D1.5 CRDI VGT IMT H,KIA
KIA INDIA PRIVATE LIMITED,SELTOS G1.5 6MT HTX AE,KIA
KIA INDIA PRIVATE LIMITED,KIA SELTOS,KIA
KIA INDIA PRIVATE LIMITED,SELTOS D1.5 IMT HTX,KIA
"M/S. KIA INDIA PVT LTD.,",KIA SONET D1.5 CRDI WGT 6 MT H,KIA
KIA MOTORS INDIA PVT LTD,SONET D1.5 6MT HTX,KIA
M/S.KIA MOTORS INDIA PVT LTD,KIA SELTOS SMARTSTREAM G 1.5 6,KIA
KIA INDIA PRIVATE LIMITED,CARENS G1.4 6MT PREMIUM 7,KIA
Kia India Private Limited,Carens D1.5 6mt Premium O 7,KIA
"M/S. KIA INDIA PVT LTD.,",KIA CARENS D1.5 CRDI VGT 6MT PRESTIGE + 7 BSVI,KIA
KIA INDIA PRIVATE LIMITED,SONET G1.2SMARTSTRM5MT HTKBS6,KIA
KIA INDIA PRIVATE LIMITED,CARENS G1.5 IMT LUXURYPLUS7,KIA
KIA INDIA PRIVATE LIMITED,KIA CARNIVAL D2.28AT PREMIUM 8,KIA
M/S. KIA INDIA PVT LTD.,KIACARENSSMARTSTREAMG1.4T-GDI7,KIA
"M/S. KIA INDIA PVT LTD.,",KIA CARENS D1.5 CRDI VGT 6MT LUXURY +7 BSVI,KIA
KIA INDIA PRIVATE LIMITED,SONET G1.2SMARTSTRM5MT HTEBS6,KIA
M/S.KIA MOTORS INDIA PVT LTD,KIA SONET D1.5 CRDI VGT 6AT HT,KIA
KIA INDIA PRIVATE LIMITED,SELTOS G1.5 6MT HTX,KIA
KIA INDIA PRIVATE LIMITED,SELTOS HTX PLUS 1.5 ,KIA
KIA INDIA PRIVATE LIMITED,SELTOS G1.5 IVT HTK PLUS,KIA
KIA MOTORS INDIA PVT LTD,KIA SELTOS D1.5CRVGT6MTHTXBS6,KIA
KIA MOTORS INDIA PVT LTD,SELTOS D1.5 6AT GTX PLUS,KIA
M/S.KIA MOTORS INDIA PVT LTD,KIASONET SMARTSTREAM G1.2 5MT ,KIA
KIA INDIA PRIVATE LIMITED,SELTOS D1.5 IMT HTE,KIA
KIA INDIA PRIVATE LIMITED,SELTOS SS G1.4T GDI6MT GTXOBS6,KIA
"M/S. KIA INDIA PVT LTD.,",KIA SELTOS D1.5 CRDI VGT 6AT G,KIA
M/S.KIA MOTORS INDIA PVT LTD,KIA SONET D1.5 CRDI WGT 6MT GTX PLUS BSVI,KIA
KIA INDIA PRIVATE LIMITED,SONET D1.5 6AT GTX PLUS,KIA
KIA MOTORS INDIA PVT LTD,SELTOS D1.5 6MT HTK,KIA
M/S.KIA MOTORS INDIA PVT LTD,KIA SELTOS D1.5 CRDI VGT 6MT HTK BSVI,KIA
KIA INDIA PRIVATE LIMITED,CARENSD1.56AT PRESTIGEPLUS O 7,KIA
KIA INDIA PRIVATE LIMITED,CARENS G1.4 6MT LUXURY 7,KIA
KIA INDIA PRIVATE LIMITED,"KIA INDIA PRIVATE LIMITED, CARENS D1.5 6MT PREMIUM 7",KIA
KIA INDIA PRIVATE LIMITED,SONET D1.5 IMT HTK,KIA
"M/S. KIA INDIA PVT LTD.,",KIACARENSSMARTSTREAMG1.4T-GDI7DCT LUXURY+6 BSVI,KIA
KIA INDIA PRIVATE LIMITED,CARENS G1.5 IMT PRESTIGE 7,KIA
M/S. KIA INDIA PVT LTD.,KIA SELTOS D 1.5 CRDI VGT 6AT,KIA
KIA INDIA PRIVATE LIMITED,CARENS G1.5 6MT PREMIUM O 7,KIA
M/S. KIA INDIA PVT LTD.,KIASONETG1.0T-GDI SMARTS IMT H,KIA
M/S.KIA MOTORS INDIA PVT LTD,KIA SELTOS SMARTSTREAM G1.5 IMT HTK PLUS BSVI,KIA
KIA INDIA PRIVATE LIMITED,CARENS G1.4 6MT PRESTIGE 7,KIA
KIA INDIA PRIVATE LIMITED,"KIA INDIA PRIVATE LIMITED, CARENS D1.5 6MT LUXURY 7",KIA
KIA INDIA PRIVATE LIMITED,KIACARNIVAL D2.28AT PRESTIGE 7,KIA
KIA INDIA PRIVATE LIMITED,SONET G1.2 5MT HTK PLUS,KIA
KIA INDIA PRIVATE LIMITED,SONET D1.5 IMT HTK PLUS,KIA
M/S.KIA MOTORS INDIA PVT LTD,KIA CARNIVAL D2.2 8AT PREMIUM,KIA
M/S.KIA MOTORS INDIA PVT LTD,KIASONET SMARTSTREAM G1.2 5MT,KIA
M/S.KIA MOTORS INDIA PVT LTD,KIA SELTOS D1.5 CRDI VGT 6AT GTX PLUS BSVI,KIA
KIA INDIA PVT LTD,SELTOS SS G1.4T GDI7DCTXL BS6,KIA
KIA INDIA PRIVATE LIMITED,CARENS D1.5 6AT LUXURY(O 7,KIA
KIA INDIA PRIVATE LIMITED,"KIA INDIA PRIVATE LIMITED, CARENS G1.4 DCT LUXURYPLUS 7",KIA
KIA INDIA PRIVATE LIMITED,"KIA INDIA PRIVATE LIMITED, SONET D1.5 6MT HTX AE",KIA
KIA INDIA PRIVATE LIMITED,"KIA INDIA PRIVATE LIMITED, SONET D1.5 6AT HTX",KIA
KIA SELTOS D1.5 CRDI VGT 6MT HTK PLUS BSVI,M/S.KIA MOTORS INDIA PVT LTD,KIA
KIA INDIA PVT LTD,CARENS SSG1.4GDI6MTPRMUM7 BS6,KIA
KIA MOTORS INDIA PVT LTD,SONET G1.0T IMT HTX,KIA
KIA INDIA PRIVATE LIMITED,KIACARNIVALD2.28ATPRESTIGE6,KIA
"M/S. KIA INDIA PVT LTD.,",KIA CARNIVAL D2.2 8AT LIMOUSINE PLUS 7 BSVI,KIA
KIA INDIA PRIVATE LIMITED,"KIA INDIA PRIVATE LIMITED, SELTOS D1.5 6AT HTX",KIA
KIA MOTORS CORPN,KIASELTOSSMARTSTREAMG1.4T-GDI7,KIA
KIA MOTORS INDIA PVT LTD,SONET D1.5 6AT GTX PLUS,KIA
"M/S. KIA INDIA PVT LTD.,",KIA SELTOS D1.5 CRDI VGT 6AT GTX+ BSVI-PH2,KIA
KIA MOTORS INDIA PVT LTD,KIA SELTOS SS G1.5 6MT HTK BS6,KIA
KIA INDIA PRIVATE LIMITED,"KIA INDIA PRIVATE LIMITED, SONET D1.5 6AT GTX PLUS",KIA
KIA INDIA PRIVATE LIMITED,SONET G1.2 5MT HTK(O,KIA
"M/S. KIA INDIA PVT LTD.,",KIA CARENS D1.5 CRDI VGT 6AT L,KIA
M/S. KIA INDIA PVT LTD.,KIA SELTOS SMARTSTREAM G1.5 6M,KIA
"M/S. KIA INDIA PVT LTD.,",KIA SONET SMARTSTREAM G1.2 5MT HTK PLUS BSVI-PH2,KIA
"M/S. KIA INDIA PVT LTD.,",KIA SELTOS D 1.5 CRDI VGT 6AT HTK  PLUS BSVI,KIA
KIA INDIA PRIVATE LIMITED,SELTOS D1.5 6AT GTX PLUS (S),KIA
M/S.KIA MOTORS INDIA PVT LTD,KIA SONET D1.5 CRDI WGT 6MT HTX BSVI,KIA
KIA INDIA PRIVATE LIMITED,SELTOS G1.5 IVT HTX,KIA
KIA INDIA PRIVATE LIMITED,"KIA INDIA PRIVATE LIMITED, CARENS D1.5 6AT LUXURYPLUS 6",KIA
KIA INDIA PRIVATE LIMITED,"KIA INDIA PRIVATE LIMITED, CARENS D1.5 6MT LUXURYPLUS 7",KIA
KIA INDIA PRIVATE LIMITED,CARENS G1.5 6MT PRESTIGE O 6,KIA
M/S.KIA MOTORS INDIA PVT LTD,KIASONETG1.0T-GDI SMARTSTREAM7DCT HTK PLUS BSVI,KIA
"M/S. KIA INDIA PVT LTD.,",KIACARENS SMARTSTREAM G1.4T-GDI6MT PREST+7 BSVI,KIA
KIA INDIA PRIVATE LIMITED,"KIA INDIA PRIVATE LIMITED, CARENS G1.4 6MT LUXURYPLUS 7",KIA
KIA INDIA PRIVATE LIMITED,SELTOS D1.5CRDI VGT6MTHTXAEBS6,KIA
"M/S. KIA INDIA PVT LTD.,",KIA CARNIVAL D2.2 8AT LIMOUSIN,KIA
KIA MOTORS INDIA PVT LTD,KIA SELTOS D1.5CRVGT6ATHTK+BS6,KIA
M/S.KIA MOTORS INDIA PVT LTD,KIA SONET- D1.5 CRDI VGT 6AT HTX BSVI,KIA
KIA INDIA PRIVATE LIMITED,CARENS D1.5 IMT LUXURYPLUS7,KIA
KIA INDIA PRIVATE LIMITED,CARENS G1.5 6MT PDRIVE7,KIA
KIA INDIA PRIVATE LIMITED,"KIA INDIA PRIVATE LIMITED, SELTOS D1.5 6MT HTX PLUS",KIA
M/S. KIA INDIA PVT LTD.,KIA SONET G1.0T-GDI SMARTSTEAM,KIA
"M/S. KIA INDIA PVT LTD.,",KIA SONET G1.0TGDI SMARTSTREAM,KIA
M/S.KIA MOTORS INDIA PVT LTD,KIA-SELTOSSMARTSTREAMG1.4T-GDI,KIA
M/S. KIA INDIA PVT LTD.,KIA CARENS D1.5 CRDI VGT IMT P,KIA
M/S.KIA MOTORS INDIA PVT LTD,KIA SONET D1.5 CRDI WGT 6MT HT,KIA
KIA INDIA PRIVATE LIMITED,SONET G1.0TGDISSTRMIMT HTX+BS6,KIA
KIA INDIA PRIVATE LIMITED,"KIA INDIA PRIVATE LIMITED, SELTOS D1.5 6AT X LINE",KIA
KIA INDIA PRIVATE LIMITED,CARENS D1.5 IMT MDRIVE7,KIA
KIA INDIA PRIVATE LIMITED,SONET D1.5 6MT HTX,KIA
KIA INDIA PRIVATE LIMITED,SONET G1.0TGDISSTRM7DCTHTK+BS6,KIA
M/S.KIA MOTORS INDIA PVT LTD,KIASELTOSSMARTSTREMG1.4T-GDI6M,KIA
"M/S. KIA INDIA PVT LTD.,",KIA SONET D1.5 CRDI WGT 6 MT G,KIA
KIA INDIA PRIVATE LIMITED,"KIA INDIA PRIVATE LIMITED, SELTOS G1.5 6MT HTK",KIA
KIA INDIA PVT LTD,CARENS D1.5CRDIVGT6MTPRST+7BS6,KIA
KIA INDIA PVT LTD,CARENS SSG1.5 6MT PRMIUM7 BS6,KIA
KIA INDIA PRIVATE LIMITED,SONET D1.5 CRDI VGT 6AT HTXBS6,KIA
KIA INDIA PRIVATE LIMITED,SONET G1.0 IMT GTX PLUS,KIA
KIA INDIA PRIVATE LIMITED,CARENS D1.5 6AT LUXURY(O) 7,KIA
KIA MOTORS INDIA PVT LTD,SELTOS G1.5 6MT HTK PLUS,KIA
KIA INDIA PRIVATE LIMITED,SONET G1.2 5MT HTK,KIA
KIA INDIA PRIVATE LIMITED,SELTOS D1.5 6AT HTX,KIA
M/S. KIA INDIA PVT LTD.,KIA CARENS D1.5 CRDI VGT 6AT L,KIA
KIA MOTORS CORPN,KIA SELTOS D1.5 CRDI VGT 6AT H,KIA
KIA INDIA PRIVATE LIMITED,SELTOS D1.5 6MT HTE,KIA
M/S.KIA MOTORS INDIA PVT LTD,KIA SELTOS SMARTSTREAM G1.56MT,KIA
KIA INDIA PRIVATE LIMITED,KIA SELTOS SS G1.4TGD6MTGTKBS6,KIA
KIA INDIA PVT LTD,CARENS SSG1.5 6MT PRSTGE7 BS6,KIA
"M/S. KIA INDIA PVT LTD.,",KIACARENS SMARTS G1.5 T GDI 7D,KIA
KIA INDIA PRIVATE LIMITED,CARENS D1.5 6MT PRESTIGE 7,KIA
KIA INDIA PRIVATE LIMITED,"KIA INDIA PRIVATE LIMITED, SELTOS D1.5 IMT HTK PLUS",KIA
KIA INDIA PRIVATE LIMITED,SELTOS SSG 1.4T GDI7DCTGTX+BS6,KIA
KIA MOTORS CORPN,KIA SELTOS D1.5 CRDI VGT 6AT G,KIA
KIA MOTORS INDIA PVT LTD,SONET D1.5CRDI WGT6MT HTK+BS6,KIA
KIA MOTORS INDIA PVT LTD,SELTOS D1.5CRDI VGT6ATGTX+BS6,KIA
M/S.KIA MOTORS INDIA PVT LTD,KIA-SELTOSSMARTSTREAMG1.4T-GDI6MTGTX+ BSVI,KIA
KIA INDIA PRIVATE LIMITED,CARENS G1.4 DCT PRESTIGEPLUS 7,KIA
KIA INDIA PRIVATE LIMITED,"KIA INDIA PRIVATE LIMITED, CARENS G1.4 6MT PRESTIGE 7",KIA
KIA INDIA PRIVATE LIMITED,CARENS G1.5 IMT LUXURYPLUS6,KIA
M/S.KIA MOTORS INDIA PVT LTD,KIA CARNIVAL D2.2 8AT PREMIUM 7 BSVI,KIA
KIA INDIA PRIVATE LIMITED,SONET D1.5CRDI WGT6MT HTX+BS6,KIA
KIA INDIA PRIVATE LIMITED,SELTOS D1.5 6MT HTX,KIA
KIA INDIA PVT LTD,CARNIVAL D2.2 8AT LMOUSNE+7BS6,KIA
"M/S. KIA INDIA PVT LTD.,",KIA SONET D1.5 CRDI WGT 6 MT HTX BSVI,KIA
KIA MOTORS CORPN,KIA SELTOS D1.5 CRDI VGT 6MT H,KIA
"M/S. KIA INDIA PVT LTD.,",KIA SELTOS D1.5 CRDI VGT 6AT H,KIA
M/S.KIA MOTORS INDIA PVT LTD,KIA SELTOS SMARTSTREAMG1.4-GDI 7DCTGTXPLUS BSVI,KIA
KIA INDIA PRIVATE LIMITED,SONET D1.5CRDI WGT6MTHTE BS6,KIA
KIA INDIA PRIVATE LIMITED,CARENS D1.5 IMT PRESTIGE7,KIA
KIA INDIA PRIVATE LIMITED,SONET G1.0T IMT HTK PLUS,KIA
KIA INDIA PRIVATE LIMITED,"KIA INDIA PRIVATE LIMITED, SELTOS G1.5 6MT HTK PLUS",KIA
M/S.KIA MOTORS INDIA PVT LTD,KIA SELTOS D1.5 CRDI VGT 6MT H,KIA
KIA INDIA PRIVATE LIMITED,SELTOS D1.5 IMT HTK PLUS,KIA
KIA CARENS D1.5 CRDI VGT 6MT PRESTIGE + 7 BSVI,"M/S. KIA INDIA PVT LTD.,",KIA
M/S. KIA INDIA PVT LTD.,KIASONET G1.0T-GDI SMARTSTREAM,KIA
"M/S. KIA INDIA PVT LTD.,",KIA SELTOS D1.5 CRDI VGT IMT HTK PLUS BSVI-PH2,KIA
"M/S. KIA INDIA PVT LTD.,",KIA CARENS D1.5 CRDI VGT 6MT L,KIA
M/S.KIA MOTORS INDIA PVT LTD,KIA SELTOS D1.5 CRDI VGT 6MT HTX AE BSVI,KIA
KIA INDIA PVT LTD,SONET D1.5CRDI WGT6MTHTXAE BS6,KIA
KIA MOTORS CORPN,CARNIVAL(RHD) BSIV,KIA
M/S.KIA MOTORS INDIA PVT LTD,KIASONETG1.0T-GDI-SMARTSTREAM 7DCT HTKPLUS BSVI,KIA
KIA INDIA PRIVATE LIMITED,KIA SELTOS D1.5CRVGT6MTHTXBS6,KIA
"M/S. KIA INDIA PVT LTD.,",KIA SONETG1.0T-GDI SMARTSTREAM,KIA
KIA INDIA PRIVATE LIMITED,CARENS D1.5 IMT LUXURYPLUS6,KIA
KIA INDIA PRIVATE LIMITED,SONET D1.5 6MT HTX AE,KIA
KIA INDIA PVT LTD,SONET G1.0TGDI SS IMTHTXAE BS6,KIA
KIA INDIA PRIVATE LIMITED,"KIA INDIA PRIVATE LIMITED, SONET G1.0T 7DCT X LINE",KIA
KIA INDIA PRIVATE LIMITED,"KIA INDIA PRIVATE LIMITED, SONET G1.2 5MT HTK",KIA
KIA INDIA PRIVATE LIMITED,CARNIVAL D2.2 8AT PRESTGE7SBS6,KIA
M/S.KIA MOTORS INDIA PVT LTD,KIA SELTOS D1.5 CRDI VGT 6AT G,KIA
M/S.KIA MOTORS INDIA PVT LTD,KIA SELTOS SMARTSTREAMG1.4T-GD,KIA
"M/S. KIA INDIA PVT LTD.,",KIACARENS SMARTSTREAM G1.4T-GD,KIA
KIA MOTORS INDIA PVT LTD,KIACARNIVALD2.28AT LIMOUSINE 7,KIA
KIA MOTORS INDIA PVT LTD,SONET G1.2SMARTSTRM5MT HTK+BS6,KIA
KIA INDIA PRIVATE LIMITED,CARENS G1.5T DCT LUXURY (O 7,KIA
KIA INDIA PRIVATE LIMITED,"KIA INDIA PRIVATE LIMITED, SELTOS G1.5 6MT HTE",KIA
KIA INDIA PRIVATE LIMITED,SONET G1.2SMARTSTRM5MT HTK+BS6,KIA
KIA INDIA PRIVATE LIMITED,SONET D1.5 6MT HTK PLUS,KIA
KIA SELTOS D1.5 CRDI VGT 6MT HTX PLUS BSVI,KIA SELTOS D1.5 CRDI VGT 6MT H,KIA
KIA INDIA PRIVATE LIMITED,CARENS D1.5 6AT LUXURYPLUS7,KIA
KIA INDIA PRIVATE LIMITED,SONET G1.2 5MT HTE,KIA
"M/S. KIA INDIA PVT LTD.,",KIA SONET D1.5 CRDI WGT 6 MT HTE BSVI,KIA
KIA INDIA PRIVATE LIMITED,CARENS D1.5 6MT LUXURY 7,KIA
KIA MOTORS INDIA PVT LTD,SONET G1.2SMARTSTRM5MT HTEBS6,KIA
M/S.KIA MOTORS INDIA PVT LTD,KIASONETG1.0T-GDI SMARTSTREAM IMT HTX BSVI,KIA
"M/S. KIA INDIA PVT LTD.,",KIA SONET D1.5 CRDI VGT 6AT HTX BSVI,KIA
KIA INDIA PRIVATE LIMITED,CARENS D1.5 IMT PRESTIGEPLUS7,KIA
KIA INDIA PRIVATE LIMITED,SONET D1.5 6MT GRAVITY,KIA
M/S.KIA MOTORS INDIA PVT LTD,KIASONET SMARTSTREAM G1.2 5MT HTK BSVI,KIA
KIA INDIA PRIVATE LIMITED,"KIA INDIA PRIVATE LIMITED, CARENS G1.4 DCT LUXURYPLUS 6",KIA
KIA INDIA PRIVATE LIMITED,SELTOS G1.5T 7DCT GTX PLUS (S),KIA
KIA INDIA PRIVATE LIMITED,SONET G1.0T 7DCT HTK PLUS,KIA
KIA INDIA PRIVATE LIMITED,SELTOS G1.5 6MT HTK,KIA
M/S.KIA MOTORS INDIA PVT LTD,KIA SELTOS SMARTSTREAM G1.5 6MT HTK BSVI,KIA
M/S. KIA INDIA PVT LTD.,KIA SELTOS D1.5 CRDI VGT 6AT X,KIA
KIA INDIA PRIVATE LIMITED,KIA SELTOS D1.5CRVGT6MTHTK BS6,KIA
M/S. KIA INDIA PVT LTD.,KIA CARENS SMARTSTREAM G1.5 6M,KIA
KIA INDIA PRIVATE LIMITED,CARENS G1.4 DCT LUXURYPLUS 7,KIA
M/S.KIA MOTORS INDIA PVT LTD,KIA SELTOS SMARTSTREAMG1.4-GDI,KIA
KIA INDIA PRIVATE LIMITED,CARENS G1.5T DCT LUXURY (O) 7,KIA
KIA INDIA PRIVATE LIMITED,CARENS D1.5 6MT PREMIUM O 7,KIA
M/S.KIA MOTORS INDIA PVT LTD,KIA SELTOS D1.5 CRDI VGT 6MT HTK PLUS BSVI,KIA
KIA MOTORS INDIA PVT LTD,SONET D1.5 CRDI VGT 6AT HTXBS6,KIA
M/S. KIA INDIA PVT LTD.,KIA SELTOS SMARTSTREAMG1.4T-GD,KIA
M/S. KIA INDIA PVT LTD.,KIA SONET G1.0T-GDI SMARTSTREA,KIA
KIA INDIA PRIVATE LIMITED,KIACARNIVALD2.28ATLIMOUSINE+,KIA
M/S.KIA MOTORS INDIA PVT LTD,KIASELTOSSMARTSTREMG1.4T-GDI6MTGTXPLUSBSVI,KIA
M/S.KIA MOTORS INDIA PVT LTD,KIA SELTOS SMARTSTREAM G1.56MTHTKPLUSBSVI,KIA
KIA INDIA PRIVATE LIMITED,SELTOS D1.5 CRDI VGT,KIA
M/S. KIA INDIA PVT LTD.,KIA SONET G1.0T-GDI SMARTS IMT,KIA
KIA INDIA PRIVATE LIMITED,SELTOS G1.5 6MT GRAVITY,KIA
"M/S. KIA INDIA PVT LTD.,",KIA SONET G1.0TGDI SMARTSTREAM 7DCT GTX+ BSVI-PH2,KIA
KIA INDIA PRIVATE LIMITED,CARENS D1.5 6AT LUXURYPLUS6,KIA
M/S.KIA MOTORS INDIA PVT LTD,KIASONETG1.0T-GDI-SMARTSTREAM7,KIA
KIA INDIA PRIVATE LIMITED,KIA SELTOS D1.5CRVGT6MTHTK+BS6,KIA
M/S.KIA MOTORS INDIA PVT LTD,KIA SELTOS SMARTSTREAM G1.5 6MT HTX BSVI,KIA
M/S.KIA MOTORS INDIA PVT LTD,KIASONETG1.0T-GDI SMARTSTREAM ,KIA
M/S. KIA INDIA PVT LTD.,KIA CARENS D1.5 CRDI VGT IMT L,KIA
"M/S. KIA INDIA PVT LTD.,",KIA CARENS SMARTSTREAM G1.5 6MT PRESTIGE7 BSVI-PH2,KIA
M/S. KIA INDIA PVT LTD.,KIA CARENS D1.5 CRDI VGT 6MT P,KIA
KIA INDIA PRIVATE LIMITED,CARENS D1.5 IMT PREMIUM7,KIA
KIA INDIA PRIVATE LIMITED,SONET G1.0T IMT HTX PLUS,KIA
KIA INDIA PRIVATE LIMITED,SELTOS G1.4 6MT GTK,KIA
KIA INDIA PRIVATE LIMITED,KIA SELTOS D1.5CRVGT6ATHTK+BS6,KIA
"M/S. KIA INDIA PVT LTD.,",KIA SONET D1.5 CRDI VGT IMT HTX BSVI-PH2,KIA
KIA INDIA PRIVATE LIMITED,SELTOS G1.5T 7DCT GTX PLUS,KIA
KIA INDIA PRIVATE LIMITED,KIACARNIVALD2.28AT LIMOUSINE 7,KIA
KIA INDIA PRIVATE LIMITED,KIA SELTOS SS G1.4TGDI6MGTXBS6,KIA
KIA INDIA PRIVATE LIMITED,"KIA INDIA PRIVATE LIMITED, SELTOS D1.5 6AT HTK PLUS",KIA
KIA INDIA PRIVATE LIMITED,SELTOS D1.5 6MT HTX AE,KIA
KIA INDIA PRIVATE LIMITED,"KIA INDIA PRIVATE LIMITED, SONET G1.0T IMT HTX PLUS",KIA
KIA INDIA PRIVATE LIMITED,SONET G1.0T 7DCT GTX PLUS,KIA
KIA MOTORS INDIA PVT LTD,SONET D1.5CRDI WGT6MT HTX BS6,KIA
M/S.KIA MOTORS INDIA PVT LTD,KIA SONET D1.5 CRDI VGT 6AT GTX PLUS BSVI,KIA
KIA MOTORS INDIA PVT LTD,SONET D1.5CRDI WGT6MT HTX+BS6,KIA
M/S KIA MOTORS INDIA PVT. LTD.,KIA SELTOS D1.5 CRDI VGT 6AT GTX PLUS BSVI,KIA
KIA INDIA PRIVATE LIMITED,"KIA INDIA PRIVATE LIMITED, SONET G1.2 5MT HTK PLUS",KIA
KIA MOTORS INDIA PVT LTD,SELTOS D1.5 6MT HTK PLUS,KIA
KIA SELTOS SMARTSTREAM G1.5IVTHTXBSVI,M/S.KIA MOTORS INDIA PVT LTD,KIA
"M/S. KIA INDIA PVT LTD.,",KIA CARENS SMARTS G1.5T GDI 7D,KIA
KIA INDIA PRIVATE LIMITED,QYAN01D15M62W06,KIA
"M/S. KIA INDIA PVT LTD.,",KIA SELTOS SMARTSTRE G1.5T-GDI,KIA
KIA MOTORS INDIA PVT LTD,SONET G1.0TGDISSTRMIMT HTK+BS6,KIA
KIA INDIA PRIVATE LIMITED,SONET D1.5CRDI WGT6MT HTX BS6,KIA
"M/S. KIA INDIA PVT LTD.,",KIA SELTOSSMARTSTREAM G1.4T-GDI 7DCT XLINE BSVI,KIA
M/S.KIA MOTORS INDIA PVT LTD,KIA SONET D1.5 CRDI WGT 6MT HTE BSVI,KIA
KIA INDIA PRIVATE LIMITED,"KIA INDIA PRIVATE LIMITED, SELTOS D1.5 6MT HTE",KIA
KIA SELTOS D1.5 CRDI VGT IMT HTK PLUS BSVI,"M/S. KIA INDIA PVT LTD.,",KIA
M/S.KIA MOTORS INDIA PVT LTD,KIA SELTOS SMARTSTREAM G1.5IVT,KIA
KIA INDIA PRIVATE LIMITED,CARENS G1.5 6MT PREMIUM7,KIA
KIA INDIA PRIVATE LIMITED,"KIA INDIA PRIVATE LIMITED, CARENS G1.4 6MT PREMIUM 7",KIA
KIA INDIA PRIVATE LIMITED,"KIA INDIA PRIVATE LIMITED, SELTOS G1.4 6MT GTX PLUS",KIA
KIA INDIA PRIVATE LIMITED,"KIA INDIA PRIVATE LIMITED, CARENS D1.5 6MT PRESTIGE 7",KIA
M/S.KIA MOTORS INDIA PVT LTD,KIA SELTOS D1.5 CRDIVGT6ATHTXP,KIA
KIA INDIA PRIVATE LIMITED,KIA CARNIVAL D2.28AT PREMIUM 7,KIA
KIA INDIA PRIVATE LIMITED,CARENS G1.5 6MT MDRIVE7,KIA
KIA INDIA PRIVATE LIMITED,"KIA INDIA PRIVATE LIMITED, SONET G1.0T 7DCT HTX",KIA
"M/S. KIA INDIA PVT LTD.,",KIA CARNIVAL D2.2 8AT PRESTIGE 7 BSVI,KIA
KIA INDIA PRIVATE LIMITED,SONET D1.5 IMT HTX PLUS,KIA
KIA MOTORS INDIA PVT LTD,SONET G1.0TGDISSTRMIMT HTX BS6,KIA
KIA INDIA PRIVATE LIMITED,SONET D1.5 6MT HTK,KIA
KIA INDIA PRIVATE LIMITED,SONET D1.5CRDI WGT6MT HTK+BS6,KIA
KIA INDIA PRIVATE LIMITED,"KIA INDIA PRIVATE LIMITED, SELTOS G1.5 IMT HTK PLUS",KIA
KIA INDIA PRIVATE LIMITED,SONET D1.5CRDI VGT6AT HTK+BS6,KIA
KIA INDIA PRIVATE LIMITED,KYAN00D15M62W00,KIA
KIA INDIA PRIVATE LIMITED,SELTOS G1.5T IMT HTK PLUS,KIA
KIA INDIA PRIVATE LIMITED,KIA SELTOS SS G1.5IVT HTX BS6,KIA
KIA INDIA PRIVATE LIMITED,"KIA INDIA PRIVATE LIMITED, SONET G1.0T 7DCT GTX PLUS",KIA
KIA INDIA PRIVATE LIMITED,SELTOS D1.5 6AT X LINE (S),KIA
KIA INDIA PRIVATE LIMITED,SELTOS D1.5 6MT HTX PLUS,KIA
"M/S. KIA INDIA PVT LTD.,",KIA SELTOS D1.5 CRDI VGT 6AT GTX PLUS BSVI-PH2,KIA
KIA INDIA PRIVATE LIMITED,KIA SELTOS D1.5CRVGT6MTHTEBS6,KIA
KIA INDIA PRIVATE LIMITED,KIA SELTOS SS G1.5 6MT HTX BS6,KIA
KIA MOTORS INDIA PVT LTD,KIA SELTOS SS G1.5 6MT HTX BS6,KIA
KIA INDIA PRIVATE LIMITED,CARENS G1.5T DCTPRESTIGEPLUSO7,KIA
KIA INDIA PRIVATE LIMITED,"KIA INDIA PRIVATE LIMITED, SELTOS G1.4 7DCT GTX PLUS",KIA
KIA INDIA PRIVATE LIMITED,SELTOS D1.5 6MT HTK PLUS,KIA
M/S. KIA INDIA PVT LTD.,KIA SONET D1.5 CRDI WGT 6 MT H,KIA
KIA INDIA PRIVATE LIMITED,SONET D1.5 6MT HTX PLUS,KIA
M/S.KIA MOTORS INDIA PVT LTD,KIA SELTOS D1.5 CRDI VGT 6MT HTX BSVI,KIA
KIA INDIA PRIVATE LIMITED,"KIA INDIA PRIVATE LIMITED, SONET D1.5 6MT HTX PLUS",KIA
M/S. KIA INDIA PVT LTD.,KIA SELTOS D1.5 CRDI VGT IMT-H,KIA
KIA MOTORS INDIA PVT LTD,KIA SELTOS D1.5CRVGT6MTHTX+BS6,KIA
KIA INDIA PRIVATE LIMITED,SONET D1.5 6AT HTX AE,KIA
M/S. KIA INDIA PVT LTD.,KIA EV6 GT-LINE AWD BOV,KIA
KIA INDIA PRIVATE LIMITED,SELTOS G1.5T 7DCT X LINE (S),KIA
KIA INDIA PRIVATE LIMITED,SONET G1.0T IMT HTX,KIA
M/S. KIA INDIA PVT LTD.,KIA SONETG1.0T-GDI SMARTSTREAM,KIA
Kia India Private Limited,Carens D1.5 Imt Mdrive7,KIA
KIA MOTORS INDIA PVT LTD,SONET G1.2 5MT HTK,KIA
"M/S. KIA INDIA PVT LTD.,",KIA SONET D1.5 CRDI VGT 6AT GT,KIA
KIA INDIA PRIVATE LIMITED,"KIA INDIA PRIVATE LIMITED, KIACARNIVALD2.28ATLIMOUSINE+",KIA
KIA INDIA PRIVATE LIMITED,CARENS D1.5 6MT M DRIVE 7,KIA
KIA INDIA PRIVATE LIMITED,SELTOS D1.5 6AT GTX PLUS,KIA
KIA INDIA PRIVATE LIMITED,SONET G1.0T IMT HTX AE,KIA
KIA INDIA PRIVATE LIMITED,"KIA INDIA PRIVATE LIMITED, SELTOS D1.5 6AT GTX PLUS",KIA
KIA INDIA PRIVATE LIMITED,CARNIVAL D2.2 8AT LMOUSNE7SBS6,KIA
M/S.KIA MOTORS INDIA PVT LTD,KIA SELTOS D1.5 CRDI VGT 6MT HTE BSVI,KIA
"M/S. KIA INDIA PVT LTD.,",KIA SELTOS SMARTSTRE G1.5 IVT HTX BSVI-PH2,KIA
KIA INDIA PRIVATE LIMITED,CARENS D1.5 6MT PRESTIGEPLUS 7,KIA
KIA MOTORS INDIA PVT LTD,SONET G1.2SMARTSTRM5MT HTKBS6,KIA
KIA INDIA PRIVATE LIMITED,CARENS G1.5 IMT PREMIUM7,KIA
"M/S. KIA INDIA PVT LTD.,",KIA SELTOS D1.5 CRDI VGT 6MT HTX BSVI-PH2,KIA
KIA INDIA PRIVATE LIMITED,SELTOS G1.4 6MT GTX(O,KIA
KIA MOTORS INDIA PVT LTD,KIA SELTOS D1.5CRVGT6MTHTK+BS6,KIA
KIA INDIA PRIVATE LIMITED,SONET G1.0TGDISSTRM7DCTGTX+BS6,KIA
KIA INDIA PRIVATE LIMITED,SELTOS G1.4 6MT GTX,KIA
KIA INDIA PRIVATE LIMITED,"KIA INDIA PRIVATE LIMITED, SELTOS D1.5 6MT HTX",KIA
KIASONETG1.0T-GDI SMARTSTREAM IMT HTX BSVI,KIASONETG1.0T-GDI SMARTSTREAM ,KIA
KIA INDIA PRIVATE LIMITED,SONET D1.5 IMT GTX PLUS,KIA
KIA INDIA PRIVATE LIMITED,KIA SELTOS SS G1.5 6MT HTK BS6,KIA
KIA MOTORS CORPN,"KIA MOTORS CORPN, KIA SELTOS D1.5 CRDI VGT 6MT H",KIA
M/S. KIA INDIA PVT LTD.,KIA SELTOS D1.5 CRDI VGT 6AT H,KIA
KIA INDIA PRIVATE LIMITED,SELTOS G1.4 6MT GTX(O),KIA
KIA INDIA PRIVATE LIMITED,"KIA INDIA PRIVATE LIMITED, SELTOS G1.4 7DCT X LINE",KIA
KIASONETG1.0T-GDI SMARTSTREAM IMT HTX BSVI,M/S.KIA MOTORS INDIA PVT LTD,KIA
KIA INDIA PRIVATE LIMITED,SONET D1.5 6MT GTX PLUS,KIA
KIA MOTORS INDIA PVT LTD,KIA SELTOS D1.5CRVGT6ATHTX+BS6,KIA
"M/S. KIA INDIA PVT LTD.,",KIA SONET D1.5 CRDI VGT 6AT GTX PLUS BSVI,KIA
"M/S. KIA INDIA PVT LTD.,",KIA SELTOS D 1.5 CRDI VGT 6AT ,KIA
KIA MOTORS INDIA PVT LTD,SONET D1.5 6MT HTK PLUS,KIA
KIA INDIA PVT LTD,CARENS D1.5CRDIVGT6ATBS6LXRY+7,KIA
KIA INDIA PRIVATE LIMITED,SONET G1.0T 7DCT HTX,KIA
KIA INDIA PRIVATE LIMITED,SELTOS D1.5 IMT HTX PLUS,KIA
KIA INDIA PRIVATE LIMITED,SONET D1.5CRDI VGT6AT GTX+BS6,KIA
"M/S. KIA INDIA PVT LTD.,",KIA CARENS D1.5 CRDI VGT 6AT LUXURY PLUS 7 BSVI,KIA
KIA INDIA PRIVATE LIMITED,SELTOS D1.5 6AT GTX,KIA
KIA INDIA PRIVATE LIMITED,CARENS G1.5 IMT PRESTIGEPLUS7,KIA
M/S. KIA INDIA PVT LTD.,KIA SELTOS D1.5 CRDI VGT IMT H,KIA
KIA INDIA PRIVATE LIMITED,SONET D1.5 6MT HTE,KIA
KIA MOTORS INDIA PVT LTD,SELTOS D1.5 6MT HTX,KIA
"M/S. KIA INDIA PVT LTD.,",KIA SONET G1.0T-GDI SMARTSTREAM 7DCT HTX BSVI-PH2,KIA
KIA INDIA PRIVATE LIMITED,SELTOS G1.5T 7DCT GTX,KIA
KIA INDIA PRIVATE LIMITED,KIA SELTOS SS G1.5 6MT HTE BS6,KIA
KIA INDIA PRIVATE LIMITED,CARENS D1.5 6MT LUXURYPLUS 7,KIA
KIA INDIA PRIVATE LIMITED,SONET G1.2 5MT HTKPLUS,KIA
KIA INDIA PRIVATE LIMITED,CARENS D1.5 6MT GRAVITY,KIA
"M/S. KIA INDIA PVT LTD.,",KIA SONET G1.0T-GDI SMARTSTREA,KIA
KIA INDIA PRIVATE LIMITED,CARENS G1.5T DCT X-LINE 6,KIA
KIA INDIA PRIVATE LIMITED,"KIA INDIA PRIVATE LIMITED, SONET D1.5 6AT X LINE",KIA
KIA INDIA PRIVATE LIMITED,"KIA INDIA PRIVATE LIMITED, CARENS G1.4 6MT PRESTIGEPLUS 7",KIA
KIA INDIA PRIVATE LIMITED,SONET G1.2 5MT HTK(O),KIA
KIA MOTORS INDIA PVT LTD,SONET D1.5CRDI WGT6MT GTX+BS6,KIA
KIA INDIA PRIVATE LIMITED,KIA SELTOS D1.5CRVGT6ATHTX+BS6,KIA
KIA INDIA PRIVATE LIMITED,SELTOS D1.5 6MT HTK (O),KIA
KIA INDIA PRIVATE LIMITED,CARENS G1.5 6MT GRAVITY,KIA
"M/S. KIA INDIA PVT LTD.,",KIACARENS SMARTSTREAM G1.4T-GDI6MT PREST 7 BSVI,KIA
M/S.KIA MOTORS INDIA PVT LTD,KIASONET SMARTSTREAM G1.2 5MT HTK PLUS BSVI,KIA
KIA INDIA PRIVATE LIMITED,SONET G1.0T IMT GTX PLUS,KIA
M/S. KIA INDIA PVT LTD.,KIA SONET SMARTSTREAM G1.2 5MT,KIA
M/S. KIA INDIA PVT LTD.,KIA SELTOS SMARTSTRE G1.5 IVT,KIA
KIA INDIA PRIVATE LIMITED,"KIA INDIA PRIVATE LIMITED, SONET D1.5 6MT HTK",KIA
KIA MOTORS INDIA PVT LTD,SELTOS G1.4 7DCT GTX PLUS,KIA
M/S. KIA INDIA PVT LTD.,KIA SELTOS SMARTSTRE G1.5T-GDI,KIA
KIA INDIA PRIVATE LIMITED,"KIA INDIA PRIVATE LIMITED, CARENS D1.5 6MT LUXURYPLUS 6",KIA
KIA INDIA PRIVATE LIMITED,CARENS D1.5 6MT LUXURY PLUS 7,KIA
KIA INDIA PRIVATE LIMITED,SONET D1.5 IMT HTE,KIA
M/S.KIA MOTORS INDIA PVT LTD,KIA CARNIVAL D2.2 8AT LIMOUSIN,KIA
KIA INDIA PRIVATE LIMITED,SELTOS D1.5 6AT X LINE,KIA
KIA MOTORS INDIA PVT LTD,SONET G1.0TGDISSTRMIMT GTX+BS6,KIA
M/S.KIA MOTORS INDIA PVT LTD,KIA SELTOS SMARTSTREAM G1.5 IM,KIA
KIA MOTORS INDIA PVT LTD,SONET D1.5 6MT GTX PLUS,KIA
"M/S. KIA INDIA PVT LTD.,",KIA CARENS D1.5 CRDI VGT IMT LUXURY PLUS 7 BSVI-PH,KIA
KIA INDIA PRIVATE LIMITED,CARENS G1.5 IMT LUXURY7,KIA
KIA INDIA PRIVATE LIMITED,"KIA INDIA PRIVATE LIMITED, SONET D1.5 6MT GTX PLUS",KIA
KIA INDIA PRIVATE LIMITED,"KIA INDIA PRIVATE LIMITED, CARENS G1.4 DCT PRESTIGEPLUS 7",KIA
KIA INDIA PRIVATE LIMITED,SELTOS G1.4 6MT GTX PLUS,KIA
KIA INDIA PRIVATE LIMITED,CARENS D1.5 6AT X-LINE 6,KIA
M/S.KIA MOTORS INDIA PVT LTD,KIA SELTOS SMARTSTREAM G1.5IVTHTXBSVI,KIA
M/S.KIA MOTORS INDIA PVT LTD,KIA SELTOS SMARTSTREAM G1.4T-G,KIA
KIA INDIA PRIVATE LIMITED,SELTOS SS G1.5 IVT HTX AE BS6,KIA
"M/S. KIA INDIA PVT LTD.,",KIA SONET D1.5 CRDI WGT 6 MT HTX AE BSVI,KIA
KIA INDIA PRIVATE LIMITED,SONET G1.0T 7DCT HTX AE,KIA
KIA INDIA PRIVATE LIMITED,SONET G1.0T 7DCT X LINE,KIA
KIA INDIA PRIVATE LIMITED,"KIA INDIA PRIVATE LIMITED, SONET D1.5 6MT HTK PLUS",KIA
M/S. KIA INDIA PVT LTD.,KIACARENS SMARTS G1.5T-GDI IMT,KIA
KIA INDIA PRIVATE LIMITED,KIA SELTOS SSG1.4TGDI6MGTX+BS6,KIA
KIA INDIA PRIVATE LIMITED,"KIA INDIA PRIVATE LIMITED, KIACARNIVALD2.28AT LIMOUSINE 7",KIA
"M/S. KIA INDIA PVT LTD.,",KIA SONET SMARTSTREAM G1.2 5MT,KIA
KIA INDIA PRIVATE LIMITED,CARENS D1.5 6MT PREMIUM 7,KIA
KIA INDIA PVT LTD,CARENS SSG1.4T GDI7DCPRES+7BS6,KIA
M/S. KIA INDIA PVT LTD.,KIA SONET D1.5 CRDI VGT IMT HT,KIA
KIA INDIA PRIVATE LIMITED,SELTOS G1.4 7DCT GTX,KIA
M/S. KIA INDIA PVT LTD.,KIA SONET D1.5 CRDI VGT 6AT HT,KIA
KIA INDIA PRIVATE LIMITED,CARENS G1.5 6MT PRESTIGE7,KIA
KIA MOTORS INDIA PVT LTD,SONET G1.2 5MT HTK PLUS,KIA
KIA INDIA PRIVATE LIMITED,SONET G1.2 5MT GRAVITY,KIA
KIA INDIA PRIVATE LIMITED,CARENS G1.4 DCT LUXURYPLUS 6,KIA
KIA INDIA PRIVATE LIMITED,CARENS G1.5T DCT PRESTIGEPLUS7,KIA
"M/S. KIA INDIA PVT LTD.,",KIA SELTOS D 1.5 CRDI VGT 6AT X LINE BSVI,KIA
KIA INDIA PRIVATE LIMITED,CARENS G1.4 6MT LUXURYPLUS 7,KIA
KIA INDIA PRIVATE LIMITED,SELTOS G1.5T 7DCT X LINE,KIA
"M/S. KIA INDIA PVT LTD.,",KIA CARENS D1.5 CRDI VGT IMT LUXURY 7 BSVI-PH2,KIA
KIA INDIA PRIVATE LIMITED,SELTOS D1.5 6AT HTX PLUS,KIA
KIA INDIA PRIVATE LIMITED,"KIA INDIA PRIVATE LIMITED, SONET D1.5 6MT HTX",KIA
KIA INDIA PRIVATE LIMITED,EV6 GT-LINE AWD,KIA
"M/S. KIA INDIA PVT LTD.,",KIA CARENS D1.5 CRDI VGT 6AT X-LINE 6 BSVI-PH2,KIA
"M/S. KIA INDIA PVT LTD.,",KIA CARENS SMARTSTREAM G1.5 6M,KIA
KIA INDIA PRIVATE LIMITED,SELTOS D1.5CRDI VGT6ATGTX+BS6,KIA
"M/S. KIA INDIA PVT LTD.,",KIA CARENS D1.5 CRDI VGT IMT P,KIA
KIA INDIA PRIVATE LIMITED,"KIA INDIA PRIVATE LIMITED, SELTOS G1.5 6MT HTX",KIA
KIA INDIA PRIVATE LIMITED,SELTOS D1.5 6MT HTK,KIA
KIA INDIA PRIVATE LIMITED,SELTOS G1.5T 7DCT HTX PLUS,KIA
KIA INDIA PRIVATE LIMITED,SELTOS G1.5 IVT GRAVITY,KIA
KIA INDIA PRIVATE LIMITED,CARENS D1.5 IMT LUXURY7,KIA
KIA INDIA PRIVATE LIMITED,"KIA INDIA PRIVATE LIMITED, SONET G1.0T IMT GTX PLUS",KIA
M/S. KIA INDIA PVT LTD.,KIA SELTOS D1.5 CRDI VGT 6AT G,KIA
KIA INDIA PRIVATE LIMITED,CARENS G1.4 6MT PRESTIGEPLUS 7,KIA
M/S.KIA MOTORS INDIA PVT LTD,KIA SONET- D1.5 CRDI VGT 6AT H,KIA
KIA MOTORS INDIA PVT LTD,SELTOS D1.5 6AT HTK PLUS,KIA
KIA MOTORS INDIA PVT LTD,SONET G1.0TGDISSTRM7DCTHTK+BS6,KIA
M/S.KIA MOTORS INDIA PVT LTD,KIA CARNIVAL D2.2 8AT PREMIUM 8 BSVI,KIA
M/S.KIA MOTORS INDIA PVT LTD,KIA SONET D1.5 CRDI WGT 6MT HTK PLUS BSVI,KIA
KIA MOTORS INDIA PVT LTD,SONET G1.0T IMT GTX PLUS,KIA
KIA SELTOS SMARTSTREAM G1.5 IMT HTK PLUS BSVI,KIA SELTOS SMARTSTREAM G1.5 IM,KIA
KIA INDIA PRIVATE LIMITED,"KIA INDIA PRIVATE LIMITED, EV6 GT-LINE AWD",KIA
KIA MOTORS INDIA PVT LTD,KIA SELTOS SS G1.5 6MT HTK+BS6,KIA
"M/S. KIA INDIA PVT LTD.,",KIA SELTOS SMARTSTRE G1.5 6MT ,KIA
