rc_maker_desc,rc_maker_model,Mapped Name
KINETIC MOTOR COMPANY LIMITED,VELOCITY,Kinetic
KINETIC MOTOR COMPANY LIMITED,NOVA,Kinetic
KINETIC MOTOR COMPANY LIMITED,KINETIC HONDA,Kinetic
KINETIC MOTOR COMPANY LIMITED,OTHERS,Kinetic
KINETIC MOTOR COMPANY LIMITED,4S,Kinetic
KINETIC MOTOR COMPANY LIMITED,KINETIC NOVA DLX,Kinetic
KINETIC MOTOR COMPANY LIMITED,KINETIC HOND ZX,Kinetic
KINETIC MOTOR COMPANY LIMITED,KINETIC SPARK,Kinetic
KINETIC MOTOR COMPANY LIMITED,KINETIC HONDA MARVEL,Kinetic
KINETIC MOTOR COMPANY LIMITED,KINETIC ZING,Kinetic
KINETIC MOTOR COMPANY LIMITED,Not Available,Kinetic
KINETIC MOTOR COMPANY LIMITED,K. STYLE,Kinetic
KINETIC MOTOR COMPANY LIMITED,ZX - SPORT,Kinetic
KINETIC MOTOR COMPANY LIMITED,KINETIC  DX,Kinetic
KINETIC MOTOR COMPANY LIMITED,"KINETIC MOTOR COMPANY LIMITED, KINETIC HONDA",Kinetic
KINETIC MOTOR COMPANY LIMITED,KINETIC KING,Kinetic
KINETIC MOTOR COMPANY LIMITED,ZX ZOOM,Kinetic
KINETIC MOTOR COMPANY LIMITED,K 4 - 100,Kinetic
KINETIC MOTOR COMPANY LIMITED,KINETIC STYLE,Kinetic
KINETIC MOTOR COMPANY LIMITED,KINETIC MARVEL,Kinetic
KINETIC MOTOR COMPANY LIMITED,KINETIC BOSS,Kinetic
KINETIC MOTOR COMPANY LIMITED,MOPED,Kinetic
KINETIC MOTOR COMPANY LIMITED,KINETIC SAFARI DX,Kinetic
KINETIC MOTOR COMPANY LIMITED,KINETIC HONDA ,Kinetic
KINETIC MOTOR COMPANY LIMITED,KINETIK HONDA,Kinetic
KINETIC MOTOR COMPANY LIMITED,MARVEL,Kinetic
KINETIC MOTOR COMPANY LIMITED,KINETIC,Kinetic
KINETIC MOTOR COMPANY LIMITED,LUNA SUPER STAR,Kinetic
KINETIC MOTOR COMPANY LIMITED,BOSS V2,Kinetic
KINETIC MOTOR COMPANY LIMITED,MOPED-SAFARI,Kinetic
KINETIC MOTOR COMPANY LIMITED,SCOOTER,Kinetic
KINETIC MOTOR COMPANY LIMITED,KINETIC K4 100 MC,Kinetic
KINETIC MOTOR COMPANY LIMITED,KINETIC/HONDA,Kinetic
KINETIC MOTOR COMPANY LIMITED,NOVA 135,Kinetic
KINETIC MOTOR COMPANY LIMITED,"KINETIC MOTOR COMPANY LIMITED, LUNA SUPER",Kinetic
KINETIC MOTOR COMPANY LIMITED,HONDA,Kinetic
KINETIC MOTOR COMPANY LIMITED,KINECTIC NOVA 135,Kinetic
KINETIC MOTOR COMPANY LIMITED,KINETIC ZOOM 4S,Kinetic
KINETIC MOTOR COMPANY LIMITED,KINETIC V2-60,Kinetic
KINETIC MOTOR COMPANY LIMITED,K HONDA,Kinetic
KINETIC MOTOR COMPANY LIMITED,KINETIC LUNA SUPER,Kinetic
KINETIC MOTOR COMPANY LIMITED,KINETIC ZING 80 STD,Kinetic
KINETIC MOTOR COMPANY LIMITED,,Kinetic
KINETIC MOTOR COMPANY LIMITED,LUNA SUPER PLUS,Kinetic
KINETIC MOTOR COMPANY LIMITED,KINETIC PRIDE FX,Kinetic
KINETIC MOTOR COMPANY LIMITED,KINETIC HONDA 100C,Kinetic
KINETIC MOTOR COMPANY LIMITED,KINETIC PRIDE,Kinetic
KINETIC MOTOR COMPANY LIMITED,KINETIC GF 125,Kinetic
KINETIC MOTOR COMPANY LIMITED,KINETIC SPARK DX,Kinetic
KINETIC MOTOR COMPANY LIMITED,"KINETIC MOTOR COMPANY LIMITED, LUNA MAGNUM ELECTRONIC",Kinetic
KINETIC MOTOR COMPANY LIMITED,KINECTIC KING,Kinetic
KINETIC MOTOR COMPANY LIMITED,KINETIC  ZX,Kinetic
KINETIC MOTOR COMPANY LIMITED,"KINETIC MOTOR COMPANY LIMITED, KINETIC ZX ZOOM",Kinetic
KINETIC MOTOR COMPANY LIMITED,KINETIC 4S,Kinetic
KINETIC MOTOR COMPANY LIMITED,KINETIC HONDA DX,Kinetic
KINETIC MOTOR COMPANY LIMITED,KINECTIC,Kinetic
KINETIC MOTOR COMPANY LIMITED,KINETIC VELOCITY,Kinetic
KINETIC MOTOR COMPANY LIMITED,LUNA TFR,Kinetic
KINETIC MOTOR COMPANY LIMITED,LUNA SUPER,Kinetic
KINETIC MOTOR COMPANY LIMITED,KINETIC NOVA,Kinetic
KINETIC MOTOR COMPANY LIMITED,KINETIC DX,Kinetic
KINETIC MOTOR COMPANY LIMITED,SCOPIO SCX,Kinetic
KINETIC MOTOR COMPANY LIMITED,KINTIC BOSS MC,Kinetic
KINETIC MOTOR COMPANY LIMITED,KINETIC ZX ZOOM,Kinetic
KINETIC MOTOR COMPANY LIMITED,KINETIC FLYTE,Kinetic
KINETIC MOTOR COMPANY LIMITED,LUNA MAGNUM,Kinetic
KINETIC MOTOR COMPANY LIMITED,KINETIC K4 100,Kinetic
KINETIC MOTOR COMPANY LIMITED,KINETIC CHALLENGER,Kinetic
KINETIC MOTOR COMPANY LIMITED,ZING,Kinetic
