rc_maker_desc,rc_maker_model,Mapped Name
AUTOMOBILI LAMBORGHINI S.P.A,LAMBORGHINI HURACAN,LAMBORGHINI
AUTOMOBILI LAMBORGHINI SPA,LAMBORGHINI HURACAN LP 580-2 C,LAMBORGHINI
LAMBORGHINI,LAMBORGHINI HURACAN,LAMBORGHINI
AUTOMOBILI LAMBORGHINI SPA,LAMBORGHINI URUS MY 19 BSIV,LAMBORGHINI
LAMBORGHINI,URUS ZL304A19,LAMBORGHINI
LAMBORGHINI,AVENTADOR,LAMBORGHINI
AUTOMOBILI LAMBORGHINI S.P.A,LAMBORGHINI URUS,LAMBORGHINI
AUTOMOBILI LAMBORGHINI SPA,LAMBORGHINI HURACAN LP 580-2 COPUE MY 16,LAMBORGHINI
LAMBORGHINI,LAMBORGHINI HURACAN  MY 16,LAMBORGHINI
LAMBORGHINI,URUS MY19,LAMBORGHINI
LAMBORGHINI,LAMBORGHINI URUS,LAMBORGHINI
LAMBORGHINI,LAMBORGHINIAVENTADOR COUPE MY1,LAMBORGHINI
AUTOMOBILI LAMBORGHINI S.P.A,LAMBORGHINI URUS S,LAMBORGHINI
LAMBORGHINI GALLARDO SPYDER,LAMBORGHINI HURACAN PERFORMANT,LAMBORGHINI
LAMBORGHINI,LAMBORGHINI URUS BS6,LAMBORGHINI
LAMBORGHINI,LAMBORGHINI URUSMY19,LAMBORGHINI
LAMBORGHINI,LAMBORGHINI URUS MY19 BS4,LAMBORGHINI
LAMBORGHINI,HURACAN SPYDER 2WD,LAMBORGHINI
LAMBORGHINI,LAMBORGHINI HURACAN COUPE 2WD,LAMBORGHINI
LAMBORGHINI,SUV(URUS),LAMBORGHINI
LAMBORGHINI,HURACAN,LAMBORGHINI
AUTOMOBILI LAMBORGHINI S.P.A,LAMBORGHINI URUS PERFORMANTE,LAMBORGHINI
AUTOMOBILI LAMBORGHINI S.P.A,LAMBORGHINI URUSMY19,LAMBORGHINI
