rc_maker_desc,rc_maker_model,Mapped Name
LAND ROVER,FREE LANDER 2 TD4 2.2 DIESEL AUTOMATIC SE,LAND ROVER
LAND ROVER,RANGE ROVER 4.4 L,LAND ROVER
LAND ROVER,RR EVOQUE SD4DYNAMIC4X4 5D5S2.2LD AE BSIV,LAND ROVER
LAND ROVER,RR EVOQUE SD4 PURE 4X4 5D5S2.2,LAND ROVER
LAND ROVER,DISCOVERY 4,LAND ROVER
LAND ROVER,RR EVOQUE SD4 PURE 4X4 5D5S2.2LD AE BSIV,LAND ROVER
LAND ROVER,RANGE ROVER SPORT 3LT TDV 6,LAND ROVER
LAND ROVER,RR EVOQUE SD4 PURE4X4 3DCOUPE2.2LD AE BSIV,LAND ROVER
LAND ROVER,RR EVOQUE SD4DYNAMIC4X4 5D5S2.,LAND ROVER
LAND ROVER,RANGE ROVER 5.0L,LAND ROVER
