rc_maker_desc,rc_maker_model,Mapped Name
MAN TRUCKS INDIA PVT. LTD.,CLA 25.300 6X4 -TIPPER T12/T14,MAN
MAN TRUCKS INDIA PVT. LTD.,CLA 25.280 (2VCR) TIPPER T12/T,MAN
MAN TRUCKS INDIA PVT. LTD.,MAN TRAILER,MAN
MAN TRUCKS INDIA PVT. LTD.,CLA 25.250 (6X4) T16 TIPPER,MAN
MAN TRUCKS INDIA PVT. LTD.,CLA 25.300 6X4 TIPPER T12/T14/,MAN
MAN TRUCKS INDIA PVT. LTD.,MAN F LA 25.220,MAN
MAN TRUCKS INDIA PVT. LTD.,FORCE CLE 25220,MAN
MAN TRUCKS INDIA PVT. LTD.,NA/78/5,MAN
MAN TRUCKS INDIA PVT. LTD.,CLA 25.250 BS4 6X4 TIPPER,MAN
MAN TRUCKS INDIA PVT. LTD.,CLA 40.220  BSIII TRACTOR HEAD,MAN
MAN TRUCKS INDIA PVT. LTD.,MAN CLA 25.280,MAN
MAN TRUCKS INDIA PVT. LTD.,CLA 31.220,MAN
MAN TRUCKS INDIA PVT. LTD.,TRANSIT CONCRETE MIXER MAN CL,MAN
MAN TRUCKS INDIA PVT. LTD.,MAN CLA 49 280 TRACTOR HWC B,MAN
MAN TRUCKS INDIA PVT. LTD.,CLA40.220 TRACTOR HEAD CAB,MAN
MAN TRUCKS INDIA PVT LTD,CLA 25.220 (VE) Tipper T12/T14/T16 BSIII,MAN
MAN TRUCKS INDIA PVT. LTD.,CLA 49.280 2VCR TRACTOR HEADW,MAN
MAN TRUCKS INDIA PVT. LTD.,M.F 4018,MAN
MAN TRUCKS INDIA PVT. LTD.,NA78/754,MAN
MAN TRUCKS INDIA PVT LTD,CLA 25.280 (2VCR) TIPPER T12/T14/T16 BSIII,MAN
MAN TRUCKS INDIA PVT. LTD.,INDICA XETA GLS,MAN
MAN TRUCKS INDIA PVT. LTD.,CLA25.280TRANSIT MIX,MAN
MAN TRUCKS INDIA PVT. LTD.,CLA 16.220,MAN
MAN TRUCKS INDIA PVT. LTD.,CLA 25 280 6X4,MAN
MAN TRUCKS INDIA PVT. LTD.,INDICA  DLS,MAN
MAN TRUCKS INDIA PVT. LTD.,CLA 49280,MAN
MAN TRUCKS INDIA PVT. LTD.,CLA 31.250 BSIV 6S 8X2 CBC,MAN
MAN TRUCKS INDIA PVT. LTD.,NANO LX B S III,MAN
MAN TRUCKS INDIA PVT. LTD.,,MAN
MAN TRUCKS INDIA PVT. LTD.,TRUCK,MAN
MAN TRUCKS INDIA PVT. LTD.,OTHERS,MAN
MAN TRUCKS INDIA PVT. LTD.,CLA 25.250 16CUM BB TIPPER,MAN
MAN TRUCKS INDIA PVT. LTD.,CLA 25.220 6  4TIPPER,MAN
MAN TRUCKS INDIA PVT. LTD.,CLA 25.300 4VCR(6X4) ABS TIPPE,MAN
MAN TRUCKS INDIA PVT. LTD.,MAN CLA25 220 TIPPER,MAN
MAN TRUCKS INDIA PVT. LTD.,CLA 40 220,MAN
MAN TRUCKS INDIA PVT. LTD.,CLA 25.280FB TIPPER,MAN
MAN TRUCKS INDIA PVT. LTD.,MAN CLA 25.220 6X4,MAN
MAN TRUCKS INDIA PVT. LTD.,INDICA DLS III,MAN
MAN TRUCKS INDIA PVT. LTD.,CLA 25.280(4.2),MAN
MAN TRUCKS INDIA PVT. LTD.,CLA 40.250 BSIV 9S 4X2 LR TRAC,MAN
MAN TRUCKS INDIA PVT. LTD.,BHARATH BENZ,MAN
MAN TRUCKS INDIA PVT LTD,"CLA 25.300 6X4 TIPPER T12/T14/T16, 4525WB BSIV",MAN
MAN TRUCKS INDIA PVT. LTD.,MAN 49.220,MAN
MAN TRUCKS INDIA PVT. LTD.,CLA25.250 BSIV 6X4 TIPPER T16,MAN
MAN TRUCKS INDIA PVT. LTD.,CLA49.250 BSIV 9S 6X4 CBC HYP,MAN
MAN TRUCKS INDIA PVT. LTD.,CLA 25 280 9S 6X4 BSIII,MAN
MAN TRUCKS INDIA PVT. LTD.,CLA 40 220 TRAILER,MAN
MAN TRUCKS INDIA PVT. LTD.,MAN FORCELA 25.220,MAN
MAN TRUCKS INDIA PVT LTD,CLA 25.280 (2VCR)ROCKBODYTIPPE,MAN
MAN TRUCKS INDIA PVT. LTD.,CLA 25.300 BSIV 6X4 16CUM,MAN
MAN TRUCKS INDIA PVT. LTD.,VOLVO S80,MAN
MAN TRUCKS INDIA PVT. LTD.,CA 25.280 (6X4) TIPPER BSIII,MAN
MAN TRUCKS INDIA PVT. LTD.,CLA49280,MAN
MAN TRUCKS INDIA PVT. LTD.,CLA 25.300 (6X4) 16CUM BB,MAN
MAN TRUCKS INDIA PVT. LTD.,TIPPER CLA,MAN
MAN TRUCKS INDIA PVT. LTD.,MAN CLA 16.220,MAN
MAN TRUCKS INDIA PVT. LTD.,CLA.25.300 6X4 BSIV,MAN
MAN TRUCKS INDIA PVT. LTD.,CLA 49.250,MAN
MAN TRUCKS INDIA PVT. LTD.,CLA 25 200 CHA W CAB BSIII,MAN
MAN TRUCKS INDIA PVT. LTD.,CLA 49.280,MAN
MAN TRUCKS INDIA PVT. LTD.,TATA  INDICA  DLS. 2,MAN
MAN TRUCKS INDIA PVT. LTD.,CLA 31 220 8X2 VE MAV,MAN
MAN TRUCKS INDIA PVT. LTD.,CLA 49 220,MAN
MAN TRUCKS INDIA PVT. LTD.,CLA  25  220,MAN
MAN TRUCKS INDIA PVT. LTD.,CLA 49.280 (6*4) TRACTOR,MAN
MAN TRUCKS INDIA PVT. LTD.,SX 4 VDI,MAN
MAN TRUCKS INDIA PVT. LTD.,MAN CLA 25.280 6X4 ROCK,MAN
MAN TRUCKS INDIA PVT. LTD.,CLA 25.300 BSIV 9S 6X4 8CUM,MAN
MAN TRUCKS INDIA PVT. LTD.,AP H9 13120,MAN
MAN TRUCKS INDIA PVT. LTD.,MAN CLA 25.280 TIPPER,MAN
MAN TRUCKS INDIA PVT. LTD.,CLA-49220,MAN
MAN TRUCKS INDIA PVT. LTD.,MAN CLA25.220 TIPPER,MAN
MAN TRUCKS INDIA PVT. LTD.,AMAZE 1.5S MT I DTEC,MAN
MAN TRUCKS INDIA PVT. LTD.,CLA 25.220,MAN
MAN TRUCKS INDIA PVT. LTD.,TIPPER,MAN
MAN TRUCKS INDIA PVT. LTD.,4018 TRAILOR,MAN
MAN TRUCKS INDIA PVT. LTD.,CLA 25.280 6X4,MAN
MAN TRUCKS INDIA PVT. LTD.,CLA 25 220,MAN
MAN TRUCKS INDIA PVT. LTD.,CLA 25.280,MAN
MAN TRUCKS INDIA PVT. LTD.,CLA49 280,MAN
MAN TRUCKS INDIA PVT. LTD.,CLA 25.220 6X4 FB TIPPER,MAN
MAN TRUCKS INDIA PVT. LTD.,CLA25.300 4VCR (6X4) ABS TIPPE,MAN
MAN TRUCKS INDIA PVT. LTD.,CLA 25.250 BSIV 6X4 TIPPER 16,MAN
MAN TRUCKS INDIA PVT. LTD.,M F CLA 49.280/HTV/A/V TRAILER,MAN
MAN TRUCKS INDIA PVT LTD,CLA 25.300 6X4 TIPPER T12/T14/T16 - 2 BSIV,MAN
MAN TRUCKS INDIA PVT. LTD.,CLA 25.180 6X2 MULTI CABIN CH,MAN
MAN TRUCKS INDIA PVT. LTD.,CLA 49.300 BAIV 6X4 T HEAD,MAN
MAN TRUCKS INDIA PVT. LTD.,CLA 25 300BSIV 6 4 CHAWITH CAS,MAN
MAN TRUCKS INDIA PVT. LTD.,CLA 25.300 (BS IV) 6X4 TIPPER,MAN
MAN TRUCKS INDIA PVT. LTD.,CLA 49 280,MAN
MAN TRUCKS INDIA PVT. LTD.,CLA 16.220 (BSIII) (VE) (4X2) ,MAN
MAN TRUCKS INDIA PVT. LTD.,CLA 40.220 (4 X 2),MAN
MAN TRUCKS INDIA PVT. LTD.,ALTO 800 VXI,MAN
MAN TRUCKS INDIA PVT. LTD.,MAN CLA25.220 6X4,MAN
MAN TRUCKS INDIA PVT. LTD.,CLA 40.280 (4 X 2),MAN
MAN TRUCKS INDIA PVT. LTD.,CLA 49.250  BS4 6X4,MAN
MAN TRUCKS INDIA PVT. LTD.,NOT AVAILABLE,MAN
MAN TRUCKS INDIA PVT. LTD.,MAN CLA25.200 TIPPER,MAN
MAN TRUCKS INDIA PVT. LTD.,CLA 25.300 6X4 TIPPER,MAN
