rc_maker_desc,rc_maker_model,Mapped Name
MERCEDES-BENZ INDIA PVT LTD,M BENZ C220CDI BE,MERCEDES
MERCEDES-BENZ INDIA PVT LTD,A200 CDI.,MERCEDES
MERCEDES-BENZ INDIA PVT LTD,GLS 350 D 4MATIC,MERCEDES
MERCEDES-BENZ INDIA PVT LTD,MERCEDES BENZ ML250 CDI,MERCEDES
DAIMLER AG STUTTGART,"DAIMLER AG STUTTGART, ML350 CDI 4MATIC BLUE EFFICIEN",MERCEDES
MERCEDES-BENZ INDIA PVT LTD,W212 E350 CDI AT,MERCEDES
MERCEDES-BENZ INDIA PVT LTD,C 250 CDI BS-IV,MERCEDES
MERCEDES -BENZ AG,MERCEDES-AMG C 43 4MATIC COUPE,MERCEDES
MERCEDES-BENZ INDIA PVT LTD,W212 E250,MERCEDES
MERCEDES-BENZ INDIA PVT LTD,MERCEDES BENZ S 350 D L BSIV,MERCEDES
MERCEDES-BENZ INDIA PVT LTD,MERCEDES BENZ S350DL,MERCEDES
MERCEDES-BENZ INDIA PVT LTD,W204 C200 CGI WITH A.T. BSIV,MERCEDES
MERCEDES-BENZ INDIA PVT LTD.,Select,MERCEDES
MERCEDES-BENZ INDIA PVT LTD,MERCEDES BENZ C 220 CDI,MERCEDES
MERCEDES-BENZ INDIA PVT LTD,W 210 - E230,MERCEDES
MERCEDES-BENZ INDIA PVT LTD,ML350CDIR,MERCEDES
MERCEDES-BENZ INDIA PVT LTD,BENZ E 200 CGI,MERCEDES
MERCEDES-BENZ INDIA PVT LTD,V213 E350D,MERCEDES
MERCEDES-BENZ INDIA PVT LTD,GL63AMG,MERCEDES
MERCEDES-BENZ INDIA PVT LTD,MERCEDES- MAYBACH S 560 BSIV,MERCEDES
MERCEDES-BENZ INDIA PVT LTD,MERCEDES BENZ GLE250 D,MERCEDES
MERCEDES-BENZ INDIA PVT LTD,MERCEDES BENZ S350 CDIL,MERCEDES
MERCEDES-BENZ INDIA PVT LTD,C250 D,MERCEDES
MERCEDES-BENZ INDIA PVT LTD,MERCEDES BENZ W212 E250 CDI,MERCEDES
MERCEDES-BENZ INDIA PVT LTD,MERCEDES C220,MERCEDES
MERCEDES-BENZ INDIA PVT LTD,E200,MERCEDES
MERCEDES-BENZ INDIA PVT LTD,MERCEDES BENZ W212 E 250 CDI,MERCEDES
MERCEDES-BENZ INDIA PVT LTD,MERCEDES W204 C200 CGI A/T BS4,MERCEDES
DAIMLER AG STUTTGART,AMG C 43 4MATIC BSIV,MERCEDES
DAIMLER AG STUTTGART,C 300 CABRIOLET BSIV,MERCEDES
MERCEDES-BENZ INDIA PVT LTD,ML 250 CDI 4MATIC WITH B E,MERCEDES
MERCEDES-BENZ INDIA PVT LTD,GLC300CKD,MERCEDES
MERCEDES-BENZ INDIA PVT LTD,BENZ  B180CDI,MERCEDES
MERCEDES-BENZ INDIA PVT LTD,BENZ E 200 BE ,MERCEDES
MERCEDES-BENZ INDIA PVT LTD.,E200 ABS BSVI,MERCEDES
MERCEDES-BENZ INDIA PVT LTD,MERCEDES-MAYBACH S580 4MATIC,MERCEDES
MERCEDES-BENZ INDIA PVT LTD,BENZ GLA200 CDI,MERCEDES
MERCEDES-BENZ INDIA PVT LTD,BENZ GLE 250 D,MERCEDES
MERCEDES-BENZ INDIA PVT LTD,CKD W 204,MERCEDES
MERCEDES-BENZ INDIA PVT LTD,MERCEDES BENZ GL-350 CDI,MERCEDES
MERCEDES-BENZ INDIA PVT LTD,MERCEDEZ BENZ  C 220 CDI,MERCEDES
MERCEDES-BENZ INDIA PVT LTD,S350CDIL,MERCEDES
MERCEDES-BENZ INDIA PVT LTD,MERCESS BENZ C200K CAR,MERCEDES
MERCEDEZ BENZ - IMPORTED,MERCEDEZ BENZ E 320,MERCEDES
MERCEDES-BENZ INDIA PVT LTD,C250d,MERCEDES
MERCEDES-BENZ INDIA PVT LTD,MERCEDES BENZ ML 350CDI 4MATIC,MERCEDES
MERCEDES-BENZ INDIA PVT LTD,E220 CDI AT,MERCEDES
MERCEDES-BENZ INDIA PVT LTD,GLA 200 D,MERCEDES
MERCEDES-BENZ INDIA PVT LTD,SALOON,MERCEDES
MERCEDES-BENZ INDIA PVT LTD,BENZ ML 350CDIR,MERCEDES
MERCEDES-BENZ INDIA PVT LTD,BENZ E 250 CDI,MERCEDES
MERCEDES-BENZ INDIA PVT LTD,BENZ A 200 CDI,MERCEDES
MERCEDES-BENZ INDIA PVT LTD,S350CDI,MERCEDES
MERCEDES-BENZ INDIA PVT LTD,E200 BLUE EFFICIENCY WITH A/T,MERCEDES
MERCEDES-BENZ INDIA PVT LTD.,C 220 D BSVI,MERCEDES
MERCEDES-BENZ INDIA PVT LTD,M BENZ C 250 CDI,MERCEDES
MERCEDES-BENZ INDIA PVT LTD,E 220 CDI,MERCEDES
MERCEDES-BENZ INDIA PVT LTD,W212 E 250 WITH AT,MERCEDES
MERCEDES-BENZ INDIA PVT LTD,MERCEDES BENZ S 500 L,MERCEDES
MERCEDES-BENZ INDIA PVT LTD,MERCEDES BENZ E-250,MERCEDES
MERCEDES-BENZ INDIA PVT LTD,E 350 D,MERCEDES
MERCEDES-BENZ INDIA PVT LTD.,GLE 400 D 4MATIC LWB BSVI,MERCEDES
MERCEDES-BENZ INDIA PVT LTD,GLE 250 D 4MATIC BSIV,MERCEDES
MERCEDES-BENZ INDIA PVT LTD,GL 350 CDI 4 MATIC WITH BLUE E,MERCEDES
"MERCEDES-BENZ INDIA PVT., LTD.",GLA200D BSIV,MERCEDES
MERCEDES-BENZ INDIA PVT LTD,BENZ GLC 220 D 4 MATIC,MERCEDES
MERCEDES-BENZ INDIA PVT LTD,MERCEDES BENZ GLA200,MERCEDES
MERCEDES-BENZ INDIA PVT LTD,MERCEDES BENZ  C230,MERCEDES
MERCEDES-BENZ INDIA PVT LTD,BENZ CLS 250 CDI,MERCEDES
MERCEDES-BENZ INDIA PVT LTD,M-BENZ-GLA-220D BSIV,MERCEDES
MERCEDES-BENZ INDIA PVT LTD,MERCEDEZ BENZ E250CDI,MERCEDES
MERCEDES-BENZ INDIA PVT LTD,GLS 400 4MATIC,MERCEDES
MERCEDES-BENZ INDIA PVT LTD,MERCEDES BENZ C 230,MERCEDES
MERCEDES-BENZ INDIA PVT LTD,GLC 220 D 4MA TIC,MERCEDES
MERCEDES-BENZ INDIA PVT LTD,BENZ GLS 350 D 4MATIC,MERCEDES
MERCEDES-BENZ INDIA PVT LTD,BENZ ML 250 CDI,MERCEDES
MERCEDES-BENZ INDIA PVT LTD,CLS 300 D BSVI,MERCEDES
MERCEDES -BENZ AG,MERCEDES-AMG GLE53 4M+ COUPE,MERCEDES
MERCEDES-BENZ INDIA PVT LTD,GL350CDILX,MERCEDES
MERCEDES-BENZ INDIA PVT LTD,S 450 4MATIC,MERCEDES
MERCEDES-BENZ INDIA PVT LTD,MECREDES_BENZ_C220 CDI,MERCEDES
DAIMLER AG STUTTGART,V 220 D EXCLUSIVE BSIV,MERCEDES
MERCEDES-BENZ INDIA PVT LTD,BENZ E 200CGI,MERCEDES
MERCEDES-BENZ INDIA PVT LTD,MERCEDES BENZ CLA 200 D BSIV,MERCEDES
MERCEDES-BENZ INDIA PVT LTD,GL 350 CDI 7 SPEED A T AND CC,MERCEDES
MERCEDES-BENZ INDIA PVT LTD,AMG GLE 43 4MATIC COUPE BSIV,MERCEDES
MERCEDES-BENZ INDIA PVT LTD,GLA 200D,MERCEDES
MERCEDES-BENZ INDIA PVT LTD,MERCEDESBENZ E 220 CDI,MERCEDES
MERCEDES-BENZ INDIA PVT LTD,MERCEDEZ BENZ C 220 CDI,MERCEDES
MERCEDES-BENZ INDIA PVT LTD,M BENZ GLC 220 D 4MATIC,MERCEDES
MERCEDES-BENZ INDIA PVT LTD,M BENZ S 500,MERCEDES
MERCEDES-BENZ INDIA PVT LTD,W212E 250,MERCEDES
MERCEDES-BENZ INDIA PVT LTD,GLC 220d 4 MATIC,MERCEDES
MERCEDES-BENZ INDIA PVT LTD,E-250 CDI,MERCEDES
MERCEDES-BENZ INDIA PVT LTD.,S350CDI SEDAN LONG RHD BSIV,MERCEDES
MERCEDES-BENZ INDIA PVT LTD,BENZ GLE 250d 017688 BS IV,MERCEDES
MERCEDES-BENZ INDIA PVT LTD,GLA200 CDI BSIV,MERCEDES
MERCEDES-BENZ INDIA PVT LTD,M BENZ B 180 SPORTS TOURER,MERCEDES
MERCEDES-BENZ INDIA PVT LTD,C200 M1 BS6,MERCEDES
MERCEDES-BENZ INDIA PVT LTD,BENZ CLA45 AMG 4MATIC BLUEEFF,MERCEDES
MERCEDES-BENZ INDIA PVT LTD,GLC 300 D 4MATIC COUPE,MERCEDES
MERCEDES-BENZ INDIA PVT LTD,MERCEDES BENZ E250 CDI,MERCEDES
MERCEDES-BENZ INDIA PVT LTD,GLS 450 4MATIC,MERCEDES
MERCEDES-BENZ INDIA PVT LTD,BENZ C 200CGI,MERCEDES
MERCEDES-BENZ INDIA PVT LTD,MERC BENZ GL350 CDIBE4MATIC,MERCEDES
MERCEDES-BENZ INDIA PVT LTD,S350 D L BSIV,MERCEDES
MERCEDES-BENZ INDIA PVT LTD,CKD X 166 GL 350 CDI BE,MERCEDES
MERCEDES-BENZ INDIA PVT LTD,BENZ GLA200 CDI SPORTS,MERCEDES
MERCEDES-BENZ INDIA PVT LTD,BENZ A 180,MERCEDES
MERCEDES-BENZ INDIA PVT LTD,S350 D L,MERCEDES
MERCEDES-BENZ INDIA PVT LTD,AMG C63 S,MERCEDES
MERCEDES-BENZ INDIA PVT LTD,MERCEDES BENZ S320 CDI,MERCEDES
MERCEDES-BENZ INDIA PVT LTD,V 220D L,MERCEDES
MERCEDES-BENZ INDIA PVT LTD,MERCEDES BENZ  GL 350 CDI,MERCEDES
MERCEDES-BENZ INDIA PVT LTD,E250 CDI MER BENZ EIV,MERCEDES
MERCEDES-BENZ INDIA PVT LTD,MERCEDES BENZ E 280,MERCEDES
MERCEDES-BENZ INDIA PVT LTD.,W212 E250 CDI WITH AUTOMATIC TRANSMISSION BSIV,MERCEDES
MERCEDES-BENZ INDIA PVT LTD,E 220 D BSIV,MERCEDES
MERCEDES-BENZ INDIA PVT LTD,CLA 200 d,MERCEDES
MERCEDES-BENZ INDIA PVT LTD,E200 BSIV,MERCEDES
MERCEDES-BENZ INDIA PVT LTD,BENZ E 200,MERCEDES
MERCEDES-BENZ INDIA PVT LTD,BENZ GLC 220D ,MERCEDES
MERCEDES-BENZ INDIA PVT LTD,W 204 C200 BLUE EFFI WITH AT,MERCEDES
MERCEDES-BENZ INDIA PVT LTD,W 212 E250 WITH AT,MERCEDES
MERCEDES -BENZ AG,EQC 400 4MATIC,MERCEDES
"MERCEDES-BENZ INDIA PVT., LTD.",GLS 400 D 4 MATIC BSVI-PH2,MERCEDES
MERCEDES-BENZ INDIA PVT LTD,MERCEDES BENZ GLE 250D BS IV,MERCEDES
MERCEDES-BENZ INDIA PVT LTD,M BENZ GLE 250 D ,MERCEDES
MERCEDES-BENZ INDIA PVT LTD,MERCEDIES BENZ C 220 CDI,MERCEDES
MERCEDES-BENZ INDIA PVT LTD,24,MERCEDES
MERCEDES-BENZ INDIA PVT LTD,E 200 BS4,MERCEDES
MERCEDES-BENZ INDIA PVT LTD,BENZ ML 350 CDI,MERCEDES
MERCEDES -BENZ AG,MERCEDES BENZ E280,MERCEDES
MERCEDES-BENZ INDIA PVT LTD,GLS350D 4MATIC,MERCEDES
MERCEDES-BENZ INDIA PVT LTD,S 350 CDI,MERCEDES
MERCEDES-BENZ INDIA PVT LTD,V221 S500L,MERCEDES
MERCEDES-BENZ INDIA PVT LTD,M BENZ GLA 200 BS4,MERCEDES
MERCEDES-BENZ INDIA PVT LTD,AMG C 63  S,MERCEDES
MERCEDES-BENZ INDIA PVT LTD,MERC BENZ C 220 CDI BSIII,MERCEDES
MERCEDEZ BENZ - IMPORTED,MERCEDES BENZ 300D,MERCEDES
MERCEDES-BENZ INDIA PVT LTD.,CLA200 BSIV,MERCEDES
MERCEDES-BENZ INDIA PVT LTD,BENZ GL 350 CDI,MERCEDES
MERCEDES-BENZ INDIA PVT LTD,MERCEDES BENZ E220.CDI,MERCEDES
MERCEDES-BENZ INDIA PVT LTD,BENZ E220 CDI EURO 4,MERCEDES
MERCEDES-BENZ INDIA PVT LTD,MERCEDES BENZ E 270 CDI,MERCEDES
MERCEDES-BENZ INDIA PVT LTD,MERCEDESBENZ GL 350 CDI,MERCEDES
MERCEDES-BENZ INDIA PVT LTD,BENZ 300 SEL,MERCEDES
MERCEDES-BENZ INDIA PVT LTD,BENZ E 220 CDI,MERCEDES
MERCEDES-BENZ INDIA PVT LTD,BENZ S320 CDIL,MERCEDES
MERCEDES-BENZ INDIA PVT LTD,BENZ GLA 200 D EURO IV,MERCEDES
MERCEDES-BENZ INDIA PVT LTD,"MER-BENZ W212 E250CDI, BS-IV",MERCEDES
MERCEDES-BENZ INDIA PVT LTD,C 200 BS4,MERCEDES
MERCEDES-BENZ INDIA PVT LTD,W212 E350 CDI WITHATBS3 DIESEL,MERCEDES
MERCEDES-BENZ INDIA PVT LTD,BENZ GLE 250 CDI,MERCEDES
MERCEDES-BENZ INDIA PVT LTD,MERCEDES BENZ C 200 BE AT,MERCEDES
MERCEDES-BENZ INDIA PVT LTD,MERCEDEZBENZ ML250CDIBSIV,MERCEDES
MERCEDES-BENZ INDIA PVT LTD,BENZ E 350 CDI,MERCEDES
DAIMLER CHRYSLER INDIA P LTD,W203 C220 CDI WITH MANUAL TR.,MERCEDES
MERCEDES-BENZ INDIA PVT LTD,MERCEDES BENZ C-200 CGI,MERCEDES
MERCEDES-BENZ INDIA PVT LTD,A 180 BS IV,MERCEDES
MERCEDES -BENZ AG,G 400 D,MERCEDES
MERCEDES-BENZ INDIA PVT LTD,MERCEDES AMG GLE 43 4MATIC ,MERCEDES
MERCEDES-BENZ INDIA PVT LTD,E220D BS IV,MERCEDES
MERC BENZ,MECEDES BENZ E220 CDI,MERCEDES
MERCEDES-BENZ INDIA PVT LTD,GLC 220 d 4MATIC BS IV,MERCEDES
MERCEDES-BENZ INDIA PVT LTD,MERCEDES BANZ C230,MERCEDES
MERCEDES-BENZ INDIA PVT LTD,BENZ CLA 200 CDI,MERCEDES
MERCEDES-BENZ INDIA PVT LTD,MERCEDES BENZ C200 BE,MERCEDES
MERCEDES-BENZ INDIA PVT LTD,C 250 CDI  AVANTGARDE,MERCEDES
MERCEDES-BENZ INDIA PVT LTD,W204 C250 CDI ,MERCEDES
MERCEDES-BENZ INDIA PVT LTD,W211 E220 CDI WITH AT BSIII,MERCEDES
MERCEDES-BENZ INDIA PVT LTD,AMG GLE 53 4MATIC COUPE BSVI,MERCEDES
MERCEDES-BENZ INDIA PVT LTD,W204 C200 KOMPRESSOR MT BSIII,MERCEDES
MERCEDES-BENZ INDIA PVT LTD,M BENZ GL 350 CDI,MERCEDES
MERCEDES-BENZ INDIA PVT LTD,MERC BENZ E200 CGI,MERCEDES
MERCEDES-BENZ INDIA PVT LTD,M BENZ GLC220D 4M AUTO,MERCEDES
MERCEDES-BENZ INDIA PVT LTD,MERCEDES BENZ GLS 350,MERCEDES
MERCEDES-BENZ INDIA PVT LTD,S350 CDI L,MERCEDES
MERCEDES-BENZ INDIA PVT LTD,MERCEDEZ BENZ A 180CDI,MERCEDES
MERCEDES-BENZ INDIA PVT LTD,MERCEDES - BENZ,MERCEDES
MERCEDES-BENZ INDIA PVT LTD,G4 E 250 CDICKD,MERCEDES
MERCEDES-BENZ INDIA PVT LTD,B180 SPORTS TOURER,MERCEDES
MERCEDES-BENZ INDIA PVT LTD,MERCEDES BENZ CLA200D,MERCEDES
MERCEDES-BENZ INDIA PVT LTD,MERCEDES-BENZ S 350 CDI,MERCEDES
MERCEDES-BENZ INDIA PVT LTD,MERCEDES BENZ C200K,MERCEDES
"MERCEDES-BENZ INDIA PVT., LTD.",GLC 300 4MATIC BSIV,MERCEDES
MERCEDES-BENZ INDIA PVT LTD,GLE 250 D 4 MATIC,MERCEDES
MERCEDES-BENZ INDIA PVT LTD,BENZ  E-250 CDI,MERCEDES
DAIMLER CHRYSLER INDIA P LTD,MERCEDESBENZ-V221-S320CDI L (WAT)-BSIII,MERCEDES
MERCEDES-BENZ INDIA PVT LTD,E250 CDI FL ,MERCEDES
MERCEDES-BENZ INDIA PVT LTD,MERCEDES BANZ E220,MERCEDES
MERCEDES-BENZ INDIA PVT LTD,BENZ W212 E250 CDI EURO IV,MERCEDES
MERCEDES-BENZ INDIA PVT LTD,BENZ E 250 CDI 7SPEED AT,MERCEDES
MERCEDES-BENZ INDIA PVT LTD,C 200. BSIV,MERCEDES
MERCEDES-BENZ INDIA PVT LTD,MERCEDES BENZ C 200 CDI,MERCEDES
MERCEDES-BENZ INDIA PVT LTD,GLE 400 D 4MATIC LWB,MERCEDES
MERCEDES-BENZ INDIA PVT LTD,MERCEDES BENZ C-180,MERCEDES
MERCEDES-BENZ INDIA PVT LTD,MERCEDES BENZ GLC 220D 4M BS,MERCEDES
MERCEDES-BENZ INDIA PVT LTD,PASS CAR MERCEDES BENZ,MERCEDES
MERCEDES-BENZ INDIA PVT LTD,MERCEDES BENZ E200 CGI,MERCEDES
MERCEDES-BENZ INDIA PVT LTD,MERCEDES BENZ  C200,MERCEDES
MERCEDES-BENZ INDIA PVT LTD,MERCEDES BENZ E 280 CDI,MERCEDES
MERCEDES-BENZ INDIA PVT LTD,MERCEDES BENZ E-250 CDI,MERCEDES
MERCEDES-BENZ INDIA PVT LTD,M BENZ GLA 200 CDI BS IV,MERCEDES
MERCEDES-BENZ INDIA PVT LTD,C220 D BSIV,MERCEDES
MERCEDES-BENZ INDIA PVT LTD,M BENZ ML 350 CDI,MERCEDES
MERCEDES-BENZ INDIA PVT LTD,MERCEDEZ BENZ E 250,MERCEDES
MERCEDES-BENZ INDIA PVT LTD,"MERCEDES-BENZ INDIA PVT LTD, NA",MERCEDES
MERCEDES-BENZ INDIA PVT LTD,MERCEDES-MAYBACH S 580 4MATIC,MERCEDES
MERCEDES-BENZ INDIA PVT LTD,S-CLASS-S 500L,MERCEDES
MERCEDES-BENZ INDIA PVT LTD,GLA 200 CDI SUV RHD BSIII,MERCEDES
MERCEDES-BENZ INDIA PVT LTD,MERCEDES BENZ 180 {IMP},MERCEDES
MERCEDES-BENZ INDIA PVT LTD,MERCEDES BENZ GLE 350D 4MATIC,MERCEDES
MERCEDES-BENZ INDIA PVT LTD,MERCEDEZ BENZ E 350,MERCEDES
MERCEDES-BENZ INDIA PVT LTD,C 220D BS4,MERCEDES
MERCEDES-BENZ INDIA PVT LTD,BENZ GL350CDIL,MERCEDES
MERCEDES-BENZ INDIA PVT LTD,MERCEDS BENZ CLA 200,MERCEDES
MERCEDES-BENZ INDIA PVT LTD,BENZ S 350 CDIL BSIV,MERCEDES
MERCEDES-BENZ INDIA PVT LTD,E 200,MERCEDES
MERCEDES-BENZ INDIA PVT LTD,MERCEDES BENZ CLA 200 CDI BSIV,MERCEDES
MERCEDES-BENZ INDIA PVT LTD,GLE 250D  4MATIC,MERCEDES
MERCEDES-BENZ INDIA PVT LTD,BOLERO SLX MDI 2WD,MERCEDES
MERCEDES-BENZ INDIA PVT LTD,ML 250 CDI,MERCEDES
MERCEDES-BENZ INDIA PVT LTD,BENZ GLS 400 4MATIC BS IV,MERCEDES
MERCEDES-BENZ INDIA PVT LTD,MERCEDES BENZ E 200 ,MERCEDES
MERCEDES-BENZ INDIA PVT LTD,MERCEDES BENZ S 350L,MERCEDES
MERCEDES-BENZ INDIA PVT LTD,GLA200d,MERCEDES
MERCEDES-BENZ INDIA PVT LTD,E250CDI,MERCEDES
MERCEDES-BENZ INDIA PVT LTD,W212 E250 AT SEAT4 BSIV,MERCEDES
MERCEDES-BENZ INDIA PVT LTD,GLE 350D 4MATIC BS4,MERCEDES
DAIMLER CHRYSLER INDIA PVT LTD,BHARATBENZ 914 4X2 3760 WB BSI,MERCEDES
MERCEDES-BENZ INDIA PVT LTD,BENZ E350 CDI,MERCEDES
MERCEDES-BENZ INDIA PVT LTD,ML 350 CDI,MERCEDES
MERCEDES-BENZ INDIA PVT LTD,MERCEDES BENZ GLS350D BS4,MERCEDES
MERCEDES-BENZ INDIA PVT LTD,GLC 220D 4MATIC BS IV,MERCEDES
MERCEDES-BENZ INDIA PVT LTD.,W212 E250 CDI WITH AUTOMATIC T,MERCEDES
MERCEDES-BENZ INDIA PVT LTD,S 560 MAYBACH SKD,MERCEDES
MERCEDES-BENZ INDIA PVT LTD,GLC300 4MATIC,MERCEDES
MERCEDES-BENZ INDIA PVT LTD,ML-250 CDI,MERCEDES
MERCEDES-BENZ INDIA PVT LTD,MERCEDES BENZ E 350 CDI,MERCEDES
MERCEDES-BENZ INDIA PVT LTD,M BENZ GLS350 D 4MATIC EIV 7SA,MERCEDES
MERCEDES-BENZ INDIA PVT LTD,M BENZ GL 350 CDI BS IV,MERCEDES
MERCEDES-BENZ INDIA PVT LTD,GLE 250 D 4MATIC BS IV,MERCEDES
MERCEDES-BENZ INDIA PVT LTD,E 250 CDI AT,MERCEDES
MERCEDES-BENZ INDIA PVT LTD,MERCEDES BENZ C 230 PETROL,MERCEDES
MERCEDES-BENZ INDIA PVT LTD,B200CDI SPORT,MERCEDES
MERCEDES-BENZ INDIA PVT LTD,LODGY DCI RXZ,MERCEDES
MERCEDES-BENZ INDIA PVT LTD,MERCEDES BENZ 250 CDI,MERCEDES
MERCEDES-BENZ INDIA PVT LTD,W212 E220 CDI AT BSIV,MERCEDES
MERCEDES-BENZ INDIA PVT LTD,S 500 L BLUE EFFICIENCY,MERCEDES
MERCEDES-BENZ INDIA PVT LTD,RENAULT PULSE RxL dCi BSIV,MERCEDES
MERCEDES-BENZ INDIA PVT LTD,W164 ML 350 CDI WITH AT BS IV,MERCEDES
MERCEDES-BENZ INDIA PVT LTD,"MERCEDES-BENZ INDIA PVT LTD, E 220 D",MERCEDES
MERCEDES-BENZ INDIA PVT LTD,0500 RSD 2436,MERCEDES
MERCEDES-BENZ INDIA PVT LTD,MER BENZ E220 CDI SEDAN BSIVAT,MERCEDES
MERCEDES-BENZ INDIA PVT LTD,M BENZ CLS 350 CDI,MERCEDES
MERCEDES-BENZ INDIA PVT LTD,GLE 350 D  4 MATIC,MERCEDES
MERCEDES-BENZ INDIA PVT LTD,BENZ GL350 CDI AT,MERCEDES
MERCEDES-BENZ INDIA PVT LTD,MERCEDEZ BENZ ML 250 CDI ,MERCEDES
MERCEDES-BENZ INDIA PVT LTD,C 200 BE AVANT ,MERCEDES
MERCEDES-BENZ INDIA PVT LTD,RENAULT PULSE RxZ dCi BS IV,MERCEDES
MERCEDES-BENZ INDIA PVT LTD,CLA200 D,MERCEDES
MERCEDES-BENZ INDIA PVT LTD,CLA200D BSIV,MERCEDES
MERCEDES-BENZ INDIA PVT LTD,V221 S350CDI L WITH A.T,MERCEDES
MERCEDES-BENZ INDIA PVT LTD,GLE 350 D 4MATIC,MERCEDES
"MERCEDES-BENZ INDIA PVT., LTD.",MERCEDES AMG GLC43 4MATIC COUPE BSIV,MERCEDES
MERCEDES-BENZ INDIA PVT LTD,MERCEDEZ BENZ,MERCEDES
MERCEDES-BENZ INDIA PVT LTD.,GLA45 AMG 4MATIC BSIV,MERCEDES
MERCEDES-BENZ INDIA PVT LTD,GLA 200CDI,MERCEDES
MERCEDES-BENZ INDIA PVT LTD,W204C250 CDI BE BS IV,MERCEDES
MERCEDES-BENZ INDIA PVT LTD,BENZ S350L,MERCEDES
MERCEDES-BENZ INDIA PVT LTD,M BENZ GLA 45 AMG,MERCEDES
MERCEDES-BENZ INDIA PVT LTD,GLA 220 D 4MATIC,MERCEDES
MERCEDES-BENZ INDIA PVT LTD,MERCEDES BENZ CLA 200D,MERCEDES
MERCEDES-BENZ INDIA PVT LTD,GLS 350 D,MERCEDES
MERCEDES-BENZ INDIA PVT LTD,BENZ E250 CDI,MERCEDES
MERCEDES-BENZ INDIA PVT LTD,MER BENZ C250CDI BS IV,MERCEDES
MERCEDES-BENZ INDIA PVT LTD,BENZ CLA 200 D,MERCEDES
MERCEDES BENZ INDIA LIMITED,MERCEDES BENZ C220 CDI,MERCEDES
MERCEDES-BENZ INDIA PVT LTD,C220 d WITH BLACK SUN ROOF BS,MERCEDES
MERCEDES-BENZ INDIA PVT LTD,MERCEDEZ BENZ E350,MERCEDES
MERCEDES-BENZ INDIA PVT LTD,GLE 350 D,MERCEDES
MERCEDES-BENZ INDIA PVT LTD,M BENZ GLC 220 D,MERCEDES
MERCEDES-BENZ INDIA PVT LTD,S 350 D W/V222 CKD,MERCEDES
MERCEDES-BENZ INDIA PVT LTD,GLA200 D,MERCEDES
MERCEDES-BENZ INDIA PVT LTD,W204 C250,MERCEDES
MERCEDES-BENZ INDIA PVT LTD,E 200 CGI,MERCEDES
MERCEDES-BENZ INDIA PVT LTD,M BENZ E 220 CDI ,MERCEDES
MERCEDES-BENZ INDIA PVT LTD,"E250CDI AT,BSIV",MERCEDES
MERCEDES-BENZ INDIA PVT LTD,MERCEDES BENZ S 400 L BSIV,MERCEDES
MERCEDES-BENZ INDIA PVT LTD,CLA200,MERCEDES
MERCEDES-BENZ INDIA PVT LTD,BENZ C200 BE,MERCEDES
MERCEDES-BENZ INDIA PVT LTD,MERCEDES BENZ GLS 350 D 4MATIC,MERCEDES
MERCEDES-BENZ INDIA PVT LTD,MERCEDES BENZ C 200K,MERCEDES
MERCEDES-BENZ INDIA PVT LTD,MERCEDES-BENZ GL 350 CDI,MERCEDES
MERCEDES-BENZ INDIA PVT LTD,BENZ S 350 CDIL FL,MERCEDES
MERCEDES-BENZ INDIA PVT LTD,MERCEDES BENZ C 250 CDI BE,MERCEDES
MERCEDES-BENZ INDIA PVT LTD,MERCEDES BENZ ,MERCEDES
MERCEDES-BENZ INDIA PVT LTD,MERCEDES BENZ E 350 CD,MERCEDES
MERCEDES-BENZ INDIA PVT LTD,MERCEDES BENZ C250 CDI BS IV,MERCEDES
DAIMLER CHRYSLER INDIA PVT LTD,Not Available,MERCEDES
MERCEDES-BENZ INDIA PVT LTD,C220d,MERCEDES
MERCEDES-BENZ INDIA PVT LTD,BENZ GL350 CDIL,MERCEDES
MERCEDES-BENZ INDIA PVT LTD,15,MERCEDES
MERCEDES-BENZ INDIA PVT LTD,AANN0334-000,MERCEDES
MERCEDES-BENZ INDIA PVT LTD,MERCEDES GLE 350 D,MERCEDES
MERCEDES-BENZ INDIA PVT LTD,MERCEDES BENZ PASS. CAR,MERCEDES
DAIMLER AG STUTTGART,GL 350 CDI AT 4MATIC,MERCEDES
MERCEDES-BENZ INDIA PVT LTD,S 350 CDIL,MERCEDES
MERCEDES-BENZ INDIA PVT LTD,BENZ C 200 K EIII,MERCEDES
Mercedes-Benz India Pvt Ltd,GLA200 D,MERCEDES
MERCEDES-BENZ INDIA PVT LTD,BENZ V 220DE,MERCEDES
MERCEDES-BENZ INDIA PVT LTD,M BENZ C 250 CDI 051825,MERCEDES
MERCEDES-BENZ INDIA PVT LTD,MERCEDES BENZ A 180 CDI,MERCEDES
MERCEDES-BENZ INDIA PVT LTD,M BENZ C220 D,MERCEDES
DAIMLER CHRYSLER INDIA PVT LTD,BHARATH BENZ 1214r 4X2 3760 WB,MERCEDES
MERCEDES-BENZ INDIA PVT LTD,MERCEDES BENZ S 500,MERCEDES
MERCEDES -BENZ AG,GLB 220 D,MERCEDES
MERCEDES-BENZ INDIA PVT LTD,MERCEDES BENZ A 180 BS IV,MERCEDES
MERCEDES-BENZ INDIA PVT LTD,MERC BENZ GL 350 CDI 4MATIC,MERCEDES
MERCEDES-BENZ INDIA PVT LTD,BENZ GLS 350D 4 MATIC,MERCEDES
MERCEDES-BENZ INDIA PVT LTD,14,MERCEDES
DAIMLER CHRYSLER INDIA P LTD,W164-ML320 CDI WITHAUTOMATICTR,MERCEDES
MERCEDES-BENZ INDIA PVT LTD,A180 CDI,MERCEDES
MERCEDES-BENZ INDIA PVT LTD,MARCEDES BENZ,MERCEDES
MERCEDES-BENZ INDIA PVT LTD,GLE 450 4MATIC LWB,MERCEDES
MERCEDES-BENZ INDIA PVT LTD,OTHERS,MERCEDES
MERCEDES-BENZ INDIA PVT LTD,M BENZ E CLASS  E350 CDI,MERCEDES
MERCEDES-BENZ INDIA PVT LTD,E220 CDI,MERCEDES
MERCEDES-BENZ INDIA PVT LTD,M BENZ E 200 CGI EURO IV,MERCEDES
MERCEDES-BENZ INDIA PVT LTD,S 350 CDIL  **,MERCEDES
MERCEDEZ BENZ - IMPORTED,G63 AMG WITH AT BSIV,MERCEDES
MERCEDES-BENZ INDIA PVT LTD,MERCEDES BENZ 250 D,MERCEDES
MERCEDES-BENZ INDIA PVT LTD,GL 350 CDI 4MATIC WBE BSIV,MERCEDES
MERCEDES-BENZ INDIA PVT LTD,GLS400 4MATIC,MERCEDES
MERCEDES-BENZ INDIA PVT LTD,ML250 CDI 4 MATIC,MERCEDES
MERCEDES-BENZ INDIA PVT LTD,E 250 CDI W212 AT,MERCEDES
MERCEDES-BENZ INDIA PVT LTD,GLS 400 D 4MATIC,MERCEDES
MERCEDES-BENZ INDIA PVT LTD,BENZ E220D EURO IV,MERCEDES
MERCEDES-BENZ INDIA PVT LTD,GLA 200 SPORT UV RHD,MERCEDES
MERCEDES-BENZ INDIA PVT LTD,MERCEDES-AMG A35 4M LIMOUSINE,MERCEDES
DAIMLER CHRYSLER INDIA P LTD,W211-E280 CDI WITH A T BSIII,MERCEDES
MERCEDES-BENZ INDIA PVT LTD,GLA200,MERCEDES
MERCEDES-BENZ INDIA PVT LTD,A180,MERCEDES
MERCEDES-BENZ INDIA PVT LTD,W204 C220 CDI BLUE EFFICIENCY,MERCEDES
MERCEDES-BENZ INDIA PVT LTD,E220D BSIV,MERCEDES
MERCEDES-BENZ INDIA PVT LTD,M BENZ S350 CDIL,MERCEDES
MERCEDES-BENZ INDIA PVT LTD.,A 200D LIMOUSINE BSVI,MERCEDES
MERCEDES-BENZ INDIA PVT LTD,M BENZ GLE250 D 4MATIC E IV 9,MERCEDES
MERCEDES-BENZ INDIA PVT LTD,MERCEDES BENZ E 200 BS IV,MERCEDES
MERCEDES-BENZ INDIA PVT LTD,W204 C250 ATBSIII,MERCEDES
MERCEDES-BENZ INDIA PVT LTD,MERCEDES BENZ C250CDI AG,MERCEDES
MERCEDES-BENZ INDIA PVT LTD,MERCEDES BENZC250,MERCEDES
MERCEDES-BENZ INDIA PVT LTD,MERCEDED BENZ E 350,MERCEDES
MERCEDES-BENZ INDIA PVT LTD,W 212 E250 CDI AT BSIV,MERCEDES
MERCEDES-BENZ INDIA PVT LTD,AALN0098 000,MERCEDES
MERCEDES-BENZ INDIA PVT LTD,M BENZ C 250 D,MERCEDES
MERCEDES-BENZ INDIA PVT LTD,MERCEDES BENZ GLA200D,MERCEDES
MERCEDES-BENZ INDIA PVT LTD,MERCEDS BENZ GLE 250 D 4MATIC,MERCEDES
MERCEDES-BENZ INDIA PVT LTD,BENZ GLA 200 CDI,MERCEDES
MERCEDES-BENZ INDIA PVT LTD,BENZ W212 E250CDI,MERCEDES
MERCEDES-BENZ INDIA PVT LTD,CKD W204 C220CDIBE,MERCEDES
MERCEDES-BENZ INDIA PVT LTD,BENZ E 220 D,MERCEDES
MERCEDES-BENZ INDIA PVT LTD,MERCEDES A 160,MERCEDES
MERCEDES-BENZ INDIA PVT LTD,MERCEDES BENZ S 500 BEL AT,MERCEDES
MERCEDES-BENZ INDIA PVT LTD,MERCEDES-AMG GLA 35 4MATIC,MERCEDES
MERCEDES-BENZ INDIA PVT LTD,MER BENZ GL 350CDIBE4MATIC,MERCEDES
MERCEDES-BENZ INDIA PVT LTD,GLA200D,MERCEDES
MERCEDES-BENZ INDIA PVT LTD,W 212 E250 CDI AUTOMATIC TRANS,MERCEDES
MERCEDES-BENZ INDIA PVT LTD,MERCEDES BENZ GL350 CDI,MERCEDES
MERCEDES-BENZ INDIA PVT LTD,GLE E-250D,MERCEDES
MERCEDES-BENZ INDIA PVT LTD,S350CDI L,MERCEDES
MERCEDES-BENZ INDIA PVT LTD,BENZ E-250 CDI,MERCEDES
MERCEDES-BENZ INDIA PVT LTD,M BENZ CLA 200CDI,MERCEDES
MERCEDES-BENZ INDIA PVT LTD,BENZ C 250,MERCEDES
MERCEDES-BENZ INDIA PVT LTD,32,MERCEDES
MERCEDES-BENZ INDIA PVT LTD,GLC 220D 4MATIC,MERCEDES
MERCEDES -BENZ AG,S CLASS S 320 CDI L,MERCEDES
MERCEDES-BENZ INDIA PVT LTD,ML.350,MERCEDES
MERCEDES-BENZ INDIA PVT LTD,C250 CDI WITH AUTO TRNS. BS IV,MERCEDES
MERCEDES-BENZ INDIA PVT LTD,MERCEDES BENZ GLA200 CDI,MERCEDES
MERCEDES-BENZ INDIA PVT LTD,C 200 CGI,MERCEDES
MERCEDES-BENZ INDIA PVT LTD,MERCEDES GLA200 CDI,MERCEDES
MERCEDES-BENZ INDIA PVT LTD,C 220D,MERCEDES
DAIMLER AG STUTTGART,ML350 CDI 4MATIC BLUE EFFICIEN,MERCEDES
MERCEDES-BENZ INDIA PVT LTD,BENZ S350CDIL FL,MERCEDES
MERCEDES-BENZ INDIA PVT LTD,MERCEDES BENZ GL350 CDI LX,MERCEDES
MERCEDES-BENZ INDIA PVT LTD,MERCEDEZ BENZ GLA200CDI,MERCEDES
MERCEDES-BENZ INDIA PVT LTD,M BENZ E 250 CDI,MERCEDES
MERCEDES-BENZ INDIA PVT LTD,M BENZ S 350 DL EURO IV 7S,MERCEDES
MERCEDES-BENZ INDIA PVT LTD,"MERCEDES-BENZ INDIA PVT LTD, W 210-E250 (AUTOMATIC)CAR",MERCEDES
MERCEDES-BENZ INDIA PVT LTD,"MERCEDES-BENZ INDIA PVT LTD, MERCEDES BENZ C200K",MERCEDES
MERCEDES-BENZ INDIA PVT LTD,M-BENZ GLA 200,MERCEDES
MERCEDES-BENZ INDIA PVT LTD,M-BENZ-C-220-D-027527 (BS4),MERCEDES
MERCEDES-BENZ INDIA PVT LTD,MERCEDES BENZ GLC 220 D,MERCEDES
MERCEDES-BENZ INDIA PVT LTD,MERCEDES BENZ  S 350 CDI,MERCEDES
MERCEDES-BENZ INDIA PVT LTD,MER BENZ E 200 CGI WITH AT BIV,MERCEDES
MERCEDES-BENZ INDIA PVT LTD,BENZ C-220 CDI,MERCEDES
MERCEDES-BENZ INDIA PVT LTD,GL350CDI AT ,MERCEDES
MERCEDES-BENZ INDIA PVT LTD.,W 212 E250 CDI AUTOMATIC TRANS,MERCEDES
MERCEDES-BENZ INDIA PVT LTD,MERCEDES BENZ GLS 200CDI,MERCEDES
MERCEDES-BENZ INDIA PVT LTD,MERCEDES-AMG GLC 43 4M COUPE,MERCEDES
MERCEDES-BENZ INDIA PVT LTD.,GLA200 CDI SPORT UTILITY VEHIC,MERCEDES
MERCEDES-BENZ INDIA PVT LTD,M.BENZ GL350CDI 7SAT          ,MERCEDES
MERCEDES-BENZ INDIA PVT LTD,M BENZ C 220D,MERCEDES
MERCEDES-BENZ INDIA PVT LTD,E200 AVALWB,MERCEDES
MERCEDES-BENZ INDIA PVT LTD,S 350 CDI L,MERCEDES
MERCEDES-BENZ INDIA PVT LTD.,W212 E350 CDI WITH AT BSIVM,MERCEDES
MERCEDES-BENZ INDIA PVT LTD,MERCEDES BENZ 200AUTO,MERCEDES
MERCEDES-BENZ INDIA PVT LTD,MERCEDES BENZ G63AMG,MERCEDES
MERCEDES-BENZ INDIA PVT LTD,E 200 Blue Efficiency AT,MERCEDES
MERCEDES-BENZ INDIA PVT LTD,BENZ R 350,MERCEDES
MERCEDES-BENZ INDIA PVT LTD,BENZ E270 CDI,MERCEDES
MERCEDES-BENZ INDIA PVT LTD,"MERCEDES-BENZ INDIA PVT LTD, GLA200 CDI BSIV",MERCEDES
MERCEDES-BENZ INDIA PVT LTD,M.BENZ GL350CDI 7SAT,MERCEDES
DAIMLER CHRYSLER INDIA P LTD,W211-E270 CDI WITH A.T,MERCEDES
MERCEDES-BENZ INDIA PVT LTD,MERBNZ  C 220 CDI BE AUTOMATIC,MERCEDES
MERCEDES-BENZ INDIA PVT LTD,MERCEDES BENZ C220CDI,MERCEDES
MERCEDES-BENZ INDIA PVT LTD,C 300 D BS IV,MERCEDES
MERCEDES-BENZ INDIA PVT LTD,MERCEDES-BENZ E 200CGI,MERCEDES
MERCEDES-BENZ INDIA PVT LTD,W212 E250CDI,MERCEDES
DAIMLER CHRYSLER INDIA P LTD,W204 C220 CDI WITH MANUAL TRAN,MERCEDES
MERCEDES-BENZ INDIA PVT LTD,GL350 CDI 4MATIC WITH BLUE EFF,MERCEDES
MERCEDES -BENZ AG,MERCEDES-AMG GLE 63S 4M+ COUPE,MERCEDES
MERCEDES -BENZ AG,MERCEDEZ BENZ 300D,MERCEDES
MERCEDES-BENZ INDIA PVT LTD,W164 ML 350 CDI (IMPORTED),MERCEDES
MERCEDES-BENZ INDIA PVT LTD,SWIFT DZIRE VXI,MERCEDES
MERCEDES-BENZ INDIA PVT LTD,GLC 220 D,MERCEDES
MERCEDES-BENZ INDIA PVT LTD,MERCEDES BENZ B 180 CDI,MERCEDES
MERCEDES-BENZ INDIA PVT LTD,A 180 CDI RHD BSIV,MERCEDES
MERCEDES-BENZ INDIA PVT LTD,W 204 C 220,MERCEDES
MERCEDES-BENZ INDIA PVT LTD,W204 C200 BLUE EFFI. WITH A T,MERCEDES
MERCEDES-BENZ INDIA PVT LTD,CLA 200 CDI BS4,MERCEDES
MERCEDES-BENZ INDIA PVT LTD.,GLS400D 4MATIC BSVI,MERCEDES
MERC BENZ,MERCEDEZ BENZ C 220 CDI,MERCEDES
MERCEDES-BENZ INDIA PVT LTD,W164 ML350CDI AT BSIV MUA,MERCEDES
DAIMLER CHRYSLER INDIA PVT LTD,BHARAT BENZ 914R 4X2 3760 WB B,MERCEDES
MERCEDES-BENZ INDIA PVT LTD,CKD W204 C250,MERCEDES
MERCEDES-BENZ INDIA PVT LTD,MERCEDES-BENZ C 200CGI BS4,MERCEDES
MERCEDES-BENZ INDIA PVT LTD,BENZ C 220CDI,MERCEDES
"MERCEDES-BENZ INDIA PVT., LTD.",GLS 600 4MATIC MAYBACH BSVI,MERCEDES
MERCEDES-BENZ INDIA PVT LTD,CKD W204 C200CGI,MERCEDES
MERCEDES-BENZ INDIA PVT LTD,MERCEDES W221 E200 CGI,MERCEDES
MERCEDES-BENZ INDIA PVT LTD,M BENZ B180 SPORTS T E4,MERCEDES
Daimler(i)commercial Veh P Ltd,Bharatbenz 1617rd-16 Bsvi-ph2,MERCEDES
MERCEDES-BENZ INDIA PVT LTD,A 200 CDI,MERCEDES
MERCEDES-BENZ INDIA PVT LTD,MERCEDES BENZ S 350 CDI,MERCEDES
MERCEDES-BENZ INDIA PVT LTD,C200 BE BS-IV,MERCEDES
MERCEDES-BENZ INDIA PVT LTD,MERCEDES BENZ GL,MERCEDES
MERCEDES-BENZ INDIA PVT LTD,MERCEDES-BENZ GLA220 D 4MATIC,MERCEDES
MERCEDES-BENZ INDIA PVT LTD,MERCEDES BENZ A 180CDI,MERCEDES
DAIMLER AG STUTTGART,B180 BSIV,MERCEDES
MERCEDES-BENZ INDIA PVT LTD,MERCEDES BENZ C-220 CDI,MERCEDES
MERCEDES-BENZ INDIA PVT LTD,C 220 CDI,MERCEDES
MERCEDES-BENZ INDIA PVT LTD,MERCEDES BENZ C200CGI,MERCEDES
MERCEDES-BENZ INDIA PVT LTD,MERCEDES BENZ CL350CDIBE,MERCEDES
MERCEDES-BENZ INDIA PVT LTD,MECEDES BENZ E220 CDI,MERCEDES
MERCEDES-BENZ INDIA PVT LTD,MERCEDES BENZ S500L,MERCEDES
MERCEDES-BENZ INDIA PVT LTD,C 220 d,MERCEDES
MERCEDES-BENZ INDIA PVT LTD,MERCEDES BENZ E280 CDI,MERCEDES
MERCEDES-BENZ INDIA PVT LTD,BENZ E-220,MERCEDES
MERCEDES-BENZ INDIA PVT LTD,W 204 C 220 CDI WITH AT BSIV,MERCEDES
MERCEDES-BENZ INDIA PVT LTD,MERCEDES BENZ S 350 CDIL,MERCEDES
MERCEDES-BENZ INDIA PVT LTD,MERCEDES-BENZ GLA 200 CDI,MERCEDES
MERCEDES-BENZ INDIA PVT LTD,MERCEDES BENZ CLA 200D BSIV,MERCEDES
DAIMLER AG STUTTGART,B180BLUE EFFICIENCY SPORTS TOURER RHD BSIV,MERCEDES
MERCEDES-BENZ INDIA PVT LTD,MERCEDE BENZ C220 D,MERCEDES
MERCEDES-BENZ INDIA PVT LTD,RENAULT FLUENCE LZBTOT,MERCEDES
MERCEDES-BENZ INDIA PVT LTD,M BENZ S 450 EURO 4  BS4,MERCEDES
MERCEDES-BENZ INDIA PVT LTD,MERCEDES BENZ GLA 200,MERCEDES
MERCEDES-BENZ INDIA PVT LTD,MERCEDES BENZ GL 350CDI,MERCEDES
DAIMLER CHRYSLER INDIA PVT LTD,BHARATBENZ 1214R,MERCEDES
MERCEDES-BENZ INDIA PVT LTD,GL 350 DI,MERCEDES
MERCEDES-BENZ INDIA PVT LTD,C 200,MERCEDES
MERCEDES-BENZ INDIA PVT LTD,W212 E200 CGI WITH AT,MERCEDES
MERCEDES-BENZ INDIA PVT LTD,M BENZ C 220 CDI BS4,MERCEDES
MERCEDES-BENZ INDIA PVT LTD,S 500 L 7SPEED AT,MERCEDES
MERCEDES-BENZ INDIA PVT LTD,MERCEDES BENZ ML350CDI AT,MERCEDES
MERCEDES-BENZ INDIA PVT LTD,W212 E250 CDI WITH AUTOMATIC T,MERCEDES
MERCEDES-BENZ INDIA PVT LTD,CLA CLASS 200D SPORTS 650 U,MERCEDES
MERCEDES-BENZ INDIA PVT LTD,C250 CDI BE AVANT MERCEBEN NM,MERCEDES
MERCEDES-BENZ INDIA PVT LTD,MERCEDES  BENZ  E 200 ,MERCEDES
MERCEDES-BENZ INDIA PVT LTD,BENZ,MERCEDES
"DAIMLER CHRYSLER AG, GERMANY",SLK 200 KOMPRESSOR AT BSIII,MERCEDES
MERCEDES-BENZ INDIA PVT LTD,MERCEDES BENZ GLC 220D 4MATIC,MERCEDES
MERCEDES-BENZ INDIA PVT LTD,BENZ S 300 L,MERCEDES
MERCEDES-BENZ INDIA PVT LTD,GLE 450 AMG 4MATIC,MERCEDES
MERCEDES-BENZ INDIA PVT LTD,BENZ S350 CDI L AT,MERCEDES
DAIMLER CHRYSLER INDIA PVT LTD,MERCEDES BENZ E220CDI-SEDAN,MERCEDES
MERCEDES-BENZ INDIA PVT LTD,C 250 CDI ELEGANCE,MERCEDES
MERCEDES-BENZ INDIA PVT LTD,MERCEDES BENZ BCISS B180 SPORT,MERCEDES
MERCEDES-BENZ INDIA PVT LTD,MERCEDES BENZ GLE 350D 4M BS,MERCEDES
MERCEDES-BENZ INDIA PVT LTD,MERCEDES BENZ ML 250 CDI CKD,MERCEDES
MERCEDES-BENZ INDIA PVT LTD,C200CGI,MERCEDES
MERCEDES-BENZ INDIA PVT LTD,MERCEDES BENZ GL 63 AMG,MERCEDES
MERCEDES-BENZ INDIA PVT LTD,S 350CDI,MERCEDES
MERCEDES-BENZ INDIA PVT LTD,CLA 200 CDI ,MERCEDES
MERCEDES-BENZ INDIA PVT LTD,GLA 200 CDI ,MERCEDES
MERCEDES-BENZ INDIA PVT LTD,ML 250 CDI 4 MATIC,MERCEDES
MERCEDES-BENZ INDIA PVT LTD,MERCEDEZ BENZ GL 350 CDI,MERCEDES
MERCEDES-BENZ INDIA PVT LTD,MERC BENZ C200 K,MERCEDES
MERCEDES-BENZ INDIA PVT LTD,W212 E350 CDI,MERCEDES
MERCEDES-BENZ INDIA PVT LTD,MERCEDES E 200,MERCEDES
MERCEDES-BENZ INDIA PVT LTD,GLE300D 4MATIC LWB BS6,MERCEDES
MERCEDES-BENZ INDIA PVT LTD,CKD W-212 E220CDI,MERCEDES
MERCEDES-BENZ INDIA PVT LTD,M BENZ B 180 CDI BS IV,MERCEDES
MERCEDES-BENZ INDIA PVT LTD,W204 C250 WITH AT BSIII,MERCEDES
MERCEDES-BENZ INDIA PVT LTD,E350D M1 BS6,MERCEDES
"MERCEDES-BENZ INDIA PVT., LTD.",CLA200D BSIV,MERCEDES
MERCEDES-BENZ INDIA PVT LTD,ML 350,MERCEDES
MERCEDES-BENZ INDIA PVT LTD,C220CDI,MERCEDES
MERCEDES-BENZ INDIA PVT LTD,M BENZ C200 BE EURO IV,MERCEDES
MERCEDES-BENZ INDIA PVT LTD,MERCEDES BENZ C200,MERCEDES
MERCEDES-BENZ INDIA PVT LTD,BENZ GLS 350 D BSIV,MERCEDES
MERCEDES-BENZ INDIA PVT LTD,MERCEDES BENZ W164 ML 350  AT,MERCEDES
MERCEDES-BENZ INDIA PVT LTD,RENAULT DUSTER RXZ,MERCEDES
MERCEDES-BENZ INDIA PVT LTD,MERCEDES BENZ E 220 CDI,MERCEDES
MERCEDES-BENZ INDIA PVT LTD,E 250,MERCEDES
MERCEDES-BENZ INDIA PVT LTD,W204 C250 CDI (AT) BS IV,MERCEDES
"MERCEDES-BENZ INDIA PVT., LTD.",GLE300 D 4MATIC LWB BSVI,MERCEDES
MERCEDES-BENZ INDIA PVT LTD,C200 CGI,MERCEDES
MERCEDES-BENZ INDIA PVT LTD,MERCEDES BENZ B 180,MERCEDES
MERCEDES-BENZ INDIA PVT LTD,C300 CABRIOLET BSVI BSVI,MERCEDES
MERCEDES-BENZ INDIA PVT LTD,MERCEDES BENZ E 200 BE PETROL,MERCEDES
DAIMLER CHRYSLER INDIA PVT LTD,MERCEDES BENZ 2523 C,MERCEDES
MERCEDES-BENZ INDIA PVT LTD,BENZ C220CDI.,MERCEDES
"MERCEDES-BENZ INDIA PVT., LTD.",GLS  450D 4MATIC BSVI-PH2,MERCEDES
MERCEDES-BENZ INDIA PVT LTD,M BENZ GL350 CDI BE4 MATIC E4,MERCEDES
MERCEDES-BENZ INDIA PVT LTD,MERCEDES BENZ CLA200,MERCEDES
MERCEDES-BENZ INDIA PVT LTD,W212 E 200 CGI,MERCEDES
MERCEDES-BENZ INDIA PVT LTD,MERCEDES BENZ C220 CDI,MERCEDES
MERCEDES-BENZ INDIA PVT LTD,W204 C250 CDI BLUE EFFI. A T,MERCEDES
MERCEDES-BENZ INDIA PVT LTD,C 200 K,MERCEDES
MERCEDES-BENZ INDIA PVT LTD,CKDW 204 C220CDIBE CLASSIC,MERCEDES
MERCEDES-BENZ INDIA PVT LTD,E350CDI,MERCEDES
MERCEDES-BENZ INDIA PVT LTD,MB E 250,MERCEDES
MERCEDES-BENZ INDIA PVT LTD,W204 C220 BLUE EFFICIENCY,MERCEDES
MERCEDES-BENZ INDIA PVT LTD,M BENZ  C 200 BE 051206,MERCEDES
MERCEDES-BENZ INDIA PVT LTD,GLA 220 D,MERCEDES
MERCEDES-BENZ INDIA PVT LTD,MERCEDES BENZ C200 CGI,MERCEDES
MERCEDES-BENZ INDIA PVT LTD,CKD W-204 C250,MERCEDES
DAIMLER AG STUTTGART,B180BLUE EFFICIENCY SPORTS TOU,MERCEDES
MERCEDES-BENZ INDIA PVT LTD,S 450 BSIV,MERCEDES
MERCEDES-BENZ INDIA PVT LTD,MERCEDES BENZ C200BE,MERCEDES
MERCEDES-BENZ INDIA PVT LTD,MERCEDES BENZ GL 350,MERCEDES
MERCEDES-BENZ INDIA PVT LTD,W204 C200 BLUE EFFI. WITH A/T,MERCEDES
MERCEDES-BENZ INDIA PVT LTD,W212 E200 CGI,MERCEDES
MERCEDES-BENZ INDIA PVT LTD,AMG GLE 43 4MATIC CO,MERCEDES
MERCEDES-BENZ INDIA PVT LTD,ML 250 CDI CKD,MERCEDES
MERCEDES-BENZ INDIA PVT LTD,W 211-E 280 CDI WITH AUTO. TRA,MERCEDES
MERCEDES-BENZ INDIA PVT LTD,MERCEDEZ BENZ C220CDI AT BSIV,MERCEDES
MERCEDES-BENZ INDIA PVT LTD,GLE 250D EURO IV SUV,MERCEDES
MERCEDES-BENZ INDIA PVT LTD,BENZ B180CDI,MERCEDES
MERCEDES-BENZ INDIA PVT LTD,W204 C250 CDI WITH AT BSIV,MERCEDES
MERCEDES-BENZ INDIA PVT LTD,C 250 CDI BLUEFFICIENCY,MERCEDES
MERCEDES-BENZ INDIA PVT LTD,C220CDI BLUE EFFICIENCY,MERCEDES
MERCEDES-BENZ INDIA PVT LTD,CKD W212 E350 CDI,MERCEDES
MERCEDES-BENZ INDIA PVT LTD,M BENZ E 350 CDI,MERCEDES
MERCEDES-BENZ INDIA PVT LTD,BENZ A 180 CDI,MERCEDES
MERCEDES-BENZ INDIA PVT LTD,A 180 CBU,MERCEDES
MERCEDES-BENZ INDIA PVT LTD,MERCEDEZ BENZ E-350,MERCEDES
MERCEDES-BENZ INDIA PVT LTD,MERCEDES-BENZ W-164,MERCEDES
MERCEDES-BENZ INDIA PVT LTD,MERCEDES BENZ 1.8,MERCEDES
MERCEDES-BENZ INDIA PVT LTD,MERCEDES BENZ W210 E220 SEDAN,MERCEDES
MERCEDES-BENZ INDIA PVT LTD,E 200CGI,MERCEDES
MERCEDES-BENZ INDIA PVT LTD,GLC220 d,MERCEDES
MERCEDES-BENZ INDIA PVT LTD.,E 350 D BSVI,MERCEDES
MERCEDES-BENZ INDIA PVT LTD,MERCEDES E280,MERCEDES
MERCEDES-BENZ INDIA PVT LTD,CKD W166 ML 250CDI ,MERCEDES
MERCEDES-BENZ INDIA PVT LTD,BENZ E 200 BSIV,MERCEDES
MERCEDES-BENZ INDIA PVT LTD.,S500L BSIV,MERCEDES
MERCEDES-BENZ INDIA PVT LTD,BENZ GLA200,MERCEDES
MERCEDES-BENZ INDIA PVT LTD,MERCEDES BENZ CLA 200 CDI,MERCEDES
MERCEDES-BENZ INDIA PVT LTD,M-BENZGLE-250-D BS IV,MERCEDES
MERCEDES-BENZ INDIA PVT LTD,MERCEDES BENZ C220 EURO IV,MERCEDES
MERCEDES-BENZ INDIA PVT LTD,MERCEDES-BENZ V 220,MERCEDES
MERCEDES-BENZ INDIA PVT LTD,ML250CDI 4MATIC BLUE EFFI,MERCEDES
MERCEDES-BENZ INDIA PVT LTD,MERCEDES BENZ 350 CDI,MERCEDES
MERCEDES-BENZ INDIA PVT LTD,MERCEDES  BENZ  E 200,MERCEDES
MERCEDES-BENZ INDIA PVT LTD,A180CDI,MERCEDES
MERCEDES-BENZ INDIA PVT LTD,MERCEDES BENZ GLE 350D,MERCEDES
MERCEDES-BENZ INDIA PVT LTD,MER BENZ E250 CDI,MERCEDES
"MERCEDES-BENZ INDIA PVT., LTD.",C 200 BSVI-PH2,MERCEDES
MERCEDES-BENZ INDIA PVT LTD,MERCEDES C220CDI,MERCEDES
MERCEDES-BENZ INDIA PVT LTD,GLC 300 4MATIC,MERCEDES
MERCEDES-BENZ INDIA PVT LTD,MERCEDES A 180,MERCEDES
MERCEDES-BENZ INDIA PVT LTD,S 350 D L,MERCEDES
MERCEDES-BENZ INDIA PVT LTD,RENAULT FLUENCE LZBB06,MERCEDES
MERCEDES-BENZ INDIA PVT LTD,GL 350 CD 1BE 4 MATIC WITH 7 S,MERCEDES
MERCEDES-BENZ INDIA PVT LTD,M BENZ S 350 D,MERCEDES
MERCEDES-BENZ INDIA PVT LTD,MERCEDES BENZ C 200 K PETROL,MERCEDES
MERCEDES-BENZ INDIA PVT LTD,GL350 CDI,MERCEDES
MERCEDES-BENZ INDIA PVT LTD,MERCEDES BENZ C 200 K,MERCEDES
MERCEDES-BENZ INDIA PVT LTD,SLK 350,MERCEDES
MERCEDES-BENZ INDIA PVT LTD,W212 E350 CDI WITH AT,MERCEDES
MERCEDES-BENZ INDIA PVT LTD,MERCEDES BENZ C 200,MERCEDES
MERCEDES-BENZ INDIA PVT LTD,MERCEDES BENZ C220D ,MERCEDES
MERCEDES-BENZ INDIA PVT LTD,GLA 220D 4MATIC,MERCEDES
MERCEDES-BENZ INDIA PVT LTD,GL 350 CDI CKD,MERCEDES
MERCEDES-BENZ INDIA PVT LTD,MERCEDES BENZ S320CDIL,MERCEDES
MERCEDES-BENZ INDIA PVT LTD,BENZ BUS 0500R/RF 1830 BSIII,MERCEDES
MERCEDES-BENZ INDIA PVT LTD,B 200 CDI,MERCEDES
MERCEDES-BENZ INDIA PVT LTD,R350,MERCEDES
MERCEDES-BENZ INDIA PVT LTD,MERCEDES BENZ C 220 D BS IV,MERCEDES
MERCEDES-BENZ INDIA PVT LTD,MERCEDES BENZ ML250DI,MERCEDES
MERCEDES-BENZ INDIA PVT LTD,C 220 CDI BLUE EFFICIENCY,MERCEDES
MERCEDES-BENZ INDIA PVT LTD,MERCEDES BENZ E220D,MERCEDES
MERCEDES-BENZ INDIA PVT LTD,BENZ GLC 220D,MERCEDES
MERCEDES-BENZ INDIA PVT LTD,MEERCEDES BENZ C220 CDI,MERCEDES
MERCEDES-BENZ INDIA PVT LTD,MERCEDES BENZ E-200 CGI,MERCEDES
MERCEDES-BENZ INDIA PVT LTD,MERCEDES BENZ E250,MERCEDES
MERCEDES-BENZ INDIA PVT LTD,CLA200 CDI,MERCEDES
MERCEDES-BENZ INDIA PVT LTD,GLE 250 D,MERCEDES
MERCEDES-BENZ INDIA PVT LTD.,W204 C250 CDI BLUE EFFICIENCY AT BSIV,MERCEDES
MERCEDES-BENZ INDIA PVT LTD,E350D,MERCEDES
MERCEDES-BENZ INDIA PVT LTD,M BENZ GLA 200 CDI 000323,MERCEDES
MERCEDES-BENZ INDIA PVT LTD,CLS 350,MERCEDES
MERCEDES-BENZ INDIA PVT LTD,MERCEDES BENZ S 320 CDIL,MERCEDES
MERCEDES-BENZ INDIA PVT LTD,W221 S350CDI L WITH AT BS IV,MERCEDES
MERCEDES-BENZ INDIA PVT LTD,A 200 LIMOUSINE,MERCEDES
MERCEDES-BENZ INDIA PVT LTD,MERCEDES BENZ GLE 250 D,MERCEDES
MERCEDES-BENZ INDIA PVT LTD,CLA 200 WITH BLACK ROOF BS IV,MERCEDES
MERCEDES-BENZ INDIA PVT LTD,MERCEDES BENZ E 250,MERCEDES
MERCEDES-BENZ INDIA PVT LTD,RENAULT DUSTER RXL BS IV,MERCEDES
MERCEDES-BENZ INDIA PVT LTD,"MERCEDES-BENZ INDIA PVT LTD, GLA 200",MERCEDES
MERCEDES-BENZ INDIA PVT LTD,BENZ S 320,MERCEDES
MERCEDES-BENZ INDIA PVT LTD.,W204 C200 CGI WITH AT BSIV,MERCEDES
MERCEDES-BENZ INDIA PVT LTD,W 204 C250 WITH AUTO TRANS,MERCEDES
MERCEDES-BENZ INDIA PVT LTD,E 220 CDI AT BSIV,MERCEDES
MERCEDES-BENZ INDIA PVT LTD,W204 C200 AT,MERCEDES
DAIMLER AG STUTTGART,E-63-AMG BSIV,MERCEDES
MERCEDES-BENZ INDIA PVT LTD,W204 C250 CDI AT,MERCEDES
MERCEDES-BENZ INDIA PVT LTD,GLS350D 4MATIC BSIV,MERCEDES
MERCEDES-BENZ INDIA PVT LTD,C220 d,MERCEDES
MERCEDES-BENZ INDIA PVT LTD,A200d,MERCEDES
MERCEDES-BENZ INDIA PVT LTD,W212 E350 CDI W AT,MERCEDES
MERCEDES-BENZ INDIA PVT LTD,MERCEDES  BENZ CLA 200 SPORT,MERCEDES
MERCEDES-BENZ INDIA PVT LTD,RENAULT KWID RXT BS IV,MERCEDES
MERCEDES-BENZ INDIA PVT LTD,W204 C200CGI WITH AT BS IV,MERCEDES
MERCEDES-BENZ INDIA PVT LTD,BENZ CLA 200,MERCEDES
MERCEDES-BENZ INDIA PVT LTD,W204 C200 CGI BS IV,MERCEDES
MERCEDES-BENZ INDIA PVT LTD,V221 S500L WITH A.T BSIV,MERCEDES
MERCEDES-BENZ INDIA PVT LTD,CKD W-204,MERCEDES
MERCEDES-BENZ INDIA PVT LTD,M BENZ C 200 CGI,MERCEDES
MERCEDES-BENZ INDIA PVT LTD,MERCEDESS BENZ GLS350D 4MATIC,MERCEDES
MERCEDES -BENZ AG,S 450 4MATIC,MERCEDES
MERCEDES-BENZ INDIA PVT LTD,BENZ E-250 CDI ELEGANCE,MERCEDES
MERCEDES-BENZ INDIA PVT LTD,S 350D,MERCEDES
MERCEDES-BENZ INDIA PVT LTD,GLC 300 4 MATIC,MERCEDES
MERCEDES-BENZ INDIA PVT LTD,BENZ E 350 D,MERCEDES
MERCEDES-BENZ INDIA PVT LTD,MERCEDES R 350,MERCEDES
MERCEDES-BENZ INDIA PVT LTD,BENZ E 250CDI,MERCEDES
MERCEDES-BENZ INDIA PVT LTD,M-BENZ GL350 CDI,MERCEDES
MERCEDES-BENZ INDIA PVT LTD,E 350 CDI BSIV,MERCEDES
MERCEDES-BENZ INDIA PVT LTD.,W212 E350 CDI WITH AT BSIV,MERCEDES
MERCEDES-BENZ INDIA PVT LTD,MERCEDES-BENZ C-250  CPI,MERCEDES
MERCEDES-BENZ INDIA PVT LTD,MERCEDES BENZ C220D,MERCEDES
DAIMLER AG STUTTGART,V220DL EXCLUSIVE 6SEATER BSVI,MERCEDES
MERCEDES-BENZ INDIA PVT LTD,CBU W-176 A200CDI,MERCEDES
MERCEDES-BENZ INDIA PVT LTD,MERCEDES BENZ GLS 350D,MERCEDES
MERCEDES-BENZ INDIA PVT LTD,MERCEDES BENZ E250CD,MERCEDES
MERCEDES-BENZ INDIA PVT LTD,BENZ S 350 CDI BSIV,MERCEDES
"MERCEDES-BENZ INDIA PVT., LTD.",GLC 220D 4MATIC BSVI-PH2,MERCEDES
MERCEDES-BENZ INDIA PVT LTD,MERCEDES BENZ S-500BEL,MERCEDES
MERCEDES-BENZ INDIA PVT LTD,W204 C200 BE,MERCEDES
MERCEDES-BENZ INDIA PVT LTD,GLA200 D BSIV,MERCEDES
MERCEDES-BENZ INDIA PVT LTD,E250 BS IV,MERCEDES
MERCEDES-BENZ INDIA PVT LTD,MERCEDES BENZ C180,MERCEDES
MERCEDES-BENZ INDIA PVT LTD,V 221 S 350,MERCEDES
MERCEDES-BENZ INDIA PVT LTD,BENZ ML250 CDI,MERCEDES
MERCEDES-BENZ INDIA PVT LTD,GLA 200 CDI,MERCEDES
MERCEDES-BENZ INDIA PVT LTD,MER BENZC220CDI,MERCEDES
MERCEDES-BENZ INDIA PVT LTD,EQC 400 4MATIC BSVI,MERCEDES
MERCEDES-BENZ INDIA PVT LTD,BENZ W212 E 250 CDI AT,MERCEDES
MERCEDES-BENZ INDIA PVT LTD,MERCEDES BENZ GLA200CDI,MERCEDES
MERCEDES-BENZ INDIA PVT LTD,MERCEDESBENZ E 250 CDI,MERCEDES
MERCEDES-BENZ INDIA PVT LTD,BENZ GL350 CDI BE,MERCEDES
MERCEDES-BENZ INDIA PVT LTD,"MERCEDES-BENZ INDIA PVT LTD, BENZ ML 250 CDI",MERCEDES
MERCEDES-BENZ INDIA PVT LTD,MERCEDES BENZ S 300 L,MERCEDES
MERCEDES-BENZ INDIA PVT LTD,Not Available,MERCEDES
MERCEDES-BENZ INDIA PVT LTD,CLA 200 CDI BS IV,MERCEDES
MERCEDES-BENZ INDIA PVT LTD,BENZ E 220 D BS IV,MERCEDES
MERCEDES-BENZ INDIA PVT LTD,W212 E200 CGI WITH AUTO TRANS,MERCEDES
MERCEDES-BENZ INDIA PVT LTD,"MERCEDES-BENZ INDIA PVT LTD, GLA 220 D",MERCEDES
MERCEDES-BENZ INDIA PVT LTD,MECREDES BENZ C220 CDI,MERCEDES
MERCEDES-BENZ INDIA PVT LTD,MERCEDES BENZ E 200 BSIV,MERCEDES
MERCEDES -BENZ AG,MERCEDES-AMG GLA 35 4MATIC,MERCEDES
MERCEDES-BENZ INDIA PVT LTD,MERCEDES BENZ E-220 CDI,MERCEDES
MERCEDES-BENZ INDIA PVT LTD,W204 C 250 WITH AT,MERCEDES
MERCEDES-BENZ INDIA PVT LTD,ML250 CDI 4MATIC BLUE EFFICIEN,MERCEDES
MERCEDES-BENZ INDIA PVT LTD,ML250 CDI 4 MATIC BSIV,MERCEDES
DAIMLER CHRYSLER INDIA PVT LTD,DAIMLER BHARATBENZ 2523C 6X4 4,MERCEDES
MERCEDES-BENZ INDIA PVT LTD,B 200 D SPORTS FACELIFT,MERCEDES
MERCEDES-BENZ INDIA PVT LTD,ML 250 CDI 4MATIC WITH BLUE,MERCEDES
MERCEDES-BENZ INDIA PVT LTD,S-350 CDIL,MERCEDES
MERCEDES-BENZ INDIA PVT LTD,BENZ A180,MERCEDES
"MERCEDES-BENZ INDIA PVT., LTD.",W204 C220 CDI BLUE EFFICIENCY AT BSIV,MERCEDES
MERCEDES-BENZ INDIA PVT LTD,MERCEDES BENZ S350 CDIL FL,MERCEDES
MERCEDES-BENZ INDIA PVT LTD,MERCEDES E220 CDI,MERCEDES
MERCEDES-BENZ INDIA PVT LTD,AAMN0143-001,MERCEDES
MERCEDES-BENZ INDIA PVT LTD,MERCEDES BENZ GLA 200 CDI,MERCEDES
MERCEDES-BENZ INDIA PVT LTD.,GLE 350 D 4MATIC BSIV,MERCEDES
MERCEDES-BENZ INDIA PVT LTD,BENZ C200CGI,MERCEDES
MERCEDES-BENZ INDIA PVT LTD,W212E350 CDI AT,MERCEDES
MERCEDES-BENZ INDIA PVT LTD,MERCEDES BENZ B180,MERCEDES
MERCEDES-BENZ INDIA PVT LTD,MERTCEDES BENZ C 200 BE,MERCEDES
MERCEDES-BENZ INDIA PVT LTD,MERCEDES BENZ GLA200D SPORTS,MERCEDES
MERCEDES-BENZ INDIA PVT LTD,GLS350 d 4MATIC EURO IV WITH 9,MERCEDES
MERCEDES-BENZ INDIA PVT LTD,GLE 250 D BSIV,MERCEDES
MERCEDES-BENZ INDIA PVT LTD,MERCEDES BENZ  S 350,MERCEDES
MERCEDES-BENZ INDIA PVT LTD,B 180 CDI,MERCEDES
MERCEDES-BENZ INDIA PVT LTD,E220D - BSIV,MERCEDES
MERCEDES-BENZ INDIA PVT LTD,MERCEDES BENZ ML-250 CDI,MERCEDES
MERCEDES-BENZ INDIA PVT LTD,BENZ S650,MERCEDES
MERCEDES-BENZ INDIA PVT LTD,MERCEDESS BENZ S350D L,MERCEDES
MERCEDES-BENZ INDIA PVT LTD,MERCEDES BENZ E350,MERCEDES
MERCEDES-BENZ INDIA PVT LTD,GLA200CDI,MERCEDES
MERCEDES-BENZ INDIA PVT LTD,MERCEDES BENZ B200,MERCEDES
MERCEDES-BENZ INDIA PVT LTD,M BENZ GLS 350D BS4,MERCEDES
MERCEDES-BENZ INDIA PVT LTD,M BENZ E 220 CDI,MERCEDES
MERCEDES-BENZ INDIA PVT LTD,MERCEDES BENZ S 350 CDI ,MERCEDES
MERCEDES-BENZ INDIA PVT LTD,MERCEDES-MAYBACH S 560 BSVI,MERCEDES
MERCEDES-BENZ INDIA PVT LTD,W164 ML350CDI AT BS IV,MERCEDES
MERCEDES-BENZ INDIA PVT LTD,BENZ S 350 L,MERCEDES
MERCEDES-BENZ INDIA PVT LTD,MERCEDES BENZ C220CDIBE,MERCEDES
MERCEDES-BENZ INDIA PVT LTD,26,MERCEDES
MERCEDES-BENZ INDIA PVT LTD.,A200 CDI RHD BSIV,MERCEDES
MERCEDES-BENZ INDIA PVT LTD,M BENZ CLA 200,MERCEDES
MERCEDES-BENZ INDIA PVT LTD,MERCEDES BENZ ML 350 CDI,MERCEDES
MERCEDES-BENZ INDIA PVT LTD,MRCE BENZ C200 BSIII,MERCEDES
MERCEDES-BENZ INDIA PVT LTD,M-BENZ C200,MERCEDES
MERCEDES-BENZ INDIA PVT LTD,MERCEDES BENZ B180 CDI,MERCEDES
MERCEDES-BENZ INDIA PVT LTD,M BENZ A180 EURO IV TM 7G,MERCEDES
MERCEDES-BENZ INDIA PVT LTD,M BENZ GLA 200 CDI,MERCEDES
MERCEDES-BENZ INDIA PVT LTD,MERCEDES BENZ S 400 L,MERCEDES
MERCEDES-BENZ INDIA PVT LTD,GLS 350 d 4MATIC,MERCEDES
MERCEDES-BENZ INDIA PVT LTD,C 220 D BSVI,MERCEDES
MERCEDES-BENZ INDIA PVT LTD,MERCEDEZ BENZ GL350CDI,MERCEDES
MERCEDES-BENZ INDIA PVT LTD,GL350CDI AT,MERCEDES
MERCEDES-BENZ INDIA PVT LTD,GLA200 CDI,MERCEDES
MERCEDES-BENZ INDIA PVT LTD,GLE 350 d 4MATIC,MERCEDES
MERCEDES-BENZ INDIA PVT LTD,MERCEDES W-212 E-250 CDI CBU,MERCEDES
MERCEDES-BENZ INDIA PVT LTD,MERCEDES BENZ C200K AUTO,MERCEDES
MERCEDES-BENZ INDIA PVT LTD,MERCZ BENZ W211 E 63,MERCEDES
MERCEDES-BENZ INDIA PVT LTD,MERCEDES S 300L,MERCEDES
MERCEDES-BENZ INDIA PVT LTD,GLE 250 D 4MATIC,MERCEDES
MERCEDES-BENZ INDIA PVT LTD,MERCEDES BENZ CLA 200 CDI BS,MERCEDES
MERCEDES-BENZ INDIA PVT LTD,MERCEDESBENZ E270CDI,MERCEDES
MERCEDES-BENZ INDIA PVT LTD,MERCEDEZ BENZ ML 250 CDI,MERCEDES
MERCEDES-BENZ INDIA PVT LTD,MERCEDES BENZ E 220D,MERCEDES
MERCEDES-BENZ INDIA PVT LTD.,GLA200 D BSIV,MERCEDES
MERCEDES-BENZ INDIA PVT LTD,EQS 580 4MATIC,MERCEDES
MERCEDES-BENZ INDIA PVT LTD,W 212 E250,MERCEDES
MERCEDES-BENZ INDIA PVT LTD,BENZ W212 E 250 CDI,MERCEDES
MERCEDES-BENZ INDIA PVT LTD,M BENZ GLC 220D,MERCEDES
MERCEDES-BENZ INDIA PVT LTD,MENZ GL 350 CDIBE 4MATIC,MERCEDES
MERCEDES-BENZ INDIA PVT LTD,C 300 D BSIV,MERCEDES
MERCEDES-BENZ INDIA PVT LTD,E280 CDI,MERCEDES
MERCEDES-BENZ INDIA PVT LTD,GLA200D BSIV,MERCEDES
MERCEDES-BENZ INDIA PVT LTD,MERCEDES BENZ R350 CDI,MERCEDES
MERCEDES-BENZ INDIA PVT LTD,MERCEDES BENZ C 250,MERCEDES
MERCEDES-BENZ INDIA PVT LTD,MERCEDES BENZ PASSENGER CAR,MERCEDES
MERCEDES-BENZ INDIA PVT LTD,GLC 220 d 4MATIC,MERCEDES
MERCEDES-BENZ INDIA PVT LTD,MERCEDES BENZ C 220 CDI WITHAT,MERCEDES
MERCEDES-BENZ INDIA PVT LTD,C200 CGI ELEGANCE,MERCEDES
MERCEDES-BENZ INDIA PVT LTD,CBU W-204 E250CDI,MERCEDES
MERCEDES-BENZ INDIA PVT LTD,MERCEDES BENZ E 220 ,MERCEDES
MERCEDES-BENZ INDIA PVT LTD,MERCEDES BENZ C 220 D,MERCEDES
MERCEDES-BENZ INDIA PVT LTD,"E 200 CGI, BS IV",MERCEDES
MERCEDES-BENZ INDIA PVT LTD,W204 C200 BLUE EFFI WITH AT,MERCEDES
MERCEDES-BENZ INDIA PVT LTD,MERCEDES BENZ C250 CDI EIV,MERCEDES
MERCEDES-BENZ INDIA PVT LTD,MERCEDES BENZ C220DI,MERCEDES
MERCEDES-BENZ INDIA PVT LTD,CKD W166 ML250CDI,MERCEDES
MERCEDES-BENZ INDIA PVT LTD,MERCEDES BENZ C220CDI BE,MERCEDES
MERCEDES-BENZ INDIA PVT LTD,BENZ C200 BLUE EFFICIENCY,MERCEDES
MERCEDES-BENZ INDIA PVT LTD,BENZ C 200 K,MERCEDES
MERCEDES-BENZ INDIA PVT LTD,S350 CDI L BS4,MERCEDES
MERCEDES -BENZ AG,MERCEDES-AMG SL 55 4MATIC+,MERCEDES
MERCEDES-BENZ INDIA PVT LTD,C 200 CGI CLASSIC,MERCEDES
MERCEDES-BENZ INDIA PVT LTD,BENZ GLE250D,MERCEDES
"MERCEDES-BENZ INDIA PVT., LTD.",GLC220 D 4MATIC BSVI,MERCEDES
MERCEDES-BENZ INDIA PVT LTD,MERCEDES BENZ C 250 CDI,MERCEDES
MERCEDES-BENZ INDIA PVT LTD,MERCEDES BENZ C 220 CDI BE,MERCEDES
MERCEDES-BENZ INDIA PVT LTD,CLA 200,MERCEDES
MERCEDES-BENZ INDIA PVT LTD,MERCEDES BENZ ML 350CDI,MERCEDES
MERCEDES-BENZ INDIA PVT LTD,M BENZ GLA200 CDI,MERCEDES
MERCEDES-BENZ INDIA PVT LTD,MERCEDES BENZ S320,MERCEDES
MERCEDES-BENZ INDIA PVT LTD,MERCEDES BENZ E350CDI,MERCEDES
MERCEDES-BENZ INDIA PVT LTD,BENZ C 250 CDI,MERCEDES
MERCEDES-BENZ INDIA PVT LTD,MERCEDES BENZ CLA 200CDI,MERCEDES
MERCEDES-BENZ INDIA PVT LTD,GLC220 D 4MATIC BSVI,MERCEDES
MERCEDES-BENZ INDIA PVT LTD,GLA 200 D SPORTS AUT,MERCEDES
MERCEDES-BENZ INDIA PVT LTD,BENZ E200 CGI,MERCEDES
MERCEDES-BENZ INDIA PVT LTD,W204 C200  B E,MERCEDES
MERCEDES-BENZ INDIA PVT LTD,MERCEDES BENZ  W212  E250 CDI,MERCEDES
MERCEDES-BENZ INDIA PVT LTD,BHARATBENZ3123R,MERCEDES
MERCEDES-BENZ INDIA PVT LTD,V220D BSVI,MERCEDES
MERCEDES-BENZ INDIA PVT LTD,W204C200BLUE EFFICIENCY ATBSIV,MERCEDES
MERCEDES-BENZ INDIA PVT LTD,M BENZ A180 CDI BS IV,MERCEDES
MERCEDES-BENZ INDIA PVT LTD.,V221 - S350CDI  L  AT BSIV,MERCEDES
MERCEDES-BENZ INDIA PVT LTD,MERCEDES BENZ E250CDI ,MERCEDES
MERCEDES-BENZ INDIA PVT LTD,W210-E200 CAR,MERCEDES
MERCEDES-BENZ INDIA PVT LTD,RENAULT DUSTER RxL BS IV,MERCEDES
MERCEDES-BENZ INDIA PVT LTD,BENZ C220 D,MERCEDES
MERCEDES-BENZ INDIA PVT LTD,GLE 250D 4MATIC BS4,MERCEDES
MERCEDES-BENZ INDIA PVT LTD,BENZ S 350 D,MERCEDES
MERCEDES-BENZ INDIA PVT LTD,MERCEDES BENZ ML 350,MERCEDES
MERCEDES-BENZ INDIA PVT LTD,B 180 SPORTS TOURER,MERCEDES
MERCEDES-BENZ INDIA PVT LTD,C 220 CDI CLASSIC,MERCEDES
MERCEDES-BENZ INDIA PVT LTD,MERCEDES  BENZ E 280 CDI,MERCEDES
MERCEDES-BENZ INDIA PVT LTD,MERCEDES BENZ B 200 CDI,MERCEDES
MERCEDES-BENZ INDIA PVT LTD,W204 C220 CDI,MERCEDES
MERCEDES-BENZ INDIA PVT LTD,MERCEDES BENZ S 350 D,MERCEDES
MERCEDES-BENZ INDIA PVT LTD,S350 FLCDIL W221 MERCEDES BENZ,MERCEDES
MERCEDES-BENZ INDIA PVT LTD,W212 E250 CDI WITH AT BS IV,MERCEDES
MERCEDES-BENZ INDIA PVT LTD,MERCEDES BENZ ML320,MERCEDES
MERCEDES-BENZ INDIA PVT LTD,E 200 B E WITH AT,MERCEDES
MERCEDES-BENZ INDIA PVT LTD,S350 CDIL AT BSIV,MERCEDES
MERCEDES-BENZ INDIA PVT LTD,MERCEDES BENZ ML 350 CDI EURO3,MERCEDES
MERCEDES-BENZ INDIA PVT LTD,MAYBACH S 600,MERCEDES
MERCEDES-BENZ INDIA PVT LTD,MERCEDES BENZ E 350,MERCEDES
MERCEDES-BENZ INDIA PVT LTD,MERCEDES BENZ E 350 D BS IV,MERCEDES
MERCEDES-BENZ INDIA PVT LTD,M BENZ GLA 200D BSIV,MERCEDES
MERCEDES-BENZ INDIA PVT LTD,CBU W 204,MERCEDES
MERCEDES-BENZ INDIA PVT LTD,BENZ GLA200 SPORT,MERCEDES
MERCEDES-BENZ INDIA PVT LTD,MERCEDES BENZ GL 350 DI,MERCEDES
MERCEDES-BENZ INDIA PVT LTD,MERCEDES BENZ E220CDI,MERCEDES
MERCEDES-BENZ INDIA PVT LTD,E 250 CDI,MERCEDES
MERCEDES-BENZ INDIA PVT LTD,C 220 D BSVI-PH2,MERCEDES
MERCEDES-BENZ INDIA PVT LTD,MERCEDES BENZ GLC 220D 4M BS4,MERCEDES
MERCEDES-BENZ INDIA PVT LTD,GLS 450 D 4MATIC,MERCEDES
MERCEDES-BENZ INDIA PVT LTD,MERCEDES-MAYBACH S 560,MERCEDES
MERCEDES-BENZ INDIA PVT LTD,W212 E250 CDI WITH AT,MERCEDES
"MERCEDES-BENZ INDIA PVT., LTD.",W204 C220 CDI BLUE EFFICIENCY,MERCEDES
MERCEDES-BENZ INDIA PVT LTD,BENZ S500,MERCEDES
MERCEDES-BENZ INDIA PVT LTD,C220 CDI BE AVANT,MERCEDES
MERCEDES-BENZ INDIA PVT LTD,GLA 200 d,MERCEDES
MERCEDES-BENZ INDIA PVT LTD,CKD X 166 GL 350 CDI BE ,MERCEDES
MERCEDES-BENZ INDIA PVT LTD,E250 CDI W212,MERCEDES
MERCEDES-BENZ INDIA PVT LTD,M BENZ C-220 CDI,MERCEDES
MERCEDES-BENZ INDIA PVT LTD,C200 BE AUTOMATIC,MERCEDES
MERCEDES-BENZ INDIA PVT LTD,   ML350 CDI,MERCEDES
MERCEDES-BENZ INDIA PVT LTD,M-BENZ GLC 300 4MATIC BS IV,MERCEDES
MERCEDES-BENZ INDIA PVT LTD,GLE 400 4MATIC,MERCEDES
MERCEDES-BENZ INDIA PVT LTD,MERCEDES BENZ E 230,MERCEDES
MERCEDES-BENZ INDIA PVT LTD,GLS 400 4MATIC BSIV,MERCEDES
MERCEDES-BENZ INDIA PVT LTD,CLASSIC,MERCEDES
MERCEDES-BENZ INDIA PVT LTD,MERCEDES BENZ E-350 CDI,MERCEDES
MERCEDES-BENZ INDIA PVT LTD,W204 C200 BLUE,MERCEDES
MERCEDES-BENZ INDIA PVT LTD,M BENZ C 220 CDI,MERCEDES
MERCEDES-BENZ INDIA PVT LTD,W211 E230 WITH AT BSIII SEAT5,MERCEDES
MERCEDES-BENZ INDIA PVT LTD,MERCEDES BENZ CLA 200 BS4,MERCEDES
MERCEDES-BENZ INDIA PVT LTD,BENZ GLS350D,MERCEDES
MERCEDES-BENZ INDIA PVT LTD,C 220D FL BS6,MERCEDES
MERCEDES-BENZ INDIA PVT LTD,GLA200 CDI SPORT UTILITY VEHIC,MERCEDES
MERCEDES-BENZ INDIA PVT LTD,MERCEDES BENZ C 250D BSIV,MERCEDES
MERCEDES-BENZ INDIA PVT LTD,GLA 200 CDI BSIV,MERCEDES
MERCEDES-BENZ INDIA PVT LTD,BENZ C250,MERCEDES
MERCEDES-BENZ INDIA PVT LTD,W212 E 250 CDI,MERCEDES
MERCEDES-BENZ INDIA PVT LTD,S 320 CDIL,MERCEDES
MERCEDES-BENZ INDIA PVT LTD,MERCEDES BENZ W212 E250CDI,MERCEDES
MERCEDES-BENZ INDIA PVT LTD,W 212 E350,MERCEDES
MERCEDES-BENZ INDIA PVT LTD,BENZ E220CDI,MERCEDES
MERCEDES-BENZ INDIA PVT LTD,CKD W 212 E 200CGI,MERCEDES
MERCEDES-BENZ INDIA PVT LTD,W204 C250 CDI WITH AT BS IV,MERCEDES
MERCEDES-BENZ INDIA PVT LTD,C 220 CDI D CKD,MERCEDES
MERCEDES-BENZ INDIA PVT LTD,MERCEDES BENZ A 180,MERCEDES
MERCEDES-BENZ INDIA PVT LTD,W204 C250 CDI WITH AUTO TRANS,MERCEDES
MERCEDES-BENZ INDIA PVT LTD,MERCEDES BENZ GL350CDI EIV,MERCEDES
MERCEDES-BENZ INDIA PVT LTD,MERCEDES BENZ GLC220 D 4 MATIC,MERCEDES
MERCEDES-BENZ INDIA PVT LTD,BENZ A 180CDI,MERCEDES
MERCEDES-BENZ INDIA PVT LTD,E 250 CDI Avantgarde,MERCEDES
MERCEDES-BENZ INDIA PVT LTD,MERCEDES BENZ CLA 200 BS IV,MERCEDES
DAIMLER CHRYSLER INDIA P LTD,W204 C200 KOMP.WITH AUTO. TRANSMISION-BS III,MERCEDES
MERCEDES-BENZ INDIA PVT LTD,E 220 D,MERCEDES
MERCEDES-BENZ INDIA PVT LTD,W212 E350 AVANT,MERCEDES
MERCEDES-BENZ INDIA PVT LTD,CKD W166 ML350CDI,MERCEDES
DAIMLER CHRYSLER INDIA P LTD,W204 C200 KOMP.WITH AUTO. TRAN,MERCEDES
MERCEDES-BENZ INDIA PVT LTD,CKD W 204 C250CDI,MERCEDES
MERCEDES -BENZ AG,A 200 LIMOUSINE,MERCEDES
MERCEDES-BENZ INDIA PVT LTD,MERCEDES BENZ E 400 CABRIOLET,MERCEDES
MERCEDES-BENZ INDIA PVT LTD,MERCEDES BENZ C 220 D BSIV,MERCEDES
MERCEDES-BENZ INDIA PVT LTD,BENZ S350CDIL,MERCEDES
MERCEDES-BENZ INDIA PVT LTD,M BENZ GLE 350D 4,MERCEDES
MERCEDES -BENZ AG,MERCEDES-AMG E53 4M+ CABRIOLET,MERCEDES
MERCEDES-BENZ INDIA PVT LTD,W212 E250 CDI,MERCEDES
MERCEDES-BENZ INDIA PVT LTD,MERCEDES BENZ GLA 200D BS4,MERCEDES
MERCEDES-BENZ INDIA PVT LTD,MERCEDES BENZ S 350 L,MERCEDES
MERCEDES-BENZ INDIA PVT LTD,MERCEDES AMG G63,MERCEDES
MERCEDES-BENZ INDIA PVT LTD,BENZ E220CDI BS-IV,MERCEDES
MERCEDES-BENZ INDIA PVT LTD,MERCEDEZ BENZ C 220D,MERCEDES
MERCEDES-BENZ INDIA PVT LTD,MERCEDES BENZ ML 320B CDI,MERCEDES
MERCEDES-BENZ INDIA PVT LTD,W 212  E200,MERCEDES
MERCEDES-BENZ INDIA PVT LTD,MERBENZ S350 CDIL,MERCEDES
MERCEDES-BENZ INDIA PVT LTD,GLS350 D,MERCEDES
MERCEDES-BENZ INDIA PVT LTD,M BENZ ML 350 CDI 005549,MERCEDES
MERCEDES-BENZ INDIA PVT LTD,W204 C200 CGI AT TRANS BS IV,MERCEDES
MERCEDES-BENZ INDIA PVT LTD,BENZ B200 CDI,MERCEDES
MERCEDES-BENZ INDIA PVT LTD,MERCEDED BENZ  E200 PETROL,MERCEDES
MERCEDES-BENZ INDIA PVT LTD,BENZ GLA 200,MERCEDES
MERCEDES-BENZ INDIA PVT LTD,GLE 350 D CKD,MERCEDES
MERCEDES-BENZ INDIA PVT LTD,CKD X166 GL350CDI BE,MERCEDES
"MERCEDES-BENZ INDIA PVT., LTD.",W212 E220 CDI AT BSIV,MERCEDES
MERCEDES-BENZ INDIA PVT LTD.,V221 - S350CDI  L  AUTOMATIC T,MERCEDES
MERCEDES-BENZ INDIA PVT LTD,BENZ CLS350,MERCEDES
MERCEDES-BENZ INDIA PVT LTD,MERCEDES BENZ S 500BEL,MERCEDES
MERCEDES-BENZ INDIA PVT LTD,C250CDI,MERCEDES
MERCEDES-BENZ INDIA PVT LTD,MERCEDES BENZ ML350CDI,MERCEDES
MERCEDES-BENZ INDIA PVT LTD,CLA 200 D SPORTS CKD,MERCEDES
MERCEDES-BENZ INDIA PVT LTD,MERCEDES BENZ CAR,MERCEDES
MERCEDES-BENZ INDIA PVT LTD,W212 E350 WITH AUTO TRANS,MERCEDES
MERCEDES-BENZ INDIA PVT LTD,W204 C250 CDI,MERCEDES
MERCEDES-BENZ INDIA PVT LTD,GLE 300 D 4 MATIC LWB BSVI-PH2,MERCEDES
MERCEDES-BENZ INDIA PVT LTD,MERCEDES BENZ C 180,MERCEDES
MERCEDES-BENZ INDIA PVT LTD,AANN0291 000,MERCEDES
MERCEDES-BENZ INDIA PVT LTD,GL350CDI4MATIC BLUE EFFICIENCY,MERCEDES
MERCEDES-BENZ INDIA PVT LTD,W212 E 250 CDI With Automatic ,MERCEDES
MERCEDES-BENZ INDIA PVT LTD,EECO 5 STR,MERCEDES
MERCEDES-BENZ INDIA PVT LTD,MERCEDEDES BENZ S 350,MERCEDES
MERCEDES-BENZ INDIA PVT LTD,GL350CDIGL,MERCEDES
MERCEDES-BENZ INDIA PVT LTD.,E200 BLUE EFFICIENCY WITH AT B,MERCEDES
MERCEDES-BENZ INDIA PVT LTD,B 200 d,MERCEDES
MERCEDES-BENZ INDIA PVT LTD,BENZ E 220 CDI  AT,MERCEDES
MERCEDES-BENZ INDIA PVT LTD,"MERCEDES-BENZ INDIA PVT LTD, MERCEDES BENZ GLE 350D",MERCEDES
MERCEDES-BENZ INDIA PVT LTD,BENZ E250 CDI EIV,MERCEDES
MERCEDES-BENZ INDIA PVT LTD,BENZ E 220 CDI WITH AUTO TRANS,MERCEDES
MERCEDES-BENZ INDIA PVT LTD,CKD W 204 C220,MERCEDES
MERCEDES-BENZ INDIA PVT LTD,MERCEDES BENZ  GLA 200,MERCEDES
MERCEDES-BENZ INDIA PVT LTD,A 180 CDI,MERCEDES
MERCEDES-BENZ INDIA PVT LTD,30,MERCEDES
MERCEDES-BENZ INDIA PVT LTD,CKD W-212 E250CDI,MERCEDES
MERCEDES-BENZ INDIA PVT LTD,C 200 BE AT BS IV,MERCEDES
MERCEDES-BENZ INDIA PVT LTD,M BENZ C220 CDI,MERCEDES
MERCEDES-BENZ INDIA PVT LTD,CKD W -212,MERCEDES
MERCEDES-BENZ INDIA PVT LTD,RENAULT DUSTER RXZ DCI BS IV,MERCEDES
MERCEDES-BENZ INDIA PVT LTD,MERCEDES BENZ ML250CDI  4MATIC,MERCEDES
MERCEDES-BENZ INDIA PVT LTD,MERCEDES W212 E350 CDI (BS-II),MERCEDES
MERCEDES-BENZ INDIA PVT LTD.,W204 C250 CDI BLUE EFFICIENCY,MERCEDES
MERCEDES-BENZ INDIA PVT LTD.,A 200 LIMOUSINE BSVI-PH2,MERCEDES
MERCEDES-BENZ INDIA PVT LTD,MERCEDES BENZ E 350 CDI AT,MERCEDES
MERCEDES-BENZ INDIA PVT LTD,GL 350 CDI CKD MERCEDES BENZ,MERCEDES
MERCEDES-BENZ INDIA PVT LTD,BENZ C 200 CDI,MERCEDES
MERCEDES-BENZ INDIA PVT LTD,MERCEDES BENZ C 200 BE,MERCEDES
MERCEDES-BENZ INDIA PVT LTD,GLS 350 d,MERCEDES
MERCEDES-BENZ INDIA PVT LTD,BENZ CLA 200 EURO IV,MERCEDES
MERCEDES-BENZ INDIA PVT LTD,C200,MERCEDES
MERCEDES-BENZ INDIA PVT LTD,M BENZ E CABRIOLET 350BS IV,MERCEDES
MERCEDES-BENZ INDIA PVT LTD,GLC 220 D 4MATIC BSVI,MERCEDES
MERCEDES-BENZ INDIA PVT LTD,CKD-W-212 E220CDI,MERCEDES
MERCEDES-BENZ INDIA PVT LTD,MERCEDES BENZ C220 D AVA N CKD,MERCEDES
MERCEDES-BENZ INDIA PVT LTD,BENZ E400 CAB,MERCEDES
MERCEDES-BENZ INDIA PVT LTD,BENZ GLA 200 D BS IV,MERCEDES
MERCEDES-BENZ INDIA PVT LTD,MERC BENZ E220 CDI,MERCEDES
MERCEDES-BENZ INDIA PVT LTD,BENZ  C220 CDI,MERCEDES
DAIMLER CHRYSLER INDIA P LTD,W204C220 CDI WITH AUTOMATIC TRANSMISION BSIII,MERCEDES
MERCEDES-BENZ INDIA PVT LTD,MERCEDES BENZ E200CGI,MERCEDES
MERCEDES-BENZ INDIA PVT LTD,ML 350 CDI CKD,MERCEDES
MERCEDES-BENZ INDIA PVT LTD,C-200 K,MERCEDES
MERCEDES-BENZ INDIA PVT LTD,E 400 CABRIOLET BSIII,MERCEDES
MERCEDES-BENZ INDIA PVT LTD,MERCEDED BENZ GLA 200 PETROL,MERCEDES
MERCEDES-BENZ INDIA PVT LTD,MERCEDES BENZ E 280CDI,MERCEDES
MERCEDES-BENZ INDIA PVT LTD,MERCEDES BENZ W212 ML 2.50 CDI,MERCEDES
MERCEDES-BENZ INDIA PVT LTD,MERCEDES BENZ E,MERCEDES
MERCEDES-BENZ INDIA PVT LTD,MERCEDES BENZ E 200CGI,MERCEDES
MERCEDES-BENZ INDIA PVT LTD,S400 L,MERCEDES
MERCEDES-BENZ INDIA PVT LTD,C250 d,MERCEDES
MERCEDES-BENZ INDIA PVT LTD,MERCEDES BENZ B200 D BS IV,MERCEDES
MERCEDES-BENZ INDIA PVT LTD,M-BENZ C 250 BS IV,MERCEDES
MERCEDES-BENZ INDIA PVT LTD,MERCEDES B E CLASS,MERCEDES
MERCEDES-BENZ INDIA PVT LTD,MERCEDES C200CGI,MERCEDES
MERCEDES-BENZ INDIA PVT LTD,CBU W-204,MERCEDES
MERCEDES-BENZ INDIA PVT LTD,MERCEDES BENZ E220 CDI,MERCEDES
MERCEDES-BENZ INDIA PVT LTD,ML 250 CDI 4 MATIC PASSENGER C,MERCEDES
MERCEDES-BENZ INDIA PVT LTD.,S350CDI L BSIV,MERCEDES
MERCEDES-BENZ INDIA PVT LTD,CLA200d,MERCEDES
MERCEDES-BENZ INDIA PVT LTD,MERCEDES BENZ C 200 CDI SEDAN,MERCEDES
MERCEDES-BENZ INDIA PVT LTD,MERCEDES BENZ A 200 CDI SPORT,MERCEDES
MERCEDES-BENZ INDIA PVT LTD,CKD X166 GL350CDI,MERCEDES
MERCEDES-BENZ INDIA PVT LTD,M BENZ C200,MERCEDES
MERCEDES-BENZ INDIA PVT LTD,MERCEDES BENZ GLE250D 4MATIC,MERCEDES
MERCEDES-BENZ INDIA PVT LTD,MERCEDES BENZ E 220 CDI BS-IV,MERCEDES
MERCEDES-BENZ INDIA PVT LTD.,GLA200 BSIV,MERCEDES
MERCEDES-BENZ INDIA PVT LTD,BENZ B 180,MERCEDES
MERCEDES-BENZ INDIA PVT LTD,M BENZ C 220 D,MERCEDES
MERCEDES-BENZ INDIA PVT LTD,MERCECES BENZ  A  180 CDI,MERCEDES
MERCEDES-BENZ INDIA PVT LTD,E 250 CDI MER BENZ EIV,MERCEDES
MERCEDES-BENZ INDIA PVT LTD,CKDW 212 E 350,MERCEDES
MERCEDES-BENZ INDIA PVT LTD,BENZ GL350CDI,MERCEDES
MERCEDES-BENZ INDIA PVT LTD,MERCEDES BENZ C200GCI BS IV,MERCEDES
MERCEDES-BENZ INDIA PVT LTD,GL 350 CDI ,MERCEDES
MERCEDES-BENZ INDIA PVT LTD,ML250 CDI 4MATIC WITH BLUE EFF,MERCEDES
MERCEDES-BENZ INDIA PVT LTD,CKD W-204 C200CGI,MERCEDES
MERCEDES-BENZ INDIA PVT LTD,B 180 CDI BLUE E SPORTS AT,MERCEDES
MERCEDES-BENZ INDIA PVT LTD,MERCEDES BENZ E 200 CGI,MERCEDES
MERCEDES-BENZ INDIA PVT LTD,E 200 CGI CKD,MERCEDES
MERCEDES-BENZ INDIA PVT LTD,M BENZ GLE 250 D4 MATIC,MERCEDES
MERCEDES-BENZ INDIA PVT LTD,BENZ S500L,MERCEDES
MERCEDES-BENZ INDIA PVT LTD,M BENZ GLE250 D 4 MATIC E IV,MERCEDES
MERCEDES-BENZ INDIA PVT LTD,W204 C220 CDI WITH MT BSIII,MERCEDES
MERCEDES-BENZ INDIA PVT LTD,MERCEDES BENZ C220 CDI BSIV,MERCEDES
MERCEDES-BENZ INDIA PVT LTD,CLA200CDI,MERCEDES
MERCEDES-BENZ INDIA PVT LTD,M BENZ ML 250 CDI,MERCEDES
MERCEDES-BENZ INDIA PVT LTD.,C 200 BSVI,MERCEDES
MERCEDES-BENZ INDIA PVT LTD,MERCEDES BENZ ML 250CDI,MERCEDES
MERCEDES-BENZ INDIA PVT LTD,MERCEDES BENZ E 350CDI,MERCEDES
MERCEDES-BENZ INDIA PVT LTD,MER BENZ C220 CDI AT BSIV,MERCEDES
MERCEDES-BENZ INDIA PVT LTD,M BENZ GLC 300 4MATIC,MERCEDES
MERCEDES-BENZ INDIA PVT LTD,S 350 DL,MERCEDES
MERCEDES-BENZ INDIA PVT LTD,W212 E200 CGI BSIV,MERCEDES
MERCEDES-BENZ INDIA PVT LTD,BENZ CLA200d Sports,MERCEDES
MERCEDES-BENZ INDIA PVT LTD,BENZ E220 CDI,MERCEDES
MERCEDES-BENZ INDIA PVT LTD,CKD W166 ML 250CDI,MERCEDES
MERCEDES-BENZ INDIA PVT LTD,W212 E250 CDI AUTOMATIC,MERCEDES
MERCEDES-BENZ INDIA PVT LTD.,W204 C220 CDI WITH AT BSIV,MERCEDES
MERCEDES-BENZ INDIA PVT LTD,MERCEDES BENZ E 220,MERCEDES
MERCEDES-BENZ INDIA PVT LTD,MERCEDES-BENZ E250CDI BS4,MERCEDES
MERCEDES-BENZ INDIA PVT LTD,MERCEDES BENZ E250CDI AVAN,MERCEDES
MERCEDES-BENZ INDIA PVT LTD,GL C200 BSVI,MERCEDES
MERCEDES-BENZ INDIA PVT LTD.,B200 CDI BSIV,MERCEDES
"MERCEDES-BENZ INDIA PVT., LTD.",GLB 220D BSVI-PH2,MERCEDES
MERCEDES-BENZ INDIA PVT LTD,BENZ C250 CDI BE,MERCEDES
MERCEDES-BENZ INDIA PVT LTD,"MERCEDES-BENZ INDIA PVT LTD, MERCEDES BENZ",MERCEDES
MERCEDES-BENZ INDIA PVT LTD,E 250CDI,MERCEDES
MERCEDES-BENZ INDIA PVT LTD,GLA 200 CDI BS IV,MERCEDES
MERCEDES-BENZ INDIA PVT LTD,GLE 300 D 4MATIC LWB,MERCEDES
MERCEDES-BENZ INDIA PVT LTD,CLA 200 D,MERCEDES
MERCEDES-BENZ INDIA PVT LTD,WV 221 S 500,MERCEDES
MERCEDES-BENZ INDIA PVT LTD,MERCEDES BENZ C200 CGI E IV,MERCEDES
MERCEDES-BENZ INDIA PVT LTD,CKD-W-204-C-200CGI,MERCEDES
MERCEDES-BENZ INDIA PVT LTD,BENZ E 220 D BSIV,MERCEDES
MERCEDES-BENZ INDIA PVT LTD,M BENZ S 350 CDI,MERCEDES
MERCEDES-BENZ INDIA PVT LTD,S 500 L BSIII,MERCEDES
"MERCEDES-BENZ INDIA PVT., LTD.",C220D BSIV,MERCEDES
MERCEDES-BENZ INDIA PVT LTD,W204 C250 CDI WITH A.T. BSIV,MERCEDES
MERCEDES-BENZ INDIA PVT LTD,BENZ C220,MERCEDES
MERCEDES-BENZ INDIA PVT LTD,W221 S350CDI L AT BS III,MERCEDES
MERCEDES-BENZ INDIA PVT LTD,MERCEDES BENZ GLE 350 D,MERCEDES
MERCEDES-BENZ INDIA PVT LTD,CLA 200D,MERCEDES
MERCEDES-BENZ INDIA PVT LTD,MERCEDSES BENZ S350CDIL,MERCEDES
MERCEDES-BENZ INDIA PVT LTD,S350D BSVI,MERCEDES
MERCEDES-BENZ INDIA PVT LTD,MERCEDES BEZS C 250 CDIBE,MERCEDES
MERCEDES-BENZ INDIA PVT LTD,MERCEDES C200K,MERCEDES
MERCEDES-BENZ INDIA PVT LTD,W204 C220 CDI WITH AUTOTRA BS3,MERCEDES
MERCEDES -BENZ AG,EQB 300 4MATIC,MERCEDES
MERCEDES-BENZ INDIA PVT LTD,M BENZ E 220CDI,MERCEDES
MERCEDES-BENZ INDIA PVT LTD,W204 C200 B E,MERCEDES
DAIMLER CHRYSLER INDIA P LTD,W204C200 KOMPR.WITH MANUAL TRA,MERCEDES
MERCEDES-BENZ INDIA PVT LTD,MERCEDES BENZ S 350 D L,MERCEDES
MERCEDES-BENZ INDIA PVT LTD,"C220 CDI B/EFFICIENCY AT,BSIV",MERCEDES
MERCEDES-BENZ INDIA PVT LTD,M BENZ CLA 200 CGI ,MERCEDES
MERCEDES-BENZ INDIA PVT LTD,MERCEDES BENZ C-200CGI BS-IV,MERCEDES
MERCEDES-BENZ INDIA PVT LTD,E250 CDI,MERCEDES
DAIMLER CHRYSLER INDIA P LTD,W 203 C200 KOMPRESSOR,MERCEDES
MERCEDES-BENZ INDIA PVT LTD,CKD W-204 C220CDIBE,MERCEDES
MERCEDES-BENZ INDIA PVT LTD,W164 ML350CDI AT BSIV,MERCEDES
MERC BENZ,MERCEDES BENZ,MERCEDES
MERCEDES-BENZ INDIA PVT LTD,W212 E250 CDI WITH AT TRANBSIV,MERCEDES
MERCEDES-BENZ INDIA PVT LTD,BENZ C250CDI BE EURO IV,MERCEDES
MERCEDES-BENZ INDIA PVT LTD,MERCEDES BENZ C 250 D,MERCEDES
MERCEDES-BENZ INDIA PVT LTD,MERCEDES GLE 250 D,MERCEDES
MERCEDES-BENZ INDIA PVT LTD,W 204 C 250 AT BS III,MERCEDES
MERCEDES-BENZ INDIA PVT LTD.,E220D ABS BSVI,MERCEDES
MERCEDES-BENZ INDIA PVT LTD,C 200 BE AVANT,MERCEDES
MERCEDES-BENZ INDIA PVT LTD,MERCEDES BENZ GLE 350D 4M BSIV,MERCEDES
MERCEDES-BENZ INDIA PVT LTD,MERCEDES BENZ GLC300 BS4,MERCEDES
MERCEDES-BENZ INDIA PVT LTD,M BENZ CLA 200 CDI,MERCEDES
MERCEDES-BENZ INDIA PVT LTD,GL350CDI,MERCEDES
MERCEDES -BENZ AG,C 300 CABRIOLET,MERCEDES
MERCEDES-BENZ INDIA PVT LTD,C 220 BS IV,MERCEDES
MERCEDES-BENZ INDIA PVT LTD,LIMAUSINE,MERCEDES
MERCEDES-BENZ INDIA PVT LTD,BENZ 350,MERCEDES
MERCEDES-BENZ INDIA PVT LTD,W212 E250 CDI CBU,MERCEDES
MERCEDES-BENZ INDIA PVT LTD,BENZ C 200 CGI BS-IV,MERCEDES
"MERCEDES-BENZ INDIA PVT., LTD.",S350 D L BSIV,MERCEDES
MERCEDES-BENZ INDIA PVT LTD,SKD X-156 GLA200D,MERCEDES
MERCEDES-BENZ INDIA PVT LTD,B180CDI,MERCEDES
MERCEDES-BENZ INDIA PVT LTD,MARUTI WAGON R VXI BS4,MERCEDES
MERCEDES-BENZ INDIA PVT LTD,MERCEDES BENZ 320CDI,MERCEDES
MERCEDES-BENZ INDIA PVT LTD,MERCEEDES BENZ CKD W 204,MERCEDES
MERCEDES-BENZ INDIA PVT LTD,MERCEDES BENZ GL 350 CDI A/T,MERCEDES
MERCEDES-BENZ INDIA PVT LTD,GLA 200 D WITH BLACK ROOF BS I,MERCEDES
MERCEDES-BENZ INDIA PVT LTD,M BENZ S 350 CDIL,MERCEDES
MERCEDES-BENZ INDIA PVT LTD,M BENZ B 180 CDI,MERCEDES
MERCEDES-BENZ INDIA PVT LTD,CKD W204 C220CDIBE AVANTGARDE,MERCEDES
MERCEDES-BENZ INDIA PVT LTD,MERCEDES BENZ GLC220D BSIV,MERCEDES
MERCEDES-BENZ INDIA PVT LTD,E220D,MERCEDES
MERCEDES-BENZ INDIA PVT LTD,MERCEDES BENZ SLK 350 RHD,MERCEDES
MERCEDES-BENZ INDIA PVT LTD,E450 4MATIC,MERCEDES
MERCEDES-BENZ INDIA PVT LTD,M BENZ GLA200D 006561 BS4,MERCEDES
DAIMLER CHRYSLER INDIA PVT LTD,MERCEDES - BENZ,MERCEDES
"MERCEDES-BENZ INDIA PVT., LTD.",AMG GLE 43 4MATIC COUPE BSIV,MERCEDES
MERCEDES-BENZ INDIA PVT LTD,W 204 C 200  WITH AT,MERCEDES
MERCEDES-BENZ INDIA PVT LTD,MERCEDES BENZ C220 CDI W204,MERCEDES
MERCEDES-BENZ INDIA PVT LTD,GLE250D 4MATIC,MERCEDES
MERCEDES-BENZ INDIA PVT LTD,GLC 300 4MATIC COUPE,MERCEDES
MERCEDES-BENZ INDIA PVT LTD,MERCEDES MAYBACH S 500,MERCEDES
MERCEDES-BENZ INDIA PVT LTD,CKD W 212 E250 CDI AVAN,MERCEDES
MERCEDES-BENZ INDIA PVT LTD,MERCEDESBENZ C250CDI,MERCEDES
MERCEDES-BENZ INDIA PVT LTD,C220 CDI,MERCEDES
MERCEDES-BENZ INDIA PVT LTD,BENZ GL 350,MERCEDES
MERCEDES-BENZ INDIA PVT LTD,MB E240,MERCEDES
MERCEDES-BENZ INDIA PVT LTD,MERCEDES BENZ C200KPETROL A/T,MERCEDES
MERCEDES-BENZ INDIA PVT LTD,MERCEDES BENZ W212 E 220 CDI,MERCEDES
MERCEDES-BENZ INDIA PVT LTD,B 180,MERCEDES
MERCEDES-BENZ INDIA PVT LTD,W164 ML350CDI AT BSIV ,MERCEDES
MERCEDES-BENZ INDIA PVT LTD,CLA 200 CDI PASS VEH M1 BS3,MERCEDES
MERCEDES-BENZ INDIA PVT LTD,GLA 200 CDI BSIII,MERCEDES
MERCEDES-BENZ INDIA PVT LTD,W212 E250 CD,MERCEDES
MERCEDES-BENZ INDIA PVT LTD,MERCEDES BENZ C 200 K CAR EIII,MERCEDES
MERCEDES-BENZ INDIA PVT LTD,MERCEDESBENZ E250CDI,MERCEDES
MERCEDES-BENZ INDIA PVT LTD,MERCEDES BENZ C 200 CGI,MERCEDES
MERCEDES-BENZ INDIA PVT LTD,ML250CDI,MERCEDES
MERCEDES-BENZ INDIA PVT LTD,W204 C200 CGI AT,MERCEDES
MERCEDES-BENZ INDIA PVT LTD,MERCEDES BENZ E 350 EIV,MERCEDES
MERCEDES-BENZ INDIA PVT LTD,C 200CGI,MERCEDES
MERCEDES-BENZ INDIA PVT LTD,E220CDI,MERCEDES
MERCEDES-BENZ INDIA PVT LTD,GLC220 D 4MATIC EURO IV,MERCEDES
MERCEDES-BENZ INDIA PVT LTD,BENZ C220 CDI,MERCEDES
MERCEDES-BENZ INDIA PVT LTD,MERCEDES-BENZ C200 BS-IV,MERCEDES
MERCEDES-BENZ INDIA PVT LTD,M BENZ GLE250 D 4MATIC,MERCEDES
MERCEDES-BENZ INDIA PVT LTD,E 280 CDI,MERCEDES
MERCEDES-BENZ INDIA PVT LTD,M BENZ C 220 D 7 SPEED,MERCEDES
MERCEDES-BENZ INDIA PVT LTD,MERCEDES BENZ C250CDIBE,MERCEDES
MERCEDES-BENZ INDIA PVT LTD,MERCEDES BENZ C 220 CDI AT,MERCEDES
MERCEDES-BENZ INDIA PVT LTD,CLA200 CDI BSIV,MERCEDES
MERCEDES-BENZ INDIA PVT LTD,BENZ E200 EURO 4 AT,MERCEDES
MERCEDES-BENZ INDIA PVT LTD,MERCEDES BENZ 560 SEL,MERCEDES
MERCEDES-BENZ INDIA PVT LTD,GLA220 D 4MATIC,MERCEDES
MERCEDES-BENZ INDIA PVT LTD,MERCEDES-BENZ,MERCEDES
MERCEDES-BENZ INDIA PVT LTD,W212  E250 CDI,MERCEDES
MERCEDES-BENZ INDIA PVT LTD,M BENZ GLC300 4MATIC,MERCEDES
MERCEDES-BENZ INDIA PVT LTD,BENZ BUS,MERCEDES
MERCEDES-BENZ INDIA PVT LTD,C250 CDI ELEG BS IV,MERCEDES
MERCEDES-BENZ INDIA PVT LTD,GLE300 D 4MATIC LWB BSVI,MERCEDES
MERCEDES-BENZ INDIA PVT LTD,MERCEDES BENZ GLS350 D 4 MATI,MERCEDES
MERCEDES-BENZ INDIA PVT LTD,SKDX156GLA220D4M,MERCEDES
MERCEDES-BENZ INDIA PVT LTD,MERCEDES BENZ GLS 350 CDI,MERCEDES
"MERCEDES-BENZ INDIA PVT., LTD.",GLC 220D 4MATIC BSIV,MERCEDES
MERCEDES-BENZ INDIA PVT LTD,GLC 300 4MATIC BSIV,MERCEDES
MERCEDES-BENZ INDIA PVT LTD,MERCEDES BENZ S320L,MERCEDES
MERCEDES-BENZ INDIA PVT LTD,GLC 220 CDI,MERCEDES
MERCEDES-BENZ INDIA PVT LTD,RENAULT PULSE RXL DCI BSIV,MERCEDES
MERCEDES-BENZ INDIA PVT LTD,MERCEDES BENZ  C 320 CDI,MERCEDES
DAIMLER AG STUTTGART,GL350 CDI 4MATIC BLUE EFFICIENCY BSIV,MERCEDES
MERCEDES -BENZ AG,G 350 D,MERCEDES
MERCEDES-BENZ INDIA PVT LTD,W212 E250 CDI WITH AUTO.TRANS.,MERCEDES
MERCEDES-BENZ INDIA PVT LTD,MERCEDES-BENZ GL350 CDI BE,MERCEDES
MERCEDES-BENZ INDIA PVT LTD,BENZ ML 250 CDI EIV,MERCEDES
MERCEDES-BENZ INDIA PVT LTD,A180 STYLE,MERCEDES
MERCEDES-BENZ INDIA PVT LTD,MERCEDES BENZ GLA 200CDI BSI,MERCEDES
MERCEDES-BENZ INDIA PVT LTD,BENZ GLE 250 D4 MATIC,MERCEDES
MERCEDES-BENZ INDIA PVT LTD,SKD X-156 GLA 200 D SPORTS,MERCEDES
MERCEDES-BENZ INDIA PVT LTD,GLS 350D 4MATIC,MERCEDES
MERCEDES-BENZ INDIA PVT LTD,"MERCEDES-BENZ INDIA PVT LTD, GLS350D 4MATIC BSIV",MERCEDES
MERCEDES-BENZ INDIA PVT LTD,W 210-E250 (AUTOMATIC)CAR,MERCEDES
MERCEDES-BENZ INDIA PVT LTD,MERCEDES-BENZ GL350CDI,MERCEDES
MERCEDES-BENZ INDIA PVT LTD,W204 C220CDIWITH AUTOTRANS BS3,MERCEDES
"DAIMLER CHRYSLER AG,STUTTGART",ML 320,MERCEDES
MERCEDES-BENZ INDIA PVT LTD,E 280,MERCEDES
MERCEDES-BENZ INDIA PVT LTD.,GLA200 CDI BSIV,MERCEDES
MERCEDES-BENZ INDIA PVT LTD,S 400 L,MERCEDES
MERCEDES-BENZ INDIA PVT LTD,MERCEDES BENZ GL 350 CDII,MERCEDES
MERCEDES-BENZ INDIA PVT LTD,BENZ GLS 350 BS4,MERCEDES
MERCEDES-BENZ INDIA PVT LTD,MERCEDES BENZ ML 250 CDI,MERCEDES
DAIMLER CHRYSLER INDIA P LTD,W211-E200 KOMPRESSOR AT BSIII,MERCEDES
MERCEDES-BENZ INDIA PVT LTD,W212 E200 CGI WITH A.T.,MERCEDES
MERCEDES-BENZ INDIA PVT LTD,BENZ C 220 D,MERCEDES
MERCEDES-BENZ INDIA PVT LTD,"MERCEDES-BENZ INDIA PVT LTD, GLE 300 D 4MATIC LWB",MERCEDES
MERCEDES-BENZ INDIA PVT LTD,MERCEDES BENZ GLA 200 CDIS,MERCEDES
MERCEDES-BENZ INDIA PVT LTD,MERCIDES BENZ E 200CGI,MERCEDES
MERCEDES-BENZ INDIA PVT LTD,S 350CDIL,MERCEDES
MERCEDES-BENZ INDIA PVT LTD,GL350CDI4M/WITH BLUE EFFI.BSIV,MERCEDES
MERCEDES-BENZ INDIA PVT LTD,MERZ B180 CDI,MERCEDES
MERCEDES-BENZ INDIA PVT LTD,CKD W 212 E250 CDI,MERCEDES
MERCEDES-BENZ INDIA PVT LTD,MERCEDES BENZ E 220 D BS4,MERCEDES
MERCEDES-BENZ INDIA PVT LTD,BENZ GLA 350 D,MERCEDES
MERCEDES -BENZ AG,MERCEDES-AMG A 45 S,MERCEDES
MERCEDES-BENZ INDIA PVT LTD,GL 350 CDI GRAND LX,MERCEDES
MERCEDES-BENZ INDIA PVT LTD,B200 CDI BS IV,MERCEDES
MERCEDES-BENZ INDIA PVT LTD,M BENZ E 220 CDI 019684,MERCEDES
MERCEDES-BENZ INDIA PVT LTD,M BENZ GLS 350D 4MATIC,MERCEDES
MERCEDES-BENZ INDIA PVT LTD,,MERCEDES
MERCEDES-BENZ INDIA PVT LTD,BENZ C220 CDI STYLE CBU,MERCEDES
MERCEDES-BENZ INDIA PVT LTD,A200-CDI SPORTS,MERCEDES
MERCEDES-BENZ INDIA PVT LTD,E220 D M1 BS6,MERCEDES
MERCEDES-BENZ INDIA PVT LTD,GL 350 CDI,MERCEDES
MERCEDES-BENZ INDIA PVT LTD,MERCEDES BENZ S 500L,MERCEDES
MERCEDES-BENZ INDIA PVT LTD,CKD W-204 C220,MERCEDES
MERCEDES-BENZ INDIA PVT LTD,SLK 350 AT,MERCEDES
MERCEDES-BENZ INDIA PVT LTD,M BENZ A 200 CDI,MERCEDES
MERCEDES-BENZ INDIA PVT LTD,MERCEDES BENZ GLA 200D BS IV,MERCEDES
DAIMLER AG STUTTGART,M CLASS,MERCEDES
MERCEDES-BENZ INDIA PVT LTD,BENZ C180,MERCEDES
MERCEDES-BENZ INDIA PVT LTD,GLS350D4M,MERCEDES
MERCEDES-BENZ INDIA PVT LTD,MERCEDES BENZ SL 500,MERCEDES
MERCEDES-BENZ INDIA PVT LTD,MERCEDES BENZ C 220 CDI BSIV,MERCEDES
MERCEDES-BENZ INDIA PVT LTD,MERCEDES BENZ CLA200CDI,MERCEDES
MERCEDES-BENZ INDIA PVT LTD,E250CDI AVAN,MERCEDES
MERCEDES-BENZ INDIA PVT LTD,C CLASS C 200,MERCEDES
MERCEDES-BENZ INDIA PVT LTD,MERCEDES BENZ C 220CDI,MERCEDES
MERCEDES-BENZ INDIA PVT LTD,W164 ML350CDI AT E4,MERCEDES
MERCEDES-BENZ INDIA PVT LTD,MERCEDIES E 220 CDI,MERCEDES
MERCEDES-BENZ INDIA PVT LTD,MERCEDEZS BENZ GLA 200,MERCEDES
MERCEDES-BENZ INDIA PVT LTD,MERCEDES-BENZ C-220 CDI,MERCEDES
MERCEDES-BENZ INDIA PVT LTD,CKD W 212,MERCEDES
MERCEDES-BENZ INDIA PVT LTD,MERCEDES-BENZ E 250 CDI,MERCEDES
MERCEDES-BENZ INDIA PVT LTD,W210-E230MANUAL W/O CATA.,MERCEDES
MERCEDES-BENZ INDIA PVT LTD,MAYBACH S 500,MERCEDES
MERCEDES-BENZ INDIA PVT LTD,"MERCEDES-BENZ INDIA PVT LTD, C 220 D",MERCEDES
MERCEDES-BENZ INDIA PVT LTD,MERCEDES BENZ,MERCEDES
MERCEDES -BENZ AG,MERCEDES-AMG E 63 S 4MATIC+,MERCEDES
MERCEDES-BENZ INDIA PVT LTD,W 204 C200 CGI WITH AT BS4,MERCEDES
MERCEDES-BENZ INDIA PVT LTD,B180 CDI BLUE EFFI.SPORTS BSIV,MERCEDES
MERCEDES-BENZ INDIA PVT LTD,CKD X166 GL 350CDI,MERCEDES
MERCEDES-BENZ INDIA PVT LTD,MERCEDES BENZ A180CDI,MERCEDES
MERCEDES -BENZ AG,MERCEDES-AMG GT 63 S 4MATIC+,MERCEDES
MERCEDES-BENZ INDIA PVT LTD,CKD W116 ML250CDI,MERCEDES
MERCEDES-BENZ INDIA PVT LTD,C220 D,MERCEDES
MERCEDES-BENZ INDIA PVT LTD,NOT AVAILABLE,MERCEDES
MERCEDES-BENZ INDIA PVT LTD,MERCEDES BENZ CLA 200,MERCEDES
MERCEDES-BENZ INDIA PVT LTD,MERCEDESBENZ S350,MERCEDES
MERCEDES-BENZ INDIA PVT LTD,W212 E350 CDI WITH A.T.,MERCEDES
MERCEDES-BENZ INDIA PVT LTD,MERCEDES BENZ ML 320 CDI,MERCEDES
MERCEDES-BENZ INDIA PVT LTD,MERCEDES BENZ C200 K,MERCEDES
MERCEDES-BENZ INDIA PVT LTD,GLA 200 CDI CKD,MERCEDES
MERCEDES-BENZ INDIA PVT LTD,C 250,MERCEDES
MERCEDES-BENZ INDIA PVT LTD,GLE 350 D 4 MATIC,MERCEDES
MERCEDES-BENZ INDIA PVT LTD,C 220 D,MERCEDES
MERCEDES-BENZ INDIA PVT LTD,M BENZ C220 CDI BE,MERCEDES
MERCEDES-BENZ INDIA PVT LTD,BENZ CAR,MERCEDES
MERCEDES-BENZ INDIA PVT LTD,MERCEDES BENZ E250CDI,MERCEDES
MERCEDES-BENZ INDIA PVT LTD,MERCEDS BENZ B180,MERCEDES
DAIMLER CHRYSLER INDIA P LTD,W211-E280 WITH AUTOMATIC TRANS,MERCEDES
MERCEDES-BENZ INDIA PVT LTD,M-BENZ GLS 350D 4MATIC BSIV,MERCEDES
MERCEDES-BENZ INDIA PVT LTD,W204 C220 CDI BE AT,MERCEDES
MERCEDES-BENZ INDIA PVT LTD,MERCEDESBENZ GLS350D,MERCEDES
MERCEDES-BENZ INDIA PVT LTD,MERCEDES BENZ  C250 CDI,MERCEDES
MERCEDES-BENZ INDIA PVT LTD,BENZ E350 BS-IV,MERCEDES
MERCEDES-BENZ INDIA PVT LTD,MERCEDES-BENZ C-250 CPI,MERCEDES
MERCEDES-BENZ INDIA PVT LTD,MERCEDES BENZ S350CDIL,MERCEDES
MERCEDES-BENZ INDIA PVT LTD,Mercedes Benz ML250 CDI,MERCEDES
MERCEDES-BENZ INDIA PVT LTD,C 300 D,MERCEDES
MERCEDES-BENZ INDIA PVT LTD,BENZ C 220 D BSIV,MERCEDES
MERCEDES-BENZ INDIA PVT LTD,"A 180 CDI RHD,BSIV",MERCEDES
MERCEDES-BENZ INDIA PVT LTD,GLA 200,MERCEDES
MERCEDES-BENZ INDIA PVT LTD,MERCEDES  MAYBACH S 500,MERCEDES
MERCEDES-BENZ INDIA PVT LTD.,A200 CDI BSIV,MERCEDES
MERCEDES-BENZ INDIA PVT LTD,MERCEDES BENZ ML350 CDI,MERCEDES
MERCEDES-BENZ INDIA PVT LTD,MERCEDES BENZ 220 D,MERCEDES
MERCEDES-BENZ INDIA PVT LTD,CKD W204 C250 CDI ELEGANCE,MERCEDES
MERCEDES-BENZ INDIA PVT LTD,MERCEDES BENZ C 220,MERCEDES
MERCEDES-BENZ INDIA PVT LTD,GLC 220 D 4M SPORTS CKD,MERCEDES
MERCEDES-BENZ INDIA PVT LTD,E 220 D BSVI,MERCEDES
MERCEDES-BENZ INDIA PVT LTD,BENZ E-250,MERCEDES
MERCEDES-BENZ INDIA PVT LTD,B 180 SPORTS TOURER CBU,MERCEDES
MERCEDES-BENZ INDIA PVT LTD,GLE 250 D MATIC,MERCEDES
MERCEDES-BENZ INDIA PVT LTD,MERCEDES BENZ E 250CDI,MERCEDES
MERCEDES-BENZ INDIA PVT LTD,W212 E350 WITH AT BS IV,MERCEDES
MERCEDES-BENZ INDIA PVT LTD,W 204 C200 CGI AT BS IV,MERCEDES
MERCEDES-BENZ INDIA PVT LTD,A 200D LIMOUSINE,MERCEDES
MERCEDES-BENZ INDIA PVT LTD,GLA 200 CDI SPORT,MERCEDES
MERCEDES-BENZ INDIA PVT LTD,MERCEDES BENZ C250 CDI,MERCEDES
MERCEDES-BENZ INDIA PVT LTD,"ML 250 CDI, BSIV",MERCEDES
MERCEDES-BENZ INDIA PVT LTD,MERCEDES BENZ GL 350 CDI,MERCEDES
MERCEDES-BENZ INDIA PVT LTD,C 220 D BS IV,MERCEDES
MERCEDES-BENZ INDIA PVT LTD,CKD W 212 E220CDI,MERCEDES
MERCEDES-BENZ INDIA PVT LTD,SKD W 166,MERCEDES
MERCEDES-BENZ INDIA PVT LTD,MERCEDES BENZ GL 350 CDI AT,MERCEDES
MERCEDES-BENZ INDIA PVT LTD,BENZ GLA 200 D,MERCEDES
MERCEDES-BENZ INDIA PVT LTD,M BENZ GLE 250D,MERCEDES
MERCEDES-BENZ INDIA PVT LTD,W212 E 350 CDI WITH AUTOMATIC,MERCEDES
MERCEDES-BENZ INDIA PVT LTD.,S400 L BSIV,MERCEDES
MERCEDES-BENZ INDIA PVT LTD,MERCEDES BENZ E200,MERCEDES
MERCEDES-BENZ INDIA PVT LTD,MERCEDES BENZ E350 CDI,MERCEDES
MERCEDES-BENZ INDIA PVT LTD,MERCEDES MAYBACH S560 BSVI,MERCEDES
MERCEDES-BENZ INDIA PVT LTD,MERCEDES-BENZ E-250 CDI,MERCEDES
DAIMLER CHRYSLER INDIA P LTD,W211 E 220 CDI WITH A.T.,MERCEDES
MERCEDES-BENZ INDIA PVT LTD,MERCEDES BENZ S 350 D L BS IV,MERCEDES
MERCEDES-BENZ INDIA PVT LTD,W164ML350CDIATBS4 MUA IMPORTED,MERCEDES
MERCEDES-BENZ INDIA PVT LTD,GL 350 CDI 4MATIC BE,MERCEDES
MERCEDES-BENZ INDIA PVT LTD,MERCEDES-BENZ S 350CDI,MERCEDES
MERCEDES-BENZ INDIA PVT LTD,BENZ A-180,MERCEDES
MERCEDES-BENZ INDIA PVT LTD,ML250 CDI,MERCEDES
MERCEDES-BENZ INDIA PVT LTD,MERCEDES-BENZ C220 CDI,MERCEDES
MERCEDES-BENZ INDIA PVT LTD,MERCEDES BENZ GL 350 CDI BE,MERCEDES
MERCEDES-BENZ INDIA PVT LTD.,S350 CDI BSIV,MERCEDES
MERCEDES-BENZ INDIA PVT LTD,C 250  CDI AVANTGARDE BE,MERCEDES
MERCEDES-BENZ INDIA PVT LTD,MERCEDES BENZ E220D ,MERCEDES
MERCEDES-BENZ INDIA PVT LTD,25,MERCEDES
MERCEDES-BENZ INDIA PVT LTD.,GLE 250 D 4 MATIC BSIV,MERCEDES
MERCEDES -BENZ AG,M.BENZ GL-350,MERCEDES
MERCEDES-BENZ INDIA PVT LTD,MERCEDES BENZ GLE 250 D4 MATIC,MERCEDES
MERCEDES-BENZ INDIA PVT LTD,MERCEDES GL350 CDI 4MATIC,MERCEDES
MERCEDES-BENZ INDIA PVT LTD,MERCEDES BENZ W-210-220 CDI,MERCEDES
MERCEDES-BENZ INDIA PVT LTD,MERCEDES BENZ E 200 AT,MERCEDES
MERCEDES -BENZ AG,MERCEDES-AMG A 45 S 4MATIC+,MERCEDES
MERCEDES-BENZ INDIA PVT LTD,M BENZ GLE350 D BS IV,MERCEDES
MERCEDES-BENZ INDIA PVT LTD,C 200 CKD,MERCEDES
MERCEDES-BENZ INDIA PVT LTD,ML-350 CDI,MERCEDES
MERCEDES-BENZ INDIA PVT LTD,M BENZ ML-63,MERCEDES
MERCEDES-BENZ INDIA PVT LTD,MERCEDES BENZ ML 250,MERCEDES
MERCEDES-BENZ INDIA PVT LTD,MERCEDES BENZ MAYBACH S 500,MERCEDES
MERCEDES-BENZ INDIA PVT LTD,MERCEDEZ BENZ W 210D,MERCEDES
MERCEDES-BENZ INDIA PVT LTD,W/V 221 S320 CDIL,MERCEDES
MERCEDES-BENZ INDIA PVT LTD,MERCEDES BENZ GLC220d  4 MATIC,MERCEDES
MERCEDES-BENZ INDIA PVT LTD,"MERCEDES-BENZ INDIA PVT LTD, C 200",MERCEDES
MERCEDES-BENZ INDIA PVT LTD,E 220 CDI AVANTGARDE,MERCEDES
MERCEDES-BENZ INDIA PVT LTD,V221 S 500  BEL WITH AT,MERCEDES
MERCEDES-BENZ INDIA PVT LTD,S 350 D BS VI,MERCEDES
MERCEDES-BENZ INDIA PVT LTD,W204 C250 CDI BE WITH A/T,MERCEDES
MERCEDES-BENZ INDIA PVT LTD,BENZ GLE 350 D 4MATIC BS IV,MERCEDES
MERCEDES-BENZ INDIA PVT LTD,M BENZ GLC300 4MATIC E4,MERCEDES
MERCEDES-BENZ INDIA PVT LTD,GLS 63 4MATIC COUPE,MERCEDES
MERCEDES-BENZ INDIA PVT LTD,MERCEDES BENZ S 350,MERCEDES
MERCEDES-BENZ INDIA PVT LTD,MERCEDES BENZ S 350 CDIL EIV,MERCEDES
MERCEDES-BENZ INDIA PVT LTD,MERCEDES BENZ S500BEL,MERCEDES
MERCEDES-BENZ INDIA PVT LTD,ML250,MERCEDES
MERCEDES-BENZ INDIA PVT LTD,GLS 350 D 4 MATIC,MERCEDES
MERCEDES-BENZ INDIA PVT LTD,BENZ C 300 CABRIOLET,MERCEDES
MERCEDES-BENZ INDIA PVT LTD,MERCEDESBENZ R350 IMPORTED BIV,MERCEDES
MERCEDES-BENZ INDIA PVT LTD,MERCEDESBENZA180,MERCEDES
MERCEDES-BENZ INDIA PVT LTD,CLA 200 CDI CKD,MERCEDES
MERCEDES-BENZ INDIA PVT LTD,MERCEDES BENZ E 220CDI,MERCEDES
MERCEDES-BENZ INDIA PVT LTD,GLA 200 SPORTS,MERCEDES
MERCEDES-BENZ INDIA PVT LTD,GL 350CDI,MERCEDES
"MERCEDES-BENZ INDIA PVT., LTD.",S350D BSVI,MERCEDES
MERCEDES-BENZ INDIA PVT LTD,AAON0160-000,MERCEDES
MERCEDES-BENZ INDIA PVT LTD,MEREEDES BENZ,MERCEDES
MERCEDES-BENZ INDIA PVT LTD.,GLA200 CDI SPORT UTILITY VEHICLE RHD BSIV,MERCEDES
MERCEDES-BENZ INDIA PVT LTD,BENZ S-350,MERCEDES
DAIMLER AG STUTTGART,A180 BLUE EFFICIENCY RHD AT BS,MERCEDES
MERCEDES-BENZ INDIA PVT LTD,BENZ E 200 CGI BS-IV,MERCEDES
MERCEDES-BENZ INDIA PVT LTD,MERCEDES BENZ GLS 350D BSIV,MERCEDES
MERCEDES-BENZ INDIA PVT LTD,W212 E350 CDI WITH AUTO TRANS,MERCEDES
MERCEDES-BENZ INDIA PVT LTD,MERCEDES BENZ C250 CDI 4,MERCEDES
MERCEDES-BENZ INDIA PVT LTD,MERCEDES BENZ E 200 BS-IV,MERCEDES
MERCEDES-BENZ INDIA PVT LTD,C250 D  M1 BS4,MERCEDES
DAIMLER CHRYSLER INDIA PVT LTD,BharathBenz 3723R 10x4 BSIII,MERCEDES
MERCEDES-BENZ INDIA PVT LTD.,W 212 E250 CDI AUTOMATIC TRANSMISSION  BSIV,MERCEDES
MERCEDES-BENZ INDIA PVT LTD,E 220 d BS IV,MERCEDES
MERCEDES-BENZ INDIA PVT LTD,MERCEDES CLA200,MERCEDES
MERCEDES-BENZ INDIA PVT LTD,MERCEDEZS BENZ C 250 CDI BS-IV,MERCEDES
MERCEDES-BENZ INDIA PVT LTD,MERCEDES BENZ C63AMG,MERCEDES
MERCEDES-BENZ INDIA PVT LTD,BENZ C 200 BE,MERCEDES
MERCEDES-BENZ INDIA PVT LTD,C220D,MERCEDES
MERCEDES-BENZ INDIA PVT LTD,BENZ C 200 CDI BS-IV,MERCEDES
MERCEDES-BENZ INDIA PVT LTD,"MERCEDES-BENZ INDIA PVT LTD, S 350 D",MERCEDES
MERCEDES-BENZ INDIA PVT LTD,MERCEDES BENZ CLA200CDI SPORTZ,MERCEDES
MERCEDES-BENZ INDIA PVT LTD,CLA 200CDI,MERCEDES
MERCEDES-BENZ INDIA PVT LTD,MERCEDEZ BENZ ML 350,MERCEDES
MERCEDES-BENZ INDIA PVT LTD.,C220 CDI BSIV,MERCEDES
MERCEDES -BENZ AG,B 180 CDI,MERCEDES
MERCEDES-BENZ INDIA PVT LTD,A 180 BLUE EFFICI WITH AUTO,MERCEDES
MERCEDES-BENZ INDIA PVT LTD,B 180 CDI CBU,MERCEDES
MERCEDES-BENZ INDIA PVT LTD,MERCEDES BENZ C220 D,MERCEDES
MERCEDES-BENZ INDIA PVT LTD.,W212 E220 CDI AT BSIV,MERCEDES
MERCEDES-BENZ INDIA PVT LTD,MERCEDES BENZ ML 350 CDI AUTOM,MERCEDES
MERCEDES-BENZ INDIA PVT LTD,M BENZ GL 350CDI,MERCEDES
MERCEDES-BENZ INDIA PVT LTD,M-BENZ-GLC-220-D,MERCEDES
MERCEDES-BENZ INDIA PVT LTD,MERCEDES C250CDI,MERCEDES
MERCEDES-BENZ INDIA PVT LTD,BENZ CLS 350,MERCEDES
DAIMLER CHRYSLER INDIA PVT LTD,MERCEDES BENZ S350,MERCEDES
MERCEDES-BENZ INDIA PVT LTD,W212 E200 CGI WITH A.T,MERCEDES
MERCEDES-BENZ INDIA PVT LTD,BENZ S 500,MERCEDES
MERCEDES-BENZ INDIA PVT LTD,MERCEDES BENZ E220,MERCEDES
MERCEDES-BENZ INDIA PVT LTD,MERCEDES BENZ GL350CDIBE,MERCEDES
MERCEDES-BENZ INDIA PVT LTD,S 350 d L,MERCEDES
MERCEDES-BENZ INDIA PVT LTD.,C200 BSIV,MERCEDES
MERCEDES-BENZ INDIA PVT LTD,CKD W-212 E250CDI AVAN,MERCEDES
MERCEDES-BENZ INDIA PVT LTD,MERCEDES BENZ E-220,MERCEDES
MERCEDES BENZ INDIA LIMITED,MERCEDEZ BENZ W203-C200 CDI,MERCEDES
DAIMLER CHRYSLER INDIA PVT LTD,BENZ E-280,MERCEDES
MERCEDES-BENZ INDIA PVT LTD,ML 250 CDI ,MERCEDES
MERCEDES-BENZ INDIA PVT LTD,E 350 CDI AVANTGARDE,MERCEDES
MERCEDES-BENZ INDIA PVT LTD,BENZ S 500 L,MERCEDES
MERCEDES-BENZ INDIA PVT LTD,BENZ GLA 200 D BS4,MERCEDES
MERCEDES-BENZ INDIA PVT LTD,W212  E200  CGI WITH AT,MERCEDES
MERCEDES-BENZ INDIA PVT LTD,MERCEDES  BENZS350,MERCEDES
MERCEDES-BENZ INDIA PVT LTD,BENZ E200,MERCEDES
MERCEDES-BENZ INDIA PVT LTD,MERCEDES BENZ S 400 L EURO IV,MERCEDES
MERCEDES-BENZ INDIA PVT LTD,MARCEDES BENZ S 320 CDI,MERCEDES
MERCEDES-BENZ INDIA PVT LTD,GL350 CDI WITH AUTO.TRANS.,MERCEDES
MERCEDES-BENZ INDIA PVT LTD,BENZ CLA 200CDI,MERCEDES
"MERCEDES-BENZ INDIA PVT., LTD.",GLS350D 4MATIC BSIV,MERCEDES
MERCEDES -BENZ AG,GLB 200,MERCEDES
MERCEDES-BENZ INDIA PVT LTD,MERCEDES BENZ C 200BE BSIV,MERCEDES
MERCEDES-BENZ INDIA PVT LTD,M BENZ ML250CDI EURO IV,MERCEDES
"MERCEDES-BENZ INDIA PVT., LTD.",ML250 CDI 4MATIC BLUE EFFICIENCY AT BSIV,MERCEDES
MERCEDES-BENZ INDIA PVT LTD,"MERCEDES-BENZ INDIA PVT LTD, M BENZ E350CDI",MERCEDES
MERCEDES-BENZ INDIA PVT LTD,GLE 250 d 4MATIC,MERCEDES
MERCEDES-BENZ INDIA PVT LTD,"E 220CDI BLUE EFFICENCY,BSIV",MERCEDES
MERCEDES-BENZ INDIA PVT LTD,BENZ C200K,MERCEDES
MERCEDES-BENZ INDIA PVT LTD,BENZ W212 E250 CDI,MERCEDES
MERCEDES-BENZ INDIA PVT LTD,GLE 250 D CKD,MERCEDES
MERCEDES-BENZ INDIA PVT LTD,MERCEDES-BENZ E250 CDI,MERCEDES
MERCEDES-BENZ INDIA PVT LTD,MERCEDES-BENZ GLA200CDI,MERCEDES
MERCEDES-BENZ INDIA PVT LTD,M BENZ C 200,MERCEDES
MERCEDES-BENZ INDIA PVT LTD,M BENZ E 200 BSIV,MERCEDES
MERCEDES-BENZ INDIA PVT LTD,C 200 BS IV,MERCEDES
MERCEDES-BENZ INDIA PVT LTD,C 220D BS6,MERCEDES
MERCEDES-BENZ INDIA PVT LTD,MERCDES BENZ E 280,MERCEDES
MERCEDES-BENZ INDIA PVT LTD,MERCEDES BENZ GLA200 D,MERCEDES
MERCEDES-BENZ INDIA PVT LTD,BENZ GL 350 CDI CKD,MERCEDES
MERCEDES-BENZ INDIA PVT LTD,MERCEDES AMG GLC43 4MATIC COUP,MERCEDES
MERCEDES-BENZ INDIA PVT LTD,MERCEDES BENZ GLE 250 D 4MATIC,MERCEDES
MERCEDES-BENZ INDIA PVT LTD,BENZ C 200,MERCEDES
MERCEDES-BENZ INDIA PVT LTD.,W204 C250 CDI WITH AT BSIV,MERCEDES
MERCEDES-BENZ INDIA PVT LTD,MERCEDES BENZ CKD W212 E250CDI,MERCEDES
MERCEDES-BENZ INDIA PVT LTD,MERCEDES-BENZ S350CDI,MERCEDES
MERCEDES-BENZ INDIA PVT LTD,BENZ E250CDI,MERCEDES
MERCEDES-BENZ INDIA PVT LTD,GLC 220D 4MATIC BSIV,MERCEDES
MERCEDES-BENZ INDIA PVT LTD,BENZ B180CDI BE,MERCEDES
MERCEDES-BENZ INDIA PVT LTD,GLC 220 D 4MATIC,MERCEDES
MERCEDES -BENZ AG,MERCEDES-AMG E 53 4MATIC,MERCEDES
MERCEDES-BENZ INDIA PVT LTD,M BENZ C 63 AMG,MERCEDES
MERCEDES -BENZ AG,EQB 350 4MATIC,MERCEDES
MERCEDES-BENZ INDIA PVT LTD,GLE250 D 4MATIC,MERCEDES
MERCEDES-BENZ INDIA PVT LTD,BENZ E 350,MERCEDES
MERCEDES-BENZ INDIA PVT LTD,MERCEDES BENZ GLA 200D,MERCEDES
MERCEDES-BENZ INDIA PVT LTD,W 164 ML 350 AT,MERCEDES
MERCEDES-BENZ INDIA PVT LTD,E 220 d,MERCEDES
MERCEDES-BENZ INDIA PVT LTD,MERCEDES BENZ B 200 CDI BSIV,MERCEDES
MERCEDES-BENZ INDIA PVT LTD,MERCEDES BENZ GLA 200 D,MERCEDES
MERCEDES-BENZ INDIA PVT LTD,MERCEDES BENZ C-220D BSIV,MERCEDES
MERCEDES-BENZ INDIA PVT LTD,GLA220 D 4MATIC BSIV,MERCEDES
MERCEDES-BENZ INDIA PVT LTD,C200 BLUEFFICIENCY,MERCEDES
MERCEDES-BENZ INDIA PVT LTD,MERCEDES BENZ GLA 200CDI,MERCEDES
"MERCEDES-BENZ INDIA PVT., LTD.",E220D BSIV,MERCEDES
MERCEDES-BENZ INDIA PVT LTD,MERCEDES BENZ CLA200 BSIV,MERCEDES
MERCEDES-BENZ INDIA PVT LTD,MERCEDES V221 S350L,MERCEDES
MERCEDES-BENZ INDIA PVT LTD,BENZ B180,MERCEDES
MERCEDES-BENZ INDIA PVT LTD,GL350CD14M/WITH BLUE EFFI,MERCEDES
MERCEDES-BENZ INDIA PVT LTD,350 CDI,MERCEDES
MERCEDES -BENZ AG,S 400 D 4MATIC,MERCEDES
MERCEDES-BENZ INDIA PVT LTD,S 450,MERCEDES
DAIMLER CHRYSLER INDIA P LTD,MERCEDESBENZ-V221-S320CDI L (W,MERCEDES
MERCEDES-BENZ INDIA PVT LTD,MERCEDES BENZ C250 CDI AT,MERCEDES
MERCEDES-BENZ INDIA PVT LTD,MERCEDES BENZ A180,MERCEDES
MERCEDES-BENZ INDIA PVT LTD,E350 CDI,MERCEDES
MERCEDES -BENZ AG,MERCEDES-AMG G 63,MERCEDES
MERCEDES-BENZ INDIA PVT LTD,MERCEDES BENZ C 200 BSIV,MERCEDES
MERCEDES-BENZ INDIA PVT LTD,M BENZ GLA 200,MERCEDES
MERCEDES-BENZ INDIA PVT LTD,MERCEDES BENZ R 500 L RHD,MERCEDES
MERCEDES-BENZ INDIA PVT LTD,BENZ A 200 CDI BS IV,MERCEDES
MERCEDES-BENZ INDIA PVT LTD,GL350 CDI 4MATIC,MERCEDES
MERCEDES-BENZ INDIA PVT LTD,MERCEDES BENZ E 200,MERCEDES
MERCEDES-BENZ INDIA PVT LTD,BENZ C220CDI,MERCEDES
MERCEDES-BENZ INDIA PVT LTD,M BENZ E 350 CGI,MERCEDES
MERCEDES-BENZ INDIA PVT LTD,C-220 CDI,MERCEDES
MERCEDES-BENZ INDIA PVT LTD,E350D BSIV,MERCEDES
MERCEDES-BENZ INDIA PVT LTD,ML250 CDI 4MATIC,MERCEDES
MERCEDES-BENZ INDIA PVT LTD,MERCEDEZ BENZ C 200K  BS-III,MERCEDES
MERCEDES-BENZ INDIA PVT LTD,GLE 250 D4MATIC,MERCEDES
MERCEDES-BENZ INDIA PVT LTD,MERCEDES BENZ S500,MERCEDES
MERCEDES-BENZ INDIA PVT LTD,MERCEDES E350,MERCEDES
MERCEDES-BENZ INDIA PVT LTD,BENZ SLK 350,MERCEDES
MERCEDES-BENZ INDIA PVT LTD,33,MERCEDES
MERCEDES-BENZ INDIA PVT LTD,MERCEDES BENZ CAR ML350CDI,MERCEDES
MERCEDES-BENZ INDIA PVT LTD,ML350 CDI 4MATIC WITH BLUE EFF,MERCEDES
MERCEDES-BENZ INDIA PVT LTD,GLS350D 4MATIC PASSNGCAR M1BS4,MERCEDES
MERCEDES-BENZ INDIA PVT LTD,BENZ S350 D L EURO IV,MERCEDES
MERCEDES-BENZ INDIA PVT LTD,MERCEDES BENZ E 250 CDI EIV,MERCEDES
MERCEDES-BENZ INDIA PVT LTD,GLE 250 D4 MATIC,MERCEDES
"MERCEDES-BENZ INDIA PVT., LTD.",C220 D BSIV,MERCEDES
MERCEDES-BENZ INDIA PVT LTD,M BENZ W212 E250 CDI EIV,MERCEDES
MERCEDES-BENZ INDIA PVT LTD,MERCEDES BENZ E200 CGI AT,MERCEDES
MERCEDES-BENZ INDIA PVT LTD,BENZ GLS 350 D,MERCEDES
MERCEDES-BENZ INDIA PVT LTD,MERCEDES BENZ E270 CDI,MERCEDES
MERCEDES-BENZ INDIA PVT LTD,CKD W-212 E 250CDI AVAN,MERCEDES
MERCEDES-BENZ INDIA PVT LTD,W204 C220 CDI BLUE EFFIC A/T,MERCEDES
MERCEDES-BENZ INDIA PVT LTD,C 200  CGI BS IV,MERCEDES
MERCEDES -BENZ AG,MERCEDES MAYBACH S,MERCEDES
MERCEDES-BENZ INDIA PVT LTD,W204 C200 BLUE EFFICIENCY AT,MERCEDES
MERCEDES-BENZ INDIA PVT LTD,GLA 220 D BSVI,MERCEDES
MERCEDES-BENZ INDIA PVT LTD,W204 C250 CDI BLUE EFFI.A T,MERCEDES
MERCEDES-BENZ INDIA PVT LTD,W 204 C 220CDI BE AT,MERCEDES
MERCEDES-BENZ INDIA PVT LTD,MERCEDES BENZ C200 B. E.,MERCEDES
MERCEDES-BENZ INDIA PVT LTD,GLA  200 CDI,MERCEDES
MERCEDES-BENZ INDIA PVT LTD,MERCEDES BENZ GLA,MERCEDES
MERCEDES-BENZ INDIA PVT LTD,M BENZ GLE 350D 4MATIC,MERCEDES
MERCEDES-BENZ INDIA PVT LTD,CKD W 212 E220 CDI,MERCEDES
MERCEDES-BENZ INDIA PVT LTD,E200 CGI WITH AUTOMATIC TRANSM,MERCEDES
MERCEDES-BENZ INDIA PVT LTD,BENZ ML250CDI,MERCEDES
MERCEDES-BENZ INDIA PVT LTD,BENZ C 220 CDI,MERCEDES
MERCEDES-BENZ INDIA PVT LTD,GLC 220D 4 MATIC,MERCEDES
MERCEDES-BENZ INDIA PVT LTD,GL420 CDI,MERCEDES
MERCEDES-BENZ INDIA PVT LTD,ML 250 CDI 4MATIC,MERCEDES
MERCEDES-BENZ INDIA PVT LTD,CKD W-204 C200BE AVANT,MERCEDES
MERCEDEZ BENZ - IMPORTED,MERCEDES BENZ,MERCEDES
MERCEDES-BENZ INDIA PVT LTD,CKD W 204 C 200 CGI,MERCEDES
MERCEDES-BENZ INDIA PVT LTD,M BENZ GLC 220 D BSIV,MERCEDES
MERCEDES-BENZ INDIA PVT LTD,GLE450 AMG COUPE,MERCEDES
MERCEDES-BENZ INDIA PVT LTD,S 350 D,MERCEDES
MERCEDES-BENZ INDIA PVT LTD,MERCEDES  BENZ C 200,MERCEDES
MERCEDES-BENZ INDIA PVT LTD,BENZ AMG G63 EURO IV,MERCEDES
MERCEDES-BENZ INDIA PVT LTD,ML350 CDI,MERCEDES
MERCEDES-BENZ INDIA PVT LTD,MERCEDES BENZ ML250CDI,MERCEDES
MERCEDES-BENZ INDIA PVT LTD,MERCEDES BENZ C 200CGI,MERCEDES
MERCEDES-BENZ INDIA PVT LTD,MERCEDES W212 E350 WITH AT,MERCEDES
MERCEDES-BENZ INDIA PVT LTD,M BENZ C 250 CDI BE,MERCEDES
MERCEDES-BENZ INDIA PVT LTD,C250 D BSIV,MERCEDES
DAIMLER CHRYSLER AG,ATEGO 818 L 4X2 MERCEDES BENZ,MERCEDES
MERCEDES-BENZ INDIA PVT LTD.,C 300 D BSVI,MERCEDES
MERCEDES-BENZ INDIA PVT LTD,V 220 D E C E CAR,MERCEDES
MERCEDES-BENZ INDIA PVT LTD,GLA 200 CDI BS4,MERCEDES
MERCEDES -BENZ AG,MERCEDES-MAYBACH GLS600 4MATIC,MERCEDES
MERCEDES-BENZ INDIA PVT LTD,CLA 200 CDI,MERCEDES
MERCEDES-BENZ INDIA PVT LTD,M BENZ CKD W212 E350,MERCEDES
MERCEDES-BENZ INDIA PVT LTD,MERCEDES BENZ GLA  200 CDI,MERCEDES
DAIMLER CHRYSLER INDIA P LTD,S 500 L WITH A.T.,MERCEDES
MERCEDES-BENZ INDIA PVT LTD,BENZ GLC220 D4 MATIC,MERCEDES
MERCEDES-BENZ INDIA PVT LTD.,CLA200 CDI BSIV,MERCEDES
MERCEDES-BENZ INDIA PVT LTD,MERCEDES B180,MERCEDES
MERCEDES-BENZ INDIA PVT LTD,GLA 200d WITH BLACK ROOF BS IV,MERCEDES
MERCEDES-BENZ INDIA PVT LTD,W 212 E250 CDI WITH AT,MERCEDES
MERCEDES-BENZ INDIA PVT LTD,S 400D 4 MATIC BSVI,MERCEDES
MERCEDES-BENZ INDIA PVT LTD,BENZ C230,MERCEDES
MERCEDES-BENZ INDIA PVT LTD,BENZ GLE 250D 4MATIC,MERCEDES
MERCEDES-BENZ INDIA PVT LTD,MERCEDES- BENZ  GL350 CDI,MERCEDES
MERCEDES-BENZ INDIA PVT LTD,MERCEDES BENZ E280,MERCEDES
MERCEDES-BENZ INDIA PVT LTD,E 250 CDI AVANTGARDE,MERCEDES
MERCEDES-BENZ INDIA PVT LTD,MERCEDEZ BENZ 200,MERCEDES
MERCEDES-BENZ INDIA PVT LTD,W 212 E250 CDI AT,MERCEDES
"MERCEDES-BENZ INDIA PVT., LTD.",GLA 200 BSVI,MERCEDES
MERCEDES-BENZ INDIA PVT LTD,MERCEDES BENZ E 250 CDI,MERCEDES
MERCEDES-BENZ INDIA PVT LTD,E 350 CDI,MERCEDES
MERCEDES-BENZ INDIA PVT LTD,BENZ GL350CDI BE,MERCEDES
MERCEDES-BENZ INDIA PVT LTD,C 250 CDI,MERCEDES
MERCEDES-BENZ INDIA PVT LTD,BENZ G63 AMG,MERCEDES
MERCEDES-BENZ INDIA PVT LTD,BENZ E 200 BE WITH 7 SPEED AT,MERCEDES
MERCEDES-BENZ INDIA PVT LTD,MERCDES BENZ C200CGI,MERCEDES
MERCEDES -BENZ AG,E1 2001/116 0431 555 000,MERCEDES
MERCEDES-BENZ INDIA PVT LTD,BENZ CLA 200 D EURO IV,MERCEDES
MERCEDES-BENZ INDIA PVT LTD,MERCEDES BENZW212/E200,MERCEDES
MERCEDES-BENZ INDIA PVT LTD,W211 E200 KOMPRESSOR,MERCEDES
MERCEDES-BENZ INDIA PVT LTD,BENZ S350 CDIL FL,MERCEDES
MERCEDES-BENZ INDIA PVT LTD,BENZ E 200 BE,MERCEDES
MERCEDES-BENZ INDIA PVT LTD,S350 CDIL,MERCEDES
MERCEDES-BENZ INDIA PVT LTD,BENZ C220D,MERCEDES
MERCEDES-BENZ INDIA PVT LTD,MERCEDES,MERCEDES
MERCEDES-BENZ INDIA PVT LTD,W212 E250 CDI AT,MERCEDES
MERCEDES-BENZ INDIA PVT LTD,MERCEDES BENZ GLA200 CDI BS ,MERCEDES
MERCEDES-BENZ INDIA PVT LTD,BENZ B 180 CDI,MERCEDES
MERCEDES-BENZ INDIA PVT LTD,W 210-E230 (AUTOMATIC)CAR,MERCEDES
MERCEDES-BENZ INDIA PVT LTD,ML350CDI,MERCEDES
MERCEDES-BENZ INDIA PVT LTD,MERCEDEZ BENZ GLA200 CDI,MERCEDES
MERCEDES-BENZ INDIA PVT LTD,M BENZ GLE 350 D,MERCEDES
MERCEDES-BENZ INDIA PVT LTD,MERCEDES BENZ A 200 CDI,MERCEDES
MERCEDES-BENZ INDIA PVT LTD,"MERCEDES-BENZ INDIA PVT LTD, GLS 400 D 4MATIC",MERCEDES
MERCEDES-BENZ INDIA PVT LTD,MERCEDES BENZ ML-350 CDI,MERCEDES
MERCEDES-BENZ INDIA PVT LTD,MER BENZ GLC 2200,MERCEDES
MERCEDES-BENZ INDIA PVT LTD,MERCEDES BENZ CLA200D CKD,MERCEDES
MERCEDES-BENZ INDIA PVT LTD,GLC 200,MERCEDES
MERCEDES-BENZ INDIA PVT LTD,MERCEDES BENZ S350 CDI,MERCEDES
MERCEDES-BENZ INDIA PVT LTD,MERCEDES BENZ C220,MERCEDES
MERCEDES-BENZ INDIA PVT LTD,MERCEDES BENZ GL350CDI,MERCEDES
MERCEDES-BENZ INDIA PVT LTD,A-180CDI,MERCEDES
MERCEDES-BENZ INDIA PVT LTD,CKD W-204 C220 CDIBE CLASSIC,MERCEDES
MERCEDES-BENZ INDIA PVT LTD,M BENZ GL350CDI,MERCEDES
MERCEDES-BENZ INDIA PVT LTD,CKD W 212 E 250 CDI,MERCEDES
MERCEDES-BENZ INDIA PVT LTD,,MERCEDES
MERCEDES-BENZ INDIA PVT LTD,MERCEDS BENZ B180 ,MERCEDES
MERCEDES-BENZ INDIA PVT LTD,C 200 BE,MERCEDES
MERCEDES-BENZ INDIA PVT LTD,GLS 400 D 4 MATIC BSVI-PH2,MERCEDES
MERCEDES-BENZ INDIA PVT LTD,MERCEDESBENZ C250 CDI BSIV AT,MERCEDES
MERCEDES-BENZ INDIA PVT LTD,W212 E250 CDI WITH AUTO TRANS,MERCEDES
MERCEDES-BENZ INDIA PVT LTD,BENZ S 500L,MERCEDES
MERCEDES-BENZ INDIA PVT LTD,CAR,MERCEDES
MERCEDES-BENZ INDIA PVT LTD,W204 C220 CDI BE AT BSIV,MERCEDES
