rc_maker_desc,rc_maker_model,Mapped Name
MG MOTOR INDIA PVT LTD,HECTOR DE 2.0 MT SMART,MG
MG MOTOR INDIA PVT LTD,MG ZS EV (A) EXCLUSIVE,MG
MG MOTOR INDIA PVT LTD,GLOSTER DE 4X4 6 SEAT SAVVY,MG
MG MOTOR INDIA PVT LTD,GLOSTER 4X2 7S SAVVY,MG
MG MOTOR INDIA PVT LTD,HECTOR+ DSL 2.0MT SHARP BS6,MG
MG MOTOR INDIA PVT LTD,HECTORPLUS 7SEAT DEMT SUPERBS6,MG
MG MOTOR INDIA PVT LTD,GLOSTER DE 4X4 7 SEAT SAVVY,MG
MG MOTOR INDIA PVT LTD,HECTOR SAVVYPRO CVT,MG
MG MOTOR INDIA PVT LTD,ZS ASTOR VTI-TECH CVT SAVVY,MG
MG MOTOR INDIA PVT LTD,HECTORPLU 7 SEAT DEMT SMARTBS6,MG
MG MOTOR INDIA PVT LTD,HECTOR SMART PRO DSL MT,MG
MG MOTOR INDIA PVT LTD,HECTOR DSL 2.0MT SMART BS6,MG
JSW MG MOTOR INDIA PVT LTD,HECTOR DIESEL 2.0MT SHARP BSVI,MG
MG MOTOR INDIA PVT LTD,HECTOR SHARP PRO CVT,MG
MG MOTOR INDIA PVT LTD,HECTOR DIESEL 2.0MT SHARP BSVI,MG
M/S MG MOTOR INDIA PRIVATE LIMITED,ZS - EV EXCLUSIVE BOV,MG
JSW MG MOTOR INDIA PVT LTD,ZS EV EXECUTIVE,MG
M/S MG MOTOR INDIA PRIVATE LIMITED,HECTOR- DIESEL 2.0 MT SHARP BS,MG
MG MOTOR INDIA PVT LTD,ZS ASTOR VTI-TECH CVT SMART,MG
M/S MG MOTOR INDIA PRIVATE LIMITED,HECTOR SHARPPRO 1626GCA BSVI-P,MG
MG MOTOR INDIA PVT LTD,HECTOR PR 1.5MT HYBRID SHARP,MG
M/S MG MOTOR INDIA PRIVATE LIMITED,ZS ASTOR VTI-TECH CVT SAVVY BS,MG
MG MOTOR INDIA PVT LTD,ZS ASTOR VTI-TECH CVT SAVVYRED,MG
M/S MG MOTOR INDIA PRIVATE LIMITED,HECTOR PLUS 6 SEATER DIESEL2.0,MG
MG MOTOR INDIA PVT LTD,"MG MOTOR INDIA PVT LTD, ZS ASTOR VTI-TECH MT SHARP",MG
M/S MG MOTOR INDIA PRIVATE LIMITED,HECTOR  GASOLINE 1.5 TCIC MT H,MG
M/S MG MOTOR INDIA PRIVATE LIMITED,ZS ASTOR VTI-TECH MT SHARP BSV,MG
JSW MG MOTOR INDIA PVT LTD,WINDSOR EV ESSENCE,MG
MG MOTOR INDIA PVT LTD,HECTOR PE 1.5 DCT SHARP,MG
MG MOTOR INDIA PVT LTD,ZS ASTOR 220TURBO 6AT SAVVY R,MG
M/S MG MOTOR INDIA PRIVATE LIMITED,HECTOR DIESEL 2.0 MT SMART BSIV,MG
MG MOTOR INDIA PVT LTD,HECTORPLUS DE 7SEAT SUPER BSVI,MG
M/S MG MOTOR INDIA PRIVATE LIMITED,HECTOR-PLUS 6STR GSO1.5TCIC DC,MG
MG MOTOR INDIA PVT LTD,"MG MOTOR INDIA PVT LTD, GLOSTER 4X4 6S SAVVY",MG
M/S MG MOTOR INDIA PRIVATE LIMITED,HECTOR PLUS 6 SEATER DIESEL2.0 MT SHARP- BSVI,MG
M/S MG MOTOR INDIA PRIVATE LIMITED,GLOSTER DI 2.0TWIN TURBO4X4 7S,MG
M/S MG MOTOR INDIA PRIVATE LIMITED,HECTOR-PLUS 6STR GSO1.5TCIC MT,MG
MG MOTOR INDIA PVT LTD,ZS ASTOR VTITECH MT SHARP BS6,MG
JSW MG MOTOR INDIA PVT LTD,HECTOR PE 1.5 DCT SHARP,MG
MG MOTOR INDIA PVT LTD,HECTOR PE 1.5 MT STYLE,MG
MG MOTOR INDIA PVT LTD,ZS ASTOR BLACK STORM MT,MG
M/S MG MOTOR INDIA PRIVATE LIMITED,HECTOR PLUS 6STR GASOLINE 1.5TCIC CVTSHARP BSVI,MG
MG MOTOR INDIA PVT LTD,"MG MOTOR INDIA PVT LTD, ZS ASTOR VTI-TECH CVT SMART",MG
MG MOTOR INDIA PVT LTD,COMET EV EXCLUSIVE FC,MG
MG MOTOR INDIA PVT LTD,HECTORPLUS DE 6SEAT SMART BSVI,MG
MG MOTOR INDIA PVT LTD,HECTORPLUS 6 SHARP PRO DSL MT,MG
JSW MG MOTOR INDIA PVT LTD,ZS ASTOR VTI-TECH CVT SAVVYRED,MG
M/S MG MOTOR INDIA PRIVATE LIMITED,ZS EV EXCLUSIVE BOV,MG
MG MOTOR INDIA PVT LTD,GLOSTER DSL2.0T4X2 AT SMARTBS6,MG
JSW MG MOTOR INDIA PVT LTD,HECTOR+ 7S DSL2.0MT SELECT BS6,MG
MG MOTOR INDIA PVT LTD,"MG MOTOR INDIA PVT LTD, ZS EV EXCLUSIVE",MG
MG MOTOR INDIA PVT LTD,"MG MOTOR INDIA PVT LTD, HECTOR SHARP PRO CVT",MG
MG MOTOR INDIA PVT LTD,"MG MOTOR INDIA PVT LTD, ZS ASTOR VTI-TECH MT STYLE EX",MG
MG MOTOR INDIA PVT LTD,ZS ASTOR VTI-TECH CVT SUPER,MG
MG MOTOR INDIA PVT LTD,"MG MOTOR INDIA PVT LTD, HECTOR PE 1.5 CVT SHARP BSVI",MG
MG MOTOR INDIA PVT LTD,ZS ASTOR VTI-TECH CVT SHARP,MG
MG MOTOR INDIA PVT LTD,HECTORPLUS DE 7SEAT SELECT,MG
MG MOTOR INDIA PVT LTD,ZS ASTOR VTITECH MT SUPER BS6,MG
MG MOTOR INDIA PVT LTD,GLOSTER 4X4 6S SAVVY,MG
MG MOTOR INDIA PVT LTD,HECTORPLUS6 SAVVYPRO CVT,MG
MG MOTOR INDIA PVT LTD,HECTOR+ 7S DSL2.0MT STYLE BS6,MG
MG MOTOR INDIA PVT LTD,"MG MOTOR INDIA PVT LTD, HECTOR PLUS 6SEAT HYBRID SHARP",MG
MG MOTOR INDIA PVT LTD,HECTOR+ GSLN1.5TCICDCTSHARPBS6,MG
MG MOTOR INDIA PVT LTD,GLOSTER DE 4X2 7 SEAT SUPER,MG
M/S MG MOTOR INDIA PRIVATE LIMITED,HECTOR- PLUS6 STR DIESEL 2.0 MT SHARP BSVI,MG
MG MOTOR INDIA PVT LTD,HECTOR PE CVT SHINE BSVI,MG
MG MOTOR INDIA PVT LTD,HECTOR BLACKSTORM CVT,MG
MG MOTOR INDIA PVT LTD,HECTORPLUS PE 1.5MT STYLE BSVI,MG
MG MOTOR INDIA PVT LTD,GLOSTER DE 4X4 6 SEAT SHARP,MG
MG MOTOR INDIA PVT LTD,MG ZS EV EXCITE,MG
MG MOTOR INDIA PVT LTD,"MG MOTOR INDIA PVT LTD, ZS ASTOR VTI-TECH MT SMART",MG
MG MOTOR INDIA PVT LTD,ZS ASTOR 220TURBO 6AT SHARP,MG
MG MOTOR INDIA PVT LTD,2128GFJ,MG
MG MOTOR INDIA PVT LTD,GLOSTER DE 4X2 6 SEAT SMART,MG
M/S MG MOTOR INDIA PRIVATE LIMITED,ZS EV EXCLUSIVE 2016 EAF BOV,MG
M/S MG MOTOR INDIA PRIVATE LIMITED,HECTOR DIESEL 2.0 MT SHARP BSI,MG
MG MOTOR INDIA PVT LTD,COMET EV PLAY,MG
MG MOTOR INDIA PVT LTD,HECTOR SHARP PRO MT,MG
MG MOTOR INDIA PVT LTD,WINDSOR EV ESSENCE,MG
MG MOTOR INDIA PVT LTD,ZS EV EXCLUSIVE PLUS IVORY,MG
MG MOTOR INDIA PVT LTD,HECTOR CVT SHARP DT,MG
M/S MG MOTOR INDIA PRIVATE LIMITED,HECTOR DIESEL 2.0 MT SHARP BSV,MG
MG MOTOR INDIA PVT LTD,ZS ASTOR VTITECH MT STLE BS6,MG
M/S MG MOTOR INDIA PRIVATE LIMITED,HECTOR- PLUS 7 STR DIESEL 2.0 MT SELECT BSVI,MG
M/S MG MOTOR INDIA PRIVATE LIMITED,HECTOR DIESEL 2.0 MT SUPER BSIV,MG
MG MOTOR INDIA PVT LTD,HECTORPLUS7 SHARPPRO DSL 6MT,MG
MG MOTOR INDIA PVT LTD,HECTOR PLUS6 SHARP PRO EX MT,MG
MG MOTOR INDIA PVT LTD,"MG MOTOR INDIA PVT LTD, GLOSTER DE 4X4 7 SEAT SAVVY",MG
MG MOTOR INDIA PVT LTD,HECTORPLUS6 SHARPPRO CVT,MG
JSW MG MOTOR INDIA PVT LTD,HECTOR DE 2.0 MT SHARP,MG
MG MOTOR INDIA PVT LTD,HECTOR PE 1.5DCT SHARP BSVI,MG
MG MOTOR INDIA PVT LTD,HECTORPLUS7 SHARPPRO CVT,MG
JSW MG MOTOR INDIA PVT LTD,HECTORPLUS 1.5 CVT SHARP BSVI,MG
M/S MG MOTOR INDIA PRIVATE LIMITED,HECTOR- GASOLINE 1.5 TCIC DCT SHARP BSVI,MG
M/S MG MOTOR INDIA PRIVATE LIMITED,HECTOR- GASOLINE 1.5 TCIC DCT-,MG
MG MOTOR INDIA PVT LTD,HECTOR+ 7S DSL2.0MT SELECT BS6,MG
MG MOTOR INDIA PVT LTD,"MG MOTOR INDIA PVT LTD, HECTOR CVT SHARP DT",MG
MG MOTOR INDIA PVT LTD,GLOSTER 4X2 7S BLACK STORM,MG
MG MOTOR INDIA PVT LTD,HECTOR PLUS DE2.0MT SHARP BSVI,MG
MG MOTOR INDIA PVT LTD,HECTORPLUS 6SEAT DEMT SHARPBS6,MG
M/S MG MOTOR INDIA PRIVATE LIMITED,HECTORPLUS6 SHARPPRO 1623GEH B,MG
MG MOTOR INDIA PVT LTD,HECTOR DSL2.0MT SHARPCCM1BS4,MG
M/S MG MOTOR INDIA PRIVATE LIMITED,HECTOR GASOLINE 1.5 TCIC MT SH,MG
MG MOTOR INDIA PVT LTD,HECTORPLU 7 SHARP PRO CVT,MG
MG MOTOR INDIA PVT LTD,ZS ASTOR VTITECH CVT SUPER BS6,MG
MG MOTOR INDIA PVT LTD,HECTOR GASOLINE1.5TCICMTHSHBS4,MG
MG MOTOR INDIA PVT LTD,"MG MOTOR INDIA PVT LTD, HECTOR DIESEL 2.0 SHINE BSVI",MG
M/S MG MOTOR INDIA PRIVATE LIMITED,GLOSTER 4X4 6S SAVVY 1404DDG B,MG
MG MOTOR INDIA PVT LTD,HECTORPLUS 6SEATSHARP DCT BSVI,MG
M/S MG MOTOR INDIA PRIVATE LIMITED,HECTOR GESOLINE 1.5 TCIC DCT SHARP BSIV,MG
MG MOTOR INDIA PVT LTD,"MG MOTOR INDIA PVT LTD, HECTOR PR 1.5MT HYBRID SHARP",MG
MG MOTOR INDIA PVT LTD,"MG MOTOR INDIA PVT LTD, HECTOR DE 2.0 MT SHARP",MG
MG MOTOR INDIA PVT LTD,HECTOR SMART PRO MT,MG
JSW MG MOTOR INDIA PVT LTD,HECTOR PR 1.5MT HYBRID SHARP,MG
MG MOTOR INDIA PVT LTD,HECTOR DE MT SHARP BSVI,MG
MG MOTOR INDIA PVT LTD,HECTOR PLUS7 SHARP PRO MT,MG
MG MOTOR INDIA PVT LTD,HECTOR SHAPRPRO DSL 6MT,MG
M/S MG MOTOR INDIA PRIVATE LIMITED,ZS ASTOR VTI-TECH MT SUPER BSV,MG
MG MOTOR INDIA PVT LTD,HECTOR DIESEL2.0MT STYLE BS4,MG
MG MOTOR INDIA PVT LTD,HECTORPLUS6 SHARPPRO 6MT,MG
MG MOTOR INDIA PVT LTD,CHEVROLET SAIL UVA/AC,MG
MG MOTOR INDIA PVT LTD,HECTOR PE 1.5 DCT SMART,MG
MG MOTOR INDIA PVT LTD,HECTOR PLUS 7 SHARP PRO CVT,MG
MG MOTOR INDIA PVT LTD,HECTOR PLUS 7SEAT HYBRID SUPER,MG
MG MOTOR INDIA PVT LTD,ZS EV EXCLUSIVE PRO IVORY,MG
M/S MG MOTOR INDIA PRIVATE LIMITED,HECTOR PLUS 6STR GASOLINE 1.5T,MG
M/S MG MOTOR INDIA PRIVATE LIMITED,HECTOR PLUS 6STR GASO1.5TCICMTHYBRID SHARP BSVI,MG
MG MOTOR INDIA PVT LTD,"MG MOTOR INDIA PVT LTD, HECTOR PE CVT SHINE BSVI",MG
M/S MG MOTOR INDIA PRIVATE LIMITED,COMET EV PLAY 3002EBR BOV,MG
M/S MG MOTOR INDIA PRIVATE LIMITED,ZS EV EXCLUSIVE 2017EAF BOV,MG
MG MOTOR INDIA PVT LTD,HECTOR PE 1.5 MT SUPER,MG
M/S MG MOTOR INDIA PRIVATE LIMITED,HECTOR DIESEL 2.0 MT SMART BSV,MG
MG MOTOR INDIA PVT LTD,HECTOR GASOLINE1.5TCICMTHYSBS4,MG
MG MOTOR INDIA PVT LTD,"MG MOTOR INDIA PVT LTD, ZS ASTOR VTI-TECH CVT SAVVY",MG
M/S MG MOTOR INDIA PRIVATE LIMITED,HECTOR- SHARP DT 1537GEH BSVI,MG
M/S MG MOTOR INDIA PRIVATE LIMITED,HECTOR  GASOLINE 1.5 TCIC MT S,MG
M/S MG MOTOR INDIA PRIVATE LIMITED,HECTOR- DIESEL 2.0 MT SHARP BSVI,MG
MG MOTOR INDIA PVT LTD,ZS EV EXCITE PRO,MG
MG MOTOR INDIA PVT LTD,HECTOR PE 1.5 MT SUPER BSVI,MG
MG MOTOR INDIA PVT LTD,HECTOR PE 1.5MT SUPER BSVI,MG
MG MOTOR INDIA PVT LTD,ZS ASTOR VTI-TECH MT SHARP EX,MG
MG MOTOR INDIA PVT LTD,HECTORPLUS DE 7SEAT STYLE BSVI,MG
M/S MG MOTOR INDIA PRIVATE LIMITED,HECTOR DIESEL 2.0 MT SUPER BSV,MG
MG MOTOR INDIA PVT LTD,HECTOR GSOLN1.5TCICMTHYSHRPBS6,MG
JSW MG MOTOR INDIA PVT LTD,ASTOR VTI TECH CVT SELECT,MG
MG MOTOR INDIA PVT LTD,"MG MOTOR INDIA PVT LTD, HECTORPLUS DE 6SEAT SHARP BSVI",MG
MG MOTOR INDIA PVT LTD,"MG MOTOR INDIA PVT LTD, ZS ASTOR 220TURBO 6AT SHARP",MG
MG MOTOR INDIA PVT LTD,HECTOR SHARP PRO DSL MT,MG
MG MOTOR INDIA PVT LTD,ZS ASTOR BLACK STORM CVT,MG
MG MOTOR INDIA PVT LTD,HECTOR DSL 2.0MT SHARP BS6,MG
MG MOTOR INDIA PVT LTD,GLOSTER 4X4 6S BLACK STORM,MG
MG MOTOR INDIA PVT LTD,COMET EV EXCLUSIVE,MG
MG MOTOR INDIA PVT LTD,HECTOR DE 2.0 MT SHARP,MG
MG MOTOR INDIA PVT LTD,HECTORPLUS6 SHARPPRO DSL 6MT,MG
MG MOTOR INDIA PVT LTD,HECTORPLUS 6 SEATSHARP DCT BS6,MG
MG MOTOR INDIA PVT LTD,"MG MOTOR INDIA PVT LTD, GLOSTER 4X2 7S SAVVY",MG
MG MOTOR INDIA PVT LTD,HECTORPLUS 1.5 CVT SMART BSVI,MG
MG MOTOR INDIA PVT LTD,ZS ASTOR VTI-TECH MT SUPER EX,MG
MG MOTOR INDIA PVT LTD,HECTOR GSOLN1.5TCICCVTSHARPBS6,MG
M/S MG MOTOR INDIA PRIVATE LIMITED,HECTOR GASOLINE 1.5 TCIC  CVT SHINE- BSVI,MG
MG MOTOR INDIA PVT LTD,HECTOR SHARPPRO DSL 6MT,MG
JSW MG MOTOR INDIA PVT LTD,HECTORPLUS 6SEATSHARP DCT BSVI,MG
MG MOTOR INDIA PVT LTD,HECTOR DLS 2.0MT SUPER BS6,MG
M/S MG MOTOR INDIA PRIVATE LIMITED,HECTOR PLUS 6STR GASO1.5TCICMT,MG
MG MOTOR INDIA PVT LTD,ZS ASTOR VTITECH CVT SHARP BS6,MG
MG MOTOR INDIA PVT LTD,HECTOR GASLNE1.5TCICDCTSHM1BS4,MG
MG MOTOR INDIA PVT LTD,ZS ASTOR VTI-TECH MT SHARP R,MG
MG MOTOR INDIA PVT LTD,HECTOR PE 1.5MT HYBRID SHARP,MG
JSW MG MOTOR INDIA PVT LTD,ZS ASTOR VTI-TECH CVT SHARP,MG
MG MOTOR INDIA PVT LTD,GLOSTER 4X2 6S BLACK STROM,MG
MG MOTOR INDIA PVT LTD,HECTOR PLUS DE2.0MT SMART BSVI,MG
M/S MG MOTOR INDIA PRIVATE LIMITED,ZS EV EXCITE PRO BOV,MG
M/S MG MOTOR INDIA PRIVATE LIMITED,HECTOR- DIESEL 2.0 MT SHINE- B,MG
MG MOTOR INDIA PVT LTD,HECTOR SHINEPRO CVT,MG
M/S MG MOTOR INDIA PRIVATE LIMITED,HECTOR- PLUS 7 STR DIESEL 2.0,MG
MG MOTOR INDIA PVT LTD,HECTOR SELECTPRO DSL 6MT,MG
MG MOTOR INDIA PVT LTD,"MG MOTOR INDIA PVT LTD, HECTOR PE 1.5 CVT SMART BSVI",MG
MG MOTOR INDIA PVT LTD,HECTOR GASLN1.5TCICDCTSHARPBS6,MG
M/S MG MOTOR INDIA PRIVATE LIMITED,ZS ASTOR VTI-TECH MT STYLE BSV,MG
MG MOTOR INDIA PVT LTD,"MG MOTOR INDIA PVT LTD, ZS ASTOR VTI-TECH CVT SAVVY R",MG
MG MOTOR INDIA PVT LTD,HECTOR PE 1.5DCT SMART BSVI,MG
MG MOTOR INDIA PVT LTD,HECTOR GSOLN1.5TCIC MTSHINEBS6,MG
MG MOTOR INDIA PVT LTD,WINDSOR EV EXCLUSIVE,MG
MG MOTOR INDIA PVT LTD,GLOSTER DE 4X4 7 SEAT SHARP,MG
M/S MG MOTOR INDIA PRIVATE LIMITED,HECTOR GASOLINE 1.5 TCIC DCT S,MG
MG MOTOR INDIA PVT LTD,COMET EV PACE,MG
MG MOTOR INDIA PVT LTD,HECTORPLUS 6 SEATSMART DCT BS6,MG
MG MOTOR INDIA PVT LTD,"MG MOTOR INDIA PVT LTD, GLOSTER 4X2 6S SAVVY",MG
JSW MG MOTOR INDIA PVT LTD,ZS EV EXCLUSIVE IVORY,MG
M/S MG MOTOR INDIA PRIVATE LIMITED,HECTOR- PLUS6 STR DIESEL 2.0 M,MG
M/S MG MOTOR INDIA PRIVATE LIMITED,MG ZS EV EXCLUSIVE BOV,MG
M/S MG MOTOR INDIA PRIVATE LIMITED,HECTORPLUS7 SAVVYPR0 1639GEH B,MG
MG MOTOR INDIA PVT LTD,HECTOR PLUS 7 SAVVY PRO CVT,MG
MG MOTOR INDIA PVT LTD,HECTOR+ GSOLNE1.5TCICMTHSPRBS6,MG
MG MOTOR INDIA PVT LTD,"MG MOTOR INDIA PVT LTD, HECTORPLUS 1.5 CVT SHARP BSVI",MG
M/S MG MOTOR INDIA PRIVATE LIMITED,HECTOR GASOLINE 1.5 TCIC  CVT SHARP BSVI,MG
M/S MG MOTOR INDIA PRIVATE LIMITED,ZS ASTOR VTI-TECH MT SHARP BSVI,MG
MG MOTOR INDIA PVT LTD,HECTOR PLUS7 SHARP PRO EX MT,MG
MG MOTOR INDIA PVT LTD,HECTORPLUS 6SEATSMART DCT BSVI,MG
MG MOTOR INDIA PVT LTD,GLOSTER 4X4 7S SAVVY,MG
MG MOTOR INDIA PVT LTD,ZS EV EXCITE,MG
MG MOTOR INDIA PVT LTD,COMET EV EXCITE FC,MG
M/S MG MOTOR INDIA PRIVATE LIMITED,GLOSTER DI 2.0TWIN TURBO4X4 7STR 8AT SHARP BSVI,MG
M/S MG MOTOR INDIA PRIVATE LIMITED,HECTOR- GASOLINE 1.5 TCIC DCT,MG
MG MOTOR INDIA PVT LTD,HECTOR PE 1.5 CVT SMART BSVI,MG
M/S MG MOTOR INDIA PRIVATE LIMITED,HECTOR DIESEL 2.0 MT STYLE BSI,MG
MG MOTOR INDIA PVT LTD,"MG MOTOR INDIA PVT LTD, HECTORPLUS 6SEAT DEMT SHARPBS6",MG
M/S MG MOTOR INDIA PRIVATE LIMITED,HECTOR SAVVYPRO 1328GEH BSVI,MG
MG MOTOR INDIA PVT LTD,HECTOR SHARPPRO 6MT,MG
MG MOTOR INDIA PVT LTD,ZS EV EXCLUSIVE PLUS,MG
JSW MG MOTOR INDIA PVT LTD,ASTOR VTI TECH MT SELECT,MG
M/S MG MOTOR INDIA PRIVATE LIMITED,ZS ASTOR MT  MT SMART EX 2127GFJ BSVI,MG
MG MOTOR INDIA PVT LTD,HECTOR GASOLINE1.5TCICDCTSMBS4,MG
MG MOTOR INDIA PVT LTD,COMET EV EXECUTIVE,MG
MG MOTOR INDIA PVT LTD,ZS EV EXCLUSIVE PRO,MG
MG MOTOR INDIA PVT LTD,HECTOR PLUS6 CVT SHARP,MG
MG MOTOR INDIA PVT LTD,"MG MOTOR INDIA PVT LTD, HECTORPLUS 7SEATDEMT SELECTBS6",MG
MG MOTOR INDIA PVT LTD,HECTOR PLUS 6 SHARP PRO CVT,MG
MG MOTOR INDIA PVT LTD,HECTOR DE MT SUPER BSVI,MG
M/S MG MOTOR INDIA PRIVATE LIMITED,HECTOR GASOLINE 1.5 TCIC  CVT,MG
MG MOTOR INDIA PVT LTD,HECTOR GASLN1.5TCICMTSUPERBS6,MG
JSW MG MOTOR INDIA PVT LTD,HECTOR SHARP PRO CVT,MG
M/S MG MOTOR INDIA PRIVATE LIMITED,ZS ASTOR 220TURBO 6AT SAVVY RE,MG
MG MOTOR INDIA PVT LTD,HECTOR PE 1.5 CVT SHARP BSVI,MG
MG MOTOR INDIA PVT LTD,ZS EV 100 YR EDITION,MG
MG MOTOR INDIA PVT LTD,HECTOR SHARP EX DT CVT,MG
MG MOTOR INDIA PVT LTD,ASTOR VTI TECH CVT SHARPPRO,MG
M/S MG MOTOR INDIA PRIVATE LIMITED,ZS ASTOR VTI-TECH CVT SAVVY RE,MG
M/S MG MOTOR INDIA PRIVATE LIMITED,ZS EV EXCLUSIVE IVORY 2015 EAF,MG
MG MOTOR INDIA PVT LTD,HECTORPLUS 7 SHARP PRO DSL MT,MG
MG MOTOR INDIA PVT LTD,ASTOR VTI TECH CVT SAVVYPRO R,MG
MG MOTOR INDIA PVT LTD,GLOSTER 2.0TT 7S8ATSAV 4X4 BS6,MG
MG MOTOR INDIA PVT LTD,HECTOR+ GSLN1.5TCICMTHYSHRPBS6,MG
M/S MG MOTOR INDIA PRIVATE LIMITED,HECTOR DIESEL 2.0 MT SMART BSVI,MG
JSW MG MOTOR INDIA PVT LTD,ASTOR VTI TECH MT SPRINT,MG
M/S MG MOTOR INDIA PRIVATE LIMITED,COMET EV PACE 3001EBR BOV,MG
MG MOTOR INDIA PVT LTD,"MG MOTOR INDIA PVT LTD, HECTOR PLUS 6 SAVVY PRO CVT",MG
M/S MG MOTOR INDIA PRIVATE LIMITED,HECTOR GASOLINE 1.5 TCIC MT HYBRID SHARP BSVI,MG
M/S MG MOTOR INDIA PRIVATE LIMITED,ZS ASTOR MT  MT SHARP EX 2128GFJ BSVI,MG
MG MOTOR INDIA PVT LTD,ZS ASTOR VTI-TECH MT SMART EX,MG
M/S MG MOTOR INDIA PRIVATE LIMITED,HECTORPLUS7 SHARPPRO 1637GEH BSVI-PH2,MG
M/S MG MOTOR INDIA PRIVATE LIMITED,ZS EV EXCLUSIVE IVORY 2015 EAF BOV,MG
MG MOTOR INDIA PVT LTD,ZS ASTOR VTI-TECH MT STYLE,MG
MG MOTOR INDIA PVT LTD,HECTOR SMARTPRO 6MT,MG
MG MOTOR INDIA PVT LTD,ZS ASTOR VTI-TECH MT SHARP,MG
MG MOTOR INDIA PVT LTD,HECTOR DE 2.0 MT STYLE,MG
M/S MG MOTOR INDIA PRIVATE LIMITED,HECTOR-PLUS 7STR GSO1.5TCIC MTHYBRID SUPER BSVI,MG
MG MOTOR INDIA PVT LTD,HECTOR DSL2.0MT SMARTHYCCM1BS4,MG
M/S MG MOTOR INDIA PRIVATE LIMITED,GLOSTER DI 2.0TWIN TURBO4X4 6STR 8AT SAVVY BSVI,MG
JSW MG MOTOR INDIA PVT LTD,HECTOR PE 1.5 CVT SHARP BSVI,MG
MG MOTOR INDIA PVT LTD,HECTORPLUS7 SHARPPRO 6MT,MG
MG MOTOR INDIA PVT LTD,GLOSTER 4X4 7S BLACK STORM,MG
MG MOTOR INDIA PVT LTD,ZS ASTOR VTI-TECH MT SMART,MG
M/S MG MOTOR INDIA PRIVATE LIMITED,HECTOR DIESEL 2.0 MT SHARP BSIV,MG
MG MOTOR INDIA PVT LTD,HECTOR DE MT SMART BSVI,MG
MG MOTOR INDIA PVT LTD,HECTOR SAVVY PRO CVT,MG
MG MOTOR INDIA PVT LTD,HECTORPLUS 7SEATDEMT SELECTBS6,MG
MG MOTOR INDIA PVT LTD,HECTOR PE 1.5 DCT SMART BSVI,MG
M/S MG MOTOR INDIA PRIVATE LIMITED,HECTOR  GASOLINE 1.5 TCIC MT HYBRID SHARP BSIV,MG
MG MOTOR INDIA PVT LTD,HECTOR PLUS 6SEAT HYBRID SHARP,MG
M/S MG MOTOR INDIA PRIVATE LIMITED,HECTOR-GASOLINE 1.5 TCIC MT HY,MG
MG MOTOR INDIA PVT LTD,HECTORPLUS7 BLACKTORM CVT,MG
JSW MG MOTOR INDIA PVT LTD,HECTORPLUS6 SHARPPRO DSL 6MT,MG
M/S MG MOTOR INDIA PRIVATE LIMITED,ZS ASTOR 220TURBO 6AT SAVVY RED BSVI,MG
M/S MG MOTOR INDIA PRIVATE LIMITED,HECTOR GESOLINE 1.5 TCIC DCT S,MG
MG MOTOR INDIA PVT LTD,HECTOR GSOLN1.5TCICMTHYSMRTBS6,MG
MG MOTOR INDIA PVT LTD,HECTOR DSL2.0MT SUPERHYCCM1BS4,MG
M/S MG MOTOR INDIA PRIVATE LIMITED,HECTOR-PLUS6 SHARP 1527GEH BSV,MG
MG MOTOR INDIA PVT LTD,HECTOR SMARTPRO DSL 6MT,MG
MG MOTOR INDIA PVT LTD,ZS ASTOR VTI-TECH MT STYLE EX,MG
MG MOTOR INDIA PVT LTD,ZS ASTOR 220TURBO 6AT SAVVYRED,MG
MG MOTOR INDIA PVT LTD,MG ZS EV EXCLUSIVE,MG
MG MOTOR INDIA PVT LTD,HECTOR DIESEL 2.0MT SMART BSVI,MG
M/S MG MOTOR INDIA PRIVATE LIMITED,HECTOR SAVVYPRO 1628GEH BSVI-P,MG
M/S MG MOTOR INDIA PRIVATE LIMITED,HECTOR-GASOLINE 1.5 TCIC MT HYBRID SHARP BSVI,MG
MG MOTOR INDIA PVT LTD,"MG MOTOR INDIA PVT LTD, HECTOR SHARP EX DT CVT",MG
MG MOTOR INDIA PVT LTD,HECTOR PE 1.5MT HYBRID SUPER,MG
JSW MG MOTOR INDIA PVT LTD,ZS ASTOR VTI-TECH MT SMART,MG
MG MOTOR INDIA PVT LTD,"MG MOTOR INDIA PVT LTD, HECTOR PLUS 7 SAVVY PRO CVT",MG
MG MOTOR INDIA PVT LTD,ZS EV EXECUTIVE,MG
MG MOTOR INDIA PVT LTD,"MG MOTOR INDIA PVT LTD, ZS ASTOR VTI-TECH CVT SHARP",MG
M/S MG MOTOR INDIA PRIVATE LIMITED,HECTOR- GASOLINE 1.5 TCIC DCT- SHARP BSVI,MG
M/S MG MOTOR INDIA PRIVATE LIMITED,HECTOR- GASOLINE 1.5 TCIC MT S,MG
MG MOTOR INDIA PVT LTD,"MG MOTOR INDIA PVT LTD, HECTOR PE 1.5MT SHINE BSVI",MG
M/S MG MOTOR INDIA PRIVATE LIMITED,HECTOR SHARPPRO 1326GCA BSVI,MG
MG MOTOR INDIA PVT LTD,"MG MOTOR INDIA PVT LTD, ZS ASTOR VTI-TECH MT SUPER EX",MG
MG MOTOR INDIA PVT LTD,HECTOR SHARPPRO CVT,MG
MG MOTOR INDIA PVT LTD,HECTOR PLUS6 SHARP PRO MT,MG
MG MOTOR INDIA PVT LTD,HECTORPLUS7 SAVVYPRO CVT,MG
MG MOTOR INDIA PVT LTD,HECTOR PE 1.5 DCT SHARP BSVI,MG
M/S MG MOTOR INDIA PRIVATE LIMITED,HECTOR DIESEL 2.0 MT SMART BSI,MG
MG MOTOR INDIA PVT LTD,"MG MOTOR INDIA PVT LTD, ZS ASTOR VTI-TECH MT SHARP EX",MG
MG MOTOR INDIA PVT LTD,HECTORPLUS DE 6SEAT SHARP BSVI,MG
JSW MG MOTOR INDIA PVT LTD,HECTORPLUS DE 7SEAT SELECT,MG
MG MOTOR INDIA PVT LTD,HECTOR PLUS 6 SAVVY PRO CVT,MG
M/S MG MOTOR INDIA PRIVATE LIMITED,HECTOR PLUS 6 SEATER DIESEL2.0 MT SHARP BSVI,MG
MG MOTOR INDIA PVT LTD,HECTOR PE 1.5 MT HYBRID SHARP,MG
M/S MG MOTOR INDIA PRIVATE LIMITED,HECTOR DIESEL 2.0 MT SHARP BSVI,MG
JSW MG MOTOR INDIA PVT LTD,ZS EV ESSENCE,MG
MG MOTOR INDIA PVT LTD,"MG MOTOR INDIA PVT LTD, ZS ASTOR 220TURBO 6AT SAVVYRED",MG
MG MOTOR INDIA PVT LTD,"MG MOTOR INDIA PVT LTD, GLOSTER 4X4 7S SAVVY",MG
M/S MG MOTOR INDIA PRIVATE LIMITED,HECTOR GASOLINE 1.5 TCIC MT HY,MG
M/S MG MOTOR INDIA PRIVATE LIMITED,ZS ASTOR MT  MT STYLE EX 2123G,MG
MG MOTOR INDIA PVT LTD,HECTOR PE1.5 MT HYBRID SMART,MG
M/S MG MOTOR INDIA PRIVATE LIMITED,HECTOR- PLUS 7 STR DIESEL 2.0 ,MG
MG MOTOR INDIA PVT LTD,HECTOR DE 2.0 MT SUPER,MG
MG MOTOR INDIA PVT LTD,ZS ASTOR VTI-TECH CVT SHARPSTD,MG
MG MOTOR INDIA PVT LTD,ZS EV ESSENCE,MG
M/S MG MOTOR INDIA PRIVATE LIMITED,ZS ASTOR VTI-TECH CVT SAVVY RED BSVI,MG
MG MOTOR INDIA PVT LTD,GLOSTER 4X2 6S SAVVY,MG
MG MOTOR INDIA PVT LTD,HECTOR DIESEL 2.0 SHINE BSVI,MG
MG MOTOR INDIA PVT LTD,HECTOR DIESEL 2.0MT SUPER BSVI,MG
M/S MG MOTOR INDIA PRIVATE LIMITED,ZS ASTOR MT  MT SHARP EX 2128G,MG
MG MOTOR INDIA PVT LTD,HECTORPLUS DE 7SEAT SMART BSVI,MG
M/S MG MOTOR INDIA PRIVATE LIMITED,WINDSOR EV ESSENCE BOV,MG
MG MOTOR INDIA PVT LTD,ZS EV EXCLUSIVE,MG
MG MOTOR INDIA PVT LTD,GLOSTER 2.0TT 6S8ATSVY 4X4 BS6,MG
MG MOTOR INDIA PVT LTD,ASTOR VTI TECH CVT SELECT,MG
MG MOTOR INDIA PVT LTD,COMET EV PLUSH,MG
M/S MG MOTOR INDIA PRIVATE LIMITED,HECTORPLUS6 SAVVYPRO 1629GEH B,MG
M. G. CAR COMPANY,BOLERO MAXI TRUCK BS-II,MG
MG MOTOR INDIA PVT LTD,HECTORPLUS 1.5 CVT SHARP BSVI,MG
M/S MG MOTOR INDIA PRIVATE LIMITED,HECTOR GASOLINE 1.5 TCIC MT H,MG
M/S MG MOTOR INDIA PRIVATE LIMITED,ZS ASTOR 220TURBO 6AT SHARP BS,MG
M/S MG MOTOR INDIA PRIVATE LIMITED,ZS ASTOR MT MT SHARP EX 2128G,MG
M/S MG MOTOR INDIA PRIVATE LIMITED,HECTOR- GASOLINE 1.5 TCIC DCT ,MG
MG MOTOR INDIA PVT LTD,ZS ASTOR VTI-TECH CVT SAVVY R,MG
MG MOTOR INDIA PVT LTD,ZS ASTOR VTI-TECH MT SUPER,MG
M/S MG MOTOR INDIA PRIVATE LIMITED,HECTOR SAVVYPRO 1628GEH BSVI-PH2,MG
M/S MG MOTOR INDIA PRIVATE LIMITED,ZS ASTOR VTI-TECH CVT SHARP BS,MG
MG MOTOR INDIA PVT LTD,HECTOR GSOLN1.5TCICCVTSMARTBS6,MG
MG MOTOR INDIA PVT LTD,GLOSTER 4X4 6S BLACK STROM,MG
MG MOTOR INDIA PVT LTD,ZS ASTOR VTI-TECH CVT SHARP R,MG
MG MOTOR INDIA PVT LTD,HECTOR PE1.5MT HYBRID SUPER,MG
Mg Motor India Pvt Ltd,Hector Blackstorm Dsl 6mt,MG
MG MOTOR INDIA PVT LTD,ZS EV EXCLUSIVE IVORY,MG
MG MOTOR INDIA PVT LTD,HECTOR PE 1.5MT HYBRID SMART,MG
MG MOTOR INDIA PVT LTD,HECTOR GASOLINE1.5TCICMTHSBS4,MG
MG MOTOR INDIA PVT LTD,FORTUNER (AT),MG
MG MOTOR INDIA PVT LTD,HECTOR PE 1.5MT SHINE BSVI,MG
M/S MG MOTOR INDIA PRIVATE LIMITED,ZS EV EXCLUSIVE PRO BOV,MG
M/S MG MOTOR INDIA PRIVATE LIMITED,HECTOR-PLUS 6STR GSO1.5TCIC DCT-SHARP BSVI,MG
MG MOTOR INDIA PVT LTD,"MG MOTOR INDIA PVT LTD, HECTOR DE MT SHARP BSVI",MG
MG MOTOR INDIA PVT LTD,ASTOR VTI TECH MT SPRINT,MG
MG MOTOR INDIA PVT LTD,HECTOR PLUS HYBRID SHARP,MG
M/S MG MOTOR INDIA PRIVATE LIMITED,GLOSTER DI 2.0TWIN TURBO4X4 6S,MG
MG MOTOR INDIA PVT LTD,"MG MOTOR INDIA PVT LTD, ZS ASTOR VTI-TECH CVT SUPER",MG
M/S MG MOTOR INDIA PRIVATE LIMITED,HECTOR GASOLINE 1.5 TCIC  CVT ,MG
MG MOTOR INDIA PVT LTD,ASTOR VTI TECH MT SELECT,MG
