rc_maker_desc,rc_maker_model,Mapped Name
MITSUBISHI MOTORS CORPORATION,MISTUBISHI PAJERO 2.8,MITSUBISHI
MITSUBISHI MOTORS CORPORATION,MITSUBISHI LANCER,MITSUBISHI
MITSUBISHI MOTORS CORPORATION,MONTERO,MITSUBISHI
MITSUBISHI MOTORS CORPORATION,MITSUBISHI MONTERO,MITSUBISHI
MITSUBISHI MOTORS CORPORATION,MITSUBISHI SHAKTI MT 180 D,MITSUBISHI
MITSUBISHI MOTORS CORPORATION,MITSUBISHI PAJERO,MITSUBISHI
MITSUBISHI MOTORS CORPORATION,PAJERO SPORTS,MITSUBISHI
MITSUBISHI MOTORS CORPORATION,OUTLANDER 2.4 LTR,MITSUBISHI
MITSUBISHI MOTORS CORPORATION,LANCER LXD LE,MITSUBISHI
MITSUBISHI MOTORS CORPORATION,MISTUBISHI PAJERO,MITSUBISHI
MITSUBISHI MOTORS CORPORATION,PAJERO SPORTS 4*2 AT,MITSUBISHI
MITSUBISHI MOTORS CORPORATION,Pajero 2800 GL,MITSUBISHI
MITSUBISHI MOTORS CORPORATION,SHOGUN SPORT  2.5,MITSUBISHI
MITSUBISHI MOTORS CORPORATION,MITSUBISHI PAJERO2.8L DIESEL,MITSUBISHI
MITSUBISHI MOTORS CORPORATION,MITSUBISHI PAJERO SPORT,MITSUBISHI
MITSUBISHI - IMPORTED,PAJERO SFX-BS III,MITSUBISHI
MITSUBISHI MOTORS CORPORATION,,MITSUBISHI
MITSUBISHI MOTORS CORPORATION,JEEP,MITSUBISHI
MITSUBISHI - IMPORTED,MITSUBISHI PAJERO,MITSUBISHI
MITSUBISHI MOTORS CORPORATION,MITSUBISHI PAJERO (D),MITSUBISHI
MITSUBISHI MOTORS CORPORATION,MOTOR GRADER MG 230,MITSUBISHI
MITSUBISHI MOTORS CORPORATION,PAJERO 2.8SX,MITSUBISHI
MITSUBISHI MOTORS CORPORATION,PAJERO 2800 GLX,MITSUBISHI
MITSUBISHI MOTORS CORPORATION,PAJERO SPORT DSL,MITSUBISHI
MITSUBISHI MOTORS CORPORATION,INNOVA,MITSUBISHI
MITSUBISHI MOTORS CORPORATION,LANCER GLX,MITSUBISHI
MITSUBISHI MOTORS CORPORATION,LANCER LXD,MITSUBISHI
MITSUBHISHI MOTORS CORPORATION,MONTERO GLS AUTOMATIC BSIV,MITSUBISHI
MITSUBISHI MOTORS CORPORATION,PAJERO SPORT BSIV,MITSUBISHI
MITSUBISHI MOTORS CORPORATION,MITSUBISHI SHOGUN,MITSUBISHI
MITSUBISHI MOTORS CORPORATION,PAJERO SPORT ,MITSUBISHI
MITSUBISHI MOTORS CORPORATION,PAJERO SPORT AT,MITSUBISHI
MITSUBISHI MOTORS CORPORATION,CEDIA SPORTS,MITSUBISHI
MITSUBHISHI MOTORS CORPORATION,LANCER EVOLUTION BSIV,MITSUBISHI
MITSUBISHI MOTORS CORPORATION,MIT LCV,MITSUBISHI
MITSUBISHI MOTORS CORPORATION,PAJERO SPORTS 4 2 AT,MITSUBISHI
MITSUBISHI MOTORS CORPORATION,INNOVA CRYSTA 2.4G,MITSUBISHI
MITSUBISHI MOTORS CORPORATION,MITSUBISHI PAJERO SPORT AT DSL,MITSUBISHI
MITSUBISHI MOTORS CORPORATION,MITSUBHISHI CEDIA,MITSUBISHI
MITSUBISHI MOTORS CORPORATION,MITSUBHISHI PAJERO,MITSUBISHI
MITSUBISHI MOTORS CORPORATION,PAJERO 2.8 SFX,MITSUBISHI
MITSUBISHI MOTORS CORPORATION,EICHERPRO 1110H CABHSD SL BSIV,MITSUBISHI
MITSUBISHI - IMPORTED,PAJERO GLX (WITH CC),MITSUBISHI
MITSUBISHI MOTORS CORPORATION,MITSUBISHI CEDIA SPRIT,MITSUBISHI
MITSUBISHI MOTORS CORPORATION,PAJERO DSL,MITSUBISHI
MITSUBISHI MOTORS CORPORATION,MITSUBISHI CEDIA,MITSUBISHI
MITSUBHISHI MOTORS CORPORATION,PAJERO SPORT BSIV,MITSUBISHI
MITSUBISHI MOTORS CORPORATION,MONTERO GLS,MITSUBISHI
MITSUBISHI MOTORS CORPORATION,"MITSUBISHI MOTORS CORPORATION, MITSUBISHI",MITSUBISHI
MITSUBISHI MOTORS CORPORATION,MITSUBISHI OUTLANDER,MITSUBISHI
MITSUBISHI MOTORS CORPORATION,MITSUBISHI PAJERO SPORT 2.5L,MITSUBISHI
MITSUBISHI MOTORS CORPORATION,MITSHBHISHI CEDIA SPORTS,MITSUBISHI
MITSUBISHI MOTORS CORPORATION,OTHERS,MITSUBISHI
MITSUBISHI MOTORS CORPORATION,MITSUBISHI,MITSUBISHI
MITSUBISHI MOTORS CORPORATION,SWIFT ZDI BS III,MITSUBISHI
MITSUBISHI MOTORS CORPORATION,MITSUBISHI  MONTERO 3.2 GLS,MITSUBISHI
MITSUBISHI MOTORS CORPORATION,PAJERO SPORT 2.5D H1DS IV,MITSUBISHI
MITSUBISHI - IMPORTED,MITSUBISHI PAJERO SHOGUN,MITSUBISHI
MITSUBISHI MOTORS CORPORATION,MONTERO GLS (AT),MITSUBISHI
MITSUBISHI MOTORS CORPORATION,PAJERO SPORT AT_DSL,MITSUBISHI
MITSUBISHI MOTORS CORPORATION,PAJERO,MITSUBISHI
MITSUBISHI MOTORS CORPORATION,PAJERO SPORT DSL BS IV,MITSUBISHI
MITSUBISHI MOTORS CORPORATION,PAJERO SPORT BS-IV,MITSUBISHI
MITSUBISHI MOTORS CORPORATION,K4000,MITSUBISHI
MITSUBISHI MOTORS CORPORATION,OUTLANDER,MITSUBISHI
MITSUBISHI MOTORS CORPORATION,LANCER,MITSUBISHI
MITSUBISHI MOTORS CORPORATION,MUTSUBISHI CEDIA,MITSUBISHI
MITSUBISHI MOTORS CORPORATION,PAJERO SPORT MT,MITSUBISHI
MITSUBISHI MOTORS CORPORATION,MISTUBISHI LANCER CEDIA,MITSUBISHI
MITSUBISHI MOTORS CORPORATION,MITSUBISHI PAJERO D,MITSUBISHI
MITSUBISHI MOTORS CORPORATION,MISTSUBISHI MONTERO,MITSUBISHI
MITSUBISHI MOTORS CORPORATION,SCORPIO S11,MITSUBISHI
MITSUBISHI - IMPORTED,PAJERO 2800 GLX BSII,MITSUBISHI
MITSUBISHI MOTORS CORPORATION,MITSUBISHI LANCER CEDIA,MITSUBISHI
MITSUBISHI MOTORS CORPORATION,PAJERO SFX,MITSUBISHI
MITSUBISHI MOTORS CORPORATION,PAJERO SPORT,MITSUBISHI
