rc_maker_desc,rc_maker_model,Mapped Name
NISSAN MOTOR INDIA PVT LTD,"NISSAN MOTOR INDIA PVT LTD, MICRA XV (D) PREMIUM",NISSAN
NISSAN MOTOR INDIA PVT LTD,TERRANO XL DIESEL PLUS 85PS,NISSAN
NISSAN MOTOR INDIA PVT LTD,TERRANO XV DCI THP FABRIC,NISSAN
NISSAN MOTOR INDIA PVT LTD,Terrano DCI XE,NISSAN
NISSAN MOTOR INDIA PVT LTD,DATSUN GO TRUST,NISSAN
NISSAN MOTOR INDIA PVT LTD,NISSAN MODEL EVALIA NV200 BSIV,NISSAN
NISSAN MOTOR INDIA PVT LTD,MICRA MC XV CVT,NISSAN
NISSAN MOTOR INDIA PVT LTD,SUNNY XE DCI BSIV,NISSAN
NISSAN MOTOR INDIA PVT LTD,MICRA XV (D) PREMIUM,NISSAN
NISSAN MOTOR INDIA PVT LTD,SUNNYXV,NISSAN
NISSAN MOTOR INDIA PVT LTD,NISSAN MICRA DCI XL BSIV,NISSAN
NISSAN MOTOR INDIA PVT LTD,NISSAN TERRANO XV DCI BS4,NISSAN
NISSAN MOTOR INDIA PVT LTD,NISSAN TERRANO XV DCI(HSNA36),NISSAN
NISSAN MOTOR INDIA PVT LTD,MICRA ACTIVE XV BSIV,NISSAN
NISSAN MOTOR INDIA PVT LTD,NISSAN SUNNY XL CVT PETROL,NISSAN
NISSAN MOTOR INDIA PVT LTD,TERRANO 1 5 XF,NISSAN
NISSAN MOTOR INDIA PVT LTD,DATSUN REDI GO T(O,NISSAN
NISSAN MOTOR INDIA PVT LTD,NISSAN TERRANO XLD (O),NISSAN
NISSAN MOTOR INDIA PVT LTD,MICRA XL BS IV,NISSAN
NISSAN MOTOR INDIA PVT LTD,"NISSAN MOTOR INDIA PVT LTD, NISSAN SUNNY DCI XL BSIV",NISSAN
NISSAN MOTOR INDIA PVT LTD,NISSAN TERRANO XE,NISSAN
NISSAN MOTOR INDIA PVT LTD,TERRANO XVD THD FB,NISSAN
NISSAN MOTOR INDIA PVT LTD,NISSAN TERRANO XL 85 PS D PLUS,NISSAN
NISSAN MOTOR INDIA PVT LTD,NISSAN MICRA XL BS IV,NISSAN
NISSAN MOTOR INDIA PVT LTD,MICRA XV BSIV,NISSAN
NISSAN MOTOR INDIA PVT LTD,SUNNY XV SPL EDP,NISSAN
NISSAN MOTOR INDIA PVT LTD,DATSUN.GO. T,NISSAN
NISSAN MOTOR INDIA PVT LTD,MICRA ACTIVE XV BS1V,NISSAN
NISSAN MOTOR INDIA PVT LTD,DATSUN REDI-GO S,NISSAN
NISSAN MOTOR INDIA PVT LTD,DATSUN,NISSAN
NISSAN MOTOR INDIA PVT LTD,DATSUN GO T (O AIRBAG,NISSAN
NISSAN MOTOR INDIA PVT LTD,"TERRANO XL PLUS DCI,BSIV",NISSAN
NISSAN MOTOR INDIA PVT LTD,"NISSAN MOTOR INDIA PVT LTD, TERRANO XLD O85PS",NISSAN
NISSAN MOTOR INDIA PVT LTD,KICKS XV PTR 1.5 BS6,NISSAN
NISSAN MOTOR INDIA PVT LTD,TERRANO XV,NISSAN
NISSAN MOTOR INDIA PVT LTD,MICRA BSIV M1 XL,NISSAN
NISSAN MOTOR INDIA PVT LTD,TERRANO XV DCI (HSNA36)BSIV,NISSAN
NISSAN MOTOR INDIA PVT LTD,DATSUN GO PLUS T M1 BS4,NISSAN
NISSAN MOTOR INDIA PVT LTD,DATSUN GO PLUS T BS IV,NISSAN
NISSAN MOTOR INDIA PVT LTD,NISSAM SUNNY XV BSIV,NISSAN
NISSAN MOTOR INDIA PVT LTD,TERRANO XE DCI85PS BS4,NISSAN
NISSAN MOTOR INDIA PVT LTD,NISSAN TERANO XLD 0 BSIV,NISSAN
NISSAN MOTOR INDIA PVT LTD,NISHAN MICRA,NISSAN
NISSAN MOTOR INDIA PVT LTD,NISSAN MAGNITE AMT XL EZ-SHIFT,NISSAN
NISSAN MOTOR INDIA PVT LTD,NISSAN TERRNO XE BSIV,NISSAN
NISSAN MOTOR INDIA PVT LTD,MICRA ACTIVE XV SAFETY PACK,NISSAN
NISSAN MOTOR INDIA PVT LTD,NISSAN MICRA XV,NISSAN
NISSAN MOTOR INDIA PVT LTD,NISSAN MOD SUNNY XE,NISSAN
NISSAN MOTOR INDIA PVT LTD,DATSUN REDI GO T (O BS4,NISSAN
NISSAN MOTOR INDIA PVT LTD,NISSAN TERRANO XE DCI - 85 PS,NISSAN
NISSAN MOTOR INDIA PVT LTD,M20 NISSAN EVALIA,NISSAN
NISSAN MOTOR INDIA PVT LTD,TERRANO XV PRM DCI LEATHER,NISSAN
NISSAN MOTOR INDIA PVT LTD,DATSUN GO ,NISSAN
NISSAN MOTOR INDIA PVT LTD,TERRANO XLD CAR,NISSAN
NISSAN MOTOR INDIA PVT LTD,TERRANO XLO,NISSAN
NISSAN MOTOR INDIA PVT LTD,DATSUN REDI GO T (O) BS IV,NISSAN
NISSAN MOTOR INDIA PVT LTD,DATSUN REDI GO.T(O),NISSAN
NISSAN MOTOR INDIA PVT LTD,DATSON REDI GO T,NISSAN
NISSAN MOTOR INDIA PVT LTD,TERRANO XVD 0,NISSAN
NISSAN MOTOR INDIA PVT LTD,MICRA ACTIVE XE,NISSAN
NISSAN MOTOR INDIA PVT LTD,MICRA XV DIESEL,NISSAN
NISSAN MOTOR INDIA PVT LTD,NISSAN SUNNY DCI XV BSIV,NISSAN
NISSAN MOTOR INDIA PVT LTD,NISSAN SUNNY XL DCI,NISSAN
NISSAN MOTOR INDIA PVT LTD,DATSUN REDI GO LTDEDITION BS4,NISSAN
NISSAN MOTOR INDIA PVT LTD,NISSAN MICRA ACTIVE XL BS4,NISSAN
NISSAN MOTOR INDIA PVT LTD,NISSAN MAGNITE TURBO MT XV EXE,NISSAN
NISSAN MOTOR INDIA PVT LTD,TERRANO THP XV DIESEL FABRIC,NISSAN
NISSAN MOTOR INDIA PVT LTD,NISSAN SUNNY  XE DIESEL BS IV,NISSAN
NISSAN MOTOR INDIA PVT LTD,NISSAN MICRA ACTIVE XL PETROL,NISSAN
NISSAN MOTOR INDIA PVT LTD,NISSAN TEANA,NISSAN
NISSAN MOTOR INDIA PVT LTD,MICRA XV 1.2 PETROL,NISSAN
NISSAN MOTOR INDIA PVT LTD,SUNNY DIESEL XV,NISSAN
NISSAN MOTOR INDIA PVT LTD,DATSUN GO SV,NISSAN
NISSAN MOTOR INDIA PVT LTD,DUTSUN REDI GO A,NISSAN
NISSAN MOTOR INDIA PVT LTD,MICRA XE 12 PETROL,NISSAN
NISSAN MOTOR INDIA PVT LTD,DATSUN REDI-GO A BSIII,NISSAN
NISSAN MOTOR INDIA PVT LTD,DATSUN REDI GO  S,NISSAN
NISSAN MOTOR INDIA PVT LTD,TERRANO XL 85PS,NISSAN
NISSAN MOTOR INDIA PVT LTD,SUNNY  XL  DCI,NISSAN
NISSAN MOTOR INDIA PVT LTD,NISSAN DATSUN GO PLUST,NISSAN
NISSAN MOTOR INDIA PVT LTD,NV200 EVALIA XV 6S,NISSAN
NISSAN MOTOR INDIA PVT LTD,DATSUN REDI-GO S(O),NISSAN
NISSAN MOTOR INDIA PVT LTD,TERRANO 110 PS XV PREMIUM,NISSAN
NISSAN MOTOR INDIA PVT LTD,MICRA XL ACTIVE BS-IV,NISSAN
NISSAN MOTOR INDIA PVT LTD,DATSUN GO T DT,NISSAN
NISSAN MOTORS,MAGNITE MT XV EXE BS6,NISSAN
NISSAN MOTOR INDIA PVT LTD,EVALIA DIESEL,NISSAN
NISSAN MOTOR INDIA PVT LTD,MICRA DIESEL XV PREMIUM (R),NISSAN
NISSAN MOTOR INDIA PVT LTD,NISSAN SUNNY XV 1.5 DIESEL,NISSAN
NISSAN MOTOR INDIA PVT LTD,TERRENO XV,NISSAN
NISSAN MOTOR INDIA PVT LTD,X-TRAIL,NISSAN
NISSAN MOTOR INDIA PVT LTD,NISSAN MICRA PRIMO XV,NISSAN
NISSAN MOTOR INDIA PVT LTD,DATSUN  GO,NISSAN
NISSAN MOTOR INDIA PVT LTD,NISSAN TERRANO BSIV,NISSAN
NISSAN MOTOR INDIA PVT LTD,MICRA MC XL (D),NISSAN
NISSAN MOTOR INDIA PVT LTD,MICRA BS IV XV,NISSAN
NISSAN MOTOR INDIA PVT LTD,NISSAN MICRA DL XV PRIMO,NISSAN
NISSAN MOTOR INDIA PVT LTD,SUNNY  XL,NISSAN
NISSAN MOTOR INDIA PVT LTD,SUNNY XL BS4,NISSAN
NISSAN MOTOR INDIA PVT LTD,TERRANO XL (O,NISSAN
NISSAN MOTOR INDIA PVT LTD,MICRA DL XV PREM BS. IV,NISSAN
NISSAN MOTOR INDIA PVT LTD,MICRA ACTIVE XL,NISSAN
NISSAN MOTOR INDIA PVT LTD,MICRA DOM XV BS IV,NISSAN
NISSAN MOTOR INDIA PVT LTD,SUNNY DCI XV,NISSAN
NISSAN MOTOR INDIA PVT LTD,NISSAN TERRANO XE DCI (HSNAW5),NISSAN
NISSAN MOTOR INDIA PVT LTD,NISSAN TERRANO XLOD85PS,NISSAN
NISSAN MOTOR INDIA PVT LTD,DATSUN GO  T,NISSAN
NISSAN KICKS XV PETROL BSVI,NISSAN KICKS XV PETROL BSVI,NISSAN
NISSAN MOTOR INDIA PVT LTD,EVALIA XV DCI,NISSAN
NISSAN MOTOR INDIA PVT LTD,NISSAN MICRA K13,NISSAN
NISSAN MOTOR INDIA PVT LTD,NISSAN SUNNY XL BS IV,NISSAN
NISSAN MOTOR INDIA PVT LTD,NISSAN MICRA ACTIVE XV SAFEPAC,NISSAN
NISSAN MOTOR INDIA PVT LTD,TERRANO XL (D) OPTIONAL,NISSAN
NISSAN MOTOR INDIA PVT LTD,NISSAN SUNNY XV BSIV,NISSAN
NISSAN MOTOR INDIA PVT LTD,MICRA ACTIVE XV,NISSAN
NISSAN MOTOR INDIA PVT LTD,MAGNITE TURBO CVT XV PRE(O),NISSAN
NISSAN MOTOR INDIA PVT LTD,NISSAN SUNNY dCi  XL,NISSAN
NISSAN MOTOR INDIA PVT LTD,DESTUN GO,NISSAN
NISSAN MOTOR INDIA PVT LTD,DATSUN REDI GO T (O) BS4,NISSAN
NISSAN MOTOR INDIA PVT LTD,DATSUN GO  PLUS,NISSAN
NISSAN MOTOR INDIA PVT LTD,TERRANO XV D PRM 110PS DCI,NISSAN
NISSAN MOTOR INDIA PVT LTD,X TRAIL SLX MT BS IV,NISSAN
NISSAN MOTOR INDIA PVT LTD,SUNNY MC XVD PREMIUM,NISSAN
NISSAN MOTOR INDIA PVT LTD,DATSUN REDI GO T(O) PETROL,NISSAN
NISSAN MOTOR INDIA PVT LTD,SUNNY XL (D) ,NISSAN
NISSAN MOTOR INDIA PVT LTD,MICRA MC DCI XE,NISSAN
NISSAN MOTOR INDIA PVT LTD,DATSUN GO PLUS A BS4,NISSAN
NISSAN MOTOR INDIA PVT LTD,EVALIA DCI XL BS IV,NISSAN
NISSAN MOTOR INDIA PVT LTD,TERRANO XE BSIV,NISSAN
NISSAN MOTOR INDIA PVT LTD,NISSAN SUNNY MC XV CVT PETROL,NISSAN
NISSAN MOTOR INDIA PVT LTD,SUNNY MC XVD,NISSAN
NISSAN MOTOR INDIA PVT LTD,NEW TERRANO XVD PRE ,NISSAN
NISSAN MOTOR INDIA PVT LTD,DATSUN REDI GO T(O) 1.0 M1 BS4,NISSAN
NISSAN MOTOR INDIA PVT LTD,MAGNITE TURBO MT XV PRE(O),NISSAN
NISSAN MOTOR INDIA PVT LTD,NISSAN TERRANO XE DCI BSIV,NISSAN
NISSAN MOTOR INDIA PVT LTD,SUNNY DCI XV BSIV,NISSAN
NISSAN MOTOR INDIA PVT LTD,MICRA DL XV,NISSAN
NISSAN MOTOR INDIA PVT LTD,MICRA DCI XV,NISSAN
NISSAN MOTOR INDIA PVT LTD,SUNNY DCI XL BS1V,NISSAN
NISSAN MOTOR INDIA PVT LTD,DATSON GO T,NISSAN
NISSAN MOTOR INDIA PVT LTD,DATSUN GO A1,NISSAN
NISSAN MOTOR INDIA PVT LTD,"NISSAN MOTOR INDIA PVT LTD, TERRANO XVD",NISSAN
NISSAN MOTOR INDIA PVT LTD,NISSAN MODEL SUNNY XTONIC CVT,NISSAN
NISSAN MOTOR INDIA PVT LTD,NISSAN TERRANO XVD (THP),NISSAN
NISSAN MOTOR INDIA PVT LTD,DATSUN REDI GO (S) O,NISSAN
NISSAN MOTOR INDIA PVT LTD,NISSAN MICRA DCI XL,NISSAN
NISSAN MOTOR INDIA PVT LTD,NISSAN DATSUN REDI GO S (O),NISSAN
NISSAN MOTOR INDIA PVT LTD,NISSAN TERRANO XL D,NISSAN
NISSAN MOTOR INDIA PVT LTD,MICRA VX BS4,NISSAN
NISSAN MOTOR INDIA PVT LTD,MICRA XV DCI,NISSAN
NISSAN MOTOR INDIA PVT LTD,TERRANO XE DIESEL,NISSAN
NISSAN MOTOR INDIA PVT LTD,DATSUN GO PLUS T (O M1 BS4,NISSAN
NISSAN MOTOR INDIA PVT LTD,NISSAN MODEL K 13,NISSAN
NISSAN MOTOR INDIA PVT LTD,MICRA DLXV,NISSAN
NISSAN MOTOR INDIA PVT LTD,XV BSIV,NISSAN
NISSAN MOTOR INDIA PVT LTD,TERRANO XE 85PS DIESEL,NISSAN
NISSAN MOTOR INDIA PVT LTD,NISSAN SUNNY XL (D),NISSAN
NISSAN MOTOR INDIA PVT LTD,"NISSAN MOTOR INDIA PVT LTD, DATSUN GO T PLUS",NISSAN
NISSAN MOTOR INDIA PVT LTD,SUNNY XV 1.5,NISSAN
NISSAN MOTOR INDIA PVT LTD,TERRANO 1.5 DCI,NISSAN
NISSAN MOTOR INDIA PVT LTD,NISSAN MICRA  XE BSIV,NISSAN
NISSAN MOTOR INDIA PVT LTD,NISSAN MAGNITE MT XV PRE,NISSAN
NISSAN MOTOR INDIA PVT LTD,"SUNNY XE 1.5L,BSIV",NISSAN
NISSAN MOTOR INDIA PVT LTD,MICRA XL CVT BS IV,NISSAN
NISSAN MOTOR INDIA PVT LTD,XTRONIC CVT XV,NISSAN
NISSAN MOTOR INDIA PVT LTD,MICRA.DCI.XV,NISSAN
NISSAN MOTOR INDIA PVT LTD,MICRA PETROL,NISSAN
NISSAN MOTOR INDIA PVT LTD,"NISSAN MOTOR INDIA PVT LTD, DATSUN REDI GO T(O)",NISSAN
NISSAN MOTOR INDIA PVT LTD,DATSUN GO PLUS PETROL BS4,NISSAN
NISSAN MOTOR INDIA PVT LTD,TERRANO XV DCI FABRIC 110 PS,NISSAN
NISSAN MOTOR INDIA PVT LTD,DATSUN GO T 1.2,NISSAN
NISSAN MOTOR INDIA PVT LTD,DATSUN REDI-GO T BSIII,NISSAN
NISSAN MOTOR INDIA PVT LTD,TERRANO 85 PS XL+,NISSAN
NISSAN MOTOR INDIA PVT LTD,DATSUN REDI- GO,NISSAN
NISSAN MOTOR INDIA PVT LTD,OTHERS,NISSAN
NISSAN MOTOR INDIA PVT LTD,NISSAN SUNNY  XV DIESEL,NISSAN
NISSAN MOTOR INDIA PVT LTD,DATSUN GO+ (T),NISSAN
NISSAN MOTOR INDIA PVT LTD,SUNNY DCI XL BS IV,NISSAN
NISSAN MOTOR INDIA PVT LTD,TERRANO XL DCL,NISSAN
NISSAN MOTOR INDIA PVT LTD,SUNNY XL,NISSAN
NISSAN MOTOR INDIA PVT LTD,NISSAN MICRA DCI XL COMFORT IV,NISSAN
NISSAN MOTOR INDIA PVT LTD,NISSAN SUNNY XV 1.5 PETROL,NISSAN
NISSAN MOTOR INDIA PVT LTD,SUNNY XV SPECIAL EDITION,NISSAN
NISSAN MOTOR INDIA PVT LTD,DATSUN REDI GO T(OS DRIVE,NISSAN
NISSAN MOTOR INDIA PVT LTD,"DUTSON GO T, BSIV",NISSAN
NISSAN MOTOR INDIA PVT LTD,SUNNY XV BS IV,NISSAN
NISSAN MOTOR INDIA PVT LTD,XTRAIL COMFORT VARIANT,NISSAN
NISSAN MOTOR INDIA PVT LTD,NISSAN TERRANO XL PLUS BSIV,NISSAN
NISSAN MOTOR INDIA PVT LTD,MICRA DCI XL,NISSAN
NISSAN MOTOR INDIA PVT LTD,NISSAN MICRA XE PLUS,NISSAN
NISSAN MOTOR INDIA PVT LTD,REDI-GO T(O S-DRIVE 1.0,NISSAN
NISSAN MOTOR INDIA PVT LTD,DATSUN REDI - GO T,NISSAN
NISSAN MOTOR INDIA PVT LTD,SUNNY XTONIC CVT XL BS4,NISSAN
NISSAN MOTOR INDIA PVT LTD,SUNNY XL DCI ,NISSAN
NISSAN MOTOR INDIA PVT LTD,DATSUN REDI GO-S,NISSAN
NISSAN MOTOR INDIA PVT LTD,MICRA DCI BS IV,NISSAN
NISSAN MOTOR INDIA PVT LTD,TERRANO XLD O D 85 PS,NISSAN
NISSAN MOTOR INDIA PVT LTD,XTRAIL SLX MT,NISSAN
NISSAN MOTOR INDIA PVT LTD,TERRANO XL DCI (O,NISSAN
NISSAN MOTOR INDIA PVT LTD,K 13 MICRA XL BS IV,NISSAN
NISSAN MOTOR INDIA PVT LTD,TERRANO XL DCI PLUS 85 PS,NISSAN
NISSAN MOTOR INDIA PVT LTD,NISSAN MICRA XL(O DCI,NISSAN
NISSAN MOTOR INDIA PVT LTD,MICRA DIESEL,NISSAN
NISSAN MOTOR INDIA PVT LTD,MICRA Active XV BSIV,NISSAN
NISSAN MOTOR INDIA PVT LTD,TERRANO 1.5 DCI XL +,NISSAN
NISSAN MOTOR INDIA PVT LTD,NISSAN 370 Z MT,NISSAN
NISSAN MOTOR INDIA PVT LTD,NISSAN DATSUN REDI GO S,NISSAN
NISSAN MOTOR INDIA PVT LTD,NISSAN TERRANO XLDCIPLUS BSIV,NISSAN
NISSAN MOTOR INDIA PVT LTD,NISSAN MICRA XL O (P),NISSAN
NISSAN MOTOR INDIA PVT LTD,TERRANO XVD(OPTIONAL-F),NISSAN
NISSAN MOTOR INDIA PVT LTD,REDI GO T,NISSAN
NISSAN MOTOR INDIA PVT LTD,DASTUN REDI GO T,NISSAN
NISSAN MOTOR INDIA PVT LTD,NISSAN SUNNY DCI XV - PREMIUM,NISSAN
NISSAN MOTOR INDIA PVT LTD,SUNNY EX,NISSAN
NISSAN MOTOR INDIA PVT LTD,DATSUN REDIGO T (O),NISSAN
NISSAN MOTOR INDIA PVT LTD,MICRA  XL BS IV,NISSAN
NISSAN MOTOR INDIA PVT LTD,TERRANO XV DIESEL(THP),NISSAN
NISSAN MOTOR INDIA PVT LTD,"MICRA XE, BS-IV",NISSAN
NISSAN MOTOR INDIA PVT LTD,NISSAN TEANA XV,NISSAN
NISSAN MOTOR INDIA PVT LTD,NISSAN SUNNY MC XVD BSIV,NISSAN
NISSAN MOTOR INDIA PVT LTD,TERRANO XLD (OPTION),NISSAN
NISSAN MOTOR INDIA PVT LTD,NISSAN SUNNY XV DCI,NISSAN
NISSAN MOTOR INDIA PVT LTD,MICRA MC XV CVT PETROL,NISSAN
NISSAN MOTOR INDIA PVT LTD,TERRANO XL DCI,NISSAN
NISSAN MOTOR INDIA PVT LTD,SUNNY MC XLD,NISSAN
NISSAN MOTOR INDIA PVT LTD,EVALIA NV 200,NISSAN
NISSAN MOTOR INDIA PVT LTD,SUNNY XL CVT,NISSAN
NISSAN MOTOR INDIA PVT LTD,DATSUN GO PLUS T XV,NISSAN
NISSAN MOTOR INDIA PVT LTD,EVALIA XD,NISSAN
NISSAN MOTOR INDIA PVT LTD,XV MICRA DOM,NISSAN
NISSAN MOTOR INDIA PVT LTD,D10 TERRANO XED,NISSAN
NISSAN MOTOR INDIA PVT LTD,NISSAN M SUNNY XL,NISSAN
NISSAN MOTOR INDIA PVT LTD,NISSAN MICRA ACTIVE XE BSIV,NISSAN
NISSAN MOTOR INDIA PVT LTD,TERRANO XL  PLUS,NISSAN
NISSAN MOTOR INDIA PVT LTD,NISSAN MICRA ACTIVE XV  PETROL,NISSAN
NISSAN MOTOR INDIA PVT LTD,DATSUN REDI GO GOLD 1 0 PETROL,NISSAN
NISSAN MOTORS,DATSUN REDI GO T(O) 1.0 M1 BS4,NISSAN
NISSAN MOTOR INDIA PVT LTD,DATSUN REDI GO SPORT,NISSAN
NISSAN MOTOR INDIA PVT LTD,NISSAN MICRA XV PREMIUM BS IV,NISSAN
NISSAN MOTOR INDIA PVT LTD,MICRA MC XL D,NISSAN
NISSAN MOTOR INDIA PVT LTD,NISSAN TERRANO XLD(O) BS4,NISSAN
NISSAN MOTOR INDIA PVT LTD,TERRANO XV PRMAMT DCI1110PSBS4,NISSAN
NISSAN MOTOR INDIA PVT LTD,NISSAN MICRA DL,NISSAN
NISSAN MOTOR INDIA PVT LTD,TERRANO XV DIESEL BS IV,NISSAN
NISSAN MOTOR INDIA PVT LTD,Not Available,NISSAN
NISSAN MOTOR INDIA PVT LTD,"NISSAN MOTOR INDIA PVT LTD, DATSUN GO T",NISSAN
NISSAN MOTOR INDIA PVT LTD,TERRANO XL DIESEL,NISSAN
NISSAN MOTOR INDIA PVT LTD,DATSUN REDI-GOT(O),NISSAN
NISSAN MOTOR INDIA PVT LTD,SUNNY XV DCI.,NISSAN
NISSAN MOTOR INDIA PVT LTD,CDO DUTSUN REDI GO,NISSAN
NISSAN MOTOR INDIA PVT LTD,MAGNITE TURBO CVT RED EDITION,NISSAN
NISSAN MOTOR INDIA PVT LTD,NISSAN DATSUN REDI GO A,NISSAN
NISSAN MOTOR INDIA PVT LTD,TERRANO XL PLUS ,NISSAN
NISSAN MOTOR INDIA PVT LTD,MICRA XE BS IV,NISSAN
NISSAN MOTOR INDIA PVT LTD,MICRA ACTIVE XL(O) PETROL,NISSAN
NISSAN MOTOR INDIA PVT LTD,NISSAN MAGNITE TURBO MT XL,NISSAN
NISSAN MOTOR INDIA PVT LTD,DATSUN GO TBS IV,NISSAN
NISSAN MOTOR INDIA PVT LTD,TERRANO XVD (THP) P BSIV,NISSAN
NISSAN MOTOR INDIA PVT LTD,MICRA MC XV CVT BSIV,NISSAN
NISSAN MOTOR INDIA PVT LTD,EVALIA XL DCI,NISSAN
NISSAN MOTOR INDIA PVT LTD,DATSUN GO A EPS,NISSAN
NISSAN MOTOR INDIA PVT LTD,"TERRANO XLD O,",NISSAN
NISSAN MOTOR INDIA PVT LTD,NISSAN TERRANO XV THP BSIV,NISSAN
NISSAN MOTOR INDIA PVT LTD,NISSAN SUNY XE BSIV,NISSAN
NISSAN MOTOR INDIA PVT LTD,SUNNY XL DIESEL BS IV,NISSAN
NISSAN MOTOR INDIA PVT LTD,NISSAN MICRA XV XTRONIC CVT (B,NISSAN
NISSAN MOTOR INDIA PVT LTD,DATSUN REDI GO GOLD 1.0LTR,NISSAN
NISSAN MOTOR INDIA PVT LTD,TERRANO DCI XE BSIV,NISSAN
NISSAN MOTOR INDIA PVT LTD,NISSAN TERRANO XL DCi (HSNA36,NISSAN
NISSAN MOTOR INDIA PVT LTD,K-13 NISSAN MICRA,NISSAN
NISSAN MOTOR INDIA PVT LTD,TERRANO 1.5 DCI XV PREMIUM,NISSAN
NISSAN MOTOR INDIA PVT LTD,NISSAN MAGNITE AMT XE EZ-SHIFT,NISSAN
NISSAN MOTOR INDIA PVT LTD,NISSAN MICRA ACTIVE XV BS 4,NISSAN
NISSAN MOTOR INDIA PVT LTD,NISSAN DATSUN GO A,NISSAN
NISSAN MOTOR INDIA PVT LTD,XL MICRA DOM,NISSAN
NISSAN MOTOR INDIA PVT LTD,TERRANO DCI XV PREMIUM BS IV,NISSAN
NISSAN MOTOR INDIA PVT LTD,GO PLUS T,NISSAN
NISSAN MOTOR INDIA PVT LTD,"NISSAN MOTOR INDIA PVT LTD, NISSAN MAGNITE MT RED EDITION",NISSAN
NISSAN MOTOR INDIA PVT LTD,X TRAIL T 30 COMFORT (SPL),NISSAN
NISSAN MOTOR INDIA PVT LTD,NISSAN MOD TERRANO XL DCI,NISSAN
NISSAN MOTOR INDIA PVT LTD,"NISSAN MOTOR INDIA PVT LTD, REDI GO T (O)",NISSAN
NISSAN MOTOR INDIA PVT LTD,NISSAN SUNNY XV  BS IV,NISSAN
NISSAN MOTOR INDIA PVT LTD,TERRANO XL DIESEL (THP),NISSAN
Nissan Motor India Pvt Ltd,DATSUN REDI-GO A,NISSAN
NISSAN MOTOR INDIA PVT LTD,TERRANO XV DCI BS IV,NISSAN
NISSAN MOTOR INDIA PVT LTD,MICRA DL XV PREMIUM PRIMO,NISSAN
NISSAN MOTOR INDIA PVT LTD,NISSAN MICRA DL XV R,NISSAN
NISSAN MOTOR INDIA PVT LTD,MICRAXV BS4,NISSAN
NISSAN MOTOR INDIA PVT LTD,NISSAN MICRA XL COMFORT BSIV,NISSAN
NISSAN MOTOR INDIA PVT LTD,TERRANO XVD (THP) (PRE),NISSAN
NISSAN MOTOR INDIA PVT LTD,NISSAN SUNNY DCI XV PREMIUM,NISSAN
NISSAN MOTOR INDIA PVT LTD,NISSAN MODEL TEANA J32,NISSAN
NISSAN MOTOR INDIA PVT LTD,DATSUN GO PLUS T (O BS4,NISSAN
NISSAN MOTOR INDIA PVT LTD,"NISSAN MOTOR INDIA PVT LTD, DATSUN GO T(O)",NISSAN
NISSAN MOTOR INDIA PVT LTD,NISSAN M MICRA DCI K13,NISSAN
NISSAN MOTOR INDIA PVT LTD,MICRA XL CVT,NISSAN
NISSAN MOTOR INDIA PVT LTD,DATSUN REDI-GO T(O) S-DRIVE1.0,NISSAN
NISSAN MOTOR INDIA PVT LTD,KICKS XV PREMIUM(OPTIONDIESEL,NISSAN
NISSAN MOTOR INDIA PVT LTD,EVALIA XV,NISSAN
NISSAN MOTOR INDIA PVT LTD,XTRAIL SLX AT,NISSAN
NISSAN MOTOR INDIA PVT LTD,TERRANO XV DCI LEATHER 110 PS,NISSAN
NISSAN MOTOR INDIA PVT LTD,NISSAN MICRA MC XL PETROL,NISSAN
NISSAN MOTOR INDIA PVT LTD,SUNNY DCI XV 1.5L BS IV,NISSAN
NISSAN MOTOR INDIA PVT LTD,DATSUN  GO   T,NISSAN
NISSAN MOTOR INDIA PVT LTD,DATSUN REDI GO T(O) BS IV,NISSAN
NISSAN MOTOR INDIA PVT LTD,MICRA XV CVT BSIV,NISSAN
NISSAN MOTOR INDIA PVT LTD,BMW X1 XDRIVE20D M S W A T BS4,NISSAN
NISSAN MOTOR INDIA PVT LTD,NISSAN MODEL T 30,NISSAN
NISSAN MOTOR INDIA PVT LTD,DATSUN GO T BS4,NISSAN
NISSAN MOTOR INDIA PVT LTD,DATSUN REDI GO T (O) 1.0 BSIV,NISSAN
NISSAN MOTOR INDIA PVT LTD,MICRA Active XV,NISSAN
NISSAN MOTOR INDIA PVT LTD,TERRANO XL -T,NISSAN
NISSAN MOTORS,DATSUN GO PLUS T BSIII,NISSAN
NISSAN MOTOR INDIA PVT LTD,NISSAN MICRA XV BS IV,NISSAN
NISSAN MOTOR INDIA PVT LTD,"NISSAN MOTOR INDIA PVT LTD, DATSUN REDI-GO T(O)",NISSAN
NISSAN MOTOR INDIA PVT LTD,NISSAN DATSUN REDI GO T (O),NISSAN
NISSAN MOTOR INDIA PVT LTD,NISSAN MICRA XTRONIC CVT XV,NISSAN
NISSAN MOTOR INDIA PVT LTD,NISSAN MICRA MC XVD DIESEL,NISSAN
NISSAN MOTOR INDIA PVT LTD,NISSAN MICRA DCI K13 WB,NISSAN
NISSAN MOTOR INDIA PVT LTD,NISSAN MICRA XV (R),NISSAN
NISSAN MOTOR INDIA PVT LTD,NISSAN DATSUN GO,NISSAN
NISSAN MOTOR INDIA PVT LTD,DATSUN GO PLUS 1.2 PETROL T,NISSAN
NISSAN MOTOR INDIA PVT LTD,MICRA MC XV CVT SV ,NISSAN
NISSAN MOTOR INDIA PVT LTD,MICRA BSIV M1 XV,NISSAN
NISSAN MOTOR INDIA PVT LTD,DATSUN REDI GO TB,NISSAN
NISSAN MOTOR INDIA PVT LTD,SUNNY XV,NISSAN
NISSAN MOTOR INDIA PVT LTD,NISSAN DATSUN GO T BS4,NISSAN
NISSAN MOTOR INDIA PVT LTD,NISSAN SUNNY XE BS IV,NISSAN
NISSAN MOTOR INDIA PVT LTD,MICRA DIESAL (XV) BS IV ),NISSAN
NISSAN MOTOR INDIA PVT LTD,MICRA XV PREMIAM D,NISSAN
NISSAN MOTOR INDIA PVT LTD,"SUNNY XL 1.5 L, BS-IV",NISSAN
NISSAN MOTOR INDIA PVT LTD,DATSUN REDI GO S,NISSAN
NISSAN MOTOR INDIA PVT LTD,TERRANO DIESEL,NISSAN
NISSAN MOTOR INDIA PVT LTD,NISSAN MICRA XLD,NISSAN
Nissan Motor India Pvt Ltd,DATSUN REDI-GO S1.0,NISSAN
NISSAN MOTOR INDIA PVT LTD,LMV. MICRA,NISSAN
NISSAN MOTOR INDIA PVT LTD,"NISSAN MOTOR INDIA PVT LTD, NISSAN SUNNY DCI XV BSIV",NISSAN
NISSAN MOTOR INDIA PVT LTD,DATSON GO PLUS T,NISSAN
NISSAN MOTOR INDIA PVT LTD,NISSAN MICRA MC XVD,NISSAN
NISSAN MOTOR INDIA PVT LTD,N TERRANO XL PLUS dCi HSNAW5,NISSAN
NISSAN MOTOR INDIA PVT LTD,NISSAN TERRANO XL (HSNC85),NISSAN
NISSAN MOTOR INDIA PVT LTD,MICRA  PRIMO XV DIESEL CAR,NISSAN
Nissan Motor India Pvt Ltd,NISSAN MICRA XTRONIC CVT XV,NISSAN
NISSAN MOTOR INDIA PVT LTD,NISSAN MICRA  VX PREMIUM,NISSAN
NISSAN MOTOR INDIA PVT LTD,MAGNITE TURBO MT RED EDITION,NISSAN
NISSAN MOTOR INDIA PVT LTD,NISSAN K13,NISSAN
NISSAN MOTOR INDIA PVT LTD,TERRANO XL-D,NISSAN
NISSAN MOTOR INDIA PVT LTD,NISSAN TERRANO XL-D (O,NISSAN
NISSAN MOTOR INDIA PVT LTD,NISSAN SUNNY MC XV DIESEL,NISSAN
NISSAN MOTOR INDIA PVT LTD,SUNNY XV DIESEL 1.5,NISSAN
NISSAN MOTOR INDIA PVT LTD,"TERRANO XL DCI, BS-IV",NISSAN
NISSAN MOTOR INDIA PVT LTD,NEW SUNNY XVD,NISSAN
NISSAN MOTOR INDIA PVT LTD,NISSAN MICRA XV EIV,NISSAN
NISSAN MOTOR INDIA PVT LTD,KICKS XV PREMIUM(OPTION)PETROL,NISSAN
NISSAN MOTOR INDIA PVT LTD,"NISSAN MOTOR INDIA PVT LTD, SUNNY XV",NISSAN
NISSAN MOTOR INDIA PVT LTD,NISSAN MICRA MC XV CVT BS 1V,NISSAN
NISSAN MOTOR INDIA PVT LTD,NISSAN TERRANO XLD O BS IV,NISSAN
NISSAN MOTOR INDIA PVT LTD,MICRA ACTIVE XV (S),NISSAN
NISSAN MOTOR INDIA PVT LTD,DATSUN REDI GO  T O,NISSAN
NISSAN MOTOR INDIA PVT LTD,DATSON GO T STYLE,NISSAN
NISSAN MOTOR INDIA PVT LTD,EVALIA XV (D),NISSAN
NISSAN MOTOR INDIA PVT LTD,DATSUN GO ANNI EDITION BS4,NISSAN
NISSAN MOTOR INDIA PVT LTD,TERRANO XV DCI (THP),NISSAN
NISSAN MOTOR INDIA PVT LTD,SUNNY XVD S,NISSAN
NISSAN MOTOR INDIA PVT LTD,DATSUN GO T BS IV,NISSAN
NISSAN MOTOR INDIA PVT LTD,DATSUN GO T 1.2 BSIV,NISSAN
NISSAN MOTOR INDIA PVT LTD,TERRANOXV DCI 110PS,NISSAN
NISSAN MOTOR INDIA PVT LTD,SUNNY XL VARIANT BS IV,NISSAN
NISSAN MOTOR INDIA PVT LTD,NISSAN MICRA ACTIVE XV,NISSAN
NISSAN MOTOR INDIA PVT LTD,MICRA XV PREMIUM 1.5 BS IV,NISSAN
NISSAN MOTOR INDIA PVT LTD,NISSAN TERRANO BS IV,NISSAN
NISSAN MOTOR INDIA PVT LTD,DATSUN GO PLUS T (O) BS4,NISSAN
NISSAN MOTOR INDIA PVT LTD,"NISSAN MOTOR INDIA PVT LTD, NISSAN MICRA DCI XV PREMIUM BS",NISSAN
NISSAN MOTOR INDIA PVT LTD,DATSUN GO A EPS BS IV,NISSAN
NISSAN MOTOR INDIA PVT LTD,NISSAN MODEL SUNNY XV DCI,NISSAN
NISSAN MOTOR INDIA PVT LTD,NISSAN TERRANO XED BS4,NISSAN
NISSAN MOTOR INDIA PVT LTD,MICRA ACTIVE XV SP,NISSAN
NISSAN MOTOR INDIA PVT LTD,DATSUN GO T(O,NISSAN
NISSAN MOTOR INDIA PVT LTD,DUSTON GO  T PLUS BS IV,NISSAN
NISSAN MOTOR INDIA PVT LTD,DATSUN REDI GO T BS4,NISSAN
NISSAN MOTOR INDIA PVT LTD,TERRANO 85 PS XE,NISSAN
NISSAN MOTOR INDIA PVT LTD,S UNNY XE BS IV,NISSAN
NISSAN MOTOR INDIA PVT LTD,MICRA MC XL,NISSAN
NISSAN MOTOR INDIA PVT LTD,"NISSAN MOTOR INDIA PVT LTD, DATSUN GO PLUS T",NISSAN
NISSAN MOTOR INDIA PVT LTD,NISSAN  MICRA,NISSAN
NISSAN MOTOR INDIA PVT LTD,DATSUN GO PLUST,NISSAN
NISSAN MOTOR INDIA PVT LTD,NISSAN MICRA XL PETROL,NISSAN
NISSAN MOTOR INDIA PVT LTD,REDI GO S S-DRIVE1.0 M1 BS4,NISSAN
Nissan Motor India Pvt Ltd,MAGNITE TURBO CVT XV PRE,NISSAN
NISSAN MOTOR INDIA PVT LTD,DATSUN REDI - GO S,NISSAN
NISSAN MOTOR INDIA PVT LTD,DATSUN REDI GO,NISSAN
NISSAN MOTOR INDIA PVT LTD,NISSAN TERRANO XVP (THP),NISSAN
NISSAN MOTOR INDIA PVT LTD,NISSAN MICRA ACTIVE XV S,NISSAN
NISSAN MOTOR INDIA PVT LTD,DATSUN REDI- GO 0.8 PET T-O,NISSAN
NISSAN MOTOR INDIA PVT LTD,NISSAN SUNNY 1.5DCI XV,NISSAN
NISSAN MOTOR INDIA PVT LTD,NISSAN SUNNY 1.5 DOM XL,NISSAN
NISSAN MOTOR INDIA PVT LTD,TERRANO 1.5 DXL,NISSAN
NISSAN MOTOR INDIA PVT LTD,TERRANO XLD (O) BSIV,NISSAN
NISSAN MOTOR INDIA PVT LTD,DATSUN REDI GO-T,NISSAN
NISSAN MOTOR INDIA PVT LTD,BMW 320D,NISSAN
NISSAN MOTOR INDIA PVT LTD,NISSAN TERRANO XV DCI PREMIUM,NISSAN
NISSAN MOTOR INDIA PVT LTD,MICRA DIESEL XV PREMIUM,NISSAN
NISSAN MOTOR INDIA PVT LTD,TERRANO XV THP DCI,NISSAN
NISSAN MOTOR INDIA PVT LTD,TERRANO XE ,NISSAN
NISSAN MOTOR INDIA PVT LTD,DATSUN REDI GO S(O),NISSAN
NISSAN MOTOR INDIA PVT LTD,TERRANO XL DCI BS4,NISSAN
NISSAN MOTOR INDIA PVT LTD,TERRANO 1.5 D XL85,NISSAN
Nissan Motor India Pvt Ltd,DATSUN GO PLUS T(O),NISSAN
NISSAN MOTOR INDIA PVT LTD,MAGNITE MT XV EXE BS6,NISSAN
NISSAN MOTOR INDIA PVT LTD,SUNNY (P) XL CVT,NISSAN
NISSAN MOTOR INDIA PVT LTD,DATSUN REDIGO T (O) PETROL,NISSAN
NISSAN MOTOR INDIA PVT LTD,DUTSUN REDI GO T (O),NISSAN
NISSAN MOTOR INDIA PVT LTD,NISSAN  SUNNY  XV DIESEL,NISSAN
NISSAN MOTOR INDIA PVT LTD,KICKS XV PREMIUM(OPTION DUAL,NISSAN
NISSAN MOTOR INDIA PVT LTD,TERRANO XL- PLUS,NISSAN
NISSAN MOTOR INDIA PVT LTD,KICKS XV PREMIUM DSL M1 BS4,NISSAN
NISSAN MOTOR INDIA PVT LTD,"NISSAN MOTOR INDIA PVT LTD, NISSAN MAGNITE MT XL",NISSAN
NISSAN MOTOR INDIA PVT LTD,TERRANO XLD 85PS,NISSAN
NISSAN MOTOR INDIA PVT LTD,TERRANO XV PREM,NISSAN
NISSAN MOTOR INDIA PVT LTD,DATSUN GO (T),NISSAN
NISSAN MOTOR INDIA PVT LTD,NISSAN TERRANO 1.5 DCI,NISSAN
NISSAN MOTOR INDIA PVT LTD,"NISSAN MOTOR INDIA PVT LTD, NISSAN MAGNITE MT XV",NISSAN
NISSAN MOTOR INDIA PVT LTD,MICRA MC XL CVT (BS1V),NISSAN
NISSAN MOTOR INDIA PVT LTD,"NISSAN MOTOR INDIA PVT LTD, DATSUN REDI-GO A",NISSAN
NISSAN MOTOR INDIA PVT LTD,DATSUN REDI GO  T  (O),NISSAN
NISSAN MOTOR INDIA PVT LTD,MICRA  XL,NISSAN
NISSAN MOTOR INDIA PVT LTD,NISSAN DATSUN GO T  LMV MOTOR,NISSAN
NISSAN MOTOR INDIA PVT LTD,MICRA XV(P) ACTIVE,NISSAN
NISSAN MOTOR INDIA PVT LTD,N SUNNY XED BSIV,NISSAN
NISSAN MOTOR INDIA PVT LTD,NISSAN TERRANO XL dci,NISSAN
NISSAN MOTOR INDIA PVT LTD,DATSUN GO T(O) CVT,NISSAN
NISSAN MOTOR INDIA PVT LTD,NISSAN TEERANO XL DCI BSIV,NISSAN
NISSAN MOTOR INDIA PVT LTD,TERRANO XV D (THP),NISSAN
NISSAN MOTOR INDIA PVT LTD,REDI-GO T(O) 1.0 LIMITED,NISSAN
NISSAN MOTOR INDIA PVT LTD,MICRA XV (D) PREMIMUM,NISSAN
NISSAN MOTOR INDIA PVT LTD,DATSUN REDI - GO - B,NISSAN
NISSAN MOTOR INDIA PVT LTD,NISSAN SUNNY  XVD BSIV,NISSAN
NISSAN MOTOR INDIA PVT LTD,DATSUN GO A(O),NISSAN
NISSAN MOTOR INDIA PVT LTD,NISSAN MAGNITE MT RED EDITION,NISSAN
NISSAN MOTOR INDIA PVT LTD,SUNNY DCI XL,NISSAN
NISSAN MOTOR INDIA PVT LTD,TERRANO XL THP,NISSAN
NISSAN MOTOR INDIA PVT LTD,DATSUN REDIGO T (S),NISSAN
NISSAN MOTORS,NISSAN MAGNITE MT XL BS6,NISSAN
NISSAN MOTOR INDIA PVT LTD,MICRA ACTIVE XL ,NISSAN
NISSAN MOTOR INDIA PVT LTD,DATSUN REDI GO D BS4,NISSAN
NISSAN MOTOR INDIA PVT LTD,DATSUN GO+ T,NISSAN
NISSAN MOTOR INDIA PVT LTD,REDI GO,NISSAN
NISSAN MOTOR INDIA PVT LTD,NISSAN SUNNY MC XL (B S IV) DI,NISSAN
NISSAN MOTOR INDIA PVT LTD,"DATSUN REDI GO S,BSIV",NISSAN
NISSAN MOTOR INDIA PVT LTD,NISSAN SUNNY 1.5 DCI XV,NISSAN
NISSAN MOTOR INDIA PVT LTD,MICRA  XV  BS IV,NISSAN
NISSAN MOTOR INDIA PVT LTD,DATSUN GO PLUS A1,NISSAN
NISSAN MOTOR INDIA PVT LTD,NISSAN TERRANO XV D PREMI,NISSAN
NISSAN MOTOR INDIA PVT LTD,TERAANO XL D 110 PS,NISSAN
NISSAN MOTOR INDIA PVT LTD,TERRNO XLD BSIV,NISSAN
NISSAN MOTOR INDIA PVT LTD,TERRANO XVD THP LT,NISSAN
NISSAN MOTOR INDIA PVT LTD,"TERRANO XL DCI,BSIV",NISSAN
NISSAN MOTOR INDIA PVT LTD,NISSAN MODEL T31,NISSAN
NISSAN MOTOR INDIA PVT LTD,TERRANO DCI XV PREMIUM,NISSAN
NISSAN MOTOR INDIA PVT LTD,TERRANNO XED,NISSAN
NISSAN MOTOR INDIA PVT LTD,DATSUN REDI GO T(O PETROL,NISSAN
NISSAN MOTOR INDIA PVT LTD,NISSAN MICRA 1.2 PETROL DOM XV,NISSAN
NISSAN MOTOR INDIA PVT LTD,REDI GO T O S-DRIVE1.0  M1 BS4,NISSAN
NISSAN MOTOR INDIA PVT LTD,DATSUN GO + AEPS,NISSAN
NISSAN MOTOR INDIA PVT LTD,"NISSAN MOTOR INDIA PVT LTD, MICRA XE",NISSAN
NISSAN MOTOR INDIA PVT LTD,NISSAN DATSUN REDI GO T (0),NISSAN
NISSAN MOTOR INDIA PVT LTD,NISSAN MICRA  XL BSIV,NISSAN
NISSAN MOTOR INDIA PVT LTD,TARRANO XL DCI,NISSAN
NISSAN MOTOR INDIA PVT LTD,NISSAN MICRA DLXV,NISSAN
NISSAN MOTOR INDIA PVT LTD,DATSUN TRUST T,NISSAN
NISSAN MOTOR INDIA PVT LTD,TERRANO XL DCI THP,NISSAN
NISSAN MOTOR INDIA PVT LTD,TERRANO XLDSL PLUS 85PS1.5BSIV,NISSAN
NISSAN MOTOR INDIA PVT LTD,MICRA XV CVT DOM,NISSAN
NISSAN MOTOR INDIA PVT LTD,NISSAN MICRA DCI BSIV,NISSAN
NISSAN MOTOR INDIA PVT LTD,DATSUN REDI GO LIMITED EDITION,NISSAN
NISSAN MOTOR INDIA PVT LTD,,NISSAN
NISSAN MOTOR INDIA PVT LTD,MICRA XE D,NISSAN
NISSAN MOTOR INDIA PVT LTD,REDI-GO T,NISSAN
NISSAN MOTOR INDIA PVT LTD,NISSAN TERRANO XLD PLUS 1.5,NISSAN
NISSAN MOTOR INDIA PVT LTD,MICRA DL XL,NISSAN
NISSAN MOTOR INDIA PVT LTD,NISSAN TERRANO XE DCI,NISSAN
NISSAN MOTOR INDIA PVT LTD,NISSAN MODEL MICRA DCI K13,NISSAN
NISSAN MOTOR INDIA PVT LTD,NISSAN SUNNY Dci XI BS IV,NISSAN
NISSAN MOTOR INDIA PVT LTD,ONE DATUN GO,NISSAN
NISSAN MOTOR INDIA PVT LTD,MICRA 1.2  PETROL DOM XV,NISSAN
NISSAN MOTOR INDIA PVT LTD,NISSAN DATDUN GO T,NISSAN
NISSAN MOTOR INDIA PVT LTD,SUNNY XV VARIANT BS IV,NISSAN
NISSAN MOTOR INDIA PVT LTD,NISSAN SUNNY XE BSIV,NISSAN
NISSAN MOTOR INDIA PVT LTD,DATSON GO,NISSAN
NISSAN MOTOR INDIA PVT LTD,MICRA ACTIV XV S,NISSAN
NISSAN MOTOR INDIA PVT LTD,NISSAN TERRANO XL (O) ,NISSAN
NISSAN MOTOR INDIA PVT LTD,NISSAN SUNNY  MC XVD,NISSAN
NISSAN MOTOR INDIA PVT LTD,NISSAN SUNNY  XVD BS IV,NISSAN
NISSAN MOTOR INDIA PVT LTD,NISSAN MICRA DCI  XV  BS IV,NISSAN
NISSAN MOTOR INDIA PVT LTD,TERRANO XLD PLUS 85PS,NISSAN
NISSAN MOTOR INDIA PVT LTD,DATSUN REDI-GO LTD EDT,NISSAN
NISSAN MOTOR INDIA PVT LTD,DATSUN REDI GO TO,NISSAN
NISSAN MOTOR INDIA PVT LTD,NISSAN SUNNY  dCi  XL,NISSAN
NISSAN MOTOR INDIA PVT LTD,MICRA ACTIVA XL,NISSAN
NISSAN MOTOR INDIA PVT LTD,XTRAIL ELEGANCE,NISSAN
NISSAN MOTOR INDIA PVT LTD,NISSAN SUNNY DCI XL BS IV,NISSAN
NISSAN MOTOR INDIA PVT LTD,SUNNY LDU1 XV BS IV,NISSAN
NISSAN MOTOR INDIA PVT LTD,NISSAN TERRANO XL-D (O),NISSAN
NISSAN MOTORS,MICRA XL,NISSAN
NISSAN MOTOR INDIA PVT LTD,TERRANO XL THP DIESEL,NISSAN
NISSAN MOTOR INDIA PVT LTD,NISSAN MICRA MC XED,NISSAN
NISSAN MOTORS,NISSAN MAGNITE MT XE BS6,NISSAN
NISSAN MOTOR INDIA PVT LTD,DATSUN GO A,NISSAN
NISSAN MOTOR INDIA PVT LTD,DATSUN GO T (O M1 BS4,NISSAN
NISSAN MOTOR INDIA PVT LTD,LMV CAR,NISSAN
NISSAN MOTOR INDIA PVT LTD,NISSAN MICRA XL EIV,NISSAN
NISSAN MOTOR INDIA PVT LTD,MICRA XV PREMIUM BS IV,NISSAN
NISSAN MOTOR INDIA PVT LTD,DATSUN GO PLUS  T BS IV,NISSAN
NISSAN MOTOR INDIA PVT LTD,NISSAN MICRA XL(O) XTRONIC CVT,NISSAN
NISSAN MOTOR INDIA PVT LTD,TERRANO  XL O,NISSAN
NISSAN MOTOR INDIA PVT LTD,MICRA XV PREMIAM R,NISSAN
NISSAN MOTOR INDIA PVT LTD,MICRA MC XV CVT BS IV,NISSAN
NISSAN MOTOR INDIA PVT LTD,MICRA ACTIVE XV BS IV,NISSAN
NISSAN MOTOR INDIA PVT LTD,TERRANO XV DIESEL 110PS 1.5,NISSAN
NISSAN MOTOR INDIA PVT LTD,DATSUN REDIGO T(O),NISSAN
NISSAN MOTOR INDIA PVT LTD,D10  NISSAN TERRANO,NISSAN
NISSAN MOTOR INDIA PVT LTD,NISSAN SUNNY DCI XV PRMM OPTNL,NISSAN
NISSAN MOTOR INDIA PVT LTD,MICRA DCI XV BS-IV,NISSAN
NISSAN MOTOR INDIA PVT LTD,NISSAN MICRA XV PRIMIUM,NISSAN
NISSAN MOTOR INDIA PVT LTD,NISSAN MAGNITE TURBO MTXVP BS6,NISSAN
NISSAN MOTOR INDIA PVT LTD,SUNNY XLD,NISSAN
NISSAN MOTOR INDIA PVT LTD,MICRA DCI K13,NISSAN
NISSAN MOTOR INDIA PVT LTD,TERRANO XL PLUS DCI - 85 PS,NISSAN
NISSAN MOTOR INDIA PVT LTD,MICRA MC XLD,NISSAN
NISSAN MOTOR INDIA PVT LTD,NISSAN SUNNY XL,NISSAN
NISSAN MOTOR INDIA PVT LTD,NISSAN DASTUN REDI GO S,NISSAN
NISSAN MOTOR INDIA PVT LTD,DATSUN REDI GO S O,NISSAN
NISSAN MOTOR INDIA PVT LTD,DATSUN REDI-GO T,NISSAN
NISSAN MOTOR INDIA PVT LTD,"NISSAN MOTOR INDIA PVT LTD, DATSUN",NISSAN
NISSAN MOTOR INDIA PVT LTD,NISSAN MICAR DCI K13,NISSAN
NISSAN MOTOR INDIA PVT LTD,DATSUN GO T(O) PETROL,NISSAN
NISSAN MOTOR INDIA PVT LTD,MICRA XE BS4,NISSAN
NISSAN MOTOR INDIA PVT LTD,NISSAN TERRANO XED BS IV,NISSAN
NISSAN MOTOR INDIA PVT LTD,DATSUN REDI GO T [O],NISSAN
NISSAN MOTOR INDIA PVT LTD,DATSUN GO EPS,NISSAN
NISSAN MOTOR INDIA PVT LTD,NISSAN MICRA MC XL CVT,NISSAN
NISSAN MOTOR INDIA PVT LTD,NISSAN DATSUN GOT,NISSAN
NISSAN MOTOR INDIA PVT LTD,TERRANO XLD(OPTIONAL,NISSAN
NISSAN MOTOR INDIA PVT LTD,NISSAN MICRA XL(O XTRONIC CVT,NISSAN
NISSAN MOTOR INDIA PVT LTD,NISSAN MODEL J31,NISSAN
NISSAN MOTOR INDIA PVT LTD,NISSAN SUNNY XV IV,NISSAN
NISSAN MOTOR INDIA PVT LTD,DATSUN GO PLUS A (O BS6,NISSAN
NISSAN MOTOR INDIA PVT LTD,DATSUN GO PLUS D2,NISSAN
NISSAN MOTOR INDIA PVT LTD,NISSAN TERRANO XE DIESEL,NISSAN
NISSAN MOTOR INDIA PVT LTD,TERRANO D XVPREMIUM 110PS,NISSAN
NISSAN MOTOR INDIA PVT LTD,MICRA 1.2 XL,NISSAN
NISSAN MOTORS,NISSAN MAGNITE MT XV BS6,NISSAN
NISSAN MOTOR INDIA PVT LTD,NISSAN SUNNY d CiXL,NISSAN
NISSAN MOTOR INDIA PVT LTD,KWID RXT,NISSAN
NISSAN MOTOR INDIA PVT LTD,MICRA XV DI,NISSAN
NISSAN MOTOR INDIA PVT LTD,NISSAN TERRANO XL D O,NISSAN
NISSAN MOTOR INDIA PVT LTD,N MODEL MICRA DCI K13,NISSAN
NISSAN MOTOR INDIA PVT LTD,TERRANO XL DIESEL(O),NISSAN
NISSAN MOTOR INDIA PVT LTD,NISSAN MOD SUNNY XV,NISSAN
NISSAN MOTOR INDIA PVT LTD,T 30 NISSAN X TRAIL,NISSAN
NISSAN MOTOR INDIA PVT LTD,REDI GO 1L AMT T(O,NISSAN
NISSAN MOTOR INDIA PVT LTD,TERRANO XLD(OPTIONAL),NISSAN
NISSAN MOTOR INDIA PVT LTD,SUNNY XV(D)SPL EDITION,NISSAN
NISSAN MOTOR INDIA PVT LTD,NISSAN TERRANO XV,NISSAN
NISSAN MOTOR INDIA PVT LTD,NISSAN  K13  MICRA,NISSAN
NISSAN MOTOR INDIA PVT LTD,DATSUN REDIGO T BS6,NISSAN
NISSAN MOTOR INDIA PVT LTD,SUNNY X V,NISSAN
NISSAN MOTOR INDIA PVT LTD,"NISSAN MOTOR INDIA PVT LTD, KICKS XV PREMIUM CVT PETROL",NISSAN
NISSAN MOTOR INDIA PVT LTD,MICRA XV PRM DCI,NISSAN
NISSAN MOTOR INDIA PVT LTD,NISSAN SUNNY XL 1.5,NISSAN
NISSAN MOTOR INDIA PVT LTD,TERRANO XED O BS IV,NISSAN
NISSAN MOTOR INDIA PVT LTD,TERRANO XL PLUS DCI HSNAW5,NISSAN
NISSAN MOTOR INDIA PVT LTD,MICRA DSL XV R,NISSAN
NISSAN MOTOR INDIA PVT LTD,SUNNY XV BSIV,NISSAN
NISSAN MOTOR INDIA PVT LTD,TERRANO XL DCI O,NISSAN
NISSAN MOTOR INDIA PVT LTD,MICRA PRIMO XL,NISSAN
NISSAN MOTOR INDIA PVT LTD,DATSUN REDIGO T(O) BS6,NISSAN
NISSAN MOTOR INDIA PVT LTD,MICRA XL DCI,NISSAN
NISSAN MOTOR INDIA PVT LTD,TERRANO XVD PREMIUM,NISSAN
NISSAN MOTOR INDIA PVT LTD,NISSAN SUNNY  XL DIESEL CAR,NISSAN
NISSAN MOTOR INDIA PVT LTD,DATSUN REDIGO T (O,NISSAN
NISSAN MOTOR INDIA PVT LTD,MICRA XLD,NISSAN
NISSAN MOTOR INDIA PVT LTD,TERRANO XLD OPTION THP,NISSAN
NISSAN MOTOR INDIA PVT LTD,SUNNY XL BS IV,NISSAN
NISSAN MOTOR INDIA PVT LTD,DATSUN REDIGO T(O BS6,NISSAN
NISSAN MOTOR INDIA PVT LTD,TERNA 250XV (CKD BSIV,NISSAN
NISSAN MOTOR INDIA PVT LTD,X TRAIL SLX MT,NISSAN
NISSAN MOTOR INDIA PVT LTD,NISSANMICRADCIXVBSIV,NISSAN
NISSAN MOTOR INDIA PVT LTD,NISSAN MICRA ACTIVE XL BS IV,NISSAN
NISSAN MOTOR INDIA PVT LTD,NISSAN X TRAIL,NISSAN
NISSAN MOTOR INDIA PVT LTD,NISSAN TERRANO XV DCI,NISSAN
NISSAN MOTOR INDIA PVT LTD,NISSAN MICRA ACTIVE,NISSAN
NISSAN MOTOR INDIA PVT LTD,DASTSUN GO T,NISSAN
NISSAN MOTOR INDIA PVT LTD,TERRANO 85 PS XL,NISSAN
NISSAN MOTOR INDIA PVT LTD,TERRANO XL D PLUS,NISSAN
NISSAN MOTOR INDIA PVT LTD,TERRANO PETROL,NISSAN
NISSAN MOTOR INDIA PVT LTD,NISSAN MICRA XL CVT,NISSAN
NISSAN MOTOR INDIA PVT LTD,MICRA ACTIVE XV S,NISSAN
NISSAN MOTOR INDIA PVT LTD,MICRA MC XED,NISSAN
NISSAN MOTORS,KICKS XV PTR 1.5 BS6,NISSAN
NISSAN MOTOR INDIA PVT LTD,DUTSUN GO PLUS T(0),NISSAN
NISSAN MOTOR INDIA PVT LTD,DASTUN GO T BSIV,NISSAN
NISSAN MOTOR INDIA PVT LTD,NISSAN TERRANO XE dci,NISSAN
NISSAN MOTOR INDIA PVT LTD,DTSAUN GO,NISSAN
NISSAN MOTOR INDIA PVT LTD,MICRA XV DCI BS4,NISSAN
NISSAN MOTOR INDIA PVT LTD,DATSUN REDI- GO T,NISSAN
NISSAN MOTOR INDIA PVT LTD,DATSUN GO +,NISSAN
NISSAN MOTOR INDIA PVT LTD,MICRA XE PETROL,NISSAN
NISSAN MOTOR INDIA PVT LTD,NISSAN MICRA MC XVD BSIV,NISSAN
NISSAN MOTOR INDIA PVT LTD,XTRAIL,NISSAN
NISSAN MOTOR INDIA PVT LTD,NISSAN DATSUN GO PLUS (T),NISSAN
NISSAN MOTOR INDIA PVT LTD,NISSAN SUNNY XL BS4,NISSAN
NISSAN MOTOR INDIA PVT LTD,ONE DATSUN,NISSAN
NISSAN MOTOR INDIA PVT LTD,DATSUN REDI GO T O,NISSAN
NISSAN MOTOR INDIA PVT LTD,TERRANO XL DCI PLUS BS IV,NISSAN
NISSAN MOTOR INDIA PVT LTD,NISSAN EVALIA DCI XV BS IV,NISSAN
NISSAN MOTOR INDIA PVT LTD,DATSUN REDI GO S(O) BS IV,NISSAN
NISSAN MOTOR INDIA PVT LTD,TERRANO XLD OPTION,NISSAN
NISSAN MOTOR INDIA PVT LTD,SUNNY XL DCI,NISSAN
NISSAN MOTOR INDIA PVT LTD,TERRANO XL-D(O),NISSAN
NISSAN MOTOR INDIA PVT LTD,NISSAN MICRA 1.2 LTR XV PETROL,NISSAN
NISSAN MOTOR INDIA PVT LTD,TERRANO XLD (THP) BSIV,NISSAN
NISSAN MOTOR INDIA PVT LTD,TERRANO XV PRE DCI HSNA36 BS4,NISSAN
NISSAN MOTOR INDIA PVT LTD,TEANA,NISSAN
NISSAN MOTOR INDIA PVT LTD,DATSUN GO PLUS A,NISSAN
NISSAN MOTOR INDIA PVT LTD,DATSUN REDI GO SPORTS,NISSAN
NISSAN MOTOR INDIA PVT LTD,TERRANO XL DCI85PS BS4,NISSAN
NISSAN MOTOR INDIA PVT LTD,NISAN MICRA - XVD,NISSAN
NISSAN MOTOR INDIA PVT LTD,DATSUN REDI GO S 1.0,NISSAN
NISSAN MOTOR INDIA PVT LTD,"NISSAN MOTOR INDIA PVT LTD, TERRANO XED",NISSAN
NISSAN MOTOR INDIA PVT LTD,NISSAN SUNNY XL DIESEL BS IV,NISSAN
NISSAN MOTOR INDIA PVT LTD,"NISSAN MOTOR INDIA PVT LTD, NA",NISSAN
NISSAN MOTORS,NISSAN MICRA ACTIVE XL,NISSAN
NISSAN MOTOR INDIA PVT LTD,TERRANO XL DCI (O),NISSAN
NISSAN MOTOR INDIA PVT LTD,DATSUN GO PLUS T (O AIRBAG,NISSAN
NISSAN MOTOR INDIA PVT LTD,NISSAN TERRANO XVD BS 1V,NISSAN
NISSAN MOTOR INDIA PVT LTD,TERRANO BSIV,NISSAN
NISSAN MOTOR INDIA PVT LTD,"TERRANO XVD, BS-IV",NISSAN
NISSAN MOTOR INDIA PVT LTD,DASTSUN GO T BSIV,NISSAN
NISSAN MOTOR INDIA PVT LTD,MICRA ACTIVE (XV),NISSAN
NISSAN MOTOR INDIA PVT LTD,MICRA XTRONIC CVT XV BS IV,NISSAN
NISSAN MOTOR INDIA PVT LTD,DATSUN GO PLUS T BS4,NISSAN
NISSAN MOTOR INDIA PVT LTD,REDI GO T(O) S-DRIVE 1.0,NISSAN
NISSAN MOTOR INDIA PVT LTD,MAGNITE TURBO MT XV EXE BS6,NISSAN
NISSAN MOTOR INDIA PVT LTD,SUNNY DCI XV BS IV,NISSAN
NISSAN MOTOR INDIA PVT LTD,SUNNY XV (DIESEL),NISSAN
NISSAN MOTOR INDIA PVT LTD,TERRANO XV PREM THP,NISSAN
NISSAN MOTOR INDIA PVT LTD,"NISSAN MOTOR INDIA PVT LTD, KICKS XV PREMIUM(OPTION) DUAL",NISSAN
NISSAN MOTOR INDIA PVT LTD,DATSUN GO T ANNIVERSARY PETROL,NISSAN
NISSAN MOTOR INDIA PVT LTD,NISSANMAGNITE TURBO MTXVPRE(O),NISSAN
NISSAN MOTOR INDIA PVT LTD,SUNNY XE (P),NISSAN
NISSAN MOTOR INDIA PVT LTD,NISSAN MICRA DCI XL COMFORT ,NISSAN
NISSAN MOTOR INDIA PVT LTD,NISSAN TERRANO 1.5 DCI XL.,NISSAN
NISSAN MOTOR INDIA PVT LTD,K13 NISSAN MICRA,NISSAN
NISSAN MOTOR INDIA PVT LTD,NISSAN MICRA XV DIESEL,NISSAN
NISSAN MOTOR INDIA PVT LTD,TERRANO XV THP PREM,NISSAN
NISSAN MOTOR INDIA PVT LTD,"NISSAN MOTOR INDIA PVT LTD, NISSAN KICKS XV PETROL",NISSAN
NISSAN MOTOR INDIA PVT LTD,NISSAN TERRANO XL PLUS DCIBS,NISSAN
NISSAN MOTOR INDIA PVT LTD,NISSAN  TERRANO XL OP DCI,NISSAN
NISSAN MOTOR INDIA PVT LTD,NISSAN SUNNY XE 1.5 PETROL,NISSAN
NISSAN MOTOR INDIA PVT LTD,DATSON REDI GO,NISSAN
NISSAN MOTOR INDIA PVT LTD,TERRANO XV PRE DCI,NISSAN
NISSAN MOTOR INDIA PVT LTD,BMW 320D LCI PW AT BS IV,NISSAN
NISSAN. MAGNITE MT XL BSVI,RENAULTNISSAN AUTOMOTIVE I P L,NISSAN
NISSAN MOTOR INDIA PVT LTD,TERRANO XV (D),NISSAN
NISSAN MOTOR INDIA PVT LTD,TERRANO XL DCI PLUS BS4,NISSAN
NISSAN MOTOR INDIA PVT LTD,MICRA  XL PETROL,NISSAN
NISSAN MOTOR INDIA PVT LTD,DATSUN GO PLUS  T,NISSAN
NISSAN MOTOR INDIA PVT LTD,KICKS XV PRM OPTDULTONDSLM1BS4,NISSAN
NISSAN MOTOR INDIA PVT LTD,"NISSAN MOTOR INDIA PVT LTD, NISSAN SUNNY",NISSAN
NISSAN MOTOR INDIA PVT LTD,DATSUN GO PLUS T(O) CVT,NISSAN
NISSAN MOTOR INDIA PVT LTD,NISSAN TERRANO XLD O BS4,NISSAN
NISSAN MOTOR INDIA PVT LTD,REDI GO T(O S-DRIVE 1.0,NISSAN
NISSAN MOTOR INDIA PVT LTD,MICRA DCI XL COMFORT,NISSAN
NISSAN MOTOR INDIA PVT LTD,DATSUN GO NXT,NISSAN
NISSAN MOTOR INDIA PVT LTD,DATSUN REDI GO T ( O )PETROL,NISSAN
NISSAN MOTOR INDIA PVT LTD,MICRA XL PETROL,NISSAN
NISSAN MOTOR INDIA PVT LTD,DATSUN REDI GO T (O),NISSAN
NISSAN MOTOR INDIA PVT LTD,NISSAN TERRANO 1.5  DCI,NISSAN
NISSAN MOTOR INDIA PVT LTD,CABSTAR 690L,NISSAN
NISSAN MOTOR INDIA PVT LTD,CDO DATSUN REDI GO,NISSAN
NISSAN MOTOR INDIA PVT LTD,NISSAN NV 200 EVALIA XL,NISSAN
NISSAN MOTOR INDIA PVT LTD,K13  NISSAN MICRA,NISSAN
NISSAN MOTOR INDIA PVT LTD,MICRA DOM XE PLUS BS IV,NISSAN
NISSAN MOTOR INDIA PVT LTD,NISSAN KICKS XV PRE (O) (BS IV,NISSAN
NISSAN MOTOR INDIA PVT LTD,NISSAN MICRA MC XLD O BS IV,NISSAN
NISSAN MOTOR INDIA PVT LTD,KICKS XV RIGID WNDSHLD M1 BS4,NISSAN
NISSAN MOTOR INDIA PVT LTD,NISSAN DATSUN GO T BS 4,NISSAN
NISSAN MOTOR INDIA PVT LTD,NISSAN KICKS XV PREMIUM DIESEL,NISSAN
NISSAN MOTOR INDIA PVT LTD,SUNNY MC XV BSV,NISSAN
NISSAN MOTOR INDIA PVT LTD,TERRANO 1.5 DIESEL XL PLUS,NISSAN
NISSAN MOTOR INDIA PVT LTD,NISSAN TERRANO XL DCI,NISSAN
NISSAN MOTOR INDIA PVT LTD,TERRANO XLD(O),NISSAN
NISSAN MOTOR INDIA PVT LTD,DASTUN GO PLUS T,NISSAN
NISSAN MOTOR INDIA PVT LTD,DATSUN GO+ T 1.2,NISSAN
NISSAN MOTOR INDIA PVT LTD,DATSUN GO PLUS ANNIVERSARY,NISSAN
NISSAN MOTOR INDIA PVT LTD,TERRANO XV PREMIUM DCIHSNA36,NISSAN
NISSAN MOTORS,DATSUN REDI-GO A BSIII,NISSAN
NISSAN MOTOR INDIA PVT LTD,NISSAN MICRA XV PREMIUM,NISSAN
NISSAN MOTOR INDIA PVT LTD,DATSUN REDI GO T (O,NISSAN
NISSAN MOTOR INDIA PVT LTD,SUNNY XE PETROL,NISSAN
NISSAN MOTOR INDIA PVT LTD,NISSAN M T 30,NISSAN
NISSAN MOTOR INDIA PVT LTD,NISSAN MAGNITE MT XV PRM BS6,NISSAN
NISSAN MOTOR INDIA PVT LTD,DATSUN REDI GO TO BSIV,NISSAN
NISSAN MOTOR INDIA PVT LTD,NISSAN MICRA 1.2 DOM XE,NISSAN
NISSAN MOTOR INDIA PVT LTD,DATSUN REDI GO S 1.0 BSIV,NISSAN
NISSAN MOTOR INDIA PVT LTD,NISSAN MICRA DCI BS4,NISSAN
NISSAN MOTOR INDIA PVT LTD,MICRA DCI XV BS IV,NISSAN
NISSAN MOTOR INDIA PVT LTD,"MICRA ACTIVE XV S/PACK, BSIV",NISSAN
NISSAN MOTOR INDIA PVT LTD,NISSAN TERRANO XV PREMIUM dci,NISSAN
Nissan Motor India Pvt Ltd,KICKS XV PREMIUM(OPTION) DUAL,NISSAN
NISSAN MOTOR INDIA PVT LTD,NISSAN MICRA XL(O) DCI,NISSAN
NISSAN MOTOR INDIA PVT LTD,NISSAN SUNNY MC XVD,NISSAN
NISSAN MOTOR INDIA PVT LTD,LMV NISSAN TEANA,NISSAN
NISSAN MOTOR INDIA PVT LTD, DATSUN REDI GO S,NISSAN
NISSAN MOTOR INDIA PVT LTD,TERRANO XLD,NISSAN
NISSAN MOTOR INDIA PVT LTD,MICRA.BS.4,NISSAN
NISSAN MOTOR INDIA PVT LTD,ACTIVE XV S MY 15,NISSAN
NISSAN MOTOR INDIA PVT LTD,NISSAN MICRA  XV BSIV,NISSAN
NISSAN MOTOR INDIA PVT LTD,NISSAN MICRA MC XE D,NISSAN
NISSAN MOTOR INDIA PVT LTD,NISSAN MICRA ACTIVE XV SP 1.2,NISSAN
NISSAN MOTOR INDIA PVT LTD,NISSAN MAGNITE TURBO MT XV PRE,NISSAN
NISSAN MOTOR INDIA PVT LTD,KICKS XV DSL M1 BS4,NISSAN
NISSAN MOTOR INDIA PVT LTD,TEANA MIDDLE CLASS,NISSAN
NISSAN MOTOR INDIA PVT LTD,SUNNY DIESEL DCI XL,NISSAN
NISSAN MOTOR INDIA PVT LTD,NISSAN M MICRA K13,NISSAN
NISSAN MOTOR INDIA PVT LTD,DATSUN REDI GO S BS4,NISSAN
Nissan Motor India Pvt Ltd,DATSUN REDI GO LIMITED EDITION,NISSAN
NISSAN MOTOR INDIA PVT LTD,NISSAN TERRANO XL DCI PLUS,NISSAN
NISSAN MOTOR INDIA PVT LTD,NISSAN TERRANO XLD (O) BS IV,NISSAN
NISSAN MOTOR INDIA PVT LTD,DATSUN REDI GO D,NISSAN
NISSAN MOTOR INDIA PVT LTD,NISSAN SUNNY DCI XV-1.5L BS IV,NISSAN
NISSAN MOTOR INDIA PVT LTD,DATSUN REDI GO T (O) BSIV,NISSAN
NISSAN MOTOR INDIA PVT LTD,NISSAN MICRA XV PREM (D),NISSAN
NISSAN MOTOR INDIA PVT LTD,EVALIA EV,NISSAN
NISSAN MOTOR INDIA PVT LTD,MICRA XV  PRIMO (DIESEL),NISSAN
NISSAN MOTOR INDIA PVT LTD,SUNNY XV DISEL 1.5 BSIV,NISSAN
NISSAN MOTOR INDIA PVT LTD,DATSUN GO T(O),NISSAN
NISSAN MOTOR INDIA PVT LTD,NISSAN MICRA XL DIESEL,NISSAN
NISSAN MOTOR INDIA PVT LTD,NISSAN MICRA XVD,NISSAN
NISSAN MOTOR INDIA PVT LTD,NISSAN XTRAIL TEANA,NISSAN
NISSAN MOTOR INDIA PVT LTD,DATSUN GO +T,NISSAN
NISSAN MOTOR INDIA PVT LTD,NISSAN MODEL SUNNY XV,NISSAN
NISSAN MOTOR INDIA PVT LTD,DATSUN REDI GO T(O 1.0 M1 BS4,NISSAN
NISSAN MOTOR INDIA PVT LTD,NISSAN SUNNY  DCI XL,NISSAN
NISSAN MOTOR INDIA PVT LTD,NISSAN TERRANO XL DCI BSIV,NISSAN
NISSAN MOTOR INDIA PVT LTD,MICRA MC XLD O,NISSAN
NISSAN MOTOR INDIA PVT LTD,TERRANO XL BS4,NISSAN
NISSAN MOTOR INDIA PVT LTD,NISSAN MICRA,NISSAN
NISSAN MOTOR INDIA PVT LTD,NISSAN  DATSUN GO ,NISSAN
NISSAN MOTORS,DATSUN REDI GO S (O) BS4,NISSAN
NISSAN MOTOR INDIA PVT LTD,MICRA XV,NISSAN
NISSAN MOTOR INDIA PVT LTD,NISSAN TERRANO XVD,NISSAN
NISSAN MOTOR INDIA PVT LTD,NISSAN TERRANO XL(O)DCI HSNAW5,NISSAN
NISSAN MOTOR INDIA PVT LTD,MICRA XV PRIMIUM,NISSAN
NISSAN MOTOR INDIA PVT LTD,MICRA DL XV PREM BS IV,NISSAN
NISSAN MOTOR INDIA PVT LTD,NISSAN (DISPOSAL),NISSAN
NISSAN MOTOR INDIA PVT LTD,DATSUN GO PLUS TOP,NISSAN
NISSAN MOTOR INDIA PVT LTD,DATSUN GO T (O) AIRBAG,NISSAN
NISSAN MOTOR INDIA PVT LTD,TERRANO PRIME XLD BS IV,NISSAN
NISSAN MOTOR INDIA PVT LTD,TERANO 1.5DTHPXV,NISSAN
NISSAN MOTOR INDIA PVT LTD,SUNNY XL DIESEL 1.5 BS IV,NISSAN
NISSAN MOTOR INDIA PVT LTD,MAGNITE TURBO CVT XV PRE,NISSAN
NISSAN MOTOR INDIA PVT LTD,SUNNY BS IV,NISSAN
NISSAN MOTOR INDIA PVT LTD,NISSAN MICRA DCI XV BSIV,NISSAN
NISSAN MOTOR INDIA PVT LTD,redi-GO T(O),NISSAN
NISSAN MOTOR INDIA PVT LTD,NISSAN MICRA ,NISSAN
NISSAN MOTOR INDIA PVT LTD,DUTSON GO,NISSAN
NISSAN MOTORS,NISSAN MAGNITE MT XV PRM BS6,NISSAN
NISSAN MOTOR INDIA PVT LTD,NISSAN MAGNITE MT XL BS6,NISSAN
NISSAN MOTOR INDIA PVT LTD,"NISSAN SUNNY XL, BS-IV",NISSAN
NISSAN MOTOR INDIA PVT LTD,TERRANO XL (O),NISSAN
NISSAN MOTOR INDIA PVT LTD,DUSTER RXE ADV EDI 85PS DIESEL,NISSAN
NISSAN MOTOR INDIA PVT LTD,DATSUN REDI GOS(0),NISSAN
NISSAN MOTOR INDIA PVT LTD,DATSUN REDI GO T PETROL,NISSAN
NISSAN MOTOR INDIA PVT LTD,TERRANO XV PREMIUM DCI BS IV,NISSAN
NISSAN MOTOR INDIA PVT LTD,TERRANO XV DCI PRIE BS4,NISSAN
NISSAN MOTOR INDIA PVT LTD,COMMANDER 650 DI 4SPD-2WD,NISSAN
NISSAN MOTOR INDIA PVT LTD,NISSAN TERRANO XV PRE DCI BSIV,NISSAN
NISSAN MOTOR INDIA PVT LTD,NISSAN SUNNY ,NISSAN
NISSAN MOTOR INDIA PVT LTD,NISSAN TERRANO XV BSIV,NISSAN
NISSAN MOTOR INDIA PVT LTD,MICRA MC XVD PRE,NISSAN
NISSAN MOTOR INDIA PVT LTD,TERRANO XV DCI BS4,NISSAN
NISSAN MOTOR INDIA PVT LTD,NISSAN MICRA XV BSIV,NISSAN
NISSAN MOTOR INDIA PVT LTD,NISSAN SUNNY DCI XV BS IV,NISSAN
NISSAN MOTOR INDIA PVT LTD,DATSAN REDI GO,NISSAN
NISSAN MOTOR INDIA PVT LTD,NISSAN TERRANO XV OP,NISSAN
NISSAN MOTOR INDIA PVT LTD,"NISSAN MOTOR INDIA PVT LTD, TERRANO XL PLUS",NISSAN
NISSAN MOTOR INDIA PVT LTD,NISSAN SUNNY DCI XL BSIV,NISSAN
NISSAN MOTOR INDIA PVT LTD,TERRANO XVD(OPTIONAL-L),NISSAN
NISSAN MOTOR INDIA PVT LTD,DATSUN GO T CVT,NISSAN
NISSAN MOTOR INDIA PVT LTD,NISSAN SUNNY  XL DIESEL,NISSAN
NISSAN MOTOR INDIA PVT LTD,DATSUN GO ANNIVERSARY EDITION,NISSAN
NISSAN MOTOR INDIA PVT LTD,MICRA XE (R),NISSAN
NISSAN MOTOR INDIA PVT LTD,DATSUN GO PLUS T X V (P),NISSAN
NISSAN MOTOR INDIA PVT LTD,NISSAN SUNNY XV DCI BS IV,NISSAN
NISSAN MOTOR INDIA PVT LTD,NISSAN MICRA 1.2 PETROL XL,NISSAN
NISSAN MOTOR INDIA PVT LTD,DATSUN REDI-GO T(O S-DRIVE1.0,NISSAN
NISSAN MOTORS,DATSUN GO PLUS T BS4,NISSAN
NISSAN MOTOR INDIA PVT LTD,TERRANO XVD(THP),NISSAN
NISSAN MOTOR INDIA PVT LTD,NISSAN MICRA XL,NISSAN
NISSAN MOTOR INDIA PVT LTD,NISSAN  MODEL K13,NISSAN
NISSAN MOTOR INDIA PVT LTD,NISSAN TERRANO XV DCI (HSNA36),NISSAN
NISSAN MOTOR INDIA PVT LTD,DATSUN GOT,NISSAN
NISSAN MOTOR INDIA PVT LTD,DATSUN GO A ERS BSIV,NISSAN
NISSAN MOTOR INDIA PVT LTD,EVALIA XV DCI PREM CON.TO.BSIV,NISSAN
NISSAN MOTOR INDIA PVT LTD,NISAN MICRA XV BSIV,NISSAN
NISSAN MOTOR INDIA PVT LTD,SUNNY MC XVD PREM (LTH),NISSAN
NISSAN MOTOR INDIA PVT LTD,NISSAN MICRA ACTIVE XL,NISSAN
NISSAN MOTOR INDIA PVT LTD,NISSAN SUNNY 1.5 DCI,NISSAN
NISSAN MOTOR INDIA PVT LTD,DATSUN GO REMIX EDITION,NISSAN
NISSAN MOTOR INDIA PVT LTD,DATSUN REDI GO T(O)S DRIVE,NISSAN
NISSAN MOTOR INDIA PVT LTD,SUNNY DIESEL XV ,NISSAN
NISSAN MOTOR INDIA PVT LTD,"NISSAN MICRA ACTIVE XV, BSIV",NISSAN
NISSAN MOTOR INDIA PVT LTD,DATSUN REDI-GO,NISSAN
NISSAN MOTOR INDIA PVT LTD,DATSUN GO PLUS T BSIII,NISSAN
NISSAN MOTOR INDIA PVT LTD,TERRANO XED BS IV,NISSAN
NISSAN MOTOR INDIA PVT LTD,DATSUN REDI GO  T (O),NISSAN
NISSAN MOTOR INDIA PVT LTD,TEMPO TRAX TOOPAN,NISSAN
NISSAN MOTOR INDIA PVT LTD,MICRA XE (P),NISSAN
NISSAN MOTOR INDIA PVT LTD,DATSUN GO PLUS ,NISSAN
NISSAN MOTOR INDIA PVT LTD,"NISSAN MOTOR INDIA PVT LTD, NISSAN MICRA ACTIVE XV BS IV",NISSAN
NISSAN MOTOR INDIA PVT LTD,NISSAN MICRA  XV,NISSAN
NISSAN MOTOR INDIA PVT LTD,MICRA XLD BSIV,NISSAN
NISSAN MOTOR INDIA PVT LTD,NISSAN TERRANO ,NISSAN
NISSAN MOTOR INDIA PVT LTD,NISSAN TERRANO XL (HSNC85,NISSAN
NISSAN MOTOR INDIA PVT LTD,NISSAN TERRANO XL,NISSAN
NISSAN MOTOR INDIA PVT LTD,TERRANO XV PREMIUM AMT DCI,NISSAN
NISSAN MOTOR INDIA PVT LTD,MICRA XV PRE BS4,NISSAN
NISSAN MOTOR INDIA PVT LTD,TERRANO XLD O,NISSAN
NISSAN MOTOR INDIA PVT LTD,DATSUN GO PLUS T (O)BSIV,NISSAN
NISSAN MOTOR INDIA PVT LTD,TERRANO XV PRE,NISSAN
NISSAN MOTOR INDIA PVT LTD,DATSUN GO PLUS BSIII,NISSAN
NISSAN MOTOR INDIA PVT LTD,NISSAN EVALIA XV D,NISSAN
NISSAN MOTOR INDIA PVT LTD,MICRA  XV,NISSAN
NISSAN MOTOR INDIA PVT LTD,NISSAN TERRANO XV DCI HSNA36,NISSAN
NISSAN MOTOR INDIA PVT LTD,NISSAN SUNNY XL EIV,NISSAN
NISSAN MOTOR INDIA PVT LTD,MICRA DIESEL XV PREMUIM (R),NISSAN
NISSAN MOTOR INDIA PVT LTD,NISSAN SUNNY - XL,NISSAN
NISSAN MOTOR INDIA PVT LTD,NISSAN SUNNY XV (D),NISSAN
NISSAN MOTOR INDIA PVT LTD,MICRA  XV PRIMO  PR,NISSAN
NISSAN MOTOR INDIA PVT LTD,REDI-GO T(O) S-DRIVE 1.0,NISSAN
NISSAN MOTOR INDIA PVT LTD,DATSUN GO PLUS..,NISSAN
NISSAN MOTOR INDIA PVT LTD,DATSUN REDI GO S (O),NISSAN
NISSAN MOTOR INDIA PVT LTD,SUNNY XL BSIV,NISSAN
NISSAN MOTOR INDIA PVT LTD,TERRANO XL OPTIONAL,NISSAN
NISSAN MOTOR INDIA PVT LTD,DATSUN REDIGO T(O) 1.0L BS6,NISSAN
NISSAN MOTOR INDIA PVT LTD,MICRA K 13,NISSAN
NISSAN MOTOR INDIA PVT LTD,MICRA EXTRONIC CVTXV BSIV,NISSAN
NISSAN MOTOR INDIA PVT LTD,NISSAN MAGNITE TURBOCVT XV PRE,NISSAN
NISSAN MOTOR INDIA PVT LTD,MICRA MC XV CVT SV,NISSAN
NISSAN MOTOR INDIA PVT LTD,NISSAN KICKS XV CVT PETROL 1.3,NISSAN
NISSAN MOTOR INDIA PVT LTD,TEANA XV,NISSAN
NISSAN MOTOR INDIA PVT LTD,TERRANO XL DCI BSIV,NISSAN
NISSAN MOTOR INDIA PVT LTD,"NISSAN MOTOR INDIA PVT LTD, NISSAN SUNNY XL DEISEL",NISSAN
NISSAN MOTOR INDIA PVT LTD,DATSUN REDI-GO S BSIII,NISSAN
NISSAN MOTOR INDIA PVT LTD,TERRANO XV (THP),NISSAN
NISSAN MOTOR CO.LTD,NISSAN X-TRAIL 2.2 DI,NISSAN
NISSAN MOTOR INDIA PVT LTD,NISSAN TERRANO XL DCI (HSNAW5),NISSAN
NISSAN MOTOR INDIA PVT LTD,SUNNY PETROL,NISSAN
NISSAN MOTOR INDIA PVT LTD,NISSAN DATSUN REDI GO S BSIV,NISSAN
NISSAN MOTORS,DATSUN GO A,NISSAN
NISSAN MOTOR INDIA PVT LTD,DATSUN REDI-GO T(O 1.0,NISSAN
NISSAN MOTOR INDIA PVT LTD,NISSAN TERRANO CL PLUS,NISSAN
NISSAN MOTOR INDIA PVT LTD,SUNNY MC M DIESEL XV SEFTY,NISSAN
NISSAN MOTOR INDIA PVT LTD,NISSAN MICRA XE,NISSAN
NISSAN MOTOR INDIA PVT LTD,NISSAN EVALIA XL BSIV,NISSAN
NISSAN MOTOR INDIA PVT LTD,TERRANO XED,NISSAN
NISSAN MOTOR INDIA PVT LTD,NISSAN MICRA ACTIVE XV BSIV,NISSAN
NISSAN MOTOR INDIA PVT LTD,NISSAN MAGNITE AMT XV EZ-SHIFT,NISSAN
NISSAN MOTOR INDIA PVT LTD,D10 NISSAN TERRANO,NISSAN
NISSAN MOTOR INDIA PVT LTD,NISSAN TERRANO DCI - 110 PS,NISSAN
NISSAN MOTOR INDIA PVT LTD,MICRA XTONIC CVT XV,NISSAN
NISSAN MOTOR INDIA PVT LTD,DATSUN REDI GO T( O ,NISSAN
NISSAN MOTOR INDIA PVT LTD,NISSAN MICRA XE BSIV,NISSAN
NISSAN MOTOR INDIA PVT LTD,N MICRA ACTIVE XL BS4,NISSAN
NISSAN MOTOR INDIA PVT LTD,TERRANO XLD OPT,NISSAN
NISSAN MOTOR INDIA PVT LTD,MICRA XV CVT,NISSAN
NISSAN MOTOR INDIA PVT LTD,DATSUN-GO T,NISSAN
NISSAN MOTOR INDIA PVT LTD,DATSUN REDI GO S 1.0 M1 BS4,NISSAN
NISSAN MOTOR INDIA PVT LTD,TERRANO  XL (O),NISSAN
NISSAN MOTOR INDIA PVT LTD,NISSAN NV200 EVALIA XE,NISSAN
NISSAN MOTOR INDIA PVT LTD,"NISSAN SUNNY DCI XV , BS-IV",NISSAN
NISSAN MOTOR INDIA PVT LTD,TERRANO XLO  (85PS),NISSAN
NISSAN MOTOR INDIA PVT LTD,NISSAN MICRA DCI XV PREMIUM BS,NISSAN
NISSAN MOTOR INDIA PVT LTD,DATSUN-GO PLUS,NISSAN
NISSAN MOTOR INDIA PVT LTD,MICRA ACTIVE VX,NISSAN
NISSAN MOTOR INDIA PVT LTD,KICKS XV PREMIUM CVT PETROL,NISSAN
NISSAN MOTOR INDIA PVT LTD,NISSAN KICKS XV PREMIUM (O) DU,NISSAN
NISSAN MOTOR INDIA PVT LTD,DATSUN redi GO T(O)S-Drive 1.,NISSAN
NISSAN MOTOR INDIA PVT LTD,NISSAN MICRA XV (D,NISSAN
NISSAN MOTOR INDIA PVT LTD,"MICRA DCI XV, BSIV",NISSAN
NISSAN MOTOR INDIA PVT LTD,NISSAN MICRA DCI XL (COMFORT),NISSAN
NISSAN MOTOR INDIA PVT LTD,SUNNY XL DISL BSIV,NISSAN
NISSAN MOTOR INDIA PVT LTD,MICRA XL ,NISSAN
NISSAN MOTOR INDIA PVT LTD,TEANA 250XV,NISSAN
NISSAN MOTOR INDIA PVT LTD,TERRENO XL,NISSAN
NISSAN MOTOR INDIA PVT LTD,KICKS XL DSL RIGIDWNSHLDM1 BS4,NISSAN
NISSAN MOTOR INDIA PVT LTD,K13 NISSAN MICRA DCI XV BSIV,NISSAN
NISSAN MOTOR INDIA PVT LTD,NISSAN XTRAIL,NISSAN
NISSAN MOTOR INDIA PVT LTD,TERRANO XLD O BSIV,NISSAN
NISSAN MOTOR INDIA PVT LTD,NISSAN TERRANO XV DCI BS IV,NISSAN
NISSAN MOTOR INDIA PVT LTD,MICRA MC DCI XV,NISSAN
NISSAN MOTOR INDIA PVT LTD,DATSUN GO PLUS T (O),NISSAN
NISSAN MOTOR INDIA PVT LTD,MICRA ACTIVE,NISSAN
NISSAN MOTOR INDIA PVT LTD,SUNNY DCI XL BSIV,NISSAN
NISSAN MOTOR INDIA PVT LTD,TERRANO XV DCI THP BSIV,NISSAN
NISSAN MOTORS,DATSUN REDI-GO T (O) BSIII,NISSAN
NISSAN MOTOR INDIA PVT LTD,N SUNNY XE DCI BS4,NISSAN
NISSAN MOTOR INDIA PVT LTD,MAGNITE TURBO MT XV PRE(O,NISSAN
NISSAN MOTOR INDIA PVT LTD,SUNNY XL PETROL,NISSAN
NISSAN MOTOR INDIA PVT LTD,DUTSUN REDI GO T,NISSAN
NISSAN MOTOR INDIA PVT LTD,NISSAN EVALIA XL,NISSAN
Nissan Motor India Pvt Ltd,DATSUN REDI-GO S S-DRIVE 1.0,NISSAN
NISSAN MOTOR INDIA PVT LTD,DATSUN TRUST(T),NISSAN
NISSAN MOTOR INDIA PVT LTD,TERRANO THP XV,NISSAN
NISSAN MOTOR INDIA PVT LTD,TERRANO XV PRM DCI LEATHER ,NISSAN
NISSAN MOTOR INDIA PVT LTD,MICRA BS IV,NISSAN
NISSAN MOTOR INDIA PVT LTD,SUNNY XV DIESEL 1.5 BS IV,NISSAN
NISSAN MOTOR INDIA PVT LTD,MICRA dci XL,NISSAN
NISSAN MOTOR INDIA PVT LTD,MICRA MC XLP,NISSAN
NISSAN MOTORS,DATSUN REDI GO T (O) BS4,NISSAN
NISSAN MOTOR INDIA PVT LTD,REDI GO T (O),NISSAN
NISSAN MOTOR INDIA PVT LTD,NISSAN SUNNY XV N17,NISSAN
NISSAN MOTOR INDIA PVT LTD,MICRA DL XV BSIV,NISSAN
NISSAN MOTOR INDIA PVT LTD,DATASUN GO PLUS T XV,NISSAN
NISSAN MOTOR INDIA PVT LTD,NISSAN TERRANO XLD (O,NISSAN
NISSAN MOTOR INDIA PVT LTD,DATSUN REDI-GO S (O) BSIII,NISSAN
NISSAN MOTOR INDIA PVT LTD,DATSUN REDI-GO S1.0,NISSAN
NISSAN MOTOR INDIA PVT LTD,MICRA BS4,NISSAN
NISSAN MOTOR INDIA PVT LTD,NISSAN SUNNY  XL  DIESEL,NISSAN
NISSAN MOTOR INDIA PVT LTD,NISSAN MODEL SUNNY XE,NISSAN
NISSAN MOTOR INDIA PVT LTD,SUNNY 1.5DCI,NISSAN
NISSAN MOTOR INDIA PVT LTD,MICRA XV PREMIUM 1.5 DIESEL,NISSAN
NISSAN MOTOR INDIA PVT LTD,NISSAN SUNNY,NISSAN
NISSAN MOTOR INDIA PVT LTD,MICRA DCI K 13 BS4,NISSAN
NISSAN MOTOR INDIA PVT LTD,DATSUN REDI-GO T (O),NISSAN
NISSAN MOTOR INDIA PVT LTD,"MICRA DCI XV PREMIUM, BS-IV",NISSAN
NISSAN MOTOR INDIA PVT LTD,NISSAN MICRA ACTIVE XV PETROL,NISSAN
NISSAN MOTOR INDIA PVT LTD,NISSAN MICRA 1.2 DOM XL,NISSAN
NISSAN MOTOR INDIA PVT LTD,DATSUN GO PLUS T 7S BS4,NISSAN
NISSAN MOTOR INDIA PVT LTD,NISSANSUNNYDCIXVBSIV,NISSAN
NISSAN MOTOR INDIA PVT LTD,NISSAN TERRANO XV DCI BSIV,NISSAN
NISSAN MOTOR INDIA PVT LTD,MICRA ,NISSAN
NISSAN MOTORS,NISSAN TERRANO XE DCI BSIV,NISSAN
NISSAN MOTOR INDIA PVT LTD,NISSAN MICRA DCI XV PREMIUM IV,NISSAN
NISSAN MOTOR INDIA PVT LTD,MICRA  XV PETROL,NISSAN
NISSAN MOTOR INDIA PVT LTD,MICRA XV R,NISSAN
NISSAN MOTOR INDIA PVT LTD,"NISSAN MOTOR INDIA PVT LTD, SUNNY XL",NISSAN
NISSAN MOTOR INDIA PVT LTD,EVALIA 1.5 XV DIESEL,NISSAN
NISSAN MOTOR INDIA PVT LTD,NISSAN MICRA XL 1.2,NISSAN
NISSAN MOTOR INDIA PVT LTD,TERRANO XVD (THP (PRE,NISSAN
NISSAN MOTOR INDIA PVT LTD,MICRA MC XL D O,NISSAN
NISSAN MOTOR INDIA PVT LTD,NISSAN MAGNITE MT XE,NISSAN
NISSAN MOTOR INDIA PVT LTD,DATSUN GO PLUS (T),NISSAN
NISSAN MOTOR INDIA PVT LTD,DUTSUN GO PLUS,NISSAN
NISSAN MOTOR INDIA PVT LTD,MICRA XVD,NISSAN
NISSAN MOTOR INDIA PVT LTD,SUNNY XL DIESEL,NISSAN
NISSAN MOTOR INDIA PVT LTD,DATSUN GO PLUS T CVT,NISSAN
NISSAN MOTOR INDIA PVT LTD,MICRA DIESEL XV (R),NISSAN
NISSAN MOTOR INDIA PVT LTD,SUNNY PETROL XL,NISSAN
NISSAN MOTOR INDIA PVT LTD,SUNNY XV BS 4,NISSAN
NISSAN MOTOR INDIA PVT LTD,MAGNITE TURBO CVTXV PER O BS6,NISSAN
NISSAN MOTOR INDIA PVT LTD,BMW X1 SDRIVE 20D EAT LA BS IV,NISSAN
NISSAN MOTOR INDIA PVT LTD,NISSAN  SUNNY,NISSAN
NISSAN MOTOR INDIA PVT LTD,TERRANO  1.5 DIESEL XL PLUS,NISSAN
NISSAN MOTOR INDIA PVT LTD,TERRANO XLD (O),NISSAN
NISSAN MOTOR INDIA PVT LTD,DATSUN REDI GO S O BSIV,NISSAN
NISSAN MOTOR INDIA PVT LTD,TERRANO XLD THP,NISSAN
NISSAN MOTOR INDIA PVT LTD,DATSUN G0  PLUS T BS IV,NISSAN
NISSAN MOTOR INDIA PVT LTD,NISSAN MICRA XE BS IV,NISSAN
NISSAN MOTOR INDIA PVT LTD,NISSAN MICRA BS4,NISSAN
NISSAN MOTOR INDIA PVT LTD,N17 NISSAN SUNNY,NISSAN
NISSAN MOTOR INDIA PVT LTD,DATSUN GO PLUS T(O CVT,NISSAN
NISSAN MOTOR INDIA PVT LTD,N MODEL TERRANO XL DCI BS4,NISSAN
NISSAN MOTOR INDIA PVT LTD,DATSUN GO A (EPS),NISSAN
NISSAN MOTOR INDIA PVT LTD,MICRA ACTIVE XVS,NISSAN
NISSAN MOTOR INDIA PVT LTD,"NISSAN MOTOR INDIA PVT LTD, TERRANO XL OPTION D",NISSAN
NISSAN MOTOR INDIA PVT LTD,MICRA PRIMO XV,NISSAN
NISSAN MOTOR INDIA PVT LTD,"NISSAN MOTOR INDIA PVT LTD, NISSAN X-TRAIL",NISSAN
NISSAN MOTOR INDIA PVT LTD,MICRA CVT BS IV,NISSAN
NISSAN MOTOR INDIA PVT LTD,NISSAN MICRA XV XTRONIC CVT,NISSAN
NISSAN MOTOR INDIA PVT LTD,MICRA BSIV,NISSAN
NISSAN MOTOR INDIA PVT LTD,NISSAN MICRA DCI,NISSAN
NISSAN MOTOR INDIA PVT LTD,REDI-GO T(O) LIMITED EDITION,NISSAN
NISSAN MOTOR INDIA PVT LTD,TERRANO XL PLUS DCL BS4,NISSAN
NISSAN MOTOR INDIA PVT LTD,DATSUN REDI. GO,NISSAN
NISSAN MOTOR INDIA PVT LTD,TERRANO ,NISSAN
NISSAN MOTOR INDIA PVT LTD,NISSAN.MICRA.XV,NISSAN
NISSAN MOTOR INDIA PVT LTD,DATSUN REDI GO  T,NISSAN
NISSAN MOTOR INDIA PVT LTD,"NISSAN MOTOR INDIA PVT LTD, MICRA XV",NISSAN
NISSAN MOTOR INDIA PVT LTD,EVALIYA XL DCI BS4,NISSAN
NISSAN MOTOR INDIA PVT LTD,NISSAN MICRA  XE PLUS BSIV,NISSAN
NISSAN MOTOR INDIA PVT LTD,DATSUN REDI GOT(O) BS IV,NISSAN
NISSAN MOTOR INDIA PVT LTD,DATSUN REDI GO A BSIV,NISSAN
NISSAN MOTOR INDIA PVT LTD,DATSUN REDIGO T PETROL,NISSAN
NISSAN MOTOR INDIA PVT LTD,MICRA ACTIVE XV SAFTY,NISSAN
NISSAN MOTOR INDIA PVT LTD,NISSANSUNNYXVBSIV,NISSAN
NISSAN MOTOR INDIA PVT LTD,ADO DATSUN GO BSIV,NISSAN
NISSAN MOTOR INDIA PVT LTD,SUNNY XL(P),NISSAN
NISSAN MOTOR INDIA PVT LTD,"NISSAN MOTOR INDIA PVT LTD, NISSAN MAGNITE MT XE",NISSAN
NISSAN MOTOR INDIA PVT LTD,SUNNY DIESEL XV  STORM,NISSAN
NISSAN MOTOR INDIA PVT LTD,DATSUN GO  BS-IV,NISSAN
NISSAN MOTOR INDIA PVT LTD,NISSAN MICRA ACTIVE XV S BS4,NISSAN
NISSAN MOTOR INDIA PVT LTD,8,NISSAN
NISSAN MOTOR INDIA PVT LTD,MICRA MC XL CVT BSIV,NISSAN
NISSAN MOTOR INDIA PVT LTD,MICRA MC DL XL,NISSAN
NISSAN MOTOR INDIA PVT LTD,NISSAN DUTSUN GO T BSIV,NISSAN
NISSAN MOTOR INDIA PVT LTD,MICRA MC XE BSIV,NISSAN
NISSAN MOTOR INDIA PVT LTD,DATSUN REDI GO GT,NISSAN
NISSAN MOTOR INDIA PVT LTD,NISSAN TERRANO XV 110 1.5 PS,NISSAN
NISSAN MOTOR INDIA PVT LTD,KICKS XV PREMUMODTPTR1.3TRBBS6,NISSAN
NISSAN MOTOR INDIA PVT LTD,NISSAN SUNNY  DCI XV (BS IV),NISSAN
NISSAN MOTOR INDIA PVT LTD,NISSAN MICRA DL XV,NISSAN
NISSAN MOTOR INDIA PVT LTD,TERRANO 1.5 DCI XV PREMIUM THP,NISSAN
NISSAN MOTOR INDIA PVT LTD,SUNNY MCXLD,NISSAN
NISSAN MOTOR INDIA PVT LTD,MICRA ACTIVE  XV SP BS4,NISSAN
NISSAN MOTOR INDIA PVT LTD,NISSANSUNNYDCIXLBSIV,NISSAN
NISSAN MOTOR INDIA PVT LTD,DATSUN GO PLUS T BS6,NISSAN
NISSAN MOTOR INDIA PVT LTD,NISSAN TERRANO XLD O 85PS,NISSAN
NISSAN MOTOR INDIA PVT LTD,NISSAN MICRA PETROL,NISSAN
NISSAN MOTOR INDIA PVT LTD,NISSAN DATSUN GO PLUS T,NISSAN
NISSAN MOTOR INDIA PVT LTD,SUNNY MC XV,NISSAN
NISSAN MOTOR INDIA PVT LTD,COMMANDER 655 D12WD,NISSAN
NISSAN MOTOR INDIA PVT LTD,DATSUN REDI - GO T(O,NISSAN
NISSAN MOTOR INDIA PVT LTD,DATSUN GO TRUST T,NISSAN
NISSAN MOTOR INDIA PVT LTD,NISSAN MAGNITE MT XL,NISSAN
NISSAN MOTOR INDIA PVT LTD,DATSUN GO T1.2,NISSAN
NISSAN MOTOR INDIA PVT LTD,3,NISSAN
NISSAN MOTOR INDIA PVT LTD,DATSUN REDI GO(A) BS IV,NISSAN
NISSAN MOTOR INDIA PVT LTD,NISSAN SUNNY XVD BS IV,NISSAN
NISSAN MOTOR INDIA PVT LTD,NISSAN,NISSAN
NISSAN MOTOR INDIA PVT LTD,DATSUN GO REMIX EDITION BSIV,NISSAN
NISSAN MOTOR INDIA PVT LTD,NISSAN SUNNY XL DIESEL,NISSAN
NISSAN MOTOR INDIA PVT LTD,NISSAN.SUNNY,NISSAN
NISSAN MOTOR INDIA PVT LTD,NISHAN SUNNY,NISSAN
NISSAN MOTOR INDIA PVT LTD,NISSAN TERRANO XL PLUSDCI BSIV,NISSAN
NISSAN MOTOR INDIA PVT LTD,NISSAN MICRA BS IV,NISSAN
NISSAN MOTOR INDIA PVT LTD,MICRA ACTIVA XV,NISSAN
NISSAN MOTOR INDIA PVT LTD,SUNNY XV DCI,NISSAN
NISSAN MOTOR INDIA PVT LTD,DATSUN I 2 REDI GO S O,NISSAN
NISSAN MOTOR INDIA PVT LTD,NISSAN MICRA XV SP 1.2,NISSAN
NISSAN MOTOR INDIA PVT LTD,NISSAN TERRANO XED BSIV,NISSAN
NISSAN MOTOR INDIA PVT LTD,SNNY XV PETROL,NISSAN
NISSAN MOTOR INDIA PVT LTD,DATSUN GO,NISSAN
NISSAN MOTOR INDIA PVT LTD,NISSAN TERRNO XLD,NISSAN
NISSAN MOTOR INDIA PVT LTD,MICRA  DIESEL XV  BS IV,NISSAN
NISSAN MOTOR INDIA PVT LTD,DATSUN GO PLUS A(O),NISSAN
NISSAN MOTOR INDIA PVT LTD,TERRANO XV PREMIUM AMT DCI-110,NISSAN
NISSAN MOTOR INDIA PVT LTD,NISSAN MICRA XTRONIC CVT XL,NISSAN
NISSAN MOTOR INDIA PVT LTD,DATSUN GO PLUS T X V P,NISSAN
NISSAN MOTOR INDIA PVT LTD,NISSAN X-TRAIL,NISSAN
NISSAN MOTOR INDIA PVT LTD,MICRA DCI K13 BS4,NISSAN
NISSAN MOTOR INDIA PVT LTD,DATSUN GO D1,NISSAN
NISSAN MOTOR INDIA PVT LTD,DATSUN GO PLUS A EPS,NISSAN
NISSAN MOTOR INDIA PVT LTD,N MICRA ACTIVE XVS,NISSAN
NISSAN MOTOR INDIA PVT LTD,TERRANO XL PLUS DCI BS IV,NISSAN
NISSAN MOTOR INDIA PVT LTD,NISSAN MICRA MC DCI XE,NISSAN
NISSAN MOTOR INDIA PVT LTD,NISSAN TERRANO XED 85 PS,NISSAN
NISSAN MOTOR INDIA PVT LTD,"NISSAN MOTOR INDIA PVT LTD, NISSAN MICRA XL",NISSAN
NISSAN MOTOR INDIA PVT LTD,NISSAN SUNNY  XED BS 1V,NISSAN
NISSAN MOTOR INDIA PVT LTD,NISSAN TERRANOXVD,NISSAN
NISSAN MOTOR INDIA PVT LTD,NISSAN SUNNY DCI XV,NISSAN
NISSAN MOTOR INDIA PVT LTD,NISSAN MICRA XV 1.5,NISSAN
NISSAN MOTOR INDIA PVT LTD,MICRO DIESEL XV PREMIUM BS IV,NISSAN
NISSAN MOTOR INDIA PVT LTD,TERRANO 1.5 XE DCI,NISSAN
NISSAN MOTOR INDIA PVT LTD,NISSAN TERRANO XL DIESLE,NISSAN
NISSAN MOTOR INDIA PVT LTD,NISSAN DATSUN GO T PLUS,NISSAN
NISSAN MOTOR INDIA PVT LTD,TERRANO XE DCI 85 PS,NISSAN
NISSAN MOTOR INDIA PVT LTD,MICRA XL DCI BS4,NISSAN
NISSAN MOTOR INDIA PVT LTD,DASTUN REDI GO T(O),NISSAN
NISSAN MOTOR INDIA PVT LTD,MICRA XVD P,NISSAN
NISSAN MOTOR INDIA PVT LTD,TERRANO XV PREMIUM BSIV,NISSAN
NISSAN MOTOR INDIA PVT LTD,NISSAN  M MICRA DCI K13,NISSAN
NISSAN MOTOR INDIA PVT LTD,TERRANO XV DCI HSNA36 BSIV,NISSAN
NISSAN MOTOR INDIA PVT LTD,MICRA 1.2 DOM XL,NISSAN
NISSAN MOTOR INDIA PVT LTD,NISSAN EVALIA XV DIESEL,NISSAN
NISSAN MOTOR INDIA PVT LTD,TEANA XL,NISSAN
NISSAN MOTOR INDIA PVT LTD,SUNNY XL D,NISSAN
NISSAN MOTOR INDIA PVT LTD,NISSAN  TERRANO 1.6 PETROL XL,NISSAN
NISSAN MOTOR INDIA PVT LTD,NISSAN SUNNY XL PETROL,NISSAN
NISSAN MOTOR INDIA PVT LTD,NISSAN MICRA XV 1.2,NISSAN
NISSAN MOTOR INDIA PVT LTD,DATSUN REDI GO(A BS IV,NISSAN
NISSAN MOTOR INDIA PVT LTD,DATSUN REDIGO,NISSAN
NISSAN MOTOR INDIA PVT LTD,NISSAN TERRANO XL PLUS DCI ,NISSAN
NISSAN MOTOR INDIA PVT LTD,DATSUN GO PLUS T,NISSAN
NISSAN MOTOR INDIA PVT LTD,MICRA X VD,NISSAN
NISSAN MOTOR INDIA PVT LTD,DATSUN GO PLUS AEPS,NISSAN
NISSAN MOTOR INDIA PVT LTD,DATSUM GO T,NISSAN
NISSAN MOTOR INDIA PVT LTD,TERRANO XVD (THP),NISSAN
NISSAN MOTOR INDIA PVT LTD,"SUNNY DCI XV 1.5 L, BS- IV",NISSAN
NISSAN MOTOR INDIA PVT LTD,JEEP.,NISSAN
NISSAN MOTOR INDIA PVT LTD,DATSUN GO T O AIRBAG BS4,NISSAN
NISSAN MOTOR INDIA PVT LTD,"TERRANO XV PREMIUM DCI, BSIV",NISSAN
NISSAN MOTOR INDIA PVT LTD,NISSAN M DATSUN GO T,NISSAN
NISSAN MOTOR INDIA PVT LTD,DATSON REDI GO T (O),NISSAN
NISSAN MOTOR INDIA PVT LTD,TERRANO XL DCI PLUS,NISSAN
NISSAN MOTOR INDIA PVT LTD,DATSUN GO+,NISSAN
NISSAN MOTOR INDIA PVT LTD,DATSUN GO PLUS A (O M1 S4,NISSAN
NISSAN MOTOR INDIA PVT LTD,DATSUN REDI GO T (O PETROL,NISSAN
NISSAN MOTOR INDIA PVT LTD,TERRANO XE D,NISSAN
NISSAN MOTOR INDIA PVT LTD,NISSAN SUNNY XL DIESEL 1.5,NISSAN
NISSAN MOTOR INDIA PVT LTD,NISSAN DATSUN GO PLUS D1 BS,NISSAN
NISSAN MOTOR INDIA PVT LTD,DATSUNGO T (O) BSIV,NISSAN
NISSAN MOTOR INDIA PVT LTD,KICKS XV PREMIUM PETROL 1.3L,NISSAN
NISSAN MOTOR INDIA PVT LTD,MICRA XV   R,NISSAN
NISSAN MOTOR INDIA PVT LTD,MICRA DIESES  XV BS IV,NISSAN
NISSAN MOTOR INDIA PVT LTD,TERRANO XL PLUS BS IV ,NISSAN
NISSAN MOTOR INDIA PVT LTD,MICRA CVT,NISSAN
NISSAN MOTOR INDIA PVT LTD,TERRANO XV THP,NISSAN
NISSAN MOTOR INDIA PVT LTD,DATSUN REDI GO 0.8 PET S -O,NISSAN
NISSAN MOTOR INDIA PVT LTD,NISSAN MICRA ACTIVE XE,NISSAN
NISSAN MOTOR INDIA PVT LTD,MICRA XL COMFORT,NISSAN
NISSAN MOTOR INDIA PVT LTD,MICRA XTRONIC XVCVT,NISSAN
NISSAN MOTOR INDIA PVT LTD,SUNNY XTRONIC CVT XL BSIV,NISSAN
NISSAN MOTORS,DATSUN REDI GO D BS4,NISSAN
NISSAN MOTOR INDIA PVT LTD,MICRA DCI DIESEL BS4,NISSAN
NISSAN MOTOR INDIA PVT LTD,DASTUN GO T,NISSAN
NISSAN MOTOR INDIA PVT LTD,MICRA XV CVT ,NISSAN
NISSAN MOTOR INDIA PVT LTD,NISSAN MODEL SUNNY XL ,NISSAN
NISSAN MOTOR INDIA PVT LTD,REDI-GO T(O 1.0 LIMITED,NISSAN
NISSAN MOTORS,MICRA XV,NISSAN
NISSAN MOTOR INDIA PVT LTD,NEW SUUNYXL CVT,NISSAN
NISSAN MOTOR INDIA PVT LTD,DATSUN REDI GO S 1 LTR BS4,NISSAN
NISSAN MOTOR CO.LTD,NISSAN-TEANA CAR-BSIII,NISSAN
NISSAN MOTOR INDIA PVT LTD,NISSAN TERRANO XLD O,NISSAN
NISSAN MOTOR INDIA PVT LTD,NISSAIN DATSUN GO PLUS,NISSAN
NISSAN MOTOR INDIA PVT LTD,NISSAN TERRANO XL PL,NISSAN
NISSAN MOTOR INDIA PVT LTD,TERRANO XL BS IV,NISSAN
NISSAN MOTOR INDIA PVT LTD,NISSAN SUNNY XV DIESEL,NISSAN
NISSAN MOTOR INDIA PVT LTD,REDI GO S,NISSAN
NISSAN MOTOR INDIA PVT LTD,ACHIEVER DISC SELF CAST,NISSAN
NISSAN MOTOR INDIA PVT LTD,NISSAN SUNNY DCI XV PRE BS IV,NISSAN
NISSAN MOTOR INDIA PVT LTD,NISSAN MICRA DCI XL COMFORT,NISSAN
NISSAN MOTOR INDIA PVT LTD,SUNNY (XL/XV),NISSAN
NISSAN MOTOR INDIA PVT LTD,FORD IKON 1.6 RALLY SPORT,NISSAN
NISSAN MOTOR INDIA PVT LTD,NISSAN SUNNY BS IV,NISSAN
NISSAN MOTOR INDIA PVT LTD,N/T XV DCI BS4,NISSAN
NISSAN MOTOR INDIA PVT LTD,DATSUN GO PLUS T (XV),NISSAN
NISSAN MOTOR INDIA PVT LTD,NISSAN DATSUN GO T ,NISSAN
NISSAN MOTOR INDIA PVT LTD,NISSAN MICRA XV DCI,NISSAN
NISSAN MOTOR INDIA PVT LTD,NISSAN MICRA ACTIVE XV SAFETY,NISSAN
NISSAN MOTOR INDIA PVT LTD,NISSAN TERRANO XL DIESEL,NISSAN
NISSAN MOTOR INDIA PVT LTD,DATSUN GO A BS4,NISSAN
NISSAN MOTOR INDIA PVT LTD,KICKS XV PREMIUM DUAL TONE,NISSAN
NISSAN MOTOR INDIA PVT LTD,MICRA  DIESEL XV,NISSAN
NISSAN MOTOR INDIA PVT LTD,XL  BSIV,NISSAN
NISSAN MOTOR INDIA PVT LTD,TERRANO XLD (O) ,NISSAN
NISSAN MOTOR INDIA PVT LTD,DATSUN REDI- GO T (O),NISSAN
NISSAN MOTOR INDIA PVT LTD,"NISSAN MOTOR INDIA PVT LTD, NISSAN MAGNITE MT XV PRE",NISSAN
NISSAN MOTOR INDIA PVT LTD,SUNNY SUNNY DCI XV BS IV,NISSAN
NISSAN MOTOR INDIA PVT LTD,TERRANO 1.5,NISSAN
NISSAN MOTOR INDIA PVT LTD,DATSUN GO  (T) PETROL,NISSAN
NISSAN MOTOR INDIA PVT LTD,DATSUN REDI GO S (O,NISSAN
NISSAN MOTOR INDIA PVT LTD,DATSUN GO T,NISSAN
NISSAN MOTOR INDIA PVT LTD,"NISSAN MOTOR INDIA PVT LTD, MAGNITE TURBO CVT XV PRE(O)",NISSAN
NISSAN MOTOR INDIA PVT LTD,MICRA K13,NISSAN
NISSAN MOTOR INDIA PVT LTD,MICRA MC XLD BS IV,NISSAN
NISSAN MOTOR INDIA PVT LTD,"NISSAN MOTOR INDIA PVT LTD, DATSUN REDI-GO S",NISSAN
NISSAN MOTOR INDIA PVT LTD,NISSAN SUNNY 1.5 PETROL,NISSAN
NISSAN MOTOR INDIA PVT LTD,NISSAN SUNNY  XVD,NISSAN
NISSAN MOTOR INDIA PVT LTD,LAVREL,NISSAN
NISSAN MOTOR INDIA PVT LTD,MICRA XV ACTIVE BS IV,NISSAN
NISSAN MOTOR INDIA PVT LTD,NISSAN MAGNITE TURBO MT XL BS6,NISSAN
NISSAN MOTOR INDIA PVT LTD,SUNNY XV D,NISSAN
NISSAN MOTOR INDIA PVT LTD,MICRA DCI XV PREMIUM BS IV,NISSAN
NISSAN MOTOR INDIA PVT LTD,MICRA  ACTIVE XV,NISSAN
NISSAN MOTOR INDIA PVT LTD,MICRA PRIMO,NISSAN
NISSAN MOTOR INDIA PVT LTD,MICRA ACTIVE XV S BSIV,NISSAN
NISSAN MOTOR INDIA PVT LTD,DATSUN GO PLUS T(O),NISSAN
NISSAN MOTOR INDIA PVT LTD,SUNNY DXI XL,NISSAN
NISSAN MOTOR INDIA PVT LTD,TERRANO DCI XL PLUS BSIV,NISSAN
NISSAN MOTOR INDIA PVT LTD,EVALIA XL,NISSAN
NISSAN MOTOR INDIA PVT LTD,MICRA   MC XV CVT BSIV,NISSAN
NISSAN MOTOR INDIA PVT LTD,CAR,NISSAN
NISSAN MOTOR INDIA PVT LTD,DATSUN GO PLUS STYLE,NISSAN
NISSAN MOTOR INDIA PVT LTD,NISSAN TERRANO XV DCI  HSNA36,NISSAN
NISSAN MOTOR INDIA PVT LTD,"DATSUN REDI-GO,BSIV",NISSAN
NISSAN MOTOR INDIA PVT LTD,"NISSAN MOTOR INDIA PVT LTD, NISSANSUNNYDCIXLBSIV",NISSAN
NISSAN MOTOR INDIA PVT LTD,KICKS XV PRM DSL WNSHLDM1 BS4,NISSAN
NISSAN MOTOR INDIA PVT LTD,"NISSAN MOTOR INDIA PVT LTD, NISSAN MAGNITE MT XV EXE",NISSAN
NISSAN MOTOR INDIA PVT LTD,NISSAN SUNNY XL DCI BS IV,NISSAN
NISSAN MOTOR INDIA PVT LTD,NISSAN TERRANO XV DCI (HSNA36,NISSAN
NISSAN MOTOR INDIA PVT LTD,NISSAN MICRA XVD K13 M1 BS-4,NISSAN
NISSAN MOTOR INDIA PVT LTD,TERRANO XL PLUS,NISSAN
NISSAN MOTOR INDIA PVT LTD,NISSAN MOD SUNNY XL DCI,NISSAN
NISSAN MOTOR INDIA PVT LTD,DY 100 17,NISSAN
NISSAN MOTOR INDIA PVT LTD,NISSAN KICKS XL DIESEL,NISSAN
NISSAN MOTOR INDIA PVT LTD,NISSAN EVALIA,NISSAN
NISSAN MOTOR INDIA PVT LTD,"NISSAN MOTOR INDIA PVT LTD, NISSAN MICRA ACTIVE XV SAFETY",NISSAN
NISSAN MOTOR INDIA PVT LTD,MICRA ACTIVE XVS BS IV,NISSAN
NISSAN MOTOR INDIA PVT LTD,NASSAN SUNNY XL,NISSAN
NISSAN MOTOR INDIA PVT LTD,NISSAN DATSUN GO PLUS,NISSAN
NISSAN MOTOR INDIA PVT LTD,DATSUN GO PLUS T (O,NISSAN
NISSAN MOTOR INDIA PVT LTD,TERRANO XL,NISSAN
NISSAN MOTOR INDIA PVT LTD,NISSAN SUNNAY XL DCI,NISSAN
NISSAN MOTOR INDIA PVT LTD,NISSAN TERRANO XV DCi (HSNA36,NISSAN
NISSAN MOTOR INDIA PVT LTD,DATSUN GO T PLUS,NISSAN
NISSAN MOTOR INDIA PVT LTD,MICRA XTRONIC CVT XV,NISSAN
NISSAN MOTOR INDIA PVT LTD,DATSUN READY GO T(O),NISSAN
NISSAN MOTOR INDIA PVT LTD,MICRA MC DL XE,NISSAN
NISSAN MOTOR INDIA PVT LTD,DATSUN REDI-GO T(O),NISSAN
NISSAN MOTOR INDIA PVT LTD,"TERRANO THP XV (P) DCI, BS-IV",NISSAN
NISSAN MOTOR INDIA PVT LTD,MICRA XE (D) MC,NISSAN
NISSAN MOTOR INDIA PVT LTD,NISSAN SUNNY MC XL,NISSAN
NISSAN MOTOR INDIA PVT LTD,DATSUN REDI-GO T (O) BSIII,NISSAN
NISSAN MOTOR INDIA PVT LTD,DATSUN GO PLUS T (2) 7,NISSAN
NISSAN MOTOR INDIA PVT LTD,TERRANO XVD THP PRE.BS.4,NISSAN
NISSAN MOTOR INDIA PVT LTD,DATSUN REDI GO.,NISSAN
NISSAN MOTOR INDIA PVT LTD,DATSUN GO PLUS T(O,NISSAN
NISSAN MOTOR INDIA PVT LTD,NISSAN DATSUN GO T 1.2,NISSAN
NISSAN MOTOR INDIA PVT LTD,MICRA DOM XE BS IV,NISSAN
NISSAN MOTOR INDIA PVT LTD,DUTSUN GO PLUS T,NISSAN
NISSAN MOTOR INDIA PVT LTD,NISSAN TERANO XV DSL,NISSAN
NISSAN MOTOR INDIA PVT LTD,NISSAN DATSUN GP T BS IV,NISSAN
NISSAN MOTOR INDIA PVT LTD,NISSAN MIRCA,NISSAN
NISSAN MOTOR INDIA PVT LTD,TERRANO XVD,NISSAN
NISSAN MOTOR INDIA PVT LTD,"NISSAN MOTOR INDIA PVT LTD, DATSUN-GO PLUS",NISSAN
NISSAN MOTOR INDIA PVT LTD,"NISSAN MOTOR INDIA PVT LTD, NISAN SUNNY XL",NISSAN
NISSAN MOTOR INDIA PVT LTD,MICRA PRIMO XV DIESEL,NISSAN
NISSAN MOTOR INDIA PVT LTD,NISSAN MICRA K13 BS-IV,NISSAN
NISSAN MOTOR INDIA PVT LTD,M CAR,NISSAN
NISSAN MOTOR INDIA PVT LTD,TERRANO XL O,NISSAN
NISSAN MOTOR INDIA PVT LTD,DASTUN GO,NISSAN
NISSAN MOTOR INDIA PVT LTD,NISSAN MODEL EVALIA M20,NISSAN
NISSAN MOTOR INDIA PVT LTD,NISSAN TERRANO XV DCI PRE BS4,NISSAN
NISSAN MOTOR INDIA PVT LTD,ADO DATSUM GO,NISSAN
NISSAN MOTOR INDIA PVT LTD,TERRANO DCI XL BSIV,NISSAN
NISSAN MOTOR INDIA PVT LTD,DATSUN GO PLUSTBSIV,NISSAN
NISSAN MOTOR INDIA PVT LTD,NISSAN SUNNY XL 1.5 DIESEL,NISSAN
NISSAN MOTOR INDIA PVT LTD,NISSAN MAGNITE MT GEZA EDITION,NISSAN
NISSAN MOTOR INDIA PVT LTD,"NISSAN MOTOR INDIA PVT LTD, DATSUN REDI GO T (O)",NISSAN
NISSAN MOTOR INDIA PVT LTD,DATSUN REDI GO  S (O),NISSAN
NISSAN MOTOR INDIA PVT LTD,MICRA XE,NISSAN
NISSAN MOTOR INDIA PVT LTD,NISSAN DATSUN GO T BS IV,NISSAN
NISSAN MOTOR INDIA PVT LTD,NISSAN MICRA EXTRONIC CVTXL,NISSAN
NISSAN MOTOR INDIA PVT LTD,TERRANO VX D 110,NISSAN
NISSAN MOTOR INDIA PVT LTD,NISSAN SUNNY  XL PETROL BS IV,NISSAN
NISSAN MOTOR INDIA PVT LTD,NISSAN TEANA 250 XL,NISSAN
NISSAN MOTOR INDIA PVT LTD,DATSUN GO PLUS XV T 1.2,NISSAN
NISSAN MOTOR INDIA PVT LTD,MICRA DL XV BS4,NISSAN
NISSAN MOTOR INDIA PVT LTD,NISSAN SUNNY MC XL PETROL CVT,NISSAN
NISSAN MOTOR INDIA PVT LTD,DATSUN GO PLUS TXV(O),NISSAN
NISSAN MOTOR INDIA PVT LTD,DUTSUN REDI GO S,NISSAN
NISSAN MOTOR INDIA PVT LTD,MICRA XL PACK 1,NISSAN
NISSAN MOTOR INDIA PVT LTD,TERRANO XL PLUS DCI HSNAWS BS4,NISSAN
NISSAN MOTOR INDIA PVT LTD,SUNNY.XV.BS.4,NISSAN
NISSAN MOTOR INDIA PVT LTD,MICRA DL XV BS IV,NISSAN
NISSAN MOTOR INDIA PVT LTD,NISSAN SUNNY XL DCI BSIV,NISSAN
NISSAN MOTOR INDIA PVT LTD,NISSAN TERRANO XLD O BSIV,NISSAN
NISSAN MOTOR INDIA PVT LTD,NISSAN DATSUN REDI GO T BS IV,NISSAN
NISSAN MOTOR INDIA PVT LTD,NISSAN TERRANO XL BSIV,NISSAN
NISSAN MOTOR INDIA PVT LTD,NISSAN DATSUN REDI GO S(O),NISSAN
NISSAN MOTOR INDIA PVT LTD,TERRANO XVD (THP ( PRE,NISSAN
NISSAN MOTOR INDIA PVT LTD,DATSUN REDI GO A,NISSAN
NISSAN MOTOR INDIA PVT LTD,NISSAN TERRANO XE DCI BS IV,NISSAN
NISSAN MOTOR INDIA PVT LTD,NISSAN MAGNITE MT XE BS6,NISSAN
NISSAN MOTOR INDIA PVT LTD,NISSAN MICRA DCI XV BS IV,NISSAN
NISSAN MOTOR INDIA PVT LTD,MICRA XE PLUS,NISSAN
NISSAN MOTOR INDIA PVT LTD,DATSUN REDI GO (T) O,NISSAN
NISSAN MOTOR INDIA PVT LTD,MICRA XV PREMIUM,NISSAN
NISSAN MOTOR INDIA PVT LTD,DATSUN REDI-GO T(O,NISSAN
NISSAN MOTOR INDIA PVT LTD,NISSAN MODEL SUNNY XL BSIV,NISSAN
NISSAN MOTOR INDIA PVT LTD,MICRA  ACTIVE XL,NISSAN
NISSAN MOTOR INDIA PVT LTD,NISSAN MICRA XV DIESEL CAR,NISSAN
NISSAN MOTOR INDIA PVT LTD,MICRA MC XVD BS IV,NISSAN
NISSAN MOTOR INDIA PVT LTD,DATSUN REDI GO  T(O),NISSAN
NISSAN MOTOR INDIA PVT LTD,NISSIAN MICRA XV,NISSAN
NISSAN MOTOR INDIA PVT LTD,NISSAN MICRA XV CVT BS4,NISSAN
NISSAN MOTOR INDIA PVT LTD,MICRA XLO,NISSAN
NISSAN MOTORS,DATSUN REDI-GO T BSIII,NISSAN
NISSAN MOTOR INDIA PVT LTD,NISSAN X -TRAIL AT BSIV,NISSAN
NISSAN MOTOR INDIA PVT LTD,NISSAN MICRA MC DL XL,NISSAN
NISSAN MOTOR INDIA PVT LTD,SUNNY XV (D),NISSAN
NISSAN MOTOR INDIA PVT LTD,NISSAN SUNNY XVD,NISSAN
NISSAN MOTOR INDIA PVT LTD,NISSAN MAGNITE MT XV EXE,NISSAN
NISSAN MOTOR INDIA PVT LTD,MICRA XV ACTIVE SP,NISSAN
NISSAN MOTOR INDIA PVT LTD,NISSAN SUNNY MC XV DIESEL BS I,NISSAN
NISSAN MOTOR INDIA PVT LTD,DATSUN REDI GO T O S D1 0 BS,NISSAN
NISSAN MOTOR INDIA PVT LTD,DATSUN REDI GO A BS4,NISSAN
NISSAN MOTOR INDIA PVT LTD,MICRA PRIMO XV DCI PREM BSIV,NISSAN
NISSAN MOTOR INDIA PVT LTD,NISSAN MICRA MC XL O,NISSAN
NISSAN MOTOR INDIA PVT LTD,NISSAN TERRANO THP XV,NISSAN
NISSAN MOTOR INDIA PVT LTD,NISAN EVALIA XE PLUS,NISSAN
NISSAN MOTOR INDIA PVT LTD,NISSAN SUNNY XV BS4,NISSAN
NISSAN MOTOR INDIA PVT LTD,DIO NISSAN TERRANO BS IV,NISSAN
NISSAN MOTOR INDIA PVT LTD,NISSAN DATSUN GO T BSIV,NISSAN
NISSAN MOTOR INDIA PVT LTD,DATSUN GO PLUS T DT,NISSAN
NISSAN MOTOR INDIA PVT LTD,TERRANO XL DIESEL PLUS,NISSAN
NISSAN MOTOR INDIA PVT LTD,MICRA XV D,NISSAN
NISSAN MOTOR INDIA PVT LTD,MICRA DIESEL XV,NISSAN
NISSAN MOTOR INDIA PVT LTD,NISSAN SUNNY XE DIESEL,NISSAN
NISSAN MOTOR INDIA PVT LTD,MICRA - XE,NISSAN
NISSAN MOTOR INDIA PVT LTD,NISSAN TERRANO XV D,NISSAN
Nissan Motor India Pvt Ltd,NISSAN MAGNITE MT XV,NISSAN
NISSAN MOTOR INDIA PVT LTD,KICKS XV PREMIUM(OPTIONPETROL,NISSAN
NISSAN MOTOR INDIA PVT LTD,"NISSAN MOTOR INDIA PVT LTD, NISSAN MAGNITE TURBO CVT XV",NISSAN
NISSAN MOTOR INDIA PVT LTD,NISSAN DATSUN GO 1.2,NISSAN
NISSAN MOTOR INDIA PVT LTD,NISSANMICRADCIXVPREMIUMBSIV,NISSAN
NISSAN MOTOR INDIA PVT LTD,TERRANO XV PREMIUM DCI,NISSAN
NISSAN MOTOR INDIA PVT LTD,TERRANO XV D 110PS,NISSAN
NISSAN MOTOR INDIA PVT LTD,NISSAN MAGNITE TURBO MT XV,NISSAN
NISSAN MOTOR INDIA PVT LTD,LMV. NISSAN MICRA XL,NISSAN
NISSAN MOTOR INDIA PVT LTD,DATSUN GO PLUS A(O,NISSAN
NISSAN MOTOR INDIA PVT LTD,NISSAN TERRANO XL DCI - 85 PS,NISSAN
NISSAN MOTOR INDIA PVT LTD,K13 NISAN MICRA,NISSAN
Nissan Motor India Pvt Ltd,DATSUN GO T,NISSAN
NISSAN MOTOR INDIA PVT LTD,RENAULT PULSE RXZ BS4,NISSAN
NISSAN MOTOR INDIA PVT LTD,NISSAN SUNNY XL BSIV,NISSAN
NISSAN MOTOR INDIA PVT LTD,MICRA- XV,NISSAN
NISSAN MOTOR INDIA PVT LTD,TERRANO XV PRM DCI HSNA36 BS4,NISSAN
NISSAN MOTOR INDIA PVT LTD,NISSAN TERRANO 1.5 DIESL XL,NISSAN
NISSAN MOTOR INDIA PVT LTD,MICRA MC XLO,NISSAN
NISSAN MOTOR INDIA PVT LTD,NISSAN EVALIA XV,NISSAN
NISSAN MOTOR INDIA PVT LTD,NISSAN SUNNY XL CVT BSIV,NISSAN
NISSAN MOTOR INDIA PVT LTD,DATSUN REDI-GO S 1.0,NISSAN
NISSAN MOTOR INDIA PVT LTD,MICRA XED,NISSAN
NISSAN MOTOR INDIA PVT LTD,DATSUN GO T PETROL,NISSAN
NISSAN MOTOR INDIA PVT LTD,SUNNT DCI XL BSIV,NISSAN
NISSAN MOTOR INDIA PVT LTD,TERRANO XV OPTION THP L D,NISSAN
NISSAN MOTOR INDIA PVT LTD,"DATSUN redi-GO S, S-Drive 1.0",NISSAN
NISSAN MOTOR INDIA PVT LTD,NISSAN TERRANO XLD(O)BS IV,NISSAN
NISSAN MOTOR INDIA PVT LTD,TERRANO XV PREMIUM DCI(HSNA36),NISSAN
NISSAN MOTOR INDIA PVT LTD,NISSAN MICRA DCI XV PREMIUM BSIV,NISSAN
NISSAN MOTOR INDIA PVT LTD,SUNNY PETROL XE,NISSAN
NISSAN MOTOR INDIA PVT LTD,SUNNY XE (P,NISSAN
NISSAN MOTOR INDIA PVT LTD,NISSAN TERRAND XV DC,NISSAN
NISSAN MOTOR INDIA PVT LTD,DATSUN GO T METALLIC,NISSAN
NISSAN MOTOR INDIA PVT LTD,TERRANO XL OPT,NISSAN
NISSAN MOTOR INDIA PVT LTD,MICRA MC XV,NISSAN
NISSAN. MAGNITE TURBO CVT XV PRE(O) BSVI,RENAULTNISSAN AUTOMOTIVE I P L,NISSAN
NISSAN MOTOR INDIA PVT LTD,NISSAN DATSUN REDI GO T,NISSAN
NISSAN MOTOR INDIA PVT LTD,DATSUN GO PLUS T PETROL,NISSAN
NISSAN MOTOR INDIA PVT LTD,DATSUN REDI-GO GOLD 1.0,NISSAN
NISSAN MOTOR INDIA PVT LTD,SUNNY XV PETROL,NISSAN
NISSAN MOTOR INDIA PVT LTD,TERRANO PRIME XV PRE 110PS,NISSAN
NISSAN MOTOR INDIA PVT LTD,NISSAN NV200 EVALIA XV,NISSAN
NISSAN MOTOR INDIA PVT LTD,MICRA XE PETROL BSIV,NISSAN
NISSAN MOTOR INDIA PVT LTD,NISSAN TERRANO XVD THP,NISSAN
NISSAN MOTOR INDIA PVT LTD,NISSAN MICRA XV BS4,NISSAN
NISSAN MOTOR INDIA PVT LTD,NISSAN CAR,NISSAN
NISSAN MOTOR INDIA PVT LTD,TERRANO XE,NISSAN
NISSAN MOTOR INDIA PVT LTD,DATSUN REDIGO S SPORTS,NISSAN
NISSAN MOTOR INDIA PVT LTD,DATSUN GO D,NISSAN
NISSAN MOTOR INDIA PVT LTD,MICRA ACTIVE XV SAFETYPACK,NISSAN
NISSAN MOTOR INDIA PVT LTD,"NISSAN MOTOR INDIA PVT LTD, NISSAN MICRA ACTIVE XV",NISSAN
NISSAN MOTOR CO.LTD,NISSAN X TRAIL,NISSAN
NISSAN MOTOR INDIA PVT LTD,KICKS XV DSL RIGIDWNSHLDM1 BS4,NISSAN
NISSAN MOTOR INDIA PVT LTD,MICRA XV PETROL,NISSAN
NISSAN MOTOR INDIA PVT LTD,REDI-GO S S-DRIVE 1.0,NISSAN
NISSAN MOTOR INDIA PVT LTD,NISSAN MICRA DCI K13,NISSAN
NISSAN MOTOR INDIA PVT LTD,NISSAN SUNNY XTRONIC CVT XL,NISSAN
NISSAN MOTOR INDIA PVT LTD,DATSUN GO A BSIV,NISSAN
NISSAN MOTOR INDIA PVT LTD,NISSAN SUNNY XLD,NISSAN
NISSAN MOTOR INDIA PVT LTD,MICRA XV S,NISSAN
NISSAN MOTOR INDIA PVT LTD,NISSAN XTRAIL ATM1BS3 IMPORTED,NISSAN
NISSAN MOTORS,DATSUN REDIGO T BS6,NISSAN
NISSAN MOTOR INDIA PVT LTD,NISSAN SUNNY XV EIV,NISSAN
NISSAN MOTOR INDIA PVT LTD,MICRA XL BSIV,NISSAN
NISSAN MOTOR INDIA PVT LTD,DATSUN  REDIGO S,NISSAN
NISSAN MOTOR INDIA PVT LTD,DATSUN GO STYLE,NISSAN
NISSAN MOTOR INDIA PVT LTD,DATSUN GO PLUS (T) PETROL,NISSAN
NISSAN MOTOR INDIA PVT LTD,NISSAN DATSUN,NISSAN
NISSAN MOTOR INDIA PVT LTD,MICRA MC XL BS IV,NISSAN
NISSAN MOTOR INDIA PVT LTD,SUNNY DIESEL XL,NISSAN
NISSAN MOTOR INDIA PVT LTD,NISSAN MICRA ACTIVE XV BS IV,NISSAN
NISSAN MOTOR INDIA PVT LTD,DATSUN GON PLUS XV 1.2,NISSAN
NISSAN MOTOR INDIA PVT LTD,DATSUN REDI GOT (O,NISSAN
NISSAN MOTOR INDIA PVT LTD,TERRANO XLD(OPTION),NISSAN
NISSAN MOTOR INDIA PVT LTD,NISSAN MAGNITE TURBO CVT XLBS6,NISSAN
NISSAN MOTOR INDIA PVT LTD,TERRANO XE DCI,NISSAN
NISSAN MOTOR INDIA PVT LTD,"TERRANO XV DCI, BSIV",NISSAN
NISSAN MOTOR INDIA PVT LTD,NISSAN TERRANO XLD OPTION,NISSAN
NISSAN MOTOR INDIA PVT LTD,L/TAXI IMPORTED VEHICLE,NISSAN
NISSAN MOTOR INDIA PVT LTD,MICRA XE 1.2 PETROL,NISSAN
NISSAN MOTOR INDIA PVT LTD,NIS TER  XV PREM AMT DCI 110PS,NISSAN
NISSAN MOTOR INDIA PVT LTD,NISSAN KICKS XV PETROL,NISSAN
NISSAN MOTOR INDIA PVT LTD,NISSAN X TRIAL AT,NISSAN
NISSAN MOTORS,DATSUN REDI GO T BS4,NISSAN
NISSAN MOTORS,DATSUN GO PLUS T (O) BS4,NISSAN
NISSAN MOTOR INDIA PVT LTD,NIS MOD SUNNY XV DCI,NISSAN
NISSAN MOTOR INDIA PVT LTD,MICRA DIESEL XV D PREMIUM,NISSAN
NISSAN MOTOR INDIA PVT LTD,DATSUN GO PLUS D,NISSAN
NISSAN MOTOR INDIA PVT LTD,BMW 525D,NISSAN
NISSAN MOTOR INDIA PVT LTD,DATSUN REDI GO BSIV,NISSAN
NISSAN MOTOR INDIA PVT LTD,SUNNY XV-PREMIUM (OPTIONAL),NISSAN
NISSAN MOTOR INDIA PVT LTD,NISSAN MICRA ACTIVE XV BS4,NISSAN
NISSAN MOTOR INDIA PVT LTD,DATSUN GO A(O,NISSAN
NISSAN MOTOR INDIA PVT LTD,SUNNY DCI XL IV,NISSAN
NISSAN MOTOR INDIA PVT LTD,DATSAN REDI GO T(O),NISSAN
NISSAN MOTOR INDIA PVT LTD,"NISSAN MOTOR INDIA PVT LTD, NISSAN MAGNITE TURBOCVT XV PRE",NISSAN
NISSAN MOTOR INDIA PVT LTD,NISSAN TERRANO XL DCL BSIV,NISSAN
NISSAN MOTOR INDIA PVT LTD,NISAN SUNNY XL,NISSAN
NISSAN MOTOR INDIA PVT LTD,DATSUN REDI-GO S S-DRIVE 1.0,NISSAN
NISSAN MOTOR INDIA PVT LTD,DATSUN GO 1.2 PETROL T,NISSAN
NISSAN MOTOR INDIA PVT LTD,NIS TERRANO XL DCI PLUS BSIV,NISSAN
NISSAN MOTOR INDIA PVT LTD,MICRA XL,NISSAN
NISSAN MOTOR INDIA PVT LTD,NISSAN SUNNY 1.5 PETROL XE,NISSAN
NISSAN MOTOR INDIA PVT LTD,NISSAN MICRA ACTIVE XL BSIV,NISSAN
NISSAN MOTOR INDIA PVT LTD,NISSAN TERRANO,NISSAN
NISSAN MOTOR INDIA PVT LTD,NISSAN MICRA XTRONIC CVTXV BS4,NISSAN
NISSAN MOTOR INDIA PVT LTD,TERRANO XLD PLUS,NISSAN
NISSAN MOTOR INDIA PVT LTD,NISSAN DATSUN GO PLUS T BS IV,NISSAN
NISSAN MOTOR INDIA PVT LTD,NISSAN MAGNITE MT XV,NISSAN
NISSAN MOTOR INDIA PVT LTD,NISSAN  TERRAANO,NISSAN
NISSAN MOTOR INDIA PVT LTD,TERRANO XV DCI PREMIUM,NISSAN
NISSAN MOTOR INDIA PVT LTD,NISSAN NV 200 EVALIA XV,NISSAN
NISSAN MOTOR INDIA PVT LTD,NISSAN TERRANO XL-D,NISSAN
NISSAN MOTOR INDIA PVT LTD,NISSAN MICRA XV D,NISSAN
NISSAN MOTOR INDIA PVT LTD,TERRANO XL DC,NISSAN
NISSAN MOTOR INDIA PVT LTD,MICRA XV DIESEL PREMIUM,NISSAN
NISSAN MOTOR INDIA PVT LTD,DATSUN GO PLUS,NISSAN
NISSAN MOTOR INDIA PVT LTD,TERRANO XV AMT DCI - 110 PS,NISSAN
NISSAN MOTOR INDIA PVT LTD,NISSAN MODEL SUNNY XL,NISSAN
NISSAN MOTOR INDIA PVT LTD,NISAN TEANA 250 XV (CKD),NISSAN
NISSAN MOTOR INDIA PVT LTD,SUNNY M C XE D,NISSAN
NISSAN MOTOR INDIA PVT LTD,NISSAN SUNNY XE,NISSAN
NISSAN MOTOR INDIA PVT LTD,NISSANMAGNITEMTXE,NISSAN
NISSAN MOTOR INDIA PVT LTD,MICRA DCI XL (CONFORT) BS4,NISSAN
NISSAN MOTOR INDIA PVT LTD,NISSAN MICRA XE PETROL 1.2BS 4,NISSAN
NISSAN MOTOR INDIA PVT LTD,NISSAN MICRA XL DCI C BS4,NISSAN
NISSAN MOTOR INDIA PVT LTD,MICRA MC XL O,NISSAN
NISSAN MOTOR INDIA PVT LTD,NISSAN SUNNY XTRONIC CVT XV,NISSAN
NISSAN MOTOR INDIA PVT LTD,NISSAN MAGNITE MT XV BS6,NISSAN
NISSAN MOTOR INDIA PVT LTD,NISSAN MODEL MICRA K13,NISSAN
NISSAN MOTOR INDIA PVT LTD,NISSAN SUNNY XL CVT,NISSAN
NISSAN MOTOR INDIA PVT LTD,TERRANO XL D,NISSAN
NISSAN MOTOR INDIA PVT LTD,NISSAN SUNNY XV BS IV,NISSAN
NISSAN MOTOR INDIA PVT LTD,DATSUN REDI - GO A,NISSAN
NISSAN MOTOR INDIA PVT LTD,SUNNY XL DCI EURO IV,NISSAN
NISSAN MOTOR INDIA PVT LTD,DETSUN GO,NISSAN
NISSAN MOTOR INDIA PVT LTD,DATSUN GO T BSIV,NISSAN
NISSAN MOTOR INDIA PVT LTD,NISSAN TERRANO XL PLUS,NISSAN
NISSAN MOTOR INDIA PVT LTD,NISSAN SUNNY XL PETROL BSIV,NISSAN
NISSAN MOTOR INDIA PVT LTD,NISSAN MICRA XL 1.2 PETROL,NISSAN
NISSAN MOTOR INDIA PVT LTD,TERRANO XVD (PRE)BS4,NISSAN
NISSAN MOTOR INDIA PVT LTD,TERRANO XV DCI,NISSAN
NISSAN MOTOR INDIA PVT LTD,BMW X3 2.0D,NISSAN
NISSAN MOTOR INDIA PVT LTD,NISSAN TERRANO XED,NISSAN
NISSAN MOTOR INDIA PVT LTD,XENON CREW CAB 4*2 WIT DICOR,NISSAN
NISSAN MOTOR INDIA PVT LTD,SUNNY XV (P),NISSAN
NISSAN MOTOR INDIA PVT LTD,NISSAN MODEL DATSUN GO,NISSAN
NISSAN MOTOR INDIA PVT LTD,MICRA,NISSAN
NISSAN MOTOR INDIA PVT LTD,NISSAN MICRA XV 1.5 PREMIUM,NISSAN
NISSAN MOTOR INDIA PVT LTD,NISSAN MAGNITE MT KURO EDITION,NISSAN
NISSAN MOTOR INDIA PVT LTD,TERRANO XL D PLUSE,NISSAN
NISSAN MOTOR INDIA PVT LTD,DATSUN REDI  GO,NISSAN
NISSAN MOTOR INDIA PVT LTD,NISSAN MICRA DCI XV PREMIUM,NISSAN
NISSAN MOTORS,TERRANO XL PLUS DCL BS4,NISSAN
NISSAN MOTOR INDIA PVT LTD,MICRA ACTIVE XV S P BS IV,NISSAN
NISSAN MOTOR INDIA PVT LTD,MICRA 1.2 DOM XV CVT,NISSAN
NISSAN MOTOR INDIA PVT LTD,NISSAN SUNNY XV DIESEL BS IV,NISSAN
NISSAN MOTOR INDIA PVT LTD,"NISSAN MOTOR INDIA PVT LTD, TERRANO XVD (THP)",NISSAN
NISSAN MOTOR INDIA PVT LTD,NISAN MICRA,NISSAN
NISSAN MOTOR INDIA PVT LTD,"MICRA XL, BS-IV",NISSAN
NISSAN MOTOR INDIA PVT LTD,"NISSAN MOTOR INDIA PVT LTD, NISSAN MAGNITE TURBO MT XV",NISSAN
NISSAN MOTOR INDIA PVT LTD,NISSAN MICRA XV DCI PREMIUM,NISSAN
NISSAN MOTOR INDIA PVT LTD,DATSUN REDI - GO S (O,NISSAN
NISSAN MOTOR INDIA PVT LTD,MICRA (BS IV),NISSAN
NISSAN MOTOR INDIA PVT LTD,SUNNY XV DIESEL 1.5 BSIV,NISSAN
NISSAN MOTOR INDIA PVT LTD,NISSAN SUNNY DCI-XV-CAR,NISSAN
NISSAN MOTOR INDIA PVT LTD,K 13 NISSAN MICRA XV,NISSAN
NISSAN MOTOR INDIA PVT LTD,NISSAN TERRANO 1.5 DCI THP,NISSAN
NISSAN MOTOR INDIA PVT LTD,SUNNY DIESEL,NISSAN
NISSAN MOTOR INDIA PVT LTD,NISSAN XTRAIL COMFORT,NISSAN
NISSAN MOTOR INDIA PVT LTD,,NISSAN
NISSAN MOTOR INDIA PVT LTD,MICRA MC XVD,NISSAN
NISSAN MOTOR INDIA PVT LTD,NISSAN TERRANO XL PLUS DCI,NISSAN
NISSAN MOTOR INDIA PVT LTD,DATSUN TRUST (T),NISSAN
NISSAN MOTOR INDIA PVT LTD,SUNNY XE BS IV,NISSAN
NISSAN MOTOR INDIA PVT LTD,TERRANO,NISSAN
NISSAN MOTOR INDIA PVT LTD,TERRANO XL PLUS DCI,NISSAN
NISSAN MOTOR INDIA PVT LTD,SUNNY XTRONIC CVT,NISSAN
NISSAN MOTOR INDIA PVT LTD,SUNNY XL (D),NISSAN
NISSAN MOTOR INDIA PVT LTD,SUNNY XL DCI SEPCIAL EDITION,NISSAN
NISSAN MOTORS,NISSAN MICRA ACTIVE XV BS4,NISSAN
NISSAN MOTOR INDIA PVT LTD,TERRANO XL PLUS DCI (HSNAW5),NISSAN
NISSAN MOTOR INDIA PVT LTD,DATSON redi GO S,NISSAN
NISSAN MOTOR INDIA PVT LTD,SUNNY M C XV D,NISSAN
NISSAN MOTOR INDIA PVT LTD,SUNNY XV CVT,NISSAN
NISSAN MOTOR INDIA PVT LTD,DATSUN REDI-GO T(O) 1.0,NISSAN
NISSAN MOTOR INDIA PVT LTD,DATSUN GO PIUS T,NISSAN
NISSAN MOTOR INDIA PVT LTD,MICRA ACTIVE XVP,NISSAN
NISSAN MOTOR INDIA PVT LTD,NISSAN DATSUN PLUS GO T,NISSAN
NISSAN MOTOR INDIA PVT LTD,DATSUN GO PLUS A WITH EPS,NISSAN
NISSAN MOTOR INDIA PVT LTD,MODELTERRANO XVDCI PREMIUMBS4,NISSAN
NISSAN MOTOR INDIA PVT LTD,"MICRA XL,BSIV",NISSAN
NISSAN MOTOR INDIA PVT LTD,NISSAN X- TRAIL,NISSAN
NISSAN MOTOR INDIA PVT LTD,"NISSAN MOTOR INDIA PVT LTD, NISSAN KICKS XL DIESEL",NISSAN
NISSAN MOTOR INDIA PVT LTD,DATSUN GO BSIV,NISSAN
NISSAN MOTOR INDIA PVT LTD,NISSAN DATSUN GO T,NISSAN
NISSAN MOTOR INDIA PVT LTD,NISSAN SUNNY XV,NISSAN
NISSAN MOTOR INDIA PVT LTD,NISSAN TERRANO XL DC,NISSAN
NISSAN MOTOR INDIA PVT LTD,DATSUN REDI-GO D BSIII,NISSAN
NISSAN MOTOR INDIA PVT LTD,K 13 NISSAN MICRA DCI XV,NISSAN
NISSAN MOTOR INDIA PVT LTD,ONE DATSUN GO PLUS T(O),NISSAN
NISSAN MOTOR INDIA PVT LTD,MICRA MC XE DIESEL,NISSAN
NISSAN MOTOR INDIA PVT LTD,KICKS XE DLS M1 BS4,NISSAN
NISSAN MOTOR INDIA PVT LTD,NISSAN DATSUN REDI GO D,NISSAN
NISSAN MOTOR INDIA PVT LTD,SUNNU XL,NISSAN
NISSAN MOTOR INDIA PVT LTD,MICRA DCI XV PRIMO,NISSAN
NISSAN MOTOR INDIA PVT LTD,DATSUN GO T (O) M1 BS4,NISSAN
NISSAN MOTOR INDIA PVT LTD,NISSAN SUNNY  XED BSIV,NISSAN
NISSAN MOTOR INDIA PVT LTD,KICKS XV PREMIUM(OPTION)DIESEL,NISSAN
NISSAN MOTOR INDIA PVT LTD,NISSAN TERRANO-XL PLUS,NISSAN
NISSAN MOTOR INDIA PVT LTD,EVALIA,NISSAN
NISSAN MOTOR INDIA PVT LTD,NISSAN MAGNITE TURBO CVT XL,NISSAN
NISSAN MOTOR INDIA PVT LTD,NISSAN MAGNITE TURBO MTXVPOBS6,NISSAN
NISSAN MOTOR INDIA PVT LTD,ONE DATSUN GO PLUS SV,NISSAN
NISSAN MOTOR INDIA PVT LTD,"NISSAN MOTOR INDIA PVT LTD, DATSUN REDI-GO S1.0",NISSAN
NISSAN MOTOR INDIA PVT LTD,SUNNY XE,NISSAN
NISSAN MOTOR INDIA PVT LTD,SUNNY MC XED,NISSAN
NISSAN MOTOR INDIA PVT LTD,NISSAN DATSUN GO (T),NISSAN
NISSAN MOTOR INDIA PVT LTD,KICKS XV PETROL 1.3L TURBO,NISSAN
NISSAN MOTOR INDIA PVT LTD,DATSUN REDI - GO S (O),NISSAN
NISSAN MOTOR INDIA PVT LTD,MICRA XV XTRONIC CVT(DUALTONE),NISSAN
NISSAN MOTOR INDIA PVT LTD,MICRA ACTIVE XL(O PETROL,NISSAN
NISSAN MOTOR INDIA PVT LTD,TERRANO XV PREMIUM,NISSAN
NISSAN MOTOR INDIA PVT LTD,TERRANO BS IV,NISSAN
NISSAN MOTOR INDIA PVT LTD,MAGNITE TURBO CVT XV PRE(O,NISSAN
NISSAN MOTOR INDIA PVT LTD,NISSAN MICRA ACTIVE XV SAFET,NISSAN
NISSAN MOTOR INDIA PVT LTD,NISSAN TERRANO XV DCL BSIV,NISSAN
NISSAN MOTOR INDIA PVT LTD,NISSAN SUNNY XLD BSIV,NISSAN
NISSAN MOTOR INDIA PVT LTD,EVALIA XVD BSIV,NISSAN
NISSAN MOTOR INDIA PVT LTD,DATSUN REDI-GO S BS 4,NISSAN
NISSAN MOTOR INDIA PVT LTD,NISSAN MAGNITE TURBO CVT XV,NISSAN
NISSAN MOTOR INDIA PVT LTD,MICRA XV (R),NISSAN
NISSAN MOTOR INDIA PVT LTD,EVALIA XE DIESEL 1.5,NISSAN
NISSAN MOTOR INDIA PVT LTD,DATSUN REDI GO-T (O),NISSAN
NISSAN MOTOR INDIA PVT LTD,NISSAN KICKS XV DIESEL,NISSAN
NISSAN MOTOR INDIA PVT LTD,TERRANO XL DISEL PLUS 85PS,NISSAN
NISSAN MOTOR INDIA PVT LTD,TERRANO XLP,NISSAN
NISSAN MOTOR INDIA PVT LTD,NISSAN TERRANO XL DIESEL PLUS,NISSAN
NISSAN MOTOR INDIA PVT LTD,DATSUN REDI-GO D,NISSAN
NISSAN MOTORS,DATSUN REDI GO A BS4,NISSAN
NISSAN MOTOR INDIA PVT LTD,NISSAN KICKS XV PREMIUM DUAL,NISSAN
NISSAN MOTOR INDIA PVT LTD,NOT AVAILABLE,NISSAN
NISSAN MOTOR INDIA PVT LTD,NISSAN TERRANO XL DCI(HSNAW5),NISSAN
NISSAN MOTOR INDIA PVT LTD,DUTSUN GO T,NISSAN
NISSAN MOTOR INDIA PVT LTD,MICRA   XV,NISSAN
NISSAN MOTOR INDIA PVT LTD,MICRA MC XE,NISSAN
NISSAN MOTOR INDIA PVT LTD,DATSUN GO T (O),NISSAN
NISSAN MOTOR INDIA PVT LTD,NISSAN X-TRAIL SLX,NISSAN
Nissan Motor India Pvt Ltd,NISSAN SUNNY DCI XV,NISSAN
NISSAN MOTOR INDIA PVT LTD,SUNNY ,NISSAN
NISSAN MOTOR INDIA PVT LTD,NISSAN EVALIYA XV(D),NISSAN
NISSAN MOTOR INDIA PVT LTD,TERRANO XLD(O,NISSAN
NISSAN MOTOR INDIA PVT LTD,NISSAN NV200 EVALIA XL,NISSAN
NISSAN MOTOR INDIA PVT LTD,"SUNNY DCI XL - 1.5L , BS-IV",NISSAN
NISSAN MOTOR INDIA PVT LTD,X TRAIL,NISSAN
NISSAN MOTOR INDIA PVT LTD,NISSAN SUNNY 1.5 DCI XL,NISSAN
NISSAN MOTOR INDIA PVT LTD,NISSAN MODEL K13,NISSAN
NISSAN MOTOR INDIA PVT LTD,TERRANO XV DIESEL(THP) PREMIUM,NISSAN
NISSAN MOTOR INDIA PVT LTD,MICRA XE P,NISSAN
NISSAN MOTOR INDIA PVT LTD,SUNNY XTRONIC CVT XL,NISSAN
NISSAN MOTOR INDIA PVT LTD,MICRA MC XL COMFORT,NISSAN
NISSAN MOTOR INDIA PVT LTD,NISSAN MICRA XL O DIESEL,NISSAN
NISSAN MOTORS,NISSAN TERRANO XL DCL BSIV,NISSAN
NISSAN MOTOR INDIA PVT LTD,NISSAN NICRA,NISSAN
NISSAN MOTOR INDIA PVT LTD,"NISSAN MOTOR INDIA PVT LTD, DATSUN REDI - GO T(O)",NISSAN
NISSAN MOTOR INDIA PVT LTD,DATSUN REDI-GO T (O BSIII,NISSAN
NISSAN MOTOR INDIA PVT LTD,NISSAN MICRA XL ,NISSAN
NISSAN MOTOR INDIA PVT LTD,E-RICKSHAW,NISSAN
NISSAN MOTOR INDIA PVT LTD,DATSUN REDI - GO D,NISSAN
NISSAN MOTOR INDIA PVT LTD,MICRA DIESEL XV R,NISSAN
NISSAN MOTOR INDIA PVT LTD,TERRANO XV DCI (HSNA36) BS IV,NISSAN
NISSAN MOTOR INDIA PVT LTD,NISSAN DATSUN REDI GO,NISSAN
NISSAN MOTOR INDIA PVT LTD,MICRA XV PETROL (R),NISSAN
NISSAN MOTOR INDIA PVT LTD,NISSAN MICRA ACTIVE XV SP,NISSAN
NISSAN MOTOR INDIA PVT LTD,D10 - NISSAN TERRANO,NISSAN
NISSAN MOTOR INDIA PVT LTD,MICRA DOM XL BS IV,NISSAN
NISSAN MOTOR INDIA PVT LTD,EVALIA XE+,NISSAN
NISSAN MOTOR INDIA PVT LTD,DATSUN REDI GO T (O) 1.0,NISSAN
NISSAN MOTORS,NISSAN TERRANO XV DCL BSIV,NISSAN
NISSAN MOTOR INDIA PVT LTD,K13- MICRA BS4,NISSAN
NISSAN MOTOR INDIA PVT LTD,MICRA XTRONIC CVT XV BS4,NISSAN
NISSAN MOTOR INDIA PVT LTD,REDI-GO T(O LIMITED EDITION,NISSAN
NISSAN MOTOR INDIA PVT LTD,MICRA DL XV PREM,NISSAN
NISSAN MOTOR INDIA PVT LTD,TERRANO XL HSNC85 BS IV,NISSAN
NISSAN MOTOR INDIA PVT LTD,MICRA ACTIVE XV SAFETY,NISSAN
NISSAN MOTOR INDIA PVT LTD,NISSAN MICRA DCI XL (COMFORT,NISSAN
NISSAN MOTOR INDIA PVT LTD,NISSAN MODEL TEANA(J32),NISSAN
NISSAN MOTOR INDIA PVT LTD,NISSAN TERRANO XL THP BSIV,NISSAN
NISSAN MOTOR INDIA PVT LTD,DATSUN REDI - GO T(O),NISSAN
NISSAN MOTOR INDIA PVT LTD,NISSAN TERRANO XL dCi (HSNAW5,NISSAN
NISSAN MOTOR INDIA PVT LTD,DATSUN GO PLUS REMIX EDITION,NISSAN
NISSAN MOTOR INDIA PVT LTD,NISSAN TERRANO  XLD,NISSAN
NISSAN MOTOR INDIA PVT LTD,NISSAN SUNNY DCI XE,NISSAN
NISSAN MOTOR INDIA PVT LTD,DATSUNT GO,NISSAN
NISSAN MOTOR INDIA PVT LTD,SUNNY 1.5 PETROL XL,NISSAN
NISSAN MOTOR INDIA PVT LTD,MICRA XV 15 DIESEL,NISSAN
NISSAN MOTOR INDIA PVT LTD, SUNNY XV DCI,NISSAN
NISSAN MOTOR INDIA PVT LTD,NISSAN TERRANO XLD,NISSAN
NISSAN MOTOR INDIA PVT LTD,DATSUN REDI GO T(O) BSIV,NISSAN
NISSAN MOTORS,NISSAN MICRA ACTIVE XV SAFEPAC,NISSAN
NISSAN MOTOR INDIA PVT LTD,MICRA XL ACTIVE,NISSAN
NISSAN MOTOR INDIA PVT LTD,NISSAN TERRANO XLD(OPTION),NISSAN
NISSAN MOTOR INDIA PVT LTD,SUNNY XV 15 PETROL,NISSAN
NISSAN MOTOR INDIA PVT LTD,NISSAN/TERRANO XE DCI,NISSAN
NISSAN MOTOR INDIA PVT LTD,NISSAN SUNNY XV PETROL,NISSAN
NISSAN MOTOR INDIA PVT LTD,ADO DATSUN GO PLUS,NISSAN
NISSAN MOTOR INDIA PVT LTD,SUNNY XTRONIC CVT XL BS4,NISSAN
NISSAN MOTOR INDIA PVT LTD,MICRA XV DIESEAL,NISSAN
NISSAN MOTOR INDIA PVT LTD,DATSUN REDI GO T,NISSAN
NISSAN MOTOR INDIA PVT LTD,TEANA 250XL,NISSAN
NISSAN MOTOR INDIA PVT LTD,NISSAN SUNNY DCI XL,NISSAN
NISSAN MOTOR INDIA PVT LTD,TERRANO  XLD,NISSAN
NISSAN MOTOR INDIA PVT LTD,"NISSAN MICRA, XV",NISSAN
NISSAN MOTOR INDIA PVT LTD,REDI GO T ,NISSAN
NISSAN MOTOR INDIA PVT LTD,XL,NISSAN
NISSAN MOTOR INDIA PVT LTD,MICRA XV CVT AT,NISSAN
NISSAN MOTOR INDIA PVT LTD,NISSAN MICRA XVD PREMIUM,NISSAN
NISSAN MOTOR INDIA PVT LTD,SUNNY XL 1.5L BS IV,NISSAN
NISSAN MOTOR INDIA PVT LTD,"NISSAN MOTOR INDIA PVT LTD, MICRA XL DOM",NISSAN
NISSAN MOTOR INDIA PVT LTD,DATSUN GO PLUS T XV(P),NISSAN
NISSAN MOTOR INDIA PVT LTD,TERRANO XVD AMT BS4,NISSAN
NISSAN MOTOR INDIA PVT LTD,MICRA DCI XV PREMIUM,NISSAN
NISSAN MOTOR INDIA PVT LTD,DASTUN REDI GO T DIESEL,NISSAN
NISSAN MOTOR INDIA PVT LTD,DATSUN  GO T,NISSAN
NISSAN MOTOR INDIA PVT LTD,MICRA MC XL CVT,NISSAN
NISSAN MOTOR INDIA PVT LTD,DATSUN GO T (O,NISSAN
NISSAN MOTOR INDIA PVT LTD,TERRANO XVD ,NISSAN
NISSAN MOTOR INDIA PVT LTD,DASTON GO PLUS T,NISSAN
NISSAN MOTOR INDIA PVT LTD,SUNNY DCI XL 1.5L BS IV,NISSAN
NISSAN MOTOR INDIA PVT LTD,NISSAN MICRA XV 1.2 BS IV,NISSAN
NISSAN MOTOR INDIA PVT LTD,MICRA XV CVT PT,NISSAN
NISSAN MOTOR INDIA PVT LTD,NISSAN SUNNY DISEL XV,NISSAN
NISSAN MOTOR INDIA PVT LTD,DIO NISSAN TERRANO,NISSAN
NISSAN MOTOR INDIA PVT LTD,NISSAN EVALIA 1.5 DCI XV,NISSAN
NISSAN MOTOR INDIA PVT LTD,NISSAN TERRANO XE DCI (HSNAW5,NISSAN
NISSAN MOTOR INDIA PVT LTD,NISSAN MICRA DCI XV,NISSAN
NISSAN MOTOR INDIA PVT LTD,DATSUN GO PLUS EPS BSIV,NISSAN
NISSAN MOTOR INDIA PVT LTD,NISSAN X TRAIL SLX MT,NISSAN
NISSAN MOTOR INDIA PVT LTD,DATSUN GOT BSIV,NISSAN
NISSAN MOTOR INDIA PVT LTD,SUNNY XV (D,NISSAN
NISSAN MOTOR INDIA PVT LTD,NISSAN MICRA XV 1.5 BS IV,NISSAN
NISSAN MOTOR INDIA PVT LTD,NISSAN MODEL SUNNY XL DCI,NISSAN
NISSAN MOTOR INDIA PVT LTD,DUSTEN  GO T O,NISSAN
NISSAN MOTOR INDIA PVT LTD,NISSAN TERRANO XL (DIESEL),NISSAN
NISSAN MOTOR INDIA PVT LTD,NISSAN MICRA XL 1.2 BS IV,NISSAN
NISSAN MOTOR INDIA PVT LTD,NISSAN MICRA XV DIESEL 1.5,NISSAN
NISSAN MOTOR INDIA PVT LTD,DATSUN REDIGO A BS6,NISSAN
NISSAN MOTOR INDIA PVT LTD,DATSUN REDI GO T( O ),NISSAN
NISSAN MOTORS,DATSUN GO A BS4,NISSAN
NISSAN MOTOR INDIA PVT LTD,TERRANO XV PERM DCL BS4,NISSAN
NISSAN MOTOR INDIA PVT LTD,SUNNY DIESEL DCI XV,NISSAN
NISSAN MOTOR INDIA PVT LTD,DATSUN REDI GO S (O) BS4,NISSAN
NISSAN MOTOR INDIA PVT LTD,"SUNNY XV 1.5L, BS-IV",NISSAN
NISSAN MOTOR INDIA PVT LTD,SUNNY XE BS 4,NISSAN
NISSAN MOTOR INDIA PVT LTD,TERRANO XL+ DCI85PS BS4,NISSAN
NISSAN MOTOR INDIA PVT LTD,"NISSAN MOTOR INDIA PVT LTD, DATSUN GO+",NISSAN
NISSAN MOTOR INDIA PVT LTD,LMV. SUNNY XV,NISSAN
NISSAN MOTOR INDIA PVT LTD,NISSAN MAGNITE TURBO MT XV BS6,NISSAN
NISSAN MOTOR INDIA PVT LTD,MICRA PRIMO XV BS4,NISSAN
NISSAN MOTOR INDIA PVT LTD,MICRA DL XV EURO IV,NISSAN
NISSAN MOTOR INDIA PVT LTD,TERRANO XL(O) BS IV,NISSAN
NISSAN MOTOR INDIA PVT LTD,EVALIA XV   DCI,NISSAN
NISSAN MOTOR INDIA PVT LTD,MICRA XV PREMIUM (R),NISSAN
NISSAN MOTOR INDIA PVT LTD,XV  BSIV,NISSAN
NISSAN MOTOR INDIA PVT LTD,"NISSAN MOTOR INDIA PVT LTD, NISSAN DATSUN GO",NISSAN
NISSAN MOTOR INDIA PVT LTD,SUNNY XV DC1,NISSAN
NISSAN MOTOR INDIA PVT LTD,NISSAN  KICKS XL DIESEL,NISSAN
NISSAN MOTOR INDIA PVT LTD,MICRA MC XLD BSIV,NISSAN
NISSAN MOTOR INDIA PVT LTD,TERRANO XVD THP,NISSAN
NISSAN MOTOR INDIA PVT LTD,DATSUN REDI GO T(O),NISSAN
NISSAN MOTOR INDIA PVT LTD,SUNNY,NISSAN
NISSAN MOTOR INDIA PVT LTD,"NISSAN SUNNY XV, BS-IV",NISSAN
NISSAN MOTOR INDIA PVT LTD,NISSAN SUNNY XV DIESEL CAR,NISSAN
NISSAN MOTOR INDIA PVT LTD,NISSAN MAGNITE TURBO CVT  XV,NISSAN
NISSAN MOTOR INDIA PVT LTD,MICRA DL XV PREMIUM BS IV,NISSAN
NISSAN MOTOR INDIA PVT LTD,MICRA BS IV XL,NISSAN
NISSAN MOTOR INDIA PVT LTD,NISSAN TERRANO XL DCI (HSNA36),NISSAN
NISSAN MOTOR INDIA PVT LTD,K13 NISSAN MICRA XL,NISSAN
NISSAN MOTOR INDIA PVT LTD,NISSAN MAGNITE TURBO CVT XVBS6,NISSAN
NISSAN MOTOR INDIA PVT LTD,TERRANO XE DCI BS4,NISSAN
NISSAN MOTOR INDIA PVT LTD,TERRANO XLD [O],NISSAN
NISSAN MOTOR INDIA PVT LTD,MICRA PREMIUM PRIMO XV,NISSAN
NISSAN MOTOR INDIA PVT LTD,SUNNY XV DIESEL,NISSAN
NISSAN MOTOR INDIA PVT LTD,MICRA XV (D),NISSAN
NISSAN MOTOR INDIA PVT LTD,TERRANO XV DCI THP LEATHER,NISSAN
NISSAN MOTOR INDIA PVT LTD,NISSAN MAGNITE TURBO CVTXV EXE,NISSAN
NISSAN MOTOR INDIA PVT LTD,NISSAN KICKS XL PETROL,NISSAN
NISSAN MOTOR INDIA PVT LTD,MICRA XV BS IV,NISSAN
NISSAN MOTOR INDIA PVT LTD,SUNNY XV DI,NISSAN
NISSAN MOTOR INDIA PVT LTD,MICRA BSIV M1 XE,NISSAN
NISSAN MOTOR INDIA PVT LTD,MICRA DCI,NISSAN
NISSAN MOTOR INDIA PVT LTD,DATSUN GO T/BS1V,NISSAN
NISSAN MOTOR INDIA PVT LTD,MICRA MC XL DCI,NISSAN
NISSAN MOTOR INDIA PVT LTD,KICKS XV PREMIUM(OPTION) DUAL,NISSAN
NISSAN MOTOR INDIA PVT LTD,TERRANO XL OPTION D,NISSAN
NISSAN MOTOR INDIA PVT LTD,NISSAN KICKS XE DIESEL,NISSAN
NISSAN MOTOR INDIA PVT LTD,TERRANO XVD THP BS IV,NISSAN
NISSAN MOTOR INDIA PVT LTD,MICRA MC XLD O BSIV,NISSAN
NISSAN MOTOR INDIA PVT LTD,MODEL TERRANO XL DCI PLUSBSIV,NISSAN
NISSAN MAGNITE MT XV BSVI,RENAULTNISSAN AUTOMOTIVE I P L,NISSAN
NISSAN MOTOR INDIA PVT LTD,MICRA XL (D) OPTIONAL,NISSAN
NISSAN MOTOR INDIA PVT LTD,MICRA ACTIVE XV SAFTY PACK,NISSAN
NISSAN MOTOR INDIA PVT LTD,NISSAN TERRANO XLD (O) BSIV,NISSAN
NISSAN MOTOR INDIA PVT LTD,NISSAN TERRANO XL D O 85 PS,NISSAN
NISSAN MOTOR INDIA PVT LTD,TERRANO XL DCI 85PS,NISSAN
NISSAN MOTOR INDIA PVT LTD,"NISSAN MOTOR INDIA PVT LTD, NISSAN SUNNY DCI XL",NISSAN
NISSAN MOTOR INDIA PVT LTD,NISSAN MICRA DCI K 13,NISSAN
NISSAN MOTOR INDIA PVT LTD,DATSUN REDI GO (T),NISSAN
NISSAN MOTOR INDIA PVT LTD,DATSUN GO T ,NISSAN
NISSAN MOTOR INDIA PVT LTD,CDO-DATSUN REDI GO,NISSAN
NISSAN MOTORS,DATSUN GO PLUS BSIII,NISSAN
NISSAN MOTOR INDIA PVT LTD,NISSAN MICRA  Active XV SP BSI,NISSAN
NISSAN MOTOR INDIA PVT LTD,DATSUN GO A WITH EPS,NISSAN
NISSAN MOTOR INDIA PVT LTD,DATSUN REDIGO T(O,NISSAN
NISSAN MOTOR INDIA PVT LTD,SUUNY  XL  D,NISSAN
NISSAN MOTOR INDIA PVT LTD,NISSAN TERRANO XE DCI HSNAW5,NISSAN
NISSAN MOTOR INDIA PVT LTD,MICRA XV DCI PREMIUM,NISSAN
NISSAN MOTOR INDIA PVT LTD,DUSTON GO PLUS T BS IV,NISSAN
NISSAN MOTOR INDIA PVT LTD,NISSAN MICRA XV DCI BSIV,NISSAN
NISSAN MOTORS,DATSUN GO T,NISSAN
NISSAN MOTOR INDIA PVT LTD,NISSAN MICRA MC XL (O) XRONIC ,NISSAN
NISSAN MOTOR INDIA PVT LTD,MAGNITETURBOCVTXVPRE(O),NISSAN
NISSAN MOTOR INDIA PVT LTD,"NISSAN MICRA ACTIVE XL, BSIV",NISSAN
NISSAN MOTOR INDIA PVT LTD,TERRANOXV,NISSAN
NISSAN MOTOR INDIA PVT LTD,"TERRANO XE DCI,BSIV",NISSAN
NISSAN MOTOR INDIA PVT LTD,NISSAN TERRANO XL PLUS DCIBSIV,NISSAN
NISSAN MOTOR INDIA PVT LTD,TERRANO XLD (O,NISSAN
NISSAN MOTOR INDIA PVT LTD,DATSUN GO PLUS ANNIVERSARY EDI,NISSAN
NISSAN MOTORS,DATSUN REDIGO T(O) BS6,NISSAN
NISSAN MOTOR INDIA PVT LTD,NISSAN MICRA MC XL CVT BSIV,NISSAN
NISSAN MOTOR INDIA PVT LTD,N MICRA 1.2 PET  ACTIVE XV ,NISSAN
NISSAN MOTOR INDIA PVT LTD,DATSUN  GO  T,NISSAN
NISSAN MOTOR INDIA PVT LTD,TERRANO XVPRE DEL,NISSAN
NISSAN MOTOR INDIA PVT LTD,DATSUN GO PLUS T BSIV,NISSAN
NISSAN MOTOR INDIA PVT LTD,NISSAN TERRANO XV DCI - 110 PS,NISSAN
NISSAN MOTOR INDIA PVT LTD,NISSAN SUNNY XV BS 4,NISSAN
NISSAN MOTOR INDIA PVT LTD,NISSAN MICRA XV CVT,NISSAN
NISSAN MOTOR INDIA PVT LTD,NISSAN SUNNY DIESEL XL,NISSAN
NISSAN MOTOR INDIA PVT LTD,MICRA MC XL CVT SV,NISSAN
NISSAN MOTOR INDIA PVT LTD,TERRANO XV D,NISSAN
Nissan Motor India Pvt Ltd,DATSUN GO PLUS REMIX EDITION,NISSAN
NISSAN MOTOR INDIA PVT LTD,DATSUN REDI GO S (O BS4,NISSAN
NISSAN MOTOR INDIA PVT LTD,NISSAN SUNNY XV 1.5,NISSAN
NISSAN MOTOR INDIA PVT LTD,NISSAN SUNNY XL D,NISSAN
NISSAN MOTOR INDIA PVT LTD,TERRANO  XL,NISSAN
NISSAN MOTOR INDIA PVT LTD,TERRANO XLD(THP),NISSAN
NISSAN MOTOR INDIA PVT LTD,NISSAN TERRANO XVD THP P BS4,NISSAN
Nissan Motor India Pvt Ltd,DATSUN GO PLUS T,NISSAN
NISSAN MOTOR INDIA PVT LTD,K13 NISSAN MICRA BSIV,NISSAN
NISSAN MOTOR INDIA PVT LTD,MICRA DIESAL XV PREMIUM,NISSAN
NISSAN MOTOR INDIA PVT LTD,MICRA MC DL XV,NISSAN
NISSAN MOTOR INDIA PVT LTD,DATSUN GO BS-IV,NISSAN
NISSAN MOTOR INDIA PVT LTD,NISSAN SUNNY 1.5 L XV,NISSAN
NISSAN MOTOR INDIA PVT LTD,MICRA XV PREMIUM R BDS3,NISSAN
NISSAN MOTOR INDIA PVT LTD,NISSAN MICRA MC XV CVT,NISSAN
NISSAN MOTOR INDIA PVT LTD,DATSUN REDI-GO A,NISSAN
NISSAN MOTOR INDIA PVT LTD,EVALIA XE,NISSAN
NISSAN MOTOR INDIA PVT LTD,MICRA ACTIVA XV S,NISSAN
NISSAN MOTOR INDIA PVT LTD,NISSAN TERRANO XVD PREMIUM 1.5,NISSAN
NISSAN MOTOR INDIA PVT LTD,NISSAN M MICRO DCI K13,NISSAN
NISSAN MOTOR INDIA PVT LTD,TERRANO DZ XL PLUS,NISSAN
NISSAN MOTOR INDIA PVT LTD,NISSAN TERRANO XL - PETROL,NISSAN
NISSAN. MAGNITE TURBO CVT XV PRE BSVI,NISSAN. MAGNITE TURBO CVT XV P,NISSAN
NISSAN MOTOR INDIA PVT LTD,DUTSON GO EPS,NISSAN
NISSAN MOTOR INDIA PVT LTD,DATSUN GO PLUS T (O) AIRBAG,NISSAN
NISSAN MOTOR INDIA PVT LTD,NISSAN DATSUN GO PLUS T BS I,NISSAN
NISSAN MOTOR INDIA PVT LTD,MICRA DCI XL COMFORT O,NISSAN
