rc_maker_desc,rc_maker_model,Mapped Name
PIAGGIO VEHICLES PVT LTD,THREE WHEELER,PIAGGIO
PIAGGIO VEHICLES PVT LTD,INDICA VISTA AURA Q JET SDE,PIAGGIO
PIAGGIO VEHICLES PVT LTD,APE CARGO D600 DV BSIII,PIAGGIO
PIAGGIO VEHICLES PVT LTD,PIAGGIO APE MINI,PIAGGIO
PIAGGIO VEHICLES PVT LTD,APE E- CITY FX NE MAX,PIAGGIO
PIAGGIO VEHICLES PVT LTD,APE AUTO DX CLS OBD2A,PIAGGIO
PIAGGIO VEHICLES PVT LTD,APE AIR,PIAGGIO
PIAGGIO VEHICLES PVT LTD,APE AUTO D3S PASS.,PIAGGIO
PIAGGIO VEHICLES PVT LTD,APE TRUCK PLUS,PIAGGIO
PIAGGIO VEHICLES PVT LTD,APE E-CITY-FX NE BOV,PIAGGIO
PIAGGIO VEHICLES PVT LTD,APE TRUCK MARK I,PIAGGIO
PIAGGIO VEHICLES PVT LTD,PIAGGIO AUTO RIKSHA,PIAGGIO
PIAGGIO VEHICLES PVT LTD,PIAGGIO  APE,PIAGGIO
PIAGGIO VEHICLES PVT LTD,L.M.V. D/VAN (PICK UP VAN),PIAGGIO
PIAGGIO VEHICLES PVT LTD,BMW X 1 20 D,PIAGGIO
PIAGGIO VEHICLES PVT LTD,APE AUTO D3S PASSENGER BSII,PIAGGIO
PIAGGIO VEHICLES PVT LTD,APE AUTO D 3S PASSENGER,PIAGGIO
PIAGGIO VEHICLES PVT LTD,APE AUTO DBS,PIAGGIO
"PIAGGIO VEHICLES PVT. LTD.,",APE CARGO D 600 PICK-UP VAN,PIAGGIO
PIAGGIO VEHICLES PVT LTD,APE PASSANGER,PIAGGIO
"PIAGGIO VEHICLES PVT. LTD.,",APE XTRA LD BSIII,PIAGGIO
PIAGGIO VEHICLES PVT LTD,APE AUTO DX CNG WATER COOLED,PIAGGIO
PIAGGIO VEHICLES PVT LTD,PICK UP,PIAGGIO
PIAGGIO VEHICLES PVT LTD,APC CARGO D600 3 WLR PKUPVAN,PIAGGIO
PIAGGIO VEHICLES PVT LTD,LOADING,PIAGGIO
PIAGGIO VEHICLES PVT LTD,99,PIAGGIO
PIAGGIO VEHICLES PVT LTD,APE XTRA LD 4 STROKEBSIII,PIAGGIO
PIAGGIO VEHICLES PVT LTD,APEAUTODXCNGOBD2A,PIAGGIO
PIAGGIO VEHICLES PVT LTD,APE AUTO DX CNG,PIAGGIO
PIAGGIO VEHICLES PVT LTD,Not Available,PIAGGIO
PIAGGIO VEHICLES PVT LTD,APE PVAN,PIAGGIO
PIAGGIO VEHICLES PVT LTD,APE PASSENGER BSIII,PIAGGIO
PIAGGIO VEHICLES PVT LTD,LD EXTRA MODEL LOADING,PIAGGIO
PIAGGIO VEHICLES PVT LTD,DOST LX BSIII,PIAGGIO
PIAGGIO VEHICLES PVT LTD,3 WHEELER PICK UP VAN,PIAGGIO
PIAGGIO VEHICLES PVT LTD,PIAGGIO PORTER1000 BSIV,PIAGGIO
PIAGGIO VEHICLES PVT LTD,BMW 520 D DIESEI AUTO TRANSMIN,PIAGGIO
PIAGGIO VEHICLES PVT LTD,X5 XDRIVE 30D ,PIAGGIO
PIAGGIO VEHICLES PVT LTD,APE DIESEL 3 WHEELER DEL VAN,PIAGGIO
PIAGGIO VEHICLES PVT LTD,APE MINI TRUCK,PIAGGIO
PIAGGIO VEHICLES PVT LTD,VESPA 125,PIAGGIO
PIAGGIO VEHICLES PVT LTD,APE CITY + DIESEL,PIAGGIO
PIAGGIO VEHICLES PVT LTD,APE CITY LPG,PIAGGIO
PIAGGIO VEHICLES PVT LTD,CARGO D600 PICKUP VAN,PIAGGIO
PIAGGIO VEHICLES PVT LTD,X1 SDRIVE 20D,PIAGGIO
PIAGGIO VEHICLES PVT LTD,APEAUTOD3SPASSENGERXTRABSIII,PIAGGIO
PIAGGIO VEHICLES PVT LTD,APE AUTO RICKSHAW D35,PIAGGIO
PIAGGIO VEHICLES PVT LTD,APE 3 WHEELER PICK UP VAN LD,PIAGGIO
PIAGGIO VEHICLES PVT LTD,APE,PIAGGIO
PIAGGIO VEHICLES PVT LTD,APE AUTO D3S PASSENGER BSIII,PIAGGIO
PIAGGIO VEHICLES PVT LTD,PORTER 600 PICK UP,PIAGGIO
PIAGGIO VEHICLES PVT LTD,APE CITY+ DIESEL,PIAGGIO
PIAGGIO VEHICLES PVT LTD,PORTER 600 BSIII,PIAGGIO
PIAGGIO VEHICLES PVT LTD,OTHERS,PIAGGIO
PIAGGIO VEHICLES PVT LTD,VESPA VXL,PIAGGIO
"PIAGGIO VEHICLES PVT. LTD.,",VESPA SXL BSIV,PIAGGIO
PIAGGIO VEHICLES PVT LTD,AP AUTO D3S PASS,PIAGGIO
PIAGGIO VEHICLES PVT LTD,APE PICKUP VAN,PIAGGIO
PIAGGIO VEHICLES PVT LTD,APE CNG,PIAGGIO
PIAGGIO VEHICLES PVT LTD,APE TRUCK,PIAGGIO
PIAGGIO VEHICLES PVT LTD,APE E- XTRA FX NE WITHPLATFORM,PIAGGIO
PIAGGIO VEHICLES PVT LTD,APE XTRA LD BSIV,PIAGGIO
"PIAGGIO VEHICLES PVT. LTD.,",VESPA SXL BSVI,PIAGGIO
PIAGGIO VEHICLES PVT LTD,GRAN TURISMO,PIAGGIO
PIAGGIO VEHICLES PVT LTD,APE AUTO D3S,PIAGGIO
PIAGGIO VEHICLES PVT LTD,APE DIESEL 3 WHEELER(A/R,PIAGGIO
PIAGGIO VEHICLES PVT LTD,PORTER  600,PIAGGIO
PIAGGIO VEHICLES PVT LTD,PORTER 1000,PIAGGIO
PIAGGIO VEHICLES PVT LTD,APE ARDV,PIAGGIO
PIAGGIO VEHICLES PVT LTD,APE TRUCK (4-WHEELER_-MARK-1,PIAGGIO
PIAGGIO VEHICLES PVT LTD,APE CITY + CNG,PIAGGIO
PIAGGIO VEHICLES PVT LTD,PIAGIO/APE,PIAGGIO
PIAGGIO VEHICLES PVT LTD,APE AUTO HT DX CNG,PIAGGIO
PIAGGIO VEHICLES PVT LTD,VESPA SXL 150,PIAGGIO
PIAGGIO VEHICLES PVT LTD,APE AUTO CNG,PIAGGIO
PIAGGIO VEHICLES PVT LTD,APE CARGO D 600 PICK-UP VAN,PIAGGIO
PIAGGIO VEHICLES PVT LTD,APE D/VAN,PIAGGIO
Piaggio Vehicles Pvt Ltd,PORTER 700,PIAGGIO
PIAGGIO VEHICLES PVT LTD,APE AUTO PASSENGER,PIAGGIO
PIAGGIO VEHICLES PVT LTD,APE 3 WHEELER LGV,PIAGGIO
PIAGGIO VEHICLES PVT LTD,APE 3 WHEELER,PIAGGIO
PIAGGIO VEHICLES PVT LTD,APE 3 WHEELER PICK UP VAN,PIAGGIO
PIAGGIO VEHICLES PVT LTD,APE XTRA LD WITH PLATFORM,PIAGGIO
PIAGGIO VEHICLES PVT LTD,APE CARGO PICK UP VAN,PIAGGIO
PIAGGIO VEHICLES PVT LTD,APE PORTER 600 4W,PIAGGIO
PIAGGIO VEHICLES PVT LTD,APE XTRA DELIVERY VAN,PIAGGIO
PIAGGIO VEHICLES PVT LTD,APE AUTO D3S THREE WHEELER,PIAGGIO
"PIAGGIO VEHICLES PVT. LTD.,",APRILIA SR 160 BSVI,PIAGGIO
PIAGGIO VEHICLES PVT LTD,PORTER 1000 N1 BS4,PIAGGIO
PIAGGIO VEHICLES PVT LTD,APE XTRA PASS STD 3W L5M BS4,PIAGGIO
PIAGGIO VEHICLES PVT LTD,PORTER 700BSIII,PIAGGIO
PIAGGIO VEHICLES PVT LTD,APE XTRALDX+CNG WATERCOOLEDPU,PIAGGIO
PIAGGIO VEHICLES PVT LTD,APE G V,PIAGGIO
PIAGGIO VEHICLES PVT LTD,AP AUTO D3S (PASS),PIAGGIO
PIAGGIO VEHICLES PVT LTD,APE XTRA LD PU,PIAGGIO
PIAGGIO VEHICLES PVT LTD,VESPA SXL,PIAGGIO
PIAGGIO VEHICLES PVT LTD,PORTER,PIAGGIO
PIAGGIO VEHICLES PVT LTD,AUTO RIKSHAW,PIAGGIO
PIAGGIO VEHICLES PVT LTD,APE DIESEL 4 WHEELER,PIAGGIO
PIAGGIO VEHICLES PVT LTD,APE CITY,PIAGGIO
PIAGGIO VEHICLES PVT LTD,APE PORTER,PIAGGIO
PIAGGIO VEHICLES PVT LTD,APE   MINI,PIAGGIO
"PIAGGIO VEHICLES PVT. LTD.,",PORTER 600  BSIII,PIAGGIO
PIAGGIO VEHICLES PVT LTD,PIAGGIO APE,PIAGGIO
PIAGGIO VEHICLES PVT LTD,APE PORTER 1000,PIAGGIO
PIAGGIO VEHICLES PVT LTD,APE 3 WHEELER PASSENGER,PIAGGIO
PIAGGIO VEHICLES PVT LTD,"PIAGGIO VEHICLES PVT LTD, AUTO RICKHAW",PIAGGIO
PIAGGIO VEHICLES PVT LTD,APE AUTO D3,PIAGGIO
"PIAGGIO VEHICLES PVT. LTD.,",VESPA ZX BSVI,PIAGGIO
PIAGGIO VEHICLES PVT LTD,A/R CAB,PIAGGIO
PIAGGIO VEHICLES PVT LTD,APE XTRA LD 4S BSIV,PIAGGIO
PIAGGIO VEHICLES PVT LTD,APE FOUR WHEELER,PIAGGIO
PIAGGIO VEHICLES PVT LTD,VESPA SXL150,PIAGGIO
PIAGGIO VEHICLES PVT LTD,APE CARGO XTRA LD,PIAGGIO
PIAGGIO VEHICLES PVT LTD,APE CITY NXT+ CNG,PIAGGIO
PIAGGIO VEHICLES PVT LTD,VESPA,PIAGGIO
PIAGGIO VEHICLES PVT LTD,APE XTRA LD L5N BS4,PIAGGIO
PIAGGIO VEHICLES PVT LTD,APE PIAGGIO 3W PICK UP,PIAGGIO
PIAGGIO VEHICLES PVT LTD,APE CARGO D600XTRA,PIAGGIO
PIAGGIO VEHICLES PVT LTD,BMW 320D,PIAGGIO
PIAGGIO VEHICLES PVT LTD,AUTO RICKHAW,PIAGGIO
PIAGGIO VEHICLES PVT LTD,APE CARGO D-600-DELIVERY VAN,PIAGGIO
"PIAGGIO VEHICLES PVT. LTD.,",APRILIA STORM BSVI,PIAGGIO
PIAGGIO VEHICLES PVT LTD,TATA INDIGO CS GLX EURO III,PIAGGIO
PIAGGIO VEHICLES PVT LTD,APE A/R NT,PIAGGIO
PIAGGIO VEHICLES PVT LTD,PIAGGIO PORTER 1000 BS-IV,PIAGGIO
PIAGGIO VEHICLES PVT LTD,APE 3 WH PICKUP VAN BS III,PIAGGIO
PIAGGIO VEHICLES PVT LTD,APE XTRA LD BS3 CARGO,PIAGGIO
PIAGGIO VEHICLES PVT LTD,LMV 3 WHEELER APE CITY BSIII,PIAGGIO
PIAGGIO VEHICLES PVT LTD,APE XTRA LDX+ CNG PU,PIAGGIO
PIAGGIO VEHICLES PVT LTD,APE XTRA LDX+PU L5N BS6,PIAGGIO
PIAGGIO VEHICLES PVT LTD,APE AUTO D3S (PASS),PIAGGIO
PIAGGIO VEHICLES PVT LTD,PORTER 600,PIAGGIO
PIAGGIO VEHICLES PVT LTD,APE AUTO D 3S,PIAGGIO
PIAGGIO VEHICLES PVT LTD,APE PASSENGER,PIAGGIO
PIAGGIO VEHICLES PVT LTD,APE 3 WHEELER  LD CARGO,PIAGGIO
PIAGGIO VEHICLES PVT LTD,APE CARGO D600,PIAGGIO
PIAGGIO VEHICLES PVT LTD,APE DIESEL 3 WHEELER PASSENGER,PIAGGIO
PIAGGIO VEHICLES PVT LTD,APE E- XTRA LX WITH PLATFORM,PIAGGIO
PIAGGIO VEHICLES PVT LTD,APE AR/CAB,PIAGGIO
PIAGGIO VEHICLES PVT LTD,APE AUTO RICKSAW,PIAGGIO
PIAGGIO VEHICLES PVT LTD,PIAGGIO PORTER 600,PIAGGIO
PIAGGIO VEHICLES PVT LTD,APE XTRA PASSENGER STD,PIAGGIO
PIAGGIO VEHICLES PVT LTD,APE CARGO D360,PIAGGIO
PIAGGIO VEHICLES PVT LTD,PIAGGIO PORTER 700 4WH LCV,PIAGGIO
PIAGGIO VEHICLES PVT LTD,APE PORTER 600 HW,PIAGGIO
PIAGGIO VEHICLES PVT LTD,APE XTRA PICK UP,PIAGGIO
PIAGGIO VEHICLES PVT LTD,LMV APE PORTER 600,PIAGGIO
PIAGGIO VEHICLES PVT LTD,PIAGGIO,PIAGGIO
PIAGGIO VEHICLES PVT LTD,APE CITY LPG 3 WHEELER,PIAGGIO
Piaggio Vehicles Pvt Ltd,VESPA SXL,PIAGGIO
PIAGGIO VEHICLES PVT LTD,APE XTRA LDX+ PU,PIAGGIO
PIAGGIO VEHICLES PVT LTD,BMW X3  XDRIVE20D BSIV,PIAGGIO
PIAGGIO VEHICLES PVT LTD,APE XTRA LDX HD,PIAGGIO
PIAGGIO VEHICLES PVT LTD,PASS. DIESEL A/RIXA,PIAGGIO
PIAGGIO VEHICLES PVT LTD,APE E- XTRA FX WITH PLATFORM,PIAGGIO
PIAGGIO VEHICLES PVT LTD,APE 3 WHEELER AUTO RICKSHA,PIAGGIO
PIAGGIO VEHICLES PVT LTD,APE AUTO D3 S  PASSENGER,PIAGGIO
PIAGGIO VEHICLES PVT LTD,APE 3 WEELER,PIAGGIO
PIAGGIO VEHICLES PVT LTD,THREE WHEELER ,PIAGGIO
PIAGGIO VEHICLES PVT LTD,APRILIA SR  150,PIAGGIO
PIAGGIO VEHICLES PVT LTD,APE XTRA LD BSIII,PIAGGIO
Piaggio Vehicles Pvt Ltd,APE CITY DIESEL DLX,PIAGGIO
PIAGGIO VEHICLES PVT LTD,VESPA VXL 150,PIAGGIO
PIAGGIO VEHICLES PVT LTD,XTRA LD,PIAGGIO
PIAGGIO VEHICLES PVT LTD,APE XTRA LD BS IV,PIAGGIO
PIAGGIO VEHICLES PVT LTD,APE DS,PIAGGIO
PIAGGIO VEHICLES PVT LTD,THREE WHEELER PASSENGER,PIAGGIO
PIAGGIO VEHICLES PVT LTD,PORTER 600 (4 WHEELER),PIAGGIO
PIAGGIO VEHICLES PVT LTD,D3S PASSANGER,PIAGGIO
PIAGGIO VEHICLES PVT LTD,APE CARGO PASSENGER A/R,PIAGGIO
PIAGGIO VEHICLES PVT LTD,X TRA LD PVAN,PIAGGIO
PIAGGIO VEHICLES PVT LTD,3 W PICKUP VAN,PIAGGIO
PIAGGIO VEHICLES PVT LTD,APE LOADING,PIAGGIO
PIAGGIO VEHICLES PVT LTD,APE AUTO D 3S PASSENGER AR,PIAGGIO
PIAGGIO VEHICLES PVT LTD,XX,PIAGGIO
PIAGGIO VEHICLES PVT LTD,APE E- XTRA FX NE MAX PLATFORM,PIAGGIO
PIAGGIO VEHICLES PVT LTD,THREE WHEELER PASSANGER,PIAGGIO
PIAGGIO VEHICLES PVT LTD,"PIAGGIO VEHICLES PVT LTD, APE CARGO D600",PIAGGIO
PIAGGIO VEHICLES PVT LTD,NOT MAINTIONED IN RE,PIAGGIO
PIAGGIO VEHICLES PVT LTD,APE 1.3PV,PIAGGIO
PIAGGIO VEHICLES PVT LTD,APE AUTO +,PIAGGIO
PIAGGIO VEHICLES PVT LTD,PICK UP AUTO APE,PIAGGIO
"PIAGGIO VEHICLES PVT. LTD.,",APE TRUK PLUS BSIII,PIAGGIO
"PIAGGIO VEHICLES PVT. LTD.,",APRILIA- SR- 150 -ABS BSIV,PIAGGIO
PIAGGIO VEHICLES PVT LTD,PICK UP VAN LD BS3,PIAGGIO
PIAGGIO VEHICLES PVT LTD,APE THREE WHEELERL.T.V./A/RCAB,PIAGGIO
PIAGGIO VEHICLES PVT LTD,APE PASSENGER BS III,PIAGGIO
PIAGGIO VEHICLES PVT LTD,TATA SUMO SE,PIAGGIO
PIAGGIO VEHICLES PVT LTD,APE XTRA LD BIII,PIAGGIO
PIAGGIO VEHICLES PVT LTD,APE Goods Carrier,PIAGGIO
PIAGGIO VEHICLES PVT LTD,APE DIESEL 3 WHEELER(A/R),PIAGGIO
PIAGGIO VEHICLES PVT LTD,PORTER 700 RIGID N1 BS4,PIAGGIO
PIAGGIO VEHICLES PVT LTD,PASSENGER AUTO BS III,PIAGGIO
PIAGGIO VEHICLES PVT LTD,APE AUTO D35 PASSENGER,PIAGGIO
PIAGGIO VEHICLES PVT LTD,APE 3 WHEELER PICKUP VAN BS3,PIAGGIO
PIAGGIO VEHICLES PVT LTD,APE MINI,PIAGGIO
PIAGGIO VEHICLES PVT LTD,APE XTRA DV,PIAGGIO
PIAGGIO VEHICLES PVT LTD,APRILIA SR 125,PIAGGIO
"PIAGGIO VEHICLES PVT. LTD.,",APE CITY DIESEL BSIII,PIAGGIO
PIAGGIO VEHICLES PVT LTD,APRILIA STORM,PIAGGIO
PIAGGIO VEHICLES PVT LTD,PIAGGIO 3 WHEELER,PIAGGIO
PIAGGIO VEHICLES PVT LTD,APE XTRA HT LDX CNG PU,PIAGGIO
"PIAGGIO VEHICLES PVT. LTD.,",APE CARGO D600 PICKUP VAN BSII,PIAGGIO
PIAGGIO VEHICLES PVT LTD,VESPA LX,PIAGGIO
PIAGGIO VEHICLES PVT LTD,APE XTRA HT LDX+ CNG PU OBD2A,PIAGGIO
PIAGGIO VEHICLES PVT LTD,APE 4WHL TRUCK PLUS BSIII,PIAGGIO
PIAGGIO VEHICLES PVT LTD,PICKUP VAN,PIAGGIO
PIAGGIO VEHICLES PVT LTD,APE XTRA D600 PICK UP VAN,PIAGGIO
"PIAGGIO VEHICLES PVT. LTD.,",APE CARGO D600 PICK UP BSIII,PIAGGIO
PIAGGIO VEHICLES PVT LTD,APE CITY PASS,PIAGGIO
PIAGGIO VEHICLES PVT LTD,TATA INDIGO CS LS EURO III,PIAGGIO
PIAGGIO VEHICLES PVT LTD,APE XTRA LDX CLS PU OBD2A,PIAGGIO
PIAGGIO VEHICLES PVT LTD,APE 3WHEELER CARGO PICKUP VAN,PIAGGIO
PIAGGIO(AP1),APE CARGO D600 PICKUP VAN,PIAGGIO
PIAGGIO VEHICLES PVT LTD,PORTER 1000 BS IV,PIAGGIO
PIAGGIO VEHICLES PVT LTD,PORTER 700 BS IV,PIAGGIO
PIAGGIO VEHICLES PVT LTD,APE CARGO D 600 BS III,PIAGGIO
PIAGGIO VEHICLES PVT LTD,PIAGGIO PASSENGER AUTO,PIAGGIO
PIAGGIO VEHICLES PVT LTD,DS3 APE PASSANGER,PIAGGIO
PIAGGIO VEHICLES PVT LTD,PIAGGIO PICKUP VAN,PIAGGIO
PIAGGIO VEHICLES PVT LTD,APE XTRALDX CNG WATERCOOLED PU,PIAGGIO
PIAGGIO VEHICLES PVT LTD,"PIAGGIO VEHICLES PVT LTD, APE XTRA LD",PIAGGIO
PIAGGIO VEHICLES PVT LTD,APE DIESEL 3WHEELER(A/R),PIAGGIO
PIAGGIO VEHICLES PVT LTD,APE PASSENGER THREE WHEELER,PIAGGIO
PIAGGIO VEHICLES PVT LTD,APE CARGO XTRA LD 600,PIAGGIO
PIAGGIO VEHICLES PVT LTD,APE CARGO D600 3W PICKUP VAN,PIAGGIO
PIAGGIO VEHICLES PVT LTD,,PIAGGIO
PIAGGIO VEHICLES PVT LTD,APE XTRA DX CLS PU OBD2A,PIAGGIO
PIAGGIO VEHICLES PVT LTD,APE TRUK PLUS,PIAGGIO
PIAGGIO VEHICLES PVT LTD,SUMO VICTA EX EII,PIAGGIO
PIAGGIO VEHICLES PVT LTD,VESPA VX,PIAGGIO
PIAGGIO VEHICLES PVT LTD,BMW320D,PIAGGIO
PIAGGIO VEHICLES PVT LTD,APE AUTO D3S 3 WHEELER A/R,PIAGGIO
PIAGGIO VEHICLES PVT LTD,APE CITY DLS 3S PASS.BS3,PIAGGIO
PIAGGIO VEHICLES PVT LTD,PIAGGIO APE D600 D/VAN,PIAGGIO
PIAGGIO VEHICLES PVT LTD,PORTER- 600,PIAGGIO
PIAGGIO VEHICLES PVT LTD,APE CITY D3S,PIAGGIO
PIAGGIO VEHICLES PVT LTD,APRILIA SR 150,PIAGGIO
PIAGGIO VEHICLES PVT LTD,X1 SDRIVE 20D ,PIAGGIO
PIAGGIO VEHICLES PVT LTD,APE D600,PIAGGIO
PIAGGIO VEHICLES PVT LTD,APE CARGE DELIVERY VAN,PIAGGIO
PIAGGIO VEHICLES PVT LTD,P/VAN,PIAGGIO
PIAGGIO VEHICLES PVT LTD,"PIAGGIO VEHICLES PVT LTD, AUTO",PIAGGIO
PIAGGIO VEHICLES PVT LTD,APE CITY DIESEL BS4,PIAGGIO
"PIAGGIO VEHICLES PVT. LTD.,",APE AUTO D3S PASSENGER,PIAGGIO
PIAGGIO VEHICLES PVT LTD,APE AUTO,PIAGGIO
PIAGGIO VEHICLES PVT LTD,4  W  GOODS CARRIER,PIAGGIO
PIAGGIO VEHICLES PVT LTD,PIAGGIO APE 3WHEELER,PIAGGIO
PIAGGIO VEHICLES PVT LTD,"PIAGGIO VEHICLES PVT LTD, APE AUTO",PIAGGIO
"PIAGGIO VEHICLES PVT. LTD.,",VESPA VXL BSIV,PIAGGIO
PIAGGIO VEHICLES PVT LTD,VESPA 125CC,PIAGGIO
PIAGGIO VEHICLES PVT LTD,3 WHEE PASSENGER VEHIC BS III,PIAGGIO
PIAGGIO VEHICLES PVT LTD,APE CARGO 3 WHEELER APE XTRA,PIAGGIO
PIAGGIO VEHICLES PVT LTD,3 WHEELER D/VAN,PIAGGIO
PIAGGIO VEHICLES PVT LTD,APE XTRA LD 4S BS III,PIAGGIO
PIAGGIO VEHICLES PVT LTD,PORTER 700VX,PIAGGIO
PIAGGIO VEHICLES PVT LTD,APE CARCO PICK UP VAN,PIAGGIO
PIAGGIO VEHICLES PVT LTD,PASSANGER,PIAGGIO
PIAGGIO VEHICLES PVT LTD,APE AUTO D3S PASSANGER,PIAGGIO
PIAGGIO VEHICLES PVT LTD,PIAGGIO PORTER 600 BSIII,PIAGGIO
PIAGGIO VEHICLES PVT LTD,APE DIESEL 3 WHEELER,PIAGGIO
PIAGGIO VEHICLES PVT LTD,PIAGGIO APE D 600 P/VAN,PIAGGIO
PIAGGIO VEHICLES PVT LTD,APE XTRA LD,PIAGGIO
PIAGGIO VEHICLES PVT LTD,APE 4 STROKE AUTO D3S PASS BS3,PIAGGIO
PIAGGIO VEHICLES PVT LTD,VESPA LX 125,PIAGGIO
PIAGGIO VEHICLES PVT LTD,APE AUTO D3S PASSENGER BS III,PIAGGIO
PIAGGIO VEHICLES PVT LTD,APE PORTER 600,PIAGGIO
PIAGGIO VEHICLES PVT LTD,THREE WHEELERS PASSANGER,PIAGGIO
PIAGGIO VEHICLES PVT LTD,APE CARGO D 600,PIAGGIO
PIAGGIO VEHICLES PVT LTD,APE CITY CNG,PIAGGIO
PIAGGIO VEHICLES PVT LTD,APE MINI CARGO,PIAGGIO
PIAGGIO VEHICLES PVT LTD,APE PASSENGER D 3S,PIAGGIO
PIAGGIO VEHICLES PVT LTD,APE CITY DSL 3S PASS BSIII,PIAGGIO
PIAGGIO VEHICLES PVT LTD,APE CARGO 600 D,PIAGGIO
PIAGGIO VEHICLES PVT LTD,APE TRUCK PLUS 870,PIAGGIO
PIAGGIO VEHICLES PVT LTD,CARGO 3WHEELER PICK UP VAN,PIAGGIO
PIAGGIO VEHICLES PVT LTD,INDICA VISTA AURA SAFIRE,PIAGGIO
"PIAGGIO VEHICLES PVT. LTD.,",VESPA-LX CBS BSIV,PIAGGIO
PIAGGIO VEHICLES PVT LTD,PICK UP VAN,PIAGGIO
PIAGGIO VEHICLES PVT LTD,APE 3 WHEELER P.VAN,PIAGGIO
PIAGGIO VEHICLES PVT LTD,APE AUTO D3S PIAGGIO,PIAGGIO
PIAGGIO VEHICLES PVT LTD,APE CITY CNG DLX,PIAGGIO
PIAGGIO VEHICLES PVT LTD,APE AUTO PLUS,PIAGGIO
PIAGGIO VEHICLES PVT LTD,BMW 520D CKD,PIAGGIO
Piaggio Vehicles Pvt Ltd,APE XTRA LD PU,PIAGGIO
PIAGGIO VEHICLES PVT LTD,APRILIA SR 160,PIAGGIO
PIAGGIO VEHICLES PVT LTD,APE XTRA HT LDX+ CNG PU,PIAGGIO
PIAGGIO VEHICLES PVT LTD,APE 3WHEELER PASSENGER,PIAGGIO
PIAGGIO VEHICLES PVT LTD,3W PASSANGER A/R,PIAGGIO
PIAGGIO VEHICLES PVT LTD,AUTO RICKSHAW PASSENGER,PIAGGIO
PIAGGIO VEHICLES PVT LTD,VESPA SCOOTER BASE MOD BSIII,PIAGGIO
PIAGGIO VEHICLES PVT LTD,APE CARGO 3WHEELER DEL VAN,PIAGGIO
PIAGGIO VEHICLES PVT LTD,APE XTRA,PIAGGIO
PIAGGIO VEHICLES PVT LTD,3 WHEELERS,PIAGGIO
PIAGGIO VEHICLES PVT LTD,APE CARGO D-600-PICKUP VAN,PIAGGIO
PIAGGIO VEHICLES PVT LTD,APE XTRA PU,PIAGGIO
Piaggio Vehicles Pvt Ltd,VESPA,PIAGGIO
PIAGGIO VEHICLES PVT LTD,APE CARGO D600 PICK - UP,PIAGGIO
PIAGGIO(AP1),AUTO,PIAGGIO
PIAGGIO VEHICLES PVT LTD,VESPA ZX,PIAGGIO
PIAGGIO VEHICLES PVT LTD,APE AUTO RICKSHAW,PIAGGIO
PIAGGIO VEHICLES PVT LTD,3WHEELER PICKUP VAN,PIAGGIO
PIAGGIO VEHICLES PVT LTD,APE XTRA PASSENGER STD BSIV,PIAGGIO
PIAGGIO VEHICLES PVT LTD,A/R P/VAN,PIAGGIO
PIAGGIO VEHICLES PVT LTD,APE XTRA LD BS3,PIAGGIO
PIAGGIO VEHICLES PVT LTD,APE E- CITY FX NE,PIAGGIO
PIAGGIO VEHICLES PVT LTD,APE CARGO 600D,PIAGGIO
PIAGGIO VEHICLES PVT LTD,CARGO APE MINI 4 WHEELER,PIAGGIO
PIAGGIO VEHICLES PVT LTD,ONE PVPL 4WLR PORTER 600,PIAGGIO
PIAGGIO VEHICLES PVT LTD,ACE CARGO 3 W XTRA LD BSIII,PIAGGIO
Piaggio Vehicles Pvt Ltd,APE AUTO,PIAGGIO
PIAGGIO VEHICLES PVT LTD,APE XTRA LDX PU BSVI,PIAGGIO
PIAGGIO VEHICLES PVT LTD,APE CARGO,PIAGGIO
PIAGGIO VEHICLES PVT LTD,PORTER 700,PIAGGIO
PIAGGIO VEHICLES PVT LTD,APE 4 WHEELER,PIAGGIO
PIAGGIO VEHICLES PVT LTD,BMW 520D CKD BSIV,PIAGGIO
PIAGGIO VEHICLES PVT LTD,INDICA VISTA AQUA SAFIRE E III,PIAGGIO
PIAGGIO VEHICLES PVT LTD,APE XTRA LD (3 WHEELER/GOODS),PIAGGIO
PIAGGIO VEHICLES PVT LTD,3 WHEELER PASSENGER,PIAGGIO
PIAGGIO VEHICLES PVT LTD,APE EXTRA LD,PIAGGIO
PIAGGIO VEHICLES PVT LTD,APE AUTO D3S PASSENGER XTRA BS,PIAGGIO
"PIAGGIO VEHICLES PVT. LTD.,",APE XTRA LD,PIAGGIO
PIAGGIO VEHICLES PVT LTD,APE CARGO D600 DELIVERY VAN,PIAGGIO
PIAGGIO VEHICLES PVT LTD,AUTO RICKSHAW (PRIVATE VEH.),PIAGGIO
PIAGGIO VEHICLES PVT LTD,INDICA XETA GLS BS III,PIAGGIO
PIAGGIO VEHICLES PVT LTD,APE XTRA LDX PU L5N BS6,PIAGGIO
PIAGGIO VEHICLES PVT LTD,APE 3 WHEELER PICKUP VAN,PIAGGIO
PIAGGIO VEHICLES PVT LTD,APE XTRA HT LDX CNGPU L5N BS6,PIAGGIO
PIAGGIO VEHICLES PVT LTD,APE CARGO XTRA LD VAN,PIAGGIO
PIAGGIO VEHICLES PVT LTD,APE XTRA LDX PU BSIV,PIAGGIO
PIAGGIO VEHICLES PVT LTD,APE AUTO DX,PIAGGIO
PIAGGIO VEHICLES PVT LTD,PIAGGIO 4-WHEELER,PIAGGIO
PIAGGIO VEHICLES PVT LTD,APE XTRA LD BS III,PIAGGIO
PIAGGIO VEHICLES PVT LTD,APE 4ST AUTO D3S PASS BS III,PIAGGIO
PIAGGIO VEHICLES PVT LTD,PORTER 600 RIGID N1,PIAGGIO
PIAGGIO VEHICLES PVT LTD,APE PROTER 600,PIAGGIO
PIAGGIO VEHICLES PVT LTD,APE CARGO D VAN,PIAGGIO
PIAGGIO VEHICLES PVT LTD,"PIAGGIO VEHICLES PVT LTD, APE CARGO D600 PICK UP BSIII",PIAGGIO
PIAGGIO VEHICLES PVT LTD,APRILIA SR 150 BS IV,PIAGGIO
PIAGGIO VEHICLES PVT LTD,INDICA VISTA AURA QUADRAJET,PIAGGIO
PIAGGIO VEHICLES PVT LTD,APEAUTOD3SPASSENGERBSIII,PIAGGIO
PIAGGIO VEHICLES PVT LTD,APE XTRA LDX PU,PIAGGIO
PIAGGIO VEHICLES PVT LTD,INDICA VISTA AURA SA,PIAGGIO
PIAGGIO VEHICLES PVT LTD,APE PICK UP VAN,PIAGGIO
