rc_maker_desc,rc_maker_model,Mapped Name
PORSCHE AG GERMANY,VERNA VTVT SX 1.6 BS IV,PORSCHE
PORSCHE AG GERMANY,911 TURO S,PORSCHE
PORSCHE AG GERMANY,PANAMERA,PORSCHE
PORSCHE AG,CAYENNE DISEL PLAT EDITION,PORSCHE
PORSCHE AG GERMANY,EON D-LITE+ BSIV,PORSCHE
PORSCHE AG,CYENNE TIPTRONIC,PORSCHE
PORSCHE AG,PORSHE,PORSCHE
PORSCHE AG GERMANY,VERNA 1.6 CRDI BS4 SX (O),PORSCHE
PORSCHE AG GERMANY,TAYCAN 4S,PORSCHE
PORSCHE AG GERMANY,MACAN S,PORSCHE
PORSCHE AG GERMANY,"PORSCHE AG GERMANY, MACAN",PORSCHE
PORSCHE AG GERMANY,I 20 ASTA (O) CRDI BSIII,PORSCHE
PORSCHE AG GERMANY,XCENT CRDI S BSIV,PORSCHE
PORSCHE AG,PROSCHE CAYENNE DIESEL,PORSCHE
PORSCHE AG,MACAN BS4 M1,PORSCHE
PORSCHE AG,PORSCHE 911 GT3,PORSCHE
PORSCHE AG GERMANY,MACAN,PORSCHE
PORSCHE AG,CAYENNE S,PORSCHE
PORSCHE AG,PORSCHE BOXSTER S,PORSCHE
PORSCHE AG GERMANY,CAYENNE GTS,PORSCHE
PORSCHE AG GERMANY,CRETA 1.6 VTVT E+ BS4,PORSCHE
PORSCHE AG GERMANY,CRETA 1.4 CRDI S+ BSIV,PORSCHE
PORSCHE AG,PORSCHE PANAMERA,PORSCHE
PORSCHE AG GERMANY,CAYENNE,PORSCHE
PORSCHE AG GERMANY,I 20 MAGNA AUTO 1.4,PORSCHE
PORSCHE AG GERMANY,SANTRO GL,PORSCHE
PORSCHE AG GERMANY,I 10 1.2 SPORTZ,PORSCHE
PORSCHE AG GERMANY,CAYENNE TURBO COUPE,PORSCHE
PORSCHE AG GERMANY,EON MAGNA+ BSIV,PORSCHE
PORSCHE AG GERMANY,CAYENNE DIESEL,PORSCHE
PORSCHE AG GERMANY,TAYCAN TURBO,PORSCHE
PORSCHE AG GERMANY,,PORSCHE
PORSCHE AG GERMANY,HYUNDAI I20 MAGNA,PORSCHE
PORSCHE AG GERMANY,718 CAYMAN GTS,PORSCHE
PORSCHE AG,PANAMERA DIESEL,PORSCHE
PORSCHE AG GERMANY,XCENT 1.2 CRDI E BS4,PORSCHE
PORSCHE AG GERMANY,CRETA 1.6 CRDI SX BSIV,PORSCHE
PORSCHE AG GERMANY,HYUNDAI I10 MAGNA,PORSCHE
PORSCHE AG GERMANY,718 CAY,PORSCHE
PORSCHE AG,PORSCHE CARRERA,PORSCHE
PORSCHE AG,CAYENNE PLATINUM EDITION,PORSCHE
PORSCHE AG,PORSCHE 911 GT3 RS,PORSCHE
PORSCHE AG,PORSCHE CAYENNE HYBRID,PORSCHE
PORSCHE AG GERMANY,PANAMERA TURBO,PORSCHE
PORSCHE AG,PORCE CAYENNE PLATINUM,PORSCHE
PORSCHE AG GERMANY,CRETA 1.4 CRDI E+ BS4,PORSCHE
PORSCHE AG GERMANY,I20 SPORTZ VTVT,PORSCHE
PORSCHE AG,PORSCHE 911 CARRERA S TURBO,PORSCHE
PORSCHE AG GERMANY,PORSCHE 718 BOXSTER,PORSCHE
PORSCHE AG,PORSCHE 718 BOXSTER,PORSCHE
PORSCHE AG GERMANY,TAYCAN TURBO S,PORSCHE
PORSCHE AG GERMANY,718 BOXTER,PORSCHE
PORSCHE AG GERMANY,CAYENE D PLAT EDI,PORSCHE
PORSCHE AG,PORCHE CAYMAN S,PORSCHE
PORSCHE AG,Boxter GTS,PORSCHE
PORSCHE AG GERMANY,EON ERA+ BSIV,PORSCHE
PORSCHE AG,PORSCHE 718 BOXTER,PORSCHE
PORSCHE AG GERMANY,CRETA 1.6 CRDI SX(O) BSIV,PORSCHE
PORSCHE AG GERMANY,GRAND I10 PRIME T CRDI BS4,PORSCHE
PORSCHE,PORSCHE CAYENNE,PORSCHE
PORSCHE AG,"PANAMERA DSL,GD12, BSIV",PORSCHE
PORSCHE AG GERMANY,PORSCHE CAYENNE TURBO BSVI,PORSCHE
PORSCHE AG GERMANY,GRAND I10 SPORTS 1.2,PORSCHE
PORSCHE AG GERMANY,CAYENNE PLATINUM EDI,PORSCHE
PORSCHE AG GERMANY,CAYENNE DSL BS IV,PORSCHE
PORSCHE AG GERMANY,GRAND I10 ASTA 1.2 O,PORSCHE
PORSCHE AG GERMANY,GRAND I10 SPORTZ 1.2 CRDI,PORSCHE
PORSCHE AG,PORSCHE CAYENNE,PORSCHE
PORSCHE AG GERMANY,PORRSCHE CAYENNE,PORSCHE
PORSCHE AG,PORSCHE,PORSCHE
PORSCHE AG,PORSCHE PANAMERA TURBO,PORSCHE
PORSCHE AG,MACAN S BSIV,PORSCHE
PORSCHE AG GERMANY,CAYENNE DIESEL ,PORSCHE
PORSCHE AG,PORSCHE CAYENNE DIESEL ED22,PORSCHE
PORSCHE AG GERMANY,CAYENNE DIESEL PLAT,PORSCHE
PORSCHE,CAYENNE TURBO BSIV,PORSCHE
PORSCHE AG,PORSHE CAYENNE DIE,PORSCHE
PORSCHE AG GERMANY,PORSCHE 911GT3,PORSCHE
PORSCHE AG,CAYENNE DIESEL,PORSCHE
PORSCHE AG GERMANY,EON K 1.0 MEGNA,PORSCHE
PORSCHE AG,CAYENNE S DIESEL,PORSCHE
PORSCHE AG GERMANY,CAYMAN GT4,PORSCHE
PORSCHE AG,PORSCHE CAYENNE TURBO,PORSCHE
PORSCHE AG GERMANY,CAYENNE DIESAL PLATI,PORSCHE
PORSCHE AG,PANAMERA,PORSCHE
PORSCHE AG GERMANY,CAYENNE BSVI,PORSCHE
PORSCHE AG GERMANY,HYUNDAI I10 ERA,PORSCHE
PORSCHE AG GERMANY,PANAMERA 4,PORSCHE
PORSCHE AG GERMANY,PORSCHE PANAMERA,PORSCHE
PORSCHE AG GERMANY,PORSCHE IMPORTED CAR,PORSCHE
PORSCHE AG,CAYENNE TIPTRONIC,PORSCHE
PORSCHE AG,PORSCHE MACAN S,PORSCHE
PORSCHE AG GERMANY,I 20 MAGNA EXECUTIVE CRDI BS4,PORSCHE
PORSCHE AG GERMANY,PORSCHE CAYENNE TURB,PORSCHE
PORSCHE AG GERMANY,EON D-LITE,PORSCHE
PORSCHE,PORSCHE 911 GT3 RS BSIV,PORSCHE
PORSCHE AG GERMANY,I20 ACTIVE VTVT SX BS4,PORSCHE
PORSCHE AG GERMANY,GRAND I10 MAGNA 1.2,PORSCHE
PORSCHE AG GERMANY,CRETA 1.6 CRDI SX+ BSIV,PORSCHE
PORSCHE AG GERMANY,911 CARRERA S,PORSCHE
PORSCHE AG GERMANY,PORSCHE MACAN S,PORSCHE
PORSCHE AG,PORSCHE CAYENNE DIESEL,PORSCHE
PORSCHE AG GERMANY,718 CAYMAN,PORSCHE
PORSCHE AG,CAYENNE TURBO BSIII (IMPORTED),PORSCHE
PORSCHE AG GERMANY,HYUNDAI I20 SPORTZ,PORSCHE
PORSCHE AG GERMANY,MACAN GTS,PORSCHE
PORSCHE AG,911 CARRERA S,PORSCHE
PORSCHE AG GERMANY,I 20 SPORTZ 1.4 DSL,PORSCHE
PORSCHE AG GERMANY,TATA ENG SPACIO STAGE 1,PORSCHE
PORSCHE AG GERMANY,GRAND I10 SPORTZ (O 1.2 CRDI,PORSCHE
PORSCHE AG GERMANY,I 10 1.2 MAGNA,PORSCHE
PORSCHE AG GERMANY,SANTRO 1.1 MT SPORTZ BS4,PORSCHE
PORSCHE AG GERMANY,PANAMERA TURBO EXE,PORSCHE
PORSCHE AG GERMANY,PORSCHE CAYENNE,PORSCHE
PORSCHE AG GERMANY,XCENT CRDI T+ BS4,PORSCHE
PORSCHE AG,PORSCHE MACAN S DIE,PORSCHE
PORSCHE AG GERMANY,PORSCHE 718 CAYMAN,PORSCHE
PORSCHE AG GERMANY,MACAN S DIESEL,PORSCHE
PORSCHE AG,CAYENNE V6,PORSCHE
PORSCHE AG,CARRERA,PORSCHE
PORSCHE AG GERMANY,CAYENNE GTS COUPE,PORSCHE
PORSCHE AG,"CAYENNE DSL ,BSIV",PORSCHE
PORSCHE AG,PORSCH 911 TURBO,PORSCHE
PORSCHE AG,BOXSTER S,PORSCHE
PORSCHE AG GERMANY,HYUNDAI GETZ GVS,PORSCHE
PORSCHE AG,PORSCHE IMPORTED CAR,PORSCHE
PORSCHE AG GERMANY,MACAN 2.0,PORSCHE
PORSCHE AG GERMANY,911 CARRERA,PORSCHE
PORSCHE AG,CAYENNE GTS,PORSCHE
PORSCHE AG GERMANY,CRETA 1.6 VTVT AUTO SX BS4,PORSCHE
DR.ING.H.C.F.PORSCHE AG,PORSCHE 9YAAA1CAYENNE,PORSCHE
PORSCHE AG,PORSCH 911 TURBO ,PORSCHE
PORSCHE AG,"PORSCHE AG, TRACTOR TROLLY",PORSCHE
PORSCHE AG,PORSCH CAYENNE,PORSCHE
PORSCHE AG GERMANY,I20 SPORTZ + VTVT M1 BS4,PORSCHE
PORSCHE AG GERMANY,CAYENNE COUPE,PORSCHE
PORSCHE AG,CAYENNE,PORSCHE
PORSCHE AG GERMANY,PORSCHE MACAN,PORSCHE
PORSCHE AG,MACAN,PORSCHE
PORSCHE AG GERMANY,CAYENNE E-HYBRID,PORSCHE
PORSCHE AG GERMANY,911 GT3,PORSCHE
PORSCHE AG,PORSCHE CAYENNE S,PORSCHE
PORSCHE AG GERMANY,PORSCHE MACAN S BSVI,PORSCHE
PORSCHE AG GERMANY,I20 ASTA CRDI,PORSCHE
PORSCHE AG GERMANY,VERNA 1.6 VTVT BS4 SX,PORSCHE
PORSCHE AG GERMANY,CAYENNE D PLATINUM E,PORSCHE
PORSCHE AG GERMANY,HYUNDAI SANTRO LE,PORSCHE
PORSCHE AG GERMANY,TAYCAN,PORSCHE
PORSCHE AG GERMANY,718 BOXSTER,PORSCHE
PORSCHE AG GERMANY,XCENT VTVT S,PORSCHE
PORSCHE AG GERMANY,CAYENNE TURBO,PORSCHE
PORSCHE AG GERMANY,SANTRO 1.1 MT ERA BS4,PORSCHE
PORSCHE AG GERMANY,I10 SPORTZ BSIV,PORSCHE
PORSCHE AG,BOXSTER GTS,PORSCHE
PORSCHE AG,PORSCHE CAYENNE DIE,PORSCHE
PORSCHE AG,PORSCHE CAYENNE V6,PORSCHE
PORSCHE,PORSCHE 9YAAA1CAYENNE BSIV,PORSCHE
DR.ING.H.C.F.PORSCHE AG,CAYENNE E- HYBRID BSIV,PORSCHE
PORSCHE AG,CAYENNE S TIPTRONIC,PORSCHE
PORSCHE AG GERMANY,,PORSCHE
PORSCHE AG,CAYMAN GTS,PORSCHE
