rc_maker_desc,rc_maker_model,Mapped Name
ROLLS ROYCE,ROLLS ROYCE GHOST FK2 RHD,ROLLS ROYCE
Rolls Royce Motor (Importer: KUN Motor),ROLLS ROYCE CULLINAN,ROLLS ROYCE
ROLLS ROYCE,PHANTOM SWB,ROLLS ROYCE
ROLLS ROYCES - IMPORTED,ROLLS ROYCE GHOST FK42,ROLLS ROYCE
ROLLS ROYCE,CULLINAN TV 42,ROLLS ROYCE
ROLLS ROYCE,RR GHOST EX,ROLLS ROYCE
ROLLS ROYCES - IMPORTED,ROLLS ROYCE GHOST XZ42,ROLLS ROYCE
ROLLS ROYCE,"CULLINAN (TV42,RHD",ROLLS ROYCE
ROLLS ROYCE,SILVER CLOUD,ROLLS ROYCE
ROLLS ROYCE,"PHANTOM EWB (FJ02, RDH)",ROLLS ROYCE
ROLLS ROYCE,PHANTOM EWB TT82,ROLLS ROYCE
ROLLS ROYCE,ROLL ROYCEE GHOST MC,ROLLS ROYCE
ROLLS ROYCE,GHOST FK 42 RHD,ROLLS ROYCE
ROLLS ROYCE,GHOST EWB,ROLLS ROYCE
ROLLS ROYCE,GHOST,ROLLS ROYCE
ROLLS ROYCE,ROLLS ROYCE GHOST,ROLLS ROYCE
Rolls Royce Motor (Importer: KUN Motor),ROLLS ROYCE GHOST EWB,ROLLS ROYCE
ROLLS ROYCE,ROLLS ROYCE PHANTOM,ROLLS ROYCE
ROLLS ROYCE,ROLLS ROYCE CULLINAN,ROLLS ROYCE
