rc_maker_desc,rc_maker_model,Mapped Name
ROYAL-ENFIELD (UNIT OF EICHER LTD),BULET,ROYAL ENFIELD
ROYAL-ENFIELD (UNIT OF EICHER LTD),THUNDERBIRD 350ES,ROYAL ENFIELD
ROYAL-ENFIELD (UNIT OF EICHER LTD),CLASSIC UCE 500 (DOMESTIC),ROYAL ENFIELD
ROYAL ENFIELD,CLASSIC  350 BSIV,ROYAL ENFIELD
Royal-Enfield (Unit of Eicher Ltd),CLASSIC 350 ABS,ROYAL ENFIELD
ROYAL-ENFIELD (UNIT OF EICHER LTD),BULLET 350-ES,ROYAL ENFIELD
ROYAL-ENFIELD (UNIT OF EICHER LTD),Motor Cycle,ROYAL ENFIELD
ROYAL-ENFIELD (UNIT OF EICHER LTD),INTERCEPTOR INT 650,ROYAL ENFIELD
ROYAL-ENFIELD (UNIT OF EICHER LTD),ROYAENFIELD BULLET CLASSIC 350,ROYAL ENFIELD
ROYAL-ENFIELD (UNIT OF EICHER LTD),M/CYCLE CLASSIC,ROYAL ENFIELD
ROYAL-ENFIELD (UNIT OF EICHER LTD),"ROYAL-ENFIELD (UNIT OF EICHER LTD), CLASSIC 350 EFI",ROYAL ENFIELD
ROYAL-ENFIELD (UNIT OF EICHER LTD),THUNDER BIRD 500,ROYAL ENFIELD
ROYAL ENFIELD,BULLET 500 BSIII,ROYAL ENFIELD
ROYAL-ENFIELD (UNIT OF EICHER LTD),CLASSIC,ROYAL ENFIELD
ROYAL-ENFIELD (UNIT OF EICHER LTD),STD350,ROYAL ENFIELD
ROYAL-ENFIELD (UNIT OF EICHER LTD),ROYAL ENFIELD ,ROYAL ENFIELD
ROYAL ENFIELD MOTORS,CLASSIC 350 EFI L2 BS6,ROYAL ENFIELD
ROYAL-ENFIELD (UNIT OF EICHER LTD),ENFIELD    ,ROYAL ENFIELD
ROYAL-ENFIELD (UNIT OF EICHER LTD),CONTINENTAL GT,ROYAL ENFIELD
ROYAL-ENFIELD (UNIT OF EICHER LTD,CLASSIC 350 EFI,ROYAL ENFIELD
ROYAL-ENFIELD (UNIT OF EICHER LTD),THUNDERBIRD DISC/ES,ROYAL ENFIELD
ROYAL-ENFIELD (UNIT OF EICHER LTD,BULLET 350 ES ABS,ROYAL ENFIELD
ROYAL-ENFIELD (UNIT OF EICHER LTD),ROYAL ENFIELD 350CC,ROYAL ENFIELD
ROYAL-ENFIELD (UNIT OF EICHER LTD),CLASSIC 350 EFI L2 BS6,ROYAL ENFIELD
ROYAL-ENFIELD (UNIT OF EICHER LTD),BULLET 350 TBTS UCE,ROYAL ENFIELD
ROYAL-ENFIELD (UNIT OF EICHER LTD),ENFIELD 350 CC SUPER BULLET,ROYAL ENFIELD
ROYAL ENFIELD,CLASSIC 350 EFI BSVI,ROYAL ENFIELD
ROYAL-ENFIELD (UNIT OF EICHER LTD),BULLET STD,ROYAL ENFIELD
ROYAL-ENFIELD (UNIT OF EICHER LTD),BULLET ELECTRA 350 CC,ROYAL ENFIELD
ROYAL-ENFIELD (UNIT OF EICHER LTD),BULLET MOTOR CYCLE-350,ROYAL ENFIELD
ROYAL-ENFIELD (UNIT OF EICHER LTD),ELECTRA 350 BULLET,ROYAL ENFIELD
ROYAL-ENFIELD (UNIT OF EICHER LTD),ENFIELD MOTORCYCLE,ROYAL ENFIELD
ENFIELDIND,BULLET 350 CC,ROYAL ENFIELD
ROYAL-ENFIELD (UNIT OF EICHER LTD),CLASSIC 350 UCE ES,ROYAL ENFIELD
ROYAL-ENFIELD (UNIT OF EICHER LTD),CLASSIC 350 ABS BS4,ROYAL ENFIELD
ROYAL-ENFIELD (UNIT OF EICHER LTD),ENFIELD  BULLET,ROYAL ENFIELD
ROYAL-ENFIELD (UNIT OF EICHER LTD),BULLET ELECTRA,ROYAL ENFIELD
ROYAL-ENFIELD (UNIT OF EICHER LTD),THUNDERBIRD 350 X ABS,ROYAL ENFIELD
ROYAL-ENFIELD (UNIT OF EICHER LTD),ROY. ENF. BULLET CLASSIC 350CC,ROYAL ENFIELD
ROYAL-ENFIELD (UNIT OF EICHER LTD),"ROYAL-ENFIELD (UNIT OF EICHER LTD), ROYAL ENFILD",ROYAL ENFIELD
ROYAL ENFIELD MOTORS,ELECTRA 350 ES BSIV,ROYAL ENFIELD
ROYAL-ENFIELD (UNIT OF EICHER LTD),THUNDER BIRD 350 UCE,ROYAL ENFIELD
ROYAL-ENFIELD (UNIT OF EICHER LTD),BULLET 350,ROYAL ENFIELD
ROYAL-ENFIELD (UNIT OF EICHER LTD),,ROYAL ENFIELD
ROYAL-ENFIELD (UNIT OF EICHER LTD,BULLET 350 EFI,ROYAL ENFIELD
ROYAL-ENFIELD (UNIT OF EICHER LTD,BULLET 350-ES,ROYAL ENFIELD
ROYAL-ENFIELD (UNIT OF EICHER LTD),"ROYAL-ENFIELD (UNIT OF EICHER LTD), BULLET 350 ABS",ROYAL ENFIELD
ROYAL-ENFIELD (UNIT OF EICHER LTD),BULLET 350 UCE STD,ROYAL ENFIELD
ROYAL-ENFIELD (UNIT OF EICHER LTD),CLASSIC 500 BS III,ROYAL ENFIELD
ROYAL-ENFIELD (UNIT OF EICHER LTD),BULLET  350 ES,ROYAL ENFIELD
ROYAL-ENFIELD (UNIT OF EICHER LTD),ELECTRA 350,ROYAL ENFIELD
ROYAL-ENFIELD (UNIT OF EICHER LTD,CLASSIC 350 BSIV,ROYAL ENFIELD
ROYAL-ENFIELD (UNIT OF EICHER LTD),ROYAL ENFIELD ELECTRA,ROYAL ENFIELD
ROYAL-ENFIELD (UNIT OF EICHER LTD),"ROYAL-ENFIELD (UNIT OF EICHER LTD), ROYAL ENFIELD CLASSIC 350",ROYAL ENFIELD
ROYAL-ENFIELD (UNIT OF EICHER LTD),SUPER METEOR 650,ROYAL ENFIELD
ROYAL-ENFIELD (UNIT OF EICHER LTD,CLASSIC,ROYAL ENFIELD
ROYAL-ENFIELD (UNIT OF EICHER LTD),INTERCEPTOR 650,ROYAL ENFIELD
ROYAL-ENFIELD (UNIT OF EICHER LTD),CLASSIC 500 ES,ROYAL ENFIELD
ROYAL-ENFIELD (UNIT OF EICHER LTD),MOTOR CYCLE,ROYAL ENFIELD
ROYAL-ENFIELD (UNIT OF EICHER LTD),ROYAL ENFIELD BULLET,ROYAL ENFIELD
ROYAL-ENFIELD (UNIT OF EICHER LTD),OTHERS,ROYAL ENFIELD
ROYAL-ENFIELD (UNIT OF EICHER LTD),BULLET ELECTRA MOTOR CYCLE,ROYAL ENFIELD
ROYAL-ENFIELD (UNIT OF EICHER LTD),BULLET 350 ES,ROYAL ENFIELD
ROYAL-ENFIELD (UNIT OF EICHER LTD),BULLET AVL,ROYAL ENFIELD
ROYAL-ENFIELD (UNIT OF EICHER LTD),BULLET STD 350,ROYAL ENFIELD
ROYAL-ENFIELD (UNIT OF EICHER LTD),ENFIELD  BULLET 350 CC,ROYAL ENFIELD
ROYAL-ENFIELD (UNIT OF EICHER LTD,THUNDERBIRD 350 X,ROYAL ENFIELD
ROYAL-ENFIELD (UNIT OF EICHER LTD),INDICA DLS,ROYAL ENFIELD
ROYAL-ENFIELD (UNIT OF EICHER LTD),CLASSIC 350 ABS,ROYAL ENFIELD
ROYAL-ENFIELD (UNIT OF EICHER LTD),ENFIELD CLASSIC,ROYAL ENFIELD
ROYAL-ENFIELD (UNIT OF EICHER LTD),R/ENFILED STD,ROYAL ENFIELD
ROYAL-ENFIELD (UNIT OF EICHER LTD),"ROYAL-ENFIELD (UNIT OF EICHER LTD), BULLET 350",ROYAL ENFIELD
ROYAL-ENFIELD (UNIT OF EICHER LTD),ROYAL CLASSIC,ROYAL ENFIELD
ROYAL-ENFIELD (UNIT OF EICHER LTD),CLASSIC 350 BS IV,ROYAL ENFIELD
ROYAL-ENFIELD (UNIT OF EICHER LTD),BULLET  350,ROYAL ENFIELD
ROYAL-ENFIELD (UNIT OF EICHER LTD),"ROYAL-ENFIELD (UNIT OF EICHER LTD), STANDARD 350CC",ROYAL ENFIELD
ROYAL-ENFIELD (UNIT OF EICHER LTD,BULLET350 UCE,ROYAL ENFIELD
ROYAL-ENFIELD (UNIT OF EICHER LTD),BULET-350CC,ROYAL ENFIELD
ROYAL-ENFIELD (UNIT OF EICHER LTD),THUNDERBIRD 350 UCE  BSIII,ROYAL ENFIELD
ROYAL-ENFIELD (UNIT OF EICHER LTD),BULLET 350 EFI,ROYAL ENFIELD
ROYAL ENFIELD MOTORS,BULLET X350 ES L2 BS4,ROYAL ENFIELD
ROYAL-ENFIELD (UNIT OF EICHER LTD),BULLET CLASSIC 350,ROYAL ENFIELD
ROYAL-ENFIELD (UNIT OF EICHER LTD,CLASSIC 350 EFI L2 BS6,ROYAL ENFIELD
ROYAL-ENFIELD (UNIT OF EICHER LTD),BULLET 350 CC,ROYAL ENFIELD
ROYAL-ENFIELD (UNIT OF EICHER LTD),Enfield Bullet Motor Cycle,ROYAL ENFIELD
ROYAL-ENFIELD (UNIT OF EICHER LTD),STANDARD 350CC,ROYAL ENFIELD
ROYAL-ENFIELD (UNIT OF EICHER LTD),BULLET MOTORCYCLE,ROYAL ENFIELD
ROYAL-ENFIELD (UNIT OF EICHER LTD),THUNDER BIRD 350 UCE ES BS III,ROYAL ENFIELD
ROYAL-ENFIELD (UNIT OF EICHER LTD),BULLET STANDARD,ROYAL ENFIELD
ROYAL-ENFIELD (UNIT OF EICHER LTD),CLASSIC  350,ROYAL ENFIELD
ROYAL-ENFIELD (UNIT OF EICHER LTD),BULLET 350 CC STD,ROYAL ENFIELD
ROYAL-ENFIELD (UNIT OF EICHER LTD),BULLET 350 ES EFI,ROYAL ENFIELD
ROYAL-ENFIELD (UNIT OF EICHER LTD),BULLET 350 EFI L2 BS6,ROYAL ENFIELD
ROYAL-ENFIELD (UNIT OF EICHER LTD),CLASSIC 500 UCE,ROYAL ENFIELD
ROYAL-ENFIELD (UNIT OF EICHER LTD),ENFIELD BULLET,ROYAL ENFIELD
ROYAL-ENFIELD (UNIT OF EICHER LTD),CLASSIC 350 BSIV,ROYAL ENFIELD
ROYAL-ENFIELD (UNIT OF EICHER LTD,BULLET 350 ABS,ROYAL ENFIELD
ROYAL-ENFIELD (UNIT OF EICHER LTD),HIMALAYAN ABS,ROYAL ENFIELD
ROYAL-ENFIELD (UNIT OF EICHER LTD),ROYAL ENFIELD,ROYAL ENFIELD
ROYAL-ENFIELD (UNIT OF EICHER LTD),325 CC DIESEL TAURUS,ROYAL ENFIELD
ROYAL-ENFIELD (UNIT OF EICHER LTD),ROYAL ENFIELD THUNDERBIRD,ROYAL ENFIELD
ROYAL-ENFIELD (UNIT OF EICHER LTD),THUNDERBIRD 350,ROYAL ENFIELD
ROYAL-ENFIELD (UNIT OF EICHER LTD),HIMALAYAN,ROYAL ENFIELD
ROYAL ENFIELD,BULLET  350 UCE  BSIII,ROYAL ENFIELD
ROYAL-ENFIELD (UNIT OF EICHER LTD),ELECTRA UCE 350CC,ROYAL ENFIELD
ROYAL-ENFIELD (UNIT OF EICHER LTD),BULLET THUNDER BIRD,ROYAL ENFIELD
ROYAL ENF.,CLASSIC 350 BSIV,ROYAL ENFIELD
ROYAL-ENFIELD (UNIT OF EICHER LTD),THUNDERBIRD 350 ES,ROYAL ENFIELD
ROYAL ENFIELD,INTERCEPTOR INT 650 BSIV,ROYAL ENFIELD
ROYAL-ENFIELD (UNIT OF EICHER LTD),"ROYAL-ENFIELD (UNIT OF EICHER LTD), CLASSIC 350",ROYAL ENFIELD
ROYAL-ENFIELD (UNIT OF EICHER LTD),CLASSIC 350 EFI,ROYAL ENFIELD
ROYAL-ENFIELD (UNIT OF EICHER LTD),BULLET CLASSIC 350 CC,ROYAL ENFIELD
ROYAL-ENFIELD (UNIT OF EICHER LTD),BULLET STD M/CYLCE WITH GEAR,ROYAL ENFIELD
ROYAL ENFIELD,CLASSIC-350 BSIV,ROYAL ENFIELD
ROYAL-ENFIELD (UNIT OF EICHER LTD),THUNDERBIRD 350 ABS,ROYAL ENFIELD
ROYAL-ENFIELD (UNIT OF EICHER LTD),CLASSIC 500 ABS,ROYAL ENFIELD
ROYAL-ENFIELD (UNIT OF EICHER LTD),STD,ROYAL ENFIELD
ROYAL-ENFIELD (UNIT OF EICHER LTD),THUNDERBIRD 350 X,ROYAL ENFIELD
ROYAL-ENFIELD (UNIT OF EICHER LTD),ENFIELD 200,ROYAL ENFIELD
ROYAL-ENFIELD (UNIT OF EICHER LTD),BULLET,ROYAL ENFIELD
ROYAL-ENFIELD (UNIT OF EICHER LTD),THUNDER BIRD,ROYAL ENFIELD
ROYAL-ENFIELD (UNIT OF EICHER LTD),BULET 350,ROYAL ENFIELD
ROYAL-ENFIELD (UNIT OF EICHER LTD,CLASSIC 500 MOTORCYCLE L2 BSII,ROYAL ENFIELD
ROYAL-ENFIELD (UNIT OF EICHER LTD),BULLET STD 350 CC,ROYAL ENFIELD
ROYAL-ENFIELD (UNIT OF EICHER LTD),BULLET ELECTRA UCE,ROYAL ENFIELD
ROYAL-ENFIELD (UNIT OF EICHER LTD),Enfiled bullet Std,ROYAL ENFIELD
ROYAL-ENFIELD (UNIT OF EICHER LTD),BULLET 350 BS IV,ROYAL ENFIELD
ROYAL-ENFIELD (UNIT OF EICHER LTD),CLASSIC- 350,ROYAL ENFIELD
ROYAL-ENFIELD (UNIT OF EICHER LTD),ENFIELD 500 CC,ROYAL ENFIELD
ROYAL-ENFIELD (UNIT OF EICHER LTD),CLASSIC 350 MOTORCYCLE L2 BSII,ROYAL ENFIELD
ROYAL ENFIELD,CLASSIC 350 BSIV,ROYAL ENFIELD
ROYAL-ENFIELD (UNIT OF EICHER LTD),BULLET 350 CC UCE,ROYAL ENFIELD
ROYAL-ENFIELD (UNIT OF EICHER LTD),ENFIELD BULLET STANDARD,ROYAL ENFIELD
ROYAL-ENFIELD (UNIT OF EICHER LTD),"ROYAL-ENFIELD (UNIT OF EICHER LTD), BULLET 350 CC",ROYAL ENFIELD
ROYAL-ENFIELD (UNIT OF EICHER LTD),BULLET 350CC 12V STD,ROYAL ENFIELD
ROYAL-ENFIELD (UNIT OF EICHER LTD),ENFIELD,ROYAL ENFIELD
ROYAL-ENFIELD (UNIT OF EICHER LTD),ENFIELD CLASSIC 350CC,ROYAL ENFIELD
ROYAL-ENFIELD (UNIT OF EICHER LTD),STANDARD 350,ROYAL ENFIELD
ROYAL ENFIELD,CLASSIC 500  BSIII,ROYAL ENFIELD
ROYAL-ENFIELD (UNIT OF EICHER LTD),TATA SUMO VICTA,ROYAL ENFIELD
ROYAL ENF.,CLASSIC 500 BSIV,ROYAL ENFIELD
ROYAL-ENFIELD (UNIT OF EICHER LTD),SCRAM 411,ROYAL ENFIELD
ROYAL-ENFIELD (UNIT OF EICHER LTD),THUNDERBIRD 350 BS IV,ROYAL ENFIELD
ROYAL-ENFIELD (UNIT OF EICHER LTD,ROYAL ENFIELD THUNDERBIRD 350,ROYAL ENFIELD
ROYAL-ENFIELD (UNIT OF EICHER LTD),CLASSIC 350CC,ROYAL ENFIELD
ROYAL-ENFIELD (UNIT OF EICHER LTD),STD BULLET 350 C.C,ROYAL ENFIELD
ROYAL-ENFIELD (UNIT OF EICHER LTD),CLASSIC 350 BS III,ROYAL ENFIELD
ROYAL-ENFIELD (UNIT OF EICHER LTD),ENFIELD DIESEL,ROYAL ENFIELD
ROYAL-ENFIELD (UNIT OF EICHER LTD),BULLET 350CC,ROYAL ENFIELD
ROYAL-ENFIELD (UNIT OF EICHER LTD),BULLET 350 ABS,ROYAL ENFIELD
ROYAL-ENFIELD (UNIT OF EICHER LTD,METEOR 350,ROYAL ENFIELD
ROYAL-ENFIELD (UNIT OF EICHER LTD),BULLET CLASSIC 350 UCE,ROYAL ENFIELD
ROYAL-ENFIELD (UNIT OF EICHER LTD),BULLET 500 CC,ROYAL ENFIELD
ROYAL-ENFIELD (UNIT OF EICHER LTD),BULLET TRIALS 350,ROYAL ENFIELD
ROYAL-ENFIELD (UNIT OF EICHER LTD),BULLET X 350 ES,ROYAL ENFIELD
ROYAL-ENFIELD (UNIT OF EICHER LTD,HUNTER 350,ROYAL ENFIELD
ROYAL-ENFIELD (UNIT OF EICHER LTD),BULLET THUNDERBIRD-350 UCE-ES,ROYAL ENFIELD
ROYAL-ENFIELD (UNIT OF EICHER LTD),Not Available,ROYAL ENFIELD
ROYAL-ENFIELD (UNIT OF EICHER LTD),MACHISMO A 350 / SUPER BULLET,ROYAL ENFIELD
ROYAL-ENFIELD (UNIT OF EICHER LTD),SIGNALS 350,ROYAL ENFIELD
ROYAL-ENFIELD (UNIT OF EICHER LTD),M/CYCLE BULLET STD,ROYAL ENFIELD
ROYAL-ENFIELD (UNIT OF EICHER LTD),"BULLET 350 CC 12V, STD",ROYAL ENFIELD
ROYAL-ENFIELD (UNIT OF EICHER LTD),CLASSIC 350 (SILVER) BS IV,ROYAL ENFIELD
ROYAL-ENFIELD (UNIT OF EICHER LTD),ENFIELD 350,ROYAL ENFIELD
ROYAL ENFIELD MOTORS,"BULLET 350 CC 12V, STD",ROYAL ENFIELD
ROYAL-ENFIELD (UNIT OF EICHER LTD),CLASSIC 500,ROYAL ENFIELD
ROYAL-ENFIELD (UNIT OF EICHER LTD,ENFIELD BULLET,ROYAL ENFIELD
ROYAL-ENFIELD (UNIT OF EICHER LTD),ELECTRA 5S 350,ROYAL ENFIELD
ROYAL-ENFIELD (UNIT OF EICHER LTD),CLASSIC   350,ROYAL ENFIELD
ROYAL ENFIELD,BULLET 350 EFI BSVI,ROYAL ENFIELD
ROYAL ENF.,"ROYAL ENF., CLASSIC 350 EFI L2 BS6",ROYAL ENFIELD
ROYAL-ENFIELD (UNIT OF EICHER LTD),ENFIELD EXPLORER,ROYAL ENFIELD
ROYAL ENFIELD,CLASSIC  350 UCE  BSIII,ROYAL ENFIELD
ROYAL-ENFIELD (UNIT OF EICHER LTD,DATSUN GO PLUS T,ROYAL ENFIELD
ROYAL-ENFIELD (UNIT OF EICHER LTD),BULLET 350KS ABS L2 BS4,ROYAL ENFIELD
ROYAL-ENFIELD (UNIT OF EICHER LTD,THUNDER BIRD 350CC,ROYAL ENFIELD
ROYAL ENFIELD,HIMALAYAN - ABS BSIV,ROYAL ENFIELD
ROYAL ENFIELD,CLASSIC 350 BSVI-PH2,ROYAL ENFIELD
ROYAL-ENFIELD (UNIT OF EICHER LTD),STANDARD BULLET,ROYAL ENFIELD
ROYAL-ENFIELD (UNIT OF EICHER LTD),BULLET ELECTRA 350 UCE,ROYAL ENFIELD
ROYAL-ENFIELD (UNIT OF EICHER LTD),CLASSIC  350 UCE  BSIII,ROYAL ENFIELD
ROYAL ENFIELD,THUNDERBIRD 350 X BSIV,ROYAL ENFIELD
ROYAL-ENFIELD (UNIT OF EICHER LTD,CLASSIC 500,ROYAL ENFIELD
ROYAL-ENFIELD (UNIT OF EICHER LTD),ELECTRA,ROYAL ENFIELD
ROYAL ENFIELD,CLASSIC 350,ROYAL ENFIELD
ROYAL ENFIELD,METEOR 350 BSVI,ROYAL ENFIELD
ROYAL-ENFIELD (UNIT OF EICHER LTD,BULLET,ROYAL ENFIELD
ROYAL-ENFIELD (UNIT OF EICHER LTD),THUNDER BIRD 350,ROYAL ENFIELD
ROYAL-ENFIELD (UNIT OF EICHER LTD,BULLET 350,ROYAL ENFIELD
Royal-Enfield (Unit of Eicher Ltd),BULLET 350-ES,ROYAL ENFIELD
ROYAL-ENFIELD (UNIT OF EICHER LTD),"BULLET CLASSIC  350, BS-III",ROYAL ENFIELD
ROYAL-ENFIELD (UNIT OF EICHER LTD),BULLET STANDARD M/CYCLE,ROYAL ENFIELD
ROYAL-ENFIELD (UNIT OF EICHER LTD),BULLET ELECTRA 350 UCE ES,ROYAL ENFIELD
ROYAL-ENFIELD (UNIT OF EICHER LTD),BULLET UCE,ROYAL ENFIELD
ROYAL-ENFIELD (UNIT OF EICHER LTD),STANDARD UCE,ROYAL ENFIELD
ROYAL-ENFIELD (UNIT OF EICHER LTD,CLASSIC 350 BS IV,ROYAL ENFIELD
ROYAL ENF.,"ROYAL ENF., METEOR 350 BS6",ROYAL ENFIELD
ROYAL-ENFIELD (UNIT OF EICHER LTD,THUNDERBIRD 350,ROYAL ENFIELD
ROYAL ENFIELD,BULLET ELECTRA 350 UCE ES BSIII,ROYAL ENFIELD
ROYAL-ENFIELD (UNIT OF EICHER LTD),BULLET CLASSIC 350 BS III,ROYAL ENFIELD
ROYAL-ENFIELD (UNIT OF EICHER LTD,BULLET 350CC,ROYAL ENFIELD
ROYAL-ENFIELD (UNIT OF EICHER LTD),LIGHTNING 535,ROYAL ENFIELD
ROYAL-ENFIELD (UNIT OF EICHER LTD),CLASSIC 350,ROYAL ENFIELD
ROYAL-ENFIELD (UNIT OF EICHER LTD),THUNDER BIRD UCE,ROYAL ENFIELD
Royal-Enfield (Unit of Eicher Ltd),METEOR 350,ROYAL ENFIELD
ROYAL-ENFIELD (UNIT OF EICHER LTD),BULLET STD 350M/CYLCE WITH GEA,ROYAL ENFIELD
ROYAL-ENFIELD (UNIT OF EICHER LTD),METEOR 350,ROYAL ENFIELD
ROYAL-ENFIELD (UNIT OF EICHER LTD),ELECTRA 5S,ROYAL ENFIELD
ROYAL-ENFIELD (UNIT OF EICHER LTD),ROYAL ENFIELD CLASSIC,ROYAL ENFIELD
ROYAL-ENFIELD (UNIT OF EICHER LTD),STD 350,ROYAL ENFIELD
ROYAL-ENFIELD (UNIT OF EICHER LTD),BULLET STD 350 UCE,ROYAL ENFIELD
ROYAL-ENFIELD (UNIT OF EICHER LTD),BULLET 350 ES BSIV,ROYAL ENFIELD
ROYAL ENFIELD MOTORS,BULLET 350 EFI L2 BS6,ROYAL ENFIELD
ROYAL-ENFIELD (UNIT OF EICHER LTD),M/CYCLE BULLET,ROYAL ENFIELD
ROYAL-ENFIELD (UNIT OF EICHER LTD),"ROYAL-ENFIELD (UNIT OF EICHER LTD), CLASSIC 350 ABS",ROYAL ENFIELD
ROYAL-ENFIELD (UNIT OF EICHER LTD),BULLET CLASSIC,ROYAL ENFIELD
ROYAL-ENFIELD (UNIT OF EICHER LTD),THUNDERBIRD 350-ES,ROYAL ENFIELD
ROYAL-ENFIELD (UNIT OF EICHER LTD),ROYAL ENFIELD CLASSIC 350CC,ROYAL ENFIELD
ROYAL-ENFIELD (UNIT OF EICHER LTD),standard 350cc,ROYAL ENFIELD
ROYAL-ENFIELD (UNIT OF EICHER LTD),CONTINENTAL GT 650,ROYAL ENFIELD
ROYAL-ENFIELD (UNIT OF EICHER LTD),"BULLET 350 UCE, BS-III",ROYAL ENFIELD
ROYAL-ENFIELD (UNIT OF EICHER LTD,BULLET ELECTRA,ROYAL ENFIELD
ROYAL-ENFIELD (UNIT OF EICHER LTD),ENFIELD 350 CC,ROYAL ENFIELD
ROYAL ENFIELD,CLASSIC 350 ABS BSIV,ROYAL ENFIELD
ROYAL-ENFIELD (UNIT OF EICHER LTD),BULLET 350 BSIV,ROYAL ENFIELD
ROYAL-ENFIELD (UNIT OF EICHER LTD),CLASSIC 350 CC,ROYAL ENFIELD
ROYAL-ENFIELD (UNIT OF EICHER LTD),THUNDER BIRD 350 X BS IV,ROYAL ENFIELD
ROYAL-ENFIELD (UNIT OF EICHER LTD),BULLET ELECTRA 350,ROYAL ENFIELD
ROYAL-ENFIELD (UNIT OF EICHER LTD,CONTINENTAL GT 650,ROYAL ENFIELD
ROYAL-ENFIELD (UNIT OF EICHER LTD),BULLET 350 STANDARD,ROYAL ENFIELD
ROYAL-ENFIELD (UNIT OF EICHER LTD),BULLET CLASIC 350,ROYAL ENFIELD
ROYAL-ENFIELD (UNIT OF EICHER LTD),BULIET CLASIC,ROYAL ENFIELD
ROYAL-ENFIELD (UNIT OF EICHER LTD,10,ROYAL ENFIELD
ROYAL-ENFIELD (UNIT OF EICHER LTD),ROYAL ENFIELD STD,ROYAL ENFIELD
ROYAL-ENFIELD (UNIT OF EICHER LTD),CLASSIS 350,ROYAL ENFIELD
ROYAL-ENFIELD (UNIT OF EICHER LTD,BULLET CLASSIC 350,ROYAL ENFIELD
ROYAL-ENFIELD (UNIT OF EICHER LTD,THUNDER BIRD 350 UCE BS IV,ROYAL ENFIELD
ROYAL ENFIELD MOTORS,CLASSIC 350J1 L2 BS6,ROYAL ENFIELD
ROYAL ENFIELD,THUNDERBIRD 350 BSIV,ROYAL ENFIELD
ROYAL-ENFIELD (UNIT OF EICHER LTD),MARUTI OMNI,ROYAL ENFIELD
ROYAL-ENFIELD (UNIT OF EICHER LTD),"ROYAL-ENFIELD (UNIT OF EICHER LTD), BULLET 350 EFI",ROYAL ENFIELD
ROYAL-ENFIELD (UNIT OF EICHER LTD),ELECTRA 4S,ROYAL ENFIELD
ROYAL-ENFIELD (UNIT OF EICHER LTD),ROYAL ENFIELD CLASSIC 350,ROYAL ENFIELD
ROYAL-ENFIELD (UNIT OF EICHER LTD),CLASSIC 500 UCE ES,ROYAL ENFIELD
ROYAL-ENFIELD (UNIT OF EICHER LTD),CLASSIC 350J1 L2 BS6,ROYAL ENFIELD
ROYAL-ENFIELD (UNIT OF EICHER LTD),HIMALAYAN EFI L2 BS6,ROYAL ENFIELD
ROYAL-ENFIELD (UNIT OF EICHER LTD),CLASSIC 350 ,ROYAL ENFIELD
ROYAL-ENFIELD (UNIT OF EICHER LTD),ROY. ENF. BULLET CLASSIC 500CC,ROYAL ENFIELD
ROYAL-ENFIELD (UNIT OF EICHER LTD),BULLET X 350,ROYAL ENFIELD
ROYAL ENFIELD,CLASSIC X 350 BSIV,ROYAL ENFIELD
ROYAL-ENFIELD (UNIT OF EICHER LTD),BULLET 350 BLACK,ROYAL ENFIELD
ROYAL-ENFIELD (UNIT OF EICHER LTD),HUNTER 350,ROYAL ENFIELD
ROYAL-ENFIELD (UNIT OF EICHER LTD),BULLET 350 UCE,ROYAL ENFIELD
ROYAL-ENFIELD (UNIT OF EICHER LTD),CLASSIC 350 MCYCLE L2,ROYAL ENFIELD
ROYAL ENFIELD,BULLET ELECTRA 350 UCE ES BSII,ROYAL ENFIELD
ROYAL-ENFIELD (UNIT OF EICHER LTD),CLASSIC 350 UCE,ROYAL ENFIELD
ROYAL-ENFIELD (UNIT OF EICHER LTD),BULLET DELUX,ROYAL ENFIELD
ROYAL-ENFIELD (UNIT OF EICHER LTD,CLASSIC 350,ROYAL ENFIELD
ROYAL-ENFIELD (UNIT OF EICHER LTD),BULLET CLASSIC 350CC,ROYAL ENFIELD
ROYAL-ENFIELD (UNIT OF EICHER LTD),BULLET 350 STD,ROYAL ENFIELD
ROYAL-ENFIELD (UNIT OF EICHER LTD,THUNDERBIRD 350X BS4,ROYAL ENFIELD
ROYAL-ENFIELD (UNIT OF EICHER LTD,CLASSIC 350 ABS,ROYAL ENFIELD
ROYAL-ENFIELD (UNIT OF EICHER LTD),THUNDER BIRD 350CC,ROYAL ENFIELD
ROYAL ENFIELD,CLASSIC 350 BSVI,ROYAL ENFIELD
