rc_maker_desc,rc_maker_model,Mapped Name
SCANIA COMMERCIAL VEHICLES INDIA PVT LIMITED,EON ERA,SCANIA
SCANIA COMMERCIAL VEHICLES INDIA PVT LIMITED,SCANIA G460 6X4 ,SCANIA
SCANIA COMMERCIAL VEHICLES INDIA PVT LIMITED,SCANIA P410 8X4 R BSIII,SCANIA
SCANIA COMMERCIAL VEHICLES INDIA PVT LIMITED,METROLINK HD K4101B6X2 X4,SCANIA
SCANIA COMMERCIAL VEHICLES INDIA PVT LIMITED,SCANIA METRO LINK BUS,SCANIA
SCANIA COMMERCIAL VEHICLES INDIA PVT LIMITED,SCANIA METROLINK HD410IB6X2*4,SCANIA
SCANIA COMMERCIAL VEHICLES INDIA PVT LIMITED,SCANIA G460 6X4,SCANIA
SCANIA COMMERCIAL VEHICLES INDIA PVT LIMITED,SCANIA METROLINK BS-III,SCANIA
SCANIA COMMERCIAL VEHICLES INDIA PVT LIMITED,SCANIA METROLINK LTD BS-III,SCANIA
Scania Commercial Vehicles India Pvt Limited,Scania G 500 Xt 8x4 Heavy,SCANIA
SCANIA COMMERCIAL VEHICLES INDIA PVT LIMITED,SCANIA P 410 8X4 TIPPER TRUCK,SCANIA
SCANIA COMMERCIAL VEHICLES INDIA PVT LIMITED,SCANIA G 500 XT 8X4 HEAVY,SCANIA
SCANIA COMMERCIAL VEHICLES INDIA PVT LIMITED,SCANIA  METROLINK 13.7/BSIV,SCANIA
SCANIA COMMERCIAL VEHICLES INDIA PVT LIMITED,SCANIA METROLINK HD360IB6X2*4 ,SCANIA
SCANIA COMMERCIAL VEHICLES INDIA PVT LIMITED,S METRO LINK HD400 IB BS3,SCANIA
SCANIA COMMERCIAL VEHICLES INDIA PVT LIMITED,G460-6X4,SCANIA
SCANIA COMMERCIAL VEHICLES INDIA PVT LIMITED,SCANIA METRO LINK LTD,SCANIA
SCANIA COMMERCIAL VEHICLES INDIA PVT LIMITED,SCANIA G310 6X2,SCANIA
SCANIA COMMERCIAL VEHICLES INDIA PVT LIMITED,SCANIA P410 8X4 TIPPER,SCANIA
SCANIA COMMERCIAL VEHICLES INDIA PVT LIMITED,METRO LINK HD K310 IB 4X2 BS4,SCANIA
SCANIA COMMERCIAL VEHICLES INDIA PVT LIMITED,SCANIA METRO LINK BS-III,SCANIA
SCANIA COMMERCIAL VEHICLES INDIA PVT LIMITED,S METRO LINK HD 400 IB,SCANIA
SCANIA COMMERCIAL VEHICLES INDIA PVT LIMITED,R 500,SCANIA
SCANIA COMMERCIAL VEHICLES INDIA PVT LIMITED,METROLINK HD K410 IB6X2 4,SCANIA
SCANIA COMMERCIAL VEHICLES INDIA PVT LIMITED,SCANIA P410 8X4,SCANIA
SCANIA COMMERCIAL VEHICLES INDIA PVT LIMITED,SCANIA METRO LINK,SCANIA
SCANIA COMMERCIAL VEHICLES INDIA PVT LIMITED,SCANIA P440 8X4 R 48,SCANIA
SCANIA COMMERCIAL VEHICLES INDIA PVT LIMITED,SCANIA G500 6X4 PULLERTRACTOR,SCANIA
SCANIA COMMERCIAL VEHICLES INDIA PVT LIMITED,SCANIA METRO LINK HD 410,SCANIA
SCANIA COMMERCIAL VEHICLES INDIA PVT LIMITED,SCANIA METROLINK HD 360 IB,SCANIA
SCANIA COMMERCIAL VEHICLES INDIA PVT LIMITED,SCANIA METRO LINK HD 360 IB,SCANIA
SCANIA COMMERCIAL VEHICLES INDIA PVT LIMITED,SCANIA P440 8X4 TIPPER,SCANIA
SCANIA COMMERCIAL VEHICLES INDIA PVT LIMITED,METRO LINKHD 410IB 14.5 2X2 50,SCANIA
