rc_maker_desc,rc_maker_model,Mapped Name
M/S SML ISUZU LIMITED,SAMRAT GS 4240 HSD 17F 10.7 BSVI-PH2,SML ISUZU
M/S SML ISUZU LIMITED,SARTAJ 3335 WV26S D SCHOOL BUS 27 STR BSVI,SML ISUZU
M/S SML ISUZU LIMITED,EXECUTIVE LX 5100 XTAC BUS 28,SML ISUZU
SML ISUZU,SARTAJ 5252XM SHD CRGBOX BS4,SML ISUZU
M/S SML ISUZU LIMITED,PRESTIGE 3335 WT50 D SCHOOL BU,SML ISUZU
M/S SML ISUZU LIMITED,SUPREME 4760 ZT54E DELWB SCHOO,SML ISUZU
M/S SML ISUZU LIMITED,EXECUTIVE LX 5100 XT AC BUS 26 RECLINING BSVI,SML ISUZU
M/S SML ISUZU LIMITED,SAMRAT BH53 4240 SCHOOL BUS 43,SML ISUZU
M/S SML ISUZU LIMITED,SAMRAT BH53 5100 SCHOOL BUS 53 STR BSVI,SML ISUZU
M/S SML ISUZU LIMITED,SARTAJ GS 3335 HG 72 HSD 14F BSVI,SML ISUZU
M/S SML ISUZU LIMITED,SARTAJ 3335 WV26S D SCHOOL BUS,SML ISUZU
M/S SML ISUZU LIMITED,S7 5100 SCHOOL BUS 39 SEATER B,SML ISUZU
M/S SML ISUZU LIMITED,SARTAJ 3335 WV26S D SCHOOL BUS 27 STR BSVI-PH2,SML ISUZU
M/S SML ISUZU LIMITED,EXECUTIVE 2815 BUS 13 SEATER BSVI-PH2,SML ISUZU
M/S SML ISUZU LIMITED,S7 3335 SCHOOL BUS 33 SEATER BSVI,SML ISUZU
M/S SML ISUZU LIMITED,EXECUTIVE 2815 BUS 13 SEATER B,SML ISUZU
M/S SML ISUZU LIMITED,S7 5100 SCHOOL BUS 52+1 SEATER,SML ISUZU
M/S SML ISUZU LIMITED,SAMRAT GS 4760 HSD 21F 10.7 BSVI-PH2,SML ISUZU
M/S SML ISUZU LIMITED,S7 3335 SCHOOL BUS 33 SEATER B,SML ISUZU
M/S SML ISUZU LIMITED,SUPREME 4760 ZT54E DELWB SCHOOL BUS 40STR BSVI-PH2,SML ISUZU
M/S SML ISUZU LIMITED,S7 5100 SCHOOL BUS 53 SEATER B,SML ISUZU
M/S SML ISUZU LIMITED,SAMRAT GS 4240 HSD 19F 10.7 BSVI-PH2,SML ISUZU
M/S SML ISUZU LIMITED,S7 5100 SCHOOL BUS 52+1 SEATER BSVI-PH2,SML ISUZU
M/S SML ISUZU LIMITED,SUPREME 4240 ZT54E DLWB SCHOOL BUS 33 STR BSVI-PH2,SML ISUZU
M/S SML ISUZU LIMITED,S7 4240 SCHOOL BUS 43 SEATER BSVI-PH2,SML ISUZU
SML ISUZU,SARTAJ 5252 XM TIPPER BSIII,SML ISUZU
M/S SML ISUZU LIMITED,EXECUTIVE LX 4240 BUS RECLININ,SML ISUZU
M/S SML ISUZU LIMITED,SUPREME 4760 ZT54E DELWB SCHOOL BUS 47 STR BSVI,SML ISUZU
M/S SML ISUZU LIMITED,S7 5100 SCHOOL BUS 53 SEATER BSVI,SML ISUZU
M/S SML ISUZU LIMITED,EXECUTIVE LX 4240 AC BUS 22 STR RECLINING BSVI-PH2,SML ISUZU
M/S SML ISUZU LIMITED,S7 4240 SCHOOL BUS 43 SEATER B,SML ISUZU
M/S SML ISUZU LIMITED,EXECUTIVE LX 5100 XTAC BUS 28 STR RECLINI BSVI-PH2,SML ISUZU
M/S SML ISUZU LIMITED,SUPREME 4760 ZT54E DELWB SCHOOL BUS 40 BSVI,SML ISUZU
M/S SML ISUZU LIMITED,EXECUTIVE LX 4240 AC BUS 22 ST,SML ISUZU
M/S SML ISUZU LIMITED,SUPREME 4240 ZT54E DLWB SCHOOL BUS 42 STR BSVI-PH2,SML ISUZU
M/S SML ISUZU LIMITED,HIROI FOH BUS 5300 WB 62+1 STD SEAT BSVI,SML ISUZU
M/S SML ISUZU LIMITED,SARTAJ GS 3335 HG 72 HSD 14F BSVI-PH2,SML ISUZU
M/S SML ISUZU LIMITED,S7 4240 SCHOOL BUS 43 SEATER BSVI,SML ISUZU
