rc_maker_desc,rc_maker_model,Mapped Name
SUZUKI MOTORCYCLE INDIA PVT LTD,SUZUKI ACCESS 125 SCOOTER,SUZUKI
SUZUKI MOTORCYCLE INDIA PVT LTD,DZIRE VDI,SUZUKI
SUZUKI MOTORCYCLE INDIA PVT LTD,MARUTI RITZ VXI BS IV,SUZUKI
SUZUKI MOTORCYCLE INDIA PVT LTD,ACCESS 125 DISC(ALLOY WHEEL),SUZUKI
SUZUKI MOTORCYCLE INDIA PVT LTD,SUZUKI ACCESS 125 BS III,SUZUKI
SUZUKI MOTORCYCLE INDIA PVT LTD,V-STROM SX,SUZUKI
SUZUKI MOTORCYCLE INDIA PVT LTD,"LET,S",SUZUKI
SUZUKI MOTORCYCLE INDIA PVT LTD,MARUTI 800 MPI AC,SUZUKI
SUZUKI MOTORCYCLE INDIA PVT LTD,SLINGH SHOT PLUS DRUM,SUZUKI
SUZUKI MOTORCYCLE INDIA PVT LTD,TATA INDIGO LS,SUZUKI
SUZUKI MOTORCYCLE INDIA PVT LTD,ACCESS 125 DRUM BT(ALLOY WHEEL,SUZUKI
SUZUKI MOTORCYCLE INDIA PVT LTD,LGV ,SUZUKI
SUZUKI MOTORCYCLE INDIA PVT LTD,GIXXER SF ABS,SUZUKI
SUZUKI MOTORCYCLE INDIA PVT LTD,WAGON R VXI,SUZUKI
SUZUKI MOTORCYCLE INDIA PVT LTD,GS150R,SUZUKI
SUZUKI MOTORCYCLE I PVT LTD,ZEUS,SUZUKI
SUZUKI MOTORCYCLE INDIA PVT LTD,UZ125,SUZUKI
SUZUKI MOTORCYCLE INDIA PVT LTD,BURGMAN STREET BSIV,SUZUKI
SUZUKI MOTORCYCLE INDIA PVT LTD,ACCESS 125 DISC BT  (ALLOY WHE,SUZUKI
SUZUKI MOTORCYCLE INDIA PVT LTD,SUZUKI ACESS UZ125,SUZUKI
SUZUKI MOTORCYCLE INDIA PVT LTD,SUZUKI GIXXER,SUZUKI
SUZUKI MOTORCYCLE INDIA PVT LTD,OTHERS,SUZUKI
SUZUKI MOTORCYCLE INDIA PVT LTD,SUZUKI SLINGSHOT BS III,SUZUKI
SUZUKI MOTORCYCLE I PVT LTD,ACCESS125 DISC BTALYWHL L2 BS6,SUZUKI
SUZUKI MOTORCYCLE I PVT LTD,BURGMAN STREET BT L2 BS6,SUZUKI
SUZUKI MOTORCYCLE INDIA PVT LTD,MARUTI ALTO STD BS III,SUZUKI
SUZUKI MOTORCYCLE INDIA PVT LTD,ALTO K10 LXI,SUZUKI
SUZUKI MOTORCYCLE INDIA PVT LTD,BURGMAN STREET BSVI,SUZUKI
SUZUKI MOTORCYCLE INDIA PVT LTD,SUZUKI SWISH SCOOTER,SUZUKI
SUZUKI MOTORCYCLE INDIA PVT LTD,SUZUKI ACCESS 125,SUZUKI
SUZUKI MOTORCYCLE INDIA PVT LTD,ACCESS125 DISC SE,SUZUKI
SUZUKI MOTORCYCLE INDIA PVT LTD,MARUTI SWIFT VDI BS III,SUZUKI
SUZUKI MOTORCYCLE INDIA PVT LTD,U Z 125,SUZUKI
SUZUKI MOTORCYCLE INDIA PVT LTD,ACCESS125 DISC BTALYWHL L2 BS6,SUZUKI
SUZUKI MOTORCYCLE INDIA PVT LTD,MARUTI ALTO LXI ,SUZUKI
SUZUKI MOTORCYCLE INDIA PVT LTD,MARUTHI SWIFT,SUZUKI
SUZUKI MOTORCYCLE INDIA PVT LTD,SUZUKI SWISH,SUZUKI
SUZUKI MOTORCYCLE INDIA PVT LTD,MARUTI SWIFT DZIRE VDI BS III,SUZUKI
SUZUKI MOTORCYCLE INDIA PVT LTD,SWISH BS III,SUZUKI
SUZUKI MOTORCYCLE (I) PVT LTD,ACCESS 125 DISC BT  (ALLOY WHE,SUZUKI
SUZUKI MOTORCYCLE INDIA PVT LTD,MARUTI 800 MPI BS III AC,SUZUKI
SUZUKI MOTORCYCLE INDIA PVT LTD,INTRUDER FI,SUZUKI
SUZUKI MOTORCYCLE (I) PVT LTD,HAYATE (KICK ELECTRIC STARTER)BSIII,SUZUKI
SUZUKI MOTORCYCLE INDIA PVT LTD,INDICA XETA GLS,SUZUKI
SUZUKI MOTORCYCLE INDIA PVT LTD,GIXXERSF,SUZUKI
SUZUKI MOTORCYCLE INDIA PVT LTD,ACCESS 125 DRMSHTMTL L2 BS6,SUZUKI
SUZUKI MOTORCYCLE (I) PVT LTD,ACCESS 125 DRUM (SHEET METAL W,SUZUKI
SUZUKI MOTORCYCLE INDIA PVT LTD,TATA INDIGO LX,SUZUKI
SUZUKI MOTORCYCLE INDIA PVT LTD,SWISH 125,SUZUKI
SUZUKI MOTORCYCLE INDIA PVT LTD,INTRUDER,SUZUKI
SUZUKI MOTORCYCLE INDIA PVT LTD,ACCESS 125,SUZUKI
SUZUKI MOTORCYCLE INDIA PVT LTD,SWISH 125CC,SUZUKI
SUZUKI MOTORCYCLE INDIA PVT LTD,HAYATE (GE110D),SUZUKI
SUZUKI MOTORCYCLE INDIA PVT LTD,TATA INDICA GLX,SUZUKI
SUZUKI MOTORCYCLE (I) PVT LTD,BURGMAN STREET BSVI,SUZUKI
SUZUKI MOTORCYCLE INDIA PVT LTD,SUZUKI GS 150 R,SUZUKI
SUZUKI MOTORCYCLE INDIA PVT LTD,MARUTI SWIFT DZIRE VXI BS III,SUZUKI
SUZUKI MOTORCYCLE INDIA PVT LTD,SWIFT VXI,SUZUKI
SUZUKI MOTORCYCLE INDIA PVT LTD,GIXXER SF,SUZUKI
SUZUKI MOTORCYCLE INDIA PVT LTD,SWISH 2 WHEELER,SUZUKI
SUZUKI MOTORCYCLE INDIA PVT LTD,ACCESS UZ125,SUZUKI
SUZUKI MOTORCYCLE INDIA PVT LTD,TATA INDICA LSI,SUZUKI
SUZUKI MOTORCYCLE INDIA PVT LTD,ZEN ESTILO VXI,SUZUKI
SUZUKI MOTORCYCLE INDIA PVT LTD,"SUZUKI MOTORCYCLE INDIA PVT LTD, ACCESS",SUZUKI
SUZUKI MOTORCYCLE (I) PVT LTD,ACCESS 125 DRUM   (ALLOY WHEEL) BSVI,SUZUKI
SUZUKI MOTORCYCLE INDIA PVT LTD,"SUZUKI MOTORCYCLE INDIA PVT LTD, SUZUKI ACCESS 125",SUZUKI
SUZUKI MOTORCYCLE INDIA PVT LTD,SUZUKI HAYATE,SUZUKI
SUZUKI MOTORCYCLE INDIA PVT LTD,TATA INDICA DLG,SUZUKI
SUZUKI MOTORCYCLE INDIA PVT LTD,ACCESS.,SUZUKI
SUZUKI MOTORCYCLE INDIA PVT LTD,KIZASHI MT,SUZUKI
SUZUKI MOTORCYCLE (I) PVT LTD,ACCESS 125 DRUM (SHEET METAL WHEEL) BSVI,SUZUKI
SUZUKI MOTORCYCLE INDIA PVT LTD,MARUTI WAGON R VXI BS III,SUZUKI
SUZUKI MOTORCYCLE INDIA PVT LTD,GIXXER,SUZUKI
SUZUKI MOTORCYCLE INDIA PVT LTD,.,SUZUKI
SUZUKI MOTORCYCLE INDIA PVT LTD,MARUTHI SWIFT DZIRE,SUZUKI
SUZUKI MOTORCYCLE INDIA PVT LTD,ACCESS 125  DISC (ALLOY WHEEL),SUZUKI
SUZUKI MOTORCYCLE INDIA PVT LTD,BURGMAN STREET,SUZUKI
SUZUKI MOTORCYCLE INDIA PVT LTD,ACCESS 125CC,SUZUKI
SUZUKI MOTORCYCLE INDIA PVT LTD,SUMO VICTA EX,SUZUKI
SUZUKIMCY ,ACCESS125 DISC BTALYWHL L2 BS6,SUZUKI
SUZUKI MOTORCYCLE INDIA PVT LTD,SUZUKI GS 150CD,SUZUKI
SUZUKI MOTORCYCLE INDIA PVT LTD,SUZUKI NEW ACCESS 125 Z DISC C,SUZUKI
SUZUKI MOTORCYCLE INDIA PVT LTD,MARUTI ZEN LXI ESTILO BS III,SUZUKI
SUZUKI MOTORCYCLE INDIA PVT LTD,GIXXER SF FI ABS BS IV,SUZUKI
SUZUKI MOTORCYCLE INDIA PVT LTD,GS 150R,SUZUKI
SUZUKI MOTORCYCLE INDIA PVT LTD,MARUTHI SWIFT ,SUZUKI
SUZUKI MOTORCYCLE INDIA PVT LTD,A STAR VXI,SUZUKI
SUZUKI MOTORCYCLE I PVT LTD,SUZUKI ACCESS 4 STROKE,SUZUKI
SUZUKI MOTORCYCLE INDIA PVT LTD,GIXXER ABS,SUZUKI
SUZUKI MOTORCYCLE INDIA PVT LTD,MARUTI OMNI LPG STD BS3,SUZUKI
SUZUKI MOTORCYCLE INDIA PVT LTD,S ACCESS BS4 UZ125,SUZUKI
SUZUKI MOTORCYCLE (I) PVT LTD,BURGMAN STREET RC BSVI-PH2,SUZUKI
SUZUKI MOTORCYCLE INDIA PVT LTD,NEW ACCESS 125,SUZUKI
SUZUKI MOTORCYCLE INDIA PVT LTD,SLINGSHOT  BSIII,SUZUKI
SUZUKI MOTORCYCLE (I) PVT LTD,ACCESS 125 DRUM  BT  (ALLOY WH,SUZUKI
SUZUKI MOTORCYCLE INDIA PVT LTD,GIXXER SF FI-ABS BSIV,SUZUKI
SUZUKI MOTORCYCLE INDIA PVT LTD,TATA INDICA DLS,SUZUKI
SUZUKI MOTORCYCLE INDIA PVT LTD,GIXXER SF FI ABS,SUZUKI
Suzuki Motorcycle India Pvt Ltd,BURGMAN STREET,SUZUKI
SUZUKI MOTORCYCLE INDIA PVT LTD,SUZUKI HAYATE B III S HAYATE,SUZUKI
SUZUKI MOTORCYCLE INDIA PVT LTD,"SUZUKI MOTORCYCLE INDIA PVT LTD, ACCESS 125",SUZUKI
SUZUKI MOTORCYCLE INDIA PVT LTD,TATA SAFARI VX 4 x 2,SUZUKI
SUZUKI MOTORCYCLE INDIA PVT LTD,GIXXER SF 250,SUZUKI
SUZUKI MOTORCYCLE INDIA PVT LTD,Not Available,SUZUKI
SUZUKI MOTORCYCLE INDIA PVT LTD,AVENIS,SUZUKI
SUZUKI MOTORCYCLE INDIA PVT LTD,,SUZUKI
SUZUKI MOTORCYCLE INDIA PVT LTD,ALTO LXI,SUZUKI
SUZUKI MOTORCYCLE INDIA PVT LTD,MARUTI OMNI E MPI STD BS III,SUZUKI
SUZIKI MOTORCYCLE (I) PVT LTD,ACCESS-BS-II,SUZUKI
SUZUKI MOTORCYCLE INDIA PVT LTD,ACCESS 125 DRUM   (ALLOY WHEEL,SUZUKI
SUZUKI MOTORCYCLE INDIA PVT LTD,SWISH BSIII,SUZUKI
SUZUKI MOTORCYCLE INDIA PVT LTD,TATA SAFARI 4X4,SUZUKI
SUZUKI MOTORCYCLE INDIA PVT LTD,SWIFT DZIRE ZDI BS3,SUZUKI
SUZUKI MOTORCYCLE (I) PVT LTD,BURGMAN STREET BSIV,SUZUKI
SUZUKI MOTORCYCLE INDIA PVT LTD,HAYATE(KICK & ELECTRIC STARTER,SUZUKI
SUZUKI MOTORCYCLE INDIA PVT LTD,MARUTI SWIFT LDI BS III,SUZUKI
SUZUKI MOTORCYCLE INDIA PVT LTD,BURGMAN STREET BT BSVI,SUZUKI
SUZUKI MOTORCYCLE INDIA PVT LTD,SUZUKI HAYATE 110,SUZUKI
SUZUKI MOTORCYCLE INDIA PVT LTD,ACCESS 125 DISC BT (ALLOY WHEE,SUZUKI
SUZUKI MOTORCYCLE INDIA PVT LTD,"SUZUKI MOTORCYCLE INDIA PVT LTD, SCOOTER ACCESS",SUZUKI
SUZUKI MOTORCYCLE INDIA PVT LTD,AVENIS SE,SUZUKI
SUZUKI MOTORCYCLE INDIA PVT LTD,ACCESS 125 DRUM (SHEET METAL W,SUZUKI
SUZUKI MOTORCYCLE INDIA PVT LTD,TATA INDICAB,SUZUKI
SUZUKI MOTORCYCLE INDIA PVT LTD,GIXXER 150CC,SUZUKI
SUZUKI MOTORCYCLE INDIA PVT LTD,LETS,SUZUKI
SUZUKI MOTORCYCLE (I) PVT LTD,ACCESS 125 DRUM   (ALLOY WHEEL,SUZUKI
SUZUKI MOTORCYCLE INDIA PVT LTD,MARUTHI WAGON R,SUZUKI
SUZUKI MOTORCYCLE INDIA PVT LTD,GS 150 R,SUZUKI
SUZUKI MOTORCYCLE (I) PVT LTD,ACCESS 125  DISC (ALLOY WHEEL),SUZUKI
SUZUKI MOTORCYCLE I PVT LTD,HAYATE,SUZUKI
SUZUKI MOTORCYCLE INDIA PVT LTD,SLING SHOT EU,SUZUKI
SUZUKI MOTORCYCLE INDIA PVT LTD,MARUTHI OMINI,SUZUKI
SUZUKI MOTORCYCLE INDIA PVT LTD,ACCESS EH 125,SUZUKI
SUZUKI MOTORCYCLE INDIA PVT LTD,BURGMAN STREET BT,SUZUKI
SUZUKI MOTORCYCLE INDIA PVT LTD,SUZUKI ZEUS,SUZUKI
SUZUKI MOTORCYCLE INDIA PVT LTD,ACCESS 125 (NEW),SUZUKI
SUZUKI MOTORCYCLE INDIA PVT LTD,SUZUKI ACCESS BS IV(UZ 125),SUZUKI
SUZUKI MOTORCYCLE INDIA PVT LTD,TATA INDIACA DLG V2,SUZUKI
SUZUKI MOTORCYCLE INDIA PVT LTD,ACCESS Z BS4,SUZUKI
SUZUKI MOTORCYCLE INDIA PVT LTD,"SUZUKI MOTORCYCLE INDIA PVT LTD, SUZUKI HEAT",SUZUKI
SUZUKI MOTORCYCLE INDIA PVT LTD,ACCESS 125 DRUM  BT  (ALLOY WH,SUZUKI
SUZUKI MOTORCYCLE INDIA PVT LTD,SLINGSHOT,SUZUKI
SUZUKI MOTORCYCLE (I) PVT LTD,ACCESS 125 DISC SE (ALLOY WHEE,SUZUKI
SUZUKI MOTORCYCLE INDIA PVT LTD,BURGMAN STREET RC,SUZUKI
SUZUKI MOTORCYCLE INDIA PVT LTD,GIXXER- BSIII,SUZUKI
SUZUKI MOTORCYCLE INDIA PVT LTD,SUZUKI ACCESS UZ 125,SUZUKI
SUZUKI MOTORCYCLE INDIA PVT LTD,ACCESS  BSIII,SUZUKI
SUZUKI MOTORCYCLE INDIA PVT LTD,SWIFT DZIRE VXI,SUZUKI
SUZUKI MOTORCYCLE INDIA PVT LTD,SLING SHOT,SUZUKI
SUZUKI MOTORCYCLE INDIA PVT LTD,ACCESS UZ 125,SUZUKI
SUZUKI MOTORCYCLE INDIA PVT LTD,TATA 407 /31 CLB TURBO,SUZUKI
SUZUKI MOTORCYCLE INDIA PVT LTD,TATA ACE BSIII,SUZUKI
SUZUKI MOTORCYCLE INDIA PVT LTD,INDICA XETA GLX,SUZUKI
SUZUKI MOTORCYCLE INDIA PVT LTD,GS 150R BSIII,SUZUKI
SUZUKI MOTORCYCLE INDIA PVT LTD,ACCESS 125 DRUM,SUZUKI
SUZUKI MOTORCYCLE INDIA PVT LTD,SUZUKI ACCESS 125 NEW,SUZUKI
SUZUKI MOTORCYCLE INDIA PVT LTD,ACCESS 125 BS4,SUZUKI
SUZUKI MOTORCYCLE INDIA PVT LTD,ACCESS 125 BSIV,SUZUKI
SUZUKI MOTORCYCLE INDIA PVT LTD,ACCESS,SUZUKI
SUZUKI MOTORCYCLE INDIA PVT LTD,HAYATE K,SUZUKI
SUZUKI MOTORCYCLE INDIA PVT LTD,SUZUKI ACCESS,SUZUKI
SUZUKI MOTORCYCLE INDIA PVT LTD,ALTO LX,SUZUKI
SUZUKI MOTORCYCLE INDIA PVT LTD,GIXXER- BSVI,SUZUKI
SUZUKI MOTORCYCLE INDIA PVT LTD,AVENIS STD,SUZUKI
SUZUKI MOTORCYCLE INDIA PVT LTD,ACCESS Z,SUZUKI
SUZUKI MOTORCYCLE INDIA PVT LTD,SUZUKI HAYATE SELF,SUZUKI
SUZUKI MOTORCYCLE INDIA PVT LTD,ZEUS,SUZUKI
SUZUKI MOTORCYCLE INDIA PVT LTD,12,SUZUKI
SUZUKI MOTORCYCLE INDIA PVT LTD,ACCESS-BS-II,SUZUKI
SUZUKI MOTORCYCLE INDIA PVT LTD,INDICA XETA,SUZUKI
SUZUKI MOTORCYCLE INDIA PVT LTD,SUZUKI GS 150  R 471,SUZUKI
SUZUKI MOTORCYCLE INDIA PVT LTD,MARUTHI ALTO LX,SUZUKI
SUZUKI MOTORCYCLE INDIA PVT LTD,ACCESS 125  BSIV,SUZUKI
SUZUKI MOTORCYCLE INDIA PVT LTD,HAYATE,SUZUKI
SUZUKI MOTORCYCLE INDIA PVT LTD,OMNI STD LPG,SUZUKI
SUZUKI MOTORCYCLE INDIA PVT LTD,MARUTHI OMNI,SUZUKI
SUZUKI MOTORCYCLE INDIA PVT LTD,ACCESS 125 DRUM(ALLOY WHEEL),SUZUKI
SUZUKI MOTORCYCLE INDIA PVT LTD,ACCESS 125 BS IV,SUZUKI
SUZUKI MOTORCYCLE INDIA PVT LTD,SUZUKI-ACCESS 125,SUZUKI
SUZUKI MOTORCYCLE INDIA PVT LTD,MARUTI ASTAR VXI BS III,SUZUKI
SUZUKI MOTORCYCLE INDIA PVT LTD,SUZUKI SWISH 125,SUZUKI
SUZUKI MOTORCYCLE INDIA PVT LTD,MARUTI OMNI MPI STD BS III,SUZUKI
SUZUKI MOTORCYCLE INDIA PVT LTD,SUZUKI SHOGUN,SUZUKI
SUZUKI MOTORCYCLE INDIA PVT LTD,ALTO 800 LXI,SUZUKI
SUZUKI MOTORCYCLE INDIA PVT LTD,GT125XZ,SUZUKI
SUZUKI MOTORCYCLE INDIA PVT LTD,SUZUKI HEET,SUZUKI
SUZUKI MOTORCYCLE INDIA PVT LTD,SUZUKI HEAT,SUZUKI
SUZUKI MOTORCYCLE INDIA PVT LTD,ACCESS 125 DISC(ALLOY WHEEL,SUZUKI
SUZUKI MOTORCYCLE INDIA PVT LTD,OTHER,SUZUKI
SUZUKI MOTORCYCLE INDIA PVT LTD,SUZUKI ACCESS-125,SUZUKI
SUZUKI MOTORCYCLE INDIA PVT LTD,ACCESS-125 CBS BSIV,SUZUKI
SUZUKI MOTORCYCLE INDIA PVT LTD,SWIFT VDI,SUZUKI
SUZUKI MOTORCYCLE INDIA PVT LTD,SUZUKI LETS,SUZUKI
SUZUKI MOTORCYCLE INDIA PVT LTD,ACCESS 125 DISC RC(ALLOY WHEEL,SUZUKI
SUZUKI MOTORCYCLE INDIA PVT LTD,ACCESS 125 DRUM  DRUM  (ALLOY,SUZUKI
SUZUKI MOTORCYCLE INDIA PVT LTD,NEW ACCESS-DISC,SUZUKI
SUZUKI MOTORCYCLE INDIA PVT LTD,KIZASHI,SUZUKI
SUZUKI MOTORCYCLE INDIA PVT LTD,TATA INDICA DLG TC,SUZUKI
SUZUKI MOTORCYCLE INDIA PVT LTD,OMNI STD MPI,SUZUKI
SUZUKI MOTORCYCLE INDIA PVT LTD,GIXXER BSIII,SUZUKI
SUZUKI MOTORCYCLE INDIA PVT LTD,SUZUKI ACCESS 4 STROKE,SUZUKI
SUZUKI MOTORCYCLE INDIA PVT LTD,MARUTI WAGON R LXI BS III,SUZUKI
SUZUKI MOTORCYCLE INDIA PVT LTD,INDICA VISTA,SUZUKI
SUZUKI MOTORCYCLE INDIA PVT LTD,SUZUKI LETS BSIII,SUZUKI
SUZUKI MOTORCYCLE INDIA PVT LTD,HAYATE 2 WHEELER,SUZUKI
SUZUKI MOTORCYCLE INDIA PVT LTD,MARUTI RITZ  VDI BS III,SUZUKI
SUZUKI MOTORCYCLE INDIA PVT LTD,SWISH,SUZUKI
SUZUKI MOTORCYCLE INDIA PVT LTD,MARUTI OMNI E MPI STD BS3,SUZUKI
SUZUKI MOTORCYCLE INDIA PVT LTD,SUZUKI GT 125,SUZUKI
SUZUKI MOTORCYCLE INDIA PVT LTD,ACCESS 125 DISC SE (ALLOY WHEE,SUZUKI
SUZUKI MOTORCYCLE INDIA PVT LTD,ACCESS 125 DISC BT,SUZUKI
SUZUKI MOTORCYCLE INDIA PVT LTD,GS 150CD,SUZUKI
SUZUKI MOTORCYCLE INDIA PVT LTD,LETS BSIII,SUZUKI
SUZUKI MOTORCYCLE I PVT LTD,GIXXER BSIII,SUZUKI
SUZUKI MOTORCYCLE INDIA PVT LTD,MARUTI WAGON R LXI LPG BS3,SUZUKI
SUZUKI MOTORCYCLE INDIA PVT LTD,ACCESS 125 CC SCOOTER,SUZUKI
SUZUKI MOTORCYCLE INDIA PVT LTD,SUZUKI GSF  1250 S,SUZUKI
SUZUKI MOTORCYCLE INDIA PVT LTD,MARUTI A-STAR VXI BS III,SUZUKI
SUZUKI MOTORCYCLE INDIA PVT LTD,BURGMAN STREET BSVI-PH2,SUZUKI
Suzuki Motorcycle India Pvt Ltd,ACCESS 125,SUZUKI
SUZUKI MOTORCYCLE INDIA PVT LTD,INNOVA 2.5 V BSIII,SUZUKI
SUZUKI MOTORCYCLE (I) PVT LTD,BURGMAN STREET BSVI-PH2,SUZUKI
SUZUKI MOTORCYCLE INDIA PVT LTD,LET S,SUZUKI
SUZUKI MOTORCYCLE INDIA PVT LTD,ACCESS 125 NEW ,SUZUKI
SUZUKI MOTORCYCLE INDIA PVT LTD,SUZUKI GIXXER SF,SUZUKI
SUZUKI MOTORCYCLE INDIA PVT LTD,SML ISUZU SUPREME,SUZUKI
SUZUKI MOTORCYCLE INDIA PVT LTD,TATA INDIGO CS LS,SUZUKI
SUZUKI MOTORCYCLE INDIA PVT LTD,MARUTI ALTO LXI BS III,SUZUKI
SUZUKI MOTORCYCLE INDIA PVT LTD,ACCESS 125 Z DISC,SUZUKI
SUZUKI MOTORCYCLE INDIA PVT LTD,ACCESS 125  DISC (ALLOY WHEEL,SUZUKI
SUZUKI MOTORCYCLE INDIA PVT LTD,MARUTIASTARVXIBSIII,SUZUKI
SUZUKI MOTORCYCLE (I) PVT LTD,ACCESS  BSIII,SUZUKI
