rc_maker_desc,rc_maker_model,Mapped Name
TVS MOTOR COMPANY LTD,TVS XL100 HEAVY DUTY ITOUCH START BSIV,TVS
TVS MOTOR COMPANY LTD,STAR CITY 110 ES MG,TVS
TVS MOTOR COMPANY LTD,TVS JUPITER GRANDE BSIV,TVS
TVS MOTOR COMPANY LTD,TVS KING  A/R 4S LPG,TVS
TVS MOTOR COMPANY LTD,TVS KING 3 WHL AUTORIKSHAW,TVS
TVS MOTOR COMPANY LTD,OTHER,TVS
TVS MOTOR COMPANY LTD,TVS APACHE RTR 160 BSIV,TVS
TVS MOTOR COMPANY LTD,Not Available,TVS
TVS MOTOR COMPANY LTD,STAR CITY 110 MAGWEEL ES,TVS
TVS MOTOR COMPANY LTD,VICTOR GLX,TVS
TVS MOTOR COMPANY LTD,XL SUPER (HD),TVS
TVS MOTOR COMPANY LTD,TVS NTORQ 125 DISC HBS BSIV,TVS
TVS MOTOR COMPANY LTD,TVS APACHE DISK,TVS
TVS MOTOR COMPANY LTD,TVS PHOENIX 125 BSIII,TVS
TVS MOTOR COMPANY LTD,MAX 100,TVS
TVS SUZUKI LIMITED,IND SUZUKI AX 100,TVS
TVS Motor Company Ltd,TVS XL 100 HD I-TOUCH START,TVS
TVS MOTOR COMPANY LTD,TVS JUPITER ,TVS
TVS MOTOR COMPANY LTD,TVS SCOOTY ZEST,TVS
TVS MOTOR COMPANY LTD,VICTOR 110,TVS
TVS MOTOR COMPANY LTD,99,TVS
TVS MOTOR COMPANY LTD,TVS KING LS4S LGP,TVS
TVS MOTOR COMPANY LTD,TVS SUZUKI SAMURAI,TVS
TVS MOTOR COMPANY LTD,SPORT CVTI,TVS
TVS MOTOR COMPANY LTD,TVS VICTOR DRUM BREAK BS3,TVS
TVS MOTOR COMPANY LTD,XL100 HEAVYDUTY I-TOUCH L2 BS6,TVS
TVS SUZUKI LIMITED,TVS ASTRA,TVS
TVS MOTOR COMPANY LTD,JUPITER ZX (BS IV),TVS
TVS MOTOR COMPANY LTD,TVS STAR CITY BS2,TVS
TVS MOTOR COMPANY LTD,TVS XL 100 BSIV,TVS
TVS MOTOR COMPANY LTD,APACHE,TVS
TVS MOTOR COMPANY LTD,"TVS MOTOR COMPANY LTD, TVS RAIDER",TVS
TVS MOTOR COMPANY LTD,TVS JUPITER MOTORCYLE,TVS
TVS MOTOR COMPANY LTD,TVS JUPITER LE,TVS
TVS MOTOR CO. LTD.,APACHE RTR 160 BSIV L2,TVS
TVS MOTOR COMPANY LTD,TVS SPORT DURALIFE,TVS
TVS MOTOR COMPANY LTD,STAR CITY + ES BS4,TVS
TVS MOTOR COMPANY LTD,TVS S CITY 110,TVS
TVS MOTOR CO. LTD.,TVS FIERO DISC BREAK,TVS
TVS MOTOR COMPANY LTD,OTHERS,TVS
TVS MOTOR COMPANY LTD,RE TVS AUTORICKSHAW CAB,TVS
TVS MOTOR COMPANY LTD,"TVS VICTOR,M/CYCLE",TVS
TVS MOTOR COMPANY LTD,JUPITER ZX,TVS
TVS SUZUKI,TVS MAX 100 DC,TVS
TVS MOTOR CO. LTD.,TVS JUPITER BSIV,TVS
TVS MOTOR COMPANY LTD,TVS SCOOTY PEP,TVS
TVS MOTOR COMPANY LTD,TVS SUZUKI,TVS
TVS MOTOR COMPANY LTD,TVS  WEGO BSIII,TVS
TVS MOTOR COMPANY LTD,VICTOR GL,TVS
TVS MOTOR COMPANY LTD,APACHE RR 310,TVS
TVS SUZUKI LIMITED,TVS SCOOTY ES,TVS
TVS MOTOR COMPANY LTD,"TVS MOTOR COMPANY LTD, OTHERS",TVS
TVS MOTOR COMPANY LTD,APACHE - RTR,TVS
TVS MOTOR COMPANY LTD,TVS STAR CITY+ (BS IV,TVS
TVS MOTOR COMPANY LTD,TVS APACHI RTR 160 CC,TVS
TVS MOTOR COMPANY LTD,TVS KING RE4 STROKE,TVS
TVS MOTOR COMPANY LTD,"TVS MOTOR COMPANY LTD, NEW XL SUPER HD",TVS
TVS MOTOR COMPANY LTD,TVS JUPITER (BS IV,TVS
TVS MOTOR COMPANY LTD,TVS KING GS,TVS
TVS MOTOR COMPANY LTD,TVS APACHE ES DISC,TVS
TVS MOTOR COMPANY LTD,PHOENIX 125,TVS
TVS MOTOR CO. LTD.,TVS MAX 100 DLX,TVS
TVS MOTOR COMPANY LTD,APACHE RTR REF ,TVS
TVS MOTOR COMPANY LTD,TVS SCOOTY PEP+,TVS
TVS MOTOR COMPANY LTD,TVS NTORQ 125 RACE XP,TVS
TVS SUZUKI,TVS SUZUKI MAX 100 R,TVS
TVS MOTOR COMPANY LTD,STAR SPORT CVTI ES,TVS
TVS SUZUKI LIMITED,TVS SUPRA,TVS
TVS MOTOR COMPANY LTD,TVS APACHE RTR 160-BS-II,TVS
TVS MOTOR COMPANY LTD,TVS FIERO,TVS
TVS MOTOR COMPANY LTD,M/CYCLE APACHE RTR,TVS
TVS MOTOR COMPANY LTD,TVS APACHE RTR 160 4V DISC BSV,TVS
TVS MOTOR COMPANY LTD,TVS SUZUKI MAX 100,TVS
TVS SUZUKI LIMITED,TVS 50N XL,TVS
TVS MOTOR COMPANY LTD,TVS SCOOTY KS,TVS
TVS MOTOR COMPANY LTD,"TVS MOTOR COMPANY LTD, TVS SCOOTY PEP+   BSIII",TVS
TVS MOTOR COMPANY LTD,RE AUTORIKSHAW CAB,TVS
TVS MOTOR COMPANY LTD,TVS SAMURAI,TVS
TVS MOTOR COMPANY LTD,TVS STAR CITY 110 CC ES,TVS
TVS MOTOR COMPANY LTD,TVS SUZUKI AX 100,TVS
TVS SUZUKI LIMITED,TVS SUPER CHAMP,TVS
TVS MOTOR COMPANY LTD,TVS XL100 HEAVY DUTY ITOUCH ST,TVS
TVS MOTOR COMPANY LTD,MAX 100 R,TVS
TVS MOTOR COMPANY LTD,TVS NTORQ 125 XT,TVS
TVS MOTOR COMPANY LTD,TVS JUPITER ZX BSIV,TVS
TVS MOTOR COMPANY LTD,JUPITER 125 FAW DISC & REAR AW,TVS
TVS MOTOR COMPANY LTD,SUZUKI - MAX 100,TVS
TVS MOTOR CO. LTD.,STAR DLX,TVS
TVS MOTOR COMPANY LTD,TVS RAIDER BSVI,TVS
TVS MOTOR COMPANY LTD,TVS SCOOTY TEENZ,TVS
TVS MOTOR COMPANY LTD,TVS 50N XL,TVS
TVS MOTOR COMPANY LTD,TVS XL 100 COMFORT,TVS
TVS MOTOR COMPANY LTD,TVS FIERO F2,TVS
TVS MOTOR COMPANY LTD,TVS XL 100 (BS IV,TVS
TVS MOTOR COMPANY LTD,TVS-XL-SUPER HD,TVS
TVS MOTOR COMPANY LTD,APACHE RTR RR,TVS
TVS MOTOR COMPANY LTD,TVS  SCOOTY,TVS
TVS MOTOR COMPANY LTD,TVS ASTRA VMX,TVS
TVS MOTOR COMPANY LTD,TVS SHAOLIN,TVS
TVS MOTOR COMPANY LTD,TVS ZEST,TVS
TVS MOTOR COMPANY LTD,TVS NTORQ 125 DISC BS IV,TVS
TVS MOTOR COMPANY LTD,TVS APACHE RTR 200 (BS IV),TVS
TVS MOTOR COMPANY LTD,TVS SCOOTY ES,TVS
TVS MOTOR COMPANY LTD,VICTOR EDGE,TVS
TVS MOTOR COMPANY LTD,BAJAJ BOXER CT,TVS
TVS MOTOR COMPANY LTD,STAR SPORTS,TVS
TVS MOTOR COMPANY LTD,TATA INDICA VISTA,TVS
TVS MOTOR COMPANY LTD,TVS SUPERCHAMP,TVS
TVS MOTOR COMPANY LTD,TVS CHAMP 50,TVS
TVS MOTOR COMPANY LTD,TVS KING LS+ FI,TVS
TVS MOTOR COMPANY LTD,TSV MAX - R,TVS
TVS MOTOR COMPANY LTD,WEGO ES,TVS
TVS MOTOR COMPANY LTD,TVS STAR SPORTS,TVS
TVS MOTOR COMPANY LTD,20 M.T.GVW TRACTOR,TVS
TVS MOTOR COMPANY LTD,TVS SCOOTY ZEST BSIII,TVS
TVS MOTOR COMPANY LTD,TVS SPORT,TVS
TVS MOTOR COMPANY LTD,APACHE RTR 160 FR DISC,TVS
TVS MOTOR COMPANY LTD,TVS NTORQ 125 BS4,TVS
TVS MOTOR COMPANY LTD,TVS JUPTER,TVS
TVS MOTOR COMPANY LTD,XL H D,TVS
TVS MOTOR COMPANY LTD,TVS KING ZS BSIII,TVS
TVS MOTOR COMPANY LTD,TVS  WEGO,TVS
TVS MOTOR COMPANY LTD,TVS SPORT DURALIFE BSIV,TVS
TVS MOTOR COMPANY LTD,TVS STAR CITY + BSIII,TVS
TVS MOTOR COMPANY LTD,STAR CITY PLUS ES MAG WHL,TVS
TVS MOTOR COMPANY LTD,TVS XL SUPER H D,TVS
TVS MOTOR COMPANY LTD,TVS SCOOTY PEP+ BSVI,TVS
TVS MOTOR COMPANY LTD,"TVS MOTOR COMPANY LTD, TVS VICTOR (BS IV)",TVS
TVS MOTOR COMPANY LTD,TVS XLS HD,TVS
TVS SUZUKI LIMITED,TVS CHAMP,TVS
TVS MOTOR COMPANY LTD,TVS MAX 4R,TVS
TVS MOTOR COMPANY LTD,TVS RADEON BSIV BSIV,TVS
TVS MOTOR COMPANY LTD,HONDA CITY 1 5ZX MT IDTEC BS4,TVS
TVS SUZUKI LIMITED,TVS VICTOR GL,TVS
TVS MOTOR COMPANY LTD,TVS APACHE RTR 160 FD,TVS
TVS MOTOR COMPANY LTD,TVS XL 100 HD BS4,TVS
TVS MOTOR COMPANY LTD,TVS XL 100,TVS
TVS MOTOR COMPANY LTD,TVS STAR CITY 110,TVS
TVS MOTOR COMPANY LTD,TVS STAR CITY +,TVS
TVS MOTOR COMPANY LTD,RADEON FRONT DRUM L2 BS6,TVS
TVS MOTOR COMPANY LTD,TVS KING ZD 225LC,TVS
TVS Motor Company Ltd,XL100 HEAVY DUTY I-TOUCH START,TVS
TVS MOTOR COMPANY LTD,VICTA GX,TVS
TVS MOTOR COMPANY LTD,TVS SPORT DURALIFE BSIII,TVS
TVS MOTOR COMPANY LTD,"TVS XL SUPER HD, BS-III",TVS
TVS MOTOR COMPANY LTD,TVS XL 100 HEAVY DUTY I-TOUCH START BSVI,TVS
TVS MOTOR COMPANY LTD,APACHE RTR 180,TVS
TVS MOTOR COMPANY LTD,XL SUPER( HD),TVS
TVS MOTOR COMPANY LTD,XLS (HD),TVS
TVS MOTOR COMPANY LTD,APACHE RTR  B S II,TVS
TVS MOTOR COMPANY LTD,TVS RADEON DRUM BSVI,TVS
TVS MOTOR COMPANY LTD,TVS NTORQ 125 BSVI,TVS
TVS MOTOR COMPANY LTD,TVS JUPITER ZX BSVI,TVS
TVS MOTOR COMPANY LTD,STAR CITY 110 ES(MAG),TVS
TVS MOTOR COMPANY LTD,SPORT ES,TVS
TVS MOTOR COMPANY LTD,STAR SPORTS MWES,TVS
TVS Motor Company Ltd,TVS STAR CITY+ (BS IV),TVS
TVS MOTOR COMPANY LTD,"TVS MOTOR COMPANY LTD, TVS XL 100 (BS IV)",TVS
TVS MOTOR CO. LTD.,TVS STAR CITY,TVS
TVS MOTOR COMPANY LTD,TVS MAX 100 R,TVS
TVS MOTOR CO. LTD.,TVS STAR CITY PLUS,TVS
TVS MOTOR CO. LTD.,TVS MAX 100 RX,TVS
TVS MOTOR COMPANY LTD,TVS VICTOR EDGE,TVS
TVS MOTOR COMPANY LTD,TVS VICTOR (BS IV,TVS
TVS MOTOR COMPANY LTD,JUPITER ZX L2 BS6,TVS
TVS MOTOR COMPANY LTD,SUZUKU MAX 100 R,TVS
TVS MOTOR COMPANY LTD,"TVS MOTOR COMPANY LTD, TVS CHAMP 50",TVS
TVS MOTOR COMPANY LTD,TVS SUZUKI EKO 49.9CC,TVS
TVS MOTOR COMPANY LTD,TVS XL100 COMFORT I-TOUCH STAR,TVS
TVS MOTOR COMPANY LTD,TVS NTORQ 125 RACE EDITION BSVI,TVS
TVS MOTOR COMPANY LTD,"TVS MOTOR COMPANY LTD, CHAMP",TVS
TVS MOTOR COMPANY LTD,TVS IQUBEELECTRIC SMARTXONNECT,TVS
TVS MOTOR COMPANY LTD,TVS STAR CITY PLUS ES MAG,TVS
TVS MOTOR COMPANY LTD,TVS SPORT E S,TVS
TVS MOTOR COMPANY LTD,"TVS MOTOR COMPANY LTD, TVS JUPITER CLASSIC",TVS
TVS MOTOR COMPANY LTD,"TVS MOTOR COMPANY LTD, TVS JUPITER 125",TVS
TVS MOTOR COMPANY LTD,TVS XL SUPER HD,TVS
TVS MOTOR COMPANY LTD,STAR CITY ALLOY,TVS
TVS MOTOR COMPANY LTD,TVS STAR CITY+,TVS
TVS SUZUKI,"TVS SUZUKI, TVS SUZUKI FIERO ES",TVS
TVS Motor Company Ltd,TVS JUPITER (BS IV),TVS
TVS SUZUKI LIMITED,"TVS SUZUKI LIMITED, LUNA SUPER",TVS
TVS MOTOR COMPANY LTD,SCOOTY TEENS,TVS
TVS MOTOR COMPANY LTD,TVS KING ZD 225LC FI,TVS
TVS MOTOR COMPANY LTD,TVS SUZUKI KS,TVS
TVS MOTOR COMPANY LTD,TVS  PHOENIX,TVS
TVS MOTOR COMPANY LTD,TVS APACHE RTR 160 4V,TVS
TVS MOTOR CO. LTD.,CENTRA,TVS
TVS MOTOR COMPANY LTD,TVX MAX 100 DLX,TVS
TVS MOTOR CO. LTD.,APACHE RTR160 4V DRUM L2 BS6,TVS
TVS MOTOR COMPANY LTD,TVS SUZUK,TVS
TVS MOTOR COMPANY LTD,TVS APACHE RTR FI 160,TVS
TVS MOTOR COMPANY LTD,NEW VICTOR ES DRUM,TVS
TVS MOTOR COMPANY LTD,TVS STAR CITY,TVS
TVS SUZUKI LIMITED,TVS SPORT,TVS
TVS MOTOR COMPANY LTD,"TVS MOTOR COMPANY LTD, MOTORCYCLE",TVS
TVS SUZUKI LIMITED,TVS XL SUPER HEAVY DUTY,TVS
TVS MOTOR COMPANY LTD,TVS STAR DLX,TVS
TVS SUZUKI LIMITED,SUZUKI SAMURAI,TVS
TVS MOTOR COMPANY LTD,TVS IQUBE ELECTRIC S,TVS
TVS MOTOR COMPANY LTD,TVS STAR SPORT-ECONOTECH-BSII,TVS
TVS MOTOR COMPANY LTD,TVS RADEON L2 BS4,TVS
TVS MOTOR COMPANY LTD,APACHE  RTR  160 UPG,TVS
TVS Motor Company Ltd,TVS XL100 HEAVY DUTY,TVS
TVS MOTOR COMPANY LTD,TVS JUPITER CLASSIC(BSIV) DISC,TVS
TVS MOTOR COMPANY LTD,TVS VICTOR,TVS
TVS MOTOR COMPANY LTD,PHOENIX,TVS
TVS MOTOR COMPANY LTD,TVS XL 100 HEAVY DUTY I-TOUCH,TVS
TVS MOTOR COMPANY LTD,TVS XL SUPER 70CC(FITTED WITH,TVS
TVS MOTOR COMPANY LTD,TVS SCOOTY,TVS
TVS MOTOR COMPANY LTD,IND SUZUKI AX 100,TVS
TVS SUZUKI LIMITED,TVS SUZUKI,TVS
TVS MOTOR COMPANY LTD,TVSNTORQ125-SUPER SQUADEDITION,TVS
TVS MOTOR CO. LTD.,TVS FIERO,TVS
TVS MOTOR COMPANY LTD,TVS KING ZS+ (BS IV),TVS
TVS MOTOR COMPANY LTD,TVS JUPITER (BS IV),TVS
TVS SUZUKI LIMITED,TVS 50,TVS
TVS MOTOR COMPANY LTD,TVS JUPITER CLASSIC(BSIV DISC,TVS
TVS MOTOR COMPANY LTD,TVS 4 STROKE CNG STANDARD,TVS
TVS SUZUKI LIMITED,TVS XL SUPER,TVS
TVS MOTOR COMPANY LTD,JUPITER 110 CC,TVS
TVS MOTOR COMPANY LTD,TVS XL100 HEAVY DUTY I-TOUCH START BSVI-PH2,TVS
TVS MOTOR COMPANY LTD,ACESS,TVS
TVS MOTOR COMPANY LTD,T.V.S VICTOR,TVS
TVS MOTOR COMPANY LTD,68,TVS
TVS MOTOR COMPANY LTD,TVS XL,TVS
TVS MOTOR COMPANY LTD,TVS XL SUPER HEAVY DUTY BSIII,TVS
TVS MOTOR COMPANY LTD,TVS APACHE RTR 160,TVS
TVS MOTOR COMPANY LTD,TVS JIVE BSII,TVS
TVS MOTOR COMPANY LTD,TVS WEGO SCOOTERS,TVS
TVS MOTOR COMPANY LTD,JUPITOR 110,TVS
TVS MOTOR COMPANY LTD,STAR SPORT DLX,TVS
TVS MOTOR COMPANY LTD,APACHE RTR 160 BS4,TVS
TVS MOTOR COMPANY LTD,AMAZE 1 5 VX MT IDTEC BSIV,TVS
TVS MOTOR COMPANY LTD,IND-SUZUKI AX 100,TVS
TVS MOTOR COMPANY LTD,WEGO REFRESH,TVS
TVS MOTOR COMPANY LTD,TVS VICTOR MOTOR CYCLE,TVS
TVS MOTOR COMPANY LTD,4S SCOOTY PEP DLX,TVS
TVS MOTOR COMPANY LTD,IND SUZUKI,TVS
TVS MOTOR COMPANY LTD,TVS STAR CITY E.S M/,TVS
TVS MOTOR COMPANY LTD,APACHE RTR160 4V DISC L2 BS6,TVS
TVS MOTOR COMPANY LTD,TVS SCOOTY PEP (BS III),TVS
TVS MOTOR COMPANY LTD,RADEON L2 BS6,TVS
TVS MOTOR COMPANY LTD,TVS STAR CITY+ BSIV,TVS
TVS MOTOR COMPANY LTD,TVS NTORQ 125,TVS
TVS MOTOR COMPANY LTD,XL100 HEAVYDUTY KS L2 BS6,TVS
TVS MOTOR COMPANY LTD,"APACHE RTR 180, BS-III",TVS
TVS MOTOR COMPANY LTD,TVS APACHE RTR 160 (BS IV),TVS
TVS MOTOR COMPANY LTD,"TVS MOTOR COMPANY LTD, XL100 HEAVY DUTY I-TOUCH START",TVS
TVS MOTOR COMPANY LTD,STAR,TVS
TVS MOTOR COMPANY LTD,TVS STAR CITY PLUS BS III,TVS
TVS SUZUKI,SUZUKI MAX 100,TVS
TVS MOTOR COMPANY LTD,JUPITER DISC LE,TVS
TVS MOTOR COMPANY LTD,"TVS MOTOR COMPANY LTD, TVS  SCOOTY",TVS
TVS MOTOR COMPANY LTD,TVS MOPED,TVS
TVS MOTOR COMPANY LTD,STREAK,TVS
TVS MOTOR COMPANY LTD,TVS X2 SUPER HD,TVS
TVS MOTOR COMPANY LTD,TVS NTORQ SXR 125 BS IV ,TVS
TVS MOTOR COMPANY LTD,TVS JUPITER ZX,TVS
TVS MOTOR COMPANY LTD,SCOOTY PEP +,TVS
TVS MOTOR COMPANY LTD,TVS STAR SPORT,TVS
TVS MOTOR CO. LTD.,TVS STAR SPORTS,TVS
TVS MOTOR COMPANY LTD,TVS XL100 COMFORT I-TOUCHSTART,TVS
TVS MOTOR COMPANY LTD,APACHE RTR 160 BSIV L2,TVS
TVS MOTOR COMPANY LTD,APACHE R T R 160,TVS
TVS MOTOR COMPANY LTD,TVS VICTOR DRUM,TVS
TVS MOTOR COMPANY LTD,THREE WHEELAR,TVS
TVS MOTOR COMPANY LTD,"TVS MOTOR COMPANY LTD, TVS STAR CITY+",TVS
TVS MOTOR COMPANY LTD,JUPITER,TVS
TVS MOTOR COMPANY LTD,TVS JUPITER ZX INTELLIGO,TVS
TVS MOTOR COMPANY LTD,SPORT 100 ES,TVS
TVS MOTOR COMPANY LTD,TVS APACHE RTR 200 (BS IV) ABS,TVS
TVS MOTOR COMPANY LTD,STAR CITY PLUS L2 BS6,TVS
TVS MOTOR COMPANY LTD,AX 100 R DILUX,TVS
TVS MOTOR COMPANY LTD,TVS RADEON ES BSIV,TVS
TVS MOTOR COMPANY LTD,TVS ASTRA,TVS
TVS MOTOR COMPANY LTD,TVS STAR CITY+ BSIV L2,TVS
TVS MOTOR COMPANY LTD,TVS XL SUPER HEAVYDUTY(FITTEDW,TVS
TVS MOTOR COMPANY LTD,TVS VICTOR GLX 125,TVS
TVS MOTOR COMPANY LTD,TVS JIVE,TVS
TVS MOTOR COMPANY LTD,TVS APACHE RTR UPG 180,TVS
TVS MOTOR COMPANY LTD,XL  100,TVS
TVS MOTOR COMPANY LTD,"TVS MOTOR COMPANY LTD, TVS XL SUPER HD",TVS
TVS MOTOR COMPANY LTD,STAR CITY +,TVS
TVS MOTOR COMPANY LTD,TVS  STAR  CITY,TVS
TVS MOTOR COMPANY LTD,VICTOR,TVS
TVS MOTOR COMPANY LTD,TVS APACHE RTR 180,TVS
TVS MOTOR COMPANY LTD,TVS KING 4S LPG ES ECO,TVS
TVS MOTOR COMPANY LTD,TVS XT 49.9 CC,TVS
TVS MOTOR COMPANY LTD,TVS SPORT ES,TVS
TVS MOTOR COMPANY LTD,"TVS MOTOR COMPANY LTD, TVS VICTOR",TVS
TVS MOTOR COMPANY LTD,TVS RADEON,TVS
TVS MOTOR COMPANY LTD,TVS SCOOTY PEP+ BSIV,TVS
TVS MOTOR COMPANY LTD,TVS APACHE 160,TVS
TVS MOTOR COMPANY LTD,TVS XL SUPER H.D,TVS
TVS MOTOR COMPANY LTD,JIVE,TVS
TVS MOTOR COMPANY LTD,TVS MAX-100-DLX,TVS
TVS MOTOR COMPANY LTD,ZEST,TVS
TVS MOTOR COMPANY LTD,TVS JUPITER 125,TVS
TVS MOTOR COMPANY LTD,TVS SPORT ELS L2 BS6,TVS
TVS Motor Company Ltd,TVS SCOOTY PEP+ (BS IV),TVS
TVS MOTOR COMPANY LTD,MAX 100 TVS MOTORS CO LTD,TVS
TVS MOTOR COMPANY LTD,TVS STAR CITY ALLOY,TVS
TVS MOTOR COMPANY LTD,CENTRA ,TVS
TVS MOTOR COMPANY LTD,TVS STAR CITY+ (BS IV),TVS
TVS SUZUKI LIMITED,TVS XL,TVS
TVS MOTOR COMPANY LTD,TVS MAX 100 RX,TVS
TVS MOTOR COMPANY LTD,TVS STAR CITY PLUS ES,TVS
TVS MOTOR COMPANY LTD,TVS SUZUKI FIERO ES,TVS
TVS MOTOR COMPANY LTD,"TVS MOTOR COMPANY LTD, TVS SPORT CVTI",TVS
TVS MOTOR COMPANY LTD,TVS APACHE RTR 200 BSIII,TVS
TVS MOTOR COMPANY LTD,STAR CITY PLUS 110 ES MWL,TVS
TVS MOTOR COMPANY LTD,TVS STAR,TVS
TVS MOTOR COMPANY LTD,T.V.S FIERO F-2,TVS
TVS MOTOR COMPANY LTD,TVS JUPITER ZX (BS IV),TVS
TVS MOTOR COMPANY LTD,TVS VICTOR GL,TVS
TVS MOTOR COMPANY LTD,TVS XL SUPER HD MOTOR CYCLE,TVS
TVS MOTOR COMPANY LTD,TVS XL SUPER 70,TVS
TVS MOTOR COMPANY LTD,TVS XL SUPER MOPED,TVS
TVS MOTOR COMPANY LTD,TVS EKO,TVS
TVS MOTOR COMPANY LTD,TVS SCOOTY PEP  REF,TVS
TVS MOTOR COMPANY LTD,TVS VICTOR BSIII,TVS
TVS MOTOR COMPANY LTD,APACHE RTR 160 RD BS-III,TVS
TVS MOTOR COMPANY LTD,"TVS MOTOR COMPANY LTD, MAX 100 R",TVS
TVS MOTOR COMPANY LTD,SCOOTY ZEST,TVS
TVS MOTOR COMPANY LTD,TVS JUPITER,TVS
TVS MOTOR COMPANY LTD,STAR DLX,TVS
TVS MOTOR COMPANY LTD,JUPITER BS4,TVS
TVS MOTOR COMPANY LTD,TVS XL 100 HD I-TOUCH START,TVS
TVS MOTOR COMPANY LTD,TVS FLAME 125CC,TVS
TVS MOTOR COMPANY LTD,TVS APACHE RTR RR DISK,TVS
TVS MOTOR COMPANY LTD,SUZUKI SHAOLIN-5 SPEED,TVS
TVS MOTOR COMPANY LTD,SUZUKI SAMURAI,TVS
TVS MOTOR COMPANY LTD,M/CYCLE CITY ES,TVS
TVS MOTOR COMPANY LTD,WEGO BASIC REFRESH,TVS
TVS MOTOR COMPANY LTD,XL 100,TVS
TVS MOTOR COMPANY LTD,TVS STAR CITY CVTI BSIII,TVS
TVS MOTOR COMPANY LTD,SUZUKI,TVS
TVS MOTOR COMPANY LTD,TVS SPORT KLS L2 BS6,TVS
TVS MOTOR CO. LTD.,TVS STAR SPORT ECONOTECH,TVS
TVS MOTOR COMPANY LTD,SCOOTER WEGO,TVS
TVS MOTOR COMPANY LTD,TVS NEW VICTOR 110 DRUM,TVS
TVS MOTOR COMPANY LTD,TVS 50 XT,TVS
TVS MOTOR COMPANY LTD,TVS KING 4S LPG ES A/R,TVS
TVS MOTOR COMPANY LTD,M/CYCLE S.CITY,TVS
TVS MOTOR COMPANY LTD,SUZUKI MAX 100 RX,TVS
TVS MOTOR COMPANY LTD,TVS STAR CITY BSIV,TVS
TVS MOTOR COMPANY LTD,TVS SPORT DURALIFE (BS IV,TVS
TVS MOTOR COMPANY LTD,TVS KING ZX CNG,TVS
TVS MOTOR COMPANY LTD,TVS KING LS+ (BS IV),TVS
TVS MOTOR COMPANY LTD,M\cycle,TVS
TVS MOTOR COMPANY LTD,MAX R4,TVS
TVS MOTOR COMPANY LTD,SCOOTY STREAK FASHION,TVS
TVS MOTOR COMPANY LTD,TVS VICTOR GLX,TVS
TVS MOTOR COMPANY LTD,TVS JUPITER CLASSIC BSVI,TVS
TVS MOTOR COMPANY LTD,TVS KING ZS,TVS
TVS MOTOR COMPANY LTD,M/CYCLE SPORTS,TVS
TVS MOTOR COMPANY LTD,TVS STAR CITY MAG ES,TVS
TVS MOTOR COMPANY LTD,TVS APACHE RTR 200 4V BSVI,TVS
TVS MOTOR COMPANY LTD,TVS XL100 HEAVY DUTY I-TOUCH S,TVS
TVS MOTOR CO. LTD.,MAX 100 TVS MOTORS CO LTD,TVS
TVS MOTOR COMPANY LTD,SCOTTY PEP PLUS,TVS
TVS MOTOR COMPANY LTD,STAR CITY KS,TVS
TVS SUZUKI LIMITED,TVS SCOOTY W N R,TVS
TVS MOTOR COMPANY LTD,TVS WEGO BSII,TVS
TVS MOTOR COMPANY LTD,TVS APACHE 180 RTR,TVS
TVS MOTOR COMPANY LTD,"TVS MOTOR COMPANY LTD, TVS SPORT ELS",TVS
TVS MOTOR COMPANY LTD,TVS APACHE RTR 160 FI 4V ABS B,TVS
TVS MOTOR COMPANY LTD,FIERRO,TVS
TVS MOTOR COMPANY LTD,TVS JUPITER ZX (BS IV,TVS
TVS MOTOR COMPANY LTD,MAX 100 DC,TVS
TVS MOTOR COMPANY LTD,TVS RAIDER,TVS
TVS MOTOR COMPANY LTD,TVS XL 100 BSIII,TVS
TVS MOTOR COMPANY LTD,TVS FIERO DISC F2,TVS
TVS MOTOR COMPANY LTD,WEGO,TVS
TVS MOTOR COMPANY LTD,TVS JUPITER ZX  WITH M & P  BS,TVS
TVS MOTOR COMPANY LTD,TVS SPORT DURALIFE (BS IV),TVS
TVS MOTOR COMPANY LTD,TVS CENTRA,TVS
TVS MOTOR COMPANY LTD,TVS XL SUPER 70  BSIII,TVS
TVS MOTOR COMPANY LTD,TVS SUPER CHAMP,TVS
TVS MOTOR COMPANY LTD,TVS CHAMP,TVS
TVS MOTOR COMPANY LTD,"TVS APACHE RTR FI""2",TVS
TVS MOTOR COMPANY LTD,TVS STAR SPORT ECON,TVS
TVS MOTOR COMPANY LTD,TVS JUPITER BSIII,TVS
TVS MOTOR COMPANY LTD,TVS/XL/SUPER/HD,TVS
TVS MOTOR COMPANY LTD,STAR CITY,TVS
TVS MOTOR COMPANY LTD,"TVS MOTOR COMPANY LTD, TVS SCOOTY ES",TVS
TVS MOTOR COMPANY LTD,XL SUPER H.D.MOPED,TVS
TVS MOTOR COMPANY LTD,"TVS MOTOR COMPANY LTD, SUZUKI MAX 100 R",TVS
TVS MOTOR COMPANY LTD,JUPITER ZX BS4,TVS
TVS MOTOR COMPANY LTD,XL100 HEAVY DUTY I-TOUCH START,TVS
TVS MOTOR COMPANY LTD,XL SUPER I,TVS
TVS MOTOR COMPANY LTD,TVS MAX-100-R,TVS
TVS MOTOR COMPANY LTD,"TVS MOTOR COMPANY LTD, SCOOTY PEP +",TVS
TVS MOTOR CO. LTD.,TVS SPORT CVTI,TVS
TVS MOTOR COMPANY LTD,SCOOTY PEP PLUS,TVS
TVS MOTOR CO. LTD.,TVS XL SUPER,TVS
TVS MOTOR COMPANY LTD,STAR CITY 110ES,TVS
TVS MOTOR COMPANY LTD,TVS IQUBE ELECTRIC,TVS
TVS MOTOR COMPANY LTD,PEP PLUS,TVS
TVS MOTOR COMPANY LTD,VICTOR GX 110,TVS
TVS MOTOR COMPANY LTD,APACHE ES,TVS
TVS MOTOR COMPANY LTD,SPORT BS IV MAG,TVS
TVS MOTOR COMPANY LTD,"TVS MOTOR COMPANY LTD, TVS STAR CITY + BSIII",TVS
TVS MOTOR COMPANY LTD,APACHE RTR 160 BS III,TVS
TVS MOTOR COMPANY LTD,TVS APACHE RTR 180 BSIII,TVS
TVS MOTOR COMPANY LTD,APACHE-RTR-180,TVS
TVS MOTOR COMPANY LTD,"TVS MOTOR COMPANY LTD, TVS SCOOTY PEP PLUS",TVS
TVS MOTOR COMPANY LTD,"TVS WEGO, BS-III",TVS
TVS MOTOR COMPANY LTD,TVS STARCITY 110 MG ES REF,TVS
TVS MOTOR COMPANY LTD,TVS STAR CITY ESMIC,TVS
TVS MOTOR CO. LTD.,RADEON FRONT DRUM L2 BS6,TVS
TVS MOTOR COMPANY LTD,TVS VICTOR WITH DRUM BRAKE BSI,TVS
TVS MOTOR COMPANY LTD,TVS VICTOR GL 125,TVS
TVS MOTOR COMPANY LTD,"TVS MOTOR COMPANY LTD, TVS XL SUPER",TVS
TVS MOTOR COMPANY LTD,TVS CHAMP VMX,TVS
TVS MOTOR COMPANY LTD,TVS SCOOTY PEP+ (BS IV,TVS
TVS MOTOR COMPANY LTD,SAMURAI,TVS
TVS MOTOR COMPANY LTD,TVS APACHE RTR 160 NEW,TVS
TVS MOTOR COMPANY LTD,ONE SUPER XL MOPED,TVS
TVS MOTOR COMPANY LTD,TVS APACHE 200,TVS
TVS MOTOR COMPANY LTD,TVS SPORTS,TVS
TVS MOTOR COMPANY LTD,TVS SCOOTY PEP+   BSIII,TVS
TVS MOTOR COMPANY LTD,TVS APACHE RTR 180 (BS IV,TVS
TVS MOTOR COMPANY LTD,"TVS MOTOR COMPANY LTD, TVS SPORT KLS",TVS
TVS MOTOR CO. LTD.,TVS SPORT DURALIFE BSIV L2,TVS
TVS MOTOR COMPANY LTD,TVS JUPITER 125 BSVI-PH2,TVS
TVS MOTOR COMPANY LTD,TVS APACHE RTR 180 NON ABS BSIV,TVS
TVS MOTOR COMPANY LTD,SPORT C V TI B S II,TVS
TVS MOTOR COMPANY LTD,XL SUPER HD MOPED,TVS
TVS MOTOR COMPANY LTD,TVS APACHE DISC,TVS
TVS MOTOR COMPANY LTD,JUPITER ,TVS
TVS MOTOR COMPANY LTD,MAX-100,TVS
TVS MOTOR COMPANY LTD,STAR CITY MAQ,TVS
TVS MOTOR COMPANY LTD,"TVS MOTOR COMPANY LTD, TVS JUPITER (BS IV)",TVS
TVS MOTOR COMPANY LTD,TVS PHOENIX,TVS
TVS MOTOR COMPANY LTD,TVS APACHE RTR 200 4V,TVS
TVS MOTOR COMPANY LTD,NEW XL SUPER HD,TVS
TVS MOTOR COMPANY LTD,TVS XL SUPER HEAVY DUTY,TVS
TVS MOTOR COMPANY LTD,TVS NTORQ 125 RACE EDITION BSV,TVS
TVS MOTOR COMPANY LTD,TVS SCOOTY PEP + BSII,TVS
TVS MOTOR COMPANY LTD,STAR CITY 110,TVS
TVS MOTOR COMPANY LTD,TVS-SCOOTY,TVS
TVS MOTOR COMPANY LTD,STAR CITY 110 CC ES,TVS
TVS MOTOR COMPANY LTD,STAR CITY PLUS,TVS
TVS MOTOR COMPANY LTD,XL SUPER ID,TVS
TVS MOTOR COMPANY LTD,STAR SPORT,TVS
TVS MOTOR COMPANY LTD,T.V.S.SCOOTY PEP MOPPED,TVS
TVS MOTOR COMPANY LTD,XL SUPER HD,TVS
TVS MOTOR COMPANY LTD,MOTOR CYCLE WITH GEAR,TVS
TVS MOTOR COMPANY LTD,XL HD,TVS
TVS MOTOR COMPANY LTD,MOPED XL SUPER,TVS
TVS MOTOR COMPANY LTD,TVS XLHD,TVS
TVS MOTOR COMPANY LTD,TVS RONIN,TVS
TVS MOTOR COMPANY LTD,NEW VICTOR 110,TVS
TVS MOTOR COMPANY LTD,TVS SCOOTY ZEST BSIV,TVS
TVS MOTOR COMPANY LTD,TVS SPORTS ES BS III,TVS
TVS MOTOR COMPANY LTD,NOT AVAILABLE,TVS
TVS MOTOR COMPANY LTD,"TVS MOTOR COMPANY LTD, TVS NTORQ 125 RACE EDITION",TVS
TVS MOTOR COMPANY LTD,STARCITY + ES MAG WHL,TVS
TVS MOTOR COMPANY LTD,TVS STREAK,TVS
TVS MOTOR COMPANY LTD,TVS XL HD,TVS
TVS MOTOR COMPANY LTD,"TVS MOTOR COMPANY LTD, Tvs  Suzuki   Ax100 R",TVS
TVS MOTOR COMPANY LTD,TVS JIVE (BS III),TVS
TVS MOTOR COMPANY LTD,TVS WEGO (BS IV,TVS
TVS MOTOR COMPANY LTD,FIERO,TVS
TVS MOTOR COMPANY LTD,TVS KING 4SLPG,TVS
TVS MOTOR COMPANY LTD,"TVS MOTOR COMPANY LTD, TVS XL 100 HD I-TOUCH START",TVS
TVS MOTOR COMPANY LTD,TVS APACHE RTR160 4V BSIV,TVS
TVS MOTOR COMPANY LTD,TVS NTORQ 125 DISC BSIV,TVS
TVS MOTOR COMPANY LTD,TVS VICTOR (BS IV),TVS
TVS MOTOR COMPANY LTD,TVS VICTOR BSIV,TVS
TVS MOTOR COMPANY LTD,APACHE RTR 180 BS4,TVS
TVS MOTOR COMPANY LTD,MOTOR CYCLE,TVS
TVS SUZUKI LIMITED,SUZUKI MAX 100,TVS
TVS MOTOR COMPANY LTD,TVS APACHE RTR 180 (BS IV),TVS
TVS MOTOR COMPANY LTD,TVS XL 100 HEAVY DUTY I-TOUCH ,TVS
TVS MOTOR COMPANY LTD,TVS XL 100 BS IV,TVS
TVS MOTOR COMPANY LTD,TVS KING LS PLUS BSIV,TVS
TVS MOTOR COMPANY LTD,TVS Victor GL,TVS
TVS MOTOR COMPANY LTD,TVS APACHE RTR 200,TVS
TVS MOTOR COMPANY LTD,TVSJUPITER125,TVS
TVS MOTOR COMPANY LTD,TVS PHOENIX 125,TVS
TVS MOTOR COMPANY LTD,TVS APACHE RTR 160 (BS IV,TVS
TVS MOTOR COMPANY LTD,TVS SCOOTY PEP PLUS,TVS
TVS MOTOR COMPANY LTD,TVS KING,TVS
TVS MOTOR COMPANY LTD,TVS FIERO F2 DISC BRAKE,TVS
TVS MOTOR COMPANY LTD,"TVS MOTOR COMPANY LTD, TVS SPORT DURALIFE (BS IV)",TVS
TVS MOTOR COMPANY LTD,TVS SCOOTY  PEP DLX,TVS
TVS MOTOR COMPANY LTD,XL SUPER 100,TVS
TVS MOTOR COMPANY LTD,TVS APACHI ES,TVS
TVS MOTOR COMPANY LTD,TVS STAR CITY 110 KS ALL,TVS
TVS MOTOR COMPANY LTD,XL SUPER HEAVY DUTY,TVS
TVS MOTOR COMPANY LTD,TVS JUPITER BSVI,TVS
TVS MOTOR COMPANY LTD,TVS MAX 100 DLX,TVS
TVS MOTOR COMPANY LTD,TVS MAX 100,TVS
TVS MOTOR COMPANY LTD,TVS APACHE RTR 160 BSIII,TVS
TVS MOTOR COMPANY LTD,TVS VICTOR GX,TVS
TVS MOTOR COMPANY LTD,TVS XL SUPER,TVS
TVS MOTOR COMPANY LTD,TVS CITY M/W,TVS
TVS MOTOR COMPANY LTD,TVS KING LS 4S LPG,TVS
TVS MOTOR COMPANY LTD,TVS JUPITER CLASSIC,TVS
TVS MOTOR COMPANY LTD,XL-100,TVS
TVS MOTOR COMPANY LTD,TVS JUPITER BSIV,TVS
TVS MOTOR COMPANY LTD,FIERO F2,TVS
TVS MOTOR COMPANY LTD,TVS XL 100 (BS IV),TVS
TVS MOTOR COMPANY LTD,TVS SPORT CVTI ES,TVS
TVS MOTOR COMPANY LTD,STAR  CITY,TVS
TVS MOTOR COMPANY LTD,INDIGO CS LS,TVS
TVS MOTOR COMPANY LTD,XL SUPER H.D,TVS
TVS MOTOR COMPANY LTD,TVS SCOOTY PEP+ (BS IV),TVS
TVS MOTOR COMPANY LTD,TVS APACHE,TVS
TVS MOTOR COMPANY LTD,APACHE  RTR,TVS
TVS MOTOR COMPANY LTD,STAR CITY+,TVS
TVS MOTOR COMPANY LTD,EICHER MIT,TVS
TVS MOTOR COMPANY LTD,VICTOR BS2,TVS
TVS MOTOR COMPANY LTD,"TVS MOTOR COMPANY LTD, TVS CHAMP",TVS
TVS MOTOR COMPANY LTD,TVS XL 100 HEAVY DUTY BSIV,TVS
TVS MOTOR COMPANY LTD,TVS SPORT CVTI,TVS
TVS SUZUKI LIMITED,SUZUKI SHOGUN,TVS
TVS MOTOR COMPANY LTD,TVS  MAX 100,TVS
TVS MOTOR COMPANY LTD,TVS VICTOR NEW 4S,TVS
TVS MOTOR COMPANY LTD,TVS WEGO,TVS
TVS MOTOR COMPANY LTD,TVS SPORT KLS,TVS
TVS MOTOR COMPANY LTD,MAX  100,TVS
TVS MOTOR COMPANY LTD,STAR CITY KS AW 110 REF,TVS
TVS MOTOR COMPANY LTD,TVS XT,TVS
TVS MOTOR COMPANY LTD,,TVS
TVS MOTOR COMPANY LTD,SCOOTY PEP,TVS
TVS MOTOR COMPANY LTD,TVSXL SUPER HEAVY DUTY,TVS
TVS MOTOR COMPANY LTD,TVS JUPITER grande  BS4,TVS
TVS MOTOR COMPANY LTD,TVS XL SUPER BS3 MOSS GREEN,TVS
TVS MOTOR COMPANY LTD,SPORT,TVS
TVS MOTOR COMPANY LTD,VICTOR GL (U27),TVS
TVS MOTOR COMPANY LTD,"TVS MOTOR COMPANY LTD, TVS 50N XL",TVS
TVS MOTOR COMPANY LTD,VICTOR GLX 125,TVS
TVS MOTOR COMPANY LTD,TVS - XL,TVS
TVS MOTOR COMPANY LTD,"TVS MOTOR COMPANY LTD, TVS JUPITER",TVS
TVS MOTOR COMPANY LTD,T V S PHOENIX,TVS
TVS MOTOR COMPANY LTD,TVS NTORQ 125 SBT DISC,TVS
TVS MOTOR COMPANY LTD,APACHE RTR,TVS
TVS MOTOR COMPANY LTD,TVS.VICTOR G.L,TVS
TVS MOTOR COMPANY LTD,JUPITER DISC BS4,TVS
TVS MOTOR COMPANY LTD,TVS  APACHE,TVS
TVS Motor Company Ltd,TVS JUPITER,TVS
TVS MOTOR COMPANY LTD,APACHE RTR180 L2 BS6,TVS
TVS MOTOR COMPANY LTD,XL H.D.,TVS
TVS MOTOR COMPANY LTD,SCOOTY PEP DLX,TVS
TVS MOTOR COMPANY LTD,TVS NTORQ 125 RACE EDITION,TVS
TVS MOTOR COMPANY LTD,MOTORCYCLE,TVS
TVS MOTOR COMPANY LTD,VICTOR GX,TVS
TVS MOTOR COMPANY LTD,TVS APACHE RTR RR DISC,TVS
TVS MOTOR COMPANY LTD,TVS WEGO (BS IV),TVS
TVS MOTOR COMPANY LTD,TVS 50,TVS
TVS MOTOR COMPANY LTD,TVS NTORQ125 BS4 DISC,TVS
TVS MOTOR COMPANY LTD,TVS SCOOTY ZEST (BS IV,TVS
TVS MOTOR COMPANY LTD,TVS JUPITER CLASSIC DISC BSIV,TVS
TVS MOTOR COMPANY LTD,TVS RAIDER BSVI-PH2,TVS
TVS MOTOR COMPANY LTD,TVS  STAR  CITY  KS,TVS
TVS MOTOR COMPANY LTD,STARCITY 110 MG ES REF,TVS
TVS MOTOR CO. LTD.,STAR CITY PLUS L2 BS6,TVS
TVS MOTOR COMPANY LTD,TVS SPORT CVTI BSIII,TVS
TVS MOTOR COMPANY LTD,TVS  APACHE RTR 160,TVS
TVS MOTOR COMPANY LTD,TVS FIERO MOTORCYCLE,TVS
TVS MOTOR COMPANY LTD,TVS PHOENIX 125 DRUM,TVS
TVS MOTOR COMPANY LTD,TVS XL-SUPER HEAVY DUTY,TVS
TVS MOTOR COMPANY LTD,TVS KING PETROL,TVS
TVS MOTOR COMPANY LTD,TVS APACHE RTR-160,TVS
TVS MOTOR COMPANY LTD,XL SUPER 70 CC,TVS
TVS MOTOR COMPANY LTD, PEP SCOOTY,TVS
TVS MOTOR COMPANY LTD,TVS STAR  CITY,TVS
TVS MOTOR COMPANY LTD,TVS STAR CITY PLUS,TVS
TVS MOTOR COMPANY LTD,M/CYCLE APACHE,TVS
TVS MOTOR COMPANY LTD,SCOOTY,TVS
TVS MOTOR COMPANY LTD,"TVS MOTOR COMPANY LTD, TVS JUPITER CLASSIC(BSIV) DISC",TVS
TVS MOTOR COMPANY LTD,NAAAA,TVS
TVS MOTOR COMPANY LTD,INDICA V2,TVS
TVS MOTOR CO. LTD.,4 STROKE SCOOTY PEP,TVS
TVS MOTOR COMPANY LTD,STAR CITY  B S II,TVS
TVS MOTOR COMPANY LTD,SCOOTY PEP EX,TVS
TVS MOTOR COMPANY LTD,"TVS MOTOR COMPANY LTD, TVS WEGO",TVS
TVS MOTOR COMPANY LTD,TVS STAR SPORT ECONOTECH,TVS
TVS MOTOR COMPANY LTD,TVS XL HEAVY DUTY,TVS
TVS MOTOR COMPANY LTD,M/CYCLE,TVS
TVS MOTOR COMPANY LTD,"TVS MOTOR COMPANY LTD, TVS KING ZK FI",TVS
TVS MOTOR COMPANY LTD,SUZUKI FIERO RTV,TVS
TVS MOTOR COMPANY LTD,TVS 4 S,TVS
TVS SUZUKI,"TVS SUZUKI, TVS SUZUKI MAX 100 R",TVS
TVS MOTOR COMPANY LTD,SCOOTY TEENZ,TVS
TVS MOTOR COMPANY LTD,STAR CITY ES,TVS
TVS MOTOR CO. LTD.,TVS CHAMP,TVS
TVS MOTOR COMPANY LTD,APACHE RTR160 DISC L2 BS6,TVS
TVS SUZUKI LIMITED,TVS SCOOTY,TVS
TVS MOTOR COMPANY LTD,TVS XL100 COMFORT,TVS
TVS MOTOR COMPANY LTD,TVS STARCITY PLUS,TVS
TVS MOTOR COMPANY LTD,TVS SPORT ELS,TVS
TVS MOTOR COMPANY LTD,SUZUKI MAX 100,TVS
TVS MOTOR COMPANY LTD,TVS 50 XL,TVS
TVS MOTOR COMPANY LTD,TVS STAR CITY-BS-II,TVS
TVS MOTOR COMPANY LTD,APACHE RTR 160,TVS
TVS MOTOR COMPANY LTD,TVS APACHE RTR 200 BSIV,TVS
TVS MOTOR COMPANY LTD,TVS Victor Motor Cycle,TVS
TVS MOTOR COMPANY LTD,"TVS MOTOR COMPANY LTD, JUPITER",TVS
TVS MOTOR COMPANY LTD,TVS PHOENIX 125 DISC,TVS
TVS MOTOR COMPANY LTD,TVS CHAMP DLX,TVS
TVS MOTOR COMPANY LTD,TVS CHAMP 60,TVS
TVS MOTOR COMPANY LTD,MAX R,TVS
TVS MOTOR COMPANY LTD,MOPED,TVS
TVS MOTOR COMPANY LTD,SCOOTY PEP+,TVS
TVS MOTOR COMPANY LTD,TVS SCOOTY ZEST (BS IV),TVS
TVS MOTOR COMPANY LTD,TVS JUPITER GRANDE,TVS
TVS MOTOR COMPANY LTD,INDIGO CS LX,TVS
TVS MOTOR COMPANY LTD,SCOOTY PEP PLUS FASHION,TVS
TVS MOTOR COMPANY LTD,STAR CITY 110 DT MG ES,TVS
TVS MOTOR COMPANY LTD,TVS CITY,TVS
TVS MOTOR COMPANY LTD,TVS XL 100 HEAVY DUTY,TVS
TVS MOTOR COMPANY LTD,KING 25 T,TVS
TVS MOTOR COMPANY LTD,TVS XL100 HEAVY DUTY,TVS
TVS MOTOR COMPANY LTD,CHAMP,TVS
TVS MOTOR COMPANY LTD,TVS SCOOTY STREAK,TVS
TVS MOTOR COMPANY LTD,TVS APACHE RTR,TVS
TVS MOTOR COMPANY LTD,CENTRA,TVS
Tvs Motor Company Ltd,Tvs Champ,TVS
TVS SUZUKI LIMITED,SUZUKI MAX 100 RD,TVS
TVS MOTOR COMPANY LTD,TVS MAX 100 DC,TVS
TVS MOTOR COMPANY LTD,TVS SUZUKI MAX 100 R,TVS
TVS MOTOR COMPANY LTD,XL SUPER,TVS
TVS MOTOR COMPANY LTD,SUZUKI HEAT M/CYCLE 125,TVS
TVS MOTOR COMPANY LTD,TVS VICTER GX,TVS
TVS MOTOR COMPANY LTD,SUZUKI MAX 100 R,TVS
TVS MOTOR COMPANY LTD,FLAME,TVS
TVS MOTOR COMPANY LTD,KING ZS 4S CNG ES,TVS
TVS MOTOR COMPANY LTD,TVS SPORT DURALIFE BSIV L2,TVS
TVS MOTOR COMPANY LTD,APACHE RTR160 DRUM L2 BS6,TVS
TVS MOTOR COMPANY LTD,TVS SUZUKI AX-100 SUPRA,TVS
TVS MOTOR COMPANY LTD,TVSJU,TVS
TVS MOTOR COMPANY LTD,TVS STAR CITY A/W ES,TVS
TVS Motor Company Ltd,TVS VICTOR (BS IV),TVS
