rc_maker_desc,rc_maker_model,Mapped Name
"""VOLVO GROUP INDIA PVT LTD""",VOLOVO 9400 B7R BS-III,VOLVO
"""VOLVO GROUP INDIA PVT LTD""",9400 B9R 6X2 M3 BSIII,VOLVO
VOLVO CAR CORPORATION,VOLVO XC90 D5 WITH 7 SEATER,VOLVO
"""VOLVO GROUP INDIA PVT LTD""",VOLVO XC60 D3,VOLVO
"""VOLVO GROUP INDIA PVT LTD""",VOLVO XC 60  D5 BSIV,VOLVO
VOLVO AUTO INDIA PVT LTD,VOLVO V40 D3 2.0L,VOLVO
"""VOLVO GROUP INDIA PVT LTD""",VOLVO 9400 BUS BS-III,VOLVO
"""VOLVO GROUP INDIA PVT LTD""",VOLVO CAR XC60 D5 2.4L,VOLVO
VOLVO AUTO INDIA PVT LTD,VOLVO V40 D3 ( R DESIGN),VOLVO
"""VOLVO GROUP INDIA PVT LTD""",VOLVO XC 90 D5 2.0L DIESEL CBU,VOLVO
"""VOLVO GROUP INDIA PVT LTD""",VOLVO XC60 I5 2.0L 2T,VOLVO
"""VOLVO GROUP INDIA PVT LTD""",VOLVO XC60  2.4L D5 SUMMUM,VOLVO
VOLVO AUTO INDIA PVT LTD,VOLVO S90 D4 M1 BS4,VOLVO
"""VOLVO GROUP INDIA PVT LTD""",VOLVO XC60 D5 SUMMUM,VOLVO
VOLVO AUTO INDIA PVT LTD,VOLVO 9400,VOLVO
"""VOLVO GROUP INDIA PVT LTD""",S60 D4 2.0L DIESEL 2T,VOLVO
VOLVO AUTO INDIA PVT LTD,FM 4006 X4T,VOLVO
"""VOLVO GROUP INDIA PVT LTD""",VOLVO XC60,VOLVO
VOLVO AUTO INDIA PVT LTD,VOLVO XC40 RECHARGE P8,VOLVO
"""VOLVO GROUP INDIA PVT LTD""",VOLVO S 60 D5,VOLVO
VOLVO INDIA PRIVATE LIMITED,VOLVO XC90 D5 BSVI,VOLVO
VOLVO AUTO INDIA PVT LTD,VOLVO FH 520,VOLVO
"""VOLVO GROUP INDIA PVT LTD""",AL4019,VOLVO
"""VOLVO GROUP INDIA PVT LTD""",VOLVO S60 D5 FWD,VOLVO
"""VOLVO GROUP INDIA PVT LTD""",VOLVO XC 60D5,VOLVO
"""VOLVO GROUP INDIA PVT LTD""",VOLVO XC90 D5 BS IV IMPORTED,VOLVO
"""VOLVO GROUP INDIA PVT LTD""",VOLVO FM 440 (6X4) T,VOLVO
VOLVO AUTO INDIA PVT LTD,XC60 B5 MILD HYBRID ULTRA,VOLVO
"""VOLVO GROUP INDIA PVT LTD""",VOLVO FMX460 8X4E 43R TP H20.3,VOLVO
"""VOLVO GROUP INDIA PVT LTD""",SD110 VIBRATORY SOIL COMPACTOR,VOLVO
"""VOLVO GROUP INDIA PVT LTD""",VOLVO XC 90-D5(R DESIGN) BSIV,VOLVO
"""VOLVO GROUP INDIA PVT LTD""","XC60 D 4,VED4MP2.0L 181/400 ",VOLVO
VOLVO CAR CORPORATION,VOLVO XC60 D4 BSIV,VOLVO
"""VOLVO GROUP INDIA PVT LTD""",LOADER L120F,VOLVO
"""VOLVO GROUP INDIA PVT LTD""",VOLVO XC 90 D5,VOLVO
VOLVO AUTO INDIA PVT LTD,VOLVO 9400B9R,VOLVO
VOLVO CE INDIA PRIVATE LIMITED,L958H,VOLVO
VOLVO CAR CORPORATION,VOLVO XC 90 D5,VOLVO
"""VOLVO GROUP INDIA PVT LTD""",VOLVO S60 D5 SUMMUM,VOLVO
"""VOLVO GROUP INDIA PVT LTD""",WHEELED LODER LG938,VOLVO
"""VOLVO GROUP INDIA PVT LTD""",VOLVO XC90 D5 CODE 30 (7 STR)B,VOLVO
"""VOLVO GROUP INDIA PVT LTD""",V 40 CC15 2.0L,VOLVO
VOLVO AUTO INDIA PVT LTD,VOLVO S60 T4,VOLVO
VOLVO AUTO INDIA PVT LTD,XC90 B5 MILD HYBRID ULTRA,VOLVO
"""VOLVO GROUP INDIA PVT LTD""",VOLVO XC 60 D4,VOLVO
VOLVO CAR CORPORATION,VOLVO XC60-D5 BSIV,VOLVO
"""VOLVO GROUP INDIA PVT LTD""",FM 400 6 4 TRACTOR HD,VOLVO
"""VOLVO GROUP INDIA PVT LTD""",V40 CROSS COUNTRY D3 I5 2.0L,VOLVO
"""VOLVO GROUP INDIA PVT LTD""",TRA FH12-380-6X4&4X2,VOLVO
"""VOLVO GROUP INDIA PVT LTD""",VOLVO 9400 BS 3,VOLVO
"""VOLVO GROUP INDIA PVT LTD""",XC60 D5 2.4L,VOLVO
"""VOLVO GROUP INDIA PVT LTD""",VOLVO XC60 D5 BS IV,VOLVO
"""VOLVO GROUP INDIA PVT LTD""",VOLVO XC90 T8 PLUG HYBRID4SB,VOLVO
"""VOLVO GROUP INDIA PVT LTD""",XC60 2.4 L D5 INSCRIPTION,VOLVO
"""VOLVO GROUP INDIA PVT LTD""",VOLVO S60 D4 CROSS COUNTRY BS4,VOLVO
"""VOLVO GROUP INDIA PVT LTD""",FM 400 6*4 T_HD,VOLVO
"""VOLVO GROUP INDIA PVT LTD""",INTERGAL COACH,VOLVO
VOLVO AUTO INDIA PVT LTD,VOLVO XC90,VOLVO
VOLVO AUTO INDIA PVT LTD,VOLVO XC90 D5 R DESIGN,VOLVO
VOLVO AUTO INDIA PVT LTD,VOLVO S90 D4,VOLVO
"""VOLVO GROUP INDIA PVT LTD""",9400 B9R 6X2 DAC BSIII,VOLVO
Volvo Buses India Pvt Ltd,VOLVO 9400 B8R 4X2 BSIV,VOLVO
"""VOLVO GROUP INDIA PVT LTD""",VOLVO XC 40 R ,VOLVO
VOLVO AUTO INDIA PVT LTD,"VOLVO S 60 D5, 2.4 L",VOLVO
VOLVO CE INDIA PRIVATE LIMITED,VOLVO B7RLE Mark-III COMPLETE,VOLVO
VOLVO CE INDIA PRIVATE LIMITED,L946H,VOLVO
"""VOLVO GROUP INDIA PVT LTD""",VOLVO XC 90 D 15 2.4 L,VOLVO
"""VOLVO GROUP INDIA PVT LTD""",VOLVO XC90D5 2.4L,VOLVO
"""VOLVO GROUP INDIA PVT LTD""",FM 440,VOLVO
"""VOLVO GROUP INDIA PVT LTD""",FM 400 6X4 T,VOLVO
"""VOLVO GROUP INDIA PVT LTD""",WHEELED LOADER LG958L,VOLVO
"""VOLVO GROUP INDIA PVT LTD""",VOLVO XC60 2.4L BSIV,VOLVO
"""VOLVO GROUP INDIA PVT LTD""",PRO 8049 H,VOLVO
VOLVO AUTO INDIA PVT LTD,VOLVO V40 CROSS COUNTRY D3,VOLVO
"""VOLVO GROUP INDIA PVT LTD""",VOLVO XC 90 D5 HP 2.0L BS IV,VOLVO
VOLVO INDIA PRIVATE LIMITED,VOLVO XC60 D5 BSVI,VOLVO
"""VOLVO GROUP INDIA PVT LTD""",VOLVO FM 400 6X4,VOLVO
VOLVO CAR CORPORATION,VOLVO XC 60 D4 (R DESIGN) BSIV,VOLVO
VOLVO AUTO INDIA PVT LTD,VOVLO S60 D4,VOLVO
VOLVO AUTO INDIA PVT LTD,VOLVO XC40 T4 BS6,VOLVO
"""VOLVO GROUP INDIA PVT LTD""",FM9 300 8X4 TIPPER TRUCK,VOLVO
"""VOLVO GROUP INDIA PVT LTD""",VOLVO XC60D4 BSIV,VOLVO
"""VOLVO GROUP INDIA PVT LTD""",VOLVO S 60.2.0,VOLVO
"""VOLVO GROUP INDIA PVT LTD""",FM460(6X4T PULLER BSIV ISHIFT,VOLVO
"""VOLVO GROUP INDIA PVT LTD""",GRADER G930,VOLVO
VOLVO CAR CORPORATION,VOLVO XC90 T8 (PLUG IN HYBRID),VOLVO
"""VOLVO GROUP INDIA PVT LTD""",VOLVO S 60D5,VOLVO
"""VOLVO GROUP INDIA PVT LTD""",VOLVO XC60 D4 K BS4,VOLVO
VOLVO CE INDIA PRIVATE LIMITED,L933H,VOLVO
"""VOLVO GROUP INDIA PVT LTD""",VOLVO FM9 340X4,VOLVO
VOLVO BUSES INDIA PVT LTD,VOLVO 9400 B11R 6X2-47S CS+LH-MT,VOLVO
"""VOLVO GROUP INDIA PVT LTD""",VOLVO XC 60 D5,VOLVO
"""VOLVO GROUP INDIA PVT LTD""",VOLVO 9400 B7R 4X2 MARK III,VOLVO
"""VOLVO GROUP INDIA PVT LTD""",VOLVO 9400 B7R BS III,VOLVO
"""VOLVO GROUP INDIA PVT LTD""",VOLVO 9400 B8R 4X2 BSIV,VOLVO
"""VOLVO GROUP INDIA PVT LTD""",VOLVO S-60 D4 2.0L,VOLVO
"""VOLVO GROUP INDIA PVT LTD""","""VOLVO GROUP INDIA PVT LTD"", VOLVO SD 110 COMPACTOR",VOLVO
"""VOLVO GROUP INDIA PVT LTD""",VOLVO BUS B7R,VOLVO
"""VOLVO GROUP INDIA PVT LTD""",VOLVO V40 03,VOLVO
"""VOLVO GROUP INDIA PVT LTD""",TIPPER,VOLVO
VOLVO CAR CORPORATION,VOLVO-XC60-D5-BSIV,VOLVO
VOLVO CE INDIA PRIVATE LIMITED,SD110C,VOLVO
"""VOLVO GROUP INDIA PVT LTD""",VOLVO XC60D4 2.0 LITRE,VOLVO
"""VOLVO GROUP INDIA PVT LTD""",FH 520 6*4,VOLVO
"""VOLVO GROUP INDIA PVT LTD""","VOLVO XC 40 D4 R Design, BS IV",VOLVO
"""VOLVO GROUP INDIA PVT LTD""",FM 400 8X4 R BSIII,VOLVO
"""VOLVO GROUP INDIA PVT LTD""",VOLVO S 60,VOLVO
"""VOLVO GROUP INDIA PVT LTD""",VOLVO S60 D3,VOLVO
VOLVO AUTO INDIA PVT LTD,VOLVO V90 CC D5,VOLVO
"""VOLVO GROUP INDIA PVT LTD""",FH 520 64,VOLVO
"""VOLVO GROUP INDIA PVT LTD""",VOLVO S60 D4  2.0 L AUTOMATIC,VOLVO
"""VOLVO GROUP INDIA PVT LTD""",VOLVO S 80 D5,VOLVO
"""VOLVO GROUP INDIA PVT LTD""",VOLVO XC 90D5,VOLVO
"""VOLVO GROUP INDIA PVT LTD""",VOLVO XC60 2.0L,VOLVO
"""VOLVO GROUP INDIA PVT LTD""",VOLVO FM 500 (6X4) T PULLER,VOLVO
"""VOLVO GROUP INDIA PVT LTD""",VOLVO XC 90 D5 CODE 30,VOLVO
VOLVO CAR CORPORATION,VOLVO S80 D5 BSIV,VOLVO
"""VOLVO GROUP INDIA PVT LTD""",FH 520 6X4,VOLVO
"""VOLVO GROUP INDIA PVT LTD""",VOLVO XC60 D4 2.OL,VOLVO
"""VOLVO GROUP INDIA PVT LTD""",VOLVO FMX460 8X4 43RTP H1 20.3,VOLVO
"""VOLVO GROUP INDIA PVT LTD""",VOLVO V40 CC 2.0,VOLVO
"""VOLVO GROUP INDIA PVT LTD""",XC60VED4 MP 2.0L 181/400,VOLVO
VOLVO CAR CORPORATION,VOLVO S60 D5 BSIV,VOLVO
"""VOLVO GROUP INDIA PVT LTD""",FM 400 6*4 TRACTOR (HD),VOLVO
"""VOLVO GROUP INDIA PVT LTD""",S60 D4 SUMMUM CBU,VOLVO
"""VOLVO GROUP INDIA PVT LTD""",VOLVO V40 D3,VOLVO
"""VOLVO GROUP INDIA PVT LTD""",VOLVO B7R 4X2,VOLVO
"""VOLVO GROUP INDIA PVT LTD""",VOLKSWAGEN,VOLVO
VOLVO INDIA LTD.,VOLVO V90,VOLVO
"""VOLVO GROUP INDIA PVT LTD""",V 40 CROSS COUNTRY D3 BSIV,VOLVO
"""VOLVO GROUP INDIA PVT LTD""",V 40 CROSS COUNTRY  D3,VOLVO
Volvo Buses India Pvt Ltd,VOLVO 9400 B8R 4X2,VOLVO
"""VOLVO GROUP INDIA PVT LTD""",VOLVO S60 D5,VOLVO
"""VOLVO GROUP INDIA PVT LTD""",FM460(6X4)T PULLER BSIV ISHIFT,VOLVO
VOLVO AUTO INDIA PVT LTD,VOLVO FM 400,VOLVO
"""VOLVO GROUP INDIA PVT LTD""",FM 400 6X4,VOLVO
VOLVO AUTO INDIA PVT LTD,XC90 T8(PLUG IN HYBRID (4S,VOLVO
VOLVO INDIA PRIVATE LIMITED,FMX 440 8X4 R_43  BSIII,VOLVO
"""VOLVO GROUP INDIA PVT LTD""",VOLVO 9400 BUS B7R MARK III,VOLVO
"""VOLVO GROUP INDIA PVT LTD""",FM12 380,VOLVO
"""VOLVO GROUP INDIA PVT LTD""",VOLVO XC90 T8(PLUG IN HYBRID) ,VOLVO
"""VOLVO GROUP INDIA PVT LTD""",VW VENTO 1.5 TDI,VOLVO
"""VOLVO GROUP INDIA PVT LTD""",VOLVO S 80 D3 2.0L,VOLVO
"""VOLVO GROUP INDIA PVT LTD""",VOLVO XC60 D 4 VEDA MP 2.0L,VOLVO
"""VOLVO GROUP INDIA PVT LTD""",VOLVO 9400 B7R BUS BS III,VOLVO
"""VOLVO GROUP INDIA PVT LTD""",VOLVO S60 D4 BS IV,VOLVO
"""VOLVO GROUP INDIA PVT LTD""",VOLVO 9400 B7R 4X2,VOLVO
VOLVO AUTO INDIA PVT LTD,VOLVO XC60 B5,VOLVO
"""VOLVO GROUP INDIA PVT LTD""",Volvo XC60 D4,VOLVO
"""VOLVO GROUP INDIA PVT LTD""",B7R,VOLVO
"""VOLVO GROUP INDIA PVT LTD""",FMX 460 8X4 19.5 CUM,VOLVO
VOLVO AUTO INDIA PVT LTD,VOLVO C40 RECHARGE E80,VOLVO
"""VOLVO GROUP INDIA PVT LTD""","VOLVO S90 D4 Inscription, BS I",VOLVO
"""VOLVO GROUP INDIA PVT LTD""",VOLVO SD110BA COMPACTOR,VOLVO
VOLVO AUTO INDIA PVT LTD,FMX4408X4R 43,VOLVO
"""VOLVO GROUP INDIA PVT LTD""",VOLVO XC90 D5,VOLVO
VOLVO CAR CORPORATION,VOLVO XC90 D5 GVW2750 BSIV,VOLVO
VOLVO AUTO INDIA PVT LTD,VOLVO XC90 B6,VOLVO
"""VOLVO GROUP INDIA PVT LTD""",VOLVO XC 60 D5 SUMMUM,VOLVO
"""VOLVO GROUP INDIA PVT LTD""",FM 400 64 THD,VOLVO
"""VOLVO GROUP INDIA PVT LTD""",VOLVO 9400 BUS BUILT ON B9R6 2,VOLVO
"""VOLVO GROUP INDIA PVT LTD""",VOLVO XC60 D5,VOLVO
"""VOLVO GROUP INDIA PVT LTD""","VOLVO XC 90 D5, BS IV",VOLVO
"""VOLVO GROUP INDIA PVT LTD""",VOLVO S 60 D4,VOLVO
"""VOLVO GROUP INDIA PVT LTD""",XC 90 D 5,VOLVO
VOLVO CE INDIA PRIVATE LIMITED,SD 110,VOLVO
VOLVO CAR CORPORATION,VOLVO S60-D4 CROSS-COUNTRY BSI,VOLVO
"""VOLVO GROUP INDIA PVT LTD""",VOLVO XC 60 D4 BSIV,VOLVO
VOLVO AUTO INDIA PVT LTD,VOLVO S60 2.0L D4,VOLVO
"""VOLVO GROUP INDIA PVT LTD""",VOLVO S 60POLESTAR AWD BSIV,VOLVO
"""VOLVO GROUP INDIA PVT LTD""",TRACTOR FM12 380 6X4,VOLVO
"""VOLVO GROUP INDIA PVT LTD""",VOLVO XC60 2.0 KINETIC D4,VOLVO
VOLVO CAR CORPORATION,VOLVO V40 CROSS COUNTRY D3 WB2,VOLVO
"""VOLVO GROUP INDIA PVT LTD""",VOLVO FH 12G-340-4X2,VOLVO
"""VOLVO GROUP INDIA PVT LTD""",VOLVO S 60 D4 Summum,VOLVO
VOLVO CAR CORPORATION,VOLVO V40 D3 (R DESIGN) WB2646,VOLVO
"""VOLVO GROUP INDIA PVT LTD""",VOLVO XC 40 BS IV,VOLVO
"""VOLVO GROUP INDIA PVT LTD""",VOLVO S60 D4 (R SIGN),VOLVO
"""VOLVO GROUP INDIA PVT LTD""",VOLVO S 80 D5 BS IV,VOLVO
"""VOLVO GROUP INDIA PVT LTD""",VOLVO S60 T6 2.0 L ,VOLVO
"""VOLVO GROUP INDIA PVT LTD""",VOLVO XC 60 D3,VOLVO
VOLVO CAR CORPORATION,V 40 CROSS COUNTRY D3 BSIV,VOLVO
"""VOLVO GROUP INDIA PVT LTD""",9100 B7R 4X2 MARK III,VOLVO
"""VOLVO GROUP INDIA PVT LTD""",VOLVO XC60 D4 BSIV,VOLVO
"""VOLVO GROUP INDIA PVT LTD""",VOLVO S60 R DESIGN,VOLVO
VOLVO CAR CORPORATION,VOLVO XC 60 D3 BSIV,VOLVO
"""VOLVO GROUP INDIA PVT LTD""",VOLVO S 60 D4 BSIV,VOLVO
VOLVO AUTO INDIA PVT LTD,VOLVO XC40 T4,VOLVO
"""VOLVO GROUP INDIA PVT LTD""",VOLVO XC90 T8(PLUG IN HYBRID),VOLVO
"""VOLVO GROUP INDIA PVT LTD""",VOLVO S60 D5 2.4 L,VOLVO
VOLVO AUTO INDIA PVT LTD,VOLVO S90D4,VOLVO
"""VOLVO GROUP INDIA PVT LTD""",VOLVO S60 D4 SUMMUM,VOLVO
VOLVO AUTO INDIA PVT LTD,VOLVO S90 B5,VOLVO
VOLVO CAR CORPORATION,VOLVO S60 D4 BSIV,VOLVO
"""VOLVO GROUP INDIA PVT LTD""",FMX 440 (8X4)R_43 ISHIFT,VOLVO
VOLVO INDIA PRIVATE LIMITED,FMX 440 8X4R_43 BSIII,VOLVO
"""VOLVO GROUP INDIA PVT LTD""",FMX 440 (8X4) R_43 ISHIFT,VOLVO
VOLVO AUTO INDIA PVT LTD,VOLVO S60 D4,VOLVO
"""VOLVO GROUP INDIA PVT LTD""",FMX440 8X4 R 43,VOLVO
"""VOLVO GROUP INDIA PVT LTD""",PT220RH ROLLER,VOLVO
"""VOLVO GROUP INDIA PVT LTD""",VOLVO XC90D5 2.4 BS IV,VOLVO
"""VOLVO GROUP INDIA PVT LTD""",S 60 D4 SUMMUM (CBU),VOLVO
"""VOLVO GROUP INDIA PVT LTD""",XC60 D5,VOLVO
"""VOLVO GROUP INDIA PVT LTD""",V40  D3,VOLVO
"""VOLVO GROUP INDIA PVT LTD""",VOLVO XC60 D4,VOLVO
"""VOLVO GROUP INDIA PVT LTD""",VOLVO 9400 BUS BUI B7R MA III,VOLVO
"""VOLVO GROUP INDIA PVT LTD""",VOLVO XC90 D5 2.4L,VOLVO
VOLVO AUTO INDIA PVT LTD,VOLVO V90 CC D5 M1 BS4,VOLVO
VOLVO AUTO INDIA PVT LTD,FMX 440,VOLVO
"""VOLVO GROUP INDIA PVT LTD""","VOLVO XC 60-D5, BS IV",VOLVO
VOLVO CE INDIA PRIVATE LIMITED,L946,VOLVO
"""VOLVO GROUP INDIA PVT LTD""",VOLVO 9400 BTR BS-III,VOLVO
VOLVO CAR CORPORATION,VOLVO XC 60  D5 BSIV,VOLVO
"""VOLVO GROUP INDIA PVT LTD""",VOLVO XC60 D4 BS IV,VOLVO
"""VOLVO GROUP INDIA PVT LTD""",VOLVO FM12 380,VOLVO
VOLVO CE INDIA PRIVATE LIMITED,DD90C,VOLVO
"""VOLVO GROUP INDIA PVT LTD""",VOLVO S60 D5 S,VOLVO
VOLVO AUTO INDIA PVT LTD,VOLVO V40 D3,VOLVO
VOLVO CE INDIA PRIVATE LIMITED,SD110BA,VOLVO
"""VOLVO GROUP INDIA PVT LTD""",VOLVO S60 D5  2.4 L AUTOMATIC,VOLVO
"""VOLVO GROUP INDIA PVT LTD""",VOLVO S80 D5 2.4 LITRE,VOLVO
VOLVO INDIA PRIVATE LIMITED,FMX 440 8X4R_46 BSIII,VOLVO
"""VOLVO GROUP INDIA PVT LTD""",FM 12 380,VOLVO
"""VOLVO GROUP INDIA PVT LTD""",VOLVO S 60  BS IV,VOLVO
VOLVO AUTO INDIA PVT LTD,VOLVO S60 2.0 L D4,VOLVO
"""VOLVO GROUP INDIA PVT LTD""",VOLVO FM 420 4X2 35 T,VOLVO
"""VOLVO GROUP INDIA PVT LTD""",VOLVO V40 CROSS COU D3,VOLVO
VOLVO AUTO INDIA PVT LTD,VOLVO S60 D4 CROSS COUNTRY,VOLVO
"""VOLVO GROUP INDIA PVT LTD""",VOLVO XC60 D5 BS6,VOLVO
"""VOLVO GROUP INDIA PVT LTD""",S60D3KINETIC(CBU)BS4,VOLVO
"""VOLVO GROUP INDIA PVT LTD""",TRACTOR TRAILOR,VOLVO
VOLVO CE INDIA PRIVATE LIMITED,G9138,VOLVO
"""VOLVO GROUP INDIA PVT LTD""",VOLVO XC 60 D4 SUMMUM,VOLVO
VOLVO INDIA PRIVATE LIMITED,FMX 440 8X4 R_43 BSIII,VOLVO
"""VOLVO GROUP INDIA PVT LTD""",VOLVO S90 D4 BSIV,VOLVO
"""VOLVO GROUP INDIA PVT LTD""",VOLVO B7R,VOLVO
VOLVO AUTO INDIA PVT LTD,VOLVO XC90 D5,VOLVO
"""VOLVO GROUP INDIA PVT LTD""",V40 CROSS COUNTRY D3,VOLVO
VOLVO AUTO INDIA PVT LTD,VOLVO XC60 D4,VOLVO
"""VOLVO GROUP INDIA PVT LTD""",VOLVO V40 CROSS COUNTRY D3,VOLVO
VOLVO CAR CORPORATION,VOLVO V40 D3 WB2646 BSIV,VOLVO
"""VOLVO GROUP INDIA PVT LTD""",VOLVO 9400BUS,VOLVO
"""VOLVO GROUP INDIA PVT LTD""",,VOLVO
"""VOLVO GROUP INDIA PVT LTD""",VOLVO S-60 D5 2.4L,VOLVO
"""VOLVO GROUP INDIA PVT LTD""",SD 110,VOLVO
"""VOLVO GROUP INDIA PVT LTD""",EICHER PRO8031TL20CSLPCTIBBS,VOLVO
VOLVO CAR CORPORATION,VOLVO-S60-D4 BSIV,VOLVO
VOLVO CAR CORPORATION,VOLVO S60 D3 BSIV,VOLVO
VOLVO AUTO INDIA PVT LTD,"VOLVO AUTO INDIA PVT LTD, VOLVO XC40 RECHARGE P8",VOLVO
VOLVO CAR CORPORATION,VOLVO XC 60 D4 BSIV,VOLVO
"""VOLVO GROUP INDIA PVT LTD""",FH 520 6X4 T,VOLVO
"""VOLVO GROUP INDIA PVT LTD""",FMX440 8X4 R-43 WITH LOAD BODY,VOLVO
"""VOLVO GROUP INDIA PVT LTD""",FM400,VOLVO
"""VOLVO GROUP INDIA PVT LTD""","VOLVO S,60,D4SUMMUM",VOLVO
"""VOLVO GROUP INDIA PVT LTD""",VOLVO  9400  BS-III,VOLVO
"""VOLVO GROUP INDIA PVT LTD""",VOLVO XC 90 D5 BS-IV,VOLVO
"""VOLVO GROUP INDIA PVT LTD""",VOLVO S60 D4,VOLVO
"""VOLVO GROUP INDIA PVT LTD""",VOLVO FM 400,VOLVO
"""VOLVO GROUP INDIA PVT LTD""",VOLOVO FM 420,VOLVO
VOLVO CAR CORPORATION,VOLVO V90 CC D5 BSIV,VOLVO
"""VOLVO GROUP INDIA PVT LTD""",VOLVO XC90,VOLVO
"""VOLVO GROUP INDIA PVT LTD""",S60 D4 KINETIC,VOLVO
VOLVO CE INDIA PRIVATE LIMITED,PT220,VOLVO
"""VOLVO GROUP INDIA PVT LTD""",G 9138 MOTORGRADER WITH CABIN,VOLVO
"""VOLVO GROUP INDIA PVT LTD""",VOLVO MODEL SD 110,VOLVO
"""VOLVO GROUP INDIA PVT LTD""",VOLVO XC 60 D5 BSIV,VOLVO
"""VOLVO GROUP INDIA PVT LTD""",VOLVO,VOLVO
"""VOLVO GROUP INDIA PVT LTD""",FH 520 6*4 TRACTOR PUL,VOLVO
"""VOLVO GROUP INDIA PVT LTD""",VOLVO XC 60 D5 IMPORTED MODEL,VOLVO
"""VOLVO GROUP INDIA PVT LTD""",WHEEL LOADER L120F,VOLVO
VOLVO CAR CORPORATION,VOLVOXC40 D4 BSIV,VOLVO
"""VOLVO GROUP INDIA PVT LTD""",VOLVO FM-400,VOLVO
"""VOLVO GROUP INDIA PVT LTD""",FMX 440 8X4,VOLVO
"""VOLVO GROUP INDIA PVT LTD""",VOLVO 9400 B7R BS-III,VOLVO
"""VOLVO GROUP INDIA PVT LTD""",VOLVO S60 T6,VOLVO
"""VOLVO GROUP INDIA PVT LTD""",VOLVO 9400 B11R 1 SHIFT BSIII,VOLVO
"""VOLVO GROUP INDIA PVT LTD""",XC 60 D5 2.4,VOLVO
"""VOLVO GROUP INDIA PVT LTD""",B7R MARK BSIII,VOLVO
"""VOLVO GROUP INDIA PVT LTD""",VOLVO S90 D4 2.0 L,VOLVO
VOLVO AUTO INDIA PVT LTD,VOLVO S90 D4 BS6,VOLVO
"""VOLVO GROUP INDIA PVT LTD""",VOLVO S60 2.0 L D4,VOLVO
"""VOLVO GROUP INDIA PVT LTD""",VOLVO 9400 B11R 6X2 14.5M BSIV,VOLVO
"""VOLVO GROUP INDIA PVT LTD""",VOLVO XC60 D3 2.0 L BS IV,VOLVO
VOLVO AUTO INDIA PVT LTD,VOLVO XC 90 D5 2.0L,VOLVO
"""VOLVO GROUP INDIA PVT LTD""",VOLVO V40,VOLVO
VOLVO INDIA PRIVATE LIMITED,EICHER PRO 8025T H 16CUMSLPCAB  ROCK BODY BSIII,VOLVO
"""VOLVO GROUP INDIA PVT LTD""",VOLVO S 60 D5 5 SEATER BS IV,VOLVO
VOLVO AUTO INDIA PVT LTD,VOLVO S60 D4 M1 BS4,VOLVO
"""VOLVO GROUP INDIA PVT LTD""",V40 D3,VOLVO
"""VOLVO GROUP INDIA PVT LTD""",VOLVO S60 D5 5 SEATER BS IV,VOLVO
"""VOLVO GROUP INDIA PVT LTD""",S60 D4 BSIV,VOLVO
VOLVO AUTO INDIA PVT LTD,VOLVO XC 90 - T8,VOLVO
VOLVO AUTO INDIA PVT LTD,VOLVO XC40 RECHARGE TWIN MOTOR,VOLVO
"""VOLVO GROUP INDIA PVT LTD""",VOLVO 9400 B9R 6X2,VOLVO
VOLVO AUTO INDIA PVT LTD,VOLVO V90CC D5,VOLVO
"""VOLVO GROUP INDIA PVT LTD""",VOLVO 9400 B9R,VOLVO
VOLVO CAR CORPORATION,VOLVO-XC-90-D5 BSIV,VOLVO
"""VOLVO GROUP INDIA PVT LTD""",VOLVO V40 CROSS COUNTRY T4,VOLVO
"""VOLVO GROUP INDIA PVT LTD""",VOLVO S60 2.0 L D4 MOMENTUM,VOLVO
"""VOLVO GROUP INDIA PVT LTD""",787251010 PRO 8031 T,VOLVO
"""VOLVO GROUP INDIA PVT LTD""",VOLVO BUS B7R MARK III,VOLVO
"""VOLVO GROUP INDIA PVT LTD""",VOLVO S60 D5 BS4,VOLVO
"""VOLVO GROUP INDIA PVT LTD""",FMX460,VOLVO
"""VOLVO GROUP INDIA PVT LTD""",VOLVO S 60 D5 BSIII,VOLVO
VOLVO AUTO INDIA PVT LTD,VOLVO XC40,VOLVO
"""VOLVO GROUP INDIA PVT LTD""",VOLVO XC 90,VOLVO
"""VOLVO GROUP INDIA PVT LTD""","VOLVO 8400 BUS, BS-III",VOLVO
"""VOLVO GROUP INDIA PVT LTD""",S60 D4 SUMMUM DIESEL,VOLVO
"""VOLVO GROUP INDIA PVT LTD""",VOLVO FM420 4X2E 35T_55,VOLVO
VOLVO AUTO INDIA PVT LTD,VOLVO S60 POLESTAR AWD,VOLVO
"""VOLVO GROUP INDIA PVT LTD""",FM 400 6X4 TR LTR,VOLVO
"""VOLVO GROUP INDIA PVT LTD""",FM 400 6/4 TRACTOR HD BSIII,VOLVO
VOLVO AUTO INDIA PVT LTD,XC90 T8(PLUG IN HYBRID) (4S),VOLVO
"""VOLVO GROUP INDIA PVT LTD""",TRACTOR FH12-340-6X4 AND 4X2,VOLVO
"""VOLVO GROUP INDIA PVT LTD""",VOLVO S60 D4 R,VOLVO
"""VOLVO GROUP INDIA PVT LTD""",VOLVO XC60 2.0 L,VOLVO
VOLVO CAR CORPORATION,VOLVO S60-D4 BSIV,VOLVO
"""VOLVO GROUP INDIA PVT LTD""",FM 400 6  4 T HD,VOLVO
VOLVO CAR CORPORATION,VOLVO XC90 D5 CODE 30 (7 STR)B,VOLVO
"""VOLVO GROUP INDIA PVT LTD""",VOLVO S60 D4 KINETIC,VOLVO
"""VOLVO GROUP INDIA PVT LTD""",VOLVOCAR S 60,VOLVO
"""VOLVO GROUP INDIA PVT LTD""",FH 520 6X4 TRACTOR PULLER,VOLVO
"""VOLVO GROUP INDIA PVT LTD""",POLO HIGHLINE 1.2,VOLVO
"""VOLVO GROUP INDIA PVT LTD""","FMX 460 8X4,43WB 20.3 CUM HYVA",VOLVO
VOLVO AUTO INDIA PVT LTD,VOLVO XC90 MOMEMTUM,VOLVO
"""VOLVO GROUP INDIA PVT LTD""",FM 400 6X4 HEAVY DUTY TRACTOR,VOLVO
VOLVO AUTO INDIA PVT LTD,VOLVO XC90 T8 TWEN,VOLVO
"""VOLVO GROUP INDIA PVT LTD""",VOLVO V 40 D3,VOLVO
"""VOLVO GROUP INDIA PVT LTD""",VOLVO XC90 D5 GVW2750 BSIV,VOLVO
"""VOLVO GROUP INDIA PVT LTD""",VOLVO  9400 BS-III,VOLVO
"""VOLVO GROUP INDIA PVT LTD""","VOLVO S 60 D4, BS IV",VOLVO
"""VOLVO GROUP INDIA PVT LTD""",FMX 440,VOLVO
"""VOLVO GROUP INDIA PVT LTD""",PULLER,VOLVO
"""VOLVO GROUP INDIA PVT LTD""",XC90 D5,VOLVO
"""VOLVO GROUP INDIA PVT LTD""",VOLVO S60 D5 BSIV,VOLVO
"""VOLVO GROUP INDIA PVT LTD""",VOLVO 9400 B11R 6X2 13.8M BSIV,VOLVO
"""VOLVO GROUP INDIA PVT LTD""","VOLVO XC 60-D5 Inscription, BS",VOLVO
VOLVO AUTO INDIA PVT LTD,VOLVO XC60D5,VOLVO
"""VOLVO GROUP INDIA PVT LTD""",VOLVO SD 110,VOLVO
"""VOLVO GROUP INDIA PVT LTD""",VOLVO XC60 D4 AUTOMA,VOLVO
"""VOLVO GROUP INDIA PVT LTD""",VOLVO XC 40 R,VOLVO
"""VOLVO GROUP INDIA PVT LTD""",VOLVO FH 520,VOLVO
"""VOLVO GROUP INDIA PVT LTD""",FH 520 PULLER,VOLVO
VOLVO INDIA PRIVATE LIMITED,VOLVO XC 60 B5 BSVI,VOLVO
M/S VOLVO GROUP INDIA PRIVATE LIMITED,VOLVO FMX 460 8X4E 43 R TP H20,VOLVO
"""VOLVO GROUP INDIA PVT LTD""",S60 2.0 L D4 SUMMUM MOMENTUM,VOLVO
VOLVO AUTO INDIA PVT LTD,VOLVO XC40 D4 M1 BS4,VOLVO
"""VOLVO GROUP INDIA PVT LTD""",VOLVO FM500 6X4E 34 R PULLER,VOLVO
"""VOLVO GROUP INDIA PVT LTD""",VOLVO S60 D4 ,VOLVO
"""VOLVO GROUP INDIA PVT LTD""",VOLVO 9100 B7 4X2 BSIII,VOLVO
"""VOLVO GROUP INDIA PVT LTD""",VOLVO S 600 D4,VOLVO
"""VOLVO GROUP INDIA PVT LTD""",OTHERS,VOLVO
"""VOLVO GROUP INDIA PVT LTD""",VOLVO XC 90 D5 BS4,VOLVO
"""VOLVO GROUP INDIA PVT LTD""",VOLVO XC90 D5 WITH 7 SEATER,VOLVO
"""VOLVO GROUP INDIA PVT LTD""",FM 400 64 TRACTOR HD,VOLVO
"""VOLVO GROUP INDIA PVT LTD""",VOLVO S80 D5,VOLVO
VOLVO CAR CORPORATION,VOLVOXC40 D4 R DESIGN BSIV,VOLVO
"""VOLVO GROUP INDIA PVT LTD""",VOLVO S90 D4,VOLVO
VOLVO AUTO INDIA PVT LTD,VOLVO XC90 D5 INSCRIPTION,VOLVO
"""VOLVO GROUP INDIA PVT LTD""",VOLVO XC 60 D3DIESEL BS IV IMP,VOLVO
"""VOLVO GROUP INDIA PVT LTD""",VOLVO S60 D4 2.0L (AT),VOLVO
"""VOLVO GROUP INDIA PVT LTD""",VOLVO ABG4361,VOLVO
"""VOLVO GROUP INDIA PVT LTD""",VOLVO S60,VOLVO
"""VOLVO GROUP INDIA PVT LTD""",VOLVO XC90 D5 2.0 L,VOLVO
"""VOLVO GROUP INDIA PVT LTD""",VOLVO 9400 BUS,VOLVO
"""VOLVO GROUP INDIA PVT LTD""","FMX 460 8X4, 56WB 33CUM HYVA",VOLVO
"""VOLVO GROUP INDIA PVT LTD""",VOLVO S90,VOLVO
VOLVO CAR CORPORATION,VOLVO S90 D4 BSIV,VOLVO
VOLVO AUTO INDIA PVT LTD,VOLVO S60 D5 24L,VOLVO
"""VOLVO GROUP INDIA PVT LTD""",VOLVO S60 D4 BSIV,VOLVO
"""VOLVO GROUP INDIA PVT LTD""",VOLVO BUS,VOLVO
"""VOLVO GROUP INDIA PVT LTD""",VOLVO XC60 I5 2.0L DIESEL,VOLVO
"""VOLVO GROUP INDIA PVT LTD""",XC 90,VOLVO
VOLVO AUTO INDIA PVT LTD,XC60 -D5,VOLVO
"""VOLVO GROUP INDIA PVT LTD""",AUDI A6 2.8,VOLVO
"""VOLVO GROUP INDIA PVT LTD""",FMX 440 8X4 R 43,VOLVO
"""VOLVO GROUP INDIA PVT LTD""",VOLVO BUS B7R BS III,VOLVO
"""VOLVO GROUP INDIA PVT LTD""",VOLVO S 60 D3 2.0 L KINETIC,VOLVO
"""VOLVO GROUP INDIA PVT LTD""",VOLVO XC60 D5 M1 BS4,VOLVO
"""VOLVO GROUP INDIA PVT LTD""",S60 D4,VOLVO
VOLVO AUTO INDIA PVT LTD,VOLVO V40 D3 R DESIGN,VOLVO
"""VOLVO GROUP INDIA PVT LTD""",VOLVA FM 12.2E,VOLVO
"""VOLVO GROUP INDIA PVT LTD""",LPT/2515/56C,VOLVO
VOLVO AUTO INDIA PVT LTD,VOLVO XC90 D5 2.0LIN,VOLVO
"""VOLVO GROUP INDIA PVT LTD""",FH 520 6 4,VOLVO
VOLVO AUTO INDIA PVT LTD,VOLVO XC90 T8,VOLVO
"""VOLVO GROUP INDIA PVT LTD""",VOLVO XC90 D 5 2.0 L,VOLVO
VOLVO INDIA PRIVATE LIMITED,FMX 460(8X4) R_43 I-SHIFT BSIV,VOLVO
VOLVO AUTO INDIA PVT LTD,VOLVO XC60 D5,VOLVO
"""VOLVO GROUP INDIA PVT LTD""",FM 400 6X4 TRACTOR HD,VOLVO
"""VOLVO GROUP INDIA PVT LTD""",VOLVO SD 110 COMPACTOR,VOLVO
"""VOLVO GROUP INDIA PVT LTD""",FM 400 6 X 4 -BSIII,VOLVO
"""VOLVO GROUP INDIA PVT LTD""",VOLVO S 60 D3,VOLVO
VOLVO CAR CORPORATION,VOLVO XC90 D5,VOLVO
"""VOLVO GROUP INDIA PVT LTD""",VOLVO S80,VOLVO
"""VOLVO GROUP INDIA PVT LTD""",VOLVO 9400 B7R 4X2 BSIV,VOLVO
VOLVO AUTO INDIA PVT LTD,VOLVO XC60 D5 M1 BS4,VOLVO
"""VOLVO GROUP INDIA PVT LTD""",VOLVO 9400 B7R 4*2 MARK III,VOLVO
"""VOLVO GROUP INDIA PVT LTD""",FM 400 6*4 T HD,VOLVO
"""VOLVO GROUP INDIA PVT LTD""",VOLVO V90 CC D5,VOLVO
VOLVO AUTO INDIA PVT LTD,VOLVO XC40 B4,VOLVO
"""VOLVO GROUP INDIA PVT LTD""",VOVO XC 90 D5 BS4,VOLVO
"""VOLVO GROUP INDIA PVT LTD""",VALVO,VOLVO
"""VOLVO GROUP INDIA PVT LTD""",FM 400 64 T HD,VOLVO
"""VOLVO GROUP INDIA PVT LTD""",VOLVO 9400 BHARAT STAGE III,VOLVO
"""VOLVO GROUP INDIA PVT LTD""",VOLVO V40 D3 R DESIGN,VOLVO
"""VOLVO GROUP INDIA PVT LTD""",FM 400 6X4 TRACTOR,VOLVO
VOLVO AUTO INDIA PVT LTD,VOLVO XC90 INSCRIPTION,VOLVO
"""VOLVO GROUP INDIA PVT LTD""",FH 520,VOLVO
"""VOLVO GROUP INDIA PVT LTD""",FMX 440 8X4R,VOLVO
"""VOLVO GROUP INDIA PVT LTD""",XC 60D 4,VOLVO
