rc_maker_desc,rc_maker_model,Mapped Name
WILLYS INDIA LTD,WILLYS,WILLYS
WILLYS INDIA LTD,WILLAY JEEP,WILLYS
WILLYS INDIA LTD,WILLY JEEP,WILLYS
WILLYS INDIA LTD,JEEPSY,WILLYS
WILLYS INDIA LTD,JEEP,WILLYS
WILLYS INDIA LTD,,WILLYS
WILLYS INDIA LTD,BHARAT BENZ 2523R 6 2 5175,WILLYS
WILLYS INDIA LTD,WILLYS  JEEP,WILLYS
WILLYS INDIA LTD,CJ 500D,WILLYS
WILLYS INDIA LTD,HONDA CITY EXI MT,WILLYS
WILLYS INDIA LTD,AL4018,WILLYS
WILLYS INDIA LTD,KAISER JEEP,WILLYS
WILLYS INDIA LTD,KESAR JEEP,WILLYS
WILLYS INDIA LTD,Not Available,WILLYS
WILLYS INDIA LTD,OTHERS,WILLYS
WILLYS INDIA LTD,WILLYS CJ6,WILLYS
WILLYS INDIA LTD,WILLYS JEEP,WILLYS
WILLYS INDIA LTD,WILLYS MOTORS LTD,WILLYS
WILLYS INDIA LTD,CJ3B-4 WILLYS,WILLYS
