rc_maker_desc,rc_maker_model,Mapped Name
INDIA YAMAHA MOTOR PVT LTD,YAMHA FZS,YAMAHA
INDIA YAMAHA MOTOR PVT LTD,YZF R15,YAMAHA
INDIA YAMAHA MOTOR PVT LTD,FAIZER,YAMAHA
INDIA YAMAHA MOTOR PVT LTD,YAMAHA YZF-R15S,YAMAHA
INDIA YAMAHA MOTOR PVT LTD,YAMAHA CYGNUS ALPHA,YAMAHA
INDIA YAMAHA MOTOR PVT LTD,"INDIA YAMAHA MOTOR PVT LTD, YAMAHA R X Z (IL 3)",YAMAHA
INDIA YAMAHA MOTOR PVT LTD,YAMAHA CYGNUS RAY Z BSIV,YAMAHA
INDIA YAMAHA MOTOR PVT LTD,RAJDOOT,YAMAHA
INDIA YAMAHA MOTOR PVT LTD,YAMAHA  FASCINO BS IV,YAMAHA
INDIA YAMAHA MOTOR PVT LTD,YAMAHA CRUX BSIII,YAMAHA
INDIA YAMAHA MOTOR PVT LTD,YAMAHA GLADIATOR SS,YAMAHA
INDIA YAMAHA MOTOR PVT LTD,YAMAHA CYGNUS APLHA,YAMAHA
INDIA YAMAHA MOTOR PVT LTD,YAMAHA GLADIATOR,YAMAHA
INDIA YAMAHA MOTOR PVT LTD,YAMAHA FZ L2 BS4,YAMAHA
INDIA YAMAHA MOTOR PVT LTD,YAMAHA SZX,YAMAHA
INDIA YAMAHA MOTOR PVT LTD,YAMAHA RX 135,YAMAHA
INDIA YAMAHA MOTOR PVT LTD,R15  1CK1,YAMAHA
INDIA YAMAHA MOTOR PVT LTD,"INDIA YAMAHA MOTOR PVT LTD, RAJDOOT-223E",YAMAHA
INDIA YAMAHA MOTOR PVT LTD,YAMAHA CYGNUS RAY ZR BSIV,YAMAHA
INDIA YAMAHA MOTOR PVT LTD,LIBERO,YAMAHA
INDIA YAMAHA MOTOR PVT LTD,YBR,YAMAHA
INDIA YAMAHA MOTOR PVT LTD,SALUTO,YAMAHA
INDIA YAMAHA MOTOR PVT LTD,"INDIA YAMAHA MOTOR PVT LTD, 1",YAMAHA
INDIA YAMAHA MOTOR PVT LTD,MOTOR CYCLE,YAMAHA
INDIA YAMAHA MOTOR PVT LTD,RAJDOOT-223E,YAMAHA
INDIA YAMAHA MOTOR PVT LTD,YAMAHA CYGNUS ALPHA BSIII,YAMAHA
INDIA YAMAHA MOTOR PVT LTD,FZ 25 BSIV,YAMAHA
INDIA YAMAHA MOTOR PVT LTD,YAMAHA R15M,YAMAHA
INDIA YAMAHA MOTOR PVT LTD,R-15,YAMAHA
INDIA YAMAHA MOTOR PVT LTD,YAMAHA FZS FR & RR DISC,YAMAHA
INDIA YAMAHA MOTOR PVT LTD,YAMAHA  FASCINO,YAMAHA
INDIA YAMAHA MOTOR PVT LTD,YAMAHA SALUTO BSIV,YAMAHA
INDIA YAMAHA MOTOR PVT LTD,YAMAHA MT15 L2 BS6,YAMAHA
INDIA YAMAHA MOTOR PVT LTD,YAMAHA GYGNUS RAY,YAMAHA
INDIA YAMAHA MOTOR PVT LTD,YAMAHA FASCINO,YAMAHA
INDIA YAMAHA MOTOR PVT LTD,YAMAHA LEBERO,YAMAHA
INDIA YAMAHA MOTOR PVT LTD,YAMAHA FZ 25 BSIV,YAMAHA
INDIA YAMAHA MOTOR PVT LTD,"INDIA YAMAHA MOTOR PVT LTD, YAMAHA SALUTO",YAMAHA
INDIA YAMAHA MOTOR PVT LTD,YAMAHA CYGNUS RAY ZR,YAMAHA
INDIA YAMAHA MOTOR PVT LTD,YAMAHA FAZER FZ16ST,YAMAHA
INDIA YAMAHA MOTOR PVT LTD,YAMAHA FZ RG 071 BSIII,YAMAHA
INDIA YAMAHA MOTOR PVT LTD,ENTICER,YAMAHA
INDIA YAMAHA MOTOR PVT LTD,YAMAHA AEROX 155,YAMAHA
INDIA YAMAHA MOTOR PVT LTD,YBR - 110,YAMAHA
INDIA YAMAHA MOTOR PVT LTD,YAMAHA FZ,YAMAHA
INDIA YAMAHA MOTOR PVT LTD,YAMAHA CRUX-R,YAMAHA
INDIA YAMAHA MOTOR PVT LTD,YAMAHA FASCINO DISC BSVI,YAMAHA
INDIA YAMAHA MOTOR PVT LTD,YAMAHA FZS(RG442) BSIV,YAMAHA
INDIA YAMAHA MOTOR PVT LTD,YAMAHA ENTICER,YAMAHA
INDIA YAMAHA MOTOR PVT LTD,Yamaha  Fazer,YAMAHA
INDIA YAMAHA MOTOR PVT LTD,SALUTO RX BS4,YAMAHA
INDIA YAMAHA MOTOR PVT LTD,YAMAHA RAY-ZR,YAMAHA
INDIA YAMAHA MOTOR PVT LTD,YAMAHA  FZ16,YAMAHA
INDIA YAMAHA MOTOR PVT LTD,YAMAHA FZ- S,YAMAHA
INDIA YAMAHA MOTOR PVT LTD,YAMAHA SALUTO BSIII,YAMAHA
INDIA YAMAHA MOTOR PVT LTD,CYGNUS RAY,YAMAHA
INDIA YAMAHA MOTOR PVT LTD,YAMAHA FZS BSIV,YAMAHA
INDIA YAMAHA MOTOR PVT LTD,YAMAHA SZ-R,YAMAHA
INDIA YAMAHA MOTOR PVT LTD,YAMAHAYBR106,YAMAHA
INDIA YAMAHA MOTOR PVT LTD,YAMAHA FASCINO BS4 L2,YAMAHA
INDIA YAMAHA MOTOR PVT LTD,"INDIA YAMAHA MOTOR PVT LTD, YAMAHA  FASCINO BS IV",YAMAHA
INDIA YAMAHA MOTOR PVT LTD,YAMAHA FAZER (TC-RG444),YAMAHA
INDIA YAMAHA MOTOR PVT LTD,CRUX SUPER,YAMAHA
INDIA YAMAHA MOTOR PVT LTD,FZ 25 ABS BSIV,YAMAHA
INDIA YAMAHA MOTOR PVT LTD,FZ 25,YAMAHA
INDIA YAMAHA MOTOR PVT LTD,YAMAHA CYGENUS RAY,YAMAHA
INDIA YAMAHA MOTOR PVT LTD,RAJDOOT AC 154,YAMAHA
INDIA YAMAHA MOTOR PVT LTD,YAMAHA  FZ - S,YAMAHA
INDIA YAMAHA MOTOR PVT LTD,YAMAHA YZF R 15 BS III,YAMAHA
INDIA YAMAHA MOTOR PVT LTD,YAMAHA R15 L2 BS4,YAMAHA
INDIA YAMAHA MOTOR PVT LTD,YAMAHA CYGNUS RAY Z,YAMAHA
INDIA YAMAHA MOTOR PVT LTD,RAY,YAMAHA
INDIA YAMAHA MOTOR PVT LTD,YAMAHA ALBA,YAMAHA
INDIA YAMAHA MOTOR PVT LTD,"INDIA YAMAHA MOTOR PVT LTD, YAMAHA FZ BSIII",YAMAHA
INDIA YAMAHA MOTOR PVT LTD,YAMAHA,YAMAHA
INDIA YAMAHA MOTOR PVT LTD,LIBERO LX,YAMAHA
INDIA YAMAHA MOTOR PVT LTD,YAMAHA FZ 16ST BSIII,YAMAHA
INDIA YAMAHA MOTOR PVT LTD,YAMAHA FZ BSIII,YAMAHA
INDIA YAMAHA MOTOR PVT LTD,INDICA VISTA TERRA TDI,YAMAHA
INDIA YAMAHA MOTOR PVT LTD,YAMAHA-FZ,YAMAHA
INDIA YAMAHA MOTOR PVT LTD,YAMAHA - CYGNUS RAY ZR,YAMAHA
INDIA YAMAHA MOTOR PVT LTD,YAMAHA RAY ZR BSIII,YAMAHA
INDIA YAMAHA MOTOR PVT LTD,YAMAHA RX135 YAMAHA MOTORS,YAMAHA
INDIA YAMAHA MOTOR PVT LTD,YAMAHA RAY,YAMAHA
YAMAHA MOTOR INDIA PVT. LTD.,"YAMAHA \""FAZER\"" (5YY1)",YAMAHA
INDIA YAMAHA MOTOR PVT LTD,YAMAHA F-Z,YAMAHA
INDIA YAMAHA MOTOR PVT LTD,ALBA,YAMAHA
INDIA YAMAHA MOTOR PVT LTD,13,YAMAHA
INDIA YAMAHA MOTOR PVT LTD,YAMAHA SALUTO,YAMAHA
INDIA YAMAHA MOTOR PVT LTD,YAMAHA MOTORCYCLE,YAMAHA
INDIA YAMAHA MOTOR PVT LTD,YAMAHA SZ-RR,YAMAHA
India Yamaha Motor Pvt Ltd,YAMAHA FASCINO,YAMAHA
INDIA YAMAHA MOTOR PVT LTD,YAMAHA ALBO 106,YAMAHA
INDIA YAMAHA MOTOR PVT LTD,YAMAHA CYGNUS RAY,YAMAHA
INDIA YAMAHA MOTOR PVT LTD,YAMAHA  FZ-16,YAMAHA
INDIA YAMAHA MOTOR PVT LTD,"INDIA YAMAHA MOTOR PVT LTD, YAMAHA FASCINO",YAMAHA
INDIA YAMAHA MOTOR PVT LTD,YAMAHA RAY ZR DRUM BSIII,YAMAHA
YAMAHA MOTOR ESCORTS LIMITED,YAMAHA CRUX(PRODUCT CODE 5KAI),YAMAHA
INDIA YAMAHA MOTOR PVT LTD,OTHERS,YAMAHA
INDIA YAMAHA MOTOR PVT LTD,MOTORCYCLE YAMAHA,YAMAHA
INDIA YAMAHA MOTOR PVT LTD,YAMAHA FZ-X,YAMAHA
INDIA YAMAHA MOTOR PVT LTD,YAMAHA-YD125,YAMAHA
INDIA YAMAHA MOTOR PVT LTD,YAMAHA GLADIATOR-SST,YAMAHA
INDIA YAMAHA MOTOR PVT LTD,YAMAHA FZS (TYPE CODE RG072) B,YAMAHA
INDIA YAMAHA MOTOR PVT LTD,YAMAHA YZF R15S BS IV,YAMAHA
INDIA YAMAHA MOTOR PVT LTD,YAMAHA RAY-Z,YAMAHA
INDIA YAMAHA MOTOR PVT LTD,YAMAHA MT-15,YAMAHA
INDIA YAMAHA MOTOR PVT LTD,FZ FI VARIANT,YAMAHA
INDIA YAMAHA MOTOR PVT LTD,YAMAHA YZF-R15S BSIV,YAMAHA
INDIA YAMAHA MOTOR PVT LTD,YAMAHA FZ S,YAMAHA
INDIA YAMAHA MOTOR PVT LTD,YAMAHA YZFR15,YAMAHA
INDIA YAMAHA MOTOR PVT LTD,YAMAHA FZ-16,YAMAHA
INDIA YAMAHA MOTOR PVT LTD,RAJDDOT M/C AC 223,YAMAHA
INDIA YAMAHA MOTOR PVT LTD,FZ FI,YAMAHA
INDIA YAMAHA MOTOR PVT LTD,YAMAHA YZF R 15,YAMAHA
YAMAHA MOTOR INDIA PVT. LTD.,YAMAHA YZF-R15,YAMAHA
INDIA YAMAHA MOTOR PVT LTD,YAMAHA R15 ABS,YAMAHA
INDIA YAMAHA MOTOR PVT LTD,YAMAHA - FZS BSVI,YAMAHA
INDIA YAMAHA MOTOR PVT LTD,YAMAHA SZR,YAMAHA
INDIA YAMAHA MOTOR PVT LTD,12,YAMAHA
INDIA YAMAHA MOTOR PVT LTD,"YAMAHA SZ-RR, BS-III",YAMAHA
INDIA YAMAHA MOTOR PVT LTD,SZ-X,YAMAHA
INDIA YAMAHA MOTOR PVT LTD,M/CYCLE R-15,YAMAHA
INDIA YAMAHA MOTOR PVT LTD,ESCORTS ACE(1K2),YAMAHA
INDIA YAMAHA MOTOR PVT LTD,FZS,YAMAHA
INDIA YAMAHA MOTOR PVT LTD,YAMAHA MT-15 BSVI,YAMAHA
INDIA YAMAHA MOTOR PVT LTD,17YAMAHA  FASCINO,YAMAHA
INDIA YAMAHA MOTOR PVT LTD,YAMAHA SZ RR,YAMAHA
INDIA YAMAHA MOTOR PVT LTD,YAMAHA YZF-R15,YAMAHA
INDIA YAMAHA MOTOR PVT LTD,17,YAMAHA
INDIA YAMAHA MOTOR PVT LTD,M/CYCLE GLAD. S.S.,YAMAHA
INDIA YAMAHA MOTOR PVT LTD,Not Available,YAMAHA
INDIA YAMAHA MOTOR PVT LTD,YAMAHACYGNUS RAYZR STREETRALLY,YAMAHA
INDIA YAMAHA MOTOR PVT LTD,YAMAHA FZ16,YAMAHA
INDIA YAMAHA MOTOR PVT LTD,YAMAHA MT-15 ABS,YAMAHA
INDIA YAMAHA MOTOR PVT LTD,G5 LIBERO BSII,YAMAHA
INDIA YAMAHA MOTOR PVT LTD,FZS FI,YAMAHA
INDIA YAMAHA MOTOR PVT LTD,YZF R 15,YAMAHA
INDIA YAMAHA MOTOR PVT LTD,YAMAHA FASCINO S,YAMAHA
INDIA YAMAHA MOTOR PVT LTD,INDICA DLS,YAMAHA
INDIA YAMAHA MOTOR PVT LTD,YAMAHA R 15,YAMAHA
YAMAHA MOTOR INDIA PVT. LTD.,YAMAHA LIBERO,YAMAHA
INDIA YAMAHA MOTOR PVT LTD,YAMAHA CRUX MOTOR CYCLE,YAMAHA
INDIA YAMAHA MOTOR PVT LTD,YAMAHA R X Z (IL 3),YAMAHA
INDIA YAMAHA MOTOR PVT LTD,YAMAHA FZ (TC-RG441),YAMAHA
INDIA YAMAHA MOTOR PVT LTD,MCY,YAMAHA
INDIA YAMAHA MOTOR PVT LTD,YAMAHA - R15 BSVI,YAMAHA
INDIA YAMAHA MOTOR PVT LTD,YAMAHA YZF R15 BS III,YAMAHA
INDIA YAMAHA MOTOR PVT LTD,RAY ZR,YAMAHA
INDIA YAMAHA MOTOR PVT LTD,YAMAHA SALUTO RX 110 CC BS4,YAMAHA
INDIA YAMAHA MOTOR PVT LTD,YAMAHA FZ 16 ST,YAMAHA
INDIA YAMAHA MOTOR PVT LTD,YAMAHA ALPHA,YAMAHA
INDIA YAMAHA MOTOR PVT LTD,YAMAHA RX 100,YAMAHA
INDIA YAMAHA MOTOR PVT LTD,"INDIA YAMAHA MOTOR PVT LTD, YAMAHA-FZ",YAMAHA
INDIA YAMAHA MOTOR PVT LTD,"INDIA YAMAHA MOTOR PVT LTD, YAMAHA-FZS",YAMAHA
INDIA YAMAHA MOTOR PVT LTD,YAHAMA YBR 125,YAMAHA
INDIA YAMAHA MOTOR PVT LTD,YAMAHA RAY Z,YAMAHA
INDIA YAMAHA MOTOR PVT LTD,R 15,YAMAHA
INDIA YAMAHA MOTOR PVT LTD,YAHAMA RX-100,YAMAHA
INDIA YAMAHA MOTOR PVT LTD,FZ 16,YAMAHA
INDIA YAMAHA MOTOR PVT LTD,YAMAHA CYGNUS ALPHA BSIV,YAMAHA
INDIA YAMAHA MOTOR PVT LTD,CRUX S,YAMAHA
INDIA YAMAHA MOTOR PVT LTD,YAMAHA FAZER (TYP CODE RG074),YAMAHA
INDIA YAMAHA MOTOR PVT LTD,YAMAHA SZ R,YAMAHA
INDIA YAMAHA MOTOR PVT LTD,SZ,YAMAHA
INDIA YAMAHA MOTOR PVT LTD,YAMAHA SZ X,YAMAHA
INDIA YAMAHA MOTOR PVT LTD,YAMAHA RX135,YAMAHA
INDIA YAMAHA MOTOR PVT LTD,YAMAHA FZS L2 BS6,YAMAHA
INDIA YAMAHA MOTOR PVT LTD,,YAMAHA
INDIA YAMAHA MOTOR PVT LTD,YAMAHA FAZER (TYPE CODE RG074,YAMAHA
INDIA YAMAHA MOTOR PVT LTD,RAJDOOT CDI 223,YAMAHA
INDIA YAMAHA MOTOR PVT LTD,CRUX,YAMAHA
INDIA YAMAHA MOTOR PVT LTD,YAMAHA FZ (TYPE CODE RG071) BS,YAMAHA
INDIA YAMAHA MOTOR PVT LTD,RAJDOOT 175,YAMAHA
YAMAHA MOTORS (I) LTD,YAMAHA CRUX,YAMAHA
INDIA YAMAHA MOTOR PVT LTD,"INDIA YAMAHA MOTOR PVT LTD, YAMAHA F Z-S MOTOR CYCLE",YAMAHA
INDIA YAMAHA MOTOR PVT LTD,RAY Z,YAMAHA
INDIA YAMAHA MOTOR PVT LTD,YAMAHA R 15 BS-III,YAMAHA
INDIA YAMAHA MOTOR PVT LTD,YAMAHA CYGNUS RAYZ,YAMAHA
INDIA YAMAHA MOTOR PVT LTD,YAMAHA FZS,YAMAHA
INDIA YAMAHA MOTOR PVT LTD,"YAMAHA YBR , BS-III",YAMAHA
INDIA YAMAHA MOTOR PVT LTD,YAMAHA FASCINO BSIV,YAMAHA
INDIA YAMAHA MOTOR PVT LTD,YAMAHA LIBRO YAMAHA MOTORS,YAMAHA
INDIA YAMAHA MOTOR PVT LTD,YAMAHA RAY ZR,YAMAHA
INDIA YAMAHA MOTOR PVT LTD,YAMAHA  FZ,YAMAHA
INDIA YAMAHA MOTOR PVT LTD,YAMAHA CYGNUS RAYZRSTREETRALLY,YAMAHA
INDIA YAMAHA MOTOR PVT LTD,YAMAHA FZ 16,YAMAHA
INDIA YAMAHA MOTOR PVT LTD,YAMAHA FZS (TC-RG442),YAMAHA
INDIA YAMAHA MOTOR PVT LTD,CYGNUS FASCINO,YAMAHA
INDIA YAMAHA MOTOR PVT LTD,ALPHA BS3,YAMAHA
INDIA YAMAHA MOTOR PVT LTD,YAMAHA FAZER,YAMAHA
INDIA YAMAHA MOTOR PVT LTD,YAMAHA FZS VERSION 4.0,YAMAHA
INDIA YAMAHA MOTOR PVT LTD,YAMAHA RX-G,YAMAHA
India Yamaha Motor Pvt Ltd,YAMAHA FZS,YAMAHA
INDIA YAMAHA MOTOR PVT LTD,YAMAHA FAZER(RG444) BSIV,YAMAHA
INDIA YAMAHA MOTOR PVT LTD,YAMAHA RXG,YAMAHA
INDIA YAMAHA MOTOR PVT LTD,FZ,YAMAHA
INDIA YAMAHA MOTOR PVT LTD,YAMAHA - FASCINO S,YAMAHA
INDIA YAMAHA MOTOR PVT LTD,RAY Z BS4,YAMAHA
INDIA YAMAHA MOTOR PVT LTD,YAMAHA FZS FI,YAMAHA
YAMAHA MOTORS (I) LTD,RAJDOOT,YAMAHA
INDIA YAMAHA MOTOR PVT LTD,ROYAL ENFIELD CLASSIC 350,YAMAHA
INDIA YAMAHA MOTOR PVT LTD,YAMAHA R15S,YAMAHA
INDIA YAMAHA MOTOR PVT LTD,LIBERO G5,YAMAHA
INDIA YAMAHA MOTOR PVT LTD,SAFARI,YAMAHA
INDIA YAMAHA MOTOR PVT LTD,S Z R,YAMAHA
INDIA YAMAHA MOTOR PVT LTD,GLADIATOR,YAMAHA
INDIA YAMAHA MOTOR PVT LTD,YAMAHA R15,YAMAHA
INDIA YAMAHA MOTOR PVT LTD,YAMAHA RX-100,YAMAHA
INDIA YAMAHA MOTOR PVT LTD,CRUX S (YAMAHA),YAMAHA
INDIA YAMAHA MOTOR PVT LTD,FAZER,YAMAHA
INDIA YAMAHA MOTOR PVT LTD,YAMAHA-FZS,YAMAHA
INDIA YAMAHA MOTOR PVT LTD,ALBA ALLOYS,YAMAHA
INDIA YAMAHA MOTOR PVT LTD,YAMHA GLADIATOR,YAMAHA
INDIA YAMAHA MOTOR PVT LTD,SZR,YAMAHA
INDIA YAMAHA MOTOR PVT LTD,FZ-S,YAMAHA
INDIA YAMAHA MOTOR PVT LTD,YAMAH RX 100,YAMAHA
INDIA YAMAHA MOTOR PVT LTD,SS 125,YAMAHA
INDIA YAMAHA MOTOR PVT LTD,YAMAHA MT-15 ABS BSIV,YAMAHA
INDIA YAMAHA MOTOR PVT LTD,YAMAHA YBR,YAMAHA
INDIA YAMAHA MOTOR PVT LTD,FZ-5,YAMAHA
INDIA YAMAHA MOTOR PVT LTD,TATA INDICA,YAMAHA
INDIA YAMAHA MOTOR PVT LTD,YAMAHA SZ.X,YAMAHA
INDIA YAMAHA MOTOR PVT LTD,YAMAHA FZ(RG441) BSIV,YAMAHA
INDIA YAMAHA MOTOR PVT LTD,YAMAHA FZ16ST,YAMAHA
INDIA YAMAHA MOTOR PVT LTD,YAMAHA FZ-S,YAMAHA
INDIA YAMAHA MOTOR PVT LTD,YAMAHA FASCINO BS III,YAMAHA
INDIA YAMAHA MOTOR PVT LTD,"INDIA YAMAHA MOTOR PVT LTD, YAMAHA CYGNUS RAY Z",YAMAHA
INDIA YAMAHA MOTOR PVT LTD,YAMAHA YD-125,YAMAHA
INDIA YAMAHA MOTOR PVT LTD,YAMAHA-CYGNUS RAYZRSTREETRALLY,YAMAHA
INDIA YAMAHA MOTOR PVT LTD,YAMAHA GYGNUS RAY Z,YAMAHA
INDIA YAMAHA MOTOR PVT LTD,YAMAHA F Z-S MOTOR CYCLE,YAMAHA
INDIA YAMAHA MOTOR PVT LTD,YAMAHA RAY-ZR BSIV,YAMAHA
INDIA YAMAHA MOTOR PVT LTD,ALPHA,YAMAHA
INDIA YAMAHA MOTOR PVT LTD,YAMAHA FASCINO BSIII,YAMAHA
INDIA YAMAHA MOTOR PVT LTD,YAMAHA GLADIATOR R S,YAMAHA
INDIA YAMAHA MOTOR PVT LTD,RX-100,YAMAHA
INDIA YAMAHA MOTOR PVT LTD,YAMAHA S216,YAMAHA
INDIA YAMAHA MOTOR PVT LTD,YAHAMA RX 100,YAMAHA
India Yamaha Motor Pvt Ltd,Motor Cycle,YAMAHA
INDIA YAMAHA MOTOR PVT LTD,YAMAHA CRUX R,YAMAHA
INDIA YAMAHA MOTOR PVT LTD,"INDIA YAMAHA MOTOR PVT LTD, YAMAHA RX 100",YAMAHA
INDIA YAMAHA MOTOR PVT LTD,YAMAHAFZ16,YAMAHA
INDIA YAMAHA MOTOR PVT LTD,Y CYGNUS RAY Z,YAMAHA
INDIA YAMAHA MOTOR PVT LTD,YAMAHA CYGNUS RAY Z BSIII,YAMAHA
INDIA YAMAHA MOTOR PVT LTD,YAMAH RX100,YAMAHA
INDIA YAMAHA MOTOR PVT LTD,SZX BS III,YAMAHA
INDIA YAMAHA MOTOR PVT LTD,"INDIA YAMAHA MOTOR PVT LTD, YAMAHAMT-15",YAMAHA
INDIA YAMAHA MOTOR PVT LTD,FASCINO,YAMAHA
INDIA YAMAHA MOTOR PVT LTD,RX 100,YAMAHA
INDIA YAMAHA MOTOR PVT LTD,FZ S,YAMAHA
INDIA YAMAHA MOTOR PVT LTD,FZ -S,YAMAHA
INDIA YAMAHA MOTOR PVT LTD,SALUTO RX,YAMAHA
INDIA YAMAHA MOTOR PVT LTD,YAMAHA FZS V.2,YAMAHA
INDIA YAMAHA MOTOR PVT LTD,HONDA ACTIVA,YAMAHA
INDIA YAMAHA MOTOR PVT LTD,RX135,YAMAHA
INDIA YAMAHA MOTOR PVT LTD,YAMAHA YZF R15,YAMAHA
INDIA YAMAHA MOTOR PVT LTD,FZ_S,YAMAHA
INDIA YAMAHA MOTOR PVT LTD,YAMAHA ALBA SPOKE,YAMAHA
INDIA YAMAHA MOTOR PVT LTD,YAMAHA LIBERO M/CYCLE,YAMAHA
INDIA YAMAHA MOTOR PVT LTD,YAMAHA SZ,YAMAHA
INDIA YAMAHA MOTOR PVT LTD,RX100,YAMAHA
INDIA YAMAHA MOTOR PVT LTD,FZ-FI,YAMAHA
INDIA YAMAHA MOTOR PVT LTD,YAMAHA-R15,YAMAHA
INDIA YAMAHA MOTOR PVT LTD,YAMAYA,YAMAHA
INDIA YAMAHA MOTOR PVT LTD,YAMAHA FAZER VER.2.0,YAMAHA
INDIA YAMAHA MOTOR PVT LTD,"INDIA YAMAHA MOTOR PVT LTD, RX 100",YAMAHA
INDIA YAMAHA MOTOR PVT LTD,RX .100,YAMAHA
INDIA YAMAHA MOTOR PVT LTD,YAMAHAFZS,YAMAHA
INDIA YAMAHA MOTOR PVT LTD,SZ-R,YAMAHA
INDIA YAMAHA MOTOR PVT LTD,M/CYCLE FAZER,YAMAHA
INDIA YAMAHA MOTOR PVT LTD,YAMAHA CRUX,YAMAHA
YAMAHA MOTORS (I) LTD,YAMAHA RX135 YAMAHA MOTORS,YAMAHA
INDIA YAMAHA MOTOR PVT LTD,RX 135,YAMAHA
INDIA YAMAHA MOTOR PVT LTD,YAHAMA YBR,YAMAHA
INDIA YAMAHA MOTOR PVT LTD,"INDIA YAMAHA MOTOR PVT LTD, YAMAHA CYGNUS RAY Z BS III",YAMAHA
INDIA YAMAHA MOTOR PVT LTD,YZF-R15,YAMAHA
YAMAHA MOTORS (I) LTD,SALUTO RX BS4,YAMAHA
INDIA YAMAHA MOTOR PVT LTD,YAMAHA FAIZER,YAMAHA
INDIA YAMAHA MOTOR PVT LTD,YBR110,YAMAHA
INDIA YAMAHA MOTOR PVT LTD,YAMAHA FZ BSIV,YAMAHA
INDIA YAMAHA MOTOR PVT LTD,YAMAHA FAZER.,YAMAHA
INDIA YAMAHA MOTOR PVT LTD,RAJDOOT-154,YAMAHA
INDIA YAMAHA MOTOR PVT LTD,YAMAHA CYGNUS RAY-ZR,YAMAHA
INDIA YAMAHA MOTOR PVT LTD,"INDIA YAMAHA MOTOR PVT LTD, YAMAHA FZ 16",YAMAHA
INDIA YAMAHA MOTOR PVT LTD,YAMAHA FZS RG 072,YAMAHA
INDIA YAMAHA MOTOR PVT LTD,FAZER 25 (RG422) BSIV,YAMAHA
INDIA YAMAHA MOTOR PVT LTD,OTHER,YAMAHA
