{
  "ASHOK LEYLAND LTD": "ASHOK LEYLAND",
  "MERCEDES-BENZ INDIA PVT LTD": "MERCEDES",
  "OTHERS": "OTHERS",
  "BAJAJ TEMPO LTD": "BAJAJ",
  "MAHINDRA & MAHINDRA LIMITED": "MAHINDRA",
  "MARUTI SUZUKI INDIA LTD.,": "MARUTI",
  "TATA MOTORS LTD": "TATA",
  "MARUTI SUZUKI INDIA LTD": "MARUTI",
  "OTHER": "OTHER",
  "HYUNDAI MOTOR INDIA LTD": "HYUNDAI",
  "MG MOTOR INDIA PVT LTD": "MG",
  "FORCE MOTORS LIMITED, A FIRODIA ENTERPRISE": "FORCE",
  "HONDA CARS INDIA LTD": "HONDA",
  "FORD INDIA PVT LTD": "FORD",
  "FORCE MOTORS LIMITED": "FORCE",
  "TOYOTA KIRLOSKAR MOTOR PVT LTD": "TOYOTA",
  "SKODA AUTO INDIA PVT LTD": "SKODA",
  "SML ISUZU LTD": "SML ISUZU",
  "VE COMMERCIAL VEHICLES LIMITED": "VE COMMERCIAL VEHICLES",
  "VE COMMERCIAL VEHICLES LTD": "VE COMMERCIAL VEHICLES",
  "MAHINDRA & MAHINDRA LTD": "MAHINDRA",
  "SML ISUZU LTD PUNJAB": "SML ISUZU PUNJAB",
  "BMW INDIA PVT LTD": "BMW",
  "M/S. TATA PASSENGER ELECTRIC MOBILITY LTD.": "M/S TATA PASSENGER ELECTRIC MOBILITY",
  "MAH & MAH": "MAH & MAH",
  "VOLKSWAGEN INDIA PVT LTD": "VOLKSWAGEN",
  "3S INDUSTRIES PRIVATE LIMITED": "3S INDUSTRIES PRIVATE",
  "MARUTI UDYOG LTD": "MARUTI",
  "PORSCHE AG GERMANY": "PORSCHE",
  "CHEVROLET SALES INDIA PVT LTD": "CHEVROLET",
  "Unknown": "UNKNOWN",
  "HONDA MOTORCYCLE AND SCOOTER INDIA (P LTD": "HONDA",
  "TATA MOTORS PASSENGER VEHICLES LTD": "TATA",
  "NISSAN MOTOR INDIA PVT LTD": "NISSAN",
  "GENERAL MOTORS INDIA PVT LTD": "GENERAL",
  "CHERAN TRAILERS": "CHERAN TRAILERS",
  "NIC TEST ACCOUNT-1": "NIC TEST ACCOUNT-1",
  "M/S JAGUAR LANDROVER LTD": "M/S JAGUAR LANDROVER",
  "MARUTIUDYG": "MARUTIUDYG",
  "SUZUKI MOTORCYCLE INDIA PVT LTD": "SUZUKI",
  "MARUTI- ALTO LXI 0.8L 5MT BSVI": "MARUTI",
  "HOSIELCAR": "HOSIELCAR",
  "FCA INDIA AUTOMOBILES PRIVATE LIMITED": "FCA AUTOMOBILES PRIVATE",
  "BAJAJ AUTO LTD": "BAJAJ",
  "DAIMLER INDIA COMMERCIAL VEHICLES PVT. LTD": "DAIMLER COMMERCIAL VEHICLES",
  "KOMATSU INDIA PRIVATE LIMITED": "KOMATSU PRIVATE",
  "RENAULT INDIA PVT LTD": "RENAULT",
  "PIAGGIO VEHICLES PVT LTD": "PIAGGIO VEHICLES",
  "M/S FORD INDIA PVT LTD": "M/S FORD",
  "KIA INDIA PRIVATE LIMITED": "KIA",
  "EICHER TRACTORS LTD": "EICHER",
  "R.N.A.I.P.LTD": "RNAIPLTD",
  "INTERNATIONAL TRACTORS LIMITED": "INTERNATIONAL TRACTORS",
  "HYUNDAIMOT": "HYUNDAIMOT",
  "HINDUSTAN MOTOR FINANCE CORPORATION LIMITED": "HINDUSTAN FINANCE CORPORATION",
  "HYUNDAI MOTORS": "HYUNDAI",
  "GURUNANAK INDUSTRIES PVT LTD": "GURUNANAK INDUSTRIES",
  "GENERAL MOTOR INDIA PVT LTD": "GENERAL",
  "FIAT INDIA AUTOMOBLIES PVT LTD": "FIAT",
  "SKODA AUTO VOLKSWAGEN INDIA PVT LTD": "SKODA",
  "TOYOTA KIRLOSKAR MOTORS LTD": "TOYOTA",
  "JAGUAR LAND ROVER INDIA LIMITED": "JAGUAR",
  "CHANNY AGRO INDUSTRIES": "CHANNY AGRO INDUSTRIES",
  "DASMESH MECHANICAL WORKS PVT.LTD": "DASMESH MECHANICAL WORKSLTD",
  "EICHER MOTORS LTD": "EICHER",
  "MAHINDRA &amp; MAHINDRA LTD": "MAHINDRA",
  "BMW India Pvt Ltd": "BMW",
  "HERO HONDA MOTORS  LTD": "HERO",
  "TELCO LTD": "TELCO",
  "DAIMLER(I)COMMERCIAL VEH P LTD": "DAIMLER(I)COMMERCIAL VEH P",
  "M/S.SKODA AUTO VOLKSWAGEN INDIA PRIVATE LIMITED": "M/SSKODA AUTO VOLKSWAGEN PRIVATE",
  "TAFE LIMITED": "TAFE",
  "HONDA MOTORCYCLE AND SCOOTER INDIA (P) LTD": "HONDA",
  "ATUL AUTO LTD": "ATUL AUTO",
  "LML LIMITED": "LML",
  "MAHINDRA & MAHINDRA LTD*": "MAHINDRA",
  "SUTLAJ MOTORS LTD": "SUTLAJ",
  "CNH INDUSTRIAL (INDIA) PVT LTD": "CNH INDUSTRIAL (INDIA)",
  "ESCORTS KUBOTA LIMITED (AGRI MACHINERY GROUP)": "ESCORTS",
  "BAJAJ TEMPO LIMITED": "BAJAJ",
  "Maruti Suzuki India Ltd": "MARUTI",
  "EICHER TRACTORS": "EICHER",
  "M/S RENAULT INDIA PRIVATE LIMITED": "M/S RENAULT PRIVATE",
  "ISUZU MOTORS INDIA PVT LTD": "ISUZU",
  "AMW MOTORS LIMITED": "AMW",
  "AMUTHA TRAILERS": "AMUTHA TRAILERS",
  "DAIMLER AG": "DAIMLER AG",
  "DAIMLER AG STUTTGART": "DAIMLER AG STUTTGART",
  "D C INDIA PVT LTD": "D C",
  "PURAN AGRO INDUS": "PURAN AGRO INDUS",
  "KINETIC MOTOR COMPANY LIMITED": "KINETIC",
  "HONDA MOTORCYCLE&SCOOTER(I)P L": "HONDA",
  "HUNDAL INDUSTRIES": "HUNDAL INDUSTRIES",
  "KARTAR AGRO INDUSTRIES PVT LTD": "KARTAR AGRO INDUSTRIES",
  "PORSCHE AG": "PORSCHE",
  "Hyundai Motor India Ltd": "HYUNDAI",
  "MERCEDES -BENZ AG": "MERCEDES",
  "HERO HONDA MOTORS LTD,": "HERO",
  "NAMAKKAL TRAILERS": "NAMAKKAL TRAILERS",
  "TATA ENGG. AND LOCO CO.": "TATA",
  "HONDA SIEL CARS INDIA LTD": "HONDA",
  "EICHER MOTORS": "EICHER",
  "ARJUN MOTORS PVT LTD": "ARJUN",
  "MARUTI SUZUKI INDIA LIMITED": "MARUTI",
  "FIAT INDIA PVT LTD": "FIAT",
  "FORD INDIA LTD": "FORD",
  "ALL TERRAIN CRANE": "ALL TERRAIN CRANE",
  "TATA MOTORS LIMITED": "TATA",
  "ROYAL-ENFIELD (UNIT OF EICHER LTD)": "ROYAL-ENFIELD (UNIT OF EICHER)",
  "L&T CONSTRUCTION EQUIPMENT LIMITED": "L&T CONSTRUCTION EQUIPMENT",
  "SHRI KUMAR TRAILERS EQUIPMENTS": "SHRI KUMAR TRAILERS EQUIPMENTS",
  "V E COMMERCIAL VEHICLE LTD": "V E COMMERCIAL VEHICLE",
  "ATHER ENERGY PVT LTD": "ATHER ENERGY",
  "Mahindra & Mahindra Limited": "MAHINDRA",
  "TVS MOTOR COMPANY LTD": "TVS",
  "GEN.MOTORS": "GENMOTORS",
  "HERO MOTOCORP LTD": "HERO",
  "SLN ENGINEERING  WORKS": "SLN ENGINEERING  WORKS",
  "AUDI AG": "AUDI",
  "MAHINDRA & MAHINDRA LTD FARM MACHINERY DIVISION": "MAHINDRA",
  "TELCO LTD.": "TELCO",
  "INDIA YAMAHA MOTOR PVT LTD": "INDIA YAMAHA",
  "MAHINDRA  MAHINDRA LTD,": "MAHINDRA",
  "MASSEY FERGUSON LTD": "MASSEY FERGUSON",
  "M/S MAHINDRA &amp;MAHINDRA LTD": "M/S MAHINDRA &AMP;MAHINDRA",
  "ISHWAR FARMLINE EQUIPMENTS PVT LTD": "ISHWAR FARMLINE EQUIPMENTS",
  "MAHINDRA & MAHINDRA LIMITED (SWARAJ DIVISION": "MAHINDRA",
  "MALKIT AGRO INDUSTRIES": "MALKIT AGRO INDUSTRIES",
  "JCB INDIA LTD": "JCB",
  "KIA INDIA PVT LTD": "KIA",
  "MITSUBISHI MOTORS CORPORATION": "MITSUBISHI",
  "DHIMAN AGRICULTURE": "DHIMAN AGRICULTURE",
  "CATERPILLAR INDIA PRIVATE LIMITED": "CATERPILLAR PRIVATE",
  "\"VOLVO GROUP INDIA PVT LTD\"": "\"VOLVO GROUP\"",
  "MARUTI INDUSTRIES": "MARUTI",
  "M/S MATHARU ENGINEERING AGRI WORKS": "M/S MATHARU ENGINEERING AGRI WORKS",
  "M/S FORCE MOTORS LTD.PUNE": "M/S FORCEPUNE",
  "JOHN DEERE INDIA  PVT LTD(TRACTOR DEVISION)": "JOHN DEERE (TRACTOR DEVISION)",
  "3718COWL(L10450) BSIV": "3718COWL(L10450)",
  "MERCEDES-BENZ INDIA PVT LTD.": "MERCEDES",
  "PREMIER LTD": "PREMIER",
  "MAHINDRA & MAHINDRA LTD,": "MAHINDRA",
  "HIRA AGRO INDUSTRIES": "HIRA AGRO INDUSTRIES",
  "M/S FCA INDIA AUTOMOBILES PRIVATE LIMITED": "M/S FCA AUTOMOBILES PRIVATE",
  "DEMAGE MOTORS LTD": "DEMAGE",
  "ISUZU MOTORS LTD JAPAN": "ISUZU",
  "LOTEY INDUSTRY": "LOTEY INDUSTRY",
  "GURU RAMDAS AGROTECH": "GURU RAMDAS AGROTECH",
  "MAHINDRA &amp; MAHINDRA LTD*": "MAHINDRA",
  "M/S MAHINDRA &MAHINDRA LTD": "M/S MAHINDRA &MAHINDRA",
  "TATA MOTORS PASSENGER VEHICLES": "TATA",
  "K S AGRICULTURAL  INDUSTRIES": "K S AGRICULTURAL  INDUSTRIES",
  "ESCORTSLTD": "ESCORTSLTD",
  "FORD INDIA PRIVATE LIMITED": "FORD",
  "THIRUMALA AGRO INDUSTRY": "THIRUMALA AGRO INDUSTRY",
  "SKODAAUTO": "SKODAAUTO",
  "FORCE MOTOR LIMITED": "FORCE",
  "Tata Motors Ltd": "TATA",
  "M/S VOLKSWAGE AG 38436 WOLFBUR": "M/S VOLKSWAGE AG 38436 WOLFBUR",
  "KIA MOTORS INDIA PVT LTD": "KIA",
  "CAPTAIN TRACTORS PVT. LTD.": "CAPTAIN TRACTORS",
  "NEW VARINDERA": "NEW VARINDERA",
  "SIVA TRAILERS": "SIVA TRAILERS",
  "CHANGLIN COMPANY LIMITED": "CHANGLIN",
  "HERO HONDA MOTORS LTD": "HERO",
  "SAME DEUTZ - FAHR INDIA (P) LTD.": "SAME DEUTZ - FAHR (P)",
  "MAN TRUCKS INDIA PVT. LTD.": "MAN TRUCKS",
  "LIUGONG INDIA PVT. LTD": "LIUGONG",
  "BAJAJ AUTO": "BAJAJ",
  "HERO MOTO CORP LTD.": "HERO",
  "INDO FARM EQUIPMENT LIMITED": "INDO FARM EQUIPMENT",
  "JOHN DEERE INDIA PVT LTD(TRACTOR DEVISION": "JOHN DEERE(TRACTOR DEVISION",
  "ISUZU MOTOR INDIA PVT LTD": "ISUZU",
  "SURENDERA AGRO INDUSTRIES": "SURENDERA AGRO INDUSTRIES",
  "PUNJAB TRACTORS LIMITED": "PUNJAB TRACTORS",
  "GURDAS SINGH & SONS": "GURDAS SINGH & SONS",
  "M/S ADISHWAR AUTO RIDE INDIA PRIVATE LIMITED": "M/S ADISHWAR AUTO RIDE PRIVATE",
  "MAZDA MOTOR CORPORATION": "MAZDA CORPORATION",
  "HONDAMCYSC": "HONDAMCYSC",
  "SMT INDUSTRIES": "SMT INDUSTRIES",
  "JIWAN AGRI IMPLEMENTS WORKSHOP": "JIWAN AGRI IMPLEMENTS WORKSHOP",
  "HONDA MOTORCYCLE&amp;SCOOTER(I)P L": "HONDA",
  "MAHINDRA RENAULT PVT.LTD.": "MAHINDRA",
  "SHRI VEERBHADRESHWAR ENGG WORK": "SHRI VEERBHADRESHWAR ENGG WORK",
  "AUTOMOBILI LAMBORGHINI S.P.A": "AUTOMOBILI LAMBORGHINI SPA",
  "TEREX INDIA PRIVATE LIMITED": "TEREX PRIVATE",
  "GENERAL MOTORS INDIA LTD": "GENERAL",
  "MAHINDRA RENAULT PVT LIMITED": "MAHINDRA",
  "TEREX EQUIPMENT PVT LTD": "TEREX EQUIPMENT",
  "GROVE INDIA PVT LTD": "GROVE",
  "RENAULTNISSAN AUTOMOTIVE I P L": "RENAULTNISSAN AUTOMOTIVE I P L",
  "M/S HYUNDAI MOTOR INDIA LTD": "M/S HYUNDAI",
  "ACTION CONSTRUCTION EQUIPMENT LTD.": "ACTION CONSTRUCTION EQUIPMENT",
  "M/S MAHINDRA TRUCKS&BUSES LTD": "M/S MAHINDRA TRUCKS&BUSES",
  "ESCORTS LTD": "ESCORTS",
  "MORRIS MOTORS": "MORRIS",
  "Honda Cars India Ltd": "HONDA",
  "0": "UNKNOWN",
  "BHARATH INDUSTRIES": "BHARATH INDUSTRIES",
  "SCANIA COMMERCIAL VEHICLES INDIA PVT LIMITED": "SCANIA COMMERCIAL VEHICLES",
  "M/S. KIA INDIA PVT LTD.": "M/S KIA",
  "KAISER LIMITED": "KAISER",
  "GILL AGROTECH": "GILL AGROTECH",
  "KERALA AGRO MACHINERY CORPORATION LTD": "KERALA AGRO MACHINERY CORPORATION",
  "HONDA MCY & SCOOTER P I LTD": "HONDA",
  "ESCORTS LIMITED": "ESCORTS",
  "FORD(I)LTD": "FORD",
  "India Kawasaki Motors Pvt Ltd": "INDIA KAWASAKI",
  "PUNJABTRAC": "PUNJABTRAC",
  "ESCORTS CONSTRUCTION EQUIPMENT LTD": "ESCORTS",
  "Ve Commercial Vehicles Ltd": "VE COMMERCIAL VEHICLES",
  "MASERATI": "MASERATI",
  "FORCEMOTOR": "FORCEMOTOR",
  "HERO HONDA MOTORS": "HERO",
  "HONDA - IMPORTED": "HONDA",
  "MAHINDRA TWO WHEELERS LTD": "MAHINDRA",
  "BALAWAN TRACTORS LTD": "BALAWAN TRACTORS",
  "L & T CASE EQUIPMENT PVT LTD": "L & T CASE EQUIPMENT",
  "EICHER MOT": "EICHER",
  "JASBIR  ENGINEERING WORKS": "JASBIR  ENGINEERING WORKS",
  "VICTORY ELECTRIC INTERNATIONAL": "VICTORY ELECTRIC INTERNATIONAL",
  "JOHN DEERE INDIA PVT LTD(TRACTOR DEVISION)": "JOHN DEERE(TRACTOR DEVISION)",
  "MARUTI S-CROSS SMART HYBRID ZETA BSIV": "MARUTI",
  "MANKU AGRO TECH PVT LTD": "MANKU AGRO TECH",
  "J S AGRO INDUSTRIES": "J S AGRO INDUSTRIES",
  "DAEWOO MOTORS": "DAEWOO",
  "MAHINDRA  LTD": "MAHINDRA",
  "VOLVO CAR CORPORATION": "VOLVO",
  "ORPI MOTORS": "ORPI",
  "CASE EQUIPMENT PRIVATE LTD": "CASE EQUIPMENT PRIVATE",
  "JOHN DEERE INDIA  PVT LTD(TRACTOR DEVISION": "JOHN DEERE (TRACTOR DEVISION",
  "GURU TRAILER": "GURU TRAILER",
  "HARVEL TRACTOR FARM EQUIPMENTS": "HARVEL TRACTOR FARM EQUIPMENTS",
  "MALKIT AGRO TECH PVT. LTD": "MALKIT AGRO TECH",
  "EKO VEHICLE PRIVATE LIMITED": "EKO VEHICLE PRIVATE",
  "J. S. AUTO (P) LTD": "J S AUTO (P)",
  "Toyota Kirloskar Motor Pvt Lt": "TOYOTA",
  "M/S MAHINDRA MAHINDRA LTD": "M/S MAHINDRA MAHINDRA",
  "Daimler India Commercial Vehicles Pvt. Ltd": "DAIMLER COMMERCIAL VEHICLES",
  "General Motors India Pvt Ltd": "GENERAL",
  "JCB INDIA LIMITED": "JCB",
  "MAHINDRA NAVISTAR  AUTOMOTIVES LTD": "MAHINDRA",
  "MARUTI VITARA BREZZA SMARHYBRID ZXI 1.5LAT BSVI": "MARUTI",
  "BADA DOST I4TNDDB-LB-NON AC BSVI-PH2": "ASHOK LEYLAND",
  "DAEWOO MOTORS INDIA LTD": "DAEWOO",
  "GREAVES COTTON LTD.": "GREAVES COTTON",
  "GURU NANAK AGRICULTURE": "GURU NANAK AGRICULTURE",
  "SYAN AGRO INDUSTRY": "SYAN AGRO INDUSTRY",
  "PREEET AGRO INDUSTRIES PVT LTD": "PREEET AGRO INDUSTRIES",
  "HONDA MOTORS LTD": "HONDA",
  "PAL DIESAL PVT LTD": "PAL DIESAL",
  "JAYA AUTOMOTIVES PVT LTD": "JAYA AUTOMOTIVES",
  "OKA MOTOR COMPANY LTD.": "OKA",
  "GENERAL MOTORS LIMITED": "GENERAL",
  "MAH & MAH ": "MAH & MAH",
  "GILLPREETAGRO INDUSTRIES": "GILLPREETAGRO INDUSTRIES",
  "HYKON INDIA LTD": "HYKON",
  "R TRIBER RXZ PETROL MT 1.0L ECE BSVI": "RENAULT",
  "TOYOTA KIRLOSKAR MOTOR PVT LT": "TOYOTA",
  "TVS SUZUKI LTD": "TVS",
  "H.M.S.I. PVT. LTD.": "HMSI",
  "MAHINDRA AUTOMOBILE DISTRB P L": "MAHINDRA",
  "UBAHAARI ENGINEERING WORKS": "UBAHAARI ENGINEERING WORKS",
  "M/S.KIA MOTORS INDIA PVT LTD": "M/SKIA",
  "HERO ELECTRIC VEHICLE PVT LTD": "HERO",
  "VISHAL AGRICULTURAL WORKS": "VISHAL AGRICULTURAL WORKS",
  "HUNAN ZOOMLION INT. TRADE CO.": "HUNAN ZOOMLION INT TRADE",
  "VOLVO AUTO INDIA PVT LTD": "VOLVO",
  "TVS SUZUKI LIMITED": "TVS",
  "MAH SCORPIO S11 2.2MHAWK 140HP MH 2WD 7STR BSVI": "MAHINDRA",
  "STANDARD COMBINES PVT LTD": "STANDARD COMBINES",
  "TADANO LIMITED": "TADANO",
  "MAHINDRA & MAHINDRA LIMITED (TRACTOR)": "MAHINDRA",
  "EICHER PRO 1049 C CAB & HSD BSIV": "EICHER",
  "MERCEDEZ BENZ - IMPORTED": "MERCEDEZ BENZ - IMPORTED",
  "PEUGEOT LTD": "PEUGEOT",
  "TVS Motor Company Ltd": "TVS",
  "ESCORTS KUBOTA LIMITED (CONSTRUCTION EQUIPMENT)": "ESCORTS",
  "MARUTI-BALENO DELTA BSIV": "MARUTI",
  "M/S PASHA AGRO INDUSTRIES": "M/S PASHA AGRO INDUSTRIES",
  "A1 HEAVY EQUIPMENTS DEVELOPER": "A1 HEAVY EQUIPMENTS DEVELOPER",
  "M/S TOYOTA KIRLOSKAR PVT LTD": "M/S TOYOTA KIRLOSKAR",
  "KERALA AUTOMOBILES LTD": "KERALA AUTOMOBILES",
  "LOTEY AGRICULTURE WORKS": "LOTEY AGRICULTURE WORKS",
  "MAHINDR & MAHINDRA LTD": "MAHINDR",
  "INTERNATIONAL CARS & MOTORS LTD": "INTERNATIONAL CARS &",
  "M H AGRICULTURE WORKS": "M H AGRICULTURE WORKS",
  "AADITYA EMOTORS INDIA PVT LTD": "AADITYA EMOTORS",
  "GURDAIAL AGRO TECH": "GURDAIAL AGRO TECH",
  "AJAX FIORI ENGINEERING PVT LTD": "AJAX FIORI ENGINEERING",
  "MAHINDRA ELECTRIC MOBILITY LIMITED": "MAHINDRA",
  "KURUKSHETRA AUTOMOBILES (P) LTD.": "KURUKSHETRA AUTOMOBILES (P)",
  "HERO HONDA": "HERO",
  "AJANTA  AGRO": "AJANTA  AGRO",
  "NABHKIRAN AGRO IND.": "NABHKIRAN AGRO IND",
  "YO BIKE": "YO BIKE",
  "VE COMMERCIAL VEHICLES LTD (VOLVO BUSES DIVISION)": "VE COMMERCIAL VEHICLES (VOLVO BUSES DIVISION)",
  "SHRI SAKTHI VINAYAKA TRAILERS": "SHRI SAKTHI VINAYAKA TRAILERS",
  "JOHN DEERE EQUIPMENTPVTLTDPUNE": "JOHN DEERE EQUIPMENTPVTLTDPUNE",
  "BAYERISCHE MOTOREN WERKE AG": "BAYERISCHEEN WERKE AG",
  "EICHER POLARIS PVT. LTD.": "EICHER",
  "ARASAN AND CO.": "ARASAN AND",
  "WILLYS INDIA LTD": "WILLYS",
  "M/S ISUZU MOTORS INDIA PVT LTD": "M/S ISUZU",
  "Ford India Pvt Ltd": "FORD",
  "MAHINDRA & MAHINDRA LIMITED (SWARAJ DIVISION)": "MAHINDRA",
  "Kia India Private Limited": "KIA",
  "STAR BULL E MOTORS": "STAR BULL E",
  "TIL LIMITED": "TIL",
  "LOCAL": "LOCAL",
  "JANANI TRAILERS": "JANANI TRAILERS",
  "M/S. KIA INDIA PVT LTD.,": "M/S KIA",
  "TATA PASSENGER ELECTRIC MOBILITY LTD": "TATA",
  "TEREX EQUIPMENT P LTD": "TEREX EQUIPMENT P",
  "KTM MOTORRAD AG": "KTMRAD AG",
  "SANY HEAVY INDUSTRY INDIA PVT LTD": "SANY HEAVY INDUSTRY",
  "KRISHNA ENGINEERING WORKS": "KRISHNA ENGINEERING WORKS",
  "FORD.ECOSPORT 1.5 DIESEL TITANIUM MT BSVI": "FORD",
  "ROYAL ENFIELD": "ROYAL ENFIELD",
  "TOYOTA KIRLOSKAR MOTOR": "TOYOTA",
  "JOHN DEERE INDIA PVT LIMITED": "JOHN DEERE",
  "MANJIT AGRO WORKS": "MANJIT AGRO WORKS",
  "HINDUSTAN MOTOR CORPORATION": "HINDUSTAN CORPORATION",
  "HARVEST COMBINE": "HARVEST COMBINE",
  "GM DAEWOO AUTO & TECHNOLOGY CO": "GM DAEWOO AUTO & TECHNOLOGY CO",
  "BALDEV AUTO AGRO": "BALDEV AUTO AGRO",
  "TRACLAXX TRACTORS PVT LTD": "TRACLAXX TRACTORS",
  "VOLKSWAGON AG": "VOLKSWAGON AG",
  "ASIA MOTORS WORK LTD": "ASIA WORK",
  "Royal-Enfield (Unit of Eicher Ltd)": "ROYAL-ENFIELD (UNIT OF EICHER)",
  "MERCEDES-BENZ INDIA PVT., LTD.": "MERCEDES",
  "FERRARI INDIA PRIVATE LIMITED": "FERRARI",
  "SKODA AUTO AS": "SKODA",
  "JSW MG MOTOR INDIA PVT LTD": "JSW MG",
  "BENTLEY MOTORS LIMITED": "BENTLEY",
  "JAGUAR CARS LTD": "JAGUAR",
  "XUZHOU CONSTRUCTION CO LTD": "XUZHOU CONSTRUCTION CO",
  "TOYOTAKIRL": "TOYOTAKIRL",
  "ASIA BODY BUILDERS & MANUFACTURERS": "ASIA BODY BUILDERS & MANUFACTURERS",
  "RENAULT NISSAN AUTOMOTIVE INDIA PRIVATE LIMITED": "RENAULT",
  "Ashok Leyland Ltd": "ASHOK LEYLAND",
  "AMPERE VEHICLES PVT LTD": "AMPERE VEHICLES",
  "MAHINDRA &MAHINDRA LTD": "MAHINDRA",
  "HERO ELECTRIC VEHICLES PVT. LTD": "HERO",
  "GRD MOTORS": "GRD",
  "M/S.SRI.LAKSHMI NARASIMHA SWAMY AGRO INDUSTRIES": "M/SSRILAKSHMI NARASIMHA SWAMY AGRO INDUSTRIES",
  "SHRIMA ENGINEERING WORKS": "SHRIMA ENGINEERING WORKS",
  "HIND. MOT.": "HIND MOT",
  "M/S HINDUSTAN MOTOR FINANCE CORPORATION LTD": "M/S HINDUSTAN FINANCE CORPORATION",
  "BA LTD": "BA",
  "ESCORTS LIMITED (AGRI MACHINERY GROUP)": "ESCORTS",
  "DASMESH AGRICULTURAL INDUSTRIES PVT LTD": "DASMESH AGRICULTURAL INDUSTRIES",
  "ISHER 568": "ISHER 568",
  "AUDI AG D-85045 INGOLSTADT": "AUDI",
  "M/S. CLASSIC LEGENDS PVT LTD.": "M/S CLASSIC LEGENDS",
  "N S G AGRO INDUSTRIES": "N S G AGRO INDUSTRIES",
  "SHEHALPREET ENGG WORKS": "SHEHALPREET ENGG WORKS",
  "MARUTI IGNIS DELTA 1.2L AGS BSVI": "MARUTI",
  "AGRI TECH ENGINEER": "AGRI TECH ENGINEER",
  "NEW HOLLAND CONSTRUCTION EQUIPMENT(I) PVT.LTD.": "NEW HOLLAND CONSTRUCTION EQUIPMENT(I)LTD",
  "GENERAL MOTORS": "GENERAL",
  "NEW GAHIR AGRO INDUSTRIES": "NEW GAHIR AGRO INDUSTRIES",
  "ACTION CONSTRUCTION EQUIP LTD": "ACTION CONSTRUCTION EQUIP",
  "DASMESH MECHANICAL WORKS": "DASMESH MECHANICAL WORKS",
  "Mahindra & Mahindra Limited (Tractor)": "MAHINDRA",
  "MARUTI-SWIFT VXI 1.2L 5MT BSVI": "MARUTI",
  "M/S MG MOTOR INDIA PRIVATE LIMITED": "M/S MG PRIVATE",
  "NISSAN MOTORS": "NISSAN",
  "STANDARD TRACTORS": "STANDARD TRACTORS",
  "SAKTHI VINAYAKA ENG WORKS \u00a0\u00a0\u00a0\u00a0": "SAKTHI VINAYAKA ENG WORKS",
  "SWARAJ MAZDA": "SWARAJ",
  "MAHINDRA NAVISTAR AUTOMOTIVES LTD": "MAHINDRA",
  "HMT LIMITED": "HMT",
  "SUMFONL AUTO TRADERS PVT LTD": "SUMFONL AUTO TRADERS",
  "INNOVA CRYSTA 2.8 Z 7 SEATER BSIV": "TOYOTA",
  "HONDA MOTOR CO. LTD.": "HONDA",
  "SAYA AGRO INDUSTRIES": "SAYA AGRO INDUSTRIES",
  "CATERPILLAR INDIA P LTD": "CATERPILLAR P",
  "10.90 RHD F CAB DSD BS3": "10.90",
  "HYUNDAI MOTORS LTD, SOUTH KOREA": "HYUNDAI",
  "AMPERE VEHICLES PRIVATE LIMITED": "AMPERE VEHICLES PRIVATE",
  "GILL MECHANICAL WORKS": "GILL MECHANICAL WORKS",
  "STANDARD CORPORATION INDIA LTD": "STANDARD CORPORATION",
  "KARUMALAIAN AGRO INDUSTRY": "KARUMALAIAN AGRO INDUSTRY",
  "VISWANATH INDUSTRIES,BBSR": "VISWANATH INDUSTRIES,BBSR",
  "ESCORTS LIMITED (CONSTRUCTION EQUIPMENT)": "ESCORTS",
  "ACTION CON": "ACTION CON",
  "EVERGREEN AGRO AGENCIES": "EVERGREEN AGRO AGENCIES",
  "LOCAL TRAILER MANUFACTURER": "LOCAL TRAILER MANUFACTURER",
  "SWARAJ AUTOMOTIVES LTD": "SWARAJ",
  "MAJESTIC AUTO LTD": "MAJESTIC AUTO",
  "KERALAAUTO": "KERALAAUTO",
  "TUFAN MOTORS PVT LTD": "TUFAN",
  "MARUTI BALENO ZETA 1.2L ISS AGS BSVI": "MARUTI",
  "KELVINATOR INDIA LTD": "KELVINATOR",
  "LOVEJEET AGRO INDUSTRY": "LOVEJEET AGRO INDUSTRY",
  "DAKSH INDUSTRIES": "DAKSH INDUSTRIES",
  "PUNJAB TRACTORS LTD": "PUNJAB TRACTORS",
  "PIAGGIO VEHICLES PVT. LTD.,": "PIAGGIO VEHICLES",
  "JEET AGRO INDUSTRIES": "JEET AGRO INDUSTRIES",
  "TATA INTERNATIONAL VEHICLE APPLICATIONS PVT LTD": "TATA",
  "RAM CHAND & SONS": "RAM CHAND & SONS",
  "PCA AUTOMOBILES INDIA PVT LTD": "PCA AUTOMOBILES",
  "TEREX CORPORATION": "TEREX CORPORATION",
  "SONALIKA INTERNATIONAL TRACTORS LIMITED": "SONALIKA INTERNATIONAL TRACTORS",
  "HOSIELCAR ": "HOSIELCAR",
  "CRETA 1.5 CRDI MT-SX BSVI-PH2": "HYUNDAI",
  "GURM AGRICULTURE WORKS": "GURM AGRICULTURE WORKS",
  "TOP TEAM MACHINES PVT LTD": "TOP TEAM MACHINES",
  "MAHINDRA BOLERO NEO  N8 BSVI": "MAHINDRA",
  "TOYOTA MOTOR CORPORATION,JAPAN": "TOYOTA",
  "TVS MOTOR CO. LTD.": "TVS",
  "I20 SPORTZ 1.2 KAPPA MT BSVI-PH2": "HYUNDAI",
  "HOOGHLY MOTORS PVT LTD": "HOOGHLY",
  "MARUTI FRONX ISS  DELTA+ 1.2L AGS ESP BSVI-PH2": "MARUTI",
  "CASE NEW HOLLAND CONSTRUCTION EQUIPMENT(I) PVT LTD": "CASE NEW HOLLAND CONSTRUCTION EQUIPMENT(I)",
  "JIWAN AGRICULTURAL IMPLEMENTS WORKSHOP CIS LTD": "JIWAN AGRICULTURAL IMPLEMENTS WORKSHOP CIS",
  "BALJEET ENGINEERING WORKS": "BALJEET ENGINEERING WORKS",
  "M/S SRISAIBABA INDUSTRIES": "M/S SRISAIBABA INDUSTRIES",
  "Bajaj Auto Ltd": "BAJAJ",
  "EICH TRA L": "EICH TRA L",
  "GAHIR INDUSTRIES": "GAHIR INDUSTRIES",
  "11.10 HD RHD H CAB & HSD BSII": "11.10",
  "KALSI ENGINEERING WORKS": "KALSI ENGINEERING WORKS",
  "SUZUKI MOTORCYCLE I PVT LTD": "SUZUKI",
  "SHRIRAJ ELECTRIC VEHICLES": "SHRIRAJ ELECTRIC VEHICLES",
  "FERRARI S.P.A": "FERRARI",
  "DOST+RLS-FSD-PS-195R15C-8PR BSVI": "ASHOK LEYLAND",
  "MARUTI ERTIGA SMARTHYBRID ZXI+ 1.5L 5M BSVI-PH2": "MARUTI",
  "NISSAN KICKS XV PETROL BSVI": "NISSAN",
  "AJAX FIORI ENGINEERING  PVT LTD": "AJAX FIORI ENGINEERING",
  "GURUNANAK AGRI. ENG. WORKS": "GURUNANAK AGRI ENG WORKS",
  "VOLKSWAGON": "VOLKSWAGON",
  "MAHINDRA  MAHINDRA LTD*": "MAHINDRA",
  "MAHINDRA AND MAHINDRA": "MAHINDRA",
  "EICHER PRO 3019 M SLEEPER CAB&HSD BSVI": "EICHER",
  "PRESTIGE TC III WT50TCIII LWB BUS SEMIDELUXE": "PRESTIGE TC III WT50TCIII LWB BUS SEMIDELUXE",
  "GURU NANAK AGRI ENGG WORKS": "GURU NANAK AGRI ENGG WORKS",
  "TVS SUZUKI": "TVS",
  "TATA PUNCH PURE 1.2P-MT BSVI-PH2": "TATA",
  "UDAYAM TRAILER": "UDAYAM TRAILER",
  "IINTERNATIONAL CARS&MOTORS LTD": "IINTERNATIONAL CARS&MOTORS",
  "TATA ENGG AND LOCO CO.": "TATA",
  "TERRA MOTORS INDIA PVT LTD": "TERRA",
  "SKODA SLAVIA 1.0L TSI 85KW AT STYLE BSVI": "SKODA",
  "GREAVES INDIA PVT LTD": "GREAVES",
  "SATRAC ENGINEERING PVT LTD": "SATRAC ENGINEERING",
  "DEMAG DEMAG HC 340": "DEMAG DEMAG HC 340",
  "M/S SML ISUZU LIMITED": "M/S SML ISUZU",
  "TM LTD": "TM",
  "API MOTORS PVT LTD": "API",
  "SCOOTERS INDIA LTD": "SCOOTERS",
  "OLA ELECTRIC TECHNOLOGIES PVT LTD": "OLA ELECTRIC TECHNOLOGIES",
  "MYTRAH MOBILITY PVT LTD": "MYTRAH MOBILITY",
  "AJAX ENGINEERING PVT LTD": "AJAX ENGINEERING",
  "CITY 1.5 S MT (I-VTEC) BSIV": "CITY",
  "MAHINDRA &amp; MAHINDRA LTD,": "MAHINDRA",
  "FUJI HEAVY INDUSTRIES LTD.": "FUJI HEAVY INDUSTRIES",
  "ESCORTS KUBOTA LIMITED (CONSTRUCTION EQUIPMENT": "ESCORTS",
  "M/S SHRIRAM AUTO TECH PVT LTD": "M/S SHRIRAM AUTO TECH",
  "BADA DOST I4TNDD NON-AC -LB BSVI": "ASHOK LEYLAND",
  "BHAGWAN AGRO INDUSTRIES": "BHAGWAN AGRO INDUSTRIES",
  "FIAT INDIA AUTOMOBILES LTD": "FIAT",
  "MARUTISWIFT DZIRE-VDI (O) BSIV": "MARUTI",
  "SOORAJ AUTOMOBILES LTD.": "SOORAJ AUTOMOBILES",
  "MAHINDRA & MAHINDRA LIMITED (TRACTOR": "MAHINDRA",
  "Honda Motorcycle and Scooter India (P) Ltd": "HONDA",
  "I20 ASTA 1.2 KAPPA MT BSVI": "HYUNDAI",
  "CONTINENTAL ENGINES PVT LTD": "CONTINENTAL ENGINES",
  "Isuzu Motors India Pvt Ltd": "ISUZU",
  "TATA ACE MEGA XL BSIV": "TATA",
  "SKODA SLAVIA 1.5L TSI 110KW MT STYLE BSVI": "SKODA",
  "P AND P ENGG": "P AND P ENGG",
  "DASHMESH AGRICULTURE WORKS": "DASHMESH AGRICULTURE WORKS",
  "DODGE MOTORS": "DODGE",
  "UTTAM CONSTRUCTION EQUIPMENTS": "UTTAM CONSTRUCTION EQUIPMENTS",
  "SUPREME ZT54E D ELWB DRIVE AWAY CHASSIS BSIV": "SUPREME",
  "KRANTI AUTOMOBILES LIMITED": "KRANTI AUTOMOBILES",
  "ARYA MOTORS": "ARYA",
  "Bull Machines Pvt Ltd": "BULL MACHINES",
  "VINAYAK INDUSTRIES": "VINAYAK INDUSTRIES",
  "HARDEV AGRO TECH": "HARDEV AGRO TECH",
  "MARUTI EECO 5STR AC (O)CNG 1.2L 5MT BSVI": "MARUTI",
  "VOLVO INDIA PRIVATE LIMITED": "VOLVO",
  "FORD(ILTD": "FORD",
  "EICHER PRO 2110 H CAB & HSD(EW) BSVI-PH2": "EICHER",
  "ESCORTS KUBOTA LIMITED (AGRI MACHINERY GROUP": "ESCORTS",
  "BHARATH ENGINEERING WORKS": "BHARATH ENGINEERING WORKS",
  "SRINIVASA AGRO INDUSTRIES": "SRINIVASA AGRO INDUSTRIES",
  "SCORPIO-N D AT 2WD Z8L 6S NE BSVI": "MAHINDRA",
  "MARUTI ALTO K10-VXI BSIV": "MARUTI",
  "VIJAYS COOLMAX PRIVATE LIMITED": "VIJAYS COOLMAX PRIVATE",
  "HINDUSTAN MOTORS LTD": "HINDUSTAN",
  "JIJO ELECTRIC WHEELS PVT LTD": "JIJO ELECTRIC WHEELS",
  "T D V LTD.": "T D V",
  "THUKRAL ELECTRIC BIKES PVT LTD": "THUKRAL ELECTRIC BIKES",
  "MARUTI": "MARUTI",
  "TATA ENGG & LOCO LTD": "TATA",
  "H-D MOTOR COMPANY INDIA PVT LTD": "H-D",
  "HYUNDAI": "HYUNDAI",
  "SWARAJ MAZDA LTD.": "SWARAJ",
  "ECOMET 1212 E4/4 BSIV": "ECOMET",
  "VOLKSWAGEN AG": "VOLKSWAGEN",
  "TATA NEXON XMA (S) 1.2 RTN BS6 BSVI": "TATA",
  "DAIMLER(ICOMMERCIAL VEH P LTD": "DAIMLER(ICOMMERCIAL VEH P",
  "DSK MOTOWHEELS PVT LTD.": "DSK MOTOWHEELS",
  "ARUL MOTORS": "ARUL",
  "CITY 1.5 ZX MT (I-DTEC) BSIV": "CITY",
  "SHRI GOGULAM FARM EQUIPMENTS": "SHRI GOGULAM FARM EQUIPMENTS",
  "MANKU AGRO TECH. PVT. LTD.": "MANKU AGRO TECH",
  "COLES CRANE": "COLES CRANE",
  "BAJAJTEMPO": "BAJAJTEMPO",
  "11.10 HD RHD H CAB & HSD BS III": "11.10",
  "SAKTHI VINAYAKA ENG WORKS": "SAKTHI VINAYAKA ENG WORKS",
  "HONDA MOTORCYCLE(I)P L": "HONDA",
  "S.S. AGRO TECH": "SS AGRO TECH",
  "MAHINDRA BOLERO CITY PIK-UP 1.4 PS BSVI": "MAHINDRA",
  "YC ELECTRIC VEHICLE": "YC ELECTRIC VEHICLE",
  "K.S AGROTECH": "KS AGROTECH",
  "KIA SELTOS D1.5 CRDI VGT 6MT HTX PLUS BSVI": "KIA",
  "LAISH MADISON MOTOR WORKS PVT LTD": "LAISH MADISON WORKS",
  "ROYAL ENFIELD MOTORS": "ROYAL ENFIELD",
  "INDIA AUTO LIMITED": "INDIA AUTO",
  "BROOKE BOND INDIA LTD": "BROOKE BOND",
  "GRAND I10 ASTA 1.2 BSIV": "HYUNDAI",
  "RENAULT KIGER RXT PETROL EASY-R -1.0L ECE BSVI": "RENAULT",
  "PREET TRACTORS PVT. LTD.": "PREET TRACTORS",
  "INDIRA STEEL INDUSTRIES": "INDIRA STEEL INDUSTRIES",
  "SMV": "SMV",
  "M.S. AGRO INDUSTRIES": "MS AGRO INDUSTRIES",
  "Volvo Auto India Pvt Ltd": "VOLVO",
  "MAHINDRA VEHICLE MANUFACTURER LIMITED": "MAHINDRA",
  "RAM AGRO INDUSTRIES": "RAM AGRO INDUSTRIES",
  "CRETA 1.4 CRDI E+ BSIV": "HYUNDAI",
  "VAUXHALL MOTORS LTD": "VAUXHALL",
  "PREET AGRO INDUSTRIES PVT LTD": "PREET AGRO INDUSTRIES",
  "FIAT(I)LTD": "FIAT",
  "TIL LTD": "TIL",
  "MAHINDRA NAVISTAR AUTOMOTIVES": "MAHINDRA",
  "MAHESH ENGINEERING WORKS": "MAHESH ENGINEERING WORKS",
  "RUDRA AUTO INDUSTRIES": "RUDRA AUTO INDUSTRIES",
  "A J S": "A J S",
  "KYB CONMAT PVT LTD": "KYB CONMAT",
  "KHALSA  AGRO INDUSTRIES": "KHALSA  AGRO INDUSTRIES",
  "ROLLS ROYCE": "ROLLS ROYCE",
  "SYN AUTO SOLUTIONS PVT LTD": "SYN AUTO SOLUTIONS",
  "MARUTI TRAILERS": "MARUTI",
  "VAIBHAV AUTO INDUSHRIES": "VAIBHAV AUTO INDUSHRIES",
  "RACE AUTOMOTIVES PVT. LTD.": "RACE AUTOMOTIVES",
  "LOTEY AGRO INDUSTRY": "LOTEY AGRO INDUSTRY",
  "WIRTGEN INDIA PVT LTD": "WIRTGEN",
  "MARUTI OMNI E MPI STD BSIV": "MARUTI",
  "SHRI LAXMI ENGINEERING WORKS": "SHRI LAXMI ENGINEERING WORKS",
  "MAHARASTRA SCOOTER LIMITED": "MAHARASTRA SCOOTER",
  "SUNRISE AUTO INDUSTRIES LTD": "SUNRISE AUTO INDUSTRIES",
  "Sany Heavy Industry India Pvt Ltd": "SANY HEAVY INDUSTRY",
  "INDIAN MOTORS": "INDIAN",
  "MAHINDRA  MAHINDRA LTD": "MAHINDRA",
  "SPEEGO VEHICLES CO PVT LTD": "SPEEGO VEHICLES CO",
  "KINETIC HONDA MOTOR LIMITED": "KINETIC HONDA",
  "BLUE ENERGY COMMERCIAL VEHICLES PVT. LTD.": "BLUE ENERGY COMMERCIAL VEHICLES",
  "LAND ROVER": "LAND ROVER",
  "CHATELEC VEHICLES INDIA LTD": "CHATELEC VEHICLES",
  "HIND AGRO INDUSTRIES": "HIND AGRO INDUSTRIES",
  "JOHNSON TRACTORS & MOTORS PVT. LTD.": "JOHNSON TRACTORS &",
  "MARUTIGRANDVITARASMARTHYBRID ZETA 1.5L 5MT BSVI": "MARUTIGRANDVITARASMARTHYBRID",
  "THAR LX D MT 4WD 4S HT BSVI": "MAHINDRA",
  "M/S MAHINDRA & MAHINDRA": "M/S MAHINDRA",
  "M/S.SEETHARAMA ENGINEERING WOR": "M/SSEETHARAMA ENGINEERING WOR",
  "TOYOTA": "TOYOTA",
  "TATA ALTROZ XZ 1.2 RTN BS6 BSVI": "TATA",
  "VOLVO CE INDIA PRIVATE LIMITED": "VOLVO",
  "POLO TSI MT BSVI-COMFORTLINE BSVI": "VOLKSWAGEN",
  "ROYAL-ENFIELD (UNIT OF EICHER LTD": "ROYAL-ENFIELD (UNIT OF EICHER",
  "RENAULT KWID RXL BSIV": "RENAULT",
  "MARUTI EECO 5 STR AC (O) 1.2L 5MT BSVI": "MARUTI",
  "INDERPREET AGRO INDUSTRIES": "INDERPREET AGRO INDUSTRIES",
  "AGRO INDUSTRIES": "AGRO INDUSTRIES",
  "MLR AUTO LTD": "MLR AUTO",
  "Others": "OTHERS",
  "KIN. HONDA": "KIN HONDA",
  "CHANADAN AGRO IND.": "CHANADAN AGRO IND",
  "I20 ASTA 1.0 TURBO GDI IMT BSVI": "HYUNDAI",
  "MARUTI SUZUKI": "MARUTI",
  "REVOLT INTELLICORP PVT LTD": "REVOLT INTELLICORP",
  "INDO FARM EQUIP. LTD.": "INDO FARM EQUIP",
  "NIL": "NIL",
  "RAMGARHIA MECHANICAL WORKS": "RAMGARHIA MECHANICAL WORKS",
  "INGERSOLL RAND INDIA LTD.": "INGERSOLL RAND",
  "TATA ADVANCED SYSTEMS LTD": "TATA",
  "DAIMLER CHRYSLER INDIA P LTD": "DAIMLER CHRYSLER P",
  "RSD SECURITY SOLUTIONS PVT LTD": "RSD SECURITY SOLUTIONS",
  "EICHER PRO 1110 H CAB & HSD(101KW) BSIV": "EICHER",
  "KINETIC ENGINEERING": "KINETIC ENGINEERING",
  "FORD ECOSPORT 1.5 DIESEL TITANIUM+ MT(O),S BSVI": "FORD",
  "M/S INDO FARM INDUSTRIES LIMITED": "M/S INDO FARM INDUSTRIES",
  "DOST RLS HSD-PS-185R14LT;8PR BSVI": "ASHOK LEYLAND",
  "M/S VARA LAKSHMI ENGINEERING WORKS": "M/S VARA LAKSHMI ENGINEERING WORKS",
  "D M AGRO INDUSTRIES": "D M AGRO INDUSTRIES",
  "CITY 1.5 VX MT (I-VTEC) BSIV": "CITY",
  "DASHMESH MECH WORKS PVT LTD": "DASHMESH MECH WORKS",
  "DUCATI MOTOR HOLDING S.P.A": "DUCATI HOLDING SPA",
  "MERC BENZ": "MERC BENZ",
  "BOSE ENTERPRISE": "BOSE ENTERPRISE",
  "NEW HIND AGRO PVT. LTD": "NEW HIND AGRO",
  "R.K.TRAILORS": "RKTRAILORS",
  "FALCON INDIA LTD": "FALCON",
  "DASMESH AGRICULTURE WORKS": "DASMESH AGRICULTURE WORKS",
  "MARUTI - DZIRE ZXI 1.2L 5MT BSVI": "MARUTI",
  "GODREJ AND BOYCE MFG CO LTD": "GODREJ AND BOYCE MFG CO",
  "KABMAX ELECTRIC AUTOMOBILES PVT. LTD": "KABMAX ELECTRIC AUTOMOBILES",
  "VW TAIGUN GT PLUS 1.5L TSI 110KW DSG BSVI": "VOLKSWAGEN",
  "P B NATIONAL AGRICULTURE WORKS": "P B NATIONAL AGRICULTURE WORKS",
  "KIROL GHATGE PATIL AUTO": "KIROL GHATGE PATIL AUTO",
  "AWACHAT INDUSTRIES LTD": "AWACHAT INDUSTRIES",
  "GURU NANAK AGRO INDUSTRIES": "GURU NANAK AGRO INDUSTRIES",
  "IDEAL JAWA INDIA PVT LTD": "IDEAL JAWA",
  "Renault India Pvt Ltd": "RENAULT",
  "M/S. OLA ELECTRIC TECHNOLOGIES PVT.LTD.": "M/S OLA ELECTRIC TECHNOLOGIESLTD",
  "MANITOU EQUIPMENT INDIA PVT LTD": "MANITOU EQUIPMENT",
  "SANTKRUPA ENGG WORKS": "SANTKRUPA ENGG WORKS",
  "MASERATI S.P.A": "MASERATI SPA",
  "PAL PEUGOT LTD": "PAL PEUGOT",
  "FORTUNER SIGMA 4 AT BSVI-PH2": "TOYOTA",
  "ASHLEY PL HAUWEL TRAILER": "ASHLEY PL HAUWEL TRAILER",
  "F C A INDIA PVT LTD": "F C A",
  "JCBINDIA": "JCBINDIA",
  "P.V.P.LTD.": "PVPLTD",
  "HINDUSTAN MOTORS": "HINDUSTAN",
  "TITAGARH AGRICO (P) LTD": "TITAGARH AGRICO (P)",
  "BYD INDIA PRIVATE LIMITED": "BYD PRIVATE",
  "M/S. RAVI ENGINEERING WORKS": "M/S RAVI ENGINEERING WORKS",
  "MARUTISWIFT DZIRE-VDI BSIV": "MARUTI",
  "SKODAAUTO ": "SKODAAUTO",
  "SKODA KUSHAQ 1.0L TSI (85KW) MT STYLE BSVI": "SKODA",
  "MARUTI XL6 SMART HYBRID AUTOMATIC ZETA BSVI": "MARUTI",
  "NIPUN SANYANTRA PVT LTD": "NIPUN SANYANTRA",
  "RAJIV RAJ VEHICLES PVT LTD": "RAJIV RAJ VEHICLES",
  "S.M. LTD.": "SM",
  "SHIVA INDUSTRIES": "SHIVA INDUSTRIES",
  "ATLAS AUTO INDUSTRIES \u00a0\u00a0\u00a0\u00a0\u00a0\u00a0\u00a0\u00a0": "ATLAS AUTO INDUSTRIES",
  "A R AGRO TECH": "A R AGRO TECH",
  "KISSAN AGRO INDUSTRIES": "KISSAN AGRO INDUSTRIES",
  "M/S SCHWING STETTER (INDIA) PRIVATE LIMITED": "M/S SCHWING STETTER (INDIA) PRIVATE",
  "HD MOTOR COMPANY INDIA PVT LTD": "HD",
  "DHIMAN AGRICULTURAL WORKS": "DHIMAN AGRICULTURAL WORKS",
  "RENAULT KWID RXT 1.0 SCE BSIV": "RENAULT",
  "EMER S.P.A": "EMER SPA",
  "INNOVA CRYSTA 2.4 V (8S) BSIV": "TOYOTA",
  "ISHWAR FARMLINE EQUIPMENTS": "ISHWAR FARMLINE EQUIPMENTS",
  "M/S PCA AUTOMOBILES INDIA PVT. LTD": "M/S PCA AUTOMOBILES",
  "MAHINDRA LAST MILE MOBILITY LTD": "MAHINDRA",
  "LAXMI TRAILERS": "LAXMI TRAILERS",
  "JMSSP AGRO INDUSTRIES PVT LTD": "JMSSP AGRO INDUSTRIES",
  "CA1215/39 H CC BSVI-PH2": "CA1215/39",
  "CRETA 1.4 CRDI-S BSIV": "HYUNDAI",
  "HARESH STEEL AGRO INDUSTRIES": "HARESH STEEL AGRO INDUSTRIES",
  "AMBAL AUTOS": "AMBAL AUTOS",
  "BHM INDUSTRIES": "BHM INDUSTRIES",
  "RAVI ENGG WORKS": "RAVI ENGG WORKS",
  "GLOBAL AUTOMOBILES PVT LTD": "GLOBAL AUTOMOBILES",
  "HOVEL CYLINDER PVT LTD": "HOVEL CYLINDER",
  "SCTR(I)LTD": "SCTR(I)LTD",
  "XUZHOU CONSTRUCTION MACHINERY GROUP CO. LTD, CHINA": "XUZHOU CONSTRUCTION MACHINERY GROUP, CHINA",
  "M/S MASERATI SPA": "M/S MASERATI SPA",
  "FIAT INDIA AUTOMOBILES PVT LTD": "FIAT",
  "LAMBRETTA MOTORCYCLES AND SCOOTERS": "LAMBRETTACYCLES AND SCOOTERS",
  "KIA MOTORS CORPN": "KIA",
  "KALINGA VENTURES INDIA PVT LTD": "KALINGA VENTURES",
  "ZOOMLION INDIA PVT LTD": "ZOOMLION",
  "A D AGRO WORKS": "A D AGRO WORKS",
  "OLECTRA GREENTECH LTD": "OLECTRA GREENTECH",
  "M/S MALKIT AGROTECH PVT LTD": "M/S MALKIT AGROTECH",
  "ECO SMART VEHICLES PVT LTD": "ECO SMART VEHICLES",
  "NEW GURDIAL AGRO INDUSTRIES": "NEW GURDIAL AGRO INDUSTRIES",
  "TATA BOLT XE QJET 75PS BSIV": "TATA",
  "PLANET 7 INTERNATIONAL": "PLANET 7 INTERNATIONAL",
  "KIA SELTOS D1.5 CRDI VGT 6AT GTX PLUS BSVI": "KIA",
  "ESCORTS CONST EQUIPMENT LTD": "ESCORTS",
  "Volkswagen India Pvt Ltd": "VOLKSWAGEN",
  "GROVE, UNITED STATES": "GROVE, UNITED STATES",
  "SAERA ELECTRIC AUTO PVT LTD": "SAERA ELECTRIC AUTO",
  "MARUTI-VITARA BREEZA ZDI AMT BSIV": "MARUTI",
  "CHRYSLER MOTORS PVT LTD": "CHRYSLER",
  "Jcb India Limited": "JCB",
  "KAMAZ INDUSTRIES": "KAMAZ INDUSTRIES",
  "HERO MOTORS": "HERO",
  "EICHER PRO 2095XP J CAB & HSD(SL-EW) BSVI": "EICHER",
  "ANBU TRAILERS": "ANBU TRAILERS",
  "CLASSIC LEGENDS PVT LTD": "CLASSIC LEGENDS",
  "HMT LTD": "HMT",
  "Hero MotoCorp Ltd": "HERO",
  "MARUTI- SWIFT VXI 1.2L 5MT BSVI": "MARUTI",
  "MLR MOTOR (P) LTD.,": "MLR (P)",
  "INDIAN STRUCTURAL CO. P. LTD.": "INDIAN STRUCTURAL P",
  "NEW HIND AGRO PVT LTD": "NEW HIND AGRO",
  "TATA PUNCH CRE 1.2P BS6 MT BSVI": "TATA",
  "PREMIER AUTOMOBILES": "PREMIER AUTOMOBILES",
  "TRIUMPH MOTORCYCLES (INDIA) PVT LTD": "TRIUMPHCYCLES (INDIA)",
  "HOLLAND TRACTORS PVT LTD": "HOLLAND TRACTORS",
  " SRI LAXMI ENGINEERING & MOTOR WORKS": "SRI LAXMI ENGINEERING & WORKS",
  "SUNDARALAKSHMI INDUSTRIES": "SUNDARALAKSHMI INDUSTRIES",
  "TATA TIGOR XZ+ 1.2 RTN BS6 BSVI": "TATA",
  "KUMAR MOTORS PVT LTD": "KUMAR",
  "BHARAT MANUFACTURING & ASSEMBLING E RIKSHA": "BHARAT MANUFACTURING & ASSEMBLING E RIKSHA",
  "TITAGARH AGRICO (P LTD": "TITAGARH AGRICO (P",
  "GM DAEWOO AUTO  CO": "GM DAEWOO AUTO  CO",
  "JAGDISH AUTO INDUSTRIES": "JAGDISH AUTO INDUSTRIES",
  "ESCORTS AUTOMOTIVE LTD": "ESCORTS",
  "M/S.AJAX ENGINEERING PRIVATE LIMITED": "M/SAJAX ENGINEERING PRIVATE",
  "MAHINDRA JEETO PLUS-16 BSIV BSIV": "MAHINDRA",
  "Volvo Buses India Pvt Ltd": "VOLVO",
  "MAHINDR  LTD": "MAHINDR",
  "SWARAJ MAZDA LTD": "SWARAJ",
  "MARUTI ERTIGA SMART HYBRID VXI 1.5L 6AT BSVI": "MARUTI",
  "KINETIC ENGINEERING LTD": "KINETIC ENGINEERING",
  "SHRILAKSHMI BODY BUILDER WORKS": "SHRILAKSHMI BODY BUILDER WORKS",
  "BISTI WELDING AND LATHE WORKS": "BISTI WELDING AND LATHE WORKS",
  "MAHINDRA JEETO PLUS-16 BSVI": "MAHINDRA",
  "AP SCOOTERS LTD": "AP SCOOTERS",
  "DAIMLER CHRYSLER INDIA PVT LTD": "DAIMLER CHRYSLER",
  "KION INDIA PVT LTD": "KION",
  "A P TRAILERS": "A P TRAILERS",
  "KULAR AGRO WORKS": "KULAR AGRO WORKS",
  "DR.ING H.C.F.PORSCHE": "DRING HCFPORSCHE",
  "PANESAR AGRO TECH": "PANESAR AGRO TECH",
  "TOYOTA MATERIAL HANDLING INDIA PVT LTD": "TOYOTA",
  "AUTOMOBILE PRODUCTS OF INDIA": "AUTOMOBILE PRODUCTS OF",
  "SATNAM ENGG WORKS": "SATNAM ENGG WORKS",
  "TATA": "TATA",
  "JCB INDIA LTD.,": "JCB",
  "M/S DASMESH AGRICULTURAL INDUSTRIES PVT. LTD.,": "M/S DASMESH AGRICULTURAL INDUSTRIES",
  "DESOTO MOTORS": "DESOTO",
  "MARUTI VITARA BREZZA ZDI BSIV": "MARUTI",
  "RAMJI AGRO INDUSTRIES": "RAMJI AGRO INDUSTRIES",
  "APOLLO CARMIX EQUIPMENTS PVT LTD": "APOLLO CARMIX EQUIPMENTS",
  "ENFIELDIND": "ENFIELDIND",
  "PUNJAB AGRO IMPLEMENTS INDUSTRIES": "PUNJAB AGRO IMPLEMENTS INDUSTRIES",
  "I20-SPORTZ + VTVT BSIV": "HYUNDAI",
  "JEEP COMPASS LIMITED 2.0D BSIV": "JEEP",
  "VMT INDUSTRIES PVT LTD": "VMT INDUSTRIES",
  "AUTOMOBILI LAMBORGHINI SPA": "AUTOMOBILI LAMBORGHINI SPA",
  "ABRA MOTORS PVT LTD": "ABRA",
  "Nissan Motor India Pvt Ltd": "NISSAN",
  "LAMBORGHINI": "LAMBORGHINI",
  "TAFE LTD": "TAFE",
  "V.T. ENGINEERING": "VT ENGINEERING",
  "M/S SRI BADESHWARA ARGO INDUSTRIES": "M/S SRI BADESHWARA ARGO INDUSTRIES",
  "MINTO MOTOR LTD": "MINTO",
  "BAJAJ IMPLEMENTS PVT LTD": "BAJAJ",
  "M/S HINDUSTAN MOTORS LIMITED": "M/S HINDUSTAN",
  "KAYAMEL MACHINE PRIVATE LTD": "KAYAMEL MACHINE PRIVATE",
  "SUZUKIMCY": "SUZUKIMCY",
  "MARUTI SUZUKI AUTOMOBILE INDIA": "MARUTI",
  "AMAZE 1.2 S CVT(I-VTEC) BSIV": "AMAZE",
  "TOYOTA MOTOR CORPORATION,": "TOYOTA",
  "MAHINDRA DEFENCE SYSTEMS LTD": "MAHINDRA",
  "PATMAVATI MOTORS": "PATMAVATI",
  "P.LA.ENGINEERING WORKS": "PLAENGINEERING WORKS",
  "SHANMUKESHWARA AGRO IND": "SHANMUKESHWARA AGRO IND",
  "ROOP MECHANICAL WORKS": "ROOP MECHANICAL WORKS",
  "AMAZE MMC 1.2 VX CVT (I-VTEC) BSVI": "AMAZE",
  "RUPAL AGRO IND": "RUPAL AGRO IND",
  "EA 1920/66 H 33 FT LS COWL 295/90 R 20 BSVI": "EA",
  "DILLI ELECTRIC AUTO PVT LTD": "DILLI ELECTRIC AUTO",
  "ROADSTER AUTOMOBILES PVT. LTD": "ROADSTER AUTOMOBILES",
  "MITSUBISHI - IMPORTED": "MITSUBISHI",
  "MAHINDRA GUJARAT TRACTOR LIMITED": "MAHINDRA",
  "TATA ENGG. AND LOCO CO": "TATA",
  "MARUTI VITARA BREZZA VDI BSIV": "MARUTI",
  "ULTRA1918.T 5L TRUCK CHASS WTH SLP TILTCAB BSVI": "ULTRA1918.T",
  "Skoda Auto India Pvt Ltd": "SKODA",
  "OMEGA CONST. EQUIPT. PVT. LTD.": "OMEGA CONST EQUIPT",
  "SHILPA  INDUSTRIES": "SHILPA  INDUSTRIES",
  "MERCEDES BENZ INDIA LIMITED": "MERCEDES",
  "VW POLO 1.5 TDI 66KW HIGHLINE PLUS BSIV": "VOLKSWAGEN",
  "PRAKASH METAL": "PRAKASH METAL",
  "HARJAS AGRO INDUSTRIES": "HARJAS AGRO INDUSTRIES",
  "TVSMOTORCO": "TVSMOTORCO",
  "INTERNATIONAL CARS&MOTORSLTDHP": "INTERNATIONAL CARS&MOTORSLTDHP",
  "BALU RAJA MOTORS": "BALU RAJA",
  "SHRI PAVAN INDUSTRIES": "SHRI PAVAN INDUSTRIES",
  "R  KWID RXT CLIMBER OP PETROL EASY-R1.0SCE BSVI": "RENAULT",
  "ESCCONEQUI": "ESCCONEQUI",
  "ANDAL MOTORS": "ANDAL",
  "SOORAJ AUTOMOBILES LTD": "SOORAJ AUTOMOBILES",
  "MARUTI ERTIGA SMART HYBRID ZXI+ 1.5L 5MT BSVI": "MARUTI",
  "BOMBAY CYCLE & MOTOR AGENCY LIMITED": "BOMBAY CYCLE & AGENCY",
  "SAKTHIVEL TRAILER WORKS": "SAKTHIVEL TRAILER WORKS",
  "DOST+RLS-FSD-PS-195R15LT BSVI": "ASHOK LEYLAND",
  "SUZUKI MOTORCYCLE (I) PVT LTD": "SUZUKI",
  "MARUTI BREZZA SMART HYBRID ZXI 1.5L 6AT BSVI": "MARUTI",
  "M/S SRI RAMA ENG.CO": "M/S SRI RAMA ENGCO",
  "VENUE 1.0 TURBO GDI IMT SX BSVI": "HYUNDAI",
  "DAEWOO JINWOO MOTORS (CRANE)": "DAEWOO",
  "Tata Motors Passenger Vehicles Ltd": "TATA",
  "MAN FORCE TRUCKS PVT.LTD": "MAN FORCE TRUCKSLTD",
  "HUMMER": "HUMMER",
  "MAHINDRA KUV100 K8 MFALCON D75 6 SEATER BSIV": "MAHINDRA",
  "SETH INDUSTRIAL CORPORATION": "SETH INDUSTRIAL CORPORATION",
  "PL HAULWEL TRAILERS": "PL HAULWEL TRAILERS",
  "UM LOHIA TWO WHEELERS PVT LTD": "UM LOHIA TWO WHEELERS",
  "MOMI ENGINEERING WORKS": "MOMI ENGINEERING WORKS",
  "NEW HOLLAND FIAT INDIA PVT. LTD.": "NEW HOLLAND FIAT",
  "TATA HITACHI MACHINERY CONSTRUCTION LIMITED": "TATA",
  "Rolls Royce Motor (Importer: KUN Motor)": "ROLLS ROYCE",
  "SONI E VEHICLE PVT LTD": "SONI E VEHICLE",
  "MAHINDRA RENAULT PRT LIMITED": "MAHINDRA",
  "SHRI VENKATESHWARA ENGINEERING WORKS": "SHRI VENKATESHWARA ENGINEERING WORKS",
  "TATA NEXON-XZA+ 1.2 RTN BSIV": "TATA",
  "MARUTI-SWIFT ZXI 1.2L 5MT BSVI": "MARUTI",
  "ZENIAK INNOVATION INDIA LTD": "ZENIAK INNOVATION",
  "DALIP SINGH & SONS": "DALIP SINGH & SONS",
  "JAZZ 1.2 ZX CVT (I-VTEC) BSVI": "JAZZ",
  "BEST WAY AGENCIES PVT LTD": "BEST WAY AGENCIES",
  "KUBOTA AGRICULTURAL MACHINERY INDIA PVT.LTD.": "KUBOTA AGRICULTURAL MACHINERYLTD",
  "ASHOK LEYLAND JOHN DEERE CONST EQUIP COMP PVT LTD": "ASHOK LEYLAND",
  "GAYATRI ENGINEERING WORKS": "GAYATRI ENGINEERING WORKS",
  "VOLVO BUSES INDIA PVT LTD": "VOLVO",
  "SHYAM ENG WORKS": "SHYAM ENG WORKS",
  "EICHER 10.80 RHD C CAB & HSD": "EICHER",
  "FIAT INDIA LTD": "FIAT",
  "A AND Z MOTOR CO P LTD": "A AND Z CO P",
  "VISHAVKARMA ENGINEERING WORKS": "VISHAVKARMA ENGINEERING WORKS",
  "VISHAVKARMA AGRO INDUSTRIES": "VISHAVKARMA AGRO INDUSTRIES",
  "LIEBHERR INDIA PVT LTD": "LIEBHERR",
  "KELVINATOR INDIA LTD \u00a0\u00a0\u00a0\u00a0\u00a0\u00a0\u00a0\u00a0\u00a0": "KELVINATOR",
  "MARUTI-SWIFT-VXI AMT BSIV": "MARUTI",
  "FORD ECOSPORT 1.5 DIESEL TITANIUM MT BSIV": "FORD",
  "Mercedes-Benz India Pvt Ltd": "MERCEDES",
  "JOHN DEERE INDIA PVT LTD(CROP SOLUTION DIV)": "JOHN DEERE(CROP SOLUTION DIV)",
  "SML ISUZU": "SML ISUZU",
  "INDIA KAWASAKI MOTORS PVT LTD": "INDIA KAWASAKI",
  "BULL MACHINES PVT LTD": "BULL MACHINES",
  "Piaggio Vehicles Pvt Ltd": "PIAGGIO VEHICLES",
  "SHRI RAM AGRO INDUSTRIES": "SHRI RAM AGRO INDUSTRIES",
  "KARTAR AGRO ENGINEERS PVT LTD": "KARTAR AGRO ENGINEERS",
  "MAN TRUCKS INDIA PVT LTD": "MAN TRUCKS",
  "CORONA BUS MANUFACTURERS (P) LTD.": "CORONA BUS MANUFACTURERS (P)",
  "J.K.AGRO INDUSTRIES": "JKAGRO INDUSTRIES",
  "VARINDERA LTD.": "VARINDERA",
  "FIADO INDUSTRIES PVT LTD": "FIADO INDUSTRIES",
  "OM RAJ AUTOTECH LLP": "OM RAJ AUTOTECH LLP",
  "GEHIR AGRICULTURE IND.": "GEHIR AGRICULTURE IND",
  "ALTIGREEN PROPULSION LABS PVT LTD": "ALTIGREEN PROPULSION LABS",
  "MARUTI-VITARA BREEZA VDI BSIV": "MARUTI",
  "FV 2523 BSIII": "FV",
  "MAHINDRA XUV5OO FWD W11  BSVI": "MAHINDRA",
  "SWADESH MOTORS AND TRACTORS LTD": "SWADESH AND TRACTORS",
  "Mahindra": "MAHINDRA",
  "TATA HITACHI CONSTRUCTION MACHINERY COMP. PVT LTD": "TATA",
  "BHAI BHAI ENGINEERING WORKS": "BHAI BHAI ENGINEERING WORKS",
  "VOLTAS LIMITED": "VOLTAS",
  "Sml Isuzu Ltd": "SML ISUZU",
  "INDIAN AGRO INDUSTRIES": "INDIAN AGRO INDUSTRIES",
  "KELVINATOR OF INDIA": "KELVINATOR OF",
  "MACHINERY MANU CORPN": "MACHINERY MANU CORPN",
  "ABIRAMI ENGINEERING WORKS": "ABIRAMI ENGINEERING WORKS",
  "K.S. AGRICULTURAL INDUSTRIES PVT. LTD": "KS AGRICULTURAL INDUSTRIES",
  "TATA HITACHI CONSTRUCTION MACHINERY CO.LTD.": "TATA",
  "KINETIC HONDA MOTOR": "KINETIC HONDA",
  "MARUTI XL6 SMART HYBRID ZETA BSVI": "MARUTI",
  "MARUTI ERTIGA VDI BSIV": "MARUTI",
  "PREFIX ENGG PVT LTD": "PREFIX ENGG",
  "EICHER 11.14 H CAB FSD DSD BSIII": "EICHER",
  "MANNENSMANN GERMANY": "MANNENSMANN GERMANY",
  "TATA PUNCH ACC 1.2P BS6 MT BSVI": "TATA",
  "VISHWAS TRAILER WELD WORK": "VISHWAS TRAILER WELD WORK",
  "GURU NANAK AGRI WORKS": "GURU NANAK AGRI WORKS",
  "M/S FiatIndiaAutomobilesPvtLtd": "M/S FIATINDIAAUTOMOBILESPVTLTD",
  "MAHINDRA LTD": "MAHINDRA",
  "MARUTI ERTIGA SMART HYBRID VXI 1.5L 5MT BSVI": "MARUTI",
  "SHIVA GAYATRI ENGG WORKS": "SHIVA GAYATRI ENGG WORKS",
  "GOBIND AGRO INDUSTRIES": "GOBIND AGRO INDUSTRIES",
  "G.K. RICKSHAW": "GK RICKSHAW",
  "ARTEMIS AUTO INDIA P LTD": "ARTEMIS AUTO P",
  "HARMEET AGRICULTURE WORKS": "HARMEET AGRICULTURE WORKS",
  "MAHINDRA XUV 500 FWD W4 BSIV": "MAHINDRA",
  "N.S. AGRO WORKS": "NS AGRO WORKS",
  "GILL AGRICULTURE WORKS": "GILL AGRICULTURE WORKS",
  "GAZ": "GAZ",
  "VIJAYALAKSHIMI ENGG WORKS": "VIJAYALAKSHIMI ENGG WORKS",
  "ETRIO AUTOMOBILES PVT LTD": "ETRIO AUTOMOBILES",
  "VINTAGE VEHICLES": "VINTAGE VEHICLES",
  "GURU NANAK AGRICULTURE IMPLEMENTS": "GURU NANAK AGRICULTURE IMPLEMENTS",
  "V.S.T. TILLERS TRACTORS LIMITED": "VST TILLERS TRACTORS",
  "BSA MOTORS": "BSA",
  "DOST + RLS - FSD - 195 R15 LT BSVI-PH2": "ASHOK LEYLAND",
  "VENUS EQUIPMENT": "VENUS EQUIPMENT",
  "MARUTI WAGON R VXI BSIV": "MARUTI",
  "J. S. AGRO INDUSTRIES": "J S AGRO INDUSTRIES",
  "SAKTHI ENGG WORKS": "SAKTHI ENGG WORKS",
  "M/S MAHINDRA & MAHINDRA LTD*": "M/S MAHINDRA*",
  "SOORAJ": "SOORAJ",
  "BYD": "BYD",
  "TATA HITACHI CONST.MACHNRY CO": "TATA",
  "LOTAY AGRO TECH": "LOTAY AGRO TECH",
  "MARUTI RITZ LDI BSIV": "MARUTI",
  "AMAZE 1.2S MT(I-VTEC)BSIV": "AMAZE",
  "GROMAX AGRI EQUIPMENT LTD": "GROMAX AGRI EQUIPMENT",
  "KUMAR ENGINEERING": "KUMAR ENGINEERING",
  "P AND H INDIA LIMITED": "P AND H",
  "MARUTI VITARA BREZZA LDI (O) BSIV": "MARUTI",
  "AVATAR ENGINEERING WORK": "AVATAR ENGINEERING WORK",
  "BAJAJ AUTO LIMITED": "BAJAJ",
  "PARDEEP AGRO INDUSTRIES": "PARDEEP AGRO INDUSTRIES",
  "MARUTI CELERIO ZXI+ 1L ISS 5MT BSVI": "MARUTI",
  "HERO MOTOR LTD.": "HERO",
  "MATHAROO AGRICULTURE IMPLIMENT": "MATHAROO AGRICULTURE IMPLIMENT",
  "OKINAWA AUTOTECH PVT LTD": "OKINAWA AUTOTECH",
  "SHAKTIMAN AGRO INDUSTRIES": "SHAKTIMAN AGRO INDUSTRIES",
  "ROARLEO MOTOR PVT LTD": "ROARLEO",
  "MAHALINGA ENGG. INDUSTRIES": "MAHALINGA ENGG INDUSTRIES",
  "FARGO AUTO LTD.": "FARGO AUTO",
  "TATA - PUNCH ADV 1.2P BS6 AMT BSVI": "TATA",
  "SHWETA AGRO INDUSTRIES": "SHWETA AGRO INDUSTRIES",
  "ARROW AUTOMOTIVE": "ARROW AUTOMOTIVE",
  "MARUTI BALENO ALPHA 1.2L ISS 5MT BSVI": "MARUTI",
  "BMW MOTORS": "BMW",
  "MAHINDRA MAHINDRA LTD": "MAHINDRA",
  "LAL AGRO INDUSTRIES": "LAL AGRO INDUSTRIES",
  "CASE NEW HOLLAND CONSTRUCTION EQUIPMENT INDIA PVT LTD MP": "CASE NEW HOLLAND CONSTRUCTION EQUIPMENT MP",
  "GENERAL AGENCIES(KOLKATA) PVT LTD": "GENERAL AGENCIES(KOLKATA)",
  "KASSA RAMA COMBINES PVT LTD": "KASSA RAMA COMBINES",
  "CASE NEW HOLLAND CONSTRUCTION EQUIPMENT INDIA PVT": "CASE NEW HOLLAND CONSTRUCTION EQUIPMENT",
  "G M INDIA LIMITED": "G M",
  "ALPSV 4/185 10X20-16 BSIII": "ALPSV",
  "LML LTD": "LML",
  "ELECTROTHERM (I LIMITED": "ELECTROTHERM (I",
  "KINETIC HONDA MOTORS": "KINETIC HONDA",
  "3EV INDUSTRIES PVT LTD": "3EV INDUSTRIES",
  "JCBL LIMITED": "JCBL",
  "INDO FARM INDUSTRIES LTD": "INDO FARM INDUSTRIES",
  "S7 3335 SCHOOL BUS BSIV": "S7",
  "Hero Honda Motors Ltd": "HERO",
  "H R AGRO INDUSTRIES": "H R AGRO INDUSTRIES",
  "SHRI LAKSHIMI MOTOR BODY WORKS": "SHRI LAKSHIMI BODY WORKS",
  "AL-ZAHOOR  CO": "AL-ZAHOOR  CO",
  "GP4825/66 H COWL LA 30LS NRS-295/90R20 BSVI": "GP4825/66",
  "GOMTI INDUSTRIES": "GOMTI INDUSTRIES",
  "MATHARU ENGINEERING WORKS": "MATHARU ENGINEERING WORKS",
  "SHRI CHERAN TRAILOR": "SHRI CHERAN TRAILOR",
  "MAA SHAKTI EXIM PVT LTD": "MAA SHAKTI EXIM",
  "M/S. OLA ELECTRIC TECHNOLOGIES PVT.LTD.,": "M/S OLA ELECTRIC TECHNOLOGIESLTD",
  "SAN MOTORS LIMITED": "SAN",
  "Tafe Limited": "TAFE",
  "DHIMAN AGRICULTURE WORKS": "DHIMAN AGRICULTURE WORKS",
  "BEML LIMITED": "BEML",
  "FIAT(ILTD": "FIAT",
  "DEEP DRAWN TECHNOLOGIES": "DEEP DRAWN TECHNOLOGIES",
  "EICHER PRO 1110H CAB & HSD BSIII": "EICHER",
  "KURUKSHETRA AUTOMOBILES (P LTD.": "KURUKSHETRA AUTOMOBILES (P",
  "GURMUKH AGRO INDUSTRIES": "GURMUKH AGRO INDUSTRIES",
  "DILIP CHHABRIA DESIGN PVT LTD": "DILIP CHHABRIA DESIGN",
  "AMAR COACH BUILDERS": "AMAR COACH BUILDERS",
  "OM BALAJEE AUTOMOBILE ( INDIA) PVT. LTD": "OM BALAJEE AUTOMOBILE ()",
  "DATSUN REDI GO T (O) S-DRIVE 1.0 BSIV": "DATSUN",
  "BHARAT PUMP COMP. LTD": "BHARAT PUMP COMP",
  "MCLAREN AUTOMOTIVE (IMPORTER: INFINITY CARS)": "MCLAREN AUTOMOTIVE (IMPORTER: INFINITY CARS)",
  "Scania Commercial Vehicles India Pvt Limited": "SCANIA COMMERCIAL VEHICLES",
  "SAGAR INDUSTRIES": "SAGAR INDUSTRIES",
  "MARUTI-BALENO ALPHA PETROL BSIV": "MARUTI",
  "MARUTI-SWIFT-VXI BSIV": "MARUTI",
  "TOYOTA  GLANZA S PETROL (MT) BSVI": "TOYOTA",
  "MARUTI ERTIGA ZDI+ BSIV": "MARUTI",
  "SUNDARAM MOTORS": "SUNDARAM",
  "NISUKI MOPEDS": "NISUKI MOPEDS",
  "MARUTI SWIFT-VDI AMT; BSIV": "MARUTI",
  "VOLVO INDIA LTD.": "VOLVO",
  "KIA SELTOS D1.5 CRDI VGT 6MT HTK PLUS BSVI": "KIA",
  "WR-V 1.2 VX MT (I-VTEC) BSVI": "WR-V",
  "GAHIR AGRO INDUSTRIES LIMITED": "GAHIR AGRO INDUSTRIES",
  "MAHINDRA NISSAN ALLWYN LTD.": "MAHINDRA",
  "BAFNA AUTO CARS I PVT.LTD.": "BAFNA AUTO CARS ILTD",
  "ENERGY ELECTRIC VEHICLES": "ENERGY ELECTRIC VEHICLES",
  "K.D AGRO INDUSTRIES": "KD AGRO INDUSTRIES",
  "LMV LTD": "LMV",
  "RAM JI ENGINEERING WORKS": "RAM JI ENGINEERING WORKS",
  "M/S TRIUMPH MOTORCYCLES INDIA PVT LTD": "M/S TRIUMPHCYCLES",
  "TATA INTRA V30 BSVI": "TATA",
  "MARUTI ERTIGA SMARTHYBRID ZXI+ 1.5L 5M BSVI": "MARUTI",
  "SARTAJ 5252 XM WITH SHD CARGO BOX BSIV": "SARTAJ",
  "MINI METRO": "MINI",
  "J P AGRO INDUSTRIES": "J P AGRO INDUSTRIES",
  "KAVERI TRAILERS.": "KAVERI TRAILERS",
  "ALLFINE INDUSTRIES PVT LTD": "ALLFINE INDUSTRIES",
  "NEW GURDIAL AGRO INDUSTRIES PVT LTD": "NEW GURDIAL AGRO INDUSTRIES",
  "HONDA MOTORCYCLESCOOTER(I)P L": "HONDA",
  "SHAHJANAND AGRO IND": "SHAHJANAND AGRO IND",
  "LAKSHMI VENKATASWARA INDUSTREE": "LAKSHMI VENKATASWARA INDUSTREE",
  "HINDUSTAN AGRO INDUSTRIES": "HINDUSTAN AGRO INDUSTRIES",
  "TATA HITACHI CONST.MACHNRY CO ": "TATA",
  "RAJMANDIR AUTO INDUSTRIES": "RAJMANDIR AUTO INDUSTRIES",
  "Daimler(i)commercial Veh P Ltd": "DAIMLER(I)COMMERCIAL VEH P",
  "SHAKTTI CONSTRUCTIONS EQUIPMENT PVT LTD": "SHAKTTI CONSTRUCTIONS EQUIPMENT",
  "GROVE": "GROVE",
  "MARUTI CELERIO ZXI AMT (O) BSIV": "MARUTI",
  "HAMM AG": "HAMM AG",
  "MARUTI BREZZA SMART HYBRID ZXI+ 1.5L 5MT BSVI": "MARUTI",
  "HEMAVATHI AGRO INDUSTRIES": "HEMAVATHI AGRO INDUSTRIES",
  "FERRARI SPA": "FERRARI",
  "MATHARU ENGINEERING AGRI WORKS": "MATHARU ENGINEERING AGRI WORKS",
  "MANDEEP ENGINEERING WORKS": "MANDEEP ENGINEERING WORKS",
  "A R L TRACTORS & MOTORS": "A R L TRACTORS &",
  "OKAYA EV PVT LTD": "OKAYA EV",
  "M S AGRO INDUSTRIES": "M S AGRO INDUSTRIES",
  "M/S OKINAWA AUTOTECH PVT LTD": "M/S OKINAWA AUTOTECH",
  "SHRI BALAJI TRAILERS": "SHRI BALAJI TRAILERS",
  "MARUTI BALENO DELTA PETROL BSIV": "MARUTI",
  "SHREYA ENGINEERS": "SHREYA ENGINEERS",
  "DYNAPAC ROAD CONSTRUCTION EQUIPMENT INDIA PVT LTD": "DYNAPAC ROAD CONSTRUCTION EQUIPMENT",
  "SURINDERA AGRO INSDUSTRIES": "SURINDERA AGRO INSDUSTRIES",
  "FORD ECOSPORT 1.5 PETROL TITANIUM MT BSVI": "FORD",
  "TATA PAUL AND HARRY": "TATA",
  "SKODA SLAVIA 1.5L TSI 110KW AT STYLE BSVI": "SKODA",
  "M/S.SWITCH MOBILITY AUTOMOTIVE LTD.,": "M/SSWITCH MOBILITY AUTOMOTIVE",
  "ESCORTS JCB LTD": "ESCORTS",
  "YAMAHA MOTOR INDIA PVT. LTD.": "YAMAHA",
  "SWITCH MOBILITY AUTOMOTIVE LTD": "SWITCH MOBILITY AUTOMOTIVE",
  "ASIA MOTOR WORKS LTD, GUJARAT": "ASIA WORKS, GUJARAT",
  "ESCORTS R&D CENTRE": "ESCORTS",
  "AMAZE 1.2 VX MT(I-VTEC) BSIV": "AMAZE",
  "SJB TRACTORS": "SJB TRACTORS",
  "OMEGA SEIKI PVT LTD": "OMEGA SEIKI",
  "M/S MAHINDRA TRUCKS&amp;BUSES LTD": "M/S MAHINDRA TRUCKS&AMP;BUSES",
  "M/S JAGUAR LANDROVER INDIA LTD": "M/S JAGUAR LANDROVER",
  "INDUS MOTOR CO PVT LTD": "INDUS CO",
  "TOYATA - IMPORTED": "TOYATA - IMPORTED",
  "AJANTA KRUSHI YANTRA": "AJANTA KRUSHI YANTRA",
  "ADISHWAR AUTO RIDE INDIA PVT LTD": "ADISHWAR AUTO RIDE",
  "NABH MOTORS PVT LTD": "NABH",
  "MAHINDRA XUV 300W6 DSL MT BSIV": "MAHINDRA",
  "HONDA MOTORCYCLE&amp;SCOOTER(IP L": "HONDA",
  "SWARAJMAZDASPRMZT54ETCIIIDELWB BUS STBSIII": "SWARAJMAZDASPRMZT54ETCIIIDELWB BUS STBSIII",
  "DAIMLER CHRYSLER AG, GERMANY": "DAIMLER CHRYSLER AG, GERMANY",
  "LOHIA AUTO INDUSTRIES LTD.": "LOHIA AUTO INDUSTRIES",
  "BENTELY MOTORS LIMITED": "BENTELY",
  "TRACTORS AND FARM EQUIPMENT": "TRACTORS AND FARM EQUIPMENT",
  "HUBBER": "HUBBER",
  "CHEVROLET - IMPORTED": "CHEVROLET",
  "ROLLS ROYCES - IMPORTED": "ROLLS ROYCES - IMPORTED",
  "RAPID AMBITION 77KW MPI BSIV": "RAPID",
  "USHA ENGINEERNG CO": "USHA ENGINEERNG CO",
  "SCHWING STETTER INDIA PL": "SCHWING STETTER PL",
  "MARUTI- SWIFT VXI 1.2L 5MT BSVI-PH2": "MARUTI",
  "MARUTI DZIRE VXI BSVI": "MARUTI",
  "JAYA AUTOMOTIVES PVT LTD \u00a0\u00a0\u00a0\u00a0\u00a0": "JAYA AUTOMOTIVES",
  "FORTUNER SIGMA 4 AT BSIV": "TOYOTA",
  "KARANTI AUTOMOBILES LTD": "KARANTI AUTOMOBILES",
  "MITSUBHISHI MOTORS CORPORATION": "MITSUBHISHI CORPORATION",
  "DISPOSAL CRANE": "DISPOSAL CRANE",
  "INTRA  V30 PICKUP VX CLB LOW DECK BSVI-PH2": "INTRA",
  "MONTO MOTORS LTD.": "MONTO",
  "SONALIKA INTERNATIONAL": "SONALIKA INTERNATIONAL",
  "R3 ENTERPRISES": "R3 ENTERPRISES",
  "GUJARAT NARMADA AUTO LTD": "GUJARAT NARMADA AUTO",
  "MARSHAL MOTORS": "MARSHAL",
  "TATRA INDIA LTD.": "TATRA",
  "TOYOTA KIRLOSKAR LTD": "TOYOTA",
  "BMW - IMPORTED": "BMW",
  "GILL PREET AGRO INDUSTRIES": "GILL PREET AGRO INDUSTRIES",
  "GAUTAM AGRO INDUSTRIES": "GAUTAM AGRO INDUSTRIES",
  "TRACTORS&FARM EQUIPMENT LTD": "TRACTORS&FARM EQUIPMENT",
  "LEEBOY INDIA": "LEEBOY",
  "TATA INTRA V50 NON AC BSVI": "TATA",
  "SATKARTAR AGRO WORKS": "SATKARTAR AGRO WORKS",
  "Y A I M S": "Y A I M S",
  "MAHINDRA & LTD": "MAHINDRA",
  "MITHU BAJRANG ENG.WORKS": "MITHU BAJRANG ENGWORKS",
  "SARTAJ 5252 XM WITH SMHD CARGO BOX BSIII": "SARTAJ",
  "FARMTECH AGRO INDUSTRIES": "FARMTECH AGRO INDUSTRIES",
  "YAMAHAM(I)": "YAMAHAM(I)",
  "APE AUTO": "APE AUTO",
  "VOLKS WAGON": "MARUTI",
  "NEW LEADER AGRO ENGINEERING WORKS": "NEW LEADER AGRO ENGINEERING WORKS",
  "SHIV TRAILOR INDUSTRIES": "SHIV TRAILOR INDUSTRIES",
  "MARUTI WAGON RVXI BSIV": "MARUTI",
  "ELECTROTHERM (INDIA) LIMITED": "ELECTROTHERM (INDIA)",
  "HYUNDAI MOTOR COMPANY": "HYUNDAI",
  "India Yamaha Motor Pvt Ltd": "INDIA YAMAHA",
  "MGM ENGG WORKS": "MGM ENGG WORKS",
  "KALPATARU AGROTECH": "KALPATARU AGROTECH",
  "DAVE EXIM PVT LTD": "DAVE EXIM",
  "VE Commercial Vehicles Ltd": "VE COMMERCIAL VEHICLES",
  "INDUS ELECTROTHERM INDIA LTD": "INDUS ELECTROTHERM",
  "M/S VOLKSWAGE AG 38436WOLFBURG": "M/S VOLKSWAGE AG 38436WOLFBURG",
  "CATERPILLAR (SOZHOU) CO LTD": "CATERPILLAR (SOZHOU) CO",
  "Kubota Agricultural Machinery India Pvt.Ltd.": "KUBOTA AGRICULTURAL MACHINERYLTD",
  "EULER MOTORS PVT LTD": "EULER",
  "TATA NANO LX BS-IV": "TATA",
  "MAHINDRA INERNATIONAL LTD": "MAHINDRA",
  "TATA- ALTROZ XZ 1.2 RTN BS6 BSVI": "TATA",
  "AMAZE 1.2 VX CVT(I-VTEC) BSVI": "AMAZE",
  "DHILLON COMBINE AGRO INDUSTRY": "DHILLON COMBINE AGRO INDUSTRY",
  "PATEL INDUSTRIES": "PATEL INDUSTRIES",
  "KAPTECH INDIA PVT LTD": "KAPTECH",
  "HINDUSTAN MOTORS LIMITED": "HINDUSTAN",
  "MARUTI ERTIGA ZXI (O) CNG 1.5L 5MT BSVI-PH2": "MARUTI",
  "AMARJEET HARVESTER INDUSTRY": "AMARJEET HARVESTER INDUSTRY",
  "MARUTI EECO 5 STR AC 1.2L 5MT BSVI": "MARUTI",
  "SANY INDIA": "SANY",
  "KISHAN AGRO INDUSTRIES": "KISHAN AGRO INDUSTRIES",
  "M/S K.S. AGROTECH PVT LTD": "M/S KS AGROTECH",
  "YUSUF KHAN ENGINEERING WORKS": "YUSUF KHAN ENGINEERING WORKS",
  "KOMATSU LTD JAPAN": "KOMATSU JAPAN",
  "GODREJ & BOYCE MFG. CO. LTD": "GODREJ & BOYCE MFG",
  "\u00c5\u00a0KODA SLAVIA 1.0L TSI 85KW AT AMBITION. BSVI-PH2": "\u00c5",
  "PORSCHE": "PORSCHE",
  "HINO MOTORS LIMITED": "HINO",
  "YAMAHA MOTOR ESCORTS LIMITED": "YAMAHA",
  "XUV700 MX PET MT 5 SEATER BSVI": "XUV700",
  "R R ENGINEERING WORKS": "R R ENGINEERING WORKS",
  "KARUMALAIAN AGRO INDUSTRY \u00a0\u00a0\u00a0\u00a0": "KARUMALAIAN AGRO INDUSTRY",
  "MOPEDS INDIA LTD": "MOPEDS",
  "PUNJAB AGRO INDUSTRIES": "PUNJAB AGRO INDUSTRIES",
  "SUZUKIMCY ": "SUZUKIMCY",
  "EICHER PRO 3018 PLUS J SLEEPER CAB& HSD SL BSVI-PH2": "EICHER",
  "ENFIELD INDIA LIMITED": "ENFIELD",
  "SRI RAMA TRALLY INDUST KNR": "SRI RAMA TRALLY INDUST KNR",
  "RAMGARH TRACTORS": "RAMGARH TRACTORS",
  "GIAN AGRO INDUSTRIES": "GIAN AGRO INDUSTRIES",
  "Force Motors Limited, A Firodia Enterprise": "FORCE",
  "NIRMAL BROTHER": "NIRMAL BROTHER",
  "MAHINDRA XUV5OO FWD W11 BSIV": "MAHINDRA",
  "RAMGARHIA ENGG WORKS": "RAMGARHIA ENGG WORKS",
  "ZERMANS INNOVATIETECHNOLOGIES": "ZERMANS INNOVATIETECHNOLOGIES",
  "MINI METRO EV L.L.P": "MINI",
  "BHARAT MOTORS": "BHARAT",
  "MOPEDS INDIA LTD \u00a0\u00a0\u00a0\u00a0\u00a0\u00a0\u00a0\u00a0\u00a0\u00a0\u00a0\u00a0\u00a0": "MOPEDS",
  "EICHER PRO 3019 S SLEEPER COWL & CHASSIS BSVI": "EICHER",
  "A K GUPTA & CO.": "A K GUPTA &",
  "5TONS 2WH TRAILER WATER TANKER IRON BODY": "5TONS 2WH TRAILER WATER TANKER IRON BODY",
  "MARUTI- BALENO DELTA- PETROL BSVI": "MARUTI",
  "Test Maker 06": "TEST MAKER 06",
  "ACTION CONST. EQUIP(P) LTD.": "ACTION CONST EQUIP(P)",
  "NISSAN. MAGNITE MT XL BSVI": "NISSAN",
  "RAM CHANDER & SONS": "RAM CHANDER & SONS",
  "HECTOR- GASOLINE 1.5 TCIC DCT SHARP BSVI": "HECTOR-",
  "MANAK AGRO TECH PVT. LTD": "MANAK AGRO TECH",
  "SKODA SLAVIA 1.0L TSI 85KW MT AMBITION BSVI": "SKODA",
  "LAKSHYA AUTO SALES CORPORATION": "LAKSHYA AUTO SALES CORPORATION",
  "TATA NEXON XZ+ 1.2RTN BS6 BSVI": "TATA",
  "PRABHAT ENGG WORKS VIKARABAD": "PRABHAT ENGG WORKS VIKARABAD",
  "MARUTI SWIFT VXI 1.2L ISS 5MT BSVI": "MARUTI",
  "HYUNDAI MOTOR INDIA": "HYUNDAI",
  "M/S MAHINDRA  LTD": "M/S MAHINDRA",
  "FORD ECOSPORT 1.5 DIESEL TITANIUM MT BSVI": "FORD",
  "UE2820/39R -NRS-7CUM-RMC-295/95D20 BSVI": "UE2820/39R",
  "DOST RLS FSD-PS-185R14C;8PR BSVI": "ASHOK LEYLAND",
  "I20 SPORTZ 1.5 CRDI MT BSVI": "HYUNDAI",
  "MARUTI DZIRE VXI 1.2L ISS 5MT BSVI": "MARUTI",
  "ANAND AGRO IND LTD": "ANAND AGRO IND",
  "VEERASAMY ENGG. WORKS": "VEERASAMY ENGG WORKS",
  "MAHINDRA TWO WHEELERS PVT LTD": "MAHINDRA",
  "ATLAS AUTO INDUSTRIES": "ATLAS AUTO INDUSTRIES",
  "MAHAVIR TRACTOR AND IMPLEMENTS": "MAHAVIR TRACTOR AND IMPLEMENTS",
  "SHAMSER STD.CO.LTD.": "SHAMSER STDCOLTD",
  "PINNACLE MOBILITY SOLUTIONS PVT LTD": "PINNACLE MOBILITY SOLUTIONS",
  "LINK AGRO ENGINEERING WORKS": "LINK AGRO ENGINEERING WORKS",
  "AVTAR ENGINEERING WORKS": "AVTAR ENGINEERING WORKS",
  "PARAS INDUSTRIES": "PARAS INDUSTRIES",
  "TATA ZEST XT QJET 90PS ABS BSIV": "TATA",
  "THE NEW MYSORE ENG. WORKS": "THE NEW MYSORE ENG WORKS",
  "FARMER TRACTOR, METODA G.I.D.C.": "FARMER TRACTOR, METODA GIDC",
  "MARUTI WAGON-R VXI (O) BSIV": "MARUTI",
  "APOLLO CONSTRUCTION EQUIPMENTS PVT LTD": "APOLLO CONSTRUCTION EQUIPMENTS",
  "A P I MOTORS PVT LTD": "A P I",
  "DCM DAEWOO MOTOR LTD": "DCM DAEWOO",
  "VIKRAM AUTO LTD": "VIKRAM AUTO",
  "CNH INDUSTRIAL (INDIA PVT LTD": "CNH INDUSTRIAL (INDIA",
  "TN SMALL INDUSTRIES CORP LTD": "TN SMALL INDUSTRIES CORP",
  "LIEBHERR": "LIEBHERR",
  "MAHINDR &amp; MAHINDRA LTD": "MAHINDR &AMP; MAHINDRA",
  "GANI AUTOMOBILE INDUSTRIES": "GANI AUTOMOBILE INDUSTRIES",
  "CLAAS INDIA PVT LTD": "CLAAS",
  "NAZAR SINGH AND SONS": "NAZAR SINGH AND SONS",
  "Atul Auto Ltd": "ATUL AUTO",
  "SHEHAL PREET ENGG WORKS": "SHEHAL PREET ENGG WORKS",
  "XCENT 1.2 CRDI SX BSIV": "XCENT",
  "SHRI RAM TRAILOR": "SHRI RAM TRAILOR",
  "DISPOSAL TRACTOR": "DISPOSAL TRACTOR",
  "ROLLS-ROYCE MOTOR CARS(IMPORTER:SELECT CARS P LTD)": "ROLLS-ROYCE CARS(IMPORTER:SELECT CARS P)",
  "GAHIR AGRICULTURE INDUSTRIES": "GAHIR AGRICULTURE INDUSTRIES",
  "SWARAJMZD.": "SWARAJMZD",
  "CRETA 1.6 CRDI SX(O) BSIV": "HYUNDAI",
  "V G SALES INDIA PVT LTD": "V G SALES",
  "MARUTI ERTIGA SMART HYBRID ZXI+ BSIV": "MARUTI",
  "PRIYA CRANES": "PRIYA CRANES",
  "LPK 2518 TC 6X4 BSIII HT NS CAB CEMENT MIXER": "LPK",
  "ZS ASTOR VTI-TECH CVT SAVVY RED BSVI": "ZS",
  "HAZRA ENGINEERING WORKS": "HAZRA ENGINEERING WORKS",
  "ROYAL ENF.": "ROYAL ENF",
  "KARMA MECHANICAL WORKS": "KARMA MECHANICAL WORKS",
  "AUDI Q3 35 TDI QUATTRO BSIV": "AUDI",
  "KINETIC GREEN ENERGY & POWER SOLUTIONS LTD": "KINETIC GREEN ENERGY & POWER SOLUTIONS",
  "AUDI CAR IMPORTED": "AUDI",
  "ARUNACHALA TRAILERS": "ARUNACHALA TRAILERS",
  "TOYOTA MOTOR EUROPE N.V S.A": "TOYOTA",
  "BGAUSS AUTO PVT LTD": "BGAUSS AUTO",
  "Mahindra & Mahindra Limited (Swaraj Division)": "MAHINDRA",
  "GURDEEP ENGINEERING WORKS": "GURDEEP ENGINEERING WORKS",
  "WILLYS MOTORS": "WILLYS",
  "MARUTI ERTIGA SMART HYBRID ZDI BSIV": "MARUTI",
  "TEDC LTD": "TEDC",
  "GURJEET AGRO INDUSTRIES": "GURJEET AGRO INDUSTRIES",
  "MARUTI ALTO K10 VXI AMT BSIV": "MARUTI",
  "TATA NEXON EV XZ+ LUX BOV": "TATA",
  "VERNA 1.6 CRDI SX BSIV": "HYUNDAI",
  "S-CAB- 2WD CBC HR BSVI": "S-CAB-",
  "SAKTHI GANESH AUTO SERVICE": "SAKTHI GANESH AUTO SERVICE",
  "NARMADA INDUSTRIES": "NARMADA INDUSTRIES",
  "GURUKRAPA ENGINEERING WORKS": "GURUKRAPA ENGINEERING WORKS",
  "SUPER METRO INDUSTRIES": "SUPER METRO INDUSTRIES",
  "MANPREET AGRO INDUSTIRES NABHA": "MANPREET AGRO INDUSTIRES NABHA",
  "KARUPPIAH LATH DESHIN WORKS": "KARUPPIAH LATH DESHIN WORKS",
  "GURDEEP AGRO  INDUSTRIES": "GURDEEP AGRO  INDUSTRIES",
  "SML ISUZU Ltd": "SML ISUZU",
  "ASHOK LELYAND": "ASHOK LELYAND",
  "MORRIS MOTORS LTD": "MORRIS",
  "SAKSHAM TECH AUTO": "SAKSHAM TECH AUTO",
  "JAI DURGA AGRICULTURAL WORKS": "JAI DURGA AGRICULTURAL WORKS",
  "BHARATBENZ 2826C 6X4 N3G-4 BSVI-PH2": "BHARATBENZ",
  "MARUTI BALENO DELTA BSIV": "MARUTI",
  "ROVER COMPANY": "ROVER",
  "M/S BHARAT TRAILERS": "M/S BHARAT TRAILERS",
  "PREET TRACTORS PVT LTD": "PREET TRACTORS",
  "M/S SRI SITSRAMA INDUSTRIES": "M/S SRI SITSRAMA INDUSTRIES",
  "ANDAVAR INDUSTRIES": "ANDAVAR INDUSTRIES",
  "ANDHRA PRADESH SCOOTERS LTD \u00a0\u00a0": "ANDHRA PRADESH SCOOTERS",
  "K D AGRO INDUSTRIES": "K D AGRO INDUSTRIES",
  "JEJANI TRACORT": "JEJANI TRACORT",
  "MAHINDRA  MAHINDRA LIMITED": "MAHINDRA",
  "POLO TSI AT BSVI- HIGHLINE PLUS BSVI": "VOLKSWAGEN",
  "MAHINDRA  INTERNATIONAL  LTD": "MAHINDRA",
  "Suzuki Motorcycle India Pvt Ltd": "SUZUKI",
  "M/S CORONA BUS MANUFACTURER PVT LTD": "M/S CORONA BUS MANUFACTURER",
  "PRINCE AGRO WORKS": "PRINCE AGRO WORKS",
  "MARUTI DZIRE VXI 1.2L 5 MT BSVI": "MARUTI",
  "DHANALAKSHMI ENGINEERING WORKS": "DHANALAKSHMI ENGINEERING WORKS",
  "RAMON INDUSTRIES": "RAMON INDUSTRIES",
  "HIRA COMBINES PRIVATE LTD": "HIRA COMBINES PRIVATE",
  "DURGA ENGINEERING WORKS": "DURGA ENGINEERING WORKS",
  "DIAMOND ENGG,CTC": "DIAMOND ENGG,CTC",
  "Tata Passenger Electric Mobility Ltd": "TATA",
  "ASIA MOTORWORKS LTD": "ASIAWORKS",
  "DAIMLER INDIA COMM VEH PVT LTD": "DAIMLER COMM VEH",
  "RENAULT TRIBER RXZ PETROL EASY-R 1.0L ECE BSVI": "RENAULT",
  "KINETIC MOTOR COMPANY LTD": "KINETIC",
  "ISHWAR FARMLINE EQUIPMENTS PRIVATE LIMITED": "ISHWAR FARMLINE EQUIPMENTS PRIVATE",
  "JANTA SUPER TRAILOR": "JANTA SUPER TRAILOR",
  "TOYOTA KIRLOSKAR MOT": "TOYOTA",
  "BRITANNI": "BRITANNI",
  "HITECH AGRO INDUSTRIES": "HITECH AGRO INDUSTRIES",
  "LOVATE LOVATEK": "LOVATE LOVATEK",
  "RENAULTKWID CLIMBER OPT PETROLEASY-R1.0SCE BSVI": "RENAULTKWID",
  "JEEP CHEROKEE": "JEEP",
  "DR.ING.HCF.PORCHE AGPLATZI STU": "DRINGHCFPORCHE AGPLATZI STU",
  "GRAND I10 MAGNA- 1.2 BSIV": "HYUNDAI",
  "SHRI KARUPPIAH DESIGN WORKS": "SHRI KARUPPIAH DESIGN WORKS",
  "Force Motors Limited": "FORCE",
  "VENTESWARA ENGG WORKS": "VENTESWARA ENGG WORKS",
  "KAISER WILLYS JEEP": "KAISER WILLYS JEEP",
  "PRINCE": "PRINCE",
  "AUTOMOTIVE INDIA PVT LTD": "AUTOMOTIVE",
  "RELIANT ANDERSON INTL": "RELIANT ANDERSON INTL",
  "INDO FARM EQUIPMENT LTD": "INDO FARM EQUIPMENT",
  "BIJNOR ENTERPRISES": "BIJNOR ENTERPRISES",
  "CRETA 1.6 VTVT SX+SE BSIV": "HYUNDAI",
  "LPT 4825 10X2 TRK CHASS COWL WTH WINSHIELD BSVI": "LPT",
  "PARDEEP AGRO INDUSTRY": "PARDEEP AGRO INDUSTRY",
  "DASMESH-912(4X4)TRPCHARVESTERWJOHND5075ETR BSIII": "DASMESH-912(4X4)TRPCHARVESTERWJOHND5075ETR",
  "MARUTI IGNIS ZETA 1.2L AGS BSVI": "MARUTI",
  "3DX  2WD BACKHOE LOADER BSIII": "3DX",
  "ASHOK STEEL INDU": "ASHOK STEEL INDU",
  "TWINKLE TRADCOM PVT LTD": "TWINKLE TRADCOM",
  "CHERVOLET": "CHERVOLET",
  "SHRI RAM AUTO TECH PVT LTD": "SHRI RAM AUTO TECH",
  "MARUTI - ERTIGA VXI CNG 1.5L 5MT BSVI": "MARUTI",
  "MARUTI- SWIFT VXI 1.2L AGS BSVI": "MARUTI",
  "TRACLAXX TRACTORS PVT.LTD": "TRACLAXX TRACTORSLTD",
  "GRAND I10 NIOS 1.2 MT KAPPA SPORTZ BSVI": "HYUNDAI",
  "KIA CARENS D1.5 CRDI VGT 6MT PRESTIGE + 7 BSVI": "KIA",
  "GARWARE MOTORS LIMITED": "GARWARE",
  "CHEVROLET": "CHEVROLET",
  "AMAR AGRO IND LTD": "AMAR AGRO IND",
  "AMBIKA INDUSTRIES": "AMBIKA INDUSTRIES",
  "EICHER PRO 1110 H CAB & HSD 19 FT BSIII": "EICHER",
  "EICHER PRO 1114XP F CAB & HSD BSIV": "EICHER",
  "PUGHAZ TRAILER": "PUGHAZ TRAILER",
  "CADILLAC - IMPORTED": "CADILLAC - IMPORTED",
  "JEEP COMPASS LIMITED PLUS 1.4 MAIR DDCT BSIV": "JEEP",
  "SUZIKI MOTORCYCLE (I) PVT LTD": "SUZIKICYCLE (I)",
  "NISSAN MOTOR CO.LTD": "NISSAN",
  "KIRLOSKAR OIL ENGINES LIMITED": "KIRLOSKAR OIL ENGINES",
  "MEHBOOB GENERAL ENGINEERING WORKS": "MEHBOOB GENERAL ENGINEERING WORKS",
  "M/S GOLDEN AGRO ENGINEERING WORKS": "M/S GOLDEN AGRO ENGINEERING WORKS",
  "S R AGRICULTURE EQUIPMENTS CO (P) LTD": "S R AGRICULTURE EQUIPMENTS CO (P)",
  "BHARATH AGRO PRODUCTS": "BHARATH AGRO PRODUCTS",
  "MARUTI SWIFT-VDI BSIV": "MARUTI",
  "ACTIVA 5GWEAS&KS&DCBS(CBS)WSEHEETWHEEL BSIV": "HONDA",
  "SHRI SHEETHALA BAJALI MOTORS": "SHRI SHEETHALA BAJALI",
  "KAMAZ VECTRA MOTORS LTD.": "KAMAZ VECTRA",
  "SAI KRUPA ENGG WORKS,BHMPUR": "SAI KRUPA ENGG WORKS,BHMPUR",
  "EICHER PRO2114XP H CAB&HSD BSVI-PH2": "EICHER",
  "NEEDLE EYE PLASTIC INDUSTRIES PVT LTD": "NEEDLE EYE PLASTIC INDUSTRIES",
  "LAKSHMI AGRO INDUSTRIES": "LAKSHMI AGRO INDUSTRIES",
  "11.10 HD RHD G CAB & HSD BSII": "11.10",
  "YASEEN AGRO INDU": "YASEEN AGRO INDU",
  "RUPAL AGRO INDUSTRIES": "RUPAL AGRO INDUSTRIES",
  "GRAND I10 MAGNA 1.2 BSIV": "HYUNDAI",
  "ESCORT JCB LTD": "ESCORT JCB",
  "POLO TSI MT BSVI- HIGHLINE PLUS BSVI": "VOLKSWAGEN",
  "SHAKTI AUTO LTD": "SHAKTI AUTO",
  "Y.C.ELECTRIC VEHICLE": "YCELECTRIC VEHICLE",
  "UJ3520/52 T TIP-BOGIE-22CUM BB--295/90R20 BSVI": "UJ3520/52",
  "HERO PUCH": "HERO",
  "LAMBY MOTORS LTD": "LAMBY",
  "PARTAP STEELS": "PARTAP STEELS",
  "XUV700 AX7 DSL MT 7 SEATER BSVI": "XUV700",
  "AKAL AGRO INDUSTRY": "AKAL AGRO INDUSTRY",
  "SITARAM INDUSTRIES": "SITARAM INDUSTRIES",
  "MARUTI VITARA BREZZA ZXI 1.5L5MT BSVI": "MARUTI",
  "VW TAIGUN 1.0L TSI 85KW AT HIGHLINE BSVI": "VOLKSWAGEN",
  "ASHA INDUSTRIES": "ASHA INDUSTRIES",
  "AUTOCROLA INDIA LTD": "AUTOCROLA",
  "KIASONET SMARTSTREAM G1.2 5MT HTK PLUS BSVI": "KIASONET",
  "VERSATILE ENGINEERING SERVICES": "VERSATILE ENGINEERING SERVICES",
  "RASANDIK ENGINEERING": "RASANDIK ENGINEERING",
  "SRI LAXMI ENGINEERING & MOTOR": "SRI LAXMI ENGINEERING &",
  "SHRI HARI AUTO": "SHRI HARI AUTO",
  "YANMAR CONST EQUIP CO": "YANMAR CONST EQUIP CO",
  "DAEWOOMOT.": "DAEWOOMOT",
  "MAHINDRA XUV 300W8(O) DSL MT BSIV": "MAHINDRA",
  "SHIVASHAKTHI ENG WORKS": "SHIVASHAKTHI ENG WORKS",
  "JEEVA TRAILERS": "JEEVA TRAILERS",
  "2516 XL  TUSKER SUPER 6X2 BSIII": "2516",
  "TATA NEXON XZ+(P) 1.2 RTN BS6 BSVI": "TATA",
  "MANPREET AGRO INDUSTRIES": "MANPREET AGRO INDUSTRIES",
  "SAMRAT WITH CARGO BOX  ELWB 4760 BSIV": "SAMRAT",
  "J. S. AUTO (P LTD": "J S AUTO (P",
  "REVA ELECTRIC CAR CO": "REVA ELECTRIC CAR CO",
  "MARUTI SWIFT-VDI; BSIV": "MARUTI",
  "MARUTISWIFT DZIRE ZDI BSIV": "MARUTI",
  "WILLYS MOTORS LTD": "WILLYS",
  "A3T INCORPORTED": "A3T INCORPORTED",
  "MAHA MOHAN 5246": "MAHA MOHAN 5246",
  "SCORPIO-N D AT 2WD Z8L 7S BSVI-PH2": "MAHINDRA",
  "DOST RLS-FSD-PS -185R14C;8PR BSVI": "ASHOK LEYLAND",
  "MAHINDRA XUV3OO W6 DS MT BSVI": "MAHINDRA",
  "PANESAR AGRICULTURE INDUSTRIES": "PANESAR AGRICULTURE INDUSTRIES",
  "AZAD HIND ENGINEERING WORKS": "AZAD HIND ENGINEERING WORKS",
  "HERO MAJESTIC LIMITED": "HERO",
  "MAHINDRA SUPRO MINITRUCK VX BSVI": "MAHINDRA",
  "F15 WITH OUTRIGGER & CO-DRIVER BSIII": "F15",
  "TATA ACE GOLD DIESEL LOWDECK LOADBODY BSVI-PH2": "TATA",
  "EXPO MACHINERY LTD": "EXPO MACHINERY",
  "SCORPIO-N D MT 2WD Z8L 7S BSVI": "MAHINDRA",
  "RAJAN  INDUSTRIES": "RAJAN  INDUSTRIES",
  "ASHOK LEYLAND DEFENCE SYSTEMS LTD": "ASHOK LEYLAND",
  "SUN MOTORS": "SUN",
  "ARIHANT ENTERPRISE": "ARIHANT ENTERPRISE",
  "MARUTI -BALENO ZETA- PETROL BSVI": "MARUTI",
  "INTERNATIONAL TRACTORS LTD.": "INTERNATIONAL TRACTORS",
  "DIVANSHU AUTOMOBILES LIMITED": "DIVANSHU AUTOMOBILES",
  "GOTTWALD": "GOTTWALD",
  "S-CAB- 2WD HR BSVI": "S-CAB-",
  "MAHINDRA \u00a0LTD": "MAHINDRA",
  "KRUPPA  PVT LTD": "KRUPPA",
  "INDWELL CONSTR P LTD": "INDWELL CONSTR P",
  "MARUTI - WAGON R VXI 1 ISS AGS BSVI": "MARUTI",
  "HONDA MOTORS": "HONDA",
  "I20  ASTA BS IV": "HYUNDAI",
  "VERNA-1.6 VTVT AUTO SX(O) BSIV": "HYUNDAI",
  "HI-TECH INDUSTRIES": "HI-TECH INDUSTRIES",
  "VEHICLE FACTORY JABALPUR": "VEHICLE FACTORY JABALPUR",
  "MARUTI ERTIGA SHVS VDI BSIV": "MARUTI",
  "DEWAN AGRICULTURE WORKS": "DEWAN AGRICULTURE WORKS",
  "SKODA KUSHAQ 1.5L TSI (110KW) AT STYLE BSVI": "SKODA",
  "CA1415/39 H FBL/17FTFSD BSVI": "CA1415/39",
  "BHODAY AGRO INDUSTRIES": "BHODAY AGRO INDUSTRIES",
  "ROOPRAI AGRO INDUSTRIES": "ROOPRAI AGRO INDUSTRIES",
  "GKON ELECTRIC MOTOR VEHICLES PVT LTD": "GKON ELECTRIC VEHICLES",
  "Skoda Auto Volkswagen India Pvt Ltd": "SKODA",
  "CLAAS INDIA P LTD": "CLAAS P",
  "CHARDI KALAN AGRO INDUSTRIES": "CHARDI KALAN AGRO INDUSTRIES",
  "VENKATESHWARA ENGINEERING WORK": "VENKATESHWARA ENGINEERING WORK",
  "MAHINDRA TOURISTER 25 MDI SB 32S EXL SCH BSIV": "MAHINDRA",
  "EVOLUTION AUTOTECH": "EVOLUTION AUTOTECH",
  "DOST RLS FSD BSIV": "ASHOK LEYLAND",
  "TATA- ALTROZ XM 1.2 RTN BS6 BSVI": "TATA",
  "HAMPI TRACTORS": "HAMPI TRACTORS",
  "MAHINDRA \u00a0MAHINDRA LTD": "MAHINDRA",
  "ANNAI ENGINEERING WORKS": "ANNAI ENGINEERING WORKS",
  "INTERNATIONAL TRACTORS LTD": "INTERNATIONAL TRACTORS",
  "GOBINDA MOTOR WORKS": "GOBINDA WORKS",
  "MONTANA": "MONTANA",
  "BSMS AGRICULTURE WORKSHOP": "BSMS AGRICULTURE WORKSHOP",
  "RASANDIK ENGINEERING INDUSTRIES INDIA LTD": "RASANDIK ENGINEERING INDUSTRIES",
  "JBM INDUSTRIES LIMITED": "JBM INDUSTRIES",
  "TATA ALTROZ XZ+ 1.5 RTQ BS6 BSVI": "TATA",
  "CHAMPION POLY PLAST": "CHAMPION POLY PLAST",
  "MEENAMBAL ENGG  INDUSTRIES": "MEENAMBAL ENGG  INDUSTRIES",
  "SAGGU AGRO INDUSTRIES": "SAGGU AGRO INDUSTRIES",
  "KALSI AGRICULTURAL WORKS": "KALSI AGRICULTURAL WORKS",
  "URAL INDIA LTD.": "URAL",
  "MAHALINGA ENGG. INDUSTRIES \u00a0": "MAHALINGA ENGG INDUSTRIES",
  "MAHINDRA &amp; MAHINDRA LIMITED": "MAHINDRA",
  "MARUTI XL6 SMART HYBRID ALPHA BSVI": "MARUTI",
  "AYISHA AGRO INDUSTRIES": "AYISHA AGRO INDUSTRIES",
  "3718IL TYRE 10.00 R 20: 16 PR BSIII": "3718IL",
  "MARUTI BREZZA SMART HYBRID VXI 1.5L 5MT BSVI": "MARUTI",
  "XUV700 AX5 PET AT 5 SEATER BSVI": "XUV700",
  "MUNDE MECHANICAL WORKS": "MUNDE MECHANICAL WORKS",
  "THE TRUE SAI WORKS": "THE TRUE SAI WORKS",
  "SATNAM AGRO ENGINEERING": "SATNAM AGRO ENGINEERING",
  "REHOBATH MOTORS": "REHOBATH",
  "ARJAN AGRICULTURE WORKS": "ARJAN AGRICULTURE WORKS",
  "SAGGU AGRO INDUSTRIES (REGD)": "SAGGU AGRO INDUSTRIES (REGD)",
  "JUPITER 125 FAW DISC & REAR AW DBM BSVI": "JUPITER",
  "MAESTRO - DELUXE  BSIII": "MAESTRO",
  "ANAMALAI TRACTOR": "ANAMALAI TRACTOR",
  "PIAGGIO(AP1)": "PIAGGIO(AP1)",
  "NEW GOBIND AGRO INDUSTRIES": "NEW GOBIND AGRO INDUSTRIES",
  "CHEVROLET TAVERA M7A BS3": "CHEVROLET",
  "HD HYUNDAI CONSTRUCTION EQUIPMENT INDIA PVT LTD": "HD HYUNDAI CONSTRUCTION EQUIPMENT",
  "MARUTI-DZIRE VXI BSIV": "MARUTI",
  "MAHINDRA XUV3OO W8(O) DS MT BSVI": "MAHINDRA",
  "NEW GOLDEN AGRICULTURE": "NEW GOLDEN AGRICULTURE",
  "RSB AGRO INDUSTRIES": "RSB AGRO INDUSTRIES",
  "DALIP SINGH AND SONS": "DALIP SINGH AND SONS",
  "SAATHI TRADING CO": "SAATHI TRADING CO",
  "YEZDI MOTORS LTD": "YEZDI",
  "MARUTI- ALTO LXI BSVI": "MARUTI",
  "3718COWL(L10450 BSIV": "3718COWL(L10450",
  "TATA NEXON XZ+ DK RTNBS6PH2": "TATA",
  "MAHABOOB ENGINEERING WORKS": "MAHABOOB ENGINEERING WORKS",
  "GAYATHRY AGRO TRAILORS": "GAYATHRY AGRO TRAILORS",
  "MLR AUTO  LTD BALANAGAR": "MLR AUTO  BALANAGAR",
  "OPEL": "OPEL",
  "Escorts Kubota Limited (construction Equipment)": "ESCORTS",
  "MARUTI BALENO ZETA 1.2L ISS AGS BSVI-PH2": "MARUTI",
  "SRI SAI ENGINEERING WORKS": "SRI SAI ENGINEERING WORKS",
  "I20 SPORTZ 1.2 KAPPA MT BSVI": "HYUNDAI",
  "EVCO AUTOMOBILES PVT LTD": "EVCO AUTOMOBILES",
  "UNITED KINGDOM GROVE": "UNITED KINGDOM GROVE",
  "MARUTI  EECO  7  STR STD 1.2L 5MT BSVI-PH2": "MARUTI",
  "VASANTHI AUTOMOBILES": "VASANTHI AUTOMOBILES",
  "CRANE KRAFT INDIA PRIVATE LIMITED": "CRANE KRAFT PRIVATE",
  "MARUTI IGNIS ZETA 1.2L 5MT BSVI": "MARUTI",
  "EIMCO ELECON": "EIMCO ELECON",
  "JOHN DHEERS INDIA PVT LTD": "JOHN DHEERS",
  "HONDA": "HONDA",
  "MODERN INDUSTRIES": "MODERN INDUSTRIES",
  "TOYOTA MOTOR CORPORATION": "TOYOTA",
  "MARUTI VITARA BREZZA ZDI+ BSIV": "MARUTI",
  "MARUTI WAGON R ZXI+ 1.2L ISS 5MT BSVI-PH2": "MARUTI",
  "LPT 3118 TC BSIII(8X2)COWL WB5205": "LPT",
  "SATWANT AGRO TECH": "SATWANT AGRO TECH",
  "MAHINDRA TRUCKS AND BUSES LTD": "MAHINDRA",
  "UNIQUE INTERNATIONAL": "UNIQUE INTERNATIONAL",
  "M/S RACE AUTOMOTIVE ( PVT)LTD": "M/S RACE AUTOMOTIVE ()LTD",
  "NARINDERA AGRO WORKS": "NARINDERA AGRO WORKS",
  "AMAZE RDE VX MT (I-VTEC) BSVI": "AMAZE",
  "SRI MARUTHI AGRICULTURAL INDUSTRY": "SRI MARUTHI AGRICULTURAL INDUSTRY",
  "MARUTI MOTORS": "MARUTI",
  "SUPREME ZT54E D LWB DRIVE AWAY CHASSIS BSIV": "SUPREME",
  "TATA TIGOR XZ 1.2 RTN BS6 BSVI": "TATA",
  "MARUTI SWIFT VXI BS IV": "MARUTI",
  "M.S.LTD.": "MSLTD",
  "MARUTI SWIFT VXI BSVI": "MARUTI",
  "DM AGRO INDUSTERIES": "DM AGRO INDUSTERIES",
  "UNIVERSAL LTD": "UNIVERSAL",
  "DEV AGRO INDUSTRIES": "DEV AGRO INDUSTRIES",
  "EXECUTIVE LXAC BUS 22STR RSDWWINDOW FRAME BSIV": "EXECUTIVE",
  "VASHAN AGRICULTURE WORKS": "VASHAN AGRICULTURE WORKS",
  "SIGNA4825.TK 10X2 FBTT SPCAB STDS 29C TBB1 BSVI": "SIGNA4825.TK",
  "SHRI MAHALAXMI AGRO IND": "SHRI MAHALAXMI AGRO IND",
  "HERO ELECTRIC VEHICLES PVT LTD": "HERO",
  "NANDEESH \u00a0MOTORS": "NANDEESH \u00a0MOTORS",
  "PUBANG ETRON ELECTRIC MOTOR PVT LTD": "PUBANG ETRON ELECTRIC",
  "LAL CHAND AGRICULTURE WORKS": "LAL CHAND AGRICULTURE WORKS",
  "CA1415/32 T TIP 7CU M BSVI-PH2": "CA1415/32",
  "2518C/4 RMC DAYCAB(10.00-20;16PR) BSIV": "2518C/4",
  "MARUTI ERTIGA SMARTHYBRID VXI(O) 1.5L 5MT BSVI": "MARUTI",
  "L&T-JOHN DEERE LTD": "L&T-JOHN DEERE",
  "AKSHAR AGRO LNDUSTRIES": "AKSHAR AGRO LNDUSTRIES",
  "DOST RLS-FSD-PS-185R14LT8PR BSVI": "ASHOK LEYLAND",
  "S.K.CARS LTD": "SKCARS",
  "SKODA KUSHAQ 1.0L TSI (85KW) MT AMBITION BSVI": "SKODA",
  "JT SPECIAL VEHICLES PVT LTD": "JT SPECIAL VEHICLES",
  "S E ASIA CO": "S E ASIA CO",
  "M/S. OLECTRA GREENTECH LIMITED SECUNDERABAD": "M/S OLECTRA GREENTECH SECUNDERABAD",
  "MARUTI WAGON R LXI CNG 1L 5MT BSVI": "MARUTI",
  "AIMS FARM EQUIPMENTS PVT LTD": "AIMS FARM EQUIPMENTS",
  "CRETA 1.4 CRDI EX BSIV": "HYUNDAI",
  "BHARATBENZ 1617R 5100 HSD (5985X2365X2000) BSIV": "BHARATBENZ",
  "YAMAHA MOTORS (I) LTD": "YAMAHA",
  "RESINGLASS AND FABS LTD": "RESINGLASS AND FABS",
  "DAIHATSU": "DAIHATSU",
  "TOYOTA ETIOS GD(M)BSIV": "TOYOTA",
  "PREET AGRO INDIA PVT LTD": "PREET AGRO",
  "MARUTI BREZZA SMART HYBRID VXI1.5L5MT BSVI-PH2": "MARUTI",
  "RAMANJANEYA TRAILORS": "RAMANJANEYA TRAILORS",
  "SARASWATI ENGG": "SARASWATI ENGG",
  "WUXI SAIGE (IMPORTER: WARIVO MOTOR)": "WUXI SAIGE (IMPORTER: WARIVO)",
  "MARUTISWIFT DZIRE-VXI BSIV": "MARUTI",
  "GRAND I10 SPORTZ 1.2 AUTO BSIV": "HYUNDAI",
  "PUNJAB HI-TECH INDUSTRIES": "PUNJAB HI-TECH INDUSTRIES",
  "FRIENDS AGRO INDUSTRIES": "FRIENDS AGRO INDUSTRIES",
  "I20 ASTA (O) VTVT-BSIV": "HYUNDAI",
  "KATO NISSAN": "KATO NISSAN",
  "MARUTI-ALTO-800-LXI BSIV": "MARUTI",
  "MARUTI SWIFT DZIRE TOUR DIESEL BSIV": "MARUTI",
  "M/S KIA MOTORS INDIA PVT. LTD.": "M/S KIA",
  "GUJARAT TRACTOR CORP": "GUJARAT TRACTOR CORP",
  "EICHER10.75E COWL&CHASSIS FACE/WITHOUTFACE BSIV": "EICHER10.75E",
  "KIA SELTOS SMARTSTREAM G1.5IVTHTXBSVI": "KIA",
  "MAHINDRA &amp;MAHINDRA LTD": "MAHINDRA",
  "MARUTI WAGON R ZXI+ 1.2L ISS 5MT BSVI": "MARUTI",
  "1616 IL/1 BSIII": "1616",
  "JAYANTI AGRO CENTRES": "JAYANTI AGRO CENTRES",
  "JUBILANT MOTORS PVT LTD": "JUBILANT",
  "XCMG CONSTRUCTION MACHINERY CO. LTD.": "XCMG CONSTRUCTION MACHINERY",
  "BHARATBENZ 2528C 6X4-6 BSIV": "BHARATBENZ",
  "M/S BHASKARA INDUSTRIES": "M/S BHASKARA INDUSTRIES",
  "BADA DOST I2TNDD-FSD-NON AC-215/75-R15-LT BSVI-PH2": "ASHOK LEYLAND",
  "ASHOKA ALLIED INDUSTRIES LTD": "ASHOKA ALLIED INDUSTRIES",
  "GULSHAN AGRO INDUSTRIES": "GULSHAN AGRO INDUSTRIES",
  "TRATEC ENGINEERS PVT LTD": "TRATEC ENGINEERS",
  "LANSON MOTORS PVT LTD": "LANSON",
  "TATA- ALTROZ XE 1.2 RTN BS6 BSVI": "TATA",
  "CHIRAG AUTO INDUSTRIES": "CHIRAG AUTO INDUSTRIES",
  "RENAULT TRIBER RXZ PETROL MT 1.0L ECE BSVI": "RENAULT",
  "CLASSIC 500 BSIII": "CLASSIC",
  "GREEN FIELD FARM EQPMTS PVT LTD": "GREEN FIELD FARM EQPMTS",
  "GUJARAT TRACTOR CORP LTD": "GUJARAT TRACTOR CORP",
  "ANJANEYA AGRO LTD": "ANJANEYA AGRO",
  "AUDI - IMPORTED": "AUDI",
  "SCORPIO-N G AT 2WD Z8 7S BSVI-PH2": "MAHINDRA",
  "I20 ACTIVE CRDI SX BSIV": "HYUNDAI",
  "SRI SAI THIRUMALA ENG": "SRI SAI THIRUMALA ENG",
  "MAHINDRA SUPRO VX 8SEATER BSIV": "MAHINDRA",
  "KIA SELTOS D1.5 CRDI VGT IMT HTK PLUS BSVI": "KIA",
  "GUJARAT NARMADA AUTO": "GUJARAT NARMADA AUTO",
  "FV 4923 BSIII": "FV",
  "MARUTI - WAGON R VXI CNG 1L 5MT BSVI": "MARUTI",
  "LOTIA  MOTORS  LTD": "LOTIA",
  "VANDANA INDUSTRIES": "VANDANA INDUSTRIES",
  "PREMIER ESOL TECHNOLOGIES": "PREMIER ESOL TECHNOLOGIES",
  "TOYOTA VELLFIRE HYBRID BSVI": "TOYOTA",
  "M/S AUDI SPORT GMBH": "M/S AUDI SPORT GMBH",
  "TOYOTA ETIOS GD (F) BSIV": "TOYOTA",
  "MARUTI S-PRESSO LXI (O) CNG 1L 5MT BSVI": "MARUTI",
  "AASHI INDIA AUTOMOBILES PVT LTD": "AASHI AUTOMOBILES",
  "SRI SAI DURGA ENGG WORKS": "SRI SAI DURGA ENGG WORKS",
  "LAMBORGHINI GALLARDO SPYDER": "LAMBORGHINI",
  "M K BROTHERS": "M K BROTHERS",
  "BHAMRA TRAILOR WORKS": "BHAMRA TRAILOR WORKS",
  "TATA NEXON EV 2.0 XZ+ BOV": "TATA",
  "IPL TECH ELECTRIC PVT LTD": "IPL TECH ELECTRIC",
  "MAHINDRA XUV3OOW6 DS MT BSVI": "MAHINDRA",
  "BANSURI AUTO PVT. LTD.": "BANSURI AUTO",
  "M/S DADAR ENGINEERING WORKS": "M/S DADAR ENGINEERING WORKS",
  "KRISHI ENGINEERING WORKS": "KRISHI ENGINEERING WORKS",
  "MARUTI-DZIRE VDI BSIV": "MARUTI",
  "10.90 RHD H CAB HSD BS3": "10.90",
  "GURU NANAK AGRO IND.": "GURU NANAK AGRO IND",
  "VW TAIGUN GT PLUS 1.5L TSI 110KW-DSG BSVI-PH2": "VOLKSWAGEN",
  "BHARDWAJ AGRO INDUSTRIES": "BHARDWAJ AGRO INDUSTRIES",
  "MARUTI-CIAZ SMART HYBRID ALPHA BSIV": "MARUTI",
  "MARUTI SWIFT VDI BS IV": "MARUTI",
  "KARNAVATI AUTO LTD": "KARNAVATI AUTO",
  "AGRAWAL RENEWABLE ENERGY PVT LTD": "AGRAWAL RENEWABLE ENERGY",
  "KOKILA ENGINEERING": "KOKILA ENGINEERING",
  "AVL ELECTRIC VEHICLES PVT LTD": "AVL ELECTRIC VEHICLES",
  "EICHER SKYLINE PRO 3009 L STAFF BUS (44+D) BSIV": "EICHER",
  "APM AUTO SALES": "APM AUTO SALES",
  "NEW FRIENDS INDUSTRIES": "NEW FRIENDS INDUSTRIES",
  "SHRI MEENAKSHI TRADERS": "SHRI MEENAKSHI TRADERS",
  "N.D. INDUSTRIES": "ND INDUSTRIES",
  "DHIMAN AGRO INDUSTRIES": "DHIMAN AGRO INDUSTRIES",
  "RAJAJ AUTO LTD": "RAJAJ AUTO",
  "MAHINDRA RENAULT I PVT LTD": "MAHINDRA",
  "BESTWAY AGENCIES PVT LTD": "BESTWAY AGENCIES",
  "INDIAN AUTO RAYONS PVT LTD": "INDIAN AUTO RAYONS",
  "CITY 1.5 VX CVT (I-VTEC) BSIV": "CITY",
  "GAJENDRA TRAILERS LTD": "GAJENDRA TRAILERS",
  "MAHINDRA & MAHINDRA": "MAHINDRA",
  "VENUS AUTO WHEELS PVT LTD": "VENUS AUTO WHEELS",
  "VERITO D4 BSIV": "VERITO",
  "DOOSAN BOBCAT INDIA PVT LTD": "DOOSAN BOBCAT",
  "CITY 5TH GEN V MT(I-VTEC) BSVI": "CITY",
  "DEMAG": "DEMAG",
  "FARM EQUIPMENT LTD": "FARM EQUIPMENT",
  "MARUTI - DZIRE VXI 1.2L AGS BSVI": "MARUTI",
  "ZOOMLION": "ZOOMLION",
  "AVENGER 220-CRUISE BSIV": "AVENGER",
  "SANSAR COMBINE": "SANSAR COMBINE",
  "RAMA ENGINEERING WORKS": "RAMA ENGINEERING WORKS",
  "MARUTI WAGONR VXI 1L ISS 5MT BSVI-PH2": "MARUTI",
  "LPT 1212 DCR42CBC TRUCK CHASSIS WITH CAB BSVI": "LPT",
  "ALLWYN": "ALLWYN",
  "M/S SRI SAI RAMA AGRO WORKS": "M/S SRI SAI RAMA AGRO WORKS",
  "ADITYA AGRO INDUSTRIES": "ADITYA AGRO INDUSTRIES",
  "BALJEET KRISHI YANTRA": "BALJEET KRISHI YANTRA",
  "H. D. AUTOMOTIVES": "H D AUTOMOTIVES",
  "SKODA KUSHAQ 1.0L TSI (85KW) AT AMBITION BSVI": "SKODA",
  "PERUMAL TRAILERS": "PERUMAL TRAILERS",
  "MANKU AGRO TECH.PVT.LTD.": "MANKU AGRO TECHPVTLTD",
  "GAHIR AGRICULTURAL INDUSTRIES": "GAHIR AGRICULTURAL INDUSTRIES",
  "BMW AG": "BMW",
  "TATA INDICA EV2 CR4 CRAIL LS BSIV": "TATA",
  "MARUTI DZIRE ZXI 1.2L AGS. BSVI-PH2": "MARUTI",
  "ANDHRA PRADESH SCOOTERS LTD": "ANDHRA PRADESH SCOOTERS",
  "AKASH KRISHI YANTRA": "AKASH KRISHI YANTRA",
  "MARIS ENGINEERING LTD": "MARIS ENGINEERING",
  "BABA E-VEHICLES": "BABA E-VEHICLES",
  "ASHOK LEYLAND": "ASHOK LEYLAND",
  "J K TRAILERS": "J K TRAILERS",
  "SHRI KRISHNA AGRO ENGINEERING": "SHRI KRISHNA AGRO ENGINEERING",
  "CASE NEW HOLLAND CONSTRUCTION EQUIPMENT(I PVT LTD": "CASE NEW HOLLAND CONSTRUCTION EQUIPMENT(I",
  "BOLERO ZLX MH 2WD 7S BSIV AC PS": "MAHINDRA",
  "3GB TECHNOLOGY PVT LTD": "3GB TECHNOLOGY",
  "SIWACH STEEL PVT LTD": "SIWACH STEEL",
  "MARUTI DZIRE ZXI+ 1.2L ISS AGS BSVI": "MARUTI",
  "VISHVAS TRACTORS LTD.": "VISHVAS TRACTORS",
  "MARUTI TOUR S STD (O) CNG 1.2L 5MT BSVI": "MARUTI",
  "ADAPT MOTORS PVT LTD": "ADAPT",
  "MARUTI WAGON-R VXI BSIV": "MARUTI",
  "RAVINDRA AGRO WORKS": "RAVINDRA AGRO WORKS",
  "NEW DEVE AGRO WORKS": "NEW DEVE AGRO WORKS",
  "HECTORPLUS6  SHARPPRO-1325DBM BSVI": "HECTORPLUS6",
  "THAR LX  D AT 4WD 4S HT BSVI": "MAHINDRA",
  "AADHYA ENTERPRISES": "AADHYA ENTERPRISES",
  "XUV700 AX5 DSL MT 7 SEATER BSVI": "XUV700",
  "TATA PUNCH ADV 1.2P MT BSVI-PH2": "TATA",
  "Y C ELECTRIC VEHICLE": "Y C ELECTRIC VEHICLE",
  "MAHINDRA XUV3OO W6 PM BS6 MT BSVI-PH2": "MAHINDRA",
  "MARUTI-SWIFT VXI 1.2L ISS AGS BSVI": "MARUTI",
  "LECTRIX EV PVT LTD": "LECTRIX EV",
  "CB SHINE W F DISC B &K S&E S W CAST WHEELS BSIV": "CB",
  "K.M.CO LTD": "KMCO",
  "AMAN AGRO INDUSTRIES": "AMAN AGRO INDUSTRIES",
  "SUNKU AUTO LTD": "SUNKU AUTO",
  "11.10 HD RHD H CAB & HSD BS II": "11.10",
  "HONDA MOTOR CO., LTD., TOKYO": "HONDA",
  "M/S SRI VENKATESHWARA ENGINEERING WORKSHOP,SIRPUR": "M/S SRI VENKATESHWARA ENGINEERING WORKSHOP,SIRPUR",
  "YATI INDUSTRIES": "YATI INDUSTRIES",
  "DAIMLER CHRYSLER AG,STUTTGART": "DAIMLER CHRYSLER AG,STUTTGART",
  "L&T CONSTRUCTION MACHINERY LIMITED": "L&T CONSTRUCTION MACHINERY",
  "SUPREME 4760 ZT54E DELWB SCHOOL BUS 40 BSVI": "SUPREME",
  "FORTUNER SIGMA 4 AT BSVI": "TOYOTA",
  "DELTA AUTOCORP LLP": "DELTA AUTOCORP LLP",
  "CITY 5TH GEN ZX CVT(I-VTEC) BSVI": "CITY",
  "HOTAGE INDIA": "HOTAGE",
  "BANSAL AGRICULTURE IMPLEMENTS": "BANSAL AGRICULTURE IMPLEMENTS",
  "SAGAR ENGGINEERING WORKS NLG": "SAGAR ENGGINEERING WORKS NLG",
  "NIKHIL FURNITURES": "NIKHIL FURNITURES",
  "MAHINDR  MAHINDRA LTD": "MAHINDR  MAHINDRA",
  "R.S.AGRO INDUSTRIES": "RSAGRO INDUSTRIES",
  "NISSAN. MAGNITE TURBO CVT XV PRE(O) BSVI": "NISSAN",
  "GEMAG CONSTRUCTION MACHINARY": "GEMAG CONSTRUCTION MACHINARY",
  "CEEON INDIA": "CEEON",
  "EON ECO ERA+ BSIV": "EON",
  "BHAVNA AGRO INDUSTRIES": "BHAVNA AGRO INDUSTRIES",
  "ADICO ESCORTS AGRI EQUIPMENTS PVT. LTD.": "ADICO ESCORTS AGRI EQUIPMENTS",
  "AUTPRODIND": "AUTPRODIND",
  "INDIAN MILITARY TRAILORS": "INDIAN MILITARY TRAILORS",
  "VINAY INDUSTRIES": "VINAY INDUSTRIES",
  "CHALAM FORM EQUPMENTS": "CHALAM FORM EQUPMENTS",
  "MARUTI-VITARA BREEZA ZDI+ BSIV": "MARUTI",
  "MARUTI ERTIGA SMARTHYBRID ZXI(O)1.5L 5MT BSVI-PH2": "MARUTI",
  "CHANDEL AUTO MOBILE": "CHANDEL AUTO MOBILE",
  "MARUTI DZIRE ZXI 1.2L 5 MT BSVI-PH2": "MARUTI",
  "SANY HEAVY INT. LTD. PR C": "SANY HEAVY INT PR C",
  "AUTO COROLLA INDIA LTD": "AUTO COROLLA",
  "RACCOON MOTORS PVT LTD": "RACCOON",
  "M/S SRI SHIVA AGRO INDUSTRIES": "M/S SRI SHIVA AGRO INDUSTRIES",
  "INA": "INA",
  "SKS TRADE INDIA PVT LTD": "SKS TRADE",
  "NAZAR SINGH & SONS": "NAZAR SINGH & SONS",
  "ACTION CONSTR EQUIP. P LTD.": "ACTION CONSTR EQUIP P",
  "N0VA AUTOMOTIVE TECHNOLOGIES PVT. LTD": "N0VA AUTOMOTIVE TECHNOLOGIES",
  "BRIGHT AUTOZONE PVT LTD": "BRIGHT AUTOZONE",
  "KIASONETG1.0T-GDI SMARTSTREAM IMT HTX BSVI": "KIASONETG1.0T-GDI",
  "UNIQUE ENTERPRISES": "UNIQUE ENTERPRISES",
  "AGRI KING": "AGRI KING",
  "JEEP NEW COMPASS LIMITED (O) 2.0D MT BSVI": "JEEP",
  "LIUGONG IND PVT LTD": "LIUGONG IND",
  "SOMAYAJI  INDUSTRIES": "SOMAYAJI  INDUSTRIES",
  "SINGHAL ENTERPRISES": "SINGHAL ENTERPRISES",
  "BAJAJ MILL STORES": "BAJAJ",
  "KALINGA AUTO ENGG": "KALINGA AUTO ENGG",
  "MARUTI SWIFT ZXI 1.2L ISS 5MT BSVI": "MARUTI",
  "VIKAS INDUSTRIES KURAI": "VIKAS INDUSTRIES KURAI",
  "BHOGAL COMBINE SPARE PARTS": "BHOGAL COMBINE SPARE PARTS",
  "JAIKISSAN  AGROSOLUTIONS MEDAK": "JAIKISSAN  AGROSOLUTIONS MEDAK",
  "AJAX FIORI ENGG INDIA P LTD": "AJAX FIORI ENGG P",
  "BHAGYAWANTI TRAILERS": "BHAGYAWANTI TRAILERS",
  "PASHUPATI VEHICLE PVT. LTD.": "PASHUPATI VEHICLE",
  "MARUTI DZIRE VXI 1.2L 5 MT BSVI-PH2": "MARUTI",
  "EICHER PRO 2110 H CAB & HSD(SL) BSVI": "EICHER",
  "JASWANT AGRICULTURE WORKS": "JASWANT AGRICULTURE WORKS",
  "EICHER PRO 2114XP H CAB & HSD BSVI": "EICHER",
  "M/S HOVEL CYLINDER PVT LTD": "M/S HOVEL CYLINDER",
  "VW MOTOR PVT LTD": "VOLKSWAGEN",
  "MARUTI BALENO ZETA 1.2L ISS 5MT BSVI": "MARUTI",
  "HARLEY DAVIDSON MOTOR COMPANY": "HARLEY DAVIDSON",
  "LEXUS MOTORS LTD": "LEXUS",
  "MAHINDRA BOLERO PIK-UP FB PS 1.7 T BSIV": "MAHINDRA",
  "M.S.ENG.WORKS, NIMAPADA": "MSENGWORKS, NIMAPADA",
  "LPT4825 10X2TRK CHASS COWL WINSHILD 6780WB BSVI": "LPT4825",
  "BAJAJ IMPLEMENTS PVT. LTD": "BAJAJ",
  "NRJ ELECTRIC MOTOR VEHICLES PVT LTD": "NRJ ELECTRIC VEHICLES",
  "M/S JAGUAR LAND ROVER INDIA LTD": "M/S JAGUAR LAND ROVER",
  "MAHARASTRA SCOOTERS LIMITED": "MAHARASTRA SCOOTERS",
  "JAYO CBC BSVI": "JAYO",
  "MARUTI CELERIO X ZXI-AMT (O) BSIV": "MARUTI",
  "MB AGRO INDUSTRIES": "MB AGRO INDUSTRIES",
  "ZS ASTOR MT  MT STYLE EX 2123GFJ BSVI": "ZS",
  "AMRINDERA ENGINEERING WORKS": "AMRINDERA ENGINEERING WORKS",
  "HERCULES CRANE PVT.LTD.": "HERCULES CRANELTD",
  "N S GIRIMAJI AND SONS": "N S GIRIMAJI AND SONS",
  "VOLTAS MATERIAL HANDLING PVT LTD": "VOLTAS MATERIAL HANDLING",
  "MASERATI SPA": "MASERATI SPA",
  "MOHAN GENERAL TRADING COMPANY": "MOHAN GENERAL TRADING",
  "Wirtgen India Pvt Ltd": "WIRTGEN",
  "MANITOWOC INDIA LIMITED": "MANITOWOC",
  "KUSHAQ 1.0L TSI 85KW MT STYLE BSVI": "KUSHAQ",
  "ELECTROTHERM (I) LIMITED": "ELECTROTHERM (I)",
  "SS1009.4D4RB 41 SEATS BSIV": "SS1009.4D4RB",
  "A R T WELDING WORKS": "A R T WELDING WORKS",
  "TIRTH AGRO TECHNOLOGY PVT LTD": "TIRTH AGRO TECHNOLOGY",
  "DR.ING.H.C.F.PORSCHE AG": "DRINGHCFPORSCHE AG",
  "HARJEET AGRO INDUSTRIES": "HARJEET AGRO INDUSTRIES",
  "IDEAL JAVA": "IDEAL JAVA",
  "AMAR ENGG. WORKS": "AMAR ENGG WORKS",
  "TATA PUNCH PUR 1.2P BS6 MT BSVI": "TATA",
  "ANGAD AGRO INDUSTRIES": "ANGAD AGRO INDUSTRIES",
  "VASHAN AGRICULTURE WORKS LTD": "VASHAN AGRICULTURE WORKS",
  "INNOVA HYCROSS HYBRID ZX(7S) BSVI-PH2": "TOYOTA",
  "MARUTI CIAZ SMART HYBIRD ALPHA BSIV": "MARUTI",
  "M/S VOLVO GROUP INDIA PRIVATE LIMITED": "M/S VOLVO GROUP PRIVATE",
  "ASIAN POWER LINES": "ASIAN POWER LINES",
  "LAHORI AGRO INDUSTRIES": "LAHORI AGRO INDUSTRIES",
  "TATA LPT 3518 CR/5205WB TC WITH COWL BSIV": "TATA",
  "SKODA SLAVIA 1.0L TSI 85KW AT AMBITION BSVI": "SKODA",
  "AMAZE 1.2 S MT(I-VTEC) BSVI": "AMAZE",
  "KHALSA E-VEHICLES PVT LTD": "KHALSA E-VEHICLES",
  "HANUMAN FOUNDRY WORKERS": "HANUMAN FOUNDRY WORKERS",
  "SANDHYA ENGG. WORKS": "SANDHYA ENGG WORKS",
  "TORSO MOTORS": "TORSO",
  "International Cars & Motors Limited": "INTERNATIONAL CARS &",
  "SCHWING STETTER F-17 TAMILNADU": "SCHWING STETTER F-17 TAMILNADU",
  "K.S. AGROTECH  PVT LTD": "KS AGROTECH",
  "S B TRAILORS": "S B TRAILORS",
  "EXIDE INDUSTRIES LTD": "EXIDE INDUSTRIES",
  "MAHINDRA BOLERO PIK-UP FB CBC PS 1.7T XL BSVI": "MAHINDRA",
  "MARUTI ERTIGA VXI (O)CNG 1.5L 5MT BSVI-PH2": "MARUTI",
  "LOVELY AGRO INDUSTRIES": "LOVELY AGRO INDUSTRIES",
  "TATA NEXON XM 1.2RTN BS6 BSVI": "TATA",
  "SHRUNGANATH MINI TRAILER": "SHRUNGANATH MINI TRAILER",
  "PLAUDIT TECHNO INDIA PVT LTD": "PLAUDIT TECHNO",
  "RENAULT": "RENAULT",
  "AMW MOTORS LTD": "AMW",
  "PMI ELECTRO MOBILITY SOLUTIONS PRIVATE LIMITED": "PMI ELECTRO MOBILITY SOLUTIONS PRIVATE",
  "HERO MAJESTIC AUTO LTD": "HERO",
  "APSARA ENTERPRISE": "APSARA ENTERPRISE",
  "MARUTI ERTIGA ZDI SMART HYBRID BSIV": "MARUTI",
  "MARUTHI TOUR S DIESEL BSIV": "MARUTHI",
  "PACE AGRO PRIVATE LIMITED": "PACE AGRO PRIVATE",
  "JYOTI INDUSTRIES": "JYOTI INDUSTRIES",
  "SHRI SIDDESHWARA TRAILORS": "SHRI SIDDESHWARA TRAILORS",
  "NEW ARCANA INDIA": "NEW ARCANA",
  "ROOP RAI AGRO IND.": "ROOP RAI AGRO IND",
  "BHARATBENZ 2823C 6X4-4 BSVI": "BHARATBENZ",
  "ATUL AUTO": "ATUL AUTO",
  "LORAIN": "LORAIN",
  "MARUTIGRANDVITARASMARTHYBRIDALPHA1.5L5MT BSVI-PH2": "MARUTIGRANDVITARASMARTHYBRIDALPHA1.5L5MT",
  "MARUTI S-CROSS SMART HYBRID DELTA BSIV": "MARUTI",
  "ULTRA T.11 DCR49HSD 125B6M5 FFCTCWC HDLB BSVI": "ULTRA",
  "VENTO 1.5 TDI (AT) - HIGHLINE BSIV": "VENTO",
  "M/S POWER TECH TECHNOLOGY": "M/S POWER TECH TECHNOLOGY",
  "JEEP TRAILER": "JEEP",
  "G S N ENGINEERING WORKS": "G S N ENGINEERING WORKS",
  "MAHINDRA XUV5OO FWD W5 BSIV": "MAHINDRA",
  "TATA INTRA V30 AC BSVI": "TATA",
  "EICHER PRO 1110H CAB & HSD BSIV": "EICHER",
  "BABAR ENGINEERING WORKS": "BABAR ENGINEERING WORKS",
  "CIMMCO LIMITED": "CIMMCO",
  "H. R. AGRO INDUSTRIES": "H R AGRO INDUSTRIES",
  "INDO AUTO LTD": "INDO AUTO",
  "TATA ZEST XM QJET 75PS BS4 BSIV": "TATA",
  "PURAN ENGINEERING WORKS": "PURAN ENGINEERING WORKS",
  "OM SARAVANA ENGG INDUSTRIES": "OM SARAVANA ENGG INDUSTRIES",
  "PL HAULWEL TRAILERS \u00a0\u00a0\u00a0\u00a0\u00a0\u00a0\u00a0\u00a0\u00a0\u00a0": "PL HAULWEL TRAILERS",
  "J K AGRO INDUSTRIES": "J K AGRO INDUSTRIES",
  "VANI ELECTRIC VEHICLES PVT LTD": "VANI ELECTRIC VEHICLES",
  "SAMRAT BH53 4240 SCHOOL BUS 43 STR BSVI": "SAMRAT",
  "MARUTI CELERIO VXI 1L AGS BSVI": "MARUTI",
  "B F ENGINEERING WORKS": "B F ENGINEERING WORKS",
  "GAYATRI ELECTRIC VEHICLES": "GAYATRI ELECTRIC VEHICLES",
  "MICRO AUTOTECH": "MICRO AUTOTECH",
  "LAXMI ENGINEERING WORKS": "LAXMI ENGINEERING WORKS",
  "ANNAMALAI TRAILORS": "ANNAMALAI TRAILORS",
  "M/S TATA MOTORS LTD,PUNE": "M/S TATA,PUNE",
  "M/S SRI KARTHEEK ENGINEERING WORKS": "M/S SRI KARTHEEK ENGINEERING WORKS",
  "MOPEDS INDIA LTD \u00c2\u00a0\u00c2\u00a0\u00c2\u00a0\u00c2\u00a0\u00c2\u00a0\u00c2\u00a0\u00c2\u00a0\u00c2\u00a0\u00c2\u00a0\u00c2\u00a0\u00c2\u00a0\u00c2\u00a0\u00c2\u00a0": "MOPEDS \u00c2\u00a0\u00c2\u00a0\u00c2\u00a0\u00c2\u00a0\u00c2\u00a0\u00c2\u00a0\u00c2\u00a0\u00c2\u00a0\u00c2\u00a0\u00c2\u00a0\u00c2\u00a0\u00c2\u00a0\u00c2",
  "TAMILNADU MOPEDS LTD": "TAMILNADU MOPEDS",
  "M/S MANITOU EQUIPMENT INDIA PVT LTD": "M/S MANITOU EQUIPMENT",
  "GURU 1111 E4 CAB.CH(3800 WB(8.25-20;16PR BSIV": "GURU",
  "DOST RLE-CC-MS-185R14LT8PR BSVI": "ASHOK LEYLAND",
  "GRAND I10 NIOS 1.2 AMT KAPPA ASTA BSVI": "HYUNDAI",
  "MARUTI XL6 SMART HYBRID ALPHA 1.5L5MT BSVI-PH2": "MARUTI",
  "VIJAY SUPER MAKERS LTD": "VIJAY SUPER MAKERS",
  "LANCIA THEMA": "LANCIA THEMA",
  "M. G. CAR COMPANY": "M G CAR",
  "SHRI NAMO ELECTRIC AUTOMOTIVE": "SHRI NAMO ELECTRIC AUTOMOTIVE",
  "MALIK ENGINEERING WORKS": "MALIK ENGINEERING WORKS",
  "VW POLO 1.2 MPI HIGHLINE BSIV": "VOLKSWAGEN",
  "OM MAHALAKSHIMI ENG. WORKS": "OM MAHALAKSHIMI ENG WORKS",
  "MARUTI VITARABREZZA ZXI+ 1.5L5MT BSVI": "MARUTI",
  "SHRI KIRAN AGRO INDUSTRIES": "SHRI KIRAN AGRO INDUSTRIES",
  "GREAVES ELECTRIC MOBILITY PVT LTD": "GREAVES ELECTRIC MOBILITY",
  "KBS AUTOMOBILES": "KBS AUTOMOBILES",
  "MORRIS GARAGE CO, LTD": "MORRIS GARAGE CO,",
  "IFE LTD": "IFE",
  "TATA NEXON XMA 1.5 RTQ BS6 BSVI": "TATA",
  "BALAJI AGRO INDUSTRIES": "BALAJI AGRO INDUSTRIES",
  "MONTO MOTORS": "MONTO",
  "SUKHDEV AGRO INDUSTRIES": "SUKHDEV AGRO INDUSTRIES",
  "PUR ENERGY PVT LTD": "PUR ENERGY",
  "KRUP P": "KRUP P",
  "LAKSHMI ENGG WORKS": "LAKSHMI ENGG WORKS",
  "ACTIVA125 W EAUTO S & K S &DRUM CBSWALOYWL BSIV": "ACTIVA125",
  "SPEED CRAFTS LIMITED": "SPEED CRAFTS",
  "AADITYA GARBAGE PRODUCTS PVT LTD": "AADITYA GARBAGE PRODUCTS",
  "DCM TOYOTA": "DCM TOYOTA",
  "GRAND I10 NIOS 1.2 AMT CRDI SPORTZ BSVI": "HYUNDAI",
  "PANDU RANGA AGRO INDUSTRIES": "PANDU RANGA AGRO INDUSTRIES",
  "ALPSV 4/88 VIKING BSII": "ALPSV",
  "MARUTI S-CROSS SMART HYBRID ZETA  1.5L 5MT BSVI": "MARUTI",
  "SICHUAN CHANGJIANG LTD": "SICHUAN CHANGJIANG",
  "IMPORTED VEHICLE": "IMPORTED VEHICLE",
  "SKYRIDE AUTOMOTIVE": "SKYRIDE AUTOMOTIVE",
  "KRUSHIRAJ ENGINEERING WORKS": "KRUSHIRAJ ENGINEERING WORKS",
  "TATA ZEST XE QJET 75PS BSIV": "TATA",
  "ACTIVA 3G W ELECTRIC A START&K START &CBS BSIII": "HONDA",
  "RAVI TRAILERS": "RAVI TRAILERS",
  "MEGHA AGRO INDUSTRIES": "MEGHA AGRO INDUSTRIES",
  "VW POLO 1.2 MPI-ALL STAR BSIV": "VOLKSWAGEN",
  "XUV700 AX7 L DSL MT 7 SEATER BSVI-PH2": "XUV700",
  "MARUTI DZIRE VXI 1.2L ISS AGS BSVI": "MARUTI",
  "AMMANN APOLLO INDIA PVT LTD": "AMMANN APOLLO",
  "CRETA 1.5 CRDI AT SX(O) BSVI": "HYUNDAI",
  "DOST RLS BSIII": "ASHOK LEYLAND",
  "M/S MAHINDRA LAST MILE MOBILITY LIMITED": "M/S MAHINDRA LAST MILE MOBILITY",
  "SAME DEUTZ-FAHR INDIA (P) LTD": "SAME DEUTZ-FAHR (P)",
  "DAIMLER CHRYSLER AG": "DAIMLER CHRYSLER AG",
  "NEW MALLIKARJUNA ENG WORKS": "NEW MALLIKARJUNA ENG WORKS",
  "MB ENGINEERING WORKS": "MB ENGINEERING WORKS",
  "MARUTI ERTIGA ZDI BSIV": "MARUTI",
  "EICHER PRO 1110XP H CAB & HSD BSIV": "EICHER",
  "NISSAN MAGNITE MT XV BSVI": "NISSAN",
  "VW POLO 1.2 MPI COMFORTLINE BSIV": "VOLKSWAGEN",
  "DOST RLS BSIV": "ASHOK LEYLAND",
  "MARUTI-VITARA BREEZA ZDI BSIV": "MARUTI",
  "MATHAROO BROTHERS AGRO TECH PVT LTD": "MATHAROO BROTHERS AGRO TECH",
  "DETUSCHE GROVE GMBH": "DETUSCHE GROVE GMBH",
  "FORTUNER SIGMA 4 MT BSVI": "TOYOTA",
  "DYS IMPEX PRIVATE LIMITED": "DYS IMPEX PRIVATE",
  "GRAND I10 ASTA 1.2 CRDI BSIV": "HYUNDAI",
  "\u00c5\u00a0KODA KUSHAQ 1.0L TSI 85KW AT STYLE BSVI-PH2": "\u00c5",
  "SUPERTECH EV LIMITED": "SUPERTECH EV",
  "TATA ACE ZIP BSIII": "TATA",
  "UM4220/66 H 30FT SL.CABCH-375L BSVI": "UM4220/66",
  "Mg Motor India Pvt Ltd": "MG",
  "Tvs Motor Company Ltd": "TVS",
  "SIGNA 2825.K HDFBTIP NSPCAB BOG S&14CBTBB1 BSVI": "SIGNA",
  "AUTOM. PROD INDIA": "AUTOM PROD",
  "TATA NEXON XZ+ S DKRTNBS6PH2": "TATA",
  "Case New Holland Construction Equipment(i) Pvt Ltd": "CASE NEW HOLLAND CONSTRUCTION EQUIPMENT(I)",
  "GOPAL STEEL INDUSTRIES": "GOPAL STEEL INDUSTRIES",
  "IVECO S.P.A.": "IVECO SPA",
  "GRAND I10 NIOS 1.2 AMT KAPPA SPORTZ BSVI": "HYUNDAI",
  "AKASH EQUIPMENTS & MACHINERIES (P) LTD.": "AKASH EQUIPMENTS & MACHINERIES (P)",
  "MARUTI UDYOG LIMITED": "MARUTI",
  "CITYGREEN AUTO & PETRO CHEMICALS (P) LTD": "CITYGREEN AUTO & PETRO CHEMICALS (P)",
  "TATA ACE GOLD 145 R 12C 8PR TS BSIV": "TATA",
  "MASSEY FERGUSON": "MASSEY FERGUSON",
  "MAHAMAYA INDUSTRIES": "MAHAMAYA INDUSTRIES",
  "PANESARAGRICULTUREINDUSTRIES P": "PANESARAGRICULTUREINDUSTRIES P",
  "BALBIR INDUSTRIES": "BALBIR INDUSTRIES",
  "PARI METRO E RICKSHAW": "PARI METRO E RICKSHAW",
  "MAGIRUS DEUTZ": "MAGIRUS DEUTZ",
  "MARUTI - DZIRE VXI 1.2L 5MT BSVI": "MARUTI",
  "VEERA VIDYUTH VAHANA PVT LTD": "VEERA VIDYUTH VAHANA",
  "GARELLI MOTORS LTD": "GARELLI",
  "KIA SELTOS SMARTSTREAM G1.5 IMT HTK PLUS BSVI": "KIA",
  "WAGONR VXI AGS 1.2 L BSVI": "MARUTI",
  "I20 SPORTZ CRDI BS IV": "HYUNDAI",
  "HOMAR B.V.": "HOMAR BV",
  "CENTURY MOTORS PVT LTD": "CENTURY",
  "MANITA CITY MOTORS LLP": "MANITA CITY LLP",
  "NISSAN. MAGNITE TURBO CVT XV PRE BSVI": "NISSAN",
  "\u00c5\u00a0KODA SLAVIA 1.0L TSI 85KW AT STYLE. BSVI-PH2": "\u00c5"
}