{
  "ASHOK LEYLAND LTD": "LEYLAND",
  "MERCEDES-BENZ INDIA PVT LTD": "MERCEDES",
  "OTHERS": "OTHERS",
  "BAJAJ TEMPO LTD": "BAJAJ",
  "MAHINDRA & MAHINDRA LIMITED": "MAHINDRA",
  "MARUTI SUZUKI INDIA LTD.,": "MARUTI",
  "TATA MOTORS LTD": "TATA",
  "MARUTI SUZUKI INDIA LTD": "MARUTI",
  "OTHER": "OTHERS",
  "HYUNDAI MOTOR INDIA LTD": "HYUNDAI",
  "MG MOTOR INDIA PVT LTD": "MG",
  "FORCE MOTORS LIMITED, A FIRODIA ENTERPRISE": "FORCE, A FIRODIA ENTERPRISE",
  "HONDA CARS INDIA LTD": "HONDA",
  "FORD INDIA PVT LTD": "FORD",
  "FORCE MOTORS LIMITED": "FORCE",
  "TOYOTA KIRLOSKAR MOTOR PVT LTD": "TOYOTA",
  "SKODA AUTO INDIA PVT LTD": "SKODA",
  "SML ISUZU LTD": "SML ISUZU",
  "VE COMMERCIAL VEHICLES LIMITED": "VE COMMERCIAL",
  "VE COMMERCIAL VEHICLES LTD": "VE COMMERCIAL",
  "MAHINDRA & MAHINDRA LTD": "MAHINDRA",
  "SML ISUZU LTD PUNJAB": "SML ISUZU PUNJAB",
  "BMW INDIA PVT LTD": "BMW",
  "M/S. TATA PASSENGER ELECTRIC MOBILITY LTD.": "TATA",
  "MAH & MAH": "MAHINDRA",
  "VOLKSWAGEN INDIA PVT LTD": "VOLKSWAGEN",
  "3S INDUSTRIES PRIVATE LIMITED": "3S",
  "MARUTI UDYOG LTD": "MARUTI",
  "PORSCHE AG GERMANY": "PORSCHE GERMANY",
  "CHEVROLET SALES INDIA PVT LTD": "CHEVROLET SALES",
  "Unknown": "OTHERS",
  "HONDA MOTORCYCLE AND SCOOTER INDIA (P LTD": "HONDACYCLE AND SCOOTER (P",
  "TATA MOTORS PASSENGER VEHICLES LTD": "TATA PASSENGER",
  "NISSAN MOTOR INDIA PVT LTD": "NISSAN",
  "GENERAL MOTORS INDIA PVT LTD": "GENERAL",
  "CHERAN TRAILERS": "CHERAN TRAILERS",
  "NIC TEST ACCOUNT-1": "NIC TEST ACCOUNT-1",
  "M/S JAGUAR LANDROVER LTD": "M/S JAGUAR LANDROVER",
  "MARUTIUDYG": "MARUTI",
  "SUZUKI MOTORCYCLE INDIA PVT LTD": "SUZUKICYCLE",
  "MARUTI- ALTO LXI 0.8L 5MT BSVI": "MARUTI- ALTO LXI 08L 5MT BSVI",
  "HOSIELCAR": "HOSIELCAR",
  "FCA INDIA AUTOMOBILES PRIVATE LIMITED": "FCAS",
  "BAJAJ AUTO LTD": "BAJAJ",
  "DAIMLER INDIA COMMERCIAL VEHICLES PVT. LTD": "DAIMLER COMMERCIAL",
  "KOMATSU INDIA PRIVATE LIMITED": "KOMATSU",
  "RENAULT INDIA PVT LTD": "RENAULT",
  "PIAGGIO VEHICLES PVT LTD": "PIAGGIO",
  "M/S FORD INDIA PVT LTD": "M/S FORD",
  "KIA INDIA PRIVATE LIMITED": "KIA",
  "EICHER TRACTORS LTD": "EICHER TRACTORS",
  "R.N.A.I.P.LTD": "RNAIPLTD",
  "INTERNATIONAL TRACTORS LIMITED": "INTERNATIONAL TRACTORS",
  "HYUNDAIMOT": "HYUNDAI",
  "HINDUSTAN MOTOR FINANCE CORPORATION LIMITED": "HINDUSTAN FINANCE",
  "HYUNDAI MOTORS": "HYUNDAI",
  "GURUNANAK INDUSTRIES PVT LTD": "GURUNANAK",
  "GENERAL MOTOR INDIA PVT LTD": "GENERAL",
  "FIAT INDIA AUTOMOBLIES PVT LTD": "FIATMOBLIES",
  "SKODA AUTO VOLKSWAGEN INDIA PVT LTD": "VOLKSWAGEN",
  "TOYOTA KIRLOSKAR MOTORS LTD": "TOYOTA",
  "JAGUAR LAND ROVER INDIA LIMITED": "JAGUAR LAND ROVER",
  "CHANNY AGRO INDUSTRIES": "CHANNYRO",
  "DASMESH MECHANICAL WORKS PVT.LTD": "DASMESH",
  "EICHER MOTORS LTD": "EICHER",
  "MAHINDRA &amp; MAHINDRA LTD": "MAHINDRA &AMP; MAHINDRA",
  "BMW India Pvt Ltd": "BMW",
  "HERO HONDA MOTORS  LTD": "HERO",
  "TELCO LTD": "TELCO",
  "DAIMLER(I)COMMERCIAL VEH P LTD": "DAIMLER(I)COMMERCIAL VEH P",
  "M/S.SKODA AUTO VOLKSWAGEN INDIA PRIVATE LIMITED": "VOLKSWAGEN",
  "TAFE LIMITED": "TAFE",
  "HONDA MOTORCYCLE AND SCOOTER INDIA (P) LTD": "HONDACYCLE AND SCOOTER",
  "ATUL AUTO LTD": "ATUL",
  "LML LIMITED": "LML",
  "MAHINDRA & MAHINDRA LTD*": "MAHINDRA",
  "SUTLAJ MOTORS LTD": "SUTLAJ",
  "CNH INDUSTRIAL (INDIA) PVT LTD": "CNH INDUSTRIAL",
  "ESCORTS KUBOTA LIMITED (AGRI MACHINERY GROUP)": "ESCORTS",
  "BAJAJ TEMPO LIMITED": "BAJAJ",
  "Maruti Suzuki India Ltd": "MARUTI",
  "EICHER TRACTORS": "EICHER TRACTORS",
  "M/S RENAULT INDIA PRIVATE LIMITED": "M/S RENAULT",
  "ISUZU MOTORS INDIA PVT LTD": "ISUZU",
  "AMW MOTORS LIMITED": "AMW",
  "AMUTHA TRAILERS": "AMUTHA TRAILERS",
  "DAIMLER AG": "DAIMLER",
  "DAIMLER AG STUTTGART": "DAIMLER STUTTGART",
  "D C INDIA PVT LTD": "D C",
  "PURAN AGRO INDUS": "PURANRO INDUS",
  "KINETIC MOTOR COMPANY LIMITED": "KINETIC",
  "HONDA MOTORCYCLE&SCOOTER(I)P L": "HONDACYCLE&SCOOTER(I)P L",
  "HUNDAL INDUSTRIES": "HUNDAL",
  "KARTAR AGRO INDUSTRIES PVT LTD": "KARTARRO",
  "PORSCHE AG": "PORSCHE",
  "Hyundai Motor India Ltd": "HYUNDAI",
  "MERCEDES -BENZ AG": "MERCEDES -BENZ",
  "HERO HONDA MOTORS LTD,": "HERO",
  "NAMAKKAL TRAILERS": "NAMAKKAL TRAILERS",
  "TATA ENGG. AND LOCO CO.": "TATA",
  "HONDA SIEL CARS INDIA LTD": "HONDA",
  "EICHER MOTORS": "EICHER",
  "ARJUN MOTORS PVT LTD": "ARJUN",
  "MARUTI SUZUKI INDIA LIMITED": "MARUTI",
  "FIAT INDIA PVT LTD": "FIAT",
  "FORD INDIA LTD": "FORD",
  "ALL TERRAIN CRANE": "ALL TERRAIN CRANE",
  "TATA MOTORS LIMITED": "TATA",
  "ROYAL-ENFIELD (UNIT OF EICHER LTD)": "ROYAL ENFIELD",
  "L&T CONSTRUCTION EQUIPMENT LIMITED": "L&T CONSTRUCTION EQUIPMENT",
  "SHRI KUMAR TRAILERS EQUIPMENTS": "SHRI KUMAR TRAILERS EQUIPMENTS",
  "V E COMMERCIAL VEHICLE LTD": "V E COMMERCIAL",
  "ATHER ENERGY PVT LTD": "ATHER ENERGY",
  "Mahindra & Mahindra Limited": "MAHINDRA",
  "TVS MOTOR COMPANY LTD": "TVS",
  "GEN.MOTORS": "GENMOTORS",
  "HERO MOTOCORP LTD": "HERO",
  "SLN ENGINEERING  WORKS": "SLN ENGINEERING",
  "AUDI AG": "AUDI",
  "MAHINDRA & MAHINDRA LTD FARM MACHINERY DIVISION": "MAHINDRA FARM MACHINERY DIVISION",
  "TELCO LTD.": "TELCO",
  "INDIA YAMAHA MOTOR PVT LTD": "YAMAHA",
  "MAHINDRA  MAHINDRA LTD,": "MAHINDRA",
  "MASSEY FERGUSON LTD": "MASSEY FERGUSON",
  "M/S MAHINDRA &amp;MAHINDRA LTD": "M/S MAHINDRA &AMP;MAHINDRA",
  "ISHWAR FARMLINE EQUIPMENTS PVT LTD": "ISHWAR FARMLINE EQUIPMENTS",
  "MAHINDRA & MAHINDRA LIMITED (SWARAJ DIVISION": "MAHINDRA (SWARAJ DIVISION",
  "MALKIT AGRO INDUSTRIES": "MALKITRO",
  "JCB INDIA LTD": "JCB",
  "KIA INDIA PVT LTD": "KIA",
  "MITSUBISHI MOTORS CORPORATION": "MITSUBISHI",
  "DHIMAN AGRICULTURE": "DHIMANRICULTURE",
  "CATERPILLAR INDIA PRIVATE LIMITED": "CATERPILLAR",
  "\"VOLVO GROUP INDIA PVT LTD\"": "VOLVO GROUP",
  "MARUTI INDUSTRIES": "MARUTI",
  "M/S MATHARU ENGINEERING AGRI WORKS": "M/S MATHARU ENGINEERINGRI",
  "M/S FORCE MOTORS LTD.PUNE": "M/S FORCEPUNE",
  "JOHN DEERE INDIA  PVT LTD(TRACTOR DEVISION)": "JOHN DEERE (TRACTOR DEVISION",
  "3718COWL(L10450) BSIV": "3718COWL(L10450) BSIV",
  "MERCEDES-BENZ INDIA PVT LTD.": "MERCEDES",
  "PREMIER LTD": "PREMIER",
  "MAHINDRA & MAHINDRA LTD,": "MAHINDRA",
  "HIRA AGRO INDUSTRIES": "HIRARO",
  "M/S FCA INDIA AUTOMOBILES PRIVATE LIMITED": "M/S FCAS",
  "DEMAGE MOTORS LTD": "DEMAGE",
  "ISUZU MOTORS LTD JAPAN": "ISUZU JAPAN",
  "LOTEY INDUSTRY": "LOTEY",
  "GURU RAMDAS AGROTECH": "GURU RAMDASROTECH",
  "MAHINDRA &amp; MAHINDRA LTD*": "MAHINDRA &AMP; MAHINDRA",
  "M/S MAHINDRA &MAHINDRA LTD": "M/S MAHINDRA &MAHINDRA",
  "TATA MOTORS PASSENGER VEHICLES": "TATA PASSENGER",
  "K S AGRICULTURAL  INDUSTRIES": "K SRICULTURAL",
  "ESCORTSLTD": "ESCORTS",
  "FORD INDIA PRIVATE LIMITED": "FORD",
  "THIRUMALA AGRO INDUSTRY": "THIRUMALARO",
  "SKODAAUTO": "SKODA",
  "FORCE MOTOR LIMITED": "FORCE",
  "Tata Motors Ltd": "TATA",
  "M/S VOLKSWAGE AG 38436 WOLFBUR": "M/S VOLKSWAGE 38436 WOLFBUR",
  "KIA MOTORS INDIA PVT LTD": "KIA",
  "CAPTAIN TRACTORS PVT. LTD.": "CAPTAIN TRACTORS",
  "NEW VARINDERA": "NEW VARINDERA",
  "SIVA TRAILERS": "SIVA TRAILERS",
  "CHANGLIN COMPANY LIMITED": "CHANGLIN",
  "HERO HONDA MOTORS LTD": "HERO",
  "SAME DEUTZ - FAHR INDIA (P) LTD.": "SAME DEUTZ - FAHR",
  "MAN TRUCKS INDIA PVT. LTD.": "MAN TRUCKS",
  "LIUGONG INDIA PVT. LTD": "LIUGONG",
  "BAJAJ AUTO": "BAJAJ",
  "HERO MOTO CORP LTD.": "HERO MOTO",
  "INDO FARM EQUIPMENT LIMITED": "INDO FARM EQUIPMENT",
  "JOHN DEERE INDIA PVT LTD(TRACTOR DEVISION": "JOHN DEERE(TRACTOR DEVISION",
  "ISUZU MOTOR INDIA PVT LTD": "ISUZU",
  "SURENDERA AGRO INDUSTRIES": "SURENDERARO",
  "PUNJAB TRACTORS LIMITED": "PUNJAB TRACTORS",
  "GURDAS SINGH & SONS": "GURDAS SINGH & SONS",
  "M/S ADISHWAR AUTO RIDE INDIA PRIVATE LIMITED": "M/S ADISHWAR RIDE",
  "MAZDA MOTOR CORPORATION": "MAZDA",
  "HONDAMCYSC": "HONDA",
  "SMT INDUSTRIES": "SMT",
  "JIWAN AGRI IMPLEMENTS WORKSHOP": "JIWANRI IMPLEMENTSHOP",
  "HONDA MOTORCYCLE&amp;SCOOTER(I)P L": "HONDACYCLE&AMP;SCOOTER(I)P L",
  "MAHINDRA RENAULT PVT.LTD.": "MAHINDRA RENAULTLTD",
  "SHRI VEERBHADRESHWAR ENGG WORK": "SHRI VEERBHADRESHWAR ENGG WORK",
  "AUTOMOBILI LAMBORGHINI S.P.A": "AUTOMOBILI LAMBORGHINI SPA",
  "TEREX INDIA PRIVATE LIMITED": "TEREX",
  "GENERAL MOTORS INDIA LTD": "GENERAL",
  "MAHINDRA RENAULT PVT LIMITED": "MAHINDRA RENAULT",
  "TEREX EQUIPMENT PVT LTD": "TEREX EQUIPMENT",
  "GROVE INDIA PVT LTD": "GROVE",
  "RENAULTNISSAN AUTOMOTIVE I P L": "RENAULT-NISSAN",
  "M/S HYUNDAI MOTOR INDIA LTD": "M/S HYUNDAI",
  "ACTION CONSTRUCTION EQUIPMENT LTD.": "ACTION CONSTRUCTION EQUIPMENT",
  "M/S MAHINDRA TRUCKS&BUSES LTD": "M/S MAHINDRA TRUCKS&BUSES",
  "ESCORTS LTD": "ESCORTS",
  "MORRIS MOTORS": "MORRIS",
  "Honda Cars India Ltd": "HONDA",
  "0": "UNKNOWN",
  "BHARATH INDUSTRIES": "BHARATH",
  "SCANIA COMMERCIAL VEHICLES INDIA PVT LIMITED": "SCANIA COMMERCIAL",
  "M/S. KIA INDIA PVT LTD.": "M/S KIA",
  "KAISER LIMITED": "KAISER",
  "GILL AGROTECH": "GILLROTECH",
  "KERALA AGRO MACHINERY CORPORATION LTD": "KERALARO MACHINERY",
  "HONDA MCY & SCOOTER P I LTD": "HONDA",
  "ESCORTS LIMITED": "ESCORTS",
  "FORD(I)LTD": "FORD(I)LTD",
  "India Kawasaki Motors Pvt Ltd": "INDIA KAWASAKI",
  "PUNJABTRAC": "PUNJABTRAC",
  "ESCORTS CONSTRUCTION EQUIPMENT LTD": "ESCORTS",
  "Ve Commercial Vehicles Ltd": "VE COMMERCIAL",
  "MASERATI": "MASERATI",
  "FORCEMOTOR": "FORCEMOTOR",
  "HERO HONDA MOTORS": "HERO",
  "HONDA - IMPORTED": "HONDA - IMPORTED",
  "MAHINDRA TWO WHEELERS LTD": "MAHINDRA TWO WHEELERS",
  "BALAWAN TRACTORS LTD": "BALAWAN TRACTORS",
  "L & T CASE EQUIPMENT PVT LTD": "L & T CASE EQUIPMENT",
  "EICHER MOT": "EICHER",
  "JASBIR  ENGINEERING WORKS": "JASBIR ENGINEERING",
  "VICTORY ELECTRIC INTERNATIONAL": "VICTORY ELECTRIC INTERNATIONAL",
  "JOHN DEERE INDIA PVT LTD(TRACTOR DEVISION)": "JOHN DEERE(TRACTOR DEVISION",
  "MARUTI S-CROSS SMART HYBRID ZETA BSIV": "MARUTI S-CROSS SMART HYBRID ZETA BSIV",
  "MANKU AGRO TECH PVT LTD": "MANKURO TECH",
  "J S AGRO INDUSTRIES": "J SRO",
  "DAEWOO MOTORS": "DAEWOO",
  "MAHINDRA  LTD": "MAHINDRA",
  "VOLVO CAR CORPORATION": "VOLVO CAR",
  "ORPI MOTORS": "ORPI",
  "CASE EQUIPMENT PRIVATE LTD": "CASE EQUIPMENT",
  "JOHN DEERE INDIA  PVT LTD(TRACTOR DEVISION": "JOHN DEERE (TRACTOR DEVISION",
  "GURU TRAILER": "GURU TRAILER",
  "HARVEL TRACTOR FARM EQUIPMENTS": "HARVEL TRACTOR FARM EQUIPMENTS",
  "MALKIT AGRO TECH PVT. LTD": "MALKITRO TECH",
  "EKO VEHICLE PRIVATE LIMITED": "EKO",
  "J. S. AUTO (P) LTD": "J S",
  "Toyota Kirloskar Motor Pvt Lt": "TOYOTA",
  "M/S MAHINDRA MAHINDRA LTD": "MAHINDRA",
  "Daimler India Commercial Vehicles Pvt. Ltd": "DAIMLER COMMERCIAL",
  "General Motors India Pvt Ltd": "GENERAL",
  "JCB INDIA LIMITED": "JCB",
  "MAHINDRA NAVISTAR  AUTOMOTIVES LTD": "MAHINDRA NAVISTAR S",
  "MARUTI VITARA BREZZA SMARHYBRID ZXI 1.5LAT BSVI": "MARUTI VITARA BREZZA SMARHYBRID ZXI 15LAT BSVI",
  "BADA DOST I4TNDDB-LB-NON AC BSVI-PH2": "BADA DOST I4TNDDB-LB-NON AC BSVI-PH2",
  "DAEWOO MOTORS INDIA LTD": "DAEWOO",
  "GREAVES COTTON LTD.": "GREAVES COTTON",
  "GURU NANAK AGRICULTURE": "GURU NANAKRICULTURE",
  "SYAN AGRO INDUSTRY": "SYANRO",
  "PREEET AGRO INDUSTRIES PVT LTD": "PREEETRO",
  "HONDA MOTORS LTD": "HONDA",
  "PAL DIESAL PVT LTD": "PAL DIESAL",
  "JAYA AUTOMOTIVES PVT LTD": "JAYAS",
  "OKA MOTOR COMPANY LTD.": "OKA",
  "GENERAL MOTORS LIMITED": "GENERAL",
  "MAH & MAH ": "MAHINDRA",
  "GILLPREETAGRO INDUSTRIES": "GILLPREETAGRO",
  "HYKON INDIA LTD": "HYKON",
  "R TRIBER RXZ PETROL MT 1.0L ECE BSVI": "R TRIBER RXZ PETROL MT 10L ECE BSVI",
  "TOYOTA KIRLOSKAR MOTOR PVT LT": "TOYOTA",
  "TVS SUZUKI LTD": "TVS",
  "H.M.S.I. PVT. LTD.": "HMSI",
  "MAHINDRA AUTOMOBILE DISTRB P L": "MAHINDRA DISTRB P L",
  "UBAHAARI ENGINEERING WORKS": "UBAHAARI ENGINEERING",
  "M/S.KIA MOTORS INDIA PVT LTD": "M/SKIA",
  "HERO ELECTRIC VEHICLE PVT LTD": "HERO ELECTRIC",
  "VISHAL AGRICULTURAL WORKS": "VISHALRICULTURAL",
  "HUNAN ZOOMLION INT. TRADE CO.": "HUNAN ZOOMLION INT TRADE CO",
  "VOLVO AUTO INDIA PVT LTD": "VOLVO",
  "TVS SUZUKI LIMITED": "TVS",
  "MAH SCORPIO S11 2.2MHAWK 140HP MH 2WD 7STR BSVI": "MAH SCORPIO S11 22MHAWK 140HP MH 2WD 7STR BSVI",
  "STANDARD COMBINES PVT LTD": "STANDARD COMBINES",
  "TADANO LIMITED": "TADANO",
  "MAHINDRA & MAHINDRA LIMITED (TRACTOR)": "MAHINDRA (TRACTOR",
  "EICHER PRO 1049 C CAB & HSD BSIV": "EICHER PRO 1049 C CAB & HSD BSIV",
  "MERCEDEZ BENZ - IMPORTED": "MERCEDES",
  "PEUGEOT LTD": "PEUGEOT",
  "TVS Motor Company Ltd": "TVS",
  "ESCORTS KUBOTA LIMITED (CONSTRUCTION EQUIPMENT)": "ESCORTS",
  "MARUTI-BALENO DELTA BSIV": "MARUTI-BALENO DELTA BSIV",
  "M/S PASHA AGRO INDUSTRIES": "M/S PASHARO",
  "A1 HEAVY EQUIPMENTS DEVELOPER": "A1 HEAVY EQUIPMENTS DEVELOPER",
  "M/S TOYOTA KIRLOSKAR PVT LTD": "TOYOTA",
  "KERALA AUTOMOBILES LTD": "KERALAS",
  "LOTEY AGRICULTURE WORKS": "LOTEYRICULTURE",
  "MAHINDR & MAHINDRA LTD": "MAHINDR",
  "INTERNATIONAL CARS & MOTORS LTD": "INTERNATIONAL CARS &",
  "M H AGRICULTURE WORKS": "M HRICULTURE",
  "AADITYA EMOTORS INDIA PVT LTD": "AADITYA EMOTORS",
  "GURDAIAL AGRO TECH": "GURDAIALRO TECH",
  "AJAX FIORI ENGINEERING PVT LTD": "AJAX FIORI ENGINEERING",
  "MAHINDRA ELECTRIC MOBILITY LIMITED": "MAHINDRA ELECTRIC MOBILITY",
  "KURUKSHETRA AUTOMOBILES (P) LTD.": "KURUKSHETRAS",
  "HERO HONDA": "HERO",
  "AJANTA  AGRO": "AJANTA RO",
  "NABHKIRAN AGRO IND.": "NABHKIRANRO IND",
  "YO BIKE": "YO BIKE",
  "VE COMMERCIAL VEHICLES LTD (VOLVO BUSES DIVISION)": "VE COMMERCIAL (VOLVO BUSES DIVISION",
  "SHRI SAKTHI VINAYAKA TRAILERS": "SHRI SAKTHI VINAYAKA TRAILERS",
  "JOHN DEERE EQUIPMENTPVTLTDPUNE": "JOHN DEERE EQUIPMENTPVTLTDPUNE",
  "BAYERISCHE MOTOREN WERKE AG": "BAYERISCHEEN WERKE",
  "EICHER POLARIS PVT. LTD.": "EICHER",
  "ARASAN AND CO.": "ARASAN AND CO",
  "WILLYS INDIA LTD": "WILLYS",
  "M/S ISUZU MOTORS INDIA PVT LTD": "M/S ISUZU",
  "Ford India Pvt Ltd": "FORD",
  "MAHINDRA & MAHINDRA LIMITED (SWARAJ DIVISION)": "MAHINDRA (SWARAJ DIVISION",
  "Kia India Private Limited": "KIA",
  "STAR BULL E MOTORS": "STAR BULL E",
  "TIL LIMITED": "TIL",
  "LOCAL": "OTHERS",
  "JANANI TRAILERS": "JANANI TRAILERS",
  "M/S. KIA INDIA PVT LTD.,": "M/S KIA",
  "TATA PASSENGER ELECTRIC MOBILITY LTD": "TATA",
  "TEREX EQUIPMENT P LTD": "TEREX EQUIPMENT P",
  "KTM MOTORRAD AG": "KTMRAD",
  "SANY HEAVY INDUSTRY INDIA PVT LTD": "SANY HEAVY",
  "KRISHNA ENGINEERING WORKS": "KRISHNA ENGINEERING",
  "FORD.ECOSPORT 1.5 DIESEL TITANIUM MT BSVI": "FORDECOSPORT 15 DIESEL TITANIUM MT BSVI",
  "ROYAL ENFIELD": "ROYAL ENFIELD",
  "TOYOTA KIRLOSKAR MOTOR": "TOYOTA",
  "JOHN DEERE INDIA PVT LIMITED": "JOHN DEERE",
  "MANJIT AGRO WORKS": "MANJITRO",
  "HINDUSTAN MOTOR CORPORATION": "HINDUSTAN",
  "HARVEST COMBINE": "HARVEST COMBINE",
  "GM DAEWOO AUTO & TECHNOLOGY CO": "GENERAL MOTORS",
  "BALDEV AUTO AGRO": "BALDEVRO",
  "TRACLAXX TRACTORS PVT LTD": "TRACLAXX TRACTORS",
  "VOLKSWAGON AG": "VOLKSWAGEN",
  "ASIA MOTORS WORK LTD": "ASIA WORK",
  "Royal-Enfield (Unit of Eicher Ltd)": "ROYAL ENFIELD",
  "MERCEDES-BENZ INDIA PVT., LTD.": "MERCEDES",
  "FERRARI INDIA PRIVATE LIMITED": "FERRARI",
  "SKODA AUTO AS": "SKODA AS",
  "JSW MG MOTOR INDIA PVT LTD": "JSW MG",
  "BENTLEY MOTORS LIMITED": "BENTLEY",
  "JAGUAR CARS LTD": "JAGUAR CARS",
  "XUZHOU CONSTRUCTION CO LTD": "XUZHOU CONSTRUCTION CO",
  "TOYOTAKIRL": "TOYOTA",
  "ASIA BODY BUILDERS & MANUFACTURERS": "ASIA BODY BUILDERS & MANUFACTURERS",
  "RENAULT NISSAN AUTOMOTIVE INDIA PRIVATE LIMITED": "RENAULT-NISSAN",
  "Ashok Leyland Ltd": "LEYLAND",
  "AMPERE VEHICLES PVT LTD": "AMPERE",
  "MAHINDRA &MAHINDRA LTD": "MAHINDRA &MAHINDRA",
  "HERO ELECTRIC VEHICLES PVT. LTD": "HERO ELECTRIC",
  "GRD MOTORS": "GRD",
  "M/S.SRI.LAKSHMI NARASIMHA SWAMY AGRO INDUSTRIES": "M/SSRILAKSHMI NARASIMHA SWAMYRO",
  "SHRIMA ENGINEERING WORKS": "SHRIMA ENGINEERING",
  "HIND. MOT.": "HIND MOT",
  "M/S HINDUSTAN MOTOR FINANCE CORPORATION LTD": "M/S HINDUSTAN FINANCE",
  "BA LTD": "BA",
  "ESCORTS LIMITED (AGRI MACHINERY GROUP)": "ESCORTS (AGRI MACHINERY GROUP",
  "DASMESH AGRICULTURAL INDUSTRIES PVT LTD": "DASMESHRICULTURAL",
  "ISHER 568": "ISHER 568",
  "AUDI AG D-85045 INGOLSTADT": "AUDI D-85045 INGOLSTADT",
  "M/S. CLASSIC LEGENDS PVT LTD.": "M/S CLASSIC LEGENDS",
  "N S G AGRO INDUSTRIES": "N S GRO",
  "SHEHALPREET ENGG WORKS": "SHEHALPREET ENGG",
  "MARUTI IGNIS DELTA 1.2L AGS BSVI": "MARUTI IGNIS DELTA 12LS BSVI",
  "AGRI TECH ENGINEER": "AGRI TECH ENGINEER",
  "NEW HOLLAND CONSTRUCTION EQUIPMENT(I) PVT.LTD.": "NEW HOLLAND",
  "GENERAL MOTORS": "GENERAL",
  "NEW GAHIR AGRO INDUSTRIES": "NEW GAHIRRO",
  "ACTION CONSTRUCTION EQUIP LTD": "ACTION CONSTRUCTION EQUIP",
  "DASMESH MECHANICAL WORKS": "DASMESH",
  "Mahindra & Mahindra Limited (Tractor)": "MAHINDRA (TRACTOR",
  "MARUTI-SWIFT VXI 1.2L 5MT BSVI": "MARUTI-SWIFT VXI 12L 5MT BSVI",
  "M/S MG MOTOR INDIA PRIVATE LIMITED": "M/S MG",
  "NISSAN MOTORS": "NISSAN",
  "STANDARD TRACTORS": "STANDARD TRACTORS",
  "SAKTHI VINAYAKA ENG WORKS \u00a0\u00a0\u00a0\u00a0": "SAKTHI VINAYAKA ENG",
  "SWARAJ MAZDA": "SWARAJ",
  "MAHINDRA NAVISTAR AUTOMOTIVES LTD": "MAHINDRA NAVISTARS",
  "HMT LIMITED": "HMT",
  "SUMFONL AUTO TRADERS PVT LTD": "SUMFONL TRADERS",
  "INNOVA CRYSTA 2.8 Z 7 SEATER BSIV": "INNOVA CRYSTA 28 Z 7 SEATER BSIV",
  "HONDA MOTOR CO. LTD.": "HONDA",
  "SAYA AGRO INDUSTRIES": "SAYARO",
  "CATERPILLAR INDIA P LTD": "CATERPILLAR P",
  "10.90 RHD F CAB DSD BS3": "1090 RHD F CAB DSD BS3",
  "HYUNDAI MOTORS LTD, SOUTH KOREA": "HYUNDAI, SOUTH KOREA",
  "AMPERE VEHICLES PRIVATE LIMITED": "AMPERE",
  "GILL MECHANICAL WORKS": "GILL MECHANICAL",
  "STANDARD CORPORATION INDIA LTD": "STANDARD",
  "KARUMALAIAN AGRO INDUSTRY": "KARUMALAIANRO",
  "VISWANATH INDUSTRIES,BBSR": "VISWANATH,BBSR",
  "ESCORTS LIMITED (CONSTRUCTION EQUIPMENT)": "ESCORTS (CONSTRUCTION EQUIPMENT",
  "ACTION CON": "ACTION CON",
  "EVERGREEN AGRO AGENCIES": "EVERGREENROENCIES",
  "LOCAL TRAILER MANUFACTURER": "LOCAL TRAILER MANUFACTURER",
  "SWARAJ AUTOMOTIVES LTD": "SWARAJS",
  "MAJESTIC AUTO LTD": "MAJESTIC",
  "KERALAAUTO": "KERALAAUTO",
  "TUFAN MOTORS PVT LTD": "TUFAN",
  "MARUTI BALENO ZETA 1.2L ISS AGS BSVI": "MARUTI BALENO ZETA 12L ISSS BSVI",
  "KELVINATOR INDIA LTD": "KELVINATOR",
  "LOVEJEET AGRO INDUSTRY": "LOVEJEETRO",
  "DAKSH INDUSTRIES": "DAKSH",
  "PUNJAB TRACTORS LTD": "PUNJAB TRACTORS",
  "PIAGGIO VEHICLES PVT. LTD.,": "PIAGGIO",
  "JEET AGRO INDUSTRIES": "JEETRO",
  "TATA INTERNATIONAL VEHICLE APPLICATIONS PVT LTD": "TATA INTERNATIONAL APPLICATIONS",
  "RAM CHAND & SONS": "RAM CHAND & SONS",
  "PCA AUTOMOBILES INDIA PVT LTD": "PCAS",
  "TEREX CORPORATION": "TEREX",
  "SONALIKA INTERNATIONAL TRACTORS LIMITED": "SONALIKA INTERNATIONAL TRACTORS",
  "HOSIELCAR ": "HOSIELCAR",
  "CRETA 1.5 CRDI MT-SX BSVI-PH2": "CRETA 15 CRDI MT-SX BSVI-PH2",
  "GURM AGRICULTURE WORKS": "GURMRICULTURE",
  "TOP TEAM MACHINES PVT LTD": "TOP TEAM MACHINES",
  "MAHINDRA BOLERO NEO  N8 BSVI": "MAHINDRA BOLERO NEO N8 BSVI",
  "TOYOTA MOTOR CORPORATION,JAPAN": "TOYOTA,JAPAN",
  "TVS MOTOR CO. LTD.": "TVS",
  "I20 SPORTZ 1.2 KAPPA MT BSVI-PH2": "I20 SPORTZ 12 KAPPA MT BSVI-PH2",
  "HOOGHLY MOTORS PVT LTD": "HOOGHLY",
  "MARUTI FRONX ISS  DELTA+ 1.2L AGS ESP BSVI-PH2": "MARUTI FRONX ISS DELTA+ 12LS ESP BSVI-PH2",
  "CASE NEW HOLLAND CONSTRUCTION EQUIPMENT(I) PVT LTD": "NEW HOLLAND",
  "JIWAN AGRICULTURAL IMPLEMENTS WORKSHOP CIS LTD": "JIWANRICULTURAL IMPLEMENTSHOP CIS",
  "BALJEET ENGINEERING WORKS": "BALJEET ENGINEERING",
  "M/S SRISAIBABA INDUSTRIES": "M/S SRISAIBABA",
  "Bajaj Auto Ltd": "BAJAJ",
  "EICH TRA L": "EICHER",
  "GAHIR INDUSTRIES": "GAHIR",
  "11.10 HD RHD H CAB & HSD BSII": "1110 HD RHD H CAB & HSD BSII",
  "KALSI ENGINEERING WORKS": "KALSI ENGINEERING",
  "SUZUKI MOTORCYCLE I PVT LTD": "SUZUKICYCLE I",
  "SHRIRAJ ELECTRIC VEHICLES": "SHRIRAJ ELECTRIC",
  "FERRARI S.P.A": "FERRARI SPA",
  "DOST+RLS-FSD-PS-195R15C-8PR BSVI": "DOST+RLS-FSD-PS-195R15C-8PR BSVI",
  "MARUTI ERTIGA SMARTHYBRID ZXI+ 1.5L 5M BSVI-PH2": "MARUTI ERTIGA SMARTHYBRID ZXI+ 15L 5M BSVI-PH2",
  "NISSAN KICKS XV PETROL BSVI": "NISSAN KICKS XV PETROL BSVI",
  "AJAX FIORI ENGINEERING  PVT LTD": "AJAX FIORI ENGINEERING",
  "GURUNANAK AGRI. ENG. WORKS": "GURUNANAKRI ENG",
  "VOLKSWAGON": "VOLKSWAGEN",
  "MAHINDRA  MAHINDRA LTD*": "MAHINDRA",
  "MAHINDRA AND MAHINDRA": "MAHINDRA",
  "EICHER PRO 3019 M SLEEPER CAB&HSD BSVI": "EICHER PRO 3019 M SLEEPER CAB&HSD BSVI",
  "PRESTIGE TC III WT50TCIII LWB BUS SEMIDELUXE": "PRESTIGE TC III WT50TCIII LWB BUS SEMIDELUXE",
  "GURU NANAK AGRI ENGG WORKS": "GURU NANAKRI ENGG",
  "TVS SUZUKI": "TVS",
  "TATA PUNCH PURE 1.2P-MT BSVI-PH2": "TATA PUNCH PURE 12P-MT BSVI-PH2",
  "UDAYAM TRAILER": "UDAYAM TRAILER",
  "IINTERNATIONAL CARS&MOTORS LTD": "IINTERNATIONAL CARS&MOTORS",
  "TATA ENGG AND LOCO CO.": "TATA",
  "TERRA MOTORS INDIA PVT LTD": "TERRA",
  "SKODA SLAVIA 1.0L TSI 85KW AT STYLE BSVI": "SKODA SLAVIA 10L TSI 85KW AT STYLE BSVI",
  "GREAVES INDIA PVT LTD": "GREAVES",
  "SATRAC ENGINEERING PVT LTD": "SATRAC ENGINEERING",
  "DEMAG DEMAG HC 340": "DEMAG DEMAG HC 340",
  "M/S SML ISUZU LIMITED": "M/S SML ISUZU",
  "TM LTD": "TM",
  "API MOTORS PVT LTD": "API",
  "SCOOTERS INDIA LTD": "SCOOTERS",
  "OLA ELECTRIC TECHNOLOGIES PVT LTD": "OLA ELECTRIC TECHNOLOGIES",
  "MYTRAH MOBILITY PVT LTD": "MYTRAH MOBILITY",
  "AJAX ENGINEERING PVT LTD": "AJAX ENGINEERING",
  "CITY 1.5 S MT (I-VTEC) BSIV": "CITY 15 S MT (I-VTEC) BSIV",
  "MAHINDRA &amp; MAHINDRA LTD,": "MAHINDRA &AMP; MAHINDRA",
  "FUJI HEAVY INDUSTRIES LTD.": "FUJI HEAVY",
  "ESCORTS KUBOTA LIMITED (CONSTRUCTION EQUIPMENT": "ESCORTS",
  "M/S SHRIRAM AUTO TECH PVT LTD": "M/S SHRIRAM TECH",
  "BADA DOST I4TNDD NON-AC -LB BSVI": "BADA DOST I4TNDD NON-AC -LB BSVI",
  "BHAGWAN AGRO INDUSTRIES": "BHAGWANRO",
  "FIAT INDIA AUTOMOBILES LTD": "FIATS",
  "MARUTISWIFT DZIRE-VDI (O) BSIV": "MARUTI",
  "SOORAJ AUTOMOBILES LTD.": "SOORAJS",
  "MAHINDRA & MAHINDRA LIMITED (TRACTOR": "MAHINDRA (TRACTOR",
  "Honda Motorcycle and Scooter India (P) Ltd": "HONDACYCLE AND SCOOTER",
  "I20 ASTA 1.2 KAPPA MT BSVI": "I20 ASTA 12 KAPPA MT BSVI",
  "CONTINENTAL ENGINES PVT LTD": "CONTINENTAL ENGINES",
  "Isuzu Motors India Pvt Ltd": "ISUZU",
  "TATA ACE MEGA XL BSIV": "TATA ACE MEGA XL BSIV",
  "SKODA SLAVIA 1.5L TSI 110KW MT STYLE BSVI": "SKODA SLAVIA 15L TSI 110KW MT STYLE BSVI",
  "P AND P ENGG": "P AND P ENGG",
  "DASHMESH AGRICULTURE WORKS": "DASHMESHRICULTURE",
  "DODGE MOTORS": "DODGE",
  "UTTAM CONSTRUCTION EQUIPMENTS": "UTTAM CONSTRUCTION EQUIPMENTS",
  "SUPREME ZT54E D ELWB DRIVE AWAY CHASSIS BSIV": "SUPREME ZT54E D ELWB DRIVE AWAY CHASSIS BSIV",
  "KRANTI AUTOMOBILES LIMITED": "KRANTIS",
  "ARYA MOTORS": "ARYA",
  "Bull Machines Pvt Ltd": "BULL MACHINES",
  "VINAYAK INDUSTRIES": "VINAYAK",
  "HARDEV AGRO TECH": "HARDEVRO TECH",
  "MARUTI EECO 5STR AC (O)CNG 1.2L 5MT BSVI": "MARUTI EECO 5STR AC (O)CNG 12L 5MT BSVI",
  "VOLVO INDIA PRIVATE LIMITED": "VOLVO",
  "FORD(ILTD": "FORD(ILTD",
  "EICHER PRO 2110 H CAB & HSD(EW) BSVI-PH2": "EICHER PRO 2110 H CAB & HSD(EW) BSVI-PH2",
  "ESCORTS KUBOTA LIMITED (AGRI MACHINERY GROUP": "ESCORTS",
  "BHARATH ENGINEERING WORKS": "BHARATH ENGINEERING",
  "SRINIVASA AGRO INDUSTRIES": "SRINIVASARO",
  "SCORPIO-N D AT 2WD Z8L 6S NE BSVI": "SCORPIO-N D AT 2WD Z8L 6S NE BSVI",
  "MARUTI ALTO K10-VXI BSIV": "MARUTI ALTO K10-VXI BSIV",
  "VIJAYS COOLMAX PRIVATE LIMITED": "VIJAYS COOLMAX",
  "HINDUSTAN MOTORS LTD": "HINDUSTAN",
  "JIJO ELECTRIC WHEELS PVT LTD": "JIJO ELECTRIC WHEELS",
  "T D V LTD.": "T D V",
  "THUKRAL ELECTRIC BIKES PVT LTD": "THUKRAL ELECTRIC BIKES",
  "MARUTI": "MARUTI",
  "TATA ENGG & LOCO LTD": "TATA",
  "H-D MOTOR COMPANY INDIA PVT LTD": "H-D",
  "HYUNDAI": "HYUNDAI",
  "SWARAJ MAZDA LTD.": "SWARAJ",
  "ECOMET 1212 E4/4 BSIV": "ECOMET 1212 E4/4 BSIV",
  "VOLKSWAGEN AG": "VOLKSWAGEN",
  "TATA NEXON XMA (S) 1.2 RTN BS6 BSVI": "TATA NEXON XMA (S) 12 RTN BS6 BSVI",
  "DAIMLER(ICOMMERCIAL VEH P LTD": "DAIMLER(ICOMMERCIAL VEH P",
  "DSK MOTOWHEELS PVT LTD.": "DSK MOTOWHEELS",
  "ARUL MOTORS": "ARUL",
  "CITY 1.5 ZX MT (I-DTEC) BSIV": "CITY 15 ZX MT (I-DTEC) BSIV",
  "SHRI GOGULAM FARM EQUIPMENTS": "SHRI GOGULAM FARM EQUIPMENTS",
  "MANKU AGRO TECH. PVT. LTD.": "MANKURO TECH",
  "COLES CRANE": "COLES CRANE",
  "BAJAJTEMPO": "BAJAJ",
  "11.10 HD RHD H CAB & HSD BS III": "1110 HD RHD H CAB & HSD BS III",
  "SAKTHI VINAYAKA ENG WORKS": "SAKTHI VINAYAKA ENG",
  "HONDA MOTORCYCLE(I)P L": "HONDACYCLE(I)P L",
  "S.S. AGRO TECH": "SSRO TECH",
  "MAHINDRA BOLERO CITY PIK-UP 1.4 PS BSVI": "MAHINDRA BOLERO CITY PIK-UP 14 PS BSVI",
  "YC ELECTRIC VEHICLE": "YC ELECTRIC",
  "K.S AGROTECH": "KSROTECH",
  "KIA SELTOS D1.5 CRDI VGT 6MT HTX PLUS BSVI": "KIA SELTOS D15 CRDI VGT 6MT HTX PLUS BSVI",
  "LAISH MADISON MOTOR WORKS PVT LTD": "LAISH MADISON",
  "ROYAL ENFIELD MOTORS": "ROYAL ENFIELD",
  "INDIA AUTO LIMITED": "INDIA",
  "BROOKE BOND INDIA LTD": "BROOKE BOND",
  "GRAND I10 ASTA 1.2 BSIV": "GRAND I10 ASTA 12 BSIV",
  "RENAULT KIGER RXT PETROL EASY-R -1.0L ECE BSVI": "RENAULT KIGER RXT PETROL EASY-R -10L ECE BSVI",
  "PREET TRACTORS PVT. LTD.": "PREET",
  "INDIRA STEEL INDUSTRIES": "INDIRA STEEL",
  "SMV": "SMV",
  "M.S. AGRO INDUSTRIES": "MSRO",
  "Volvo Auto India Pvt Ltd": "VOLVO",
  "MAHINDRA VEHICLE MANUFACTURER LIMITED": "MAHINDRA MANUFACTURER",
  "RAM AGRO INDUSTRIES": "RAMRO",
  "CRETA 1.4 CRDI E+ BSIV": "CRETA 14 CRDI E+ BSIV",
  "VAUXHALL MOTORS LTD": "VAUXHALL",
  "PREET AGRO INDUSTRIES PVT LTD": "PREETRO",
  "FIAT(I)LTD": "FIAT(I)LTD",
  "TIL LTD": "TIL",
  "MAHINDRA NAVISTAR AUTOMOTIVES": "MAHINDRA NAVISTARS",
  "MAHESH ENGINEERING WORKS": "MAHESH ENGINEERING",
  "RUDRA AUTO INDUSTRIES": "RUDRA",
  "A J S": "A J S",
  "KYB CONMAT PVT LTD": "KYB CONMAT",
  "KHALSA  AGRO INDUSTRIES": "KHALSA RO",
  "ROLLS ROYCE": "ROLLS ROYCE",
  "SYN AUTO SOLUTIONS PVT LTD": "SYN SOLUTIONS",
  "MARUTI TRAILERS": "MARUTI TRAILERS",
  "VAIBHAV AUTO INDUSHRIES": "VAIBHAV INDUSHRIES",
  "RACE AUTOMOTIVES PVT. LTD.": "RACES",
  "LOTEY AGRO INDUSTRY": "LOTEYRO",
  "WIRTGEN INDIA PVT LTD": "WIRTGEN",
  "MARUTI OMNI E MPI STD BSIV": "MARUTI OMNI E MPI STD BSIV",
  "SHRI LAXMI ENGINEERING WORKS": "SHRI LAXMI ENGINEERING",
  "MAHARASTRA SCOOTER LIMITED": "MAHARASTRA SCOOTER",
  "SUNRISE AUTO INDUSTRIES LTD": "SUNRISE",
  "Sany Heavy Industry India Pvt Ltd": "SANY HEAVY",
  "INDIAN MOTORS": "INDIAN",
  "MAHINDRA  MAHINDRA LTD": "MAHINDRA",
  "SPEEGO VEHICLES CO PVT LTD": "SPEEGO CO",
  "KINETIC HONDA MOTOR LIMITED": "KINETIC",
  "BLUE ENERGY COMMERCIAL VEHICLES PVT. LTD.": "BLUE ENERGY COMMERCIAL",
  "LAND ROVER": "LAND ROVER",
  "CHATELEC VEHICLES INDIA LTD": "CHATELEC",
  "HIND AGRO INDUSTRIES": "HINDRO",
  "JOHNSON TRACTORS & MOTORS PVT. LTD.": "JOHNSON TRACTORS &",
  "MARUTIGRANDVITARASMARTHYBRID ZETA 1.5L 5MT BSVI": "MARUTIGRANDVITARASMARTHYBRID ZETA 15L 5MT BSVI",
  "THAR LX D MT 4WD 4S HT BSVI": "THAR LX D MT 4WD 4S HT BSVI",
  "M/S MAHINDRA & MAHINDRA": "M/S MAHINDRA",
  "M/S.SEETHARAMA ENGINEERING WOR": "M/SSEETHARAMA ENGINEERING WOR",
  "TOYOTA": "TOYOTA",
  "TATA ALTROZ XZ 1.2 RTN BS6 BSVI": "TATA ALTROZ XZ 12 RTN BS6 BSVI",
  "VOLVO CE INDIA PRIVATE LIMITED": "VOLVO CE",
  "POLO TSI MT BSVI-COMFORTLINE BSVI": "POLO TSI MT BSVI-COMFORTLINE BSVI",
  "ROYAL-ENFIELD (UNIT OF EICHER LTD": "ROYAL ENFIELD",
  "RENAULT KWID RXL BSIV": "RENAULT KWID RXL BSIV",
  "MARUTI EECO 5 STR AC (O) 1.2L 5MT BSVI": "MARUTI EECO 5 STR AC (O) 12L 5MT BSVI",
  "INDERPREET AGRO INDUSTRIES": "INDERPREETRO",
  "AGRO INDUSTRIES": "AGRO",
  "MLR AUTO LTD": "MLR",
  "Others": "OTHERS",
  "KIN. HONDA": "KINETIC",
  "CHANADAN AGRO IND.": "CHANADANRO IND",
  "I20 ASTA 1.0 TURBO GDI IMT BSVI": "I20 ASTA 10 TURBO GDI IMT BSVI",
  "MARUTI SUZUKI": "MARUTI",
  "REVOLT INTELLICORP PVT LTD": "REVOLT INTELLICORP",
  "INDO FARM EQUIP. LTD.": "INDO FARM EQUIP",
  "NIL": "OTHERS",
  "RAMGARHIA MECHANICAL WORKS": "RAMGARHIA MECHANICAL",
  "INGERSOLL RAND INDIA LTD.": "INGERSOLL RAND",
  "TATA ADVANCED SYSTEMS LTD": "TATA ADVANCED SYSTEMS",
  "DAIMLER CHRYSLER INDIA P LTD": "DAIMLER CHRYSLER P",
  "RSD SECURITY SOLUTIONS PVT LTD": "RSD SECURITY SOLUTIONS",
  "EICHER PRO 1110 H CAB & HSD(101KW) BSIV": "EICHER PRO 1110 H CAB & HSD(101KW) BSIV",
  "KINETIC ENGINEERING": "KINETIC",
  "FORD ECOSPORT 1.5 DIESEL TITANIUM+ MT(O),S BSVI": "FORD ECOSPORT 15 DIESEL TITANIUM+ MT(O),S BSVI",
  "M/S INDO FARM INDUSTRIES LIMITED": "M/S INDO FARM",
  "DOST RLS HSD-PS-185R14LT;8PR BSVI": "DOST RLS HSD-PS-185R14LT;8PR BSVI",
  "M/S VARA LAKSHMI ENGINEERING WORKS": "M/S VARA LAKSHMI ENGINEERING",
  "D M AGRO INDUSTRIES": "D MRO",
  "CITY 1.5 VX MT (I-VTEC) BSIV": "CITY 15 VX MT (I-VTEC) BSIV",
  "DASHMESH MECH WORKS PVT LTD": "DASHMESH MECH",
  "DUCATI MOTOR HOLDING S.P.A": "DUCATI HOLDING SPA",
  "MERC BENZ": "MERCEDES",
  "BOSE ENTERPRISE": "BOSE ENTERPRISE",
  "NEW HIND AGRO PVT. LTD": "NEW HINDRO",
  "R.K.TRAILORS": "RKTRAILORS",
  "FALCON INDIA LTD": "FALCON",
  "DASMESH AGRICULTURE WORKS": "DASMESHRICULTURE",
  "MARUTI - DZIRE ZXI 1.2L 5MT BSVI": "MARUTI - DZIRE ZXI 12L 5MT BSVI",
  "GODREJ AND BOYCE MFG CO LTD": "GODREJ AND BOYCE MFG CO",
  "KABMAX ELECTRIC AUTOMOBILES PVT. LTD": "KABMAX ELECTRICS",
  "VW TAIGUN GT PLUS 1.5L TSI 110KW DSG BSVI": "VW TAIGUN GT PLUS 15L TSI 110KW DSG BSVI",
  "P B NATIONAL AGRICULTURE WORKS": "P B NATIONALRICULTURE",
  "KIROL GHATGE PATIL AUTO": "KIROL GHATGE PATIL",
  "AWACHAT INDUSTRIES LTD": "AWACHAT",
  "GURU NANAK AGRO INDUSTRIES": "GURU NANAKRO",
  "IDEAL JAWA INDIA PVT LTD": "IDEAL JAWA",
  "Renault India Pvt Ltd": "RENAULT",
  "M/S. OLA ELECTRIC TECHNOLOGIES PVT.LTD.": "M/S OLA ELECTRIC TECHNOLOGIESLTD",
  "MANITOU EQUIPMENT INDIA PVT LTD": "MANITOU EQUIPMENT",
  "SANTKRUPA ENGG WORKS": "SANTKRUPA ENGG",
  "MASERATI S.P.A": "MASERATI SPA",
  "PAL PEUGOT LTD": "PAL PEUGOT",
  "FORTUNER SIGMA 4 AT BSVI-PH2": "FORTUNER SIGMA 4 AT BSVI-PH2",
  "ASHLEY PL HAUWEL TRAILER": "ASHLEY PL HAUWEL TRAILER",
  "F C A INDIA PVT LTD": "F C A",
  "JCBINDIA": "JCB",
  "P.V.P.LTD.": "PVPLTD",
  "HINDUSTAN MOTORS": "HINDUSTAN",
  "TITAGARH AGRICO (P) LTD": "TITAGARHRICO",
  "BYD INDIA PRIVATE LIMITED": "BYD",
  "M/S. RAVI ENGINEERING WORKS": "M/S RAVI ENGINEERING",
  "MARUTISWIFT DZIRE-VDI BSIV": "MARUTI",
  "SKODAAUTO ": "SKODA",
  "SKODA KUSHAQ 1.0L TSI (85KW) MT STYLE BSVI": "SKODA KUSHAQ 10L TSI (85KW) MT STYLE BSVI",
  "MARUTI XL6 SMART HYBRID AUTOMATIC ZETA BSVI": "MARUTI XL6 SMART HYBRIDMATIC ZETA BSVI",
  "NIPUN SANYANTRA PVT LTD": "NIPUN SANYANTRA",
  "RAJIV RAJ VEHICLES PVT LTD": "RAJIV RAJ",
  "S.M. LTD.": "SM",
  "SHIVA INDUSTRIES": "SHIVA",
  "ATLAS AUTO INDUSTRIES \u00a0\u00a0\u00a0\u00a0\u00a0\u00a0\u00a0\u00a0": "ATLAS",
  "A R AGRO TECH": "A RRO TECH",
  "KISSAN AGRO INDUSTRIES": "KISSANRO",
  "M/S SCHWING STETTER (INDIA) PRIVATE LIMITED": "M/S SCHWING STETTER",
  "HD MOTOR COMPANY INDIA PVT LTD": "HD",
  "DHIMAN AGRICULTURAL WORKS": "DHIMANRICULTURAL",
  "RENAULT KWID RXT 1.0 SCE BSIV": "RENAULT KWID RXT 10 SCE BSIV",
  "EMER S.P.A": "EMER SPA",
  "INNOVA CRYSTA 2.4 V (8S) BSIV": "INNOVA CRYSTA 24 V (8S) BSIV",
  "ISHWAR FARMLINE EQUIPMENTS": "ISHWAR FARMLINE EQUIPMENTS",
  "M/S PCA AUTOMOBILES INDIA PVT. LTD": "M/S PCAS",
  "MAHINDRA LAST MILE MOBILITY LTD": "MAHINDRA LAST MILE MOBILITY",
  "LAXMI TRAILERS": "LAXMI TRAILERS",
  "JMSSP AGRO INDUSTRIES PVT LTD": "JMSSPRO",
  "CA1215/39 H CC BSVI-PH2": "CA1215/39 H CC BSVI-PH2",
  "CRETA 1.4 CRDI-S BSIV": "CRETA 14 CRDI-S BSIV",
  "HARESH STEEL AGRO INDUSTRIES": "HARESH STEELRO",
  "AMBAL AUTOS": "AMBALS",
  "BHM INDUSTRIES": "BHM",
  "RAVI ENGG WORKS": "RAVI ENGG",
  "GLOBAL AUTOMOBILES PVT LTD": "GLOBALS",
  "HOVEL CYLINDER PVT LTD": "HOVEL CYLINDER",
  "SCTR(I)LTD": "SCTR(I)LTD",
  "XUZHOU CONSTRUCTION MACHINERY GROUP CO. LTD, CHINA": "XUZHOU CONSTRUCTION MACHINERY GROUP, CHINA",
  "M/S MASERATI SPA": "M/S MASERATI SPA",
  "FIAT INDIA AUTOMOBILES PVT LTD": "FIATS",
  "LAMBRETTA MOTORCYCLES AND SCOOTERS": "LAMBRETTACYCLES AND SCOOTERS",
  "KIA MOTORS CORPN": "KIAN",
  "KALINGA VENTURES INDIA PVT LTD": "KALINGA VENTURES",
  "ZOOMLION INDIA PVT LTD": "ZOOMLION",
  "A D AGRO WORKS": "A DRO",
  "OLECTRA GREENTECH LTD": "OLECTRA GREENTECH",
  "M/S MALKIT AGROTECH PVT LTD": "M/S MALKITROTECH",
  "ECO SMART VEHICLES PVT LTD": "ECO SMART",
  "NEW GURDIAL AGRO INDUSTRIES": "NEW GURDIALRO",
  "TATA BOLT XE QJET 75PS BSIV": "TATA BOLT XE QJET 75PS BSIV",
  "PLANET 7 INTERNATIONAL": "PLANET 7 INTERNATIONAL",
  "KIA SELTOS D1.5 CRDI VGT 6AT GTX PLUS BSVI": "KIA SELTOS D15 CRDI VGT 6AT GTX PLUS BSVI",
  "ESCORTS CONST EQUIPMENT LTD": "ESCORTS",
  "Volkswagen India Pvt Ltd": "VOLKSWAGEN",
  "GROVE, UNITED STATES": "GROVE, UNITED STATES",
  "SAERA ELECTRIC AUTO PVT LTD": "SAERA ELECTRIC",
  "MARUTI-VITARA BREEZA ZDI AMT BSIV": "MARUTI-VITARA BREEZA ZDI AMT BSIV",
  "CHRYSLER MOTORS PVT LTD": "CHRYSLER",
  "Jcb India Limited": "JCB",
  "KAMAZ INDUSTRIES": "KAMAZ",
  "HERO MOTORS": "HERO",
  "EICHER PRO 2095XP J CAB & HSD(SL-EW) BSVI": "EICHER PRO 2095XP J CAB & HSD(SL-EW) BSVI",
  "ANBU TRAILERS": "ANBU TRAILERS",
  "CLASSIC LEGENDS PVT LTD": "CLASSIC LEGENDS",
  "HMT LTD": "HMT",
  "Hero MotoCorp Ltd": "HERO",
  "MARUTI- SWIFT VXI 1.2L 5MT BSVI": "MARUTI- SWIFT VXI 12L 5MT BSVI",
  "MLR MOTOR (P) LTD.,": "MLR",
  "INDIAN STRUCTURAL CO. P. LTD.": "INDIAN STRUCTURAL P",
  "NEW HIND AGRO PVT LTD": "NEW HINDRO",
  "TATA PUNCH CRE 1.2P BS6 MT BSVI": "TATA PUNCH CRE 12P BS6 MT BSVI",
  "PREMIER AUTOMOBILES": "PREMIERS",
  "TRIUMPH MOTORCYCLES (INDIA) PVT LTD": "TRIUMPHCYCLES",
  "HOLLAND TRACTORS PVT LTD": "HOLLAND TRACTORS",
  " SRI LAXMI ENGINEERING & MOTOR WORKS": "SRI LAXMI ENGINEERING &",
  "SUNDARALAKSHMI INDUSTRIES": "SUNDARALAKSHMI",
  "TATA TIGOR XZ+ 1.2 RTN BS6 BSVI": "TATA TIGOR XZ+ 12 RTN BS6 BSVI",
  "KUMAR MOTORS PVT LTD": "KUMAR",
  "BHARAT MANUFACTURING & ASSEMBLING E RIKSHA": "BHARAT MANUFACTURING & ASSEMBLING E RIKSHA",
  "TITAGARH AGRICO (P LTD": "TITAGARHRICO (P",
  "GM DAEWOO AUTO  CO": "GENERAL MOTORS",
  "JAGDISH AUTO INDUSTRIES": "JAGDISH",
  "ESCORTS AUTOMOTIVE LTD": "ESCORTS",
  "M/S.AJAX ENGINEERING PRIVATE LIMITED": "M/SAJAX ENGINEERING",
  "MAHINDRA JEETO PLUS-16 BSIV BSIV": "MAHINDRA JEETO PLUS-16 BSIV BSIV",
  "Volvo Buses India Pvt Ltd": "VOLVO BUSES",
  "MAHINDR  LTD": "MAHINDR",
  "SWARAJ MAZDA LTD": "SWARAJ",
  "MARUTI ERTIGA SMART HYBRID VXI 1.5L 6AT BSVI": "MARUTI ERTIGA SMART HYBRID VXI 15L 6AT BSVI",
  "KINETIC ENGINEERING LTD": "KINETIC",
  "SHRILAKSHMI BODY BUILDER WORKS": "SHRILAKSHMI BODY BUILDER",
  "BISTI WELDING AND LATHE WORKS": "BISTI WELDING AND LATHE",
  "MAHINDRA JEETO PLUS-16 BSVI": "MAHINDRA JEETO PLUS-16 BSVI",
  "AP SCOOTERS LTD": "AP SCOOTERS",
  "DAIMLER CHRYSLER INDIA PVT LTD": "DAIMLER CHRYSLER",
  "KION INDIA PVT LTD": "KION",
  "A P TRAILERS": "A P TRAILERS",
  "KULAR AGRO WORKS": "KULARRO",
  "DR.ING H.C.F.PORSCHE": "DRING HCFPORSCHE",
  "PANESAR AGRO TECH": "PANESARRO TECH",
  "TOYOTA MATERIAL HANDLING INDIA PVT LTD": "TOYOTA",
  "AUTOMOBILE PRODUCTS OF INDIA": "AUTOMOBILE PRODUCTS OF",
  "SATNAM ENGG WORKS": "SATNAM ENGG",
  "TATA": "TATA",
  "JCB INDIA LTD.,": "JCB",
  "M/S DASMESH AGRICULTURAL INDUSTRIES PVT. LTD.,": "M/S DASMESHRICULTURAL",
  "DESOTO MOTORS": "DESOTO",
  "MARUTI VITARA BREZZA ZDI BSIV": "MARUTI VITARA BREZZA ZDI BSIV",
  "RAMJI AGRO INDUSTRIES": "RAMJIRO",
  "APOLLO CARMIX EQUIPMENTS PVT LTD": "APOLLO CARMIX EQUIPMENTS",
  "ENFIELDIND": "ROYAL ENFIELD",
  "PUNJAB AGRO IMPLEMENTS INDUSTRIES": "PUNJABRO IMPLEMENTS",
  "I20-SPORTZ + VTVT BSIV": "I20-SPORTZ + VTVT BSIV",
  "JEEP COMPASS LIMITED 2.0D BSIV": "JEEP COMPASS 20D BSIV",
  "VMT INDUSTRIES PVT LTD": "VMT",
  "AUTOMOBILI LAMBORGHINI SPA": "AUTOMOBILI LAMBORGHINI SPA",
  "ABRA MOTORS PVT LTD": "ABRA",
  "Nissan Motor India Pvt Ltd": "NISSAN",
  "LAMBORGHINI": "LAMBORGHINI",
  "TAFE LTD": "TAFE",
  "V.T. ENGINEERING": "VT ENGINEERING",
  "M/S SRI BADESHWARA ARGO INDUSTRIES": "M/S SRI BADESHWARA ARGO",
  "MINTO MOTOR LTD": "MINTO",
  "BAJAJ IMPLEMENTS PVT LTD": "BAJAJ IMPLEMENTS",
  "M/S HINDUSTAN MOTORS LIMITED": "M/S HINDUSTAN",
  "KAYAMEL MACHINE PRIVATE LTD": "KAYAMEL MACHINE",
  "SUZUKIMCY": "SUZUKIMCY",
  "MARUTI SUZUKI AUTOMOBILE INDIA": "MARUTI",
  "AMAZE 1.2 S CVT(I-VTEC) BSIV": "AMAZE 12 S CVT(I-VTEC) BSIV",
  "TOYOTA MOTOR CORPORATION,": "TOYOTA",
  "MAHINDRA DEFENCE SYSTEMS LTD": "MAHINDRA DEFENCE SYSTEMS",
  "PATMAVATI MOTORS": "PATMAVATI",
  "P.LA.ENGINEERING WORKS": "PLAENGINEERING",
  "SHANMUKESHWARA AGRO IND": "SHANMUKESHWARARO IND",
  "ROOP MECHANICAL WORKS": "ROOP MECHANICAL",
  "AMAZE MMC 1.2 VX CVT (I-VTEC) BSVI": "AMAZE MMC 12 VX CVT (I-VTEC) BSVI",
  "RUPAL AGRO IND": "RUPALRO IND",
  "EA 1920/66 H 33 FT LS COWL 295/90 R 20 BSVI": "EA 1920/66 H 33 FT LS COWL 295/90 R 20 BSVI",
  "DILLI ELECTRIC AUTO PVT LTD": "DILLI ELECTRIC",
  "ROADSTER AUTOMOBILES PVT. LTD": "ROADSTERS",
  "MITSUBISHI - IMPORTED": "MITSUBISHI - IMPORTED",
  "MAHINDRA GUJARAT TRACTOR LIMITED": "MAHINDRA GUJARAT TRACTOR",
  "TATA ENGG. AND LOCO CO": "TATA",
  "MARUTI VITARA BREZZA VDI BSIV": "MARUTI VITARA BREZZA VDI BSIV",
  "ULTRA1918.T 5L TRUCK CHASS WTH SLP TILTCAB BSVI": "ULTRA1918T 5L TRUCK CHASS WTH SLP TILTCAB BSVI",
  "Skoda Auto India Pvt Ltd": "SKODA",
  "OMEGA CONST. EQUIPT. PVT. LTD.": "OMEGA CONST EQUIPT",
  "SHILPA  INDUSTRIES": "SHILPA",
  "MERCEDES BENZ INDIA LIMITED": "MERCEDES",
  "VW POLO 1.5 TDI 66KW HIGHLINE PLUS BSIV": "VW POLO 15 TDI 66KW HIGHLINE PLUS BSIV",
  "PRAKASH METAL": "PRAKASH METAL",
  "HARJAS AGRO INDUSTRIES": "HARJASRO",
  "TVSMOTORCO": "TVS",
  "INTERNATIONAL CARS&MOTORSLTDHP": "INTERNATIONAL CARS&MOTORSLTDHP",
  "BALU RAJA MOTORS": "BALU RAJA",
  "SHRI PAVAN INDUSTRIES": "SHRI PAVAN",
  "R  KWID RXT CLIMBER OP PETROL EASY-R1.0SCE BSVI": "R KWID RXT CLIMBER OP PETROL EASY-R10SCE BSVI",
  "ESCCONEQUI": "ESCCONEQUI",
  "ANDAL MOTORS": "ANDAL",
  "SOORAJ AUTOMOBILES LTD": "SOORAJS",
  "MARUTI ERTIGA SMART HYBRID ZXI+ 1.5L 5MT BSVI": "MARUTI ERTIGA SMART HYBRID ZXI+ 15L 5MT BSVI",
  "BOMBAY CYCLE & MOTOR AGENCY LIMITED": "BOMBAY CYCLE &ENCY",
  "SAKTHIVEL TRAILER WORKS": "SAKTHIVEL TRAILER",
  "DOST+RLS-FSD-PS-195R15LT BSVI": "DOST+RLS-FSD-PS-195R15LT BSVI",
  "SUZUKI MOTORCYCLE (I) PVT LTD": "SUZUKICYCLE",
  "MARUTI BREZZA SMART HYBRID ZXI 1.5L 6AT BSVI": "MARUTI BREZZA SMART HYBRID ZXI 15L 6AT BSVI",
  "M/S SRI RAMA ENG.CO": "M/S SRI RAMA ENGCO",
  "VENUE 1.0 TURBO GDI IMT SX BSVI": "VENUE 10 TURBO GDI IMT SX BSVI",
  "DAEWOO JINWOO MOTORS (CRANE)": "DAEWOO JINWOO (CRANE",
  "Tata Motors Passenger Vehicles Ltd": "TATA PASSENGER",
  "MAN FORCE TRUCKS PVT.LTD": "MAN FORCE TRUCKSLTD",
  "HUMMER": "HUMMER",
  "MAHINDRA KUV100 K8 MFALCON D75 6 SEATER BSIV": "MAHINDRA KUV100 K8 MFALCON D75 6 SEATER BSIV",
  "SETH INDUSTRIAL CORPORATION": "SETH INDUSTRIAL",
  "PL HAULWEL TRAILERS": "PL HAULWEL TRAILERS",
  "UM LOHIA TWO WHEELERS PVT LTD": "UM LOHIA TWO WHEELERS",
  "MOMI ENGINEERING WORKS": "MOMI ENGINEERING",
  "NEW HOLLAND FIAT INDIA PVT. LTD.": "NEW HOLLAND",
  "TATA HITACHI MACHINERY CONSTRUCTION LIMITED": "TATA HITACHI MACHINERY CONSTRUCTION",
  "Rolls Royce Motor (Importer: KUN Motor)": "ROLLS ROYCE (IMPORTER: KUN",
  "SONI E VEHICLE PVT LTD": "SONI E",
  "MAHINDRA RENAULT PRT LIMITED": "MAHINDRA RENAULT PRT",
  "SHRI VENKATESHWARA ENGINEERING WORKS": "SHRI VENKATESHWARA ENGINEERING",
  "TATA NEXON-XZA+ 1.2 RTN BSIV": "TATA NEXON-XZA+ 12 RTN BSIV",
  "MARUTI-SWIFT ZXI 1.2L 5MT BSVI": "MARUTI-SWIFT ZXI 12L 5MT BSVI",
  "ZENIAK INNOVATION INDIA LTD": "ZENIAK INNOVATION",
  "DALIP SINGH & SONS": "DALIP SINGH & SONS",
  "JAZZ 1.2 ZX CVT (I-VTEC) BSVI": "JAZZ 12 ZX CVT (I-VTEC) BSVI",
  "BEST WAY AGENCIES PVT LTD": "BEST WAYENCIES",
  "KUBOTA AGRICULTURAL MACHINERY INDIA PVT.LTD.": "KUBOTARICULTURAL MACHINERYLTD",
  "ASHOK LEYLAND JOHN DEERE CONST EQUIP COMP PVT LTD": "LEYLAND",
  "GAYATRI ENGINEERING WORKS": "GAYATRI ENGINEERING",
  "VOLVO BUSES INDIA PVT LTD": "VOLVO BUSES",
  "SHYAM ENG WORKS": "SHYAM ENG",
  "EICHER 10.80 RHD C CAB & HSD": "EICHER 1080 RHD C CAB & HSD",
  "FIAT INDIA LTD": "FIAT",
  "A AND Z MOTOR CO P LTD": "A AND Z CO P",
  "VISHAVKARMA ENGINEERING WORKS": "VISHAVKARMA ENGINEERING",
  "VISHAVKARMA AGRO INDUSTRIES": "VISHAVKARMARO",
  "LIEBHERR INDIA PVT LTD": "LIEBHERR",
  "KELVINATOR INDIA LTD \u00a0\u00a0\u00a0\u00a0\u00a0\u00a0\u00a0\u00a0\u00a0": "KELVINATOR",
  "MARUTI-SWIFT-VXI AMT BSIV": "MARUTI-SWIFT-VXI AMT BSIV",
  "FORD ECOSPORT 1.5 DIESEL TITANIUM MT BSIV": "FORD ECOSPORT 15 DIESEL TITANIUM MT BSIV",
  "Mercedes-Benz India Pvt Ltd": "MERCEDES",
  "JOHN DEERE INDIA PVT LTD(CROP SOLUTION DIV)": "JOHN DEERE(CROP SOLUTION DIV",
  "SML ISUZU": "SML ISUZU",
  "INDIA KAWASAKI MOTORS PVT LTD": "INDIA KAWASAKI",
  "BULL MACHINES PVT LTD": "BULL MACHINES",
  "Piaggio Vehicles Pvt Ltd": "PIAGGIO",
  "SHRI RAM AGRO INDUSTRIES": "SHRI RAMRO",
  "KARTAR AGRO ENGINEERS PVT LTD": "KARTARRO ENGINEERS",
  "MAN TRUCKS INDIA PVT LTD": "MAN TRUCKS",
  "CORONA BUS MANUFACTURERS (P) LTD.": "CORONA BUS MANUFACTURERS",
  "J.K.AGRO INDUSTRIES": "JKAGRO",
  "VARINDERA LTD.": "VARINDERA",
  "FIADO INDUSTRIES PVT LTD": "FIADO",
  "OM RAJ AUTOTECH LLP": "OM RAJTECH LLP",
  "GEHIR AGRICULTURE IND.": "GEHIRRICULTURE IND",
  "ALTIGREEN PROPULSION LABS PVT LTD": "ALTIGREEN PROPULSION LABS",
  "MARUTI-VITARA BREEZA VDI BSIV": "MARUTI-VITARA BREEZA VDI BSIV",
  "FV 2523 BSIII": "FV 2523 BSIII",
  "MAHINDRA XUV5OO FWD W11  BSVI": "MAHINDRA XUV5OO FWD W11 BSVI",
  "SWADESH MOTORS AND TRACTORS LTD": "SWADESH AND TRACTORS",
  "Mahindra": "MAHINDRA",
  "TATA HITACHI CONSTRUCTION MACHINERY COMP. PVT LTD": "TATA HITACHI CONSTRUCTION MACHINERY COMP",
  "BHAI BHAI ENGINEERING WORKS": "BHAI BHAI ENGINEERING",
  "VOLTAS LIMITED": "VOLTAS",
  "Sml Isuzu Ltd": "SML ISUZU",
  "INDIAN AGRO INDUSTRIES": "INDIANRO",
  "KELVINATOR OF INDIA": "KELVINATOR OF",
  "MACHINERY MANU CORPN": "MACHINERY MANUN",
  "ABIRAMI ENGINEERING WORKS": "ABIRAMI ENGINEERING",
  "K.S. AGRICULTURAL INDUSTRIES PVT. LTD": "KSRICULTURAL",
  "TATA HITACHI CONSTRUCTION MACHINERY CO.LTD.": "TATA HITACHI CONSTRUCTION MACHINERYLTD",
  "KINETIC HONDA MOTOR": "KINETIC",
  "MARUTI XL6 SMART HYBRID ZETA BSVI": "MARUTI XL6 SMART HYBRID ZETA BSVI",
  "MARUTI ERTIGA VDI BSIV": "MARUTI ERTIGA VDI BSIV",
  "PREFIX ENGG PVT LTD": "PREFIX ENGG",
  "EICHER 11.14 H CAB FSD DSD BSIII": "EICHER 1114 H CAB FSD DSD BSIII",
  "MANNENSMANN GERMANY": "MANNENSMANN GERMANY",
  "TATA PUNCH ACC 1.2P BS6 MT BSVI": "TATA PUNCH ACC 12P BS6 MT BSVI",
  "VISHWAS TRAILER WELD WORK": "VISHWAS TRAILER WELD WORK",
  "GURU NANAK AGRI WORKS": "GURU NANAKRI",
  "M/S FiatIndiaAutomobilesPvtLtd": "M/S FIATINDIAAUTOMOBILESPVTLTD",
  "MAHINDRA LTD": "MAHINDRA",
  "MARUTI ERTIGA SMART HYBRID VXI 1.5L 5MT BSVI": "MARUTI ERTIGA SMART HYBRID VXI 15L 5MT BSVI",
  "SHIVA GAYATRI ENGG WORKS": "SHIVA GAYATRI ENGG",
  "GOBIND AGRO INDUSTRIES": "GOBINDRO",
  "G.K. RICKSHAW": "GK RICKSHAW",
  "ARTEMIS AUTO INDIA P LTD": "ARTEMIS P",
  "HARMEET AGRICULTURE WORKS": "HARMEETRICULTURE",
  "MAHINDRA XUV 500 FWD W4 BSIV": "MAHINDRA XUV 500 FWD W4 BSIV",
  "N.S. AGRO WORKS": "NSRO",
  "GILL AGRICULTURE WORKS": "GILLRICULTURE",
  "GAZ": "GAZ",
  "VIJAYALAKSHIMI ENGG WORKS": "VIJAYALAKSHIMI ENGG",
  "ETRIO AUTOMOBILES PVT LTD": "ETRIOS",
  "VINTAGE VEHICLES": "VINTAGE",
  "GURU NANAK AGRICULTURE IMPLEMENTS": "GURU NANAKRICULTURE IMPLEMENTS",
  "V.S.T. TILLERS TRACTORS LIMITED": "VST TILLERS TRACTORS",
  "BSA MOTORS": "BSA",
  "DOST + RLS - FSD - 195 R15 LT BSVI-PH2": "DOST + RLS - FSD - 195 R15 LT BSVI-PH2",
  "VENUS EQUIPMENT": "VENUS EQUIPMENT",
  "MARUTI WAGON R VXI BSIV": "MARUTI WAGON R VXI BSIV",
  "J. S. AGRO INDUSTRIES": "J SRO",
  "SAKTHI ENGG WORKS": "SAKTHI ENGG",
  "M/S MAHINDRA & MAHINDRA LTD*": "M/S MAHINDRA",
  "SOORAJ": "SOORAJ",
  "BYD": "BYD",
  "TATA HITACHI CONST.MACHNRY CO": "TATA HITACHI CONSTMACHNRY CO",
  "LOTAY AGRO TECH": "LOTAYRO TECH",
  "MARUTI RITZ LDI BSIV": "MARUTI RITZ LDI BSIV",
  "AMAZE 1.2S MT(I-VTEC)BSIV": "AMAZE 12S MT(I-VTEC)BSIV",
  "GROMAX AGRI EQUIPMENT LTD": "GROMAXRI EQUIPMENT",
  "KUMAR ENGINEERING": "KUMAR ENGINEERING",
  "P AND H INDIA LIMITED": "P AND H",
  "MARUTI VITARA BREZZA LDI (O) BSIV": "MARUTI VITARA BREZZA LDI (O) BSIV",
  "AVATAR ENGINEERING WORK": "AVATAR ENGINEERING WORK",
  "BAJAJ AUTO LIMITED": "BAJAJ",
  "PARDEEP AGRO INDUSTRIES": "PARDEEPRO",
  "MARUTI CELERIO ZXI+ 1L ISS 5MT BSVI": "MARUTI CELERIO ZXI+ 1L ISS 5MT BSVI",
  "HERO MOTOR LTD.": "HERO",
  "MATHAROO AGRICULTURE IMPLIMENT": "MATHAROORICULTURE IMPLIMENT",
  "OKINAWA AUTOTECH PVT LTD": "OKINAWATECH",
  "SHAKTIMAN AGRO INDUSTRIES": "SHAKTIMANRO",
  "ROARLEO MOTOR PVT LTD": "ROARLEO",
  "MAHALINGA ENGG. INDUSTRIES": "MAHALINGA ENGG",
  "FARGO AUTO LTD.": "FARGO",
  "TATA - PUNCH ADV 1.2P BS6 AMT BSVI": "TATA - PUNCH ADV 12P BS6 AMT BSVI",
  "SHWETA AGRO INDUSTRIES": "SHWETARO",
  "ARROW AUTOMOTIVE": "ARROW",
  "MARUTI BALENO ALPHA 1.2L ISS 5MT BSVI": "MARUTI BALENO ALPHA 12L ISS 5MT BSVI",
  "BMW MOTORS": "BMW",
  "MAHINDRA MAHINDRA LTD": "MAHINDRA",
  "LAL AGRO INDUSTRIES": "LALRO",
  "CASE NEW HOLLAND CONSTRUCTION EQUIPMENT INDIA PVT LTD MP": "NEW HOLLAND",
  "GENERAL AGENCIES(KOLKATA) PVT LTD": "GENERALENCIES(KOLKATA)",
  "KASSA RAMA COMBINES PVT LTD": "KASSA RAMA COMBINES",
  "CASE NEW HOLLAND CONSTRUCTION EQUIPMENT INDIA PVT": "NEW HOLLAND",
  "G M INDIA LIMITED": "G M",
  "ALPSV 4/185 10X20-16 BSIII": "ALPSV 4/185 10X20-16 BSIII",
  "LML LTD": "LML",
  "ELECTROTHERM (I LIMITED": "ELECTROTHERM (I",
  "KINETIC HONDA MOTORS": "KINETIC",
  "3EV INDUSTRIES PVT LTD": "3EV",
  "JCBL LIMITED": "JCB",
  "INDO FARM INDUSTRIES LTD": "INDO FARM",
  "S7 3335 SCHOOL BUS BSIV": "S7 3335 SCHOOL BUS BSIV",
  "Hero Honda Motors Ltd": "HERO",
  "H R AGRO INDUSTRIES": "H RRO",
  "SHRI LAKSHIMI MOTOR BODY WORKS": "SHRI LAKSHIMI BODY",
  "AL-ZAHOOR  CO": "AL-ZAHOOR CO",
  "GP4825/66 H COWL LA 30LS NRS-295/90R20 BSVI": "GP4825/66 H COWL LA 30LS NRS-295/90R20 BSVI",
  "GOMTI INDUSTRIES": "GOMTI",
  "MATHARU ENGINEERING WORKS": "MATHARU ENGINEERING",
  "SHRI CHERAN TRAILOR": "SHRI CHERAN TRAILOR",
  "MAA SHAKTI EXIM PVT LTD": "MAA SHAKTI EXIM",
  "M/S. OLA ELECTRIC TECHNOLOGIES PVT.LTD.,": "M/S OLA ELECTRIC TECHNOLOGIESLTD",
  "SAN MOTORS LIMITED": "SAN",
  "Tafe Limited": "TAFE",
  "DHIMAN AGRICULTURE WORKS": "DHIMANRICULTURE",
  "BEML LIMITED": "BEML",
  "FIAT(ILTD": "FIAT(ILTD",
  "DEEP DRAWN TECHNOLOGIES": "DEEP DRAWN TECHNOLOGIES",
  "EICHER PRO 1110H CAB & HSD BSIII": "EICHER PRO 1110H CAB & HSD BSIII",
  "KURUKSHETRA AUTOMOBILES (P LTD.": "KURUKSHETRAS (P",
  "GURMUKH AGRO INDUSTRIES": "GURMUKHRO",
  "DILIP CHHABRIA DESIGN PVT LTD": "DILIP CHHABRIA DESIGN",
  "AMAR COACH BUILDERS": "AMAR COACH BUILDERS",
  "OM BALAJEE AUTOMOBILE ( INDIA) PVT. LTD": "OM BALAJEE ()",
  "DATSUN REDI GO T (O) S-DRIVE 1.0 BSIV": "DATSUN REDI GO T (O) S-DRIVE 10 BSIV",
  "BHARAT PUMP COMP. LTD": "BHARAT PUMP COMP",
  "MCLAREN AUTOMOTIVE (IMPORTER: INFINITY CARS)": "MCLAREN (IMPORTER: INFINITY CARS",
  "Scania Commercial Vehicles India Pvt Limited": "SCANIA COMMERCIAL",
  "SAGAR INDUSTRIES": "SAGAR",
  "MARUTI-BALENO ALPHA PETROL BSIV": "MARUTI-BALENO ALPHA PETROL BSIV",
  "MARUTI-SWIFT-VXI BSIV": "MARUTI-SWIFT-VXI BSIV",
  "TOYOTA  GLANZA S PETROL (MT) BSVI": "TOYOTA GLANZA S PETROL (MT) BSVI",
  "MARUTI ERTIGA ZDI+ BSIV": "MARUTI ERTIGA ZDI+ BSIV",
  "SUNDARAM MOTORS": "SUNDARAM",
  "NISUKI MOPEDS": "NISUKI MOPEDS",
  "MARUTI SWIFT-VDI AMT; BSIV": "MARUTI SWIFT-VDI AMT; BSIV",
  "VOLVO INDIA LTD.": "VOLVO",
  "KIA SELTOS D1.5 CRDI VGT 6MT HTK PLUS BSVI": "KIA SELTOS D15 CRDI VGT 6MT HTK PLUS BSVI",
  "WR-V 1.2 VX MT (I-VTEC) BSVI": "WR-V 12 VX MT (I-VTEC) BSVI",
  "GAHIR AGRO INDUSTRIES LIMITED": "GAHIRRO",
  "MAHINDRA NISSAN ALLWYN LTD.": "MAHINDRA NISSAN ALLWYN",
  "BAFNA AUTO CARS I PVT.LTD.": "BAFNA CARS ILTD",
  "ENERGY ELECTRIC VEHICLES": "ENERGY ELECTRIC",
  "K.D AGRO INDUSTRIES": "KDRO",
  "LMV LTD": "LMV",
  "RAM JI ENGINEERING WORKS": "RAM JI ENGINEERING",
  "M/S TRIUMPH MOTORCYCLES INDIA PVT LTD": "M/S TRIUMPHCYCLES",
  "TATA INTRA V30 BSVI": "TATA INTRA V30 BSVI",
  "MARUTI ERTIGA SMARTHYBRID ZXI+ 1.5L 5M BSVI": "MARUTI ERTIGA SMARTHYBRID ZXI+ 15L 5M BSVI",
  "SARTAJ 5252 XM WITH SHD CARGO BOX BSIV": "SARTAJ 5252 XM WITH SHD CARGO BOX BSIV",
  "MINI METRO": "MINI METRO",
  "J P AGRO INDUSTRIES": "J PRO",
  "KAVERI TRAILERS.": "KAVERI TRAILERS",
  "ALLFINE INDUSTRIES PVT LTD": "ALLFINE",
  "NEW GURDIAL AGRO INDUSTRIES PVT LTD": "NEW GURDIALRO",
  "HONDA MOTORCYCLESCOOTER(I)P L": "HONDACYCLESCOOTER(I)P L",
  "SHAHJANAND AGRO IND": "SHAHJANANDRO IND",
  "LAKSHMI VENKATASWARA INDUSTREE": "LAKSHMI VENKATASWARA INDUSTREE",
  "HINDUSTAN AGRO INDUSTRIES": "HINDUSTANRO",
  "TATA HITACHI CONST.MACHNRY CO ": "TATA HITACHI CONSTMACHNRY CO",
  "RAJMANDIR AUTO INDUSTRIES": "RAJMANDIR",
  "Daimler(i)commercial Veh P Ltd": "DAIMLER(I)COMMERCIAL VEH P",
  "SHAKTTI CONSTRUCTIONS EQUIPMENT PVT LTD": "SHAKTTI CONSTRUCTIONS EQUIPMENT",
  "GROVE": "GROVE",
  "MARUTI CELERIO ZXI AMT (O) BSIV": "MARUTI CELERIO ZXI AMT (O) BSIV",
  "HAMM AG": "HAMM",
  "MARUTI BREZZA SMART HYBRID ZXI+ 1.5L 5MT BSVI": "MARUTI BREZZA SMART HYBRID ZXI+ 15L 5MT BSVI",
  "HEMAVATHI AGRO INDUSTRIES": "HEMAVATHIRO",
  "FERRARI SPA": "FERRARI SPA",
  "MATHARU ENGINEERING AGRI WORKS": "MATHARU ENGINEERINGRI",
  "MANDEEP ENGINEERING WORKS": "MANDEEP ENGINEERING",
  "A R L TRACTORS & MOTORS": "A R L TRACTORS &",
  "OKAYA EV PVT LTD": "OKAYA EV",
  "M S AGRO INDUSTRIES": "M SRO",
  "M/S OKINAWA AUTOTECH PVT LTD": "M/S OKINAWATECH",
  "SHRI BALAJI TRAILERS": "SHRI BALAJI TRAILERS",
  "MARUTI BALENO DELTA PETROL BSIV": "MARUTI BALENO DELTA PETROL BSIV",
  "SHREYA ENGINEERS": "SHREYA ENGINEERS",
  "DYNAPAC ROAD CONSTRUCTION EQUIPMENT INDIA PVT LTD": "DYNAPAC ROAD CONSTRUCTION EQUIPMENT",
  "SURINDERA AGRO INSDUSTRIES": "SURINDERARO INSDUSTRIES",
  "FORD ECOSPORT 1.5 PETROL TITANIUM MT BSVI": "FORD ECOSPORT 15 PETROL TITANIUM MT BSVI",
  "TATA PAUL AND HARRY": "TATA PAUL AND HARRY",
  "SKODA SLAVIA 1.5L TSI 110KW AT STYLE BSVI": "SKODA SLAVIA 15L TSI 110KW AT STYLE BSVI",
  "M/S.SWITCH MOBILITY AUTOMOTIVE LTD.,": "M/SSWITCH MOBILITY",
  "ESCORTS JCB LTD": "ESCORTS",
  "YAMAHA MOTOR INDIA PVT. LTD.": "YAMAHA",
  "SWITCH MOBILITY AUTOMOTIVE LTD": "SWITCH MOBILITY",
  "ASIA MOTOR WORKS LTD, GUJARAT": "ASIA, GUJARAT",
  "ESCORTS R&D CENTRE": "ESCORTS",
  "AMAZE 1.2 VX MT(I-VTEC) BSIV": "AMAZE 12 VX MT(I-VTEC) BSIV",
  "SJB TRACTORS": "SJB TRACTORS",
  "OMEGA SEIKI PVT LTD": "OMEGA SEIKI",
  "M/S MAHINDRA TRUCKS&amp;BUSES LTD": "M/S MAHINDRA TRUCKS&AMP;BUSES",
  "M/S JAGUAR LANDROVER INDIA LTD": "M/S JAGUAR LANDROVER",
  "INDUS MOTOR CO PVT LTD": "INDUS CO",
  "TOYATA - IMPORTED": "TOYATA - IMPORTED",
  "AJANTA KRUSHI YANTRA": "AJANTA KRUSHI YANTRA",
  "ADISHWAR AUTO RIDE INDIA PVT LTD": "ADISHWAR RIDE",
  "NABH MOTORS PVT LTD": "NABH",
  "MAHINDRA XUV 300W6 DSL MT BSIV": "MAHINDRA XUV 300W6 DSL MT BSIV",
  "HONDA MOTORCYCLE&amp;SCOOTER(IP L": "HONDACYCLE&AMP;SCOOTER(IP L",
  "SWARAJMAZDASPRMZT54ETCIIIDELWB BUS STBSIII": "SWARAJ",
  "DAIMLER CHRYSLER AG, GERMANY": "DAIMLER CHRYSLER, GERMANY",
  "LOHIA AUTO INDUSTRIES LTD.": "LOHIA",
  "BENTELY MOTORS LIMITED": "BENTELY",
  "TRACTORS AND FARM EQUIPMENT": "TRACTORS AND FARM EQUIPMENT",
  "HUBBER": "HUBBER",
  "CHEVROLET - IMPORTED": "CHEVROLET - IMPORTED",
  "ROLLS ROYCES - IMPORTED": "ROLLS ROYCES - IMPORTED",
  "RAPID AMBITION 77KW MPI BSIV": "RAPID AMBITION 77KW MPI BSIV",
  "USHA ENGINEERNG CO": "USHA ENGINEERNG CO",
  "SCHWING STETTER INDIA PL": "SCHWING STETTER PL",
  "MARUTI- SWIFT VXI 1.2L 5MT BSVI-PH2": "MARUTI- SWIFT VXI 12L 5MT BSVI-PH2",
  "MARUTI DZIRE VXI BSVI": "MARUTI DZIRE VXI BSVI",
  "JAYA AUTOMOTIVES PVT LTD \u00a0\u00a0\u00a0\u00a0\u00a0": "JAYAS",
  "FORTUNER SIGMA 4 AT BSIV": "FORTUNER SIGMA 4 AT BSIV",
  "KARANTI AUTOMOBILES LTD": "KARANTIS",
  "MITSUBHISHI MOTORS CORPORATION": "MITSUBHISHI",
  "DISPOSAL CRANE": "DISPOSAL CRANE",
  "INTRA  V30 PICKUP VX CLB LOW DECK BSVI-PH2": "INTRA V30 PICKUP VX CLB LOW DECK BSVI-PH2",
  "MONTO MOTORS LTD.": "MONTO",
  "SONALIKA INTERNATIONAL": "SONALIKA INTERNATIONAL",
  "R3 ENTERPRISES": "R3 ENTERPRISES",
  "GUJARAT NARMADA AUTO LTD": "GUJARAT NARMADA",
  "MARSHAL MOTORS": "MARSHAL",
  "TATRA INDIA LTD.": "TATRA",
  "TOYOTA KIRLOSKAR LTD": "TOYOTA",
  "BMW - IMPORTED": "BMW - IMPORTED",
  "GILL PREET AGRO INDUSTRIES": "GILL PREETRO",
  "GAUTAM AGRO INDUSTRIES": "GAUTAMRO",
  "TRACTORS&FARM EQUIPMENT LTD": "TRACTORS&FARM EQUIPMENT",
  "LEEBOY INDIA": "LEEBOY",
  "TATA INTRA V50 NON AC BSVI": "TATA INTRA V50 NON AC BSVI",
  "SATKARTAR AGRO WORKS": "SATKARTARRO",
  "Y A I M S": "Y A I M S",
  "MAHINDRA & LTD": "MAHINDRA &",
  "MITHU BAJRANG ENG.WORKS": "MITHU BAJRANG ENGWORKS",
  "SARTAJ 5252 XM WITH SMHD CARGO BOX BSIII": "SARTAJ 5252 XM WITH SMHD CARGO BOX BSIII",
  "FARMTECH AGRO INDUSTRIES": "FARMTECHRO",
  "YAMAHAM(I)": "YAMAHA",
  "APE AUTO": "APE",
  "VOLKS WAGON": "VOLKSWAGEN",
  "NEW LEADER AGRO ENGINEERING WORKS": "NEW LEADERRO ENGINEERING",
  "SHIV TRAILOR INDUSTRIES": "SHIV TRAILOR",
  "MARUTI WAGON RVXI BSIV": "MARUTI WAGON RVXI BSIV",
  "ELECTROTHERM (INDIA) LIMITED": "ELECTROTHERM",
  "HYUNDAI MOTOR COMPANY": "HYUNDAI",
  "India Yamaha Motor Pvt Ltd": "YAMAHA",
  "MGM ENGG WORKS": "MGM ENGG",
  "KALPATARU AGROTECH": "KALPATARUROTECH",
  "DAVE EXIM PVT LTD": "DAVE EXIM",
  "VE Commercial Vehicles Ltd": "VE COMMERCIAL",
  "INDUS ELECTROTHERM INDIA LTD": "INDUS ELECTROTHERM",
  "M/S VOLKSWAGE AG 38436WOLFBURG": "M/S VOLKSWAGE 38436WOLFBURG",
  "CATERPILLAR (SOZHOU) CO LTD": "CATERPILLAR (SOZHOU) CO",
  "Kubota Agricultural Machinery India Pvt.Ltd.": "KUBOTARICULTURAL MACHINERYLTD",
  "EULER MOTORS PVT LTD": "EULER",
  "TATA NANO LX BS-IV": "TATA NANO LX BS-IV",
  "MAHINDRA INERNATIONAL LTD": "MAHINDRA INERNATIONAL",
  "TATA- ALTROZ XZ 1.2 RTN BS6 BSVI": "TATA- ALTROZ XZ 12 RTN BS6 BSVI",
  "AMAZE 1.2 VX CVT(I-VTEC) BSVI": "AMAZE 12 VX CVT(I-VTEC) BSVI",
  "DHILLON COMBINE AGRO INDUSTRY": "DHILLON COMBINERO",
  "PATEL INDUSTRIES": "PATEL",
  "KAPTECH INDIA PVT LTD": "KAPTECH",
  "HINDUSTAN MOTORS LIMITED": "HINDUSTAN",
  "MARUTI ERTIGA ZXI (O) CNG 1.5L 5MT BSVI-PH2": "MARUTI ERTIGA ZXI (O) CNG 15L 5MT BSVI-PH2",
  "AMARJEET HARVESTER INDUSTRY": "AMARJEET HARVESTER",
  "MARUTI EECO 5 STR AC 1.2L 5MT BSVI": "MARUTI EECO 5 STR AC 12L 5MT BSVI",
  "SANY INDIA": "SANY",
  "KISHAN AGRO INDUSTRIES": "KISHANRO",
  "M/S K.S. AGROTECH PVT LTD": "M/S KSROTECH",
  "YUSUF KHAN ENGINEERING WORKS": "YUSUF KHAN ENGINEERING",
  "KOMATSU LTD JAPAN": "KOMATSU JAPAN",
  "GODREJ & BOYCE MFG. CO. LTD": "GODREJ & BOYCE MFG",
  "\u00c5\u00a0KODA SLAVIA 1.0L TSI 85KW AT AMBITION. BSVI-PH2": "KODA SLAVIA 10L TSI 85KW AT AMBITION BSVI-PH2",
  "PORSCHE": "PORSCHE",
  "HINO MOTORS LIMITED": "HINO",
  "YAMAHA MOTOR ESCORTS LIMITED": "YAMAHA ESCORTS",
  "XUV700 MX PET MT 5 SEATER BSVI": "XUV700 MX PET MT 5 SEATER BSVI",
  "R R ENGINEERING WORKS": "R R ENGINEERING",
  "KARUMALAIAN AGRO INDUSTRY \u00a0\u00a0\u00a0\u00a0": "KARUMALAIANRO",
  "MOPEDS INDIA LTD": "MOPEDS",
  "PUNJAB AGRO INDUSTRIES": "PUNJABRO",
  "SUZUKIMCY ": "SUZUKIMCY",
  "EICHER PRO 3018 PLUS J SLEEPER CAB& HSD SL BSVI-PH2": "EICHER PRO 3018 PLUS J SLEEPER CAB& HSD SL BSVI-PH2",
  "ENFIELD INDIA LIMITED": "ROYAL ENFIELD",
  "SRI RAMA TRALLY INDUST KNR": "SRI RAMA TRALLY INDUST KNR",
  "RAMGARH TRACTORS": "RAMGARH TRACTORS",
  "GIAN AGRO INDUSTRIES": "GIANRO",
  "Force Motors Limited, A Firodia Enterprise": "FORCE, A FIRODIA ENTERPRISE",
  "NIRMAL BROTHER": "NIRMAL BROTHER",
  "MAHINDRA XUV5OO FWD W11 BSIV": "MAHINDRA XUV5OO FWD W11 BSIV",
  "RAMGARHIA ENGG WORKS": "RAMGARHIA ENGG",
  "ZERMANS INNOVATIETECHNOLOGIES": "ZERMANS INNOVATIETECHNOLOGIES",
  "MINI METRO EV L.L.P": "MINI METRO EV LLP",
  "BHARAT MOTORS": "BHARAT",
  "MOPEDS INDIA LTD \u00a0\u00a0\u00a0\u00a0\u00a0\u00a0\u00a0\u00a0\u00a0\u00a0\u00a0\u00a0\u00a0": "MOPEDS",
  "EICHER PRO 3019 S SLEEPER COWL & CHASSIS BSVI": "EICHER PRO 3019 S SLEEPER COWL & CHASSIS BSVI",
  "A K GUPTA & CO.": "A K GUPTA & CO",
  "5TONS 2WH TRAILER WATER TANKER IRON BODY": "5TONS 2WH TRAILER WATER TANKER IRON BODY",
  "MARUTI- BALENO DELTA- PETROL BSVI": "MARUTI- BALENO DELTA- PETROL BSVI",
  "Test Maker 06": "TEST MAKER 06",
  "ACTION CONST. EQUIP(P) LTD.": "ACTION CONST EQUIP(P)",
  "NISSAN. MAGNITE MT XL BSVI": "NISSAN MAGNITE MT XL BSVI",
  "RAM CHANDER & SONS": "RAM CHANDER & SONS",
  "HECTOR- GASOLINE 1.5 TCIC DCT SHARP BSVI": "HECTOR- GASOLINE 15 TCIC DCT SHARP BSVI",
  "MANAK AGRO TECH PVT. LTD": "MANAKRO TECH",
  "SKODA SLAVIA 1.0L TSI 85KW MT AMBITION BSVI": "SKODA SLAVIA 10L TSI 85KW MT AMBITION BSVI",
  "LAKSHYA AUTO SALES CORPORATION": "LAKSHYA SALES",
  "TATA NEXON XZ+ 1.2RTN BS6 BSVI": "TATA NEXON XZ+ 12RTN BS6 BSVI",
  "PRABHAT ENGG WORKS VIKARABAD": "PRABHAT ENGG VIKARABAD",
  "MARUTI SWIFT VXI 1.2L ISS 5MT BSVI": "MARUTI SWIFT VXI 12L ISS 5MT BSVI",
  "HYUNDAI MOTOR INDIA": "HYUNDAI",
  "M/S MAHINDRA  LTD": "M/S MAHINDRA",
  "FORD ECOSPORT 1.5 DIESEL TITANIUM MT BSVI": "FORD ECOSPORT 15 DIESEL TITANIUM MT BSVI",
  "UE2820/39R -NRS-7CUM-RMC-295/95D20 BSVI": "UE2820/39R -NRS-7CUM-RMC-295/95D20 BSVI",
  "DOST RLS FSD-PS-185R14C;8PR BSVI": "DOST RLS FSD-PS-185R14C;8PR BSVI",
  "I20 SPORTZ 1.5 CRDI MT BSVI": "I20 SPORTZ 15 CRDI MT BSVI",
  "MARUTI DZIRE VXI 1.2L ISS 5MT BSVI": "MARUTI DZIRE VXI 12L ISS 5MT BSVI",
  "ANAND AGRO IND LTD": "ANANDRO IND",
  "VEERASAMY ENGG. WORKS": "VEERASAMY ENGG",
  "MAHINDRA TWO WHEELERS PVT LTD": "MAHINDRA TWO WHEELERS",
  "ATLAS AUTO INDUSTRIES": "ATLAS",
  "MAHAVIR TRACTOR AND IMPLEMENTS": "MAHAVIR TRACTOR AND IMPLEMENTS",
  "SHAMSER STD.CO.LTD.": "SHAMSER STDCOLTD",
  "PINNACLE MOBILITY SOLUTIONS PVT LTD": "PINNACLE MOBILITY SOLUTIONS",
  "LINK AGRO ENGINEERING WORKS": "LINKRO ENGINEERING",
  "AVTAR ENGINEERING WORKS": "AVTAR ENGINEERING",
  "PARAS INDUSTRIES": "PARAS",
  "TATA ZEST XT QJET 90PS ABS BSIV": "TATA ZEST XT QJET 90PS ABS BSIV",
  "THE NEW MYSORE ENG. WORKS": "THE NEW MYSORE ENG",
  "FARMER TRACTOR, METODA G.I.D.C.": "FARMER TRACTOR, METODA GIDC",
  "MARUTI WAGON-R VXI (O) BSIV": "MARUTI WAGON-R VXI (O) BSIV",
  "APOLLO CONSTRUCTION EQUIPMENTS PVT LTD": "APOLLO CONSTRUCTION EQUIPMENTS",
  "A P I MOTORS PVT LTD": "A P I",
  "DCM DAEWOO MOTOR LTD": "DCM DAEWOO",
  "VIKRAM AUTO LTD": "VIKRAM",
  "CNH INDUSTRIAL (INDIA PVT LTD": "CNH INDUSTRIAL (INDIA",
  "TN SMALL INDUSTRIES CORP LTD": "TN SMALL",
  "LIEBHERR": "LIEBHERR",
  "MAHINDR &amp; MAHINDRA LTD": "MAHINDR &AMP; MAHINDRA",
  "GANI AUTOMOBILE INDUSTRIES": "GANI",
  "CLAAS INDIA PVT LTD": "CLAAS",
  "NAZAR SINGH AND SONS": "NAZAR SINGH AND SONS",
  "Atul Auto Ltd": "ATUL",
  "SHEHAL PREET ENGG WORKS": "SHEHAL PREET ENGG",
  "XCENT 1.2 CRDI SX BSIV": "XCENT 12 CRDI SX BSIV",
  "SHRI RAM TRAILOR": "SHRI RAM TRAILOR",
  "DISPOSAL TRACTOR": "DISPOSAL TRACTOR",
  "ROLLS-ROYCE MOTOR CARS(IMPORTER:SELECT CARS P LTD)": "ROLLS-ROYCE CARS(IMPORTER:SELECT CARS P",
  "GAHIR AGRICULTURE INDUSTRIES": "GAHIRRICULTURE",
  "SWARAJMZD.": "SWARAJ",
  "CRETA 1.6 CRDI SX(O) BSIV": "CRETA 16 CRDI SX(O) BSIV",
  "V G SALES INDIA PVT LTD": "V G SALES",
  "MARUTI ERTIGA SMART HYBRID ZXI+ BSIV": "MARUTI ERTIGA SMART HYBRID ZXI+ BSIV",
  "PRIYA CRANES": "PRIYA CRANES",
  "LPK 2518 TC 6X4 BSIII HT NS CAB CEMENT MIXER": "LPK 2518 TC 6X4 BSIII HT NS CAB CEMENT MIXER",
  "ZS ASTOR VTI-TECH CVT SAVVY RED BSVI": "ZS ASTOR VTI-TECH CVT SAVVY RED BSVI",
  "HAZRA ENGINEERING WORKS": "HAZRA ENGINEERING",
  "ROYAL ENF.": "ROYAL ENFIELD",
  "KARMA MECHANICAL WORKS": "KARMA MECHANICAL",
  "AUDI Q3 35 TDI QUATTRO BSIV": "AUDI Q3 35 TDI QUATTRO BSIV",
  "KINETIC GREEN ENERGY & POWER SOLUTIONS LTD": "KINETIC GREEN ENERGY & POWER SOLUTIONS",
  "AUDI CAR IMPORTED": "AUDI CAR IMPORTED",
  "ARUNACHALA TRAILERS": "ARUNACHALA TRAILERS",
  "TOYOTA MOTOR EUROPE N.V S.A": "TOYOTA EUROPE NV SA",
  "BGAUSS AUTO PVT LTD": "BGAUSS",
  "Mahindra & Mahindra Limited (Swaraj Division)": "MAHINDRA (SWARAJ DIVISION",
  "GURDEEP ENGINEERING WORKS": "GURDEEP ENGINEERING",
  "WILLYS MOTORS": "WILLYS",
  "MARUTI ERTIGA SMART HYBRID ZDI BSIV": "MARUTI ERTIGA SMART HYBRID ZDI BSIV",
  "TEDC LTD": "TEDC",
  "GURJEET AGRO INDUSTRIES": "GURJEETRO",
  "MARUTI ALTO K10 VXI AMT BSIV": "MARUTI ALTO K10 VXI AMT BSIV",
  "TATA NEXON EV XZ+ LUX BOV": "TATA NEXON EV XZ+ LUX BOV",
  "VERNA 1.6 CRDI SX BSIV": "VERNA 16 CRDI SX BSIV",
  "S-CAB- 2WD CBC HR BSVI": "S-CAB- 2WD CBC HR BSVI",
  "SAKTHI GANESH AUTO SERVICE": "SAKTHI GANESH SERVICE",
  "NARMADA INDUSTRIES": "NARMADA",
  "GURUKRAPA ENGINEERING WORKS": "GURUKRAPA ENGINEERING",
  "SUPER METRO INDUSTRIES": "SUPER METRO",
  "MANPREET AGRO INDUSTIRES NABHA": "MANPREETRO INDUSTIRES NABHA",
  "KARUPPIAH LATH DESHIN WORKS": "KARUPPIAH LATH DESHIN",
  "GURDEEP AGRO  INDUSTRIES": "GURDEEPRO",
  "SML ISUZU Ltd": "SML ISUZU",
  "ASHOK LELYAND": "LEYLAND",
  "MORRIS MOTORS LTD": "MORRIS",
  "SAKSHAM TECH AUTO": "SAKSHAM TECH",
  "JAI DURGA AGRICULTURAL WORKS": "JAI DURGARICULTURAL",
  "BHARATBENZ 2826C 6X4 N3G-4 BSVI-PH2": "BHARATBENZ 2826C 6X4 N3G-4 BSVI-PH2",
  "MARUTI BALENO DELTA BSIV": "MARUTI BALENO DELTA BSIV",
  "ROVER COMPANY": "ROVER",
  "M/S BHARAT TRAILERS": "M/S BHARAT TRAILERS",
  "PREET TRACTORS PVT LTD": "PREET",
  "M/S SRI SITSRAMA INDUSTRIES": "M/S SRI SITSRAMA",
  "ANDAVAR INDUSTRIES": "ANDAVAR",
  "ANDHRA PRADESH SCOOTERS LTD \u00a0\u00a0": "ANDHRA PRADESH SCOOTERS",
  "K D AGRO INDUSTRIES": "K DRO",
  "JEJANI TRACORT": "JEJANI TRACORT",
  "MAHINDRA  MAHINDRA LIMITED": "MAHINDRA",
  "POLO TSI AT BSVI- HIGHLINE PLUS BSVI": "POLO TSI AT BSVI- HIGHLINE PLUS BSVI",
  "MAHINDRA  INTERNATIONAL  LTD": "MAHINDRA INTERNATIONAL",
  "Suzuki Motorcycle India Pvt Ltd": "SUZUKICYCLE",
  "M/S CORONA BUS MANUFACTURER PVT LTD": "M/S CORONA BUS MANUFACTURER",
  "PRINCE AGRO WORKS": "PRINCERO",
  "MARUTI DZIRE VXI 1.2L 5 MT BSVI": "MARUTI DZIRE VXI 12L 5 MT BSVI",
  "DHANALAKSHMI ENGINEERING WORKS": "DHANALAKSHMI ENGINEERING",
  "RAMON INDUSTRIES": "RAMON",
  "HIRA COMBINES PRIVATE LTD": "HIRA COMBINES",
  "DURGA ENGINEERING WORKS": "DURGA ENGINEERING",
  "DIAMOND ENGG,CTC": "DIAMOND ENGG,CTC",
  "Tata Passenger Electric Mobility Ltd": "TATA",
  "ASIA MOTORWORKS LTD": "ASIAWORKS",
  "DAIMLER INDIA COMM VEH PVT LTD": "DAIMLER COMM VEH",
  "RENAULT TRIBER RXZ PETROL EASY-R 1.0L ECE BSVI": "RENAULT TRIBER RXZ PETROL EASY-R 10L ECE BSVI",
  "KINETIC MOTOR COMPANY LTD": "KINETIC",
  "ISHWAR FARMLINE EQUIPMENTS PRIVATE LIMITED": "ISHWAR FARMLINE EQUIPMENTS",
  "JANTA SUPER TRAILOR": "JANTA SUPER TRAILOR",
  "TOYOTA KIRLOSKAR MOT": "TOYOTA",
  "BRITANNI": "BRITANNI",
  "HITECH AGRO INDUSTRIES": "HITECHRO",
  "LOVATE LOVATEK": "LOVATE LOVATEK",
  "RENAULTKWID CLIMBER OPT PETROLEASY-R1.0SCE BSVI": "RENAULTKWID CLIMBER OPT PETROLEASY-R10SCE BSVI",
  "JEEP CHEROKEE": "JEEP CHEROKEE",
  "DR.ING.HCF.PORCHE AGPLATZI STU": "DRINGHCFPORCHEPLATZI STU",
  "GRAND I10 MAGNA- 1.2 BSIV": "GRAND I10 MAGNA- 12 BSIV",
  "SHRI KARUPPIAH DESIGN WORKS": "SHRI KARUPPIAH DESIGN",
  "Force Motors Limited": "FORCE",
  "VENTESWARA ENGG WORKS": "VENTESWARA ENGG",
  "KAISER WILLYS JEEP": "KAISER WILLYS JEEP",
  "PRINCE": "PRINCE",
  "AUTOMOTIVE INDIA PVT LTD": "AUTOMOTIVE",
  "RELIANT ANDERSON INTL": "RELIANT ANDERSON INTL",
  "INDO FARM EQUIPMENT LTD": "INDO FARM EQUIPMENT",
  "BIJNOR ENTERPRISES": "BIJNOR ENTERPRISES",
  "CRETA 1.6 VTVT SX+SE BSIV": "CRETA 16 VTVT SX+SE BSIV",
  "LPT 4825 10X2 TRK CHASS COWL WTH WINSHIELD BSVI": "LPT 4825 10X2 TRK CHASS COWL WTH WINSHIELD BSVI",
  "PARDEEP AGRO INDUSTRY": "PARDEEPRO",
  "DASMESH-912(4X4)TRPCHARVESTERWJOHND5075ETR BSIII": "DASMESH-912(4X4)TRPCHARVESTERWJOHND5075ETR BSIII",
  "MARUTI IGNIS ZETA 1.2L AGS BSVI": "MARUTI IGNIS ZETA 12LS BSVI",
  "3DX  2WD BACKHOE LOADER BSIII": "3DX 2WD BACKHOE LOADER BSIII",
  "ASHOK STEEL INDU": "ASHOK STEEL INDU",
  "TWINKLE TRADCOM PVT LTD": "TWINKLE TRADCOM",
  "CHERVOLET": "CHERVOLET",
  "SHRI RAM AUTO TECH PVT LTD": "SHRI RAM TECH",
  "MARUTI - ERTIGA VXI CNG 1.5L 5MT BSVI": "MARUTI - ERTIGA VXI CNG 15L 5MT BSVI",
  "MARUTI- SWIFT VXI 1.2L AGS BSVI": "MARUTI- SWIFT VXI 12LS BSVI",
  "TRACLAXX TRACTORS PVT.LTD": "TRACLAXX TRACTORSLTD",
  "GRAND I10 NIOS 1.2 MT KAPPA SPORTZ BSVI": "GRAND I10 NIOS 12 MT KAPPA SPORTZ BSVI",
  "KIA CARENS D1.5 CRDI VGT 6MT PRESTIGE + 7 BSVI": "KIA CARENS D15 CRDI VGT 6MT PRESTIGE + 7 BSVI",
  "GARWARE MOTORS LIMITED": "GARWARE",
  "CHEVROLET": "CHEVROLET",
  "AMAR AGRO IND LTD": "AMARRO IND",
  "AMBIKA INDUSTRIES": "AMBIKA",
  "EICHER PRO 1110 H CAB & HSD 19 FT BSIII": "EICHER PRO 1110 H CAB & HSD 19 FT BSIII",
  "EICHER PRO 1114XP F CAB & HSD BSIV": "EICHER PRO 1114XP F CAB & HSD BSIV",
  "PUGHAZ TRAILER": "PUGHAZ TRAILER",
  "CADILLAC - IMPORTED": "CADILLAC - IMPORTED",
  "JEEP COMPASS LIMITED PLUS 1.4 MAIR DDCT BSIV": "JEEP COMPASS PLUS 14 MAIR DDCT BSIV",
  "SUZIKI MOTORCYCLE (I) PVT LTD": "SUZIKICYCLE",
  "NISSAN MOTOR CO.LTD": "NISSANLTD",
  "KIRLOSKAR OIL ENGINES LIMITED": "KIRLOSKAR OIL ENGINES",
  "MEHBOOB GENERAL ENGINEERING WORKS": "MEHBOOB GENERAL ENGINEERING",
  "M/S GOLDEN AGRO ENGINEERING WORKS": "M/S GOLDENRO ENGINEERING",
  "S R AGRICULTURE EQUIPMENTS CO (P) LTD": "S RRICULTURE EQUIPMENTS CO",
  "BHARATH AGRO PRODUCTS": "BHARATHRO PRODUCTS",
  "MARUTI SWIFT-VDI BSIV": "MARUTI SWIFT-VDI BSIV",
  "ACTIVA 5GWEAS&KS&DCBS(CBS)WSEHEETWHEEL BSIV": "ACTIVA 5GWEAS&KS&DCBS(CBS)WSEHEETWHEEL BSIV",
  "SHRI SHEETHALA BAJALI MOTORS": "SHRI SHEETHALA BAJALI",
  "KAMAZ VECTRA MOTORS LTD.": "KAMAZ VECTRA",
  "SAI KRUPA ENGG WORKS,BHMPUR": "SAI KRUPA ENGG,BHMPUR",
  "EICHER PRO2114XP H CAB&HSD BSVI-PH2": "EICHER PRO2114XP H CAB&HSD BSVI-PH2",
  "NEEDLE EYE PLASTIC INDUSTRIES PVT LTD": "NEEDLE EYE PLASTIC",
  "LAKSHMI AGRO INDUSTRIES": "LAKSHMIRO",
  "11.10 HD RHD G CAB & HSD BSII": "1110 HD RHD G CAB & HSD BSII",
  "YASEEN AGRO INDU": "YASEENRO INDU",
  "RUPAL AGRO INDUSTRIES": "RUPALRO",
  "GRAND I10 MAGNA 1.2 BSIV": "GRAND I10 MAGNA 12 BSIV",
  "ESCORT JCB LTD": "JCB",
  "POLO TSI MT BSVI- HIGHLINE PLUS BSVI": "POLO TSI MT BSVI- HIGHLINE PLUS BSVI",
  "SHAKTI AUTO LTD": "SHAKTI",
  "Y.C.ELECTRIC VEHICLE": "YCELECTRIC",
  "UJ3520/52 T TIP-BOGIE-22CUM BB--295/90R20 BSVI": "UJ3520/52 T TIP-BOGIE-22CUM BB--295/90R20 BSVI",
  "HERO PUCH": "HERO PUCH",
  "LAMBY MOTORS LTD": "LAMBY",
  "PARTAP STEELS": "PARTAP STEELS",
  "XUV700 AX7 DSL MT 7 SEATER BSVI": "XUV700 AX7 DSL MT 7 SEATER BSVI",
  "AKAL AGRO INDUSTRY": "AKALRO",
  "SITARAM INDUSTRIES": "SITARAM",
  "MARUTI VITARA BREZZA ZXI 1.5L5MT BSVI": "MARUTI VITARA BREZZA ZXI 15L5MT BSVI",
  "VW TAIGUN 1.0L TSI 85KW AT HIGHLINE BSVI": "VW TAIGUN 10L TSI 85KW AT HIGHLINE BSVI",
  "ASHA INDUSTRIES": "ASHA",
  "AUTOCROLA INDIA LTD": "AUTOCROLA",
  "KIASONET SMARTSTREAM G1.2 5MT HTK PLUS BSVI": "KIASONET SMARTSTREAM G12 5MT HTK PLUS BSVI",
  "VERSATILE ENGINEERING SERVICES": "VERSATILE ENGINEERING SERVICES",
  "RASANDIK ENGINEERING": "RASANDIK ENGINEERING",
  "SRI LAXMI ENGINEERING & MOTOR": "SRI LAXMI ENGINEERING &",
  "SHRI HARI AUTO": "SHRI HARI",
  "YANMAR CONST EQUIP CO": "YANMAR CONST EQUIP CO",
  "DAEWOOMOT.": "DAEWOO",
  "MAHINDRA XUV 300W8(O) DSL MT BSIV": "MAHINDRA XUV 300W8(O) DSL MT BSIV",
  "SHIVASHAKTHI ENG WORKS": "SHIVASHAKTHI ENG",
  "JEEVA TRAILERS": "JEEVA TRAILERS",
  "2516 XL  TUSKER SUPER 6X2 BSIII": "2516 XL TUSKER SUPER 6X2 BSIII",
  "TATA NEXON XZ+(P) 1.2 RTN BS6 BSVI": "TATA NEXON XZ+(P) 12 RTN BS6 BSVI",
  "MANPREET AGRO INDUSTRIES": "MANPREETRO",
  "SAMRAT WITH CARGO BOX  ELWB 4760 BSIV": "SAMRAT WITH CARGO BOX ELWB 4760 BSIV",
  "J. S. AUTO (P LTD": "J S (P",
  "REVA ELECTRIC CAR CO": "REVA ELECTRIC CAR CO",
  "MARUTI SWIFT-VDI; BSIV": "MARUTI SWIFT-VDI; BSIV",
  "MARUTISWIFT DZIRE ZDI BSIV": "MARUTI",
  "WILLYS MOTORS LTD": "WILLYS",
  "A3T INCORPORTED": "A3T INCORPORTED",
  "MAHA MOHAN 5246": "MAHA MOHAN 5246",
  "SCORPIO-N D AT 2WD Z8L 7S BSVI-PH2": "SCORPIO-N D AT 2WD Z8L 7S BSVI-PH2",
  "DOST RLS-FSD-PS -185R14C;8PR BSVI": "DOST RLS-FSD-PS -185R14C;8PR BSVI",
  "MAHINDRA XUV3OO W6 DS MT BSVI": "MAHINDRA XUV3OO W6 DS MT BSVI",
  "PANESAR AGRICULTURE INDUSTRIES": "PANESARRICULTURE",
  "AZAD HIND ENGINEERING WORKS": "AZAD HIND ENGINEERING",
  "HERO MAJESTIC LIMITED": "HERO MAJESTIC",
  "MAHINDRA SUPRO MINITRUCK VX BSVI": "MAHINDRA SUPRO MINITRUCK VX BSVI",
  "F15 WITH OUTRIGGER & CO-DRIVER BSIII": "F15 WITH OUTRIGGER & CO-DRIVER BSIII",
  "TATA ACE GOLD DIESEL LOWDECK LOADBODY BSVI-PH2": "TATA ACE GOLD DIESEL LOWDECK LOADBODY BSVI-PH2",
  "EXPO MACHINERY LTD": "EXPO MACHINERY",
  "SCORPIO-N D MT 2WD Z8L 7S BSVI": "SCORPIO-N D MT 2WD Z8L 7S BSVI",
  "RAJAN  INDUSTRIES": "RAJAN",
  "ASHOK LEYLAND DEFENCE SYSTEMS LTD": "LEYLAND",
  "SUN MOTORS": "SUN",
  "ARIHANT ENTERPRISE": "ARIHANT ENTERPRISE",
  "MARUTI -BALENO ZETA- PETROL BSVI": "MARUTI -BALENO ZETA- PETROL BSVI",
  "INTERNATIONAL TRACTORS LTD.": "INTERNATIONAL TRACTORS",
  "DIVANSHU AUTOMOBILES LIMITED": "DIVANSHUS",
  "GOTTWALD": "GOTTWALD",
  "S-CAB- 2WD HR BSVI": "S-CAB- 2WD HR BSVI",
  "MAHINDRA \u00a0LTD": "MAHINDRALTD",
  "KRUPPA  PVT LTD": "KRUPPA",
  "INDWELL CONSTR P LTD": "INDWELL CONSTR P",
  "MARUTI - WAGON R VXI 1 ISS AGS BSVI": "MARUTI - WAGON R VXI 1 ISSS BSVI",
  "HONDA MOTORS": "HONDA",
  "I20  ASTA BS IV": "I20 ASTA BS IV",
  "VERNA-1.6 VTVT AUTO SX(O) BSIV": "VERNA-16 VTVT SX(O) BSIV",
  "HI-TECH INDUSTRIES": "HI-TECH",
  "VEHICLE FACTORY JABALPUR": "VEHICLE FACTORY JABALPUR",
  "MARUTI ERTIGA SHVS VDI BSIV": "MARUTI ERTIGA SHVS VDI BSIV",
  "DEWAN AGRICULTURE WORKS": "DEWANRICULTURE",
  "SKODA KUSHAQ 1.5L TSI (110KW) AT STYLE BSVI": "SKODA KUSHAQ 15L TSI (110KW) AT STYLE BSVI",
  "CA1415/39 H FBL/17FTFSD BSVI": "CA1415/39 H FBL/17FTFSD BSVI",
  "BHODAY AGRO INDUSTRIES": "BHODAYRO",
  "ROOPRAI AGRO INDUSTRIES": "ROOPRAIRO",
  "GKON ELECTRIC MOTOR VEHICLES PVT LTD": "GKON ELECTRIC",
  "Skoda Auto Volkswagen India Pvt Ltd": "VOLKSWAGEN",
  "CLAAS INDIA P LTD": "CLAAS P",
  "CHARDI KALAN AGRO INDUSTRIES": "CHARDI KALANRO",
  "VENKATESHWARA ENGINEERING WORK": "VENKATESHWARA ENGINEERING WORK",
  "MAHINDRA TOURISTER 25 MDI SB 32S EXL SCH BSIV": "MAHINDRA TOURISTER 25 MDI SB 32S EXL SCH BSIV",
  "EVOLUTION AUTOTECH": "EVOLUTIONTECH",
  "DOST RLS FSD BSIV": "DOST RLS FSD BSIV",
  "TATA- ALTROZ XM 1.2 RTN BS6 BSVI": "TATA- ALTROZ XM 12 RTN BS6 BSVI",
  "HAMPI TRACTORS": "HAMPI TRACTORS",
  "MAHINDRA \u00a0MAHINDRA LTD": "MAHINDRAMAHINDRA",
  "ANNAI ENGINEERING WORKS": "ANNAI ENGINEERING",
  "INTERNATIONAL TRACTORS LTD": "INTERNATIONAL TRACTORS",
  "GOBINDA MOTOR WORKS": "GOBINDA",
  "MONTANA": "MONTANA",
  "BSMS AGRICULTURE WORKSHOP": "BSMSRICULTUREHOP",
  "RASANDIK ENGINEERING INDUSTRIES INDIA LTD": "RASANDIK ENGINEERING",
  "JBM INDUSTRIES LIMITED": "JBM",
  "TATA ALTROZ XZ+ 1.5 RTQ BS6 BSVI": "TATA ALTROZ XZ+ 15 RTQ BS6 BSVI",
  "CHAMPION POLY PLAST": "CHAMPION POLY PLAST",
  "MEENAMBAL ENGG  INDUSTRIES": "MEENAMBAL ENGG",
  "SAGGU AGRO INDUSTRIES": "SAGGURO",
  "KALSI AGRICULTURAL WORKS": "KALSIRICULTURAL",
  "URAL INDIA LTD.": "URAL",
  "MAHALINGA ENGG. INDUSTRIES \u00a0": "MAHALINGA ENGG",
  "MAHINDRA &amp; MAHINDRA LIMITED": "MAHINDRA &AMP; MAHINDRA",
  "MARUTI XL6 SMART HYBRID ALPHA BSVI": "MARUTI XL6 SMART HYBRID ALPHA BSVI",
  "AYISHA AGRO INDUSTRIES": "AYISHARO",
  "3718IL TYRE 10.00 R 20: 16 PR BSIII": "3718IL TYRE 1000 R 20: 16 PR BSIII",
  "MARUTI BREZZA SMART HYBRID VXI 1.5L 5MT BSVI": "MARUTI BREZZA SMART HYBRID VXI 15L 5MT BSVI",
  "XUV700 AX5 PET AT 5 SEATER BSVI": "XUV700 AX5 PET AT 5 SEATER BSVI",
  "MUNDE MECHANICAL WORKS": "MUNDE MECHANICAL",
  "THE TRUE SAI WORKS": "THE TRUE SAI",
  "SATNAM AGRO ENGINEERING": "SATNAMRO ENGINEERING",
  "REHOBATH MOTORS": "REHOBATH",
  "ARJAN AGRICULTURE WORKS": "ARJANRICULTURE",
  "SAGGU AGRO INDUSTRIES (REGD)": "SAGGURO (REGD",
  "JUPITER 125 FAW DISC & REAR AW DBM BSVI": "JUPITER 125 FAW DISC & REAR AW DBM BSVI",
  "MAESTRO - DELUXE  BSIII": "MAESTRO - DELUXE BSIII",
  "ANAMALAI TRACTOR": "ANAMALAI TRACTOR",
  "PIAGGIO(AP1)": "PIAGGIO(AP1",
  "NEW GOBIND AGRO INDUSTRIES": "NEW GOBINDRO",
  "CHEVROLET TAVERA M7A BS3": "CHEVROLET TAVERA M7A BS3",
  "HD HYUNDAI CONSTRUCTION EQUIPMENT INDIA PVT LTD": "HD HYUNDAI CONSTRUCTION EQUIPMENT",
  "MARUTI-DZIRE VXI BSIV": "MARUTI-DZIRE VXI BSIV",
  "MAHINDRA XUV3OO W8(O) DS MT BSVI": "MAHINDRA XUV3OO W8(O) DS MT BSVI",
  "NEW GOLDEN AGRICULTURE": "NEW GOLDENRICULTURE",
  "RSB AGRO INDUSTRIES": "RSBRO",
  "DALIP SINGH AND SONS": "DALIP SINGH AND SONS",
  "SAATHI TRADING CO": "SAATHI TRADING CO",
  "YEZDI MOTORS LTD": "YEZDI",
  "MARUTI- ALTO LXI BSVI": "MARUTI- ALTO LXI BSVI",
  "3718COWL(L10450 BSIV": "3718COWL(L10450 BSIV",
  "TATA NEXON XZ+ DK RTNBS6PH2": "TATA NEXON XZ+ DK RTNBS6PH2",
  "MAHABOOB ENGINEERING WORKS": "MAHABOOB ENGINEERING",
  "GAYATHRY AGRO TRAILORS": "GAYATHRYRO TRAILORS",
  "MLR AUTO  LTD BALANAGAR": "MLR BALANAGAR",
  "OPEL": "OPEL",
  "Escorts Kubota Limited (construction Equipment)": "ESCORTS",
  "MARUTI BALENO ZETA 1.2L ISS AGS BSVI-PH2": "MARUTI BALENO ZETA 12L ISSS BSVI-PH2",
  "SRI SAI ENGINEERING WORKS": "SRI SAI ENGINEERING",
  "I20 SPORTZ 1.2 KAPPA MT BSVI": "I20 SPORTZ 12 KAPPA MT BSVI",
  "EVCO AUTOMOBILES PVT LTD": "EVCOS",
  "UNITED KINGDOM GROVE": "UNITED KINGDOM GROVE",
  "MARUTI  EECO  7  STR STD 1.2L 5MT BSVI-PH2": "MARUTI EECO 7 STR STD 12L 5MT BSVI-PH2",
  "VASANTHI AUTOMOBILES": "VASANTHIS",
  "CRANE KRAFT INDIA PRIVATE LIMITED": "CRANE KRAFT",
  "MARUTI IGNIS ZETA 1.2L 5MT BSVI": "MARUTI IGNIS ZETA 12L 5MT BSVI",
  "EIMCO ELECON": "EIMCO ELECON",
  "JOHN DHEERS INDIA PVT LTD": "JOHN DHEERS",
  "HONDA": "HONDA",
  "MODERN INDUSTRIES": "MODERN",
  "TOYOTA MOTOR CORPORATION": "TOYOTA",
  "MARUTI VITARA BREZZA ZDI+ BSIV": "MARUTI VITARA BREZZA ZDI+ BSIV",
  "MARUTI WAGON R ZXI+ 1.2L ISS 5MT BSVI-PH2": "MARUTI WAGON R ZXI+ 12L ISS 5MT BSVI-PH2",
  "LPT 3118 TC BSIII(8X2)COWL WB5205": "LPT 3118 TC BSIII(8X2)COWL WB5205",
  "SATWANT AGRO TECH": "SATWANTRO TECH",
  "MAHINDRA TRUCKS AND BUSES LTD": "MAHINDRA TRUCKS AND BUSES",
  "UNIQUE INTERNATIONAL": "UNIQUE INTERNATIONAL",
  "M/S RACE AUTOMOTIVE ( PVT)LTD": "M/S RACE ()LTD",
  "NARINDERA AGRO WORKS": "NARINDERARO",
  "AMAZE RDE VX MT (I-VTEC) BSVI": "AMAZE RDE VX MT (I-VTEC) BSVI",
  "SRI MARUTHI AGRICULTURAL INDUSTRY": "SRI MARUTHIRICULTURAL",
  "MARUTI MOTORS": "MARUTI",
  "SUPREME ZT54E D LWB DRIVE AWAY CHASSIS BSIV": "SUPREME ZT54E D LWB DRIVE AWAY CHASSIS BSIV",
  "TATA TIGOR XZ 1.2 RTN BS6 BSVI": "TATA TIGOR XZ 12 RTN BS6 BSVI",
  "MARUTI SWIFT VXI BS IV": "MARUTI SWIFT VXI BS IV",
  "M.S.LTD.": "MSLTD",
  "MARUTI SWIFT VXI BSVI": "MARUTI SWIFT VXI BSVI",
  "DM AGRO INDUSTERIES": "DMRO INDUSTERIES",
  "UNIVERSAL LTD": "UNIVERSAL",
  "DEV AGRO INDUSTRIES": "DEVRO",
  "EXECUTIVE LXAC BUS 22STR RSDWWINDOW FRAME BSIV": "EXECUTIVE LXAC BUS 22STR RSDWWINDOW FRAME BSIV",
  "VASHAN AGRICULTURE WORKS": "VASHANRICULTURE",
  "SIGNA4825.TK 10X2 FBTT SPCAB STDS 29C TBB1 BSVI": "SIGNA4825TK 10X2 FBTT SPCAB STDS 29C TBB1 BSVI",
  "SHRI MAHALAXMI AGRO IND": "SHRI MAHALAXMIRO IND",
  "HERO ELECTRIC VEHICLES PVT LTD": "HERO ELECTRIC",
  "NANDEESH \u00a0MOTORS": "NANDEESHMOTORS",
  "PUBANG ETRON ELECTRIC MOTOR PVT LTD": "PUBANG ETRON ELECTRIC",
  "LAL CHAND AGRICULTURE WORKS": "LAL CHANDRICULTURE",
  "CA1415/32 T TIP 7CU M BSVI-PH2": "CA1415/32 T TIP 7CU M BSVI-PH2",
  "2518C/4 RMC DAYCAB(10.00-20;16PR) BSIV": "2518C/4 RMC DAYCAB(1000-20;16PR) BSIV",
  "MARUTI ERTIGA SMARTHYBRID VXI(O) 1.5L 5MT BSVI": "MARUTI ERTIGA SMARTHYBRID VXI(O) 15L 5MT BSVI",
  "L&T-JOHN DEERE LTD": "L&T-JOHN DEERE",
  "AKSHAR AGRO LNDUSTRIES": "AKSHARRO LNDUSTRIES",
  "DOST RLS-FSD-PS-185R14LT8PR BSVI": "DOST RLS-FSD-PS-185R14LT8PR BSVI",
  "S.K.CARS LTD": "SKCARS",
  "SKODA KUSHAQ 1.0L TSI (85KW) MT AMBITION BSVI": "SKODA KUSHAQ 10L TSI (85KW) MT AMBITION BSVI",
  "JT SPECIAL VEHICLES PVT LTD": "JT SPECIAL",
  "S E ASIA CO": "S E ASIA CO",
  "M/S. OLECTRA GREENTECH LIMITED SECUNDERABAD": "M/S OLECTRA GREENTECH SECUNDERABAD",
  "MARUTI WAGON R LXI CNG 1L 5MT BSVI": "MARUTI WAGON R LXI CNG 1L 5MT BSVI",
  "AIMS FARM EQUIPMENTS PVT LTD": "AIMS FARM EQUIPMENTS",
  "CRETA 1.4 CRDI EX BSIV": "CRETA 14 CRDI EX BSIV",
  "BHARATBENZ 1617R 5100 HSD (5985X2365X2000) BSIV": "BHARATBENZ 1617R 5100 HSD (5985X2365X2000) BSIV",
  "YAMAHA MOTORS (I) LTD": "YAMAHA",
  "RESINGLASS AND FABS LTD": "RESINGLASS AND FABS",
  "DAIHATSU": "DAIHATSU",
  "TOYOTA ETIOS GD(M)BSIV": "TOYOTA ETIOS GD(M)BSIV",
  "PREET AGRO INDIA PVT LTD": "PREETRO",
  "MARUTI BREZZA SMART HYBRID VXI1.5L5MT BSVI-PH2": "MARUTI BREZZA SMART HYBRID VXI15L5MT BSVI-PH2",
  "RAMANJANEYA TRAILORS": "RAMANJANEYA TRAILORS",
  "SARASWATI ENGG": "SARASWATI ENGG",
  "WUXI SAIGE (IMPORTER: WARIVO MOTOR)": "WUXI SAIGE (IMPORTER: WARIVO",
  "MARUTISWIFT DZIRE-VXI BSIV": "MARUTI",
  "GRAND I10 SPORTZ 1.2 AUTO BSIV": "GRAND I10 SPORTZ 12 BSIV",
  "PUNJAB HI-TECH INDUSTRIES": "PUNJAB HI-TECH",
  "FRIENDS AGRO INDUSTRIES": "FRIENDSRO",
  "I20 ASTA (O) VTVT-BSIV": "I20 ASTA (O) VTVT-BSIV",
  "KATO NISSAN": "KATO NISSAN",
  "MARUTI-ALTO-800-LXI BSIV": "MARUTI-ALTO-800-LXI BSIV",
  "MARUTI SWIFT DZIRE TOUR DIESEL BSIV": "MARUTI SWIFT DZIRE TOUR DIESEL BSIV",
  "M/S KIA MOTORS INDIA PVT. LTD.": "M/S KIA",
  "GUJARAT TRACTOR CORP": "GUJARAT TRACTOR",
  "EICHER10.75E COWL&CHASSIS FACE/WITHOUTFACE BSIV": "EICHER1075E COWL&CHASSIS FACE/WITHOUTFACE BSIV",
  "KIA SELTOS SMARTSTREAM G1.5IVTHTXBSVI": "KIA SELTOS SMARTSTREAM G15IVTHTXBSVI",
  "MAHINDRA &amp;MAHINDRA LTD": "MAHINDRA &AMP;MAHINDRA",
  "MARUTI WAGON R ZXI+ 1.2L ISS 5MT BSVI": "MARUTI WAGON R ZXI+ 12L ISS 5MT BSVI",
  "1616 IL/1 BSIII": "1616 IL/1 BSIII",
  "JAYANTI AGRO CENTRES": "JAYANTIRO CENTRES",
  "JUBILANT MOTORS PVT LTD": "JUBILANT",
  "XCMG CONSTRUCTION MACHINERY CO. LTD.": "XCMG CONSTRUCTION MACHINERY",
  "BHARATBENZ 2528C 6X4-6 BSIV": "BHARATBENZ 2528C 6X4-6 BSIV",
  "M/S BHASKARA INDUSTRIES": "M/S BHASKARA",
  "BADA DOST I2TNDD-FSD-NON AC-215/75-R15-LT BSVI-PH2": "BADA DOST I2TNDD-FSD-NON AC-215/75-R15-LT BSVI-PH2",
  "ASHOKA ALLIED INDUSTRIES LTD": "ASHOKA ALLIED",
  "GULSHAN AGRO INDUSTRIES": "GULSHANRO",
  "TRATEC ENGINEERS PVT LTD": "TRATEC ENGINEERS",
  "LANSON MOTORS PVT LTD": "LANSON",
  "TATA- ALTROZ XE 1.2 RTN BS6 BSVI": "TATA- ALTROZ XE 12 RTN BS6 BSVI",
  "CHIRAG AUTO INDUSTRIES": "CHIRAG",
  "RENAULT TRIBER RXZ PETROL MT 1.0L ECE BSVI": "RENAULT TRIBER RXZ PETROL MT 10L ECE BSVI",
  "CLASSIC 500 BSIII": "CLASSIC 500 BSIII",
  "GREEN FIELD FARM EQPMTS PVT LTD": "GREEN FIELD FARM EQPMTS",
  "GUJARAT TRACTOR CORP LTD": "GUJARAT TRACTOR",
  "ANJANEYA AGRO LTD": "ANJANEYARO",
  "AUDI - IMPORTED": "AUDI - IMPORTED",
  "SCORPIO-N G AT 2WD Z8 7S BSVI-PH2": "SCORPIO-N G AT 2WD Z8 7S BSVI-PH2",
  "I20 ACTIVE CRDI SX BSIV": "I20 ACTIVE CRDI SX BSIV",
  "SRI SAI THIRUMALA ENG": "SRI SAI THIRUMALA ENG",
  "MAHINDRA SUPRO VX 8SEATER BSIV": "MAHINDRA SUPRO VX 8SEATER BSIV",
  "KIA SELTOS D1.5 CRDI VGT IMT HTK PLUS BSVI": "KIA SELTOS D15 CRDI VGT IMT HTK PLUS BSVI",
  "GUJARAT NARMADA AUTO": "GUJARAT NARMADA",
  "FV 4923 BSIII": "FV 4923 BSIII",
  "MARUTI - WAGON R VXI CNG 1L 5MT BSVI": "MARUTI - WAGON R VXI CNG 1L 5MT BSVI",
  "LOTIA  MOTORS  LTD": "LOTIA",
  "VANDANA INDUSTRIES": "VANDANA",
  "PREMIER ESOL TECHNOLOGIES": "PREMIER ESOL TECHNOLOGIES",
  "TOYOTA VELLFIRE HYBRID BSVI": "TOYOTA VELLFIRE HYBRID BSVI",
  "M/S AUDI SPORT GMBH": "M/S AUDI SPORT GMBH",
  "TOYOTA ETIOS GD (F) BSIV": "TOYOTA ETIOS GD (F) BSIV",
  "MARUTI S-PRESSO LXI (O) CNG 1L 5MT BSVI": "MARUTI S-PRESSO LXI (O) CNG 1L 5MT BSVI",
  "AASHI INDIA AUTOMOBILES PVT LTD": "AASHIS",
  "SRI SAI DURGA ENGG WORKS": "SRI SAI DURGA ENGG",
  "LAMBORGHINI GALLARDO SPYDER": "LAMBORGHINI GALLARDO SPYDER",
  "M K BROTHERS": "M K BROTHERS",
  "BHAMRA TRAILOR WORKS": "BHAMRA TRAILOR",
  "TATA NEXON EV 2.0 XZ+ BOV": "TATA NEXON EV 20 XZ+ BOV",
  "IPL TECH ELECTRIC PVT LTD": "IPL TECH ELECTRIC",
  "MAHINDRA XUV3OOW6 DS MT BSVI": "MAHINDRA XUV3OOW6 DS MT BSVI",
  "BANSURI AUTO PVT. LTD.": "BANSURI",
  "M/S DADAR ENGINEERING WORKS": "M/S DADAR ENGINEERING",
  "KRISHI ENGINEERING WORKS": "KRISHI ENGINEERING",
  "MARUTI-DZIRE VDI BSIV": "MARUTI-DZIRE VDI BSIV",
  "10.90 RHD H CAB HSD BS3": "1090 RHD H CAB HSD BS3",
  "GURU NANAK AGRO IND.": "GURU NANAKRO IND",
  "VW TAIGUN GT PLUS 1.5L TSI 110KW-DSG BSVI-PH2": "VW TAIGUN GT PLUS 15L TSI 110KW-DSG BSVI-PH2",
  "BHARDWAJ AGRO INDUSTRIES": "BHARDWAJRO",
  "MARUTI-CIAZ SMART HYBRID ALPHA BSIV": "MARUTI-CIAZ SMART HYBRID ALPHA BSIV",
  "MARUTI SWIFT VDI BS IV": "MARUTI SWIFT VDI BS IV",
  "KARNAVATI AUTO LTD": "KARNAVATI",
  "AGRAWAL RENEWABLE ENERGY PVT LTD": "AGRAWAL RENEWABLE ENERGY",
  "KOKILA ENGINEERING": "KOKILA ENGINEERING",
  "AVL ELECTRIC VEHICLES PVT LTD": "AVL ELECTRIC",
  "EICHER SKYLINE PRO 3009 L STAFF BUS (44+D) BSIV": "EICHER SKYLINE PRO 3009 L STAFF BUS (44+D) BSIV",
  "APM AUTO SALES": "APM SALES",
  "NEW FRIENDS INDUSTRIES": "NEW FRIENDS",
  "SHRI MEENAKSHI TRADERS": "SHRI MEENAKSHI TRADERS",
  "N.D. INDUSTRIES": "ND",
  "DHIMAN AGRO INDUSTRIES": "DHIMANRO",
  "RAJAJ AUTO LTD": "RAJAJ",
  "MAHINDRA RENAULT I PVT LTD": "MAHINDRA RENAULT I",
  "BESTWAY AGENCIES PVT LTD": "BESTWAYENCIES",
  "INDIAN AUTO RAYONS PVT LTD": "INDIAN RAYONS",
  "CITY 1.5 VX CVT (I-VTEC) BSIV": "CITY 15 VX CVT (I-VTEC) BSIV",
  "GAJENDRA TRAILERS LTD": "GAJENDRA TRAILERS",
  "MAHINDRA & MAHINDRA": "MAHINDRA",
  "VENUS AUTO WHEELS PVT LTD": "VENUS WHEELS",
  "VERITO D4 BSIV": "VERITO D4 BSIV",
  "DOOSAN BOBCAT INDIA PVT LTD": "DOOSAN BOBCAT",
  "CITY 5TH GEN V MT(I-VTEC) BSVI": "CITY 5TH GEN V MT(I-VTEC) BSVI",
  "DEMAG": "DEMAG",
  "FARM EQUIPMENT LTD": "FARM EQUIPMENT",
  "MARUTI - DZIRE VXI 1.2L AGS BSVI": "MARUTI - DZIRE VXI 12LS BSVI",
  "ZOOMLION": "ZOOMLION",
  "AVENGER 220-CRUISE BSIV": "AVENGER 220-CRUISE BSIV",
  "SANSAR COMBINE": "SANSAR COMBINE",
  "RAMA ENGINEERING WORKS": "RAMA ENGINEERING",
  "MARUTI WAGONR VXI 1L ISS 5MT BSVI-PH2": "MARUTI WAGONR VXI 1L ISS 5MT BSVI-PH2",
  "LPT 1212 DCR42CBC TRUCK CHASSIS WITH CAB BSVI": "LPT 1212 DCR42CBC TRUCK CHASSIS WITH CAB BSVI",
  "ALLWYN": "ALLWYN",
  "M/S SRI SAI RAMA AGRO WORKS": "M/S SRI SAI RAMARO",
  "ADITYA AGRO INDUSTRIES": "ADITYARO",
  "BALJEET KRISHI YANTRA": "BALJEET KRISHI YANTRA",
  "H. D. AUTOMOTIVES": "H DS",
  "SKODA KUSHAQ 1.0L TSI (85KW) AT AMBITION BSVI": "SKODA KUSHAQ 10L TSI (85KW) AT AMBITION BSVI",
  "PERUMAL TRAILERS": "PERUMAL TRAILERS",
  "MANKU AGRO TECH.PVT.LTD.": "MANKURO TECHPVTLTD",
  "GAHIR AGRICULTURAL INDUSTRIES": "GAHIRRICULTURAL",
  "BMW AG": "BMW",
  "TATA INDICA EV2 CR4 CRAIL LS BSIV": "TATA INDICA EV2 CR4 CRAIL LS BSIV",
  "MARUTI DZIRE ZXI 1.2L AGS. BSVI-PH2": "MARUTI DZIRE ZXI 12LS BSVI-PH2",
  "ANDHRA PRADESH SCOOTERS LTD": "ANDHRA PRADESH SCOOTERS",
  "AKASH KRISHI YANTRA": "AKASH KRISHI YANTRA",
  "MARIS ENGINEERING LTD": "MARIS ENGINEERING",
  "BABA E-VEHICLES": "BABA E-VEHICLES",
  "ASHOK LEYLAND": "LEYLAND",
  "J K TRAILERS": "J K TRAILERS",
  "SHRI KRISHNA AGRO ENGINEERING": "SHRI KRISHNARO ENGINEERING",
  "CASE NEW HOLLAND CONSTRUCTION EQUIPMENT(I PVT LTD": "NEW HOLLAND",
  "BOLERO ZLX MH 2WD 7S BSIV AC PS": "BOLERO ZLX MH 2WD 7S BSIV AC PS",
  "3GB TECHNOLOGY PVT LTD": "3GB TECHNOLOGY",
  "SIWACH STEEL PVT LTD": "SIWACH STEEL",
  "MARUTI DZIRE ZXI+ 1.2L ISS AGS BSVI": "MARUTI DZIRE ZXI+ 12L ISSS BSVI",
  "VISHVAS TRACTORS LTD.": "VISHVAS TRACTORS",
  "MARUTI TOUR S STD (O) CNG 1.2L 5MT BSVI": "MARUTI TOUR S STD (O) CNG 12L 5MT BSVI",
  "ADAPT MOTORS PVT LTD": "ADAPT",
  "MARUTI WAGON-R VXI BSIV": "MARUTI WAGON-R VXI BSIV",
  "RAVINDRA AGRO WORKS": "RAVINDRARO",
  "NEW DEVE AGRO WORKS": "NEW DEVERO",
  "HECTORPLUS6  SHARPPRO-1325DBM BSVI": "HECTORPLUS6 SHARPPRO-1325DBM BSVI",
  "THAR LX  D AT 4WD 4S HT BSVI": "THAR LX D AT 4WD 4S HT BSVI",
  "AADHYA ENTERPRISES": "AADHYA ENTERPRISES",
  "XUV700 AX5 DSL MT 7 SEATER BSVI": "XUV700 AX5 DSL MT 7 SEATER BSVI",
  "TATA PUNCH ADV 1.2P MT BSVI-PH2": "TATA PUNCH ADV 12P MT BSVI-PH2",
  "Y C ELECTRIC VEHICLE": "Y C ELECTRIC",
  "MAHINDRA XUV3OO W6 PM BS6 MT BSVI-PH2": "MAHINDRA XUV3OO W6 PM BS6 MT BSVI-PH2",
  "MARUTI-SWIFT VXI 1.2L ISS AGS BSVI": "MARUTI-SWIFT VXI 12L ISSS BSVI",
  "LECTRIX EV PVT LTD": "LECTRIX EV",
  "CB SHINE W F DISC B &K S&E S W CAST WHEELS BSIV": "CB SHINE W F DISC B &K S&E S W CAST WHEELS BSIV",
  "K.M.CO LTD": "KMCO",
  "AMAN AGRO INDUSTRIES": "AMANRO",
  "SUNKU AUTO LTD": "SUNKU",
  "11.10 HD RHD H CAB & HSD BS II": "1110 HD RHD H CAB & HSD BS II",
  "HONDA MOTOR CO., LTD., TOKYO": "HONDA, TOKYO",
  "M/S SRI VENKATESHWARA ENGINEERING WORKSHOP,SIRPUR": "M/S SRI VENKATESHWARA ENGINEERINGHOP,SIRPUR",
  "YATI INDUSTRIES": "YATI",
  "DAIMLER CHRYSLER AG,STUTTGART": "DAIMLER CHRYSLER,STUTTGART",
  "L&T CONSTRUCTION MACHINERY LIMITED": "L&T CONSTRUCTION MACHINERY",
  "SUPREME 4760 ZT54E DELWB SCHOOL BUS 40 BSVI": "SUPREME 4760 ZT54E DELWB SCHOOL BUS 40 BSVI",
  "FORTUNER SIGMA 4 AT BSVI": "FORTUNER SIGMA 4 AT BSVI",
  "DELTA AUTOCORP LLP": "DELTACORP LLP",
  "CITY 5TH GEN ZX CVT(I-VTEC) BSVI": "CITY 5TH GEN ZX CVT(I-VTEC) BSVI",
  "HOTAGE INDIA": "HOTAGE",
  "BANSAL AGRICULTURE IMPLEMENTS": "BANSALRICULTURE IMPLEMENTS",
  "SAGAR ENGGINEERING WORKS NLG": "SAGAR ENGGINEERING NLG",
  "NIKHIL FURNITURES": "NIKHIL FURNITURES",
  "MAHINDR  MAHINDRA LTD": "MAHINDRA",
  "R.S.AGRO INDUSTRIES": "RSAGRO",
  "NISSAN. MAGNITE TURBO CVT XV PRE(O) BSVI": "NISSAN MAGNITE TURBO CVT XV PRE(O) BSVI",
  "GEMAG CONSTRUCTION MACHINARY": "GEMAG CONSTRUCTION MACHINARY",
  "CEEON INDIA": "CEEON",
  "EON ECO ERA+ BSIV": "EON ECO ERA+ BSIV",
  "BHAVNA AGRO INDUSTRIES": "BHAVNARO",
  "ADICO ESCORTS AGRI EQUIPMENTS PVT. LTD.": "ADICO ESCORTSRI EQUIPMENTS",
  "AUTPRODIND": "AUTPRODIND",
  "INDIAN MILITARY TRAILORS": "INDIAN MILITARY TRAILORS",
  "VINAY INDUSTRIES": "VINAY",
  "CHALAM FORM EQUPMENTS": "CHALAM FORM EQUPMENTS",
  "MARUTI-VITARA BREEZA ZDI+ BSIV": "MARUTI-VITARA BREEZA ZDI+ BSIV",
  "MARUTI ERTIGA SMARTHYBRID ZXI(O)1.5L 5MT BSVI-PH2": "MARUTI ERTIGA SMARTHYBRID ZXI(O)15L 5MT BSVI-PH2",
  "CHANDEL AUTO MOBILE": "CHANDEL MOBILE",
  "MARUTI DZIRE ZXI 1.2L 5 MT BSVI-PH2": "MARUTI DZIRE ZXI 12L 5 MT BSVI-PH2",
  "SANY HEAVY INT. LTD. PR C": "SANY HEAVY INT PR C",
  "AUTO COROLLA INDIA LTD": "AUTO COROLLA",
  "RACCOON MOTORS PVT LTD": "RACCOON",
  "M/S SRI SHIVA AGRO INDUSTRIES": "M/S SRI SHIVARO",
  "INA": "INA",
  "SKS TRADE INDIA PVT LTD": "SKS TRADE",
  "NAZAR SINGH & SONS": "NAZAR SINGH & SONS",
  "ACTION CONSTR EQUIP. P LTD.": "ACTION CONSTR EQUIP P",
  "N0VA AUTOMOTIVE TECHNOLOGIES PVT. LTD": "N0VA TECHNOLOGIES",
  "BRIGHT AUTOZONE PVT LTD": "BRIGHTZONE",
  "KIASONETG1.0T-GDI SMARTSTREAM IMT HTX BSVI": "KIASONETG10T-GDI SMARTSTREAM IMT HTX BSVI",
  "UNIQUE ENTERPRISES": "UNIQUE ENTERPRISES",
  "AGRI KING": "AGRI KING",
  "JEEP NEW COMPASS LIMITED (O) 2.0D MT BSVI": "JEEP NEW COMPASS (O) 20D MT BSVI",
  "LIUGONG IND PVT LTD": "LIUGONG IND",
  "SOMAYAJI  INDUSTRIES": "SOMAYAJI",
  "SINGHAL ENTERPRISES": "SINGHAL ENTERPRISES",
  "BAJAJ MILL STORES": "BAJAJ MILL STORES",
  "KALINGA AUTO ENGG": "KALINGA ENGG",
  "MARUTI SWIFT ZXI 1.2L ISS 5MT BSVI": "MARUTI SWIFT ZXI 12L ISS 5MT BSVI",
  "VIKAS INDUSTRIES KURAI": "VIKAS KURAI",
  "BHOGAL COMBINE SPARE PARTS": "BHOGAL COMBINE SPARE PARTS",
  "JAIKISSAN  AGROSOLUTIONS MEDAK": "JAIKISSAN ROSOLUTIONS MEDAK",
  "AJAX FIORI ENGG INDIA P LTD": "AJAX FIORI ENGG P",
  "BHAGYAWANTI TRAILERS": "BHAGYAWANTI TRAILERS",
  "PASHUPATI VEHICLE PVT. LTD.": "PASHUPATI",
  "MARUTI DZIRE VXI 1.2L 5 MT BSVI-PH2": "MARUTI DZIRE VXI 12L 5 MT BSVI-PH2",
  "EICHER PRO 2110 H CAB & HSD(SL) BSVI": "EICHER PRO 2110 H CAB & HSD(SL) BSVI",
  "JASWANT AGRICULTURE WORKS": "JASWANTRICULTURE",
  "EICHER PRO 2114XP H CAB & HSD BSVI": "EICHER PRO 2114XP H CAB & HSD BSVI",
  "M/S HOVEL CYLINDER PVT LTD": "M/S HOVEL CYLINDER",
  "VW MOTOR PVT LTD": "VW",
  "MARUTI BALENO ZETA 1.2L ISS 5MT BSVI": "MARUTI BALENO ZETA 12L ISS 5MT BSVI",
  "HARLEY DAVIDSON MOTOR COMPANY": "HARLEY DAVIDSON",
  "LEXUS MOTORS LTD": "LEXUS",
  "MAHINDRA BOLERO PIK-UP FB PS 1.7 T BSIV": "MAHINDRA BOLERO PIK-UP FB PS 17 T BSIV",
  "M.S.ENG.WORKS, NIMAPADA": "MSENGWORKS, NIMAPADA",
  "LPT4825 10X2TRK CHASS COWL WINSHILD 6780WB BSVI": "LPT4825 10X2TRK CHASS COWL WINSHILD 6780WB BSVI",
  "BAJAJ IMPLEMENTS PVT. LTD": "BAJAJ IMPLEMENTS",
  "NRJ ELECTRIC MOTOR VEHICLES PVT LTD": "NRJ ELECTRIC",
  "M/S JAGUAR LAND ROVER INDIA LTD": "M/S JAGUAR LAND ROVER",
  "MAHARASTRA SCOOTERS LIMITED": "MAHARASTRA SCOOTERS",
  "JAYO CBC BSVI": "JAYO CBC BSVI",
  "MARUTI CELERIO X ZXI-AMT (O) BSIV": "MARUTI CELERIO X ZXI-AMT (O) BSIV",
  "MB AGRO INDUSTRIES": "MBRO",
  "ZS ASTOR MT  MT STYLE EX 2123GFJ BSVI": "ZS ASTOR MT MT STYLE EX 2123GFJ BSVI",
  "AMRINDERA ENGINEERING WORKS": "AMRINDERA ENGINEERING",
  "HERCULES CRANE PVT.LTD.": "HERCULES CRANELTD",
  "N S GIRIMAJI AND SONS": "N S GIRIMAJI AND SONS",
  "VOLTAS MATERIAL HANDLING PVT LTD": "VOLTAS MATERIAL HANDLING",
  "MASERATI SPA": "MASERATI SPA",
  "MOHAN GENERAL TRADING COMPANY": "MOHAN GENERAL TRADING",
  "Wirtgen India Pvt Ltd": "WIRTGEN",
  "MANITOWOC INDIA LIMITED": "MANITOWOC",
  "KUSHAQ 1.0L TSI 85KW MT STYLE BSVI": "KUSHAQ 10L TSI 85KW MT STYLE BSVI",
  "ELECTROTHERM (I) LIMITED": "ELECTROTHERM",
  "SS1009.4D4RB 41 SEATS BSIV": "SS10094D4RB 41 SEATS BSIV",
  "A R T WELDING WORKS": "A R T WELDING",
  "TIRTH AGRO TECHNOLOGY PVT LTD": "TIRTHRO TECHNOLOGY",
  "DR.ING.H.C.F.PORSCHE AG": "DRINGHCFPORSCHE",
  "HARJEET AGRO INDUSTRIES": "HARJEETRO",
  "IDEAL JAVA": "IDEAL JAVA",
  "AMAR ENGG. WORKS": "AMAR ENGG",
  "TATA PUNCH PUR 1.2P BS6 MT BSVI": "TATA PUNCH PUR 12P BS6 MT BSVI",
  "ANGAD AGRO INDUSTRIES": "ANGADRO",
  "VASHAN AGRICULTURE WORKS LTD": "VASHANRICULTURE",
  "INNOVA HYCROSS HYBRID ZX(7S) BSVI-PH2": "INNOVA HYCROSS HYBRID ZX(7S) BSVI-PH2",
  "MARUTI CIAZ SMART HYBIRD ALPHA BSIV": "MARUTI CIAZ SMART HYBIRD ALPHA BSIV",
  "M/S VOLVO GROUP INDIA PRIVATE LIMITED": "M/S VOLVO GROUP",
  "ASIAN POWER LINES": "ASIAN POWER LINES",
  "LAHORI AGRO INDUSTRIES": "LAHORIRO",
  "TATA LPT 3518 CR/5205WB TC WITH COWL BSIV": "TATA LPT 3518 CR/5205WB TC WITH COWL BSIV",
  "SKODA SLAVIA 1.0L TSI 85KW AT AMBITION BSVI": "SKODA SLAVIA 10L TSI 85KW AT AMBITION BSVI",
  "AMAZE 1.2 S MT(I-VTEC) BSVI": "AMAZE 12 S MT(I-VTEC) BSVI",
  "KHALSA E-VEHICLES PVT LTD": "KHALSA E-VEHICLES",
  "HANUMAN FOUNDRY WORKERS": "HANUMAN FOUNDRY WORKERS",
  "SANDHYA ENGG. WORKS": "SANDHYA ENGG",
  "TORSO MOTORS": "TORSO",
  "International Cars & Motors Limited": "INTERNATIONAL CARS &",
  "SCHWING STETTER F-17 TAMILNADU": "SCHWING STETTER F-17 TAMILNADU",
  "K.S. AGROTECH  PVT LTD": "KSROTECH",
  "S B TRAILORS": "S B TRAILORS",
  "EXIDE INDUSTRIES LTD": "EXIDE",
  "MAHINDRA BOLERO PIK-UP FB CBC PS 1.7T XL BSVI": "MAHINDRA BOLERO PIK-UP FB CBC PS 17T XL BSVI",
  "MARUTI ERTIGA VXI (O)CNG 1.5L 5MT BSVI-PH2": "MARUTI ERTIGA VXI (O)CNG 15L 5MT BSVI-PH2",
  "LOVELY AGRO INDUSTRIES": "LOVELYRO",
  "TATA NEXON XM 1.2RTN BS6 BSVI": "TATA NEXON XM 12RTN BS6 BSVI",
  "SHRUNGANATH MINI TRAILER": "SHRUNGANATH MINI TRAILER",
  "PLAUDIT TECHNO INDIA PVT LTD": "PLAUDIT TECHNO",
  "RENAULT": "RENAULT",
  "AMW MOTORS LTD": "Asia Motor Works",
  "PMI ELECTRO MOBILITY SOLUTIONS PRIVATE LIMITED": "PMI ELECTRO MOBILITY SOLUTIONS",
  "HERO MAJESTIC AUTO LTD": "HERO MAJESTIC",
  "APSARA ENTERPRISE": "APSARA ENTERPRISE",
  "MARUTI ERTIGA ZDI SMART HYBRID BSIV": "MARUTI ERTIGA ZDI SMART HYBRID BSIV",
  "MARUTHI TOUR S DIESEL BSIV": "MARUTHI TOUR S DIESEL BSIV",
  "PACE AGRO PRIVATE LIMITED": "PACERO",
  "JYOTI INDUSTRIES": "JYOTI",
  "SHRI SIDDESHWARA TRAILORS": "SHRI SIDDESHWARA TRAILORS",
  "NEW ARCANA INDIA": "NEW ARCANA",
  "ROOP RAI AGRO IND.": "ROOP RAIRO IND",
  "BHARATBENZ 2823C 6X4-4 BSVI": "BHARATBENZ 2823C 6X4-4 BSVI",
  "ATUL AUTO": "ATUL",
  "LORAIN": "LORAIN",
  "MARUTIGRANDVITARASMARTHYBRIDALPHA1.5L5MT BSVI-PH2": "MARUTIGRANDVITARASMARTHYBRIDALPHA15L5MT BSVI-PH2",
  "MARUTI S-CROSS SMART HYBRID DELTA BSIV": "MARUTI S-CROSS SMART HYBRID DELTA BSIV",
  "ULTRA T.11 DCR49HSD 125B6M5 FFCTCWC HDLB BSVI": "ULTRA T11 DCR49HSD 125B6M5 FFCTCWC HDLB BSVI",
  "VENTO 1.5 TDI (AT) - HIGHLINE BSIV": "VENTO 15 TDI (AT) - HIGHLINE BSIV",
  "M/S POWER TECH TECHNOLOGY": "M/S POWER TECH TECHNOLOGY",
  "JEEP TRAILER": "JEEP TRAILER",
  "G S N ENGINEERING WORKS": "G S N ENGINEERING",
  "MAHINDRA XUV5OO FWD W5 BSIV": "MAHINDRA XUV5OO FWD W5 BSIV",
  "TATA INTRA V30 AC BSVI": "TATA INTRA V30 AC BSVI",
  "EICHER PRO 1110H CAB & HSD BSIV": "EICHER PRO 1110H CAB & HSD BSIV",
  "BABAR ENGINEERING WORKS": "BABAR ENGINEERING",
  "CIMMCO LIMITED": "CIMMCO",
  "H. R. AGRO INDUSTRIES": "H RRO",
  "INDO AUTO LTD": "INDO",
  "TATA ZEST XM QJET 75PS BS4 BSIV": "TATA ZEST XM QJET 75PS BS4 BSIV",
  "PURAN ENGINEERING WORKS": "PURAN ENGINEERING",
  "OM SARAVANA ENGG INDUSTRIES": "OM SARAVANA ENGG",
  "PL HAULWEL TRAILERS \u00a0\u00a0\u00a0\u00a0\u00a0\u00a0\u00a0\u00a0\u00a0\u00a0": "PL HAULWEL TRAILERS",
  "J K AGRO INDUSTRIES": "J KRO",
  "VANI ELECTRIC VEHICLES PVT LTD": "VANI ELECTRIC",
  "SAMRAT BH53 4240 SCHOOL BUS 43 STR BSVI": "SAMRAT BH53 4240 SCHOOL BUS 43 STR BSVI",
  "MARUTI CELERIO VXI 1L AGS BSVI": "MARUTI CELERIO VXI 1LS BSVI",
  "B F ENGINEERING WORKS": "B F ENGINEERING",
  "GAYATRI ELECTRIC VEHICLES": "GAYATRI ELECTRIC",
  "MICRO AUTOTECH": "MICROTECH",
  "LAXMI ENGINEERING WORKS": "LAXMI ENGINEERING",
  "ANNAMALAI TRAILORS": "ANNAMALAI TRAILORS",
  "M/S TATA MOTORS LTD,PUNE": "M/S TATA,PUNE",
  "M/S SRI KARTHEEK ENGINEERING WORKS": "M/S SRI KARTHEEK ENGINEERING",
  "MOPEDS INDIA LTD \u00c2\u00a0\u00c2\u00a0\u00c2\u00a0\u00c2\u00a0\u00c2\u00a0\u00c2\u00a0\u00c2\u00a0\u00c2\u00a0\u00c2\u00a0\u00c2\u00a0\u00c2\u00a0\u00c2\u00a0\u00c2\u00a0": "MOPEDS",
  "TAMILNADU MOPEDS LTD": "TAMILNADU MOPEDS",
  "M/S MANITOU EQUIPMENT INDIA PVT LTD": "M/S MANITOU EQUIPMENT",
  "GURU 1111 E4 CAB.CH(3800 WB(8.25-20;16PR BSIV": "GURU 1111 E4 CABCH(3800 WB(825-20;16PR BSIV",
  "DOST RLE-CC-MS-185R14LT8PR BSVI": "DOST RLE-CC-MS-185R14LT8PR BSVI",
  "GRAND I10 NIOS 1.2 AMT KAPPA ASTA BSVI": "GRAND I10 NIOS 12 AMT KAPPA ASTA BSVI",
  "MARUTI XL6 SMART HYBRID ALPHA 1.5L5MT BSVI-PH2": "MARUTI XL6 SMART HYBRID ALPHA 15L5MT BSVI-PH2",
  "VIJAY SUPER MAKERS LTD": "VIJAY SUPER MAKERS",
  "LANCIA THEMA": "LANCIA THEMA",
  "M. G. CAR COMPANY": "M G CAR",
  "SHRI NAMO ELECTRIC AUTOMOTIVE": "SHRI NAMO ELECTRIC",
  "MALIK ENGINEERING WORKS": "MALIK ENGINEERING",
  "VW POLO 1.2 MPI HIGHLINE BSIV": "VW POLO 12 MPI HIGHLINE BSIV",
  "OM MAHALAKSHIMI ENG. WORKS": "OM MAHALAKSHIMI ENG",
  "MARUTI VITARABREZZA ZXI+ 1.5L5MT BSVI": "MARUTI VITARABREZZA ZXI+ 15L5MT BSVI",
  "SHRI KIRAN AGRO INDUSTRIES": "SHRI KIRANRO",
  "GREAVES ELECTRIC MOBILITY PVT LTD": "GREAVES ELECTRIC MOBILITY",
  "KBS AUTOMOBILES": "KBSS",
  "MORRIS GARAGE CO, LTD": "MORRIS GARAGE CO,",
  "IFE LTD": "IFE",
  "TATA NEXON XMA 1.5 RTQ BS6 BSVI": "TATA NEXON XMA 15 RTQ BS6 BSVI",
  "BALAJI AGRO INDUSTRIES": "BALAJIRO",
  "MONTO MOTORS": "MONTO",
  "SUKHDEV AGRO INDUSTRIES": "SUKHDEVRO",
  "PUR ENERGY PVT LTD": "PUR ENERGY",
  "KRUP P": "KRUP P",
  "LAKSHMI ENGG WORKS": "LAKSHMI ENGG",
  "ACTIVA125 W EAUTO S & K S &DRUM CBSWALOYWL BSIV": "ACTIVA125 W EAUTO S & K S &DRUM CBSWALOYWL BSIV",
  "SPEED CRAFTS LIMITED": "SPEED CRAFTS",
  "AADITYA GARBAGE PRODUCTS PVT LTD": "AADITYA GARBAGE PRODUCTS",
  "DCM TOYOTA": "DCM TOYOTA",
  "GRAND I10 NIOS 1.2 AMT CRDI SPORTZ BSVI": "GRAND I10 NIOS 12 AMT CRDI SPORTZ BSVI",
  "PANDU RANGA AGRO INDUSTRIES": "PANDU RANGARO",
  "ALPSV 4/88 VIKING BSII": "ALPSV 4/88 VIKING BSII",
  "MARUTI S-CROSS SMART HYBRID ZETA  1.5L 5MT BSVI": "MARUTI S-CROSS SMART HYBRID ZETA 15L 5MT BSVI",
  "SICHUAN CHANGJIANG LTD": "SICHUAN CHANGJIANG",
  "IMPORTED VEHICLE": "IMPORTED",
  "SKYRIDE AUTOMOTIVE": "SKYRIDE",
  "KRUSHIRAJ ENGINEERING WORKS": "KRUSHIRAJ ENGINEERING",
  "TATA ZEST XE QJET 75PS BSIV": "TATA ZEST XE QJET 75PS BSIV",
  "ACTIVA 3G W ELECTRIC A START&K START &CBS BSIII": "ACTIVA 3G W ELECTRIC A START&K START &CBS BSIII",
  "RAVI TRAILERS": "RAVI TRAILERS",
  "MEGHA AGRO INDUSTRIES": "MEGHARO",
  "VW POLO 1.2 MPI-ALL STAR BSIV": "VW POLO 12 MPI-ALL STAR BSIV",
  "XUV700 AX7 L DSL MT 7 SEATER BSVI-PH2": "XUV700 AX7 L DSL MT 7 SEATER BSVI-PH2",
  "MARUTI DZIRE VXI 1.2L ISS AGS BSVI": "MARUTI DZIRE VXI 12L ISSS BSVI",
  "AMMANN APOLLO INDIA PVT LTD": "AMMANN APOLLO",
  "CRETA 1.5 CRDI AT SX(O) BSVI": "CRETA 15 CRDI AT SX(O) BSVI",
  "DOST RLS BSIII": "DOST RLS BSIII",
  "M/S MAHINDRA LAST MILE MOBILITY LIMITED": "M/S MAHINDRA LAST MILE MOBILITY",
  "SAME DEUTZ-FAHR INDIA (P) LTD": "SAME DEUTZ-FAHR",
  "DAIMLER CHRYSLER AG": "DAIMLER CHRYSLER",
  "NEW MALLIKARJUNA ENG WORKS": "NEW MALLIKARJUNA ENG",
  "MB ENGINEERING WORKS": "MB ENGINEERING",
  "MARUTI ERTIGA ZDI BSIV": "MARUTI ERTIGA ZDI BSIV",
  "EICHER PRO 1110XP H CAB & HSD BSIV": "EICHER PRO 1110XP H CAB & HSD BSIV",
  "NISSAN MAGNITE MT XV BSVI": "NISSAN MAGNITE MT XV BSVI",
  "VW POLO 1.2 MPI COMFORTLINE BSIV": "VW POLO 12 MPI COMFORTLINE BSIV",
  "DOST RLS BSIV": "DOST RLS BSIV",
  "MARUTI-VITARA BREEZA ZDI BSIV": "MARUTI-VITARA BREEZA ZDI BSIV",
  "MATHAROO BROTHERS AGRO TECH PVT LTD": "MATHAROO BROTHERSRO TECH",
  "DETUSCHE GROVE GMBH": "DETUSCHE GROVE GMBH",
  "FORTUNER SIGMA 4 MT BSVI": "FORTUNER SIGMA 4 MT BSVI",
  "DYS IMPEX PRIVATE LIMITED": "DYS IMPEX",
  "GRAND I10 ASTA 1.2 CRDI BSIV": "GRAND I10 ASTA 12 CRDI BSIV",
  "\u00c5\u00a0KODA KUSHAQ 1.0L TSI 85KW AT STYLE BSVI-PH2": "KODA KUSHAQ 10L TSI 85KW AT STYLE BSVI-PH2",
  "SUPERTECH EV LIMITED": "SUPERTECH EV",
  "TATA ACE ZIP BSIII": "TATA ACE ZIP BSIII",
  "UM4220/66 H 30FT SL.CABCH-375L BSVI": "UM4220/66 H 30FT SLCABCH-375L BSVI",
  "Mg Motor India Pvt Ltd": "MG",
  "Tvs Motor Company Ltd": "TVS",
  "SIGNA 2825.K HDFBTIP NSPCAB BOG S&14CBTBB1 BSVI": "SIGNA 2825K HDFBTIP NSPCAB BOG S&14CBTBB1 BSVI",
  "AUTOM. PROD INDIA": "AUTOM PROD",
  "TATA NEXON XZ+ S DKRTNBS6PH2": "TATA NEXON XZ+ S DKRTNBS6PH2",
  "Case New Holland Construction Equipment(i) Pvt Ltd": "NEW HOLLAND",
  "GOPAL STEEL INDUSTRIES": "GOPAL STEEL",
  "IVECO S.P.A.": "IVECO SPA",
  "GRAND I10 NIOS 1.2 AMT KAPPA SPORTZ BSVI": "GRAND I10 NIOS 12 AMT KAPPA SPORTZ BSVI",
  "AKASH EQUIPMENTS & MACHINERIES (P) LTD.": "AKASH EQUIPMENTS & MACHINERIES",
  "MARUTI UDYOG LIMITED": "MARUTI",
  "CITYGREEN AUTO & PETRO CHEMICALS (P) LTD": "CITYGREEN & PETRO CHEMICALS",
  "TATA ACE GOLD 145 R 12C 8PR TS BSIV": "TATA ACE GOLD 145 R 12C 8PR TS BSIV",
  "MASSEY FERGUSON": "MASSEY FERGUSON",
  "MAHAMAYA INDUSTRIES": "MAHAMAYA",
  "PANESARAGRICULTUREINDUSTRIES P": "PANESARAGRICULTUREINDUSTRIES P",
  "BALBIR INDUSTRIES": "BALBIR",
  "PARI METRO E RICKSHAW": "PARI METRO E RICKSHAW",
  "MAGIRUS DEUTZ": "MAGIRUS DEUTZ",
  "MARUTI - DZIRE VXI 1.2L 5MT BSVI": "MARUTI - DZIRE VXI 12L 5MT BSVI",
  "VEERA VIDYUTH VAHANA PVT LTD": "VEERA VIDYUTH VAHANA",
  "GARELLI MOTORS LTD": "GARELLI",
  "KIA SELTOS SMARTSTREAM G1.5 IMT HTK PLUS BSVI": "KIA SELTOS SMARTSTREAM G15 IMT HTK PLUS BSVI",
  "WAGONR VXI AGS 1.2 L BSVI": "WAGONR VXIS 12 L BSVI",
  "I20 SPORTZ CRDI BS IV": "I20 SPORTZ CRDI BS IV",
  "HOMAR B.V.": "HOMAR BV",
  "CENTURY MOTORS PVT LTD": "CENTURY",
  "MANITA CITY MOTORS LLP": "MANITA CITY LLP",
  "NISSAN. MAGNITE TURBO CVT XV PRE BSVI": "NISSAN MAGNITE TURBO CVT XV PRE BSVI",
  "\u00c5\u00a0KODA SLAVIA 1.0L TSI 85KW AT STYLE. BSVI-PH2": "KODA SLAVIA 10L TSI 85KW AT STYLE BSVI-PH2"
}