{
  "0": "Others",
  "10.90 RHD F CAB DSD BS3": "Eicher Trucks & Buses",
  "10.90 RHD H CAB HSD BS3": "Eicher Trucks & Buses",
  "11.10 HD RHD G CAB & HSD BSII": "Eicher Trucks & Buses",
  "11.10 HD RHD H CAB & HSD BS II": "Eicher Trucks & Buses",
  "11.10 HD RHD H CAB & HSD BS III": "Eicher Trucks & Buses",
  "11.10 HD RHD H CAB & HSD BSII": "Eicher Trucks & Buses",
  "1616 IL/1 BSIII": "Ashok Leyland",
  "2516 XL  TUSKER SUPER 6X2 BSIII": "Ashok Leyland",
  "2518C/4 RMC DAYCAB(10.00-20;16PR) BSIV": "Ashok Leyland",
  "3718COWL(L10450 BSIV": "Ashok Leyland",
  "3718COWL(L10450) BSIV": "Ashok Leyland",
  "3718IL TYRE 10.00 R 20: 16 PR BSIII": "Ashok Leyland",
  "3DX  2WD BACKHOE LOADER BSIII": "JCB",
  "3EV INDUSTRIES PVT LTD": "3EV Industries Pvt Ltd",
  "3GB TECHNOLOGY PVT LTD": "3GB Technology Pvt Ltd",
  "3S INDUSTRIES PRIVATE LIMITED": "3S Industries Pvt Ltd",
  "5TONS 2WH TRAILER WATER TANKER IRON BODY": "Others",
  "A AND Z MOTOR CO P LTD": "A & Z Motor Co. Pvt Ltd",
  "A D AGRO WORKS": "A D Agro Works Ltd.",
  "A J S": "A J S Engineering Ltd."
}