{
  "total_entries": 1906,
  "unique_manufacturers": 1230,
  "reduction_percentage": 35.47,
  "manufacturer_counts": {
    "ASHOK LEYLAND": 19,
    "MERCEDES": 6,
    "OTHERS": 2,
    "BAJAJ": 9,
    "MAHINDRA": 78,
    "MARUTI": 130,
    "TATA": 58,
    "OTHER": 1,
    "HYUNDAI": 36,
    "MG": 2,
    "FORCE": 5,
    "HONDA": 20,
    "FORD": 11,
    "TOYOTA": 24,
    "SKODA": 14,
    "SML ISUZU": 4,
    "VE COMMERCIAL VEHICLES": 4,
    "SML ISUZU PUNJAB": 1,
    "BMW": 5,
    "M/S TATA PASSENGER ELECTRIC MOBILITY": 1,
    "MAH & MAH": 2,
    "VOLKSWAGEN": 14,
    "3S INDUSTRIES PRIVATE": 1,
    "PORSCHE": 3,
    "CHEVROLET": 4,
    "UNKNOWN": 2,
    "NISSAN": 9,
    "GENERAL": 6,
    "CHERAN TRAILERS": 1,
    "NIC TEST ACCOUNT-1": 1,
    "M/S JAGUAR LANDROVER": 2,
    "MARUTIUDYG": 1,
    "SUZUKI": 4,
    "HOSIELCAR": 2,
    "FCA AUTOMOBILES PRIVATE": 1,
    "DAIMLER COMMERCIAL VEHICLES": 2,
    "KOMATSU PRIVATE": 1,
    "RENAULT": 11,
    "PIAGGIO VEHICLES": 3,
    "M/S FORD": 1,
    "KIA": 12,
    "EICHER": 24,
    "RNAIPLTD": 1,
    "INTERNATIONAL TRACTORS": 3,
    "HYUNDAIMOT": 1,
    "HINDUSTAN FINANCE CORPORATION": 1,
    "GURUNANAK INDUSTRIES": 1,
    "FIAT": 7,
    "JAGUAR": 2,
    "CHANNY AGRO INDUSTRIES": 1,
    "DASMESH MECHANICAL WORKSLTD": 1,
    "HERO": 17,
    "TELCO": 2,
    "DAIMLER(I)COMMERCIAL VEH P": 2,
    "M/SSKODA AUTO VOLKSWAGEN PRIVATE": 1,
    "TAFE": 3,
    "ATUL AUTO": 3,
    "LML": 2,
    "SUTLAJ": 1,
    "CNH INDUSTRIAL (INDIA)": 1,
    "ESCORTS": 14,
    "M/S RENAULT PRIVATE": 1,
    "ISUZU": 4,
    "AMW": 2,
    "AMUTHA TRAILERS": 1,
    "DAIMLER AG": 1,
    "DAIMLER AG STUTTGART": 1,
    "D C": 1,
    "PURAN AGRO INDUS": 1,
    "KINETIC": 2,
    "HUNDAL INDUSTRIES": 1,
    "KARTAR AGRO INDUSTRIES": 1,
    "NAMAKKAL TRAILERS": 1,
    "ARJUN": 1,
    "ALL TERRAIN CRANE": 1,
    "ROYAL-ENFIELD (UNIT OF EICHER)": 2,
    "L&T CONSTRUCTION EQUIPMENT": 1,
    "SHRI KUMAR TRAILERS EQUIPMENTS": 1,
    "V E COMMERCIAL VEHICLE": 1,
    "ATHER ENERGY": 1,
    "TVS": 7,
    "GENMOTORS": 1,
    "SLN ENGINEERING  WORKS": 1,
    "AUDI": 5,
    "INDIA YAMAHA": 2,
    "MASSEY FERGUSON": 2,
    "M/S MAHINDRA &AMP;MAHINDRA": 1,
    "ISHWAR FARMLINE EQUIPMENTS": 2,
    "MALKIT AGRO INDUSTRIES": 1,
    "JCB": 4,
    "MITSUBISHI": 2,
    "DHIMAN AGRICULTURE": 1,
    "CATERPILLAR PRIVATE": 1,
    "\"VOLVO GROUP\"": 1,
    "M/S MATHARU ENGINEERING AGRI WORKS": 1,
    "M/S FORCEPUNE": 1,
    "JOHN DEERE (TRACTOR DEVISION)": 1,
    "3718COWL(L10450)": 1,
    "PREMIER": 1,
    "HIRA AGRO INDUSTRIES": 1,
    "M/S FCA AUTOMOBILES PRIVATE": 1,
    "DEMAGE": 1,
    "LOTEY INDUSTRY": 1,
    "GURU RAMDAS AGROTECH": 1,
    "M/S MAHINDRA &MAHINDRA": 1,
    "K S AGRICULTURAL  INDUSTRIES": 1,
    "ESCORTSLTD": 1,
    "THIRUMALA AGRO INDUSTRY": 1,
    "SKODAAUTO": 2,
    "M/S VOLKSWAGE AG 38436 WOLFBUR": 1,
    "CAPTAIN TRACTORS": 1,
    "NEW VARINDERA": 1,
    "SIVA TRAILERS": 1,
    "CHANGLIN": 1,
    "SAME DEUTZ - FAHR (P)": 1,
    "MAN TRUCKS": 2,
    "LIUGONG": 1,
    "INDO FARM EQUIPMENT": 2,
    "JOHN DEERE(TRACTOR DEVISION": 1,
    "SURENDERA AGRO INDUSTRIES": 1,
    "PUNJAB TRACTORS": 2,
    "GURDAS SINGH & SONS": 1,
    "M/S ADISHWAR AUTO RIDE PRIVATE": 1,
    "MAZDA CORPORATION": 1,
    "HONDAMCYSC": 1,
    "SMT INDUSTRIES": 1,
    "JIWAN AGRI IMPLEMENTS WORKSHOP": 1,
    "SHRI VEERBHADRESHWAR ENGG WORK": 1,
    "AUTOMOBILI LAMBORGHINI SPA": 2,
    "TEREX PRIVATE": 1,
    "TEREX EQUIPMENT": 1,
    "GROVE": 2,
    "RENAULTNISSAN AUTOMOTIVE I P L": 1,
    "M/S HYUNDAI": 1,
    "ACTION CONSTRUCTION EQUIPMENT": 1,
    "M/S MAHINDRA TRUCKS&BUSES": 1,
    "MORRIS": 2,
    "BHARATH INDUSTRIES": 1,
    "SCANIA COMMERCIAL VEHICLES": 2,
    "M/S KIA": 3,
    "KAISER": 1,
    "GILL AGROTECH": 1,
    "KERALA AGRO MACHINERY CORPORATION": 1,
    "INDIA KAWASAKI": 2,
    "PUNJABTRAC": 1,
    "MASERATI": 1,
    "FORCEMOTOR": 1,
    "BALAWAN TRACTORS": 1,
    "L & T CASE EQUIPMENT": 1,
    "JASBIR  ENGINEERING WORKS": 1,
    "VICTORY ELECTRIC INTERNATIONAL": 1,
    "JOHN DEERE(TRACTOR DEVISION)": 1,
    "MANKU AGRO TECH": 2,
    "J S AGRO INDUSTRIES": 2,
    "DAEWOO": 3,
    "VOLVO": 8,
    "ORPI": 1,
    "CASE EQUIPMENT PRIVATE": 1,
    "JOHN DEERE (TRACTOR DEVISION": 1,
    "GURU TRAILER": 1,
    "HARVEL TRACTOR FARM EQUIPMENTS": 1,
    "MALKIT AGRO TECH": 1,
    "EKO VEHICLE PRIVATE": 1,
    "J S AUTO (P)": 1,
    "M/S MAHINDRA MAHINDRA": 1,
    "GREAVES COTTON": 1,
    "GURU NANAK AGRICULTURE": 1,
    "SYAN AGRO INDUSTRY": 1,
    "PREEET AGRO INDUSTRIES": 1,
    "PAL DIESAL": 1,
    "JAYA AUTOMOTIVES": 2,
    "OKA": 1,
    "GILLPREETAGRO INDUSTRIES": 1,
    "HYKON": 1,
    "HMSI": 1,
    "UBAHAARI ENGINEERING WORKS": 1,
    "M/SKIA": 1,
    "VISHAL AGRICULTURAL WORKS": 1,
    "HUNAN ZOOMLION INT TRADE": 1,
    "STANDARD COMBINES": 1,
    "TADANO": 1,
    "MERCEDEZ BENZ - IMPORTED": 1,
    "PEUGEOT": 1,
    "M/S PASHA AGRO INDUSTRIES": 1,
    "A1 HEAVY EQUIPMENTS DEVELOPER": 1,
    "M/S TOYOTA KIRLOSKAR": 1,
    "KERALA AUTOMOBILES": 1,
    "LOTEY AGRICULTURE WORKS": 1,
    "MAHINDR": 2,
    "INTERNATIONAL CARS &": 2,
    "M H AGRICULTURE WORKS": 1,
    "AADITYA EMOTORS": 1,
    "GURDAIAL AGRO TECH": 1,
    "AJAX FIORI ENGINEERING": 2,
    "KURUKSHETRA AUTOMOBILES (P)": 1,
    "AJANTA  AGRO": 1,
    "NABHKIRAN AGRO IND": 1,
    "YO BIKE": 1,
    "VE COMMERCIAL VEHICLES (VOLVO BUSES DIVISION)": 1,
    "SHRI SAKTHI VINAYAKA TRAILERS": 1,
    "JOHN DEERE EQUIPMENTPVTLTDPUNE": 1,
    "BAYERISCHEEN WERKE AG": 1,
    "ARASAN AND": 1,
    "WILLYS": 3,
    "M/S ISUZU": 1,
    "STAR BULL E": 1,
    "TIL": 2,
    "LOCAL": 1,
    "JANANI TRAILERS": 1,
    "TEREX EQUIPMENT P": 1,
    "KTMRAD AG": 1,
    "SANY HEAVY INDUSTRY": 2,
    "KRISHNA ENGINEERING WORKS": 1,
    "ROYAL ENFIELD": 2,
    "JOHN DEERE": 1,
    "MANJIT AGRO WORKS": 1,
    "HINDUSTAN CORPORATION": 1,
    "HARVEST COMBINE": 1,
    "GM DAEWOO AUTO & TECHNOLOGY CO": 1,
    "BALDEV AUTO AGRO": 1,
    "TRACLAXX TRACTORS": 1,
    "VOLKSWAGON AG": 1,
    "ASIA WORK": 1,
    "FERRARI": 3,
    "JSW MG": 1,
    "BENTLEY": 1,
    "XUZHOU CONSTRUCTION CO": 1,
    "TOYOTAKIRL": 1,
    "ASIA BODY BUILDERS & MANUFACTURERS": 1,
    "AMPERE VEHICLES": 1,
    "GRD": 1,
    "M/SSRILAKSHMI NARASIMHA SWAMY AGRO INDUSTRIES": 1,
    "SHRIMA ENGINEERING WORKS": 1,
    "HIND MOT": 1,
    "M/S HINDUSTAN FINANCE CORPORATION": 1,
    "BA": 1,
    "DASMESH AGRICULTURAL INDUSTRIES": 1,
    "ISHER 568": 1,
    "M/S CLASSIC LEGENDS": 1,
    "N S G AGRO INDUSTRIES": 1,
    "SHEHALPREET ENGG WORKS": 1,
    "AGRI TECH ENGINEER": 1,
    "NEW HOLLAND CONSTRUCTION EQUIPMENT(I)LTD": 1,
    "NEW GAHIR AGRO INDUSTRIES": 1,
    "ACTION CONSTRUCTION EQUIP": 1,
    "DASMESH MECHANICAL WORKS": 1,
    "M/S MG PRIVATE": 1,
    "STANDARD TRACTORS": 1,
    "SAKTHI VINAYAKA ENG WORKS": 2,
    "SWARAJ": 4,
    "HMT": 2,
    "SUMFONL AUTO TRADERS": 1,
    "SAYA AGRO INDUSTRIES": 1,
    "CATERPILLAR P": 1,
    "10.90": 2,
    "AMPERE VEHICLES PRIVATE": 1,
    "GILL MECHANICAL WORKS": 1,
    "STANDARD CORPORATION": 1,
    "KARUMALAIAN AGRO INDUSTRY": 2,
    "VISWANATH INDUSTRIES,BBSR": 1,
    "ACTION CON": 1,
    "EVERGREEN AGRO AGENCIES": 1,
    "LOCAL TRAILER MANUFACTURER": 1,
    "MAJESTIC AUTO": 1,
    "KERALAAUTO": 1,
    "TUFAN": 1,
    "KELVINATOR": 2,
    "LOVEJEET AGRO INDUSTRY": 1,
    "DAKSH INDUSTRIES": 1,
    "JEET AGRO INDUSTRIES": 1,
    "RAM CHAND & SONS": 1,
    "PCA AUTOMOBILES": 1,
    "TEREX CORPORATION": 1,
    "SONALIKA INTERNATIONAL TRACTORS": 1,
    "GURM AGRICULTURE WORKS": 1,
    "TOP TEAM MACHINES": 1,
    "HOOGHLY": 1,
    "CASE NEW HOLLAND CONSTRUCTION EQUIPMENT(I)": 2,
    "JIWAN AGRICULTURAL IMPLEMENTS WORKSHOP CIS": 1,
    "BALJEET ENGINEERING WORKS": 1,
    "M/S SRISAIBABA INDUSTRIES": 1,
    "EICH TRA L": 1,
    "GAHIR INDUSTRIES": 1,
    "11.10": 4,
    "KALSI ENGINEERING WORKS": 1,
    "SHRIRAJ ELECTRIC VEHICLES": 1,
    "GURUNANAK AGRI ENG WORKS": 1,
    "VOLKSWAGON": 1,
    "PRESTIGE TC III WT50TCIII LWB BUS SEMIDELUXE": 1,
    "GURU NANAK AGRI ENGG WORKS": 1,
    "UDAYAM TRAILER": 1,
    "IINTERNATIONAL CARS&MOTORS": 1,
    "TERRA": 1,
    "GREAVES": 1,
    "SATRAC ENGINEERING": 1,
    "DEMAG DEMAG HC 340": 1,
    "M/S SML ISUZU": 1,
    "TM": 1,
    "API": 1,
    "SCOOTERS": 1,
    "OLA ELECTRIC TECHNOLOGIES": 1,
    "MYTRAH MOBILITY": 1,
    "AJAX ENGINEERING": 1,
    "CITY": 6,
    "FUJI HEAVY INDUSTRIES": 1,
    "M/S SHRIRAM AUTO TECH": 1,
    "BHAGWAN AGRO INDUSTRIES": 1,
    "SOORAJ AUTOMOBILES": 2,
    "CONTINENTAL ENGINES": 1,
    "P AND P ENGG": 1,
    "DASHMESH AGRICULTURE WORKS": 1,
    "DODGE": 1,
    "UTTAM CONSTRUCTION EQUIPMENTS": 1,
    "SUPREME": 3,
    "KRANTI AUTOMOBILES": 1,
    "ARYA": 1,
    "BULL MACHINES": 2,
    "VINAYAK INDUSTRIES": 1,
    "HARDEV AGRO TECH": 1,
    "BHARATH ENGINEERING WORKS": 1,
    "SRINIVASA AGRO INDUSTRIES": 1,
    "VIJAYS COOLMAX PRIVATE": 1,
    "HINDUSTAN": 3,
    "JIJO ELECTRIC WHEELS": 1,
    "T D V": 1,
    "THUKRAL ELECTRIC BIKES": 1,
    "H-D": 1,
    "ECOMET": 1,
    "DAIMLER(ICOMMERCIAL VEH P": 1,
    "DSK MOTOWHEELS": 1,
    "ARUL": 1,
    "SHRI GOGULAM FARM EQUIPMENTS": 1,
    "COLES CRANE": 1,
    "BAJAJTEMPO": 1,
    "SS AGRO TECH": 1,
    "YC ELECTRIC VEHICLE": 1,
    "KS AGROTECH": 2,
    "LAISH MADISON WORKS": 1,
    "INDIA AUTO": 1,
    "BROOKE BOND": 1,
    "PREET TRACTORS": 2,
    "INDIRA STEEL INDUSTRIES": 1,
    "SMV": 1,
    "MS AGRO INDUSTRIES": 1,
    "RAM AGRO INDUSTRIES": 1,
    "VAUXHALL": 1,
    "PREET AGRO INDUSTRIES": 1,
    "MAHESH ENGINEERING WORKS": 1,
    "RUDRA AUTO INDUSTRIES": 1,
    "A J S": 1,
    "KYB CONMAT": 1,
    "KHALSA  AGRO INDUSTRIES": 1,
    "ROLLS ROYCE": 2,
    "SYN AUTO SOLUTIONS": 1,
    "VAIBHAV AUTO INDUSHRIES": 1,
    "RACE AUTOMOTIVES": 1,
    "LOTEY AGRO INDUSTRY": 1,
    "WIRTGEN": 2,
    "SHRI LAXMI ENGINEERING WORKS": 1,
    "MAHARASTRA SCOOTER": 1,
    "SUNRISE AUTO INDUSTRIES": 1,
    "INDIAN": 1,
    "SPEEGO VEHICLES CO": 1,
    "KINETIC HONDA": 3,
    "BLUE ENERGY COMMERCIAL VEHICLES": 1,
    "LAND ROVER": 1,
    "CHATELEC VEHICLES": 1,
    "HIND AGRO INDUSTRIES": 1,
    "JOHNSON TRACTORS &": 1,
    "MARUTIGRANDVITARASMARTHYBRID": 1,
    "M/S MAHINDRA": 2,
    "M/SSEETHARAMA ENGINEERING WOR": 1,
    "ROYAL-ENFIELD (UNIT OF EICHER": 1,
    "INDERPREET AGRO INDUSTRIES": 1,
    "AGRO INDUSTRIES": 1,
    "MLR AUTO": 1,
    "KIN HONDA": 1,
    "CHANADAN AGRO IND": 1,
    "REVOLT INTELLICORP": 1,
    "INDO FARM EQUIP": 1,
    "NIL": 1,
    "RAMGARHIA MECHANICAL WORKS": 1,
    "INGERSOLL RAND": 1,
    "DAIMLER CHRYSLER P": 1,
    "RSD SECURITY SOLUTIONS": 1,
    "KINETIC ENGINEERING": 2,
    "M/S INDO FARM INDUSTRIES": 1,
    "M/S VARA LAKSHMI ENGINEERING WORKS": 1,
    "D M AGRO INDUSTRIES": 1,
    "DASHMESH MECH WORKS": 1,
    "DUCATI HOLDING SPA": 1,
    "MERC BENZ": 1,
    "BOSE ENTERPRISE": 1,
    "NEW HIND AGRO": 2,
    "RKTRAILORS": 1,
    "FALCON": 1,
    "DASMESH AGRICULTURE WORKS": 1,
    "GODREJ AND BOYCE MFG CO": 1,
    "KABMAX ELECTRIC AUTOMOBILES": 1,
    "P B NATIONAL AGRICULTURE WORKS": 1,
    "KIROL GHATGE PATIL AUTO": 1,
    "AWACHAT INDUSTRIES": 1,
    "GURU NANAK AGRO INDUSTRIES": 1,
    "IDEAL JAWA": 1,
    "M/S OLA ELECTRIC TECHNOLOGIESLTD": 2,
    "MANITOU EQUIPMENT": 1,
    "SANTKRUPA ENGG WORKS": 1,
    "MASERATI SPA": 2,
    "PAL PEUGOT": 1,
    "ASHLEY PL HAUWEL TRAILER": 1,
    "F C A": 1,
    "JCBINDIA": 1,
    "PVPLTD": 1,
    "TITAGARH AGRICO (P)": 1,
    "BYD PRIVATE": 1,
    "M/S RAVI ENGINEERING WORKS": 1,
    "NIPUN SANYANTRA": 1,
    "RAJIV RAJ VEHICLES": 1,
    "SM": 1,
    "SHIVA INDUSTRIES": 1,
    "ATLAS AUTO INDUSTRIES": 2,
    "A R AGRO TECH": 1,
    "KISSAN AGRO INDUSTRIES": 1,
    "M/S SCHWING STETTER (INDIA) PRIVATE": 1,
    "HD": 1,
    "DHIMAN AGRICULTURAL WORKS": 1,
    "EMER SPA": 1,
    "M/S PCA AUTOMOBILES": 1,
    "LAXMI TRAILERS": 1,
    "JMSSP AGRO INDUSTRIES": 1,
    "CA1215/39": 1,
    "HARESH STEEL AGRO INDUSTRIES": 1,
    "AMBAL AUTOS": 1,
    "BHM INDUSTRIES": 1,
    "RAVI ENGG WORKS": 1,
    "GLOBAL AUTOMOBILES": 1,
    "HOVEL CYLINDER": 1,
    "SCTR(I)LTD": 1,
    "XUZHOU CONSTRUCTION MACHINERY GROUP, CHINA": 1,
    "M/S MASERATI SPA": 1,
    "LAMBRETTACYCLES AND SCOOTERS": 1,
    "KALINGA VENTURES": 1,
    "ZOOMLION": 2,
    "A D AGRO WORKS": 1,
    "OLECTRA GREENTECH": 1,
    "M/S MALKIT AGROTECH": 1,
    "ECO SMART VEHICLES": 1,
    "NEW GURDIAL AGRO INDUSTRIES": 2,
    "PLANET 7 INTERNATIONAL": 1,
    "GROVE, UNITED STATES": 1,
    "SAERA ELECTRIC AUTO": 1,
    "CHRYSLER": 1,
    "KAMAZ INDUSTRIES": 1,
    "ANBU TRAILERS": 1,
    "CLASSIC LEGENDS": 1,
    "MLR (P)": 1,
    "INDIAN STRUCTURAL P": 1,
    "PREMIER AUTOMOBILES": 1,
    "TRIUMPHCYCLES (INDIA)": 1,
    "HOLLAND TRACTORS": 1,
    "SRI LAXMI ENGINEERING & WORKS": 1,
    "SUNDARALAKSHMI INDUSTRIES": 1,
    "KUMAR": 1,
    "BHARAT MANUFACTURING & ASSEMBLING E RIKSHA": 1,
    "TITAGARH AGRICO (P": 1,
    "GM DAEWOO AUTO  CO": 1,
    "JAGDISH AUTO INDUSTRIES": 1,
    "M/SAJAX ENGINEERING PRIVATE": 1,
    "SHRILAKSHMI BODY BUILDER WORKS": 1,
    "BISTI WELDING AND LATHE WORKS": 1,
    "AP SCOOTERS": 1,
    "DAIMLER CHRYSLER": 1,
    "KION": 1,
    "A P TRAILERS": 1,
    "KULAR AGRO WORKS": 1,
    "DRING HCFPORSCHE": 1,
    "PANESAR AGRO TECH": 1,
    "AUTOMOBILE PRODUCTS OF": 1,
    "SATNAM ENGG WORKS": 1,
    "M/S DASMESH AGRICULTURAL INDUSTRIES": 1,
    "DESOTO": 1,
    "RAMJI AGRO INDUSTRIES": 1,
    "APOLLO CARMIX EQUIPMENTS": 1,
    "ENFIELDIND": 1,
    "PUNJAB AGRO IMPLEMENTS INDUSTRIES": 1,
    "JEEP": 5,
    "VMT INDUSTRIES": 1,
    "ABRA": 1,
    "LAMBORGHINI": 2,
    "VT ENGINEERING": 1,
    "M/S SRI BADESHWARA ARGO INDUSTRIES": 1,
    "MINTO": 1,
    "M/S HINDUSTAN": 1,
    "KAYAMEL MACHINE PRIVATE": 1,
    "SUZUKIMCY": 2,
    "AMAZE": 7,
    "PATMAVATI": 1,
    "PLAENGINEERING WORKS": 1,
    "SHANMUKESHWARA AGRO IND": 1,
    "ROOP MECHANICAL WORKS": 1,
    "RUPAL AGRO IND": 1,
    "EA": 1,
    "DILLI ELECTRIC AUTO": 1,
    "ROADSTER AUTOMOBILES": 1,
    "ULTRA1918.T": 1,
    "OMEGA CONST EQUIPT": 1,
    "SHILPA  INDUSTRIES": 1,
    "PRAKASH METAL": 1,
    "HARJAS AGRO INDUSTRIES": 1,
    "TVSMOTORCO": 1,
    "INTERNATIONAL CARS&MOTORSLTDHP": 1,
    "BALU RAJA": 1,
    "SHRI PAVAN INDUSTRIES": 1,
    "ESCCONEQUI": 1,
    "ANDAL": 1,
    "BOMBAY CYCLE & AGENCY": 1,
    "SAKTHIVEL TRAILER WORKS": 1,
    "M/S SRI RAMA ENGCO": 1,
    "MAN FORCE TRUCKSLTD": 1,
    "HUMMER": 1,
    "SETH INDUSTRIAL CORPORATION": 1,
    "PL HAULWEL TRAILERS": 2,
    "UM LOHIA TWO WHEELERS": 1,
    "MOMI ENGINEERING WORKS": 1,
    "NEW HOLLAND FIAT": 1,
    "SONI E VEHICLE": 1,
    "SHRI VENKATESHWARA ENGINEERING WORKS": 1,
    "ZENIAK INNOVATION": 1,
    "DALIP SINGH & SONS": 1,
    "JAZZ": 1,
    "BEST WAY AGENCIES": 1,
    "KUBOTA AGRICULTURAL MACHINERYLTD": 2,
    "GAYATRI ENGINEERING WORKS": 1,
    "SHYAM ENG WORKS": 1,
    "A AND Z CO P": 1,
    "VISHAVKARMA ENGINEERING WORKS": 1,
    "VISHAVKARMA AGRO INDUSTRIES": 1,
    "LIEBHERR": 2,
    "JOHN DEERE(CROP SOLUTION DIV)": 1,
    "SHRI RAM AGRO INDUSTRIES": 1,
    "KARTAR AGRO ENGINEERS": 1,
    "CORONA BUS MANUFACTURERS (P)": 1,
    "JKAGRO INDUSTRIES": 1,
    "VARINDERA": 1,
    "FIADO INDUSTRIES": 1,
    "OM RAJ AUTOTECH LLP": 1,
    "GEHIR AGRICULTURE IND": 1,
    "ALTIGREEN PROPULSION LABS": 1,
    "FV": 2,
    "SWADESH AND TRACTORS": 1,
    "BHAI BHAI ENGINEERING WORKS": 1,
    "VOLTAS": 1,
    "INDIAN AGRO INDUSTRIES": 1,
    "KELVINATOR OF": 1,
    "MACHINERY MANU CORPN": 1,
    "ABIRAMI ENGINEERING WORKS": 1,
    "KS AGRICULTURAL INDUSTRIES": 1,
    "PREFIX ENGG": 1,
    "MANNENSMANN GERMANY": 1,
    "VISHWAS TRAILER WELD WORK": 1,
    "GURU NANAK AGRI WORKS": 1,
    "M/S FIATINDIAAUTOMOBILESPVTLTD": 1,
    "SHIVA GAYATRI ENGG WORKS": 1,
    "GOBIND AGRO INDUSTRIES": 1,
    "GK RICKSHAW": 1,
    "ARTEMIS AUTO P": 1,
    "HARMEET AGRICULTURE WORKS": 1,
    "NS AGRO WORKS": 1,
    "GILL AGRICULTURE WORKS": 1,
    "GAZ": 1,
    "VIJAYALAKSHIMI ENGG WORKS": 1,
    "ETRIO AUTOMOBILES": 1,
    "VINTAGE VEHICLES": 1,
    "GURU NANAK AGRICULTURE IMPLEMENTS": 1,
    "VST TILLERS TRACTORS": 1,
    "BSA": 1,
    "VENUS EQUIPMENT": 1,
    "SAKTHI ENGG WORKS": 1,
    "M/S MAHINDRA*": 1,
    "SOORAJ": 1,
    "BYD": 1,
    "LOTAY AGRO TECH": 1,
    "GROMAX AGRI EQUIPMENT": 1,
    "KUMAR ENGINEERING": 1,
    "P AND H": 1,
    "AVATAR ENGINEERING WORK": 1,
    "PARDEEP AGRO INDUSTRIES": 1,
    "MATHAROO AGRICULTURE IMPLIMENT": 1,
    "OKINAWA AUTOTECH": 1,
    "SHAKTIMAN AGRO INDUSTRIES": 1,
    "ROARLEO": 1,
    "MAHALINGA ENGG INDUSTRIES": 2,
    "FARGO AUTO": 1,
    "SHWETA AGRO INDUSTRIES": 1,
    "ARROW AUTOMOTIVE": 1,
    "LAL AGRO INDUSTRIES": 1,
    "CASE NEW HOLLAND CONSTRUCTION EQUIPMENT MP": 1,
    "GENERAL AGENCIES(KOLKATA)": 1,
    "KASSA RAMA COMBINES": 1,
    "CASE NEW HOLLAND CONSTRUCTION EQUIPMENT": 1,
    "G M": 1,
    "ALPSV": 2,
    "ELECTROTHERM (I": 1,
    "3EV INDUSTRIES": 1,
    "JCBL": 1,
    "INDO FARM INDUSTRIES": 1,
    "S7": 1,
    "H R AGRO INDUSTRIES": 2,
    "SHRI LAKSHIMI BODY WORKS": 1,
    "AL-ZAHOOR  CO": 1,
    "GP4825/66": 1,
    "GOMTI INDUSTRIES": 1,
    "MATHARU ENGINEERING WORKS": 1,
    "SHRI CHERAN TRAILOR": 1,
    "MAA SHAKTI EXIM": 1,
    "SAN": 1,
    "DHIMAN AGRICULTURE WORKS": 1,
    "BEML": 1,
    "DEEP DRAWN TECHNOLOGIES": 1,
    "KURUKSHETRA AUTOMOBILES (P": 1,
    "GURMUKH AGRO INDUSTRIES": 1,
    "DILIP CHHABRIA DESIGN": 1,
    "AMAR COACH BUILDERS": 1,
    "OM BALAJEE AUTOMOBILE ()": 1,
    "DATSUN": 1,
    "BHARAT PUMP COMP": 1,
    "MCLAREN AUTOMOTIVE (IMPORTER: INFINITY CARS)": 1,
    "SAGAR INDUSTRIES": 1,
    "SUNDARAM": 1,
    "NISUKI MOPEDS": 1,
    "WR-V": 1,
    "GAHIR AGRO INDUSTRIES": 1,
    "BAFNA AUTO CARS ILTD": 1,
    "ENERGY ELECTRIC VEHICLES": 1,
    "KD AGRO INDUSTRIES": 1,
    "LMV": 1,
    "RAM JI ENGINEERING WORKS": 1,
    "M/S TRIUMPHCYCLES": 1,
    "SARTAJ": 2,
    "MINI": 2,
    "J P AGRO INDUSTRIES": 1,
    "KAVERI TRAILERS": 1,
    "ALLFINE INDUSTRIES": 1,
    "SHAHJANAND AGRO IND": 1,
    "LAKSHMI VENKATASWARA INDUSTREE": 1,
    "HINDUSTAN AGRO INDUSTRIES": 1,
    "RAJMANDIR AUTO INDUSTRIES": 1,
    "SHAKTTI CONSTRUCTIONS EQUIPMENT": 1,
    "HAMM AG": 1,
    "HEMAVATHI AGRO INDUSTRIES": 1,
    "MATHARU ENGINEERING AGRI WORKS": 1,
    "MANDEEP ENGINEERING WORKS": 1,
    "A R L TRACTORS &": 1,
    "OKAYA EV": 1,
    "M S AGRO INDUSTRIES": 1,
    "M/S OKINAWA AUTOTECH": 1,
    "SHRI BALAJI TRAILERS": 1,
    "SHREYA ENGINEERS": 1,
    "DYNAPAC ROAD CONSTRUCTION EQUIPMENT": 1,
    "SURINDERA AGRO INSDUSTRIES": 1,
    "M/SSWITCH MOBILITY AUTOMOTIVE": 1,
    "YAMAHA": 3,
    "SWITCH MOBILITY AUTOMOTIVE": 1,
    "ASIA WORKS, GUJARAT": 1,
    "SJB TRACTORS": 1,
    "OMEGA SEIKI": 1,
    "M/S MAHINDRA TRUCKS&AMP;BUSES": 1,
    "INDUS CO": 1,
    "TOYATA - IMPORTED": 1,
    "AJANTA KRUSHI YANTRA": 1,
    "ADISHWAR AUTO RIDE": 1,
    "NABH": 1,
    "SWARAJMAZDASPRMZT54ETCIIIDELWB BUS STBSIII": 1,
    "DAIMLER CHRYSLER AG, GERMANY": 1,
    "LOHIA AUTO INDUSTRIES": 1,
    "BENTELY": 1,
    "TRACTORS AND FARM EQUIPMENT": 1,
    "HUBBER": 1,
    "ROLLS ROYCES - IMPORTED": 1,
    "RAPID": 1,
    "USHA ENGINEERNG CO": 1,
    "SCHWING STETTER PL": 1,
    "KARANTI AUTOMOBILES": 1,
    "MITSUBHISHI CORPORATION": 1,
    "DISPOSAL CRANE": 1,
    "INTRA": 1,
    "MONTO": 2,
    "SONALIKA INTERNATIONAL": 1,
    "R3 ENTERPRISES": 1,
    "GUJARAT NARMADA AUTO": 2,
    "MARSHAL": 1,
    "TATRA": 1,
    "GILL PREET AGRO INDUSTRIES": 1,
    "GAUTAM AGRO INDUSTRIES": 1,
    "TRACTORS&FARM EQUIPMENT": 1,
    "LEEBOY": 1,
    "SATKARTAR AGRO WORKS": 1,
    "Y A I M S": 1,
    "MITHU BAJRANG ENGWORKS": 1,
    "FARMTECH AGRO INDUSTRIES": 1,
    "YAMAHAM(I)": 1,
    "APE AUTO": 1,
    "NEW LEADER AGRO ENGINEERING WORKS": 1,
    "SHIV TRAILOR INDUSTRIES": 1,
    "ELECTROTHERM (INDIA)": 1,
    "MGM ENGG WORKS": 1,
    "KALPATARU AGROTECH": 1,
    "DAVE EXIM": 1,
    "INDUS ELECTROTHERM": 1,
    "M/S VOLKSWAGE AG 38436WOLFBURG": 1,
    "CATERPILLAR (SOZHOU) CO": 1,
    "EULER": 1,
    "DHILLON COMBINE AGRO INDUSTRY": 1,
    "PATEL INDUSTRIES": 1,
    "KAPTECH": 1,
    "AMARJEET HARVESTER INDUSTRY": 1,
    "SANY": 1,
    "KISHAN AGRO INDUSTRIES": 1,
    "M/S KS AGROTECH": 1,
    "YUSUF KHAN ENGINEERING WORKS": 1,
    "KOMATSU JAPAN": 1,
    "GODREJ & BOYCE MFG": 1,
    "\u00c5": 3,
    "HINO": 1,
    "XUV700": 5,
    "R R ENGINEERING WORKS": 1,
    "MOPEDS": 2,
    "PUNJAB AGRO INDUSTRIES": 1,
    "ENFIELD": 1,
    "SRI RAMA TRALLY INDUST KNR": 1,
    "RAMGARH TRACTORS": 1,
    "GIAN AGRO INDUSTRIES": 1,
    "NIRMAL BROTHER": 1,
    "RAMGARHIA ENGG WORKS": 1,
    "ZERMANS INNOVATIETECHNOLOGIES": 1,
    "BHARAT": 1,
    "A K GUPTA &": 1,
    "5TONS 2WH TRAILER WATER TANKER IRON BODY": 1,
    "TEST MAKER 06": 1,
    "ACTION CONST EQUIP(P)": 1,
    "RAM CHANDER & SONS": 1,
    "HECTOR-": 1,
    "MANAK AGRO TECH": 1,
    "LAKSHYA AUTO SALES CORPORATION": 1,
    "PRABHAT ENGG WORKS VIKARABAD": 1,
    "UE2820/39R": 1,
    "ANAND AGRO IND": 1,
    "VEERASAMY ENGG WORKS": 1,
    "MAHAVIR TRACTOR AND IMPLEMENTS": 1,
    "SHAMSER STDCOLTD": 1,
    "PINNACLE MOBILITY SOLUTIONS": 1,
    "LINK AGRO ENGINEERING WORKS": 1,
    "AVTAR ENGINEERING WORKS": 1,
    "PARAS INDUSTRIES": 1,
    "THE NEW MYSORE ENG WORKS": 1,
    "FARMER TRACTOR, METODA GIDC": 1,
    "APOLLO CONSTRUCTION EQUIPMENTS": 1,
    "A P I": 1,
    "DCM DAEWOO": 1,
    "VIKRAM AUTO": 1,
    "CNH INDUSTRIAL (INDIA": 1,
    "TN SMALL INDUSTRIES CORP": 1,
    "MAHINDR &AMP; MAHINDRA": 1,
    "GANI AUTOMOBILE INDUSTRIES": 1,
    "CLAAS": 1,
    "NAZAR SINGH AND SONS": 1,
    "SHEHAL PREET ENGG WORKS": 1,
    "XCENT": 1,
    "SHRI RAM TRAILOR": 1,
    "DISPOSAL TRACTOR": 1,
    "ROLLS-ROYCE CARS(IMPORTER:SELECT CARS P)": 1,
    "GAHIR AGRICULTURE INDUSTRIES": 1,
    "SWARAJMZD": 1,
    "V G SALES": 1,
    "PRIYA CRANES": 1,
    "LPK": 1,
    "ZS": 2,
    "HAZRA ENGINEERING WORKS": 1,
    "ROYAL ENF": 1,
    "KARMA MECHANICAL WORKS": 1,
    "KINETIC GREEN ENERGY & POWER SOLUTIONS": 1,
    "ARUNACHALA TRAILERS": 1,
    "BGAUSS AUTO": 1,
    "GURDEEP ENGINEERING WORKS": 1,
    "TEDC": 1,
    "GURJEET AGRO INDUSTRIES": 1,
    "S-CAB-": 2,
    "SAKTHI GANESH AUTO SERVICE": 1,
    "NARMADA INDUSTRIES": 1,
    "GURUKRAPA ENGINEERING WORKS": 1,
    "SUPER METRO INDUSTRIES": 1,
    "MANPREET AGRO INDUSTIRES NABHA": 1,
    "KARUPPIAH LATH DESHIN WORKS": 1,
    "GURDEEP AGRO  INDUSTRIES": 1,
    "ASHOK LELYAND": 1,
    "SAKSHAM TECH AUTO": 1,
    "JAI DURGA AGRICULTURAL WORKS": 1,
    "BHARATBENZ": 4,
    "ROVER": 1,
    "M/S BHARAT TRAILERS": 1,
    "M/S SRI SITSRAMA INDUSTRIES": 1,
    "ANDAVAR INDUSTRIES": 1,
    "ANDHRA PRADESH SCOOTERS": 2,
    "K D AGRO INDUSTRIES": 1,
    "JEJANI TRACORT": 1,
    "M/S CORONA BUS MANUFACTURER": 1,
    "PRINCE AGRO WORKS": 1,
    "DHANALAKSHMI ENGINEERING WORKS": 1,
    "RAMON INDUSTRIES": 1,
    "HIRA COMBINES PRIVATE": 1,
    "DURGA ENGINEERING WORKS": 1,
    "DIAMOND ENGG,CTC": 1,
    "ASIAWORKS": 1,
    "DAIMLER COMM VEH": 1,
    "ISHWAR FARMLINE EQUIPMENTS PRIVATE": 1,
    "JANTA SUPER TRAILOR": 1,
    "BRITANNI": 1,
    "HITECH AGRO INDUSTRIES": 1,
    "LOVATE LOVATEK": 1,
    "RENAULTKWID": 1,
    "DRINGHCFPORCHE AGPLATZI STU": 1,
    "SHRI KARUPPIAH DESIGN WORKS": 1,
    "VENTESWARA ENGG WORKS": 1,
    "KAISER WILLYS JEEP": 1,
    "PRINCE": 1,
    "AUTOMOTIVE": 1,
    "RELIANT ANDERSON INTL": 1,
    "BIJNOR ENTERPRISES": 1,
    "LPT": 3,
    "PARDEEP AGRO INDUSTRY": 1,
    "DASMESH-912(4X4)TRPCHARVESTERWJOHND5075ETR": 1,
    "3DX": 1,
    "ASHOK STEEL INDU": 1,
    "TWINKLE TRADCOM": 1,
    "CHERVOLET": 1,
    "SHRI RAM AUTO TECH": 1,
    "TRACLAXX TRACTORSLTD": 1,
    "GARWARE": 1,
    "AMAR AGRO IND": 1,
    "AMBIKA INDUSTRIES": 1,
    "PUGHAZ TRAILER": 1,
    "CADILLAC - IMPORTED": 1,
    "SUZIKICYCLE (I)": 1,
    "KIRLOSKAR OIL ENGINES": 1,
    "MEHBOOB GENERAL ENGINEERING WORKS": 1,
    "M/S GOLDEN AGRO ENGINEERING WORKS": 1,
    "S R AGRICULTURE EQUIPMENTS CO (P)": 1,
    "BHARATH AGRO PRODUCTS": 1,
    "SHRI SHEETHALA BAJALI": 1,
    "KAMAZ VECTRA": 1,
    "SAI KRUPA ENGG WORKS,BHMPUR": 1,
    "NEEDLE EYE PLASTIC INDUSTRIES": 1,
    "LAKSHMI AGRO INDUSTRIES": 1,
    "YASEEN AGRO INDU": 1,
    "RUPAL AGRO INDUSTRIES": 1,
    "ESCORT JCB": 1,
    "SHAKTI AUTO": 1,
    "YCELECTRIC VEHICLE": 1,
    "UJ3520/52": 1,
    "LAMBY": 1,
    "PARTAP STEELS": 1,
    "AKAL AGRO INDUSTRY": 1,
    "SITARAM INDUSTRIES": 1,
    "ASHA INDUSTRIES": 1,
    "AUTOCROLA": 1,
    "KIASONET": 1,
    "VERSATILE ENGINEERING SERVICES": 1,
    "RASANDIK ENGINEERING": 1,
    "SRI LAXMI ENGINEERING &": 1,
    "SHRI HARI AUTO": 1,
    "YANMAR CONST EQUIP CO": 1,
    "DAEWOOMOT": 1,
    "SHIVASHAKTHI ENG WORKS": 1,
    "JEEVA TRAILERS": 1,
    "2516": 1,
    "MANPREET AGRO INDUSTRIES": 1,
    "SAMRAT": 2,
    "J S AUTO (P": 1,
    "REVA ELECTRIC CAR CO": 1,
    "A3T INCORPORTED": 1,
    "MAHA MOHAN 5246": 1,
    "PANESAR AGRICULTURE INDUSTRIES": 1,
    "AZAD HIND ENGINEERING WORKS": 1,
    "F15": 1,
    "EXPO MACHINERY": 1,
    "RAJAN  INDUSTRIES": 1,
    "SUN": 1,
    "ARIHANT ENTERPRISE": 1,
    "DIVANSHU AUTOMOBILES": 1,
    "GOTTWALD": 1,
    "KRUPPA": 1,
    "INDWELL CONSTR P": 1,
    "HI-TECH INDUSTRIES": 1,
    "VEHICLE FACTORY JABALPUR": 1,
    "DEWAN AGRICULTURE WORKS": 1,
    "CA1415/39": 1,
    "BHODAY AGRO INDUSTRIES": 1,
    "ROOPRAI AGRO INDUSTRIES": 1,
    "GKON ELECTRIC VEHICLES": 1,
    "CLAAS P": 1,
    "CHARDI KALAN AGRO INDUSTRIES": 1,
    "VENKATESHWARA ENGINEERING WORK": 1,
    "EVOLUTION AUTOTECH": 1,
    "HAMPI TRACTORS": 1,
    "ANNAI ENGINEERING WORKS": 1,
    "GOBINDA WORKS": 1,
    "MONTANA": 1,
    "BSMS AGRICULTURE WORKSHOP": 1,
    "RASANDIK ENGINEERING INDUSTRIES": 1,
    "JBM INDUSTRIES": 1,
    "CHAMPION POLY PLAST": 1,
    "MEENAMBAL ENGG  INDUSTRIES": 1,
    "SAGGU AGRO INDUSTRIES": 1,
    "KALSI AGRICULTURAL WORKS": 1,
    "URAL": 1,
    "AYISHA AGRO INDUSTRIES": 1,
    "3718IL": 1,
    "MUNDE MECHANICAL WORKS": 1,
    "THE TRUE SAI WORKS": 1,
    "SATNAM AGRO ENGINEERING": 1,
    "REHOBATH": 1,
    "ARJAN AGRICULTURE WORKS": 1,
    "SAGGU AGRO INDUSTRIES (REGD)": 1,
    "JUPITER": 1,
    "MAESTRO": 1,
    "ANAMALAI TRACTOR": 1,
    "PIAGGIO(AP1)": 1,
    "NEW GOBIND AGRO INDUSTRIES": 1,
    "HD HYUNDAI CONSTRUCTION EQUIPMENT": 1,
    "NEW GOLDEN AGRICULTURE": 1,
    "RSB AGRO INDUSTRIES": 1,
    "DALIP SINGH AND SONS": 1,
    "SAATHI TRADING CO": 1,
    "YEZDI": 1,
    "3718COWL(L10450": 1,
    "MAHABOOB ENGINEERING WORKS": 1,
    "GAYATHRY AGRO TRAILORS": 1,
    "MLR AUTO  BALANAGAR": 1,
    "OPEL": 1,
    "SRI SAI ENGINEERING WORKS": 1,
    "EVCO AUTOMOBILES": 1,
    "UNITED KINGDOM GROVE": 1,
    "VASANTHI AUTOMOBILES": 1,
    "CRANE KRAFT PRIVATE": 1,
    "EIMCO ELECON": 1,
    "JOHN DHEERS": 1,
    "MODERN INDUSTRIES": 1,
    "SATWANT AGRO TECH": 1,
    "UNIQUE INTERNATIONAL": 1,
    "M/S RACE AUTOMOTIVE ()LTD": 1,
    "NARINDERA AGRO WORKS": 1,
    "SRI MARUTHI AGRICULTURAL INDUSTRY": 1,
    "MSLTD": 1,
    "DM AGRO INDUSTERIES": 1,
    "UNIVERSAL": 1,
    "DEV AGRO INDUSTRIES": 1,
    "EXECUTIVE": 1,
    "VASHAN AGRICULTURE WORKS": 2,
    "SIGNA4825.TK": 1,
    "SHRI MAHALAXMI AGRO IND": 1,
    "NANDEESH \u00a0MOTORS": 1,
    "PUBANG ETRON ELECTRIC": 1,
    "LAL CHAND AGRICULTURE WORKS": 1,
    "CA1415/32": 1,
    "2518C/4": 1,
    "L&T-JOHN DEERE": 1,
    "AKSHAR AGRO LNDUSTRIES": 1,
    "SKCARS": 1,
    "JT SPECIAL VEHICLES": 1,
    "S E ASIA CO": 1,
    "M/S OLECTRA GREENTECH SECUNDERABAD": 1,
    "AIMS FARM EQUIPMENTS": 1,
    "RESINGLASS AND FABS": 1,
    "DAIHATSU": 1,
    "PREET AGRO": 1,
    "RAMANJANEYA TRAILORS": 1,
    "SARASWATI ENGG": 1,
    "WUXI SAIGE (IMPORTER: WARIVO)": 1,
    "PUNJAB HI-TECH INDUSTRIES": 1,
    "FRIENDS AGRO INDUSTRIES": 1,
    "KATO NISSAN": 1,
    "GUJARAT TRACTOR CORP": 2,
    "EICHER10.75E": 1,
    "1616": 1,
    "JAYANTI AGRO CENTRES": 1,
    "JUBILANT": 1,
    "XCMG CONSTRUCTION MACHINERY": 1,
    "M/S BHASKARA INDUSTRIES": 1,
    "ASHOKA ALLIED INDUSTRIES": 1,
    "GULSHAN AGRO INDUSTRIES": 1,
    "TRATEC ENGINEERS": 1,
    "LANSON": 1,
    "CHIRAG AUTO INDUSTRIES": 1,
    "CLASSIC": 1,
    "GREEN FIELD FARM EQPMTS": 1,
    "ANJANEYA AGRO": 1,
    "SRI SAI THIRUMALA ENG": 1,
    "LOTIA": 1,
    "VANDANA INDUSTRIES": 1,
    "PREMIER ESOL TECHNOLOGIES": 1,
    "M/S AUDI SPORT GMBH": 1,
    "AASHI AUTOMOBILES": 1,
    "SRI SAI DURGA ENGG WORKS": 1,
    "M K BROTHERS": 1,
    "BHAMRA TRAILOR WORKS": 1,
    "IPL TECH ELECTRIC": 1,
    "BANSURI AUTO": 1,
    "M/S DADAR ENGINEERING WORKS": 1,
    "KRISHI ENGINEERING WORKS": 1,
    "GURU NANAK AGRO IND": 1,
    "BHARDWAJ AGRO INDUSTRIES": 1,
    "KARNAVATI AUTO": 1,
    "AGRAWAL RENEWABLE ENERGY": 1,
    "KOKILA ENGINEERING": 1,
    "AVL ELECTRIC VEHICLES": 1,
    "APM AUTO SALES": 1,
    "NEW FRIENDS INDUSTRIES": 1,
    "SHRI MEENAKSHI TRADERS": 1,
    "ND INDUSTRIES": 1,
    "DHIMAN AGRO INDUSTRIES": 1,
    "RAJAJ AUTO": 1,
    "BESTWAY AGENCIES": 1,
    "INDIAN AUTO RAYONS": 1,
    "GAJENDRA TRAILERS": 1,
    "VENUS AUTO WHEELS": 1,
    "VERITO": 1,
    "DOOSAN BOBCAT": 1,
    "DEMAG": 1,
    "FARM EQUIPMENT": 1,
    "AVENGER": 1,
    "SANSAR COMBINE": 1,
    "RAMA ENGINEERING WORKS": 1,
    "ALLWYN": 1,
    "M/S SRI SAI RAMA AGRO WORKS": 1,
    "ADITYA AGRO INDUSTRIES": 1,
    "BALJEET KRISHI YANTRA": 1,
    "H D AUTOMOTIVES": 1,
    "PERUMAL TRAILERS": 1,
    "MANKU AGRO TECHPVTLTD": 1,
    "GAHIR AGRICULTURAL INDUSTRIES": 1,
    "AKASH KRISHI YANTRA": 1,
    "MARIS ENGINEERING": 1,
    "BABA E-VEHICLES": 1,
    "J K TRAILERS": 1,
    "SHRI KRISHNA AGRO ENGINEERING": 1,
    "CASE NEW HOLLAND CONSTRUCTION EQUIPMENT(I": 1,
    "3GB TECHNOLOGY": 1,
    "SIWACH STEEL": 1,
    "VISHVAS TRACTORS": 1,
    "ADAPT": 1,
    "RAVINDRA AGRO WORKS": 1,
    "NEW DEVE AGRO WORKS": 1,
    "HECTORPLUS6": 1,
    "AADHYA ENTERPRISES": 1,
    "Y C ELECTRIC VEHICLE": 1,
    "LECTRIX EV": 1,
    "CB": 1,
    "KMCO": 1,
    "AMAN AGRO INDUSTRIES": 1,
    "SUNKU AUTO": 1,
    "M/S SRI VENKATESHWARA ENGINEERING WORKSHOP,SIRPUR": 1,
    "YATI INDUSTRIES": 1,
    "DAIMLER CHRYSLER AG,STUTTGART": 1,
    "L&T CONSTRUCTION MACHINERY": 1,
    "DELTA AUTOCORP LLP": 1,
    "HOTAGE": 1,
    "BANSAL AGRICULTURE IMPLEMENTS": 1,
    "SAGAR ENGGINEERING WORKS NLG": 1,
    "NIKHIL FURNITURES": 1,
    "MAHINDR  MAHINDRA": 1,
    "RSAGRO INDUSTRIES": 1,
    "GEMAG CONSTRUCTION MACHINARY": 1,
    "CEEON": 1,
    "EON": 1,
    "BHAVNA AGRO INDUSTRIES": 1,
    "ADICO ESCORTS AGRI EQUIPMENTS": 1,
    "AUTPRODIND": 1,
    "INDIAN MILITARY TRAILORS": 1,
    "VINAY INDUSTRIES": 1,
    "CHALAM FORM EQUPMENTS": 1,
    "CHANDEL AUTO MOBILE": 1,
    "SANY HEAVY INT PR C": 1,
    "AUTO COROLLA": 1,
    "RACCOON": 1,
    "M/S SRI SHIVA AGRO INDUSTRIES": 1,
    "INA": 1,
    "SKS TRADE": 1,
    "NAZAR SINGH & SONS": 1,
    "ACTION CONSTR EQUIP P": 1,
    "N0VA AUTOMOTIVE TECHNOLOGIES": 1,
    "BRIGHT AUTOZONE": 1,
    "KIASONETG1.0T-GDI": 1,
    "UNIQUE ENTERPRISES": 1,
    "AGRI KING": 1,
    "LIUGONG IND": 1,
    "SOMAYAJI  INDUSTRIES": 1,
    "SINGHAL ENTERPRISES": 1,
    "KALINGA AUTO ENGG": 1,
    "VIKAS INDUSTRIES KURAI": 1,
    "BHOGAL COMBINE SPARE PARTS": 1,
    "JAIKISSAN  AGROSOLUTIONS MEDAK": 1,
    "AJAX FIORI ENGG P": 1,
    "BHAGYAWANTI TRAILERS": 1,
    "PASHUPATI VEHICLE": 1,
    "JASWANT AGRICULTURE WORKS": 1,
    "M/S HOVEL CYLINDER": 1,
    "HARLEY DAVIDSON": 1,
    "LEXUS": 1,
    "MSENGWORKS, NIMAPADA": 1,
    "LPT4825": 1,
    "NRJ ELECTRIC VEHICLES": 1,
    "M/S JAGUAR LAND ROVER": 1,
    "MAHARASTRA SCOOTERS": 1,
    "JAYO": 1,
    "MB AGRO INDUSTRIES": 1,
    "AMRINDERA ENGINEERING WORKS": 1,
    "HERCULES CRANELTD": 1,
    "N S GIRIMAJI AND SONS": 1,
    "VOLTAS MATERIAL HANDLING": 1,
    "MOHAN GENERAL TRADING": 1,
    "MANITOWOC": 1,
    "KUSHAQ": 1,
    "ELECTROTHERM (I)": 1,
    "SS1009.4D4RB": 1,
    "A R T WELDING WORKS": 1,
    "TIRTH AGRO TECHNOLOGY": 1,
    "DRINGHCFPORSCHE AG": 1,
    "HARJEET AGRO INDUSTRIES": 1,
    "IDEAL JAVA": 1,
    "AMAR ENGG WORKS": 1,
    "ANGAD AGRO INDUSTRIES": 1,
    "M/S VOLVO GROUP PRIVATE": 1,
    "ASIAN POWER LINES": 1,
    "LAHORI AGRO INDUSTRIES": 1,
    "KHALSA E-VEHICLES": 1,
    "HANUMAN FOUNDRY WORKERS": 1,
    "SANDHYA ENGG WORKS": 1,
    "TORSO": 1,
    "SCHWING STETTER F-17 TAMILNADU": 1,
    "S B TRAILORS": 1,
    "EXIDE INDUSTRIES": 1,
    "LOVELY AGRO INDUSTRIES": 1,
    "SHRUNGANATH MINI TRAILER": 1,
    "PLAUDIT TECHNO": 1,
    "PMI ELECTRO MOBILITY SOLUTIONS PRIVATE": 1,
    "APSARA ENTERPRISE": 1,
    "MARUTHI": 1,
    "PACE AGRO PRIVATE": 1,
    "JYOTI INDUSTRIES": 1,
    "SHRI SIDDESHWARA TRAILORS": 1,
    "NEW ARCANA": 1,
    "ROOP RAI AGRO IND": 1,
    "LORAIN": 1,
    "MARUTIGRANDVITARASMARTHYBRIDALPHA1.5L5MT": 1,
    "ULTRA": 1,
    "VENTO": 1,
    "M/S POWER TECH TECHNOLOGY": 1,
    "G S N ENGINEERING WORKS": 1,
    "BABAR ENGINEERING WORKS": 1,
    "CIMMCO": 1,
    "INDO AUTO": 1,
    "PURAN ENGINEERING WORKS": 1,
    "OM SARAVANA ENGG INDUSTRIES": 1,
    "J K AGRO INDUSTRIES": 1,
    "VANI ELECTRIC VEHICLES": 1,
    "B F ENGINEERING WORKS": 1,
    "GAYATRI ELECTRIC VEHICLES": 1,
    "MICRO AUTOTECH": 1,
    "LAXMI ENGINEERING WORKS": 1,
    "ANNAMALAI TRAILORS": 1,
    "M/S TATA,PUNE": 1,
    "M/S SRI KARTHEEK ENGINEERING WORKS": 1,
    "MOPEDS \u00c2\u00a0\u00c2\u00a0\u00c2\u00a0\u00c2\u00a0\u00c2\u00a0\u00c2\u00a0\u00c2\u00a0\u00c2\u00a0\u00c2\u00a0\u00c2\u00a0\u00c2\u00a0\u00c2\u00a0\u00c2": 1,
    "TAMILNADU MOPEDS": 1,
    "M/S MANITOU EQUIPMENT": 1,
    "GURU": 1,
    "VIJAY SUPER MAKERS": 1,
    "LANCIA THEMA": 1,
    "M G CAR": 1,
    "SHRI NAMO ELECTRIC AUTOMOTIVE": 1,
    "MALIK ENGINEERING WORKS": 1,
    "OM MAHALAKSHIMI ENG WORKS": 1,
    "SHRI KIRAN AGRO INDUSTRIES": 1,
    "GREAVES ELECTRIC MOBILITY": 1,
    "KBS AUTOMOBILES": 1,
    "MORRIS GARAGE CO,": 1,
    "IFE": 1,
    "BALAJI AGRO INDUSTRIES": 1,
    "SUKHDEV AGRO INDUSTRIES": 1,
    "PUR ENERGY": 1,
    "KRUP P": 1,
    "LAKSHMI ENGG WORKS": 1,
    "ACTIVA125": 1,
    "SPEED CRAFTS": 1,
    "AADITYA GARBAGE PRODUCTS": 1,
    "DCM TOYOTA": 1,
    "PANDU RANGA AGRO INDUSTRIES": 1,
    "SICHUAN CHANGJIANG": 1,
    "IMPORTED VEHICLE": 1,
    "SKYRIDE AUTOMOTIVE": 1,
    "KRUSHIRAJ ENGINEERING WORKS": 1,
    "RAVI TRAILERS": 1,
    "MEGHA AGRO INDUSTRIES": 1,
    "AMMANN APOLLO": 1,
    "M/S MAHINDRA LAST MILE MOBILITY": 1,
    "SAME DEUTZ-FAHR (P)": 1,
    "DAIMLER CHRYSLER AG": 1,
    "NEW MALLIKARJUNA ENG WORKS": 1,
    "MB ENGINEERING WORKS": 1,
    "MATHAROO BROTHERS AGRO TECH": 1,
    "DETUSCHE GROVE GMBH": 1,
    "DYS IMPEX PRIVATE": 1,
    "SUPERTECH EV": 1,
    "UM4220/66": 1,
    "SIGNA": 1,
    "AUTOM PROD": 1,
    "GOPAL STEEL INDUSTRIES": 1,
    "IVECO SPA": 1,
    "AKASH EQUIPMENTS & MACHINERIES (P)": 1,
    "CITYGREEN AUTO & PETRO CHEMICALS (P)": 1,
    "MAHAMAYA INDUSTRIES": 1,
    "PANESARAGRICULTUREINDUSTRIES P": 1,
    "BALBIR INDUSTRIES": 1,
    "PARI METRO E RICKSHAW": 1,
    "MAGIRUS DEUTZ": 1,
    "VEERA VIDYUTH VAHANA": 1,
    "GARELLI": 1,
    "HOMAR BV": 1,
    "CENTURY": 1,
    "MANITA CITY LLP": 1
  },
  "top_manufacturers": [
    {
      "name": "MARUTI",
      "count": 130
    },
    {
      "name": "MAHINDRA",
      "count": 78
    },
    {
      "name": "TATA",
      "count": 58
    },
    {
      "name": "HYUNDAI",
      "count": 36
    },
    {
      "name": "TOYOTA",
      "count": 24
    },
    {
      "name": "EICHER",
      "count": 24
    },
    {
      "name": "HONDA",
      "count": 20
    },
    {
      "name": "ASHOK LEYLAND",
      "count": 19
    },
    {
      "name": "HERO",
      "count": 17
    },
    {
      "name": "SKODA",
      "count": 14
    },
    {
      "name": "VOLKSWAGEN",
      "count": 14
    },
    {
      "name": "ESCORTS",
      "count": 14
    },
    {
      "name": "KIA",
      "count": 12
    },
    {
      "name": "FORD",
      "count": 11
    },
    {
      "name": "RENAULT",
      "count": 11
    },
    {
      "name": "BAJAJ",
      "count": 9
    },
    {
      "name": "NISSAN",
      "count": 9
    },
    {
      "name": "VOLVO",
      "count": 8
    },
    {
      "name": "FIAT",
      "count": 7
    },
    {
      "name": "TVS",
      "count": 7
    },
    {
      "name": "AMAZE",
      "count": 7
    },
    {
      "name": "MERCEDES",
      "count": 6
    },
    {
      "name": "GENERAL",
      "count": 6
    },
    {
      "name": "CITY",
      "count": 6
    },
    {
      "name": "FORCE",
      "count": 5
    },
    {
      "name": "BMW",
      "count": 5
    },
    {
      "name": "AUDI",
      "count": 5
    },
    {
      "name": "JEEP",
      "count": 5
    },
    {
      "name": "XUV700",
      "count": 5
    },
    {
      "name": "SML ISUZU",
      "count": 4
    },
    {
      "name": "VE COMMERCIAL VEHICLES",
      "count": 4
    },
    {
      "name": "CHEVROLET",
      "count": 4
    },
    {
      "name": "SUZUKI",
      "count": 4
    },
    {
      "name": "ISUZU",
      "count": 4
    },
    {
      "name": "JCB",
      "count": 4
    },
    {
      "name": "SWARAJ",
      "count": 4
    },
    {
      "name": "11.10",
      "count": 4
    },
    {
      "name": "BHARATBENZ",
      "count": 4
    },
    {
      "name": "PORSCHE",
      "count": 3
    },
    {
      "name": "PIAGGIO VEHICLES",
      "count": 3
    },
    {
      "name": "INTERNATIONAL TRACTORS",
      "count": 3
    },
    {
      "name": "TAFE",
      "count": 3
    },
    {
      "name": "ATUL AUTO",
      "count": 3
    },
    {
      "name": "M/S KIA",
      "count": 3
    },
    {
      "name": "DAEWOO",
      "count": 3
    },
    {
      "name": "WILLYS",
      "count": 3
    },
    {
      "name": "FERRARI",
      "count": 3
    },
    {
      "name": "SUPREME",
      "count": 3
    },
    {
      "name": "HINDUSTAN",
      "count": 3
    },
    {
      "name": "KINETIC HONDA",
      "count": 3
    }
  ],
  "all_unique_manufacturers": [
    "\"VOLVO GROUP\"",
    "10.90",
    "11.10",
    "1616",
    "2516",
    "2518C/4",
    "3718COWL(L10450",
    "3718COWL(L10450)",
    "3718IL",
    "3DX",
    "3EV INDUSTRIES",
    "3GB TECHNOLOGY",
    "3S INDUSTRIES PRIVATE",
    "5TONS 2WH TRAILER WATER TANKER IRON BODY",
    "A AND Z CO P",
    "A D AGRO WORKS",
    "A J S",
    "A K GUPTA &",
    "A P I",
    "A P TRAILERS",
    "A R AGRO TECH",
    "A R L TRACTORS &",
    "A R T WELDING WORKS",
    "A1 HEAVY EQUIPMENTS DEVELOPER",
    "A3T INCORPORTED",
    "AADHYA ENTERPRISES",
    "AADITYA EMOTORS",
    "AADITYA GARBAGE PRODUCTS",
    "AASHI AUTOMOBILES",
    "ABIRAMI ENGINEERING WORKS",
    "ABRA",
    "ACTION CON",
    "ACTION CONST EQUIP(P)",
    "ACTION CONSTR EQUIP P",
    "ACTION CONSTRUCTION EQUIP",
    "ACTION CONSTRUCTION EQUIPMENT",
    "ACTIVA125",
    "ADAPT",
    "ADICO ESCORTS AGRI EQUIPMENTS",
    "ADISHWAR AUTO RIDE",
    "ADITYA AGRO INDUSTRIES",
    "AGRAWAL RENEWABLE ENERGY",
    "AGRI KING",
    "AGRI TECH ENGINEER",
    "AGRO INDUSTRIES",
    "AIMS FARM EQUIPMENTS",
    "AJANTA  AGRO",
    "AJANTA KRUSHI YANTRA",
    "AJAX ENGINEERING",
    "AJAX FIORI ENGG P",
    "AJAX FIORI ENGINEERING",
    "AKAL AGRO INDUSTRY",
    "AKASH EQUIPMENTS & MACHINERIES (P)",
    "AKASH KRISHI YANTRA",
    "AKSHAR AGRO LNDUSTRIES",
    "AL-ZAHOOR  CO",
    "ALL TERRAIN CRANE",
    "ALLFINE INDUSTRIES",
    "ALLWYN",
    "ALPSV",
    "ALTIGREEN PROPULSION LABS",
    "AMAN AGRO INDUSTRIES",
    "AMAR AGRO IND",
    "AMAR COACH BUILDERS",
    "AMAR ENGG WORKS",
    "AMARJEET HARVESTER INDUSTRY",
    "AMAZE",
    "AMBAL AUTOS",
    "AMBIKA INDUSTRIES",
    "AMMANN APOLLO",
    "AMPERE VEHICLES",
    "AMPERE VEHICLES PRIVATE",
    "AMRINDERA ENGINEERING WORKS",
    "AMUTHA TRAILERS",
    "AMW",
    "ANAMALAI TRACTOR",
    "ANAND AGRO IND",
    "ANBU TRAILERS",
    "ANDAL",
    "ANDAVAR INDUSTRIES",
    "ANDHRA PRADESH SCOOTERS",
    "ANGAD AGRO INDUSTRIES",
    "ANJANEYA AGRO",
    "ANNAI ENGINEERING WORKS",
    "ANNAMALAI TRAILORS",
    "AP SCOOTERS",
    "APE AUTO",
    "API",
    "APM AUTO SALES",
    "APOLLO CARMIX EQUIPMENTS",
    "APOLLO CONSTRUCTION EQUIPMENTS",
    "APSARA ENTERPRISE",
    "ARASAN AND",
    "ARIHANT ENTERPRISE",
    "ARJAN AGRICULTURE WORKS",
    "ARJUN",
    "ARROW AUTOMOTIVE",
    "ARTEMIS AUTO P",
    "ARUL",
    "ARUNACHALA TRAILERS",
    "ARYA",
    "ASHA INDUSTRIES",
    "ASHLEY PL HAUWEL TRAILER",
    "ASHOK LELYAND",
    "ASHOK LEYLAND",
    "ASHOK STEEL INDU",
    "ASHOKA ALLIED INDUSTRIES",
    "ASIA BODY BUILDERS & MANUFACTURERS",
    "ASIA WORK",
    "ASIA WORKS, GUJARAT",
    "ASIAN POWER LINES",
    "ASIAWORKS",
    "ATHER ENERGY",
    "ATLAS AUTO INDUSTRIES",
    "ATUL AUTO",
    "AUDI",
    "AUTO COROLLA",
    "AUTOCROLA",
    "AUTOM PROD",
    "AUTOMOBILE PRODUCTS OF",
    "AUTOMOBILI LAMBORGHINI SPA",
    "AUTOMOTIVE",
    "AUTPRODIND",
    "AVATAR ENGINEERING WORK",
    "AVENGER",
    "AVL ELECTRIC VEHICLES",
    "AVTAR ENGINEERING WORKS",
    "AWACHAT INDUSTRIES",
    "AYISHA AGRO INDUSTRIES",
    "AZAD HIND ENGINEERING WORKS",
    "B F ENGINEERING WORKS",
    "BA",
    "BABA E-VEHICLES",
    "BABAR ENGINEERING WORKS",
    "BAFNA AUTO CARS ILTD",
    "BAJAJ",
    "BAJAJTEMPO",
    "BALAJI AGRO INDUSTRIES",
    "BALAWAN TRACTORS",
    "BALBIR INDUSTRIES",
    "BALDEV AUTO AGRO",
    "BALJEET ENGINEERING WORKS",
    "BALJEET KRISHI YANTRA",
    "BALU RAJA",
    "BANSAL AGRICULTURE IMPLEMENTS",
    "BANSURI AUTO",
    "BAYERISCHEEN WERKE AG",
    "BEML",
    "BENTELY",
    "BENTLEY",
    "BEST WAY AGENCIES",
    "BESTWAY AGENCIES",
    "BGAUSS AUTO",
    "BHAGWAN AGRO INDUSTRIES",
    "BHAGYAWANTI TRAILERS",
    "BHAI BHAI ENGINEERING WORKS",
    "BHAMRA TRAILOR WORKS",
    "BHARAT",
    "BHARAT MANUFACTURING & ASSEMBLING E RIKSHA",
    "BHARAT PUMP COMP",
    "BHARATBENZ",
    "BHARATH AGRO PRODUCTS",
    "BHARATH ENGINEERING WORKS",
    "BHARATH INDUSTRIES",
    "BHARDWAJ AGRO INDUSTRIES",
    "BHAVNA AGRO INDUSTRIES",
    "BHM INDUSTRIES",
    "BHODAY AGRO INDUSTRIES",
    "BHOGAL COMBINE SPARE PARTS",
    "BIJNOR ENTERPRISES",
    "BISTI WELDING AND LATHE WORKS",
    "BLUE ENERGY COMMERCIAL VEHICLES",
    "BMW",
    "BOMBAY CYCLE & AGENCY",
    "BOSE ENTERPRISE",
    "BRIGHT AUTOZONE",
    "BRITANNI",
    "BROOKE BOND",
    "BSA",
    "BSMS AGRICULTURE WORKSHOP",
    "BULL MACHINES",
    "BYD",
    "BYD PRIVATE",
    "CA1215/39",
    "CA1415/32",
    "CA1415/39",
    "CADILLAC - IMPORTED",
    "CAPTAIN TRACTORS",
    "CASE EQUIPMENT PRIVATE",
    "CASE NEW HOLLAND CONSTRUCTION EQUIPMENT",
    "CASE NEW HOLLAND CONSTRUCTION EQUIPMENT MP",
    "CASE NEW HOLLAND CONSTRUCTION EQUIPMENT(I",
    "CASE NEW HOLLAND CONSTRUCTION EQUIPMENT(I)",
    "CATERPILLAR (SOZHOU) CO",
    "CATERPILLAR P",
    "CATERPILLAR PRIVATE",
    "CB",
    "CEEON",
    "CENTURY",
    "CHALAM FORM EQUPMENTS",
    "CHAMPION POLY PLAST",
    "CHANADAN AGRO IND",
    "CHANDEL AUTO MOBILE",
    "CHANGLIN",
    "CHANNY AGRO INDUSTRIES",
    "CHARDI KALAN AGRO INDUSTRIES",
    "CHATELEC VEHICLES",
    "CHERAN TRAILERS",
    "CHERVOLET",
    "CHEVROLET",
    "CHIRAG AUTO INDUSTRIES",
    "CHRYSLER",
    "CIMMCO",
    "CITY",
    "CITYGREEN AUTO & PETRO CHEMICALS (P)",
    "CLAAS",
    "CLAAS P",
    "CLASSIC",
    "CLASSIC LEGENDS",
    "CNH INDUSTRIAL (INDIA",
    "CNH INDUSTRIAL (INDIA)",
    "COLES CRANE",
    "CONTINENTAL ENGINES",
    "CORONA BUS MANUFACTURERS (P)",
    "CRANE KRAFT PRIVATE",
    "D C",
    "D M AGRO INDUSTRIES",
    "DAEWOO",
    "DAEWOOMOT",
    "DAIHATSU",
    "DAIMLER AG",
    "DAIMLER AG STUTTGART",
    "DAIMLER CHRYSLER",
    "DAIMLER CHRYSLER AG",
    "DAIMLER CHRYSLER AG, GERMANY",
    "DAIMLER CHRYSLER AG,STUTTGART",
    "DAIMLER CHRYSLER P",
    "DAIMLER COMM VEH",
    "DAIMLER COMMERCIAL VEHICLES",
    "DAIMLER(I)COMMERCIAL VEH P",
    "DAIMLER(ICOMMERCIAL VEH P",
    "DAKSH INDUSTRIES",
    "DALIP SINGH & SONS",
    "DALIP SINGH AND SONS",
    "DASHMESH AGRICULTURE WORKS",
    "DASHMESH MECH WORKS",
    "DASMESH AGRICULTURAL INDUSTRIES",
    "DASMESH AGRICULTURE WORKS",
    "DASMESH MECHANICAL WORKS",
    "DASMESH MECHANICAL WORKSLTD",
    "DASMESH-912(4X4)TRPCHARVESTERWJOHND5075ETR",
    "DATSUN",
    "DAVE EXIM",
    "DCM DAEWOO",
    "DCM TOYOTA",
    "DEEP DRAWN TECHNOLOGIES",
    "DELTA AUTOCORP LLP",
    "DEMAG",
    "DEMAG DEMAG HC 340",
    "DEMAGE",
    "DESOTO",
    "DETUSCHE GROVE GMBH",
    "DEV AGRO INDUSTRIES",
    "DEWAN AGRICULTURE WORKS",
    "DHANALAKSHMI ENGINEERING WORKS",
    "DHILLON COMBINE AGRO INDUSTRY",
    "DHIMAN AGRICULTURAL WORKS",
    "DHIMAN AGRICULTURE",
    "DHIMAN AGRICULTURE WORKS",
    "DHIMAN AGRO INDUSTRIES",
    "DIAMOND ENGG,CTC",
    "DILIP CHHABRIA DESIGN",
    "DILLI ELECTRIC AUTO",
    "DISPOSAL CRANE",
    "DISPOSAL TRACTOR",
    "DIVANSHU AUTOMOBILES",
    "DM AGRO INDUSTERIES",
    "DODGE",
    "DOOSAN BOBCAT",
    "DRING HCFPORSCHE",
    "DRINGHCFPORCHE AGPLATZI STU",
    "DRINGHCFPORSCHE AG",
    "DSK MOTOWHEELS",
    "DUCATI HOLDING SPA",
    "DURGA ENGINEERING WORKS",
    "DYNAPAC ROAD CONSTRUCTION EQUIPMENT",
    "DYS IMPEX PRIVATE",
    "EA",
    "ECO SMART VEHICLES",
    "ECOMET",
    "EICH TRA L",
    "EICHER",
    "EICHER10.75E",
    "EIMCO ELECON",
    "EKO VEHICLE PRIVATE",
    "ELECTROTHERM (I",
    "ELECTROTHERM (I)",
    "ELECTROTHERM (INDIA)",
    "EMER SPA",
    "ENERGY ELECTRIC VEHICLES",
    "ENFIELD",
    "ENFIELDIND",
    "EON",
    "ESCCONEQUI",
    "ESCORT JCB",
    "ESCORTS",
    "ESCORTSLTD",
    "ETRIO AUTOMOBILES",
    "EULER",
    "EVCO AUTOMOBILES",
    "EVERGREEN AGRO AGENCIES",
    "EVOLUTION AUTOTECH",
    "EXECUTIVE",
    "EXIDE INDUSTRIES",
    "EXPO MACHINERY",
    "F C A",
    "F15",
    "FALCON",
    "FARGO AUTO",
    "FARM EQUIPMENT",
    "FARMER TRACTOR, METODA GIDC",
    "FARMTECH AGRO INDUSTRIES",
    "FCA AUTOMOBILES PRIVATE",
    "FERRARI",
    "FIADO INDUSTRIES",
    "FIAT",
    "FORCE",
    "FORCEMOTOR",
    "FORD",
    "FRIENDS AGRO INDUSTRIES",
    "FUJI HEAVY INDUSTRIES",
    "FV",
    "G M",
    "G S N ENGINEERING WORKS",
    "GAHIR AGRICULTURAL INDUSTRIES",
    "GAHIR AGRICULTURE INDUSTRIES",
    "GAHIR AGRO INDUSTRIES",
    "GAHIR INDUSTRIES",
    "GAJENDRA TRAILERS",
    "GANI AUTOMOBILE INDUSTRIES",
    "GARELLI",
    "GARWARE",
    "GAUTAM AGRO INDUSTRIES",
    "GAYATHRY AGRO TRAILORS",
    "GAYATRI ELECTRIC VEHICLES",
    "GAYATRI ENGINEERING WORKS",
    "GAZ",
    "GEHIR AGRICULTURE IND",
    "GEMAG CONSTRUCTION MACHINARY",
    "GENERAL",
    "GENERAL AGENCIES(KOLKATA)",
    "GENMOTORS",
    "GIAN AGRO INDUSTRIES",
    "GILL AGRICULTURE WORKS",
    "GILL AGROTECH",
    "GILL MECHANICAL WORKS",
    "GILL PREET AGRO INDUSTRIES",
    "GILLPREETAGRO INDUSTRIES",
    "GK RICKSHAW",
    "GKON ELECTRIC VEHICLES",
    "GLOBAL AUTOMOBILES",
    "GM DAEWOO AUTO  CO",
    "GM DAEWOO AUTO & TECHNOLOGY CO",
    "GOBIND AGRO INDUSTRIES",
    "GOBINDA WORKS",
    "GODREJ & BOYCE MFG",
    "GODREJ AND BOYCE MFG CO",
    "GOMTI INDUSTRIES",
    "GOPAL STEEL INDUSTRIES",
    "GOTTWALD",
    "GP4825/66",
    "GRD",
    "GREAVES",
    "GREAVES COTTON",
    "GREAVES ELECTRIC MOBILITY",
    "GREEN FIELD FARM EQPMTS",
    "GROMAX AGRI EQUIPMENT",
    "GROVE",
    "GROVE, UNITED STATES",
    "GUJARAT NARMADA AUTO",
    "GUJARAT TRACTOR CORP",
    "GULSHAN AGRO INDUSTRIES",
    "GURDAIAL AGRO TECH",
    "GURDAS SINGH & SONS",
    "GURDEEP AGRO  INDUSTRIES",
    "GURDEEP ENGINEERING WORKS",
    "GURJEET AGRO INDUSTRIES",
    "GURM AGRICULTURE WORKS",
    "GURMUKH AGRO INDUSTRIES",
    "GURU",
    "GURU NANAK AGRI ENGG WORKS",
    "GURU NANAK AGRI WORKS",
    "GURU NANAK AGRICULTURE",
    "GURU NANAK AGRICULTURE IMPLEMENTS",
    "GURU NANAK AGRO IND",
    "GURU NANAK AGRO INDUSTRIES",
    "GURU RAMDAS AGROTECH",
    "GURU TRAILER",
    "GURUKRAPA ENGINEERING WORKS",
    "GURUNANAK AGRI ENG WORKS",
    "GURUNANAK INDUSTRIES",
    "H D AUTOMOTIVES",
    "H R AGRO INDUSTRIES",
    "H-D",
    "HAMM AG",
    "HAMPI TRACTORS",
    "HANUMAN FOUNDRY WORKERS",
    "HARDEV AGRO TECH",
    "HARESH STEEL AGRO INDUSTRIES",
    "HARJAS AGRO INDUSTRIES",
    "HARJEET AGRO INDUSTRIES",
    "HARLEY DAVIDSON",
    "HARMEET AGRICULTURE WORKS",
    "HARVEL TRACTOR FARM EQUIPMENTS",
    "HARVEST COMBINE",
    "HAZRA ENGINEERING WORKS",
    "HD",
    "HD HYUNDAI CONSTRUCTION EQUIPMENT",
    "HECTOR-",
    "HECTORPLUS6",
    "HEMAVATHI AGRO INDUSTRIES",
    "HERCULES CRANELTD",
    "HERO",
    "HI-TECH INDUSTRIES",
    "HIND AGRO INDUSTRIES",
    "HIND MOT",
    "HINDUSTAN",
    "HINDUSTAN AGRO INDUSTRIES",
    "HINDUSTAN CORPORATION",
    "HINDUSTAN FINANCE CORPORATION",
    "HINO",
    "HIRA AGRO INDUSTRIES",
    "HIRA COMBINES PRIVATE",
    "HITECH AGRO INDUSTRIES",
    "HMSI",
    "HMT",
    "HOLLAND TRACTORS",
    "HOMAR BV",
    "HONDA",
    "HONDAMCYSC",
    "HOOGHLY",
    "HOSIELCAR",
    "HOTAGE",
    "HOVEL CYLINDER",
    "HUBBER",
    "HUMMER",
    "HUNAN ZOOMLION INT TRADE",
    "HUNDAL INDUSTRIES",
    "HYKON",
    "HYUNDAI",
    "HYUNDAIMOT",
    "IDEAL JAVA",
    "IDEAL JAWA",
    "IFE",
    "IINTERNATIONAL CARS&MOTORS",
    "IMPORTED VEHICLE",
    "INA",
    "INDERPREET AGRO INDUSTRIES",
    "INDIA AUTO",
    "INDIA KAWASAKI",
    "INDIA YAMAHA",
    "INDIAN",
    "INDIAN AGRO INDUSTRIES",
    "INDIAN AUTO RAYONS",
    "INDIAN MILITARY TRAILORS",
    "INDIAN STRUCTURAL P",
    "INDIRA STEEL INDUSTRIES",
    "INDO AUTO",
    "INDO FARM EQUIP",
    "INDO FARM EQUIPMENT",
    "INDO FARM INDUSTRIES",
    "INDUS CO",
    "INDUS ELECTROTHERM",
    "INDWELL CONSTR P",
    "INGERSOLL RAND",
    "INTERNATIONAL CARS &",
    "INTERNATIONAL CARS&MOTORSLTDHP",
    "INTERNATIONAL TRACTORS",
    "INTRA",
    "IPL TECH ELECTRIC",
    "ISHER 568",
    "ISHWAR FARMLINE EQUIPMENTS",
    "ISHWAR FARMLINE EQUIPMENTS PRIVATE",
    "ISUZU",
    "IVECO SPA",
    "J K AGRO INDUSTRIES",
    "J K TRAILERS",
    "J P AGRO INDUSTRIES",
    "J S AGRO INDUSTRIES",
    "J S AUTO (P",
    "J S AUTO (P)",
    "JAGDISH AUTO INDUSTRIES",
    "JAGUAR",
    "JAI DURGA AGRICULTURAL WORKS",
    "JAIKISSAN  AGROSOLUTIONS MEDAK",
    "JANANI TRAILERS",
    "JANTA SUPER TRAILOR",
    "JASBIR  ENGINEERING WORKS",
    "JASWANT AGRICULTURE WORKS",
    "JAYA AUTOMOTIVES",
    "JAYANTI AGRO CENTRES",
    "JAYO",
    "JAZZ",
    "JBM INDUSTRIES",
    "JCB",
    "JCBINDIA",
    "JCBL",
    "JEEP",
    "JEET AGRO INDUSTRIES",
    "JEEVA TRAILERS",
    "JEJANI TRACORT",
    "JIJO ELECTRIC WHEELS",
    "JIWAN AGRI IMPLEMENTS WORKSHOP",
    "JIWAN AGRICULTURAL IMPLEMENTS WORKSHOP CIS",
    "JKAGRO INDUSTRIES",
    "JMSSP AGRO INDUSTRIES",
    "JOHN DEERE",
    "JOHN DEERE (TRACTOR DEVISION",
    "JOHN DEERE (TRACTOR DEVISION)",
    "JOHN DEERE EQUIPMENTPVTLTDPUNE",
    "JOHN DEERE(CROP SOLUTION DIV)",
    "JOHN DEERE(TRACTOR DEVISION",
    "JOHN DEERE(TRACTOR DEVISION)",
    "JOHN DHEERS",
    "JOHNSON TRACTORS &",
    "JSW MG",
    "JT SPECIAL VEHICLES",
    "JUBILANT",
    "JUPITER",
    "JYOTI INDUSTRIES",
    "K D AGRO INDUSTRIES",
    "K S AGRICULTURAL  INDUSTRIES",
    "KABMAX ELECTRIC AUTOMOBILES",
    "KAISER",
    "KAISER WILLYS JEEP",
    "KALINGA AUTO ENGG",
    "KALINGA VENTURES",
    "KALPATARU AGROTECH",
    "KALSI AGRICULTURAL WORKS",
    "KALSI ENGINEERING WORKS",
    "KAMAZ INDUSTRIES",
    "KAMAZ VECTRA",
    "KAPTECH",
    "KARANTI AUTOMOBILES",
    "KARMA MECHANICAL WORKS",
    "KARNAVATI AUTO",
    "KARTAR AGRO ENGINEERS",
    "KARTAR AGRO INDUSTRIES",
    "KARUMALAIAN AGRO INDUSTRY",
    "KARUPPIAH LATH DESHIN WORKS",
    "KASSA RAMA COMBINES",
    "KATO NISSAN",
    "KAVERI TRAILERS",
    "KAYAMEL MACHINE PRIVATE",
    "KBS AUTOMOBILES",
    "KD AGRO INDUSTRIES",
    "KELVINATOR",
    "KELVINATOR OF",
    "KERALA AGRO MACHINERY CORPORATION",
    "KERALA AUTOMOBILES",
    "KERALAAUTO",
    "KHALSA  AGRO INDUSTRIES",
    "KHALSA E-VEHICLES",
    "KIA",
    "KIASONET",
    "KIASONETG1.0T-GDI",
    "KIN HONDA",
    "KINETIC",
    "KINETIC ENGINEERING",
    "KINETIC GREEN ENERGY & POWER SOLUTIONS",
    "KINETIC HONDA",
    "KION",
    "KIRLOSKAR OIL ENGINES",
    "KIROL GHATGE PATIL AUTO",
    "KISHAN AGRO INDUSTRIES",
    "KISSAN AGRO INDUSTRIES",
    "KMCO",
    "KOKILA ENGINEERING",
    "KOMATSU JAPAN",
    "KOMATSU PRIVATE",
    "KRANTI AUTOMOBILES",
    "KRISHI ENGINEERING WORKS",
    "KRISHNA ENGINEERING WORKS",
    "KRUP P",
    "KRUPPA",
    "KRUSHIRAJ ENGINEERING WORKS",
    "KS AGRICULTURAL INDUSTRIES",
    "KS AGROTECH",
    "KTMRAD AG",
    "KUBOTA AGRICULTURAL MACHINERYLTD",
    "KULAR AGRO WORKS",
    "KUMAR",
    "KUMAR ENGINEERING",
    "KURUKSHETRA AUTOMOBILES (P",
    "KURUKSHETRA AUTOMOBILES (P)",
    "KUSHAQ",
    "KYB CONMAT",
    "L & T CASE EQUIPMENT",
    "L&T CONSTRUCTION EQUIPMENT",
    "L&T CONSTRUCTION MACHINERY",
    "L&T-JOHN DEERE",
    "LAHORI AGRO INDUSTRIES",
    "LAISH MADISON WORKS",
    "LAKSHMI AGRO INDUSTRIES",
    "LAKSHMI ENGG WORKS",
    "LAKSHMI VENKATASWARA INDUSTREE",
    "LAKSHYA AUTO SALES CORPORATION",
    "LAL AGRO INDUSTRIES",
    "LAL CHAND AGRICULTURE WORKS",
    "LAMBORGHINI",
    "LAMBRETTACYCLES AND SCOOTERS",
    "LAMBY",
    "LANCIA THEMA",
    "LAND ROVER",
    "LANSON",
    "LAXMI ENGINEERING WORKS",
    "LAXMI TRAILERS",
    "LECTRIX EV",
    "LEEBOY",
    "LEXUS",
    "LIEBHERR",
    "LINK AGRO ENGINEERING WORKS",
    "LIUGONG",
    "LIUGONG IND",
    "LML",
    "LMV",
    "LOCAL",
    "LOCAL TRAILER MANUFACTURER",
    "LOHIA AUTO INDUSTRIES",
    "LORAIN",
    "LOTAY AGRO TECH",
    "LOTEY AGRICULTURE WORKS",
    "LOTEY AGRO INDUSTRY",
    "LOTEY INDUSTRY",
    "LOTIA",
    "LOVATE LOVATEK",
    "LOVEJEET AGRO INDUSTRY",
    "LOVELY AGRO INDUSTRIES",
    "LPK",
    "LPT",
    "LPT4825",
    "M G CAR",
    "M H AGRICULTURE WORKS",
    "M K BROTHERS",
    "M S AGRO INDUSTRIES",
    "M/S ADISHWAR AUTO RIDE PRIVATE",
    "M/S AUDI SPORT GMBH",
    "M/S BHARAT TRAILERS",
    "M/S BHASKARA INDUSTRIES",
    "M/S CLASSIC LEGENDS",
    "M/S CORONA BUS MANUFACTURER",
    "M/S DADAR ENGINEERING WORKS",
    "M/S DASMESH AGRICULTURAL INDUSTRIES",
    "M/S FCA AUTOMOBILES PRIVATE",
    "M/S FIATINDIAAUTOMOBILESPVTLTD",
    "M/S FORCEPUNE",
    "M/S FORD",
    "M/S GOLDEN AGRO ENGINEERING WORKS",
    "M/S HINDUSTAN",
    "M/S HINDUSTAN FINANCE CORPORATION",
    "M/S HOVEL CYLINDER",
    "M/S HYUNDAI",
    "M/S INDO FARM INDUSTRIES",
    "M/S ISUZU",
    "M/S JAGUAR LAND ROVER",
    "M/S JAGUAR LANDROVER",
    "M/S KIA",
    "M/S KS AGROTECH",
    "M/S MAHINDRA",
    "M/S MAHINDRA &AMP;MAHINDRA",
    "M/S MAHINDRA &MAHINDRA",
    "M/S MAHINDRA LAST MILE MOBILITY",
    "M/S MAHINDRA MAHINDRA",
    "M/S MAHINDRA TRUCKS&AMP;BUSES",
    "M/S MAHINDRA TRUCKS&BUSES",
    "M/S MAHINDRA*",
    "M/S MALKIT AGROTECH",
    "M/S MANITOU EQUIPMENT",
    "M/S MASERATI SPA",
    "M/S MATHARU ENGINEERING AGRI WORKS",
    "M/S MG PRIVATE",
    "M/S OKINAWA AUTOTECH",
    "M/S OLA ELECTRIC TECHNOLOGIESLTD",
    "M/S OLECTRA GREENTECH SECUNDERABAD",
    "M/S PASHA AGRO INDUSTRIES",
    "M/S PCA AUTOMOBILES",
    "M/S POWER TECH TECHNOLOGY",
    "M/S RACE AUTOMOTIVE ()LTD",
    "M/S RAVI ENGINEERING WORKS",
    "M/S RENAULT PRIVATE",
    "M/S SCHWING STETTER (INDIA) PRIVATE",
    "M/S SHRIRAM AUTO TECH",
    "M/S SML ISUZU",
    "M/S SRI BADESHWARA ARGO INDUSTRIES",
    "M/S SRI KARTHEEK ENGINEERING WORKS",
    "M/S SRI RAMA ENGCO",
    "M/S SRI SAI RAMA AGRO WORKS",
    "M/S SRI SHIVA AGRO INDUSTRIES",
    "M/S SRI SITSRAMA INDUSTRIES",
    "M/S SRI VENKATESHWARA ENGINEERING WORKSHOP,SIRPUR",
    "M/S SRISAIBABA INDUSTRIES",
    "M/S TATA PASSENGER ELECTRIC MOBILITY",
    "M/S TATA,PUNE",
    "M/S TOYOTA KIRLOSKAR",
    "M/S TRIUMPHCYCLES",
    "M/S VARA LAKSHMI ENGINEERING WORKS",
    "M/S VOLKSWAGE AG 38436 WOLFBUR",
    "M/S VOLKSWAGE AG 38436WOLFBURG",
    "M/S VOLVO GROUP PRIVATE",
    "M/SAJAX ENGINEERING PRIVATE",
    "M/SKIA",
    "M/SSEETHARAMA ENGINEERING WOR",
    "M/SSKODA AUTO VOLKSWAGEN PRIVATE",
    "M/SSRILAKSHMI NARASIMHA SWAMY AGRO INDUSTRIES",
    "M/SSWITCH MOBILITY AUTOMOTIVE",
    "MAA SHAKTI EXIM",
    "MACHINERY MANU CORPN",
    "MAESTRO",
    "MAGIRUS DEUTZ",
    "MAH & MAH",
    "MAHA MOHAN 5246",
    "MAHABOOB ENGINEERING WORKS",
    "MAHALINGA ENGG INDUSTRIES",
    "MAHAMAYA INDUSTRIES",
    "MAHARASTRA SCOOTER",
    "MAHARASTRA SCOOTERS",
    "MAHAVIR TRACTOR AND IMPLEMENTS",
    "MAHESH ENGINEERING WORKS",
    "MAHINDR",
    "MAHINDR  MAHINDRA",
    "MAHINDR &AMP; MAHINDRA",
    "MAHINDRA",
    "MAJESTIC AUTO",
    "MALIK ENGINEERING WORKS",
    "MALKIT AGRO INDUSTRIES",
    "MALKIT AGRO TECH",
    "MAN FORCE TRUCKSLTD",
    "MAN TRUCKS",
    "MANAK AGRO TECH",
    "MANDEEP ENGINEERING WORKS",
    "MANITA CITY LLP",
    "MANITOU EQUIPMENT",
    "MANITOWOC",
    "MANJIT AGRO WORKS",
    "MANKU AGRO TECH",
    "MANKU AGRO TECHPVTLTD",
    "MANNENSMANN GERMANY",
    "MANPREET AGRO INDUSTIRES NABHA",
    "MANPREET AGRO INDUSTRIES",
    "MARIS ENGINEERING",
    "MARSHAL",
    "MARUTHI",
    "MARUTI",
    "MARUTIGRANDVITARASMARTHYBRID",
    "MARUTIGRANDVITARASMARTHYBRIDALPHA1.5L5MT",
    "MARUTIUDYG",
    "MASERATI",
    "MASERATI SPA",
    "MASSEY FERGUSON",
    "MATHAROO AGRICULTURE IMPLIMENT",
    "MATHAROO BROTHERS AGRO TECH",
    "MATHARU ENGINEERING AGRI WORKS",
    "MATHARU ENGINEERING WORKS",
    "MAZDA CORPORATION",
    "MB AGRO INDUSTRIES",
    "MB ENGINEERING WORKS",
    "MCLAREN AUTOMOTIVE (IMPORTER: INFINITY CARS)",
    "MEENAMBAL ENGG  INDUSTRIES",
    "MEGHA AGRO INDUSTRIES",
    "MEHBOOB GENERAL ENGINEERING WORKS",
    "MERC BENZ",
    "MERCEDES",
    "MERCEDEZ BENZ - IMPORTED",
    "MG",
    "MGM ENGG WORKS",
    "MICRO AUTOTECH",
    "MINI",
    "MINTO",
    "MITHU BAJRANG ENGWORKS",
    "MITSUBHISHI CORPORATION",
    "MITSUBISHI",
    "MLR (P)",
    "MLR AUTO",
    "MLR AUTO  BALANAGAR",
    "MODERN INDUSTRIES",
    "MOHAN GENERAL TRADING",
    "MOMI ENGINEERING WORKS",
    "MONTANA",
    "MONTO",
    "MOPEDS",
    "MOPEDS \u00c2\u00a0\u00c2\u00a0\u00c2\u00a0\u00c2\u00a0\u00c2\u00a0\u00c2\u00a0\u00c2\u00a0\u00c2\u00a0\u00c2\u00a0\u00c2\u00a0\u00c2\u00a0\u00c2\u00a0\u00c2",
    "MORRIS",
    "MORRIS GARAGE CO,",
    "MS AGRO INDUSTRIES",
    "MSENGWORKS, NIMAPADA",
    "MSLTD",
    "MUNDE MECHANICAL WORKS",
    "MYTRAH MOBILITY",
    "N S G AGRO INDUSTRIES",
    "N S GIRIMAJI AND SONS",
    "N0VA AUTOMOTIVE TECHNOLOGIES",
    "NABH",
    "NABHKIRAN AGRO IND",
    "NAMAKKAL TRAILERS",
    "NANDEESH \u00a0MOTORS",
    "NARINDERA AGRO WORKS",
    "NARMADA INDUSTRIES",
    "NAZAR SINGH & SONS",
    "NAZAR SINGH AND SONS",
    "ND INDUSTRIES",
    "NEEDLE EYE PLASTIC INDUSTRIES",
    "NEW ARCANA",
    "NEW DEVE AGRO WORKS",
    "NEW FRIENDS INDUSTRIES",
    "NEW GAHIR AGRO INDUSTRIES",
    "NEW GOBIND AGRO INDUSTRIES",
    "NEW GOLDEN AGRICULTURE",
    "NEW GURDIAL AGRO INDUSTRIES",
    "NEW HIND AGRO",
    "NEW HOLLAND CONSTRUCTION EQUIPMENT(I)LTD",
    "NEW HOLLAND FIAT",
    "NEW LEADER AGRO ENGINEERING WORKS",
    "NEW MALLIKARJUNA ENG WORKS",
    "NEW VARINDERA",
    "NIC TEST ACCOUNT-1",
    "NIKHIL FURNITURES",
    "NIL",
    "NIPUN SANYANTRA",
    "NIRMAL BROTHER",
    "NISSAN",
    "NISUKI MOPEDS",
    "NRJ ELECTRIC VEHICLES",
    "NS AGRO WORKS",
    "OKA",
    "OKAYA EV",
    "OKINAWA AUTOTECH",
    "OLA ELECTRIC TECHNOLOGIES",
    "OLECTRA GREENTECH",
    "OM BALAJEE AUTOMOBILE ()",
    "OM MAHALAKSHIMI ENG WORKS",
    "OM RAJ AUTOTECH LLP",
    "OM SARAVANA ENGG INDUSTRIES",
    "OMEGA CONST EQUIPT",
    "OMEGA SEIKI",
    "OPEL",
    "ORPI",
    "OTHER",
    "OTHERS",
    "P AND H",
    "P AND P ENGG",
    "P B NATIONAL AGRICULTURE WORKS",
    "PACE AGRO PRIVATE",
    "PAL DIESAL",
    "PAL PEUGOT",
    "PANDU RANGA AGRO INDUSTRIES",
    "PANESAR AGRICULTURE INDUSTRIES",
    "PANESAR AGRO TECH",
    "PANESARAGRICULTUREINDUSTRIES P",
    "PARAS INDUSTRIES",
    "PARDEEP AGRO INDUSTRIES",
    "PARDEEP AGRO INDUSTRY",
    "PARI METRO E RICKSHAW",
    "PARTAP STEELS",
    "PASHUPATI VEHICLE",
    "PATEL INDUSTRIES",
    "PATMAVATI",
    "PCA AUTOMOBILES",
    "PERUMAL TRAILERS",
    "PEUGEOT",
    "PIAGGIO VEHICLES",
    "PIAGGIO(AP1)",
    "PINNACLE MOBILITY SOLUTIONS",
    "PL HAULWEL TRAILERS",
    "PLAENGINEERING WORKS",
    "PLANET 7 INTERNATIONAL",
    "PLAUDIT TECHNO",
    "PMI ELECTRO MOBILITY SOLUTIONS PRIVATE",
    "PORSCHE",
    "PRABHAT ENGG WORKS VIKARABAD",
    "PRAKASH METAL",
    "PREEET AGRO INDUSTRIES",
    "PREET AGRO",
    "PREET AGRO INDUSTRIES",
    "PREET TRACTORS",
    "PREFIX ENGG",
    "PREMIER",
    "PREMIER AUTOMOBILES",
    "PREMIER ESOL TECHNOLOGIES",
    "PRESTIGE TC III WT50TCIII LWB BUS SEMIDELUXE",
    "PRINCE",
    "PRINCE AGRO WORKS",
    "PRIYA CRANES",
    "PUBANG ETRON ELECTRIC",
    "PUGHAZ TRAILER",
    "PUNJAB AGRO IMPLEMENTS INDUSTRIES",
    "PUNJAB AGRO INDUSTRIES",
    "PUNJAB HI-TECH INDUSTRIES",
    "PUNJAB TRACTORS",
    "PUNJABTRAC",
    "PUR ENERGY",
    "PURAN AGRO INDUS",
    "PURAN ENGINEERING WORKS",
    "PVPLTD",
    "R R ENGINEERING WORKS",
    "R3 ENTERPRISES",
    "RACCOON",
    "RACE AUTOMOTIVES",
    "RAJAJ AUTO",
    "RAJAN  INDUSTRIES",
    "RAJIV RAJ VEHICLES",
    "RAJMANDIR AUTO INDUSTRIES",
    "RAM AGRO INDUSTRIES",
    "RAM CHAND & SONS",
    "RAM CHANDER & SONS",
    "RAM JI ENGINEERING WORKS",
    "RAMA ENGINEERING WORKS",
    "RAMANJANEYA TRAILORS",
    "RAMGARH TRACTORS",
    "RAMGARHIA ENGG WORKS",
    "RAMGARHIA MECHANICAL WORKS",
    "RAMJI AGRO INDUSTRIES",
    "RAMON INDUSTRIES",
    "RAPID",
    "RASANDIK ENGINEERING",
    "RASANDIK ENGINEERING INDUSTRIES",
    "RAVI ENGG WORKS",
    "RAVI TRAILERS",
    "RAVINDRA AGRO WORKS",
    "REHOBATH",
    "RELIANT ANDERSON INTL",
    "RENAULT",
    "RENAULTKWID",
    "RENAULTNISSAN AUTOMOTIVE I P L",
    "RESINGLASS AND FABS",
    "REVA ELECTRIC CAR CO",
    "REVOLT INTELLICORP",
    "RKTRAILORS",
    "RNAIPLTD",
    "ROADSTER AUTOMOBILES",
    "ROARLEO",
    "ROLLS ROYCE",
    "ROLLS ROYCES - IMPORTED",
    "ROLLS-ROYCE CARS(IMPORTER:SELECT CARS P)",
    "ROOP MECHANICAL WORKS",
    "ROOP RAI AGRO IND",
    "ROOPRAI AGRO INDUSTRIES",
    "ROVER",
    "ROYAL ENF",
    "ROYAL ENFIELD",
    "ROYAL-ENFIELD (UNIT OF EICHER",
    "ROYAL-ENFIELD (UNIT OF EICHER)",
    "RSAGRO INDUSTRIES",
    "RSB AGRO INDUSTRIES",
    "RSD SECURITY SOLUTIONS",
    "RUDRA AUTO INDUSTRIES",
    "RUPAL AGRO IND",
    "RUPAL AGRO INDUSTRIES",
    "S B TRAILORS",
    "S E ASIA CO",
    "S R AGRICULTURE EQUIPMENTS CO (P)",
    "S-CAB-",
    "S7",
    "SAATHI TRADING CO",
    "SAERA ELECTRIC AUTO",
    "SAGAR ENGGINEERING WORKS NLG",
    "SAGAR INDUSTRIES",
    "SAGGU AGRO INDUSTRIES",
    "SAGGU AGRO INDUSTRIES (REGD)",
    "SAI KRUPA ENGG WORKS,BHMPUR",
    "SAKSHAM TECH AUTO",
    "SAKTHI ENGG WORKS",
    "SAKTHI GANESH AUTO SERVICE",
    "SAKTHI VINAYAKA ENG WORKS",
    "SAKTHIVEL TRAILER WORKS",
    "SAME DEUTZ - FAHR (P)",
    "SAME DEUTZ-FAHR (P)",
    "SAMRAT",
    "SAN",
    "SANDHYA ENGG WORKS",
    "SANSAR COMBINE",
    "SANTKRUPA ENGG WORKS",
    "SANY",
    "SANY HEAVY INDUSTRY",
    "SANY HEAVY INT PR C",
    "SARASWATI ENGG",
    "SARTAJ",
    "SATKARTAR AGRO WORKS",
    "SATNAM AGRO ENGINEERING",
    "SATNAM ENGG WORKS",
    "SATRAC ENGINEERING",
    "SATWANT AGRO TECH",
    "SAYA AGRO INDUSTRIES",
    "SCANIA COMMERCIAL VEHICLES",
    "SCHWING STETTER F-17 TAMILNADU",
    "SCHWING STETTER PL",
    "SCOOTERS",
    "SCTR(I)LTD",
    "SETH INDUSTRIAL CORPORATION",
    "SHAHJANAND AGRO IND",
    "SHAKTI AUTO",
    "SHAKTIMAN AGRO INDUSTRIES",
    "SHAKTTI CONSTRUCTIONS EQUIPMENT",
    "SHAMSER STDCOLTD",
    "SHANMUKESHWARA AGRO IND",
    "SHEHAL PREET ENGG WORKS",
    "SHEHALPREET ENGG WORKS",
    "SHILPA  INDUSTRIES",
    "SHIV TRAILOR INDUSTRIES",
    "SHIVA GAYATRI ENGG WORKS",
    "SHIVA INDUSTRIES",
    "SHIVASHAKTHI ENG WORKS",
    "SHREYA ENGINEERS",
    "SHRI BALAJI TRAILERS",
    "SHRI CHERAN TRAILOR",
    "SHRI GOGULAM FARM EQUIPMENTS",
    "SHRI HARI AUTO",
    "SHRI KARUPPIAH DESIGN WORKS",
    "SHRI KIRAN AGRO INDUSTRIES",
    "SHRI KRISHNA AGRO ENGINEERING",
    "SHRI KUMAR TRAILERS EQUIPMENTS",
    "SHRI LAKSHIMI BODY WORKS",
    "SHRI LAXMI ENGINEERING WORKS",
    "SHRI MAHALAXMI AGRO IND",
    "SHRI MEENAKSHI TRADERS",
    "SHRI NAMO ELECTRIC AUTOMOTIVE",
    "SHRI PAVAN INDUSTRIES",
    "SHRI RAM AGRO INDUSTRIES",
    "SHRI RAM AUTO TECH",
    "SHRI RAM TRAILOR",
    "SHRI SAKTHI VINAYAKA TRAILERS",
    "SHRI SHEETHALA BAJALI",
    "SHRI SIDDESHWARA TRAILORS",
    "SHRI VEERBHADRESHWAR ENGG WORK",
    "SHRI VENKATESHWARA ENGINEERING WORKS",
    "SHRILAKSHMI BODY BUILDER WORKS",
    "SHRIMA ENGINEERING WORKS",
    "SHRIRAJ ELECTRIC VEHICLES",
    "SHRUNGANATH MINI TRAILER",
    "SHWETA AGRO INDUSTRIES",
    "SHYAM ENG WORKS",
    "SICHUAN CHANGJIANG",
    "SIGNA",
    "SIGNA4825.TK",
    "SINGHAL ENTERPRISES",
    "SITARAM INDUSTRIES",
    "SIVA TRAILERS",
    "SIWACH STEEL",
    "SJB TRACTORS",
    "SKCARS",
    "SKODA",
    "SKODAAUTO",
    "SKS TRADE",
    "SKYRIDE AUTOMOTIVE",
    "SLN ENGINEERING  WORKS",
    "SM",
    "SML ISUZU",
    "SML ISUZU PUNJAB",
    "SMT INDUSTRIES",
    "SMV",
    "SOMAYAJI  INDUSTRIES",
    "SONALIKA INTERNATIONAL",
    "SONALIKA INTERNATIONAL TRACTORS",
    "SONI E VEHICLE",
    "SOORAJ",
    "SOORAJ AUTOMOBILES",
    "SPEED CRAFTS",
    "SPEEGO VEHICLES CO",
    "SRI LAXMI ENGINEERING &",
    "SRI LAXMI ENGINEERING & WORKS",
    "SRI MARUTHI AGRICULTURAL INDUSTRY",
    "SRI RAMA TRALLY INDUST KNR",
    "SRI SAI DURGA ENGG WORKS",
    "SRI SAI ENGINEERING WORKS",
    "SRI SAI THIRUMALA ENG",
    "SRINIVASA AGRO INDUSTRIES",
    "SS AGRO TECH",
    "SS1009.4D4RB",
    "STANDARD COMBINES",
    "STANDARD CORPORATION",
    "STANDARD TRACTORS",
    "STAR BULL E",
    "SUKHDEV AGRO INDUSTRIES",
    "SUMFONL AUTO TRADERS",
    "SUN",
    "SUNDARALAKSHMI INDUSTRIES",
    "SUNDARAM",
    "SUNKU AUTO",
    "SUNRISE AUTO INDUSTRIES",
    "SUPER METRO INDUSTRIES",
    "SUPERTECH EV",
    "SUPREME",
    "SURENDERA AGRO INDUSTRIES",
    "SURINDERA AGRO INSDUSTRIES",
    "SUTLAJ",
    "SUZIKICYCLE (I)",
    "SUZUKI",
    "SUZUKIMCY",
    "SWADESH AND TRACTORS",
    "SWARAJ",
    "SWARAJMAZDASPRMZT54ETCIIIDELWB BUS STBSIII",
    "SWARAJMZD",
    "SWITCH MOBILITY AUTOMOTIVE",
    "SYAN AGRO INDUSTRY",
    "SYN AUTO SOLUTIONS",
    "T D V",
    "TADANO",
    "TAFE",
    "TAMILNADU MOPEDS",
    "TATA",
    "TATRA",
    "TEDC",
    "TELCO",
    "TEREX CORPORATION",
    "TEREX EQUIPMENT",
    "TEREX EQUIPMENT P",
    "TEREX PRIVATE",
    "TERRA",
    "TEST MAKER 06",
    "THE NEW MYSORE ENG WORKS",
    "THE TRUE SAI WORKS",
    "THIRUMALA AGRO INDUSTRY",
    "THUKRAL ELECTRIC BIKES",
    "TIL",
    "TIRTH AGRO TECHNOLOGY",
    "TITAGARH AGRICO (P",
    "TITAGARH AGRICO (P)",
    "TM",
    "TN SMALL INDUSTRIES CORP",
    "TOP TEAM MACHINES",
    "TORSO",
    "TOYATA - IMPORTED",
    "TOYOTA",
    "TOYOTAKIRL",
    "TRACLAXX TRACTORS",
    "TRACLAXX TRACTORSLTD",
    "TRACTORS AND FARM EQUIPMENT",
    "TRACTORS&FARM EQUIPMENT",
    "TRATEC ENGINEERS",
    "TRIUMPHCYCLES (INDIA)",
    "TUFAN",
    "TVS",
    "TVSMOTORCO",
    "TWINKLE TRADCOM",
    "UBAHAARI ENGINEERING WORKS",
    "UDAYAM TRAILER",
    "UE2820/39R",
    "UJ3520/52",
    "ULTRA",
    "ULTRA1918.T",
    "UM LOHIA TWO WHEELERS",
    "UM4220/66",
    "UNIQUE ENTERPRISES",
    "UNIQUE INTERNATIONAL",
    "UNITED KINGDOM GROVE",
    "UNIVERSAL",
    "UNKNOWN",
    "URAL",
    "USHA ENGINEERNG CO",
    "UTTAM CONSTRUCTION EQUIPMENTS",
    "V E COMMERCIAL VEHICLE",
    "V G SALES",
    "VAIBHAV AUTO INDUSHRIES",
    "VANDANA INDUSTRIES",
    "VANI ELECTRIC VEHICLES",
    "VARINDERA",
    "VASANTHI AUTOMOBILES",
    "VASHAN AGRICULTURE WORKS",
    "VAUXHALL",
    "VE COMMERCIAL VEHICLES",
    "VE COMMERCIAL VEHICLES (VOLVO BUSES DIVISION)",
    "VEERA VIDYUTH VAHANA",
    "VEERASAMY ENGG WORKS",
    "VEHICLE FACTORY JABALPUR",
    "VENKATESHWARA ENGINEERING WORK",
    "VENTESWARA ENGG WORKS",
    "VENTO",
    "VENUS AUTO WHEELS",
    "VENUS EQUIPMENT",
    "VERITO",
    "VERSATILE ENGINEERING SERVICES",
    "VICTORY ELECTRIC INTERNATIONAL",
    "VIJAY SUPER MAKERS",
    "VIJAYALAKSHIMI ENGG WORKS",
    "VIJAYS COOLMAX PRIVATE",
    "VIKAS INDUSTRIES KURAI",
    "VIKRAM AUTO",
    "VINAY INDUSTRIES",
    "VINAYAK INDUSTRIES",
    "VINTAGE VEHICLES",
    "VISHAL AGRICULTURAL WORKS",
    "VISHAVKARMA AGRO INDUSTRIES",
    "VISHAVKARMA ENGINEERING WORKS",
    "VISHVAS TRACTORS",
    "VISHWAS TRAILER WELD WORK",
    "VISWANATH INDUSTRIES,BBSR",
    "VMT INDUSTRIES",
    "VOLKSWAGEN",
    "VOLKSWAGON",
    "VOLKSWAGON AG",
    "VOLTAS",
    "VOLTAS MATERIAL HANDLING",
    "VOLVO",
    "VST TILLERS TRACTORS",
    "VT ENGINEERING",
    "WILLYS",
    "WIRTGEN",
    "WR-V",
    "WUXI SAIGE (IMPORTER: WARIVO)",
    "XCENT",
    "XCMG CONSTRUCTION MACHINERY",
    "XUV700",
    "XUZHOU CONSTRUCTION CO",
    "XUZHOU CONSTRUCTION MACHINERY GROUP, CHINA",
    "Y A I M S",
    "Y C ELECTRIC VEHICLE",
    "YAMAHA",
    "YAMAHAM(I)",
    "YANMAR CONST EQUIP CO",
    "YASEEN AGRO INDU",
    "YATI INDUSTRIES",
    "YC ELECTRIC VEHICLE",
    "YCELECTRIC VEHICLE",
    "YEZDI",
    "YO BIKE",
    "YUSUF KHAN ENGINEERING WORKS",
    "ZENIAK INNOVATION",
    "ZERMANS INNOVATIETECHNOLOGIES",
    "ZOOMLION",
    "ZS",
    "\u00c5"
  ]
}