[
  {
    "manufacturer": "MARUTI",
    "count": 129
  },
  {
    "manufacturer": "MAHINDRA",
    "count": 92
  },
  {
    "manufacturer": "TATA",
    "count": 59
  },
  {
    "manufacturer": "HYUNDAI",
    "count": 37
  },
  {
    "manufacturer": "HONDA",
    "count": 27
  },
  {
    "manufacturer": "TOYOTA",
    "count": 25
  },
  {
    "manufacturer": "EICHER",
    "count": 24
  },
  {
    "manufacturer": "ASHOK LEYLAND",
    "count": 19
  },
  {
    "manufacturer": "VOLKSWAGEN",
    "count": 18
  },
  {
    "manufacturer": "HERO",
    "count": 17
  },
  {
    "manufacturer": "SKODA",
    "count": 16
  },
  {
    "manufacturer": "ESCORTS",
    "count": 14
  },
  {
    "manufacturer": "KIA",
    "count": 13
  },
  {
    "manufacturer": "MERCEDES",
    "count": 12
  },
  {
    "manufacturer": "FORD",
    "count": 12
  },
  {
    "manufacturer": "RENAULT",
    "count": 12
  },
  {
    "manufacturer": "BAJAJ",
    "count": 9
  },
  {
    "manufacturer": "NISSAN",
    "count": 9
  },
  {
    "manufacturer": "VOLVO",
    "count": 9
  },
  {
    "manufacturer": "FIAT",
    "count": 7
  },
  {
    "manufacturer": "TVS",
    "count": 7
  },
  {
    "manufacturer": "JCB",
    "count": 7
  },
  {
    "manufacturer": "OTHERS",
    "count": 6
  },
  {
    "manufacturer": "FORCE",
    "count": 6
  },
  {
    "manufacturer": "AUDI",
    "count": 6
  },
  {
    "manufacturer": "CITY",
    "count": 6
  },
  {
    "manufacturer": "SML ISUZU",
    "count": 5
  },
  {
    "manufacturer": "BMW",
    "count": 5
  },
  {
    "manufacturer": "GENERAL",
    "count": 5
  },
  {
    "manufacturer": "JAGUAR",
    "count": 5
  },
  {
    "manufacturer": "ISUZU",
    "count": 5
  },
  {
    "manufacturer": "HINDUSTAN",
    "count": 5
  },
  {
    "manufacturer": "JEEP",
    "count": 5
  },
  {
    "manufacturer": "XUV700",
    "count": 5
  },
  {
    "manufacturer": "VE",
    "count": 4
  },
  {
    "manufacturer": "CHEVROLET",
    "count": 4
  },
  {
    "manufacturer": "SUZUKI",
    "count": 4
  },
  {
    "manufacturer": "SWARAJ",
    "count": 4
  },
  {
    "manufacturer": "1110",
    "count": 4
  },
  {
    "manufacturer": "MG",
    "count": 3
  },
  {
    "manufacturer": "PORSCHE",
    "count": 3
  },
  {
    "manufacturer": "DAIMLER",
    "count": 3
  },
  {
    "manufacturer": "PIAGGIO",
    "count": 3
  },
  {
    "manufacturer": "INTERNATIONAL",
    "count": 3
  },
  {
    "manufacturer": "TAFE",
    "count": 3
  },
  {
    "manufacturer": "ATUL",
    "count": 3
  },
  {
    "manufacturer": "ISHWAR FARMLINE EQUIPMENTS",
    "count": 3
  },
  {
    "manufacturer": "INDO",
    "count": 3
  },
  {
    "manufacturer": "DAEWOO",
    "count": 3
  },
  {
    "manufacturer": "WILLYS",
    "count": 3
  },
  {
    "manufacturer": "FERRARI",
    "count": 3
  },
  {
    "manufacturer": "SUPREME",
    "count": 3
  },
  {
    "manufacturer": "KSROTECH",
    "count": 3
  },
  {
    "manufacturer": "KINETIC HONDA",
    "count": 3
  },
  {
    "manufacturer": "MASERATI SPA",
    "count": 3
  },
  {
    "manufacturer": "YAMAHA",
    "count": 3
  },
  {
    "manufacturer": "\u00c5",
    "count": 3
  },
  {
    "manufacturer": "LPT",
    "count": 3
  },
  {
    "manufacturer": "HOSIELCAR",
    "count": 2
  },
  {
    "manufacturer": "FCAS",
    "count": 2
  },
  {
    "manufacturer": "HINDUSTAN FINANCE",
    "count": 2
  },
  {
    "manufacturer": "TELCO",
    "count": 2
  },
  {
    "manufacturer": "DAIMLER(I)COMMERCIAL VEH P",
    "count": 2
  },
  {
    "manufacturer": "LML",
    "count": 2
  },
  {
    "manufacturer": "AMW",
    "count": 2
  },
  {
    "manufacturer": "KINETIC",
    "count": 2
  },
  {
    "manufacturer": "ROYAL-ENFIELD (UNIT OF EICHER)",
    "count": 2
  },
  {
    "manufacturer": "INDIA YAMAHA",
    "count": 2
  },
  {
    "manufacturer": "MASSEY FERGUSON",
    "count": 2
  },
  {
    "manufacturer": "MALKITRO",
    "count": 2
  },
  {
    "manufacturer": "MITSUBISHI",
    "count": 2
  },
  {
    "manufacturer": "DHIMANRICULTURE",
    "count": 2
  },
  {
    "manufacturer": "MATHARU ENGINEERINGRI",
    "count": 2
  },
  {
    "manufacturer": "MAN",
    "count": 2
  },
  {
    "manufacturer": "PUNJAB",
    "count": 2
  },
  {
    "manufacturer": "ADISHWAR RIDE",
    "count": 2
  },
  {
    "manufacturer": "AUTOMOBILI LAMBORGHINI SPA",
    "count": 2
  },
  {
    "manufacturer": "TEREX",
    "count": 2
  },
  {
    "manufacturer": "GROVE",
    "count": 2
  },
  {
    "manufacturer": "MORRIS",
    "count": 2
  },
  {
    "manufacturer": "SCANIA",
    "count": 2
  },
  {
    "manufacturer": "M/S KIA",
    "count": 2
  },
  {
    "manufacturer": "INDIA KAWASAKI",
    "count": 2
  },
  {
    "manufacturer": "MANKURO",
    "count": 2
  },
  {
    "manufacturer": "J SRO",
    "count": 2
  },
  {
    "manufacturer": "JAYAS",
    "count": 2
  },
  {
    "manufacturer": "INTERNATIONAL &",
    "count": 2
  },
  {
    "manufacturer": "AJAX FIORI ENGINEERING",
    "count": 2
  },
  {
    "manufacturer": "TIL",
    "count": 2
  },
  {
    "manufacturer": "SANY HEAVY",
    "count": 2
  },
  {
    "manufacturer": "ROYAL ENFIELD",
    "count": 2
  },
  {
    "manufacturer": "AMPERE",
    "count": 2
  },
  {
    "manufacturer": "DASMESHRICULTURAL",
    "count": 2
  },
  {
    "manufacturer": "STANDARD",
    "count": 2
  },
  {
    "manufacturer": "SAKTHI VINAYAKA ENG",
    "count": 2
  },
  {
    "manufacturer": "HMT",
    "count": 2
  },
  {
    "manufacturer": "1090",
    "count": 2
  },
  {
    "manufacturer": "KARUMALAIANRO",
    "count": 2
  },
  {
    "manufacturer": "KELVINATOR",
    "count": 2
  },
  {
    "manufacturer": "PCAS",
    "count": 2
  },
  {
    "manufacturer": "SONALIKA INTERNATIONAL",
    "count": 2
  },
  {
    "manufacturer": "CASE NEW HOLLAND CONSTRUCTION EQUIPMENT(I)",
    "count": 2
  },
  {
    "manufacturer": "SOORAJS",
    "count": 2
  },
  {
    "manufacturer": "BULL MACHINES",
    "count": 2
  },
  {
    "manufacturer": "PREET",
    "count": 2
  },
  {
    "manufacturer": "PREETRO",
    "count": 2
  },
  {
    "manufacturer": "ROLLS ROYCE",
    "count": 2
  },
  {
    "manufacturer": "WIRTGEN",
    "count": 2
  },
  {
    "manufacturer": "MLR",
    "count": 2
  },
  {
    "manufacturer": "KINETIC ENGINEERING",
    "count": 2
  },
  {
    "manufacturer": "INDO FARM",
    "count": 2
  },
  {
    "manufacturer": "NEW HINDRO",
    "count": 2
  },
  {
    "manufacturer": "M/S OLA ELECTRICNOLOGIESLTD",
    "count": 2
  },
  {
    "manufacturer": "MANITOU EQUIPMENT",
    "count": 2
  },
  {
    "manufacturer": "BYD",
    "count": 2
  },
  {
    "manufacturer": "ATLAS",
    "count": 2
  },
  {
    "manufacturer": "HOVEL CYLINDER",
    "count": 2
  },
  {
    "manufacturer": "ZOOMLION",
    "count": 2
  },
  {
    "manufacturer": "NEW GURDIALRO",
    "count": 2
  },
  {
    "manufacturer": "SRI LAXMI ENGINEERING &",
    "count": 2
  },
  {
    "manufacturer": "DAIMLER CHRYSLER",
    "count": 2
  },
  {
    "manufacturer": "LAMBORGHINI",
    "count": 2
  },
  {
    "manufacturer": "SUZUKIMCY",
    "count": 2
  },
  {
    "manufacturer": "PL HAULWEL TRAILERS",
    "count": 2
  },
  {
    "manufacturer": "DALIP SINGH & SONS",
    "count": 2
  },
  {
    "manufacturer": "KUBOTARICULTURAL MACHINERYLTD",
    "count": 2
  },
  {
    "manufacturer": "LIEBHERR",
    "count": 2
  },
  {
    "manufacturer": "FV",
    "count": 2
  },
  {
    "manufacturer": "PARDEEPRO",
    "count": 2
  },
  {
    "manufacturer": "OKINAWATECH",
    "count": 2
  },
  {
    "manufacturer": "MAHALINGA ENGG",
    "count": 2
  },
  {
    "manufacturer": "ALPSV",
    "count": 2
  },
  {
    "manufacturer": "H RRO",
    "count": 2
  },
  {
    "manufacturer": "SARTAJ",
    "count": 2
  },
  {
    "manufacturer": "MINI",
    "count": 2
  },
  {
    "manufacturer": "MONTO",
    "count": 2
  },
  {
    "manufacturer": "GUJARAT NARMADA",
    "count": 2
  },
  {
    "manufacturer": "MOPEDS",
    "count": 2
  },
  {
    "manufacturer": "NAZAR SINGH & SONS",
    "count": 2
  },
  {
    "manufacturer": "ZS",
    "count": 2
  },
  {
    "manufacturer": "S-CAB-",
    "count": 2
  },
  {
    "manufacturer": "ANDHRA PRADESH SCOOTERS",
    "count": 2
  },
  {
    "manufacturer": "RASANDIK ENGINEERING",
    "count": 2
  },
  {
    "manufacturer": "SAMRAT",
    "count": 2
  },
  {
    "manufacturer": "VASHANRICULTURE",
    "count": 2
  },
  {
    "manufacturer": "GUJARAT TRACTOR",
    "count": 2
  },
  {
    "manufacturer": "SML ISUZU PUNJAB",
    "count": 1
  },
  {
    "manufacturer": "M/S TATA ELECTRIC MOBILITY",
    "count": 1
  },
  {
    "manufacturer": "3S",
    "count": 1
  },
  {
    "manufacturer": "CHERAN TRAILERS",
    "count": 1
  },
  {
    "manufacturer": "NIC TEST ACCOUNT-1",
    "count": 1
  },
  {
    "manufacturer": "MARUTIUDYG",
    "count": 1
  },
  {
    "manufacturer": "KOMATSU",
    "count": 1
  },
  {
    "manufacturer": "RNAIPLTD",
    "count": 1
  },
  {
    "manufacturer": "HYUNDAIMOT",
    "count": 1
  },
  {
    "manufacturer": "GURUNANAK",
    "count": 1
  },
  {
    "manufacturer": "CHANNYRO",
    "count": 1
  },
  {
    "manufacturer": "DASMESH MECHANICALLTD",
    "count": 1
  },
  {
    "manufacturer": "M/SSKODA VOLKSWAGEN",
    "count": 1
  },
  {
    "manufacturer": "SUTLAJ",
    "count": 1
  },
  {
    "manufacturer": "CNH INDUSTRIAL (INDIA)",
    "count": 1
  },
  {
    "manufacturer": "AMUTHA TRAILERS",
    "count": 1
  },
  {
    "manufacturer": "DAIMLER STUTTGART",
    "count": 1
  },
  {
    "manufacturer": "D C",
    "count": 1
  },
  {
    "manufacturer": "PURANRO INDUS",
    "count": 1
  },
  {
    "manufacturer": "HUNDAL",
    "count": 1
  },
  {
    "manufacturer": "KARTARRO",
    "count": 1
  },
  {
    "manufacturer": "NAMAKKAL TRAILERS",
    "count": 1
  },
  {
    "manufacturer": "ARJUN",
    "count": 1
  },
  {
    "manufacturer": "ALL TERRAIN CRANE",
    "count": 1
  },
  {
    "manufacturer": "L&T CONSTRUCTION EQUIPMENT",
    "count": 1
  },
  {
    "manufacturer": "SHRI KUMAR TRAILERS EQUIPMENTS",
    "count": 1
  },
  {
    "manufacturer": "V E",
    "count": 1
  },
  {
    "manufacturer": "ATHER ENERGY",
    "count": 1
  },
  {
    "manufacturer": "GENMOTORS",
    "count": 1
  },
  {
    "manufacturer": "SLN ENGINEERING",
    "count": 1
  },
  {
    "manufacturer": "CATERPILLAR",
    "count": 1
  },
  {
    "manufacturer": "\"VOLVO GROUP\"",
    "count": 1
  },
  {
    "manufacturer": "JOHN DEERE (TRACTOR DEVISION)",
    "count": 1
  },
  {
    "manufacturer": "3718COWL(L10450)",
    "count": 1
  },
  {
    "manufacturer": "PREMIER",
    "count": 1
  },
  {
    "manufacturer": "HIRARO",
    "count": 1
  },
  {
    "manufacturer": "DEMAGE",
    "count": 1
  },
  {
    "manufacturer": "LOTEY",
    "count": 1
  },
  {
    "manufacturer": "GURU RAMDASROTECH",
    "count": 1
  },
  {
    "manufacturer": "K SRICULTURAL",
    "count": 1
  },
  {
    "manufacturer": "ESCORTSLTD",
    "count": 1
  },
  {
    "manufacturer": "THIRUMALARO",
    "count": 1
  },
  {
    "manufacturer": "CAPTAIN",
    "count": 1
  },
  {
    "manufacturer": "NEW VARINDERA",
    "count": 1
  },
  {
    "manufacturer": "SIVA TRAILERS",
    "count": 1
  },
  {
    "manufacturer": "CHANGLIN",
    "count": 1
  },
  {
    "manufacturer": "SAME DEUTZ - FAHR",
    "count": 1
  },
  {
    "manufacturer": "LIUGONG",
    "count": 1
  },
  {
    "manufacturer": "JOHN DEERE(TRACTOR DEVISION",
    "count": 1
  },
  {
    "manufacturer": "SURENDERARO",
    "count": 1
  },
  {
    "manufacturer": "GURDAS SINGH & SONS",
    "count": 1
  },
  {
    "manufacturer": "MAZDA",
    "count": 1
  },
  {
    "manufacturer": "HONDAMCYSC",
    "count": 1
  },
  {
    "manufacturer": "SMT",
    "count": 1
  },
  {
    "manufacturer": "JIWANRI IMPLEMENTSHOP",
    "count": 1
  },
  {
    "manufacturer": "SHRI VEERBHADRESHWAR ENGG WORK",
    "count": 1
  },
  {
    "manufacturer": "TEREX EQUIPMENT",
    "count": 1
  },
  {
    "manufacturer": "RENAULTNISSAN I P L",
    "count": 1
  },
  {
    "manufacturer": "ACTION CONSTRUCTION EQUIPMENT",
    "count": 1
  },
  {
    "manufacturer": "UNKNOWN",
    "count": 1
  },
  {
    "manufacturer": "BHARATH",
    "count": 1
  },
  {
    "manufacturer": "KAISER",
    "count": 1
  },
  {
    "manufacturer": "GILLROTECH",
    "count": 1
  },
  {
    "manufacturer": "KERALARO MACHINERY",
    "count": 1
  },
  {
    "manufacturer": "PUNJABTRAC",
    "count": 1
  },
  {
    "manufacturer": "MASERATI",
    "count": 1
  },
  {
    "manufacturer": "FORCEMOTOR",
    "count": 1
  },
  {
    "manufacturer": "BALAWAN",
    "count": 1
  },
  {
    "manufacturer": "L & T CASE EQUIPMENT",
    "count": 1
  },
  {
    "manufacturer": "JASBIR ENGINEERING",
    "count": 1
  },
  {
    "manufacturer": "VICTORY ELECTRIC INTERNATIONAL",
    "count": 1
  },
  {
    "manufacturer": "JOHN DEERE(TRACTOR DEVISION)",
    "count": 1
  },
  {
    "manufacturer": "ORPI",
    "count": 1
  },
  {
    "manufacturer": "CASE EQUIPMENT",
    "count": 1
  },
  {
    "manufacturer": "JOHN DEERE (TRACTOR DEVISION",
    "count": 1
  },
  {
    "manufacturer": "GURU TRAILER",
    "count": 1
  },
  {
    "manufacturer": "HARVEL",
    "count": 1
  },
  {
    "manufacturer": "EKO",
    "count": 1
  },
  {
    "manufacturer": "J S",
    "count": 1
  },
  {
    "manufacturer": "GREAVES COTTON",
    "count": 1
  },
  {
    "manufacturer": "GURU NANAKRICULTURE",
    "count": 1
  },
  {
    "manufacturer": "SYANRO",
    "count": 1
  },
  {
    "manufacturer": "PREEETRO",
    "count": 1
  },
  {
    "manufacturer": "PAL DIESAL",
    "count": 1
  },
  {
    "manufacturer": "OKA",
    "count": 1
  },
  {
    "manufacturer": "GILLPREETAGRO",
    "count": 1
  },
  {
    "manufacturer": "HYKON",
    "count": 1
  },
  {
    "manufacturer": "HMSI",
    "count": 1
  },
  {
    "manufacturer": "UBAHAARI ENGINEERING",
    "count": 1
  },
  {
    "manufacturer": "M/SKIA",
    "count": 1
  },
  {
    "manufacturer": "VISHALRICULTURAL",
    "count": 1
  },
  {
    "manufacturer": "HUNAN ZOOMLION INT TRADE CO",
    "count": 1
  },
  {
    "manufacturer": "STANDARD COMBINES",
    "count": 1
  },
  {
    "manufacturer": "TADANO",
    "count": 1
  },
  {
    "manufacturer": "PEUGEOT",
    "count": 1
  },
  {
    "manufacturer": "PASHARO",
    "count": 1
  },
  {
    "manufacturer": "A1 HEAVY EQUIPMENTS DEVELOPER",
    "count": 1
  },
  {
    "manufacturer": "KERALAS",
    "count": 1
  },
  {
    "manufacturer": "LOTEYRICULTURE",
    "count": 1
  },
  {
    "manufacturer": "M HRICULTURE",
    "count": 1
  },
  {
    "manufacturer": "AADITYA EMOTORS",
    "count": 1
  },
  {
    "manufacturer": "GURDAIALRO",
    "count": 1
  },
  {
    "manufacturer": "KURUKSHETRAS",
    "count": 1
  },
  {
    "manufacturer": "AJANTA RO",
    "count": 1
  },
  {
    "manufacturer": "NABHKIRANRO IND",
    "count": 1
  },
  {
    "manufacturer": "YO BIKE",
    "count": 1
  },
  {
    "manufacturer": "VE (VOLVO DIVISION)",
    "count": 1
  },
  {
    "manufacturer": "SHRI SAKTHI VINAYAKA TRAILERS",
    "count": 1
  },
  {
    "manufacturer": "JOHN DEERE EQUIPMENTPVTLTDPUNE",
    "count": 1
  },
  {
    "manufacturer": "BAYERISCHEEN WERKE",
    "count": 1
  },
  {
    "manufacturer": "ARASAN & CO",
    "count": 1
  },
  {
    "manufacturer": "STAR BULL E",
    "count": 1
  },
  {
    "manufacturer": "JANANI TRAILERS",
    "count": 1
  },
  {
    "manufacturer": "TEREX EQUIPMENT P",
    "count": 1
  },
  {
    "manufacturer": "KTMRAD",
    "count": 1
  },
  {
    "manufacturer": "KRISHNA ENGINEERING",
    "count": 1
  },
  {
    "manufacturer": "JOHN DEERE",
    "count": 1
  },
  {
    "manufacturer": "MANJITRO",
    "count": 1
  },
  {
    "manufacturer": "HARVEST COMBINE",
    "count": 1
  },
  {
    "manufacturer": "GM DAEWOO &NOLOGY CO",
    "count": 1
  },
  {
    "manufacturer": "BALDEVRO",
    "count": 1
  },
  {
    "manufacturer": "TRACLAXX",
    "count": 1
  },
  {
    "manufacturer": "VOLKSWAGON",
    "count": 1
  },
  {
    "manufacturer": "ASIA WORK",
    "count": 1
  },
  {
    "manufacturer": "JSW MG",
    "count": 1
  },
  {
    "manufacturer": "BENTLEY",
    "count": 1
  },
  {
    "manufacturer": "XUZHOU CONSTRUCTION CO",
    "count": 1
  },
  {
    "manufacturer": "TOYOTAKIRL",
    "count": 1
  },
  {
    "manufacturer": "ASIA BODY BUILDERS & MANUFACTURERS",
    "count": 1
  },
  {
    "manufacturer": "GRD",
    "count": 1
  },
  {
    "manufacturer": "M/SSRILAKSHMI NARASIMHA SWAMYRO",
    "count": 1
  },
  {
    "manufacturer": "SHRIMA ENGINEERING",
    "count": 1
  },
  {
    "manufacturer": "HIND MOT",
    "count": 1
  },
  {
    "manufacturer": "BA",
    "count": 1
  },
  {
    "manufacturer": "ISHER 568",
    "count": 1
  },
  {
    "manufacturer": "M/S CLASSIC LEGENDS",
    "count": 1
  },
  {
    "manufacturer": "N S GRO",
    "count": 1
  },
  {
    "manufacturer": "SHEHALPREET ENGG",
    "count": 1
  },
  {
    "manufacturer": "AGRI ENGINEER",
    "count": 1
  },
  {
    "manufacturer": "NEW HOLLAND CONSTRUCTION EQUIPMENT(I)LTD",
    "count": 1
  },
  {
    "manufacturer": "GENERAL MOTORS",
    "count": 1
  },
  {
    "manufacturer": "NEW GAHIRRO",
    "count": 1
  },
  {
    "manufacturer": "ACTION CONSTRUCTION EQUIP",
    "count": 1
  },
  {
    "manufacturer": "DASMESH MECHANICAL",
    "count": 1
  },
  {
    "manufacturer": "SUMFONL TRADERS",
    "count": 1
  },
  {
    "manufacturer": "SAYARO",
    "count": 1
  },
  {
    "manufacturer": "CATERPILLAR P",
    "count": 1
  },
  {
    "manufacturer": "GILL MECHANICAL",
    "count": 1
  },
  {
    "manufacturer": "VISWANATH,BBSR",
    "count": 1
  },
  {
    "manufacturer": "ACTION CON",
    "count": 1
  },
  {
    "manufacturer": "EVERGREENROENCIES",
    "count": 1
  },
  {
    "manufacturer": "LOCAL TRAILER MANUFACTURER",
    "count": 1
  },
  {
    "manufacturer": "MAJESTIC",
    "count": 1
  },
  {
    "manufacturer": "KERALAAUTO",
    "count": 1
  },
  {
    "manufacturer": "TUFAN",
    "count": 1
  },
  {
    "manufacturer": "LOVEJEETRO",
    "count": 1
  },
  {
    "manufacturer": "DAKSH",
    "count": 1
  },
  {
    "manufacturer": "JEETRO",
    "count": 1
  },
  {
    "manufacturer": "RAM CHAND & SONS",
    "count": 1
  },
  {
    "manufacturer": "GURMRICULTURE",
    "count": 1
  },
  {
    "manufacturer": "TOP TEAM MACHINES",
    "count": 1
  },
  {
    "manufacturer": "HOOGHLY",
    "count": 1
  },
  {
    "manufacturer": "JIWANRICULTURAL IMPLEMENTSHOP CIS",
    "count": 1
  },
  {
    "manufacturer": "BALJEET ENGINEERING",
    "count": 1
  },
  {
    "manufacturer": "SRISAIBABA",
    "count": 1
  },
  {
    "manufacturer": "EICH TRA L",
    "count": 1
  },
  {
    "manufacturer": "GAHIR",
    "count": 1
  },
  {
    "manufacturer": "KALSI ENGINEERING",
    "count": 1
  },
  {
    "manufacturer": "SHRIRAJ ELECTRIC",
    "count": 1
  },
  {
    "manufacturer": "GURUNANAKRI ENG",
    "count": 1
  },
  {
    "manufacturer": "PRESTIGE TC III WT50TCIII LWB BUS SEMIDELUXE",
    "count": 1
  },
  {
    "manufacturer": "GURU NANAKRI ENGG",
    "count": 1
  },
  {
    "manufacturer": "UDAYAM TRAILER",
    "count": 1
  },
  {
    "manufacturer": "IINTERNATIONAL&MOTORS",
    "count": 1
  },
  {
    "manufacturer": "TERRA",
    "count": 1
  },
  {
    "manufacturer": "GREAVES",
    "count": 1
  },
  {
    "manufacturer": "SATRAC ENGINEERING",
    "count": 1
  },
  {
    "manufacturer": "DEMAG DEMAG HC 340",
    "count": 1
  },
  {
    "manufacturer": "TM",
    "count": 1
  },
  {
    "manufacturer": "API",
    "count": 1
  },
  {
    "manufacturer": "SCOOTERS",
    "count": 1
  },
  {
    "manufacturer": "OLA ELECTRICNOLOGIES",
    "count": 1
  },
  {
    "manufacturer": "MYTRAH MOBILITY",
    "count": 1
  },
  {
    "manufacturer": "AJAX ENGINEERING",
    "count": 1
  },
  {
    "manufacturer": "FUJI HEAVY",
    "count": 1
  },
  {
    "manufacturer": "SHRIRAM",
    "count": 1
  },
  {
    "manufacturer": "BHAGWANRO",
    "count": 1
  },
  {
    "manufacturer": "CONTINENTAL ENGINES",
    "count": 1
  },
  {
    "manufacturer": "P & P ENGG",
    "count": 1
  },
  {
    "manufacturer": "DASHMESHRICULTURE",
    "count": 1
  },
  {
    "manufacturer": "DODGE",
    "count": 1
  },
  {
    "manufacturer": "UTTAM CONSTRUCTION EQUIPMENTS",
    "count": 1
  },
  {
    "manufacturer": "KRANTIS",
    "count": 1
  },
  {
    "manufacturer": "ARYA",
    "count": 1
  },
  {
    "manufacturer": "VINAYAK",
    "count": 1
  },
  {
    "manufacturer": "HARDEVRO",
    "count": 1
  },
  {
    "manufacturer": "BHARATH ENGINEERING",
    "count": 1
  },
  {
    "manufacturer": "SRINIVASARO",
    "count": 1
  },
  {
    "manufacturer": "VIJAYS COOLMAX",
    "count": 1
  },
  {
    "manufacturer": "JIJO ELECTRIC WHEELS",
    "count": 1
  },
  {
    "manufacturer": "T D V",
    "count": 1
  },
  {
    "manufacturer": "THUKRAL ELECTRIC BIKES",
    "count": 1
  },
  {
    "manufacturer": "H-D",
    "count": 1
  },
  {
    "manufacturer": "ECOMET",
    "count": 1
  },
  {
    "manufacturer": "DAIMLER(ICOMMERCIAL VEH P",
    "count": 1
  },
  {
    "manufacturer": "DSK MOTOWHEELS",
    "count": 1
  },
  {
    "manufacturer": "ARUL",
    "count": 1
  },
  {
    "manufacturer": "SHRI GOGULAMS",
    "count": 1
  },
  {
    "manufacturer": "COLES CRANE",
    "count": 1
  },
  {
    "manufacturer": "BAJAJTEMPO",
    "count": 1
  },
  {
    "manufacturer": "SSRO",
    "count": 1
  },
  {
    "manufacturer": "YC ELECTRIC",
    "count": 1
  },
  {
    "manufacturer": "LAISH MADISON",
    "count": 1
  },
  {
    "manufacturer": "INDIA",
    "count": 1
  },
  {
    "manufacturer": "BROOKE BOND",
    "count": 1
  },
  {
    "manufacturer": "INDIRA STEEL",
    "count": 1
  },
  {
    "manufacturer": "SMV",
    "count": 1
  },
  {
    "manufacturer": "MSRO",
    "count": 1
  },
  {
    "manufacturer": "RAMRO",
    "count": 1
  },
  {
    "manufacturer": "VAUXHALL",
    "count": 1
  },
  {
    "manufacturer": "MAHESH ENGINEERING",
    "count": 1
  },
  {
    "manufacturer": "RUDRA",
    "count": 1
  },
  {
    "manufacturer": "A J S",
    "count": 1
  },
  {
    "manufacturer": "KYB CONMAT",
    "count": 1
  },
  {
    "manufacturer": "KHALSA RO",
    "count": 1
  },
  {
    "manufacturer": "SYN SOLUTIONS",
    "count": 1
  },
  {
    "manufacturer": "VAIBHAV INDUSHRIES",
    "count": 1
  },
  {
    "manufacturer": "RACES",
    "count": 1
  },
  {
    "manufacturer": "LOTEYRO",
    "count": 1
  },
  {
    "manufacturer": "SHRI LAXMI ENGINEERING",
    "count": 1
  },
  {
    "manufacturer": "MAHARASTRA SCOOTER",
    "count": 1
  },
  {
    "manufacturer": "SUNRISE",
    "count": 1
  },
  {
    "manufacturer": "INDIAN",
    "count": 1
  },
  {
    "manufacturer": "SPEEGO CO",
    "count": 1
  },
  {
    "manufacturer": "BLUE ENERGY",
    "count": 1
  },
  {
    "manufacturer": "LAND ROVER",
    "count": 1
  },
  {
    "manufacturer": "CHATELEC",
    "count": 1
  },
  {
    "manufacturer": "HINDRO",
    "count": 1
  },
  {
    "manufacturer": "JOHNSON &",
    "count": 1
  },
  {
    "manufacturer": "MARUTIGRANDVITARASMARTHYBRID",
    "count": 1
  },
  {
    "manufacturer": "M/SSEETHARAMA ENGINEERING WOR",
    "count": 1
  },
  {
    "manufacturer": "ROYAL-ENFIELD (UNIT OF EICHER",
    "count": 1
  },
  {
    "manufacturer": "INDERPREETRO",
    "count": 1
  },
  {
    "manufacturer": "AGRO",
    "count": 1
  },
  {
    "manufacturer": "KIN HONDA",
    "count": 1
  },
  {
    "manufacturer": "CHANADANRO IND",
    "count": 1
  },
  {
    "manufacturer": "REVOLT INTELLICORP",
    "count": 1
  },
  {
    "manufacturer": "INDO FARM EQUIP",
    "count": 1
  },
  {
    "manufacturer": "RAMGARHIA MECHANICAL",
    "count": 1
  },
  {
    "manufacturer": "INGERSOLL RAND",
    "count": 1
  },
  {
    "manufacturer": "DAIMLER CHRYSLER P",
    "count": 1
  },
  {
    "manufacturer": "RSD SECURITY SOLUTIONS",
    "count": 1
  },
  {
    "manufacturer": "VARA LAKSHMI ENGINEERING",
    "count": 1
  },
  {
    "manufacturer": "D MRO",
    "count": 1
  },
  {
    "manufacturer": "DASHMESH MECH",
    "count": 1
  },
  {
    "manufacturer": "DUCATI HOLDING SPA",
    "count": 1
  },
  {
    "manufacturer": "BOSE ENTERPRISE",
    "count": 1
  },
  {
    "manufacturer": "RKTRAILORS",
    "count": 1
  },
  {
    "manufacturer": "FALCON",
    "count": 1
  },
  {
    "manufacturer": "DASMESHRICULTURE",
    "count": 1
  },
  {
    "manufacturer": "GODREJ & BOYCE CO",
    "count": 1
  },
  {
    "manufacturer": "KABMAX ELECTRICS",
    "count": 1
  },
  {
    "manufacturer": "P B NATIONALRICULTURE",
    "count": 1
  },
  {
    "manufacturer": "KIROL GHATGE PATIL",
    "count": 1
  },
  {
    "manufacturer": "AWACHAT",
    "count": 1
  },
  {
    "manufacturer": "GURU NANAKRO",
    "count": 1
  },
  {
    "manufacturer": "IDEAL JAWA",
    "count": 1
  },
  {
    "manufacturer": "SANTKRUPA ENGG",
    "count": 1
  },
  {
    "manufacturer": "PAL PEUGOT",
    "count": 1
  },
  {
    "manufacturer": "ASHLEY PL HAUWEL TRAILER",
    "count": 1
  },
  {
    "manufacturer": "F C A",
    "count": 1
  },
  {
    "manufacturer": "PVPLTD",
    "count": 1
  },
  {
    "manufacturer": "TITAGARHRICO",
    "count": 1
  },
  {
    "manufacturer": "M/S RAVI ENGINEERING",
    "count": 1
  },
  {
    "manufacturer": "NIPUN SANYANTRA",
    "count": 1
  },
  {
    "manufacturer": "RAJIV RAJ",
    "count": 1
  },
  {
    "manufacturer": "SM",
    "count": 1
  },
  {
    "manufacturer": "SHIVA",
    "count": 1
  },
  {
    "manufacturer": "A RRO",
    "count": 1
  },
  {
    "manufacturer": "KISSANRO",
    "count": 1
  },
  {
    "manufacturer": "SCHWING STETTER (INDIA)",
    "count": 1
  },
  {
    "manufacturer": "HD",
    "count": 1
  },
  {
    "manufacturer": "DHIMANRICULTURAL",
    "count": 1
  },
  {
    "manufacturer": "EMER SPA",
    "count": 1
  },
  {
    "manufacturer": "LAXMI TRAILERS",
    "count": 1
  },
  {
    "manufacturer": "JMSSPRO",
    "count": 1
  },
  {
    "manufacturer": "CA1215/39",
    "count": 1
  },
  {
    "manufacturer": "HARESH STEELRO",
    "count": 1
  },
  {
    "manufacturer": "AMBALS",
    "count": 1
  },
  {
    "manufacturer": "BHM",
    "count": 1
  },
  {
    "manufacturer": "RAVI ENGG",
    "count": 1
  },
  {
    "manufacturer": "GLOBALS",
    "count": 1
  },
  {
    "manufacturer": "SCTR(I)LTD",
    "count": 1
  },
  {
    "manufacturer": "XUZHOU CONSTRUCTION MACHINERY GROUP, CHINA",
    "count": 1
  },
  {
    "manufacturer": "LAMBRETTACYCLES & SCOOTERS",
    "count": 1
  },
  {
    "manufacturer": "KALINGA VENTURES",
    "count": 1
  },
  {
    "manufacturer": "A DRO",
    "count": 1
  },
  {
    "manufacturer": "OLECTRA GREENTECH",
    "count": 1
  },
  {
    "manufacturer": "MALKITROTECH",
    "count": 1
  },
  {
    "manufacturer": "ECO SMART",
    "count": 1
  },
  {
    "manufacturer": "PLANET 7 INTERNATIONAL",
    "count": 1
  },
  {
    "manufacturer": "GROVE, UNITED STATES",
    "count": 1
  },
  {
    "manufacturer": "SAERA ELECTRIC",
    "count": 1
  },
  {
    "manufacturer": "CHRYSLER",
    "count": 1
  },
  {
    "manufacturer": "KAMAZ",
    "count": 1
  },
  {
    "manufacturer": "ANBU TRAILERS",
    "count": 1
  },
  {
    "manufacturer": "CLASSIC LEGENDS",
    "count": 1
  },
  {
    "manufacturer": "INDIAN STRUCTURAL P",
    "count": 1
  },
  {
    "manufacturer": "PREMIERS",
    "count": 1
  },
  {
    "manufacturer": "TRIUMPHCYCLES (INDIA)",
    "count": 1
  },
  {
    "manufacturer": "HOLLAND",
    "count": 1
  },
  {
    "manufacturer": "SUNDARALAKSHMI",
    "count": 1
  },
  {
    "manufacturer": "KUMAR",
    "count": 1
  },
  {
    "manufacturer": "BHARAT & ASSEMBLING E RIKSHA",
    "count": 1
  },
  {
    "manufacturer": "TITAGARHRICO (P",
    "count": 1
  },
  {
    "manufacturer": "GM DAEWOO CO",
    "count": 1
  },
  {
    "manufacturer": "JAGDISH",
    "count": 1
  },
  {
    "manufacturer": "M/SAJAX ENGINEERING",
    "count": 1
  },
  {
    "manufacturer": "MAHINDR",
    "count": 1
  },
  {
    "manufacturer": "SHRILAKSHMI BODY BUILDER",
    "count": 1
  },
  {
    "manufacturer": "BISTI WELDING & LATHE",
    "count": 1
  },
  {
    "manufacturer": "AP SCOOTERS",
    "count": 1
  },
  {
    "manufacturer": "KION",
    "count": 1
  },
  {
    "manufacturer": "A P TRAILERS",
    "count": 1
  },
  {
    "manufacturer": "KULARRO",
    "count": 1
  },
  {
    "manufacturer": "DRING HCFPORSCHE",
    "count": 1
  },
  {
    "manufacturer": "PANESARRO",
    "count": 1
  },
  {
    "manufacturer": "AUTOMOBILE PRODUCTS OF",
    "count": 1
  },
  {
    "manufacturer": "SATNAM ENGG",
    "count": 1
  },
  {
    "manufacturer": "DESOTO",
    "count": 1
  },
  {
    "manufacturer": "RAMJIRO",
    "count": 1
  },
  {
    "manufacturer": "APOLLO CARMIX EQUIPMENTS",
    "count": 1
  },
  {
    "manufacturer": "ENFIELDIND",
    "count": 1
  },
  {
    "manufacturer": "PUNJABRO IMPLEMENTS",
    "count": 1
  },
  {
    "manufacturer": "VMT",
    "count": 1
  },
  {
    "manufacturer": "ABRA",
    "count": 1
  },
  {
    "manufacturer": "VT ENGINEERING",
    "count": 1
  },
  {
    "manufacturer": "SRI BADESHWARA ARGO",
    "count": 1
  },
  {
    "manufacturer": "MINTO",
    "count": 1
  },
  {
    "manufacturer": "KAYAMEL MACHINE",
    "count": 1
  },
  {
    "manufacturer": "PATMAVATI",
    "count": 1
  },
  {
    "manufacturer": "PLAENGINEERING",
    "count": 1
  },
  {
    "manufacturer": "SHANMUKESHWARARO IND",
    "count": 1
  },
  {
    "manufacturer": "ROOP MECHANICAL",
    "count": 1
  },
  {
    "manufacturer": "RUPALRO IND",
    "count": 1
  },
  {
    "manufacturer": "EA",
    "count": 1
  },
  {
    "manufacturer": "DILLI ELECTRIC",
    "count": 1
  },
  {
    "manufacturer": "ROADSTERS",
    "count": 1
  },
  {
    "manufacturer": "ULTRA1918T",
    "count": 1
  },
  {
    "manufacturer": "OMEGA CONST EQUIPT",
    "count": 1
  },
  {
    "manufacturer": "SHILPA",
    "count": 1
  },
  {
    "manufacturer": "PRAKASH METAL",
    "count": 1
  },
  {
    "manufacturer": "HARJASRO",
    "count": 1
  },
  {
    "manufacturer": "TVSMOTORCO",
    "count": 1
  },
  {
    "manufacturer": "INTERNATIONAL&MOTORSLTDHP",
    "count": 1
  },
  {
    "manufacturer": "BALU RAJA",
    "count": 1
  },
  {
    "manufacturer": "SHRI PAVAN",
    "count": 1
  },
  {
    "manufacturer": "ESCCONEQUI",
    "count": 1
  },
  {
    "manufacturer": "ANDAL",
    "count": 1
  },
  {
    "manufacturer": "BOMBAY CYCLE &ENCY",
    "count": 1
  },
  {
    "manufacturer": "SAKTHIVEL TRAILER",
    "count": 1
  },
  {
    "manufacturer": "SRI RAMA ENGCO",
    "count": 1
  },
  {
    "manufacturer": "MAN FORCELTD",
    "count": 1
  },
  {
    "manufacturer": "HUMMER",
    "count": 1
  },
  {
    "manufacturer": "SETH INDUSTRIAL",
    "count": 1
  },
  {
    "manufacturer": "UM LOHIAS",
    "count": 1
  },
  {
    "manufacturer": "MOMI ENGINEERING",
    "count": 1
  },
  {
    "manufacturer": "NEW HOLLAND FIAT",
    "count": 1
  },
  {
    "manufacturer": "SONI E",
    "count": 1
  },
  {
    "manufacturer": "SHRI VENKATESHWARA ENGINEERING",
    "count": 1
  },
  {
    "manufacturer": "ZENIAK INNOVATION",
    "count": 1
  },
  {
    "manufacturer": "JAZZ",
    "count": 1
  },
  {
    "manufacturer": "BEST WAYENCIES",
    "count": 1
  },
  {
    "manufacturer": "GAYATRI ENGINEERING",
    "count": 1
  },
  {
    "manufacturer": "SHYAM ENG",
    "count": 1
  },
  {
    "manufacturer": "A & Z CO P",
    "count": 1
  },
  {
    "manufacturer": "VISHAVKARMA ENGINEERING",
    "count": 1
  },
  {
    "manufacturer": "VISHAVKARMARO",
    "count": 1
  },
  {
    "manufacturer": "JOHN DEERE(CROP SOLUTION DIV)",
    "count": 1
  },
  {
    "manufacturer": "SHRI RAMRO",
    "count": 1
  },
  {
    "manufacturer": "KARTARRO ENGINEERS",
    "count": 1
  },
  {
    "manufacturer": "CORONA BUS MANUFACTURERS",
    "count": 1
  },
  {
    "manufacturer": "JKAGRO",
    "count": 1
  },
  {
    "manufacturer": "VARINDERA",
    "count": 1
  },
  {
    "manufacturer": "FIADO",
    "count": 1
  },
  {
    "manufacturer": "OM RAJTECH LLP",
    "count": 1
  },
  {
    "manufacturer": "GEHIRRICULTURE IND",
    "count": 1
  },
  {
    "manufacturer": "ALTIGREEN PROPULSION LABS",
    "count": 1
  },
  {
    "manufacturer": "SWADESH &",
    "count": 1
  },
  {
    "manufacturer": "BHAI BHAI ENGINEERING",
    "count": 1
  },
  {
    "manufacturer": "VOLTAS",
    "count": 1
  },
  {
    "manufacturer": "INDIANRO",
    "count": 1
  },
  {
    "manufacturer": "KELVINATOR OF",
    "count": 1
  },
  {
    "manufacturer": "MACHINERY MANUN",
    "count": 1
  },
  {
    "manufacturer": "ABIRAMI ENGINEERING",
    "count": 1
  },
  {
    "manufacturer": "KSRICULTURAL",
    "count": 1
  },
  {
    "manufacturer": "PREFIX ENGG",
    "count": 1
  },
  {
    "manufacturer": "MANNENSMANN GERMANY",
    "count": 1
  },
  {
    "manufacturer": "VISHWAS TRAILER WELD WORK",
    "count": 1
  },
  {
    "manufacturer": "GURU NANAKRI",
    "count": 1
  },
  {
    "manufacturer": "FIATINDIAAUTOMOBILESPVTLTD",
    "count": 1
  },
  {
    "manufacturer": "SHIVA GAYATRI ENGG",
    "count": 1
  },
  {
    "manufacturer": "GOBINDRO",
    "count": 1
  },
  {
    "manufacturer": "GK RICKSHAW",
    "count": 1
  },
  {
    "manufacturer": "ARTEMIS P",
    "count": 1
  },
  {
    "manufacturer": "HARMEETRICULTURE",
    "count": 1
  },
  {
    "manufacturer": "NSRO",
    "count": 1
  },
  {
    "manufacturer": "GILLRICULTURE",
    "count": 1
  },
  {
    "manufacturer": "GAZ",
    "count": 1
  },
  {
    "manufacturer": "VIJAYALAKSHIMI ENGG",
    "count": 1
  },
  {
    "manufacturer": "ETRIOS",
    "count": 1
  },
  {
    "manufacturer": "VINTAGE",
    "count": 1
  },
  {
    "manufacturer": "GURU NANAKRICULTURE IMPLEMENTS",
    "count": 1
  },
  {
    "manufacturer": "VST TILLERS",
    "count": 1
  },
  {
    "manufacturer": "BSA",
    "count": 1
  },
  {
    "manufacturer": "VENUS EQUIPMENT",
    "count": 1
  },
  {
    "manufacturer": "SAKTHI ENGG",
    "count": 1
  },
  {
    "manufacturer": "SOORAJ",
    "count": 1
  },
  {
    "manufacturer": "LOTAYRO",
    "count": 1
  },
  {
    "manufacturer": "GROMAXRI EQUIPMENT",
    "count": 1
  },
  {
    "manufacturer": "KUMAR ENGINEERING",
    "count": 1
  },
  {
    "manufacturer": "P & H",
    "count": 1
  },
  {
    "manufacturer": "AVATAR ENGINEERING WORK",
    "count": 1
  },
  {
    "manufacturer": "MATHAROORICULTURE IMPLIMENT",
    "count": 1
  },
  {
    "manufacturer": "SHAKTIMANRO",
    "count": 1
  },
  {
    "manufacturer": "ROARLEO",
    "count": 1
  },
  {
    "manufacturer": "FARGO",
    "count": 1
  },
  {
    "manufacturer": "SHWETARO",
    "count": 1
  },
  {
    "manufacturer": "ARROW",
    "count": 1
  },
  {
    "manufacturer": "LALRO",
    "count": 1
  },
  {
    "manufacturer": "CASE NEW HOLLAND CONSTRUCTION EQUIPMENT MP",
    "count": 1
  },
  {
    "manufacturer": "GENERALENCIES(KOLKATA)",
    "count": 1
  },
  {
    "manufacturer": "KASSA RAMA COMBINES",
    "count": 1
  },
  {
    "manufacturer": "CASE NEW HOLLAND CONSTRUCTION EQUIPMENT",
    "count": 1
  },
  {
    "manufacturer": "G M",
    "count": 1
  },
  {
    "manufacturer": "ELECTROTHERM (I",
    "count": 1
  },
  {
    "manufacturer": "3EV",
    "count": 1
  },
  {
    "manufacturer": "S7",
    "count": 1
  },
  {
    "manufacturer": "SHRI LAKSHIMI BODY",
    "count": 1
  },
  {
    "manufacturer": "AL-ZAHOOR CO",
    "count": 1
  },
  {
    "manufacturer": "GP4825/66",
    "count": 1
  },
  {
    "manufacturer": "GOMTI",
    "count": 1
  },
  {
    "manufacturer": "MATHARU ENGINEERING",
    "count": 1
  },
  {
    "manufacturer": "SHRI CHERAN TRAILOR",
    "count": 1
  },
  {
    "manufacturer": "MAA SHAKTI EXIM",
    "count": 1
  },
  {
    "manufacturer": "SAN",
    "count": 1
  },
  {
    "manufacturer": "BEML",
    "count": 1
  },
  {
    "manufacturer": "DEEP DRAWNNOLOGIES",
    "count": 1
  },
  {
    "manufacturer": "KURUKSHETRAS (P",
    "count": 1
  },
  {
    "manufacturer": "GURMUKHRO",
    "count": 1
  },
  {
    "manufacturer": "DILIP CHHABRIA DESIGN",
    "count": 1
  },
  {
    "manufacturer": "AMAR COACH BUILDERS",
    "count": 1
  },
  {
    "manufacturer": "OM BALAJEE ()",
    "count": 1
  },
  {
    "manufacturer": "DATSUN",
    "count": 1
  },
  {
    "manufacturer": "BHARAT PUMP COMP",
    "count": 1
  },
  {
    "manufacturer": "MCLAREN (IMPORTER: INFINITY)",
    "count": 1
  },
  {
    "manufacturer": "SAGAR",
    "count": 1
  },
  {
    "manufacturer": "SUNDARAM",
    "count": 1
  },
  {
    "manufacturer": "NISUKI MOPEDS",
    "count": 1
  },
  {
    "manufacturer": "WR-V",
    "count": 1
  },
  {
    "manufacturer": "GAHIRRO",
    "count": 1
  },
  {
    "manufacturer": "BAFNA ILTD",
    "count": 1
  },
  {
    "manufacturer": "ENERGY ELECTRIC",
    "count": 1
  },
  {
    "manufacturer": "KDRO",
    "count": 1
  },
  {
    "manufacturer": "LMV",
    "count": 1
  },
  {
    "manufacturer": "RAM JI ENGINEERING",
    "count": 1
  },
  {
    "manufacturer": "TRIUMPHCYCLES",
    "count": 1
  },
  {
    "manufacturer": "J PRO",
    "count": 1
  },
  {
    "manufacturer": "KAVERI TRAILERS",
    "count": 1
  },
  {
    "manufacturer": "ALLFINE",
    "count": 1
  },
  {
    "manufacturer": "SHAHJANANDRO IND",
    "count": 1
  },
  {
    "manufacturer": "LAKSHMI VENKATASWARA INDUSTREE",
    "count": 1
  },
  {
    "manufacturer": "HINDUSTANRO",
    "count": 1
  },
  {
    "manufacturer": "RAJMANDIR",
    "count": 1
  },
  {
    "manufacturer": "SHAKTTI CONSTRUCTIONS EQUIPMENT",
    "count": 1
  },
  {
    "manufacturer": "HAMM",
    "count": 1
  },
  {
    "manufacturer": "HEMAVATHIRO",
    "count": 1
  },
  {
    "manufacturer": "MANDEEP ENGINEERING",
    "count": 1
  },
  {
    "manufacturer": "A R L &",
    "count": 1
  },
  {
    "manufacturer": "OKAYA EV",
    "count": 1
  },
  {
    "manufacturer": "M SRO",
    "count": 1
  },
  {
    "manufacturer": "SHRI BALAJI TRAILERS",
    "count": 1
  },
  {
    "manufacturer": "SHREYA ENGINEERS",
    "count": 1
  },
  {
    "manufacturer": "DYNAPAC ROAD CONSTRUCTION EQUIPMENT",
    "count": 1
  },
  {
    "manufacturer": "SURINDERARO INSDUSTRIES",
    "count": 1
  },
  {
    "manufacturer": "M/SSWITCH MOBILITY",
    "count": 1
  },
  {
    "manufacturer": "SWITCH MOBILITY",
    "count": 1
  },
  {
    "manufacturer": "ASIA, GUJARAT",
    "count": 1
  },
  {
    "manufacturer": "SJB",
    "count": 1
  },
  {
    "manufacturer": "OMEGA SEIKI",
    "count": 1
  },
  {
    "manufacturer": "INDUS CO",
    "count": 1
  },
  {
    "manufacturer": "TOYATA - IMPORTED",
    "count": 1
  },
  {
    "manufacturer": "AJANTA KRUSHI YANTRA",
    "count": 1
  },
  {
    "manufacturer": "NABH",
    "count": 1
  },
  {
    "manufacturer": "SWARAJMAZDASPRMZT54ETCIIIDELWB BUS STBSIII",
    "count": 1
  },
  {
    "manufacturer": "DAIMLER CHRYSLER, GERMANY",
    "count": 1
  },
  {
    "manufacturer": "LOHIA",
    "count": 1
  },
  {
    "manufacturer": "BENTELY",
    "count": 1
  },
  {
    "manufacturer": "TRACTORS &",
    "count": 1
  },
  {
    "manufacturer": "HUBBER",
    "count": 1
  },
  {
    "manufacturer": "ROLLS ROYCES - IMPORTED",
    "count": 1
  },
  {
    "manufacturer": "RAPID",
    "count": 1
  },
  {
    "manufacturer": "USHA ENGINEERNG CO",
    "count": 1
  },
  {
    "manufacturer": "SCHWING STETTER PL",
    "count": 1
  },
  {
    "manufacturer": "KARANTIS",
    "count": 1
  },
  {
    "manufacturer": "MITSUBHISHI",
    "count": 1
  },
  {
    "manufacturer": "DISPOSAL CRANE",
    "count": 1
  },
  {
    "manufacturer": "INTRA",
    "count": 1
  },
  {
    "manufacturer": "R3 ENTERPRISES",
    "count": 1
  },
  {
    "manufacturer": "MARSHAL",
    "count": 1
  },
  {
    "manufacturer": "TATRA",
    "count": 1
  },
  {
    "manufacturer": "GILL PREETRO",
    "count": 1
  },
  {
    "manufacturer": "GAUTAMRO",
    "count": 1
  },
  {
    "manufacturer": "TRACTORS&FARM EQUIPMENT",
    "count": 1
  },
  {
    "manufacturer": "LEEBOY",
    "count": 1
  },
  {
    "manufacturer": "SATKARTARRO",
    "count": 1
  },
  {
    "manufacturer": "Y A I M S",
    "count": 1
  },
  {
    "manufacturer": "MITHU BAJRANG ENGWORKS",
    "count": 1
  },
  {
    "manufacturer": "FARMTECHRO",
    "count": 1
  },
  {
    "manufacturer": "YAMAHAM(I)",
    "count": 1
  },
  {
    "manufacturer": "APE",
    "count": 1
  },
  {
    "manufacturer": "NEW LEADERRO ENGINEERING",
    "count": 1
  },
  {
    "manufacturer": "SHIV TRAILOR",
    "count": 1
  },
  {
    "manufacturer": "ELECTROTHERM (INDIA)",
    "count": 1
  },
  {
    "manufacturer": "MGM ENGG",
    "count": 1
  },
  {
    "manufacturer": "KALPATARUROTECH",
    "count": 1
  },
  {
    "manufacturer": "DAVE EXIM",
    "count": 1
  },
  {
    "manufacturer": "INDUS ELECTROTHERM",
    "count": 1
  },
  {
    "manufacturer": "CATERPILLAR (SOZHOU) CO",
    "count": 1
  },
  {
    "manufacturer": "EULER",
    "count": 1
  },
  {
    "manufacturer": "DHILLON COMBINERO",
    "count": 1
  },
  {
    "manufacturer": "PATEL",
    "count": 1
  },
  {
    "manufacturer": "KAPTECH",
    "count": 1
  },
  {
    "manufacturer": "AMARJEET HARVESTER",
    "count": 1
  },
  {
    "manufacturer": "SANY",
    "count": 1
  },
  {
    "manufacturer": "KISHANRO",
    "count": 1
  },
  {
    "manufacturer": "YUSUF KHAN ENGINEERING",
    "count": 1
  },
  {
    "manufacturer": "KOMATSU JAPAN",
    "count": 1
  },
  {
    "manufacturer": "GODREJ & BOYCE",
    "count": 1
  },
  {
    "manufacturer": "HINO",
    "count": 1
  },
  {
    "manufacturer": "R R ENGINEERING",
    "count": 1
  },
  {
    "manufacturer": "PUNJABRO",
    "count": 1
  },
  {
    "manufacturer": "ENFIELD",
    "count": 1
  },
  {
    "manufacturer": "SRI RAMA TRALLY INDUST KNR",
    "count": 1
  },
  {
    "manufacturer": "RAMGARH",
    "count": 1
  },
  {
    "manufacturer": "GIANRO",
    "count": 1
  },
  {
    "manufacturer": "NIRMAL BROTHER",
    "count": 1
  },
  {
    "manufacturer": "RAMGARHIA ENGG",
    "count": 1
  },
  {
    "manufacturer": "ZERMANS INNOVATIETECHNOLOGIES",
    "count": 1
  },
  {
    "manufacturer": "BHARAT",
    "count": 1
  },
  {
    "manufacturer": "A K GUPTA & CO",
    "count": 1
  },
  {
    "manufacturer": "5TONS 2WH TRAILER WATER TANKER IRON BODY",
    "count": 1
  },
  {
    "manufacturer": "TEST MAKER 06",
    "count": 1
  },
  {
    "manufacturer": "ACTION CONST EQUIP(P)",
    "count": 1
  },
  {
    "manufacturer": "RAM CHANDER & SONS",
    "count": 1
  },
  {
    "manufacturer": "HECTOR-",
    "count": 1
  },
  {
    "manufacturer": "MANAKRO",
    "count": 1
  },
  {
    "manufacturer": "LAKSHYA SALES",
    "count": 1
  },
  {
    "manufacturer": "PRABHAT ENGG VIKARABAD",
    "count": 1
  },
  {
    "manufacturer": "UE2820/39R",
    "count": 1
  },
  {
    "manufacturer": "ANANDRO IND",
    "count": 1
  },
  {
    "manufacturer": "VEERASAMY ENGG",
    "count": 1
  },
  {
    "manufacturer": "MAHAVIR TRACTOR & IMPLEMENTS",
    "count": 1
  },
  {
    "manufacturer": "SHAMSER STDCOLTD",
    "count": 1
  },
  {
    "manufacturer": "PINNACLE MOBILITY SOLUTIONS",
    "count": 1
  },
  {
    "manufacturer": "LINKRO ENGINEERING",
    "count": 1
  },
  {
    "manufacturer": "AVTAR ENGINEERING",
    "count": 1
  },
  {
    "manufacturer": "PARAS",
    "count": 1
  },
  {
    "manufacturer": "THE NEW MYSORE ENG",
    "count": 1
  },
  {
    "manufacturer": "FARMER TRACTOR, METODA GIDC",
    "count": 1
  },
  {
    "manufacturer": "APOLLO CONSTRUCTION EQUIPMENTS",
    "count": 1
  },
  {
    "manufacturer": "A P I",
    "count": 1
  },
  {
    "manufacturer": "DCM DAEWOO",
    "count": 1
  },
  {
    "manufacturer": "VIKRAM",
    "count": 1
  },
  {
    "manufacturer": "CNH INDUSTRIAL (INDIA",
    "count": 1
  },
  {
    "manufacturer": "TN SMALL",
    "count": 1
  },
  {
    "manufacturer": "GANI",
    "count": 1
  },
  {
    "manufacturer": "CLAAS",
    "count": 1
  },
  {
    "manufacturer": "SHEHAL PREET ENGG",
    "count": 1
  },
  {
    "manufacturer": "XCENT",
    "count": 1
  },
  {
    "manufacturer": "SHRI RAM TRAILOR",
    "count": 1
  },
  {
    "manufacturer": "DISPOSAL TRACTOR",
    "count": 1
  },
  {
    "manufacturer": "ROLLS-ROYCE(IMPORTER:SELECT P)",
    "count": 1
  },
  {
    "manufacturer": "GAHIRRICULTURE",
    "count": 1
  },
  {
    "manufacturer": "SWARAJMZD",
    "count": 1
  },
  {
    "manufacturer": "V G SALES",
    "count": 1
  },
  {
    "manufacturer": "PRIYA CRANES",
    "count": 1
  },
  {
    "manufacturer": "LPK",
    "count": 1
  },
  {
    "manufacturer": "HAZRA ENGINEERING",
    "count": 1
  },
  {
    "manufacturer": "ROYAL ENF",
    "count": 1
  },
  {
    "manufacturer": "KARMA MECHANICAL",
    "count": 1
  },
  {
    "manufacturer": "KINETIC GREEN ENERGY & POWER SOLUTIONS",
    "count": 1
  },
  {
    "manufacturer": "ARUNACHALA TRAILERS",
    "count": 1
  },
  {
    "manufacturer": "BGAUSS",
    "count": 1
  },
  {
    "manufacturer": "GURDEEP ENGINEERING",
    "count": 1
  },
  {
    "manufacturer": "TEDC",
    "count": 1
  },
  {
    "manufacturer": "GURJEETRO",
    "count": 1
  },
  {
    "manufacturer": "SAKTHI GANESH SERVICE",
    "count": 1
  },
  {
    "manufacturer": "NARMADA",
    "count": 1
  },
  {
    "manufacturer": "GURUKRAPA ENGINEERING",
    "count": 1
  },
  {
    "manufacturer": "SUPER METRO",
    "count": 1
  },
  {
    "manufacturer": "MANPREETRO INDUSTIRES NABHA",
    "count": 1
  },
  {
    "manufacturer": "KARUPPIAH LATH DESHIN",
    "count": 1
  },
  {
    "manufacturer": "GURDEEPRO",
    "count": 1
  },
  {
    "manufacturer": "ASHOK LELYAND",
    "count": 1
  },
  {
    "manufacturer": "SAKSHAM",
    "count": 1
  },
  {
    "manufacturer": "JAI DURGARICULTURAL",
    "count": 1
  },
  {
    "manufacturer": "ROVER",
    "count": 1
  },
  {
    "manufacturer": "BHARAT TRAILERS",
    "count": 1
  },
  {
    "manufacturer": "SRI SITSRAMA",
    "count": 1
  },
  {
    "manufacturer": "ANDAVAR",
    "count": 1
  },
  {
    "manufacturer": "K DRO",
    "count": 1
  },
  {
    "manufacturer": "JEJANI TRACORT",
    "count": 1
  },
  {
    "manufacturer": "CORONA BUS MANUFACTURER",
    "count": 1
  },
  {
    "manufacturer": "PRINCERO",
    "count": 1
  },
  {
    "manufacturer": "DHANALAKSHMI ENGINEERING",
    "count": 1
  },
  {
    "manufacturer": "RAMON",
    "count": 1
  },
  {
    "manufacturer": "HIRA COMBINES",
    "count": 1
  },
  {
    "manufacturer": "DURGA ENGINEERING",
    "count": 1
  },
  {
    "manufacturer": "DIAMOND ENGG,CTC",
    "count": 1
  },
  {
    "manufacturer": "ASIAWORKS",
    "count": 1
  },
  {
    "manufacturer": "DAIMLER COMM VEH",
    "count": 1
  },
  {
    "manufacturer": "JANTA SUPER TRAILOR",
    "count": 1
  },
  {
    "manufacturer": "BRITANNI",
    "count": 1
  },
  {
    "manufacturer": "HITECHRO",
    "count": 1
  },
  {
    "manufacturer": "LOVATE LOVATEK",
    "count": 1
  },
  {
    "manufacturer": "RENAULTKWID",
    "count": 1
  },
  {
    "manufacturer": "DRINGHCFPORCHEPLATZI STU",
    "count": 1
  },
  {
    "manufacturer": "SHRI KARUPPIAH DESIGN",
    "count": 1
  },
  {
    "manufacturer": "VENTESWARA ENGG",
    "count": 1
  },
  {
    "manufacturer": "KAISER WILLYS JEEP",
    "count": 1
  },
  {
    "manufacturer": "PRINCE",
    "count": 1
  },
  {
    "manufacturer": "AUTOMOTIVE",
    "count": 1
  },
  {
    "manufacturer": "RELIANT ANDERSON INTL",
    "count": 1
  },
  {
    "manufacturer": "BIJNOR ENTERPRISES",
    "count": 1
  },
  {
    "manufacturer": "DASMESH-912(4X4)TRPCHARVESTERWJOHND5075ETR",
    "count": 1
  },
  {
    "manufacturer": "3DX",
    "count": 1
  },
  {
    "manufacturer": "ASHOK STEEL INDU",
    "count": 1
  },
  {
    "manufacturer": "TWINKLE TRADCOM",
    "count": 1
  },
  {
    "manufacturer": "CHERVOLET",
    "count": 1
  },
  {
    "manufacturer": "SHRI RAM",
    "count": 1
  },
  {
    "manufacturer": "TRACLAXXLTD",
    "count": 1
  },
  {
    "manufacturer": "GARWARE",
    "count": 1
  },
  {
    "manufacturer": "AMARRO IND",
    "count": 1
  },
  {
    "manufacturer": "AMBIKA",
    "count": 1
  },
  {
    "manufacturer": "PUGHAZ TRAILER",
    "count": 1
  },
  {
    "manufacturer": "CADILLAC - IMPORTED",
    "count": 1
  },
  {
    "manufacturer": "SUZIKICYCLE (I)",
    "count": 1
  },
  {
    "manufacturer": "KIRLOSKAR OIL ENGINES",
    "count": 1
  },
  {
    "manufacturer": "MEHBOOB GENERAL ENGINEERING",
    "count": 1
  },
  {
    "manufacturer": "GOLDENRO ENGINEERING",
    "count": 1
  },
  {
    "manufacturer": "S RRICULTURE EQUIPMENTS CO",
    "count": 1
  },
  {
    "manufacturer": "BHARATHRO PRODUCTS",
    "count": 1
  },
  {
    "manufacturer": "SHRI SHEETHALA BAJALI",
    "count": 1
  },
  {
    "manufacturer": "KAMAZ VECTRA",
    "count": 1
  },
  {
    "manufacturer": "SAI KRUPA ENGG,BHMPUR",
    "count": 1
  },
  {
    "manufacturer": "NEEDLE EYE PLASTIC",
    "count": 1
  },
  {
    "manufacturer": "LAKSHMIRO",
    "count": 1
  },
  {
    "manufacturer": "YASEENRO INDU",
    "count": 1
  },
  {
    "manufacturer": "RUPALRO",
    "count": 1
  },
  {
    "manufacturer": "SHAKTI",
    "count": 1
  },
  {
    "manufacturer": "YCELECTRIC",
    "count": 1
  },
  {
    "manufacturer": "UJ3520/52",
    "count": 1
  },
  {
    "manufacturer": "LAMBY",
    "count": 1
  },
  {
    "manufacturer": "PARTAP STEELS",
    "count": 1
  },
  {
    "manufacturer": "AKALRO",
    "count": 1
  },
  {
    "manufacturer": "SITARAM",
    "count": 1
  },
  {
    "manufacturer": "ASHA",
    "count": 1
  },
  {
    "manufacturer": "AUTOCROLA",
    "count": 1
  },
  {
    "manufacturer": "KIASONET",
    "count": 1
  },
  {
    "manufacturer": "VERSATILE ENGINEERING SERVICES",
    "count": 1
  },
  {
    "manufacturer": "SHRI HARI",
    "count": 1
  },
  {
    "manufacturer": "YANMAR CONST EQUIP CO",
    "count": 1
  },
  {
    "manufacturer": "DAEWOOMOT",
    "count": 1
  },
  {
    "manufacturer": "SHIVASHAKTHI ENG",
    "count": 1
  },
  {
    "manufacturer": "JEEVA TRAILERS",
    "count": 1
  },
  {
    "manufacturer": "2516",
    "count": 1
  },
  {
    "manufacturer": "MANPREETRO",
    "count": 1
  },
  {
    "manufacturer": "J S (P",
    "count": 1
  },
  {
    "manufacturer": "REVA ELECTRIC CAR CO",
    "count": 1
  },
  {
    "manufacturer": "A3T INCORPORTED",
    "count": 1
  },
  {
    "manufacturer": "MAHA MOHAN 5246",
    "count": 1
  },
  {
    "manufacturer": "PANESARRICULTURE",
    "count": 1
  },
  {
    "manufacturer": "AZAD HIND ENGINEERING",
    "count": 1
  },
  {
    "manufacturer": "F15",
    "count": 1
  },
  {
    "manufacturer": "EXPO MACHINERY",
    "count": 1
  },
  {
    "manufacturer": "RAJAN",
    "count": 1
  },
  {
    "manufacturer": "SUN",
    "count": 1
  },
  {
    "manufacturer": "ARIHANT ENTERPRISE",
    "count": 1
  },
  {
    "manufacturer": "DIVANSHUS",
    "count": 1
  },
  {
    "manufacturer": "GOTTWALD",
    "count": 1
  },
  {
    "manufacturer": "KRUPPA",
    "count": 1
  },
  {
    "manufacturer": "INDWELL CONSTR P",
    "count": 1
  },
  {
    "manufacturer": "HI-TECH",
    "count": 1
  },
  {
    "manufacturer": "VEHICLE FACTORY JABALPUR",
    "count": 1
  },
  {
    "manufacturer": "DEWANRICULTURE",
    "count": 1
  },
  {
    "manufacturer": "CA1415/39",
    "count": 1
  },
  {
    "manufacturer": "BHODAYRO",
    "count": 1
  },
  {
    "manufacturer": "ROOPRAIRO",
    "count": 1
  },
  {
    "manufacturer": "GKON ELECTRIC",
    "count": 1
  },
  {
    "manufacturer": "CLAAS P",
    "count": 1
  },
  {
    "manufacturer": "CHARDI KALANRO",
    "count": 1
  },
  {
    "manufacturer": "VENKATESHWARA ENGINEERING WORK",
    "count": 1
  },
  {
    "manufacturer": "EVOLUTIONTECH",
    "count": 1
  },
  {
    "manufacturer": "HAMPI",
    "count": 1
  },
  {
    "manufacturer": "ANNAI ENGINEERING",
    "count": 1
  },
  {
    "manufacturer": "GOBINDA",
    "count": 1
  },
  {
    "manufacturer": "MONTANA",
    "count": 1
  },
  {
    "manufacturer": "BSMSRICULTUREHOP",
    "count": 1
  },
  {
    "manufacturer": "JBM",
    "count": 1
  },
  {
    "manufacturer": "CHAMPION POLY PLAST",
    "count": 1
  },
  {
    "manufacturer": "MEENAMBAL ENGG",
    "count": 1
  },
  {
    "manufacturer": "SAGGURO",
    "count": 1
  },
  {
    "manufacturer": "KALSIRICULTURAL",
    "count": 1
  },
  {
    "manufacturer": "URAL",
    "count": 1
  },
  {
    "manufacturer": "AYISHARO",
    "count": 1
  },
  {
    "manufacturer": "3718IL",
    "count": 1
  },
  {
    "manufacturer": "MUNDE MECHANICAL",
    "count": 1
  },
  {
    "manufacturer": "THE TRUE SAI",
    "count": 1
  },
  {
    "manufacturer": "SATNAMRO ENGINEERING",
    "count": 1
  },
  {
    "manufacturer": "REHOBATH",
    "count": 1
  },
  {
    "manufacturer": "ARJANRICULTURE",
    "count": 1
  },
  {
    "manufacturer": "SAGGURO (REGD)",
    "count": 1
  },
  {
    "manufacturer": "JUPITER",
    "count": 1
  },
  {
    "manufacturer": "MAESTRO",
    "count": 1
  },
  {
    "manufacturer": "ANAMALAI TRACTOR",
    "count": 1
  },
  {
    "manufacturer": "PIAGGIO(AP1)",
    "count": 1
  },
  {
    "manufacturer": "NEW GOBINDRO",
    "count": 1
  },
  {
    "manufacturer": "HD HYUNDAI CONSTRUCTION EQUIPMENT",
    "count": 1
  },
  {
    "manufacturer": "NEW GOLDENRICULTURE",
    "count": 1
  },
  {
    "manufacturer": "RSBRO",
    "count": 1
  },
  {
    "manufacturer": "SAATHI TRADING CO",
    "count": 1
  },
  {
    "manufacturer": "YEZDI",
    "count": 1
  },
  {
    "manufacturer": "3718COWL(L10450",
    "count": 1
  },
  {
    "manufacturer": "MAHABOOB ENGINEERING",
    "count": 1
  },
  {
    "manufacturer": "GAYATHRYRO TRAILORS",
    "count": 1
  },
  {
    "manufacturer": "MLR BALANAGAR",
    "count": 1
  },
  {
    "manufacturer": "OPEL",
    "count": 1
  },
  {
    "manufacturer": "SRI SAI ENGINEERING",
    "count": 1
  },
  {
    "manufacturer": "EVCOS",
    "count": 1
  },
  {
    "manufacturer": "UNITED KINGDOM GROVE",
    "count": 1
  },
  {
    "manufacturer": "VASANTHIS",
    "count": 1
  },
  {
    "manufacturer": "CRANE KRAFT",
    "count": 1
  },
  {
    "manufacturer": "EIMCO ELECON",
    "count": 1
  },
  {
    "manufacturer": "JOHN DHEERS",
    "count": 1
  },
  {
    "manufacturer": "MODERN",
    "count": 1
  },
  {
    "manufacturer": "SATWANTRO",
    "count": 1
  },
  {
    "manufacturer": "UNIQUE INTERNATIONAL",
    "count": 1
  },
  {
    "manufacturer": "RACE ()LTD",
    "count": 1
  },
  {
    "manufacturer": "NARINDERARO",
    "count": 1
  },
  {
    "manufacturer": "SRI MARUTHIRICULTURAL",
    "count": 1
  },
  {
    "manufacturer": "MSLTD",
    "count": 1
  },
  {
    "manufacturer": "DMRO INDUSTERIES",
    "count": 1
  },
  {
    "manufacturer": "UNIVERSAL",
    "count": 1
  },
  {
    "manufacturer": "DEVRO",
    "count": 1
  },
  {
    "manufacturer": "EXECUTIVE",
    "count": 1
  },
  {
    "manufacturer": "SIGNA4825TK",
    "count": 1
  },
  {
    "manufacturer": "SHRI MAHALAXMIRO IND",
    "count": 1
  },
  {
    "manufacturer": "NANDEESH MOTORS",
    "count": 1
  },
  {
    "manufacturer": "PUBANG ETRON ELECTRIC",
    "count": 1
  },
  {
    "manufacturer": "LAL CHANDRICULTURE",
    "count": 1
  },
  {
    "manufacturer": "CA1415/32",
    "count": 1
  },
  {
    "manufacturer": "2518C/4",
    "count": 1
  },
  {
    "manufacturer": "L&T-JOHN DEERE",
    "count": 1
  },
  {
    "manufacturer": "AKSHARRO LNDUSTRIES",
    "count": 1
  },
  {
    "manufacturer": "SKCARS",
    "count": 1
  },
  {
    "manufacturer": "JT SPECIAL",
    "count": 1
  },
  {
    "manufacturer": "S E ASIA CO",
    "count": 1
  },
  {
    "manufacturer": "M/S OLECTRA GREENTECH SECUNDERABAD",
    "count": 1
  },
  {
    "manufacturer": "AIMSS",
    "count": 1
  },
  {
    "manufacturer": "RESINGLASS & FABS",
    "count": 1
  },
  {
    "manufacturer": "DAIHATSU",
    "count": 1
  },
  {
    "manufacturer": "RAMANJANEYA TRAILORS",
    "count": 1
  },
  {
    "manufacturer": "SARASWATI ENGG",
    "count": 1
  },
  {
    "manufacturer": "WUXI SAIGE (IMPORTER: WARIVO)",
    "count": 1
  },
  {
    "manufacturer": "PUNJAB HI-TECH",
    "count": 1
  },
  {
    "manufacturer": "FRIENDSRO",
    "count": 1
  },
  {
    "manufacturer": "KATO NISSAN",
    "count": 1
  },
  {
    "manufacturer": "EICHER1075E",
    "count": 1
  },
  {
    "manufacturer": "1616",
    "count": 1
  },
  {
    "manufacturer": "JAYANTIRO CENTRES",
    "count": 1
  },
  {
    "manufacturer": "JUBILANT",
    "count": 1
  },
  {
    "manufacturer": "XCMG CONSTRUCTION MACHINERY",
    "count": 1
  },
  {
    "manufacturer": "BHASKARA",
    "count": 1
  },
  {
    "manufacturer": "ASHOKA ALLIED",
    "count": 1
  },
  {
    "manufacturer": "GULSHANRO",
    "count": 1
  },
  {
    "manufacturer": "TRATEC ENGINEERS",
    "count": 1
  },
  {
    "manufacturer": "LANSON",
    "count": 1
  },
  {
    "manufacturer": "CHIRAG",
    "count": 1
  },
  {
    "manufacturer": "CLASSIC",
    "count": 1
  },
  {
    "manufacturer": "GREEN FIELD FARM EQPMTS",
    "count": 1
  },
  {
    "manufacturer": "ANJANEYARO",
    "count": 1
  },
  {
    "manufacturer": "SRI SAI THIRUMALA ENG",
    "count": 1
  },
  {
    "manufacturer": "LOTIA",
    "count": 1
  },
  {
    "manufacturer": "VANDANA",
    "count": 1
  },
  {
    "manufacturer": "PREMIER ESOLNOLOGIES",
    "count": 1
  },
  {
    "manufacturer": "AASHIS",
    "count": 1
  },
  {
    "manufacturer": "SRI SAI DURGA ENGG",
    "count": 1
  },
  {
    "manufacturer": "M K BROTHERS",
    "count": 1
  },
  {
    "manufacturer": "BHAMRA TRAILOR",
    "count": 1
  },
  {
    "manufacturer": "IPL ELECTRIC",
    "count": 1
  },
  {
    "manufacturer": "BANSURI",
    "count": 1
  },
  {
    "manufacturer": "DADAR ENGINEERING",
    "count": 1
  },
  {
    "manufacturer": "KRISHI ENGINEERING",
    "count": 1
  },
  {
    "manufacturer": "GURU NANAKRO IND",
    "count": 1
  },
  {
    "manufacturer": "BHARDWAJRO",
    "count": 1
  },
  {
    "manufacturer": "KARNAVATI",
    "count": 1
  },
  {
    "manufacturer": "AGRAWAL RENEWABLE ENERGY",
    "count": 1
  },
  {
    "manufacturer": "KOKILA ENGINEERING",
    "count": 1
  },
  {
    "manufacturer": "AVL ELECTRIC",
    "count": 1
  },
  {
    "manufacturer": "APM SALES",
    "count": 1
  },
  {
    "manufacturer": "NEW FRIENDS",
    "count": 1
  },
  {
    "manufacturer": "SHRI MEENAKSHI TRADERS",
    "count": 1
  },
  {
    "manufacturer": "ND",
    "count": 1
  },
  {
    "manufacturer": "DHIMANRO",
    "count": 1
  },
  {
    "manufacturer": "RAJAJ",
    "count": 1
  },
  {
    "manufacturer": "BESTWAYENCIES",
    "count": 1
  },
  {
    "manufacturer": "INDIAN RAYONS",
    "count": 1
  },
  {
    "manufacturer": "GAJENDRA TRAILERS",
    "count": 1
  },
  {
    "manufacturer": "VENUS WHEELS",
    "count": 1
  },
  {
    "manufacturer": "VERITO",
    "count": 1
  },
  {
    "manufacturer": "DOOSAN BOBCAT",
    "count": 1
  },
  {
    "manufacturer": "DEMAG",
    "count": 1
  },
  {
    "manufacturer": "FARM EQUIPMENT",
    "count": 1
  },
  {
    "manufacturer": "AVENGER",
    "count": 1
  },
  {
    "manufacturer": "SANSAR COMBINE",
    "count": 1
  },
  {
    "manufacturer": "RAMA ENGINEERING",
    "count": 1
  },
  {
    "manufacturer": "ALLWYN",
    "count": 1
  },
  {
    "manufacturer": "SRI SAI RAMARO",
    "count": 1
  },
  {
    "manufacturer": "ADITYARO",
    "count": 1
  },
  {
    "manufacturer": "BALJEET KRISHI YANTRA",
    "count": 1
  },
  {
    "manufacturer": "H DS",
    "count": 1
  },
  {
    "manufacturer": "PERUMAL TRAILERS",
    "count": 1
  },
  {
    "manufacturer": "MANKUROPVTLTD",
    "count": 1
  },
  {
    "manufacturer": "GAHIRRICULTURAL",
    "count": 1
  },
  {
    "manufacturer": "AKASH KRISHI YANTRA",
    "count": 1
  },
  {
    "manufacturer": "MARIS ENGINEERING",
    "count": 1
  },
  {
    "manufacturer": "BABA E-VEHICLES",
    "count": 1
  },
  {
    "manufacturer": "J K TRAILERS",
    "count": 1
  },
  {
    "manufacturer": "SHRI KRISHNARO ENGINEERING",
    "count": 1
  },
  {
    "manufacturer": "CASE NEW HOLLAND CONSTRUCTION EQUIPMENT(I",
    "count": 1
  },
  {
    "manufacturer": "3GBNOLOGY",
    "count": 1
  },
  {
    "manufacturer": "SIWACH STEEL",
    "count": 1
  },
  {
    "manufacturer": "VISHVAS",
    "count": 1
  },
  {
    "manufacturer": "ADAPT",
    "count": 1
  },
  {
    "manufacturer": "RAVINDRARO",
    "count": 1
  },
  {
    "manufacturer": "NEW DEVERO",
    "count": 1
  },
  {
    "manufacturer": "HECTORPLUS6",
    "count": 1
  },
  {
    "manufacturer": "AADHYA ENTERPRISES",
    "count": 1
  },
  {
    "manufacturer": "Y C ELECTRIC",
    "count": 1
  },
  {
    "manufacturer": "LECTRIX EV",
    "count": 1
  },
  {
    "manufacturer": "CB",
    "count": 1
  },
  {
    "manufacturer": "KMCO",
    "count": 1
  },
  {
    "manufacturer": "AMANRO",
    "count": 1
  },
  {
    "manufacturer": "SUNKU",
    "count": 1
  },
  {
    "manufacturer": "SRI VENKATESHWARA ENGINEERINGHOP,SIRPUR",
    "count": 1
  },
  {
    "manufacturer": "YATI",
    "count": 1
  },
  {
    "manufacturer": "DAIMLER CHRYSLER,STUTTGART",
    "count": 1
  },
  {
    "manufacturer": "L&T CONSTRUCTION MACHINERY",
    "count": 1
  },
  {
    "manufacturer": "DELTACORP LLP",
    "count": 1
  },
  {
    "manufacturer": "HOTAGE",
    "count": 1
  },
  {
    "manufacturer": "BANSALRICULTURE IMPLEMENTS",
    "count": 1
  },
  {
    "manufacturer": "SAGAR ENGGINEERING NLG",
    "count": 1
  },
  {
    "manufacturer": "NIKHIL FURNITURES",
    "count": 1
  },
  {
    "manufacturer": "RSAGRO",
    "count": 1
  },
  {
    "manufacturer": "GEMAG CONSTRUCTION MACHINARY",
    "count": 1
  },
  {
    "manufacturer": "CEEON",
    "count": 1
  },
  {
    "manufacturer": "EON",
    "count": 1
  },
  {
    "manufacturer": "BHAVNARO",
    "count": 1
  },
  {
    "manufacturer": "ADICO ESCORTSRI EQUIPMENTS",
    "count": 1
  },
  {
    "manufacturer": "AUTPRODIND",
    "count": 1
  },
  {
    "manufacturer": "INDIAN MILITARY TRAILORS",
    "count": 1
  },
  {
    "manufacturer": "VINAY",
    "count": 1
  },
  {
    "manufacturer": "CHALAM FORM EQUPMENTS",
    "count": 1
  },
  {
    "manufacturer": "CHANDEL MOBILE",
    "count": 1
  },
  {
    "manufacturer": "SANY HEAVY INT PR C",
    "count": 1
  },
  {
    "manufacturer": "AUTO COROLLA",
    "count": 1
  },
  {
    "manufacturer": "RACCOON",
    "count": 1
  },
  {
    "manufacturer": "SRI SHIVARO",
    "count": 1
  },
  {
    "manufacturer": "INA",
    "count": 1
  },
  {
    "manufacturer": "SKS TRADE",
    "count": 1
  },
  {
    "manufacturer": "ACTION CONSTR EQUIP P",
    "count": 1
  },
  {
    "manufacturer": "N0VANOLOGIES",
    "count": 1
  },
  {
    "manufacturer": "BRIGHTZONE",
    "count": 1
  },
  {
    "manufacturer": "KIASONETG10T-GDI",
    "count": 1
  },
  {
    "manufacturer": "UNIQUE ENTERPRISES",
    "count": 1
  },
  {
    "manufacturer": "AGRI KING",
    "count": 1
  },
  {
    "manufacturer": "LIUGONG IND",
    "count": 1
  },
  {
    "manufacturer": "SOMAYAJI",
    "count": 1
  },
  {
    "manufacturer": "SINGHAL ENTERPRISES",
    "count": 1
  },
  {
    "manufacturer": "KALINGA ENGG",
    "count": 1
  },
  {
    "manufacturer": "VIKAS KURAI",
    "count": 1
  },
  {
    "manufacturer": "BHOGAL COMBINE SPARE PARTS",
    "count": 1
  },
  {
    "manufacturer": "JAIKISSAN ROSOLUTIONS MEDAK",
    "count": 1
  },
  {
    "manufacturer": "AJAX FIORI ENGG P",
    "count": 1
  },
  {
    "manufacturer": "BHAGYAWANTI TRAILERS",
    "count": 1
  },
  {
    "manufacturer": "PASHUPATI",
    "count": 1
  },
  {
    "manufacturer": "JASWANTRICULTURE",
    "count": 1
  },
  {
    "manufacturer": "HARLEY DAVIDSON",
    "count": 1
  },
  {
    "manufacturer": "LEXUS",
    "count": 1
  },
  {
    "manufacturer": "MSENGWORKS, NIMAPADA",
    "count": 1
  },
  {
    "manufacturer": "LPT4825",
    "count": 1
  },
  {
    "manufacturer": "NRJ ELECTRIC",
    "count": 1
  },
  {
    "manufacturer": "MAHARASTRA SCOOTERS",
    "count": 1
  },
  {
    "manufacturer": "JAYO",
    "count": 1
  },
  {
    "manufacturer": "MBRO",
    "count": 1
  },
  {
    "manufacturer": "AMRINDERA ENGINEERING",
    "count": 1
  },
  {
    "manufacturer": "HERCULES CRANELTD",
    "count": 1
  },
  {
    "manufacturer": "N S GIRIMAJI & SONS",
    "count": 1
  },
  {
    "manufacturer": "VOLTAS MATERIAL HANDLING",
    "count": 1
  },
  {
    "manufacturer": "MOHAN GENERAL TRADING",
    "count": 1
  },
  {
    "manufacturer": "MANITOWOC",
    "count": 1
  },
  {
    "manufacturer": "KUSHAQ",
    "count": 1
  },
  {
    "manufacturer": "ELECTROTHERM (I)",
    "count": 1
  },
  {
    "manufacturer": "SS10094D4RB",
    "count": 1
  },
  {
    "manufacturer": "A R T WELDING",
    "count": 1
  },
  {
    "manufacturer": "TIRTHRONOLOGY",
    "count": 1
  },
  {
    "manufacturer": "DRINGHCFPORSCHE",
    "count": 1
  },
  {
    "manufacturer": "HARJEETRO",
    "count": 1
  },
  {
    "manufacturer": "IDEAL JAVA",
    "count": 1
  },
  {
    "manufacturer": "AMAR ENGG",
    "count": 1
  },
  {
    "manufacturer": "ANGADRO",
    "count": 1
  },
  {
    "manufacturer": "ASIAN POWER LINES",
    "count": 1
  },
  {
    "manufacturer": "LAHORIRO",
    "count": 1
  },
  {
    "manufacturer": "KHALSA E-VEHICLES",
    "count": 1
  },
  {
    "manufacturer": "HANUMAN FOUNDRY WORKERS",
    "count": 1
  },
  {
    "manufacturer": "SANDHYA ENGG",
    "count": 1
  },
  {
    "manufacturer": "TORSO",
    "count": 1
  },
  {
    "manufacturer": "SCHWING STETTER F-17 TAMILNADU",
    "count": 1
  },
  {
    "manufacturer": "S B TRAILORS",
    "count": 1
  },
  {
    "manufacturer": "EXIDE",
    "count": 1
  },
  {
    "manufacturer": "LOVELYRO",
    "count": 1
  },
  {
    "manufacturer": "SHRUNGANATH MINI TRAILER",
    "count": 1
  },
  {
    "manufacturer": "PLAUDITNO",
    "count": 1
  },
  {
    "manufacturer": "PMI ELECTRO MOBILITY SOLUTIONS",
    "count": 1
  },
  {
    "manufacturer": "APSARA ENTERPRISE",
    "count": 1
  },
  {
    "manufacturer": "MARUTHI",
    "count": 1
  },
  {
    "manufacturer": "PACERO",
    "count": 1
  },
  {
    "manufacturer": "JYOTI",
    "count": 1
  },
  {
    "manufacturer": "SHRI SIDDESHWARA TRAILORS",
    "count": 1
  },
  {
    "manufacturer": "NEW ARCANA",
    "count": 1
  },
  {
    "manufacturer": "ROOP RAIRO IND",
    "count": 1
  },
  {
    "manufacturer": "LORAIN",
    "count": 1
  },
  {
    "manufacturer": "MARUTIGRANDVITARASMARTHYBRIDALPHA15L5MT",
    "count": 1
  },
  {
    "manufacturer": "ULTRA",
    "count": 1
  },
  {
    "manufacturer": "VENTO",
    "count": 1
  },
  {
    "manufacturer": "POWERNOLOGY",
    "count": 1
  },
  {
    "manufacturer": "G S N ENGINEERING",
    "count": 1
  },
  {
    "manufacturer": "BABAR ENGINEERING",
    "count": 1
  },
  {
    "manufacturer": "CIMMCO",
    "count": 1
  },
  {
    "manufacturer": "PURAN ENGINEERING",
    "count": 1
  },
  {
    "manufacturer": "OM SARAVANA ENGG",
    "count": 1
  },
  {
    "manufacturer": "J KRO",
    "count": 1
  },
  {
    "manufacturer": "VANI ELECTRIC",
    "count": 1
  },
  {
    "manufacturer": "B F ENGINEERING",
    "count": 1
  },
  {
    "manufacturer": "GAYATRI ELECTRIC",
    "count": 1
  },
  {
    "manufacturer": "MICROTECH",
    "count": 1
  },
  {
    "manufacturer": "LAXMI ENGINEERING",
    "count": 1
  },
  {
    "manufacturer": "ANNAMALAI TRAILORS",
    "count": 1
  },
  {
    "manufacturer": "SRI KARTHEEK ENGINEERING",
    "count": 1
  },
  {
    "manufacturer": "MOPEDS \u00c2 \u00c2 \u00c2 \u00c2 \u00c2 \u00c2 \u00c2 \u00c2 \u00c2 \u00c2 \u00c2 \u00c2 \u00c2",
    "count": 1
  },
  {
    "manufacturer": "TAMILNADU MOPEDS",
    "count": 1
  },
  {
    "manufacturer": "GURU",
    "count": 1
  },
  {
    "manufacturer": "VIJAY SUPER MAKERS",
    "count": 1
  },
  {
    "manufacturer": "LANCIA THEMA",
    "count": 1
  },
  {
    "manufacturer": "M G CAR",
    "count": 1
  },
  {
    "manufacturer": "SHRI NAMO ELECTRIC",
    "count": 1
  },
  {
    "manufacturer": "MALIK ENGINEERING",
    "count": 1
  },
  {
    "manufacturer": "OM MAHALAKSHIMI ENG",
    "count": 1
  },
  {
    "manufacturer": "SHRI KIRANRO",
    "count": 1
  },
  {
    "manufacturer": "GREAVES ELECTRIC MOBILITY",
    "count": 1
  },
  {
    "manufacturer": "KBSS",
    "count": 1
  },
  {
    "manufacturer": "MORRIS GARAGE CO,",
    "count": 1
  },
  {
    "manufacturer": "IFE",
    "count": 1
  },
  {
    "manufacturer": "BALAJIRO",
    "count": 1
  },
  {
    "manufacturer": "SUKHDEVRO",
    "count": 1
  },
  {
    "manufacturer": "PUR ENERGY",
    "count": 1
  },
  {
    "manufacturer": "KRUP P",
    "count": 1
  },
  {
    "manufacturer": "LAKSHMI ENGG",
    "count": 1
  },
  {
    "manufacturer": "ACTIVA125",
    "count": 1
  },
  {
    "manufacturer": "SPEED CRAFTS",
    "count": 1
  },
  {
    "manufacturer": "AADITYA GARBAGE PRODUCTS",
    "count": 1
  },
  {
    "manufacturer": "DCM TOYOTA",
    "count": 1
  },
  {
    "manufacturer": "PANDU RANGARO",
    "count": 1
  },
  {
    "manufacturer": "SICHUAN CHANGJIANG",
    "count": 1
  },
  {
    "manufacturer": "IMPORTED",
    "count": 1
  },
  {
    "manufacturer": "SKYRIDE",
    "count": 1
  },
  {
    "manufacturer": "KRUSHIRAJ ENGINEERING",
    "count": 1
  },
  {
    "manufacturer": "RAVI TRAILERS",
    "count": 1
  },
  {
    "manufacturer": "MEGHARO",
    "count": 1
  },
  {
    "manufacturer": "AMMANN APOLLO",
    "count": 1
  },
  {
    "manufacturer": "SAME DEUTZ-FAHR",
    "count": 1
  },
  {
    "manufacturer": "NEW MALLIKARJUNA ENG",
    "count": 1
  },
  {
    "manufacturer": "MB ENGINEERING",
    "count": 1
  },
  {
    "manufacturer": "MATHAROO BROTHERSRO",
    "count": 1
  },
  {
    "manufacturer": "DETUSCHE GROVE GMBH",
    "count": 1
  },
  {
    "manufacturer": "DYS IMPEX",
    "count": 1
  },
  {
    "manufacturer": "SUPERTECH EV",
    "count": 1
  },
  {
    "manufacturer": "UM4220/66",
    "count": 1
  },
  {
    "manufacturer": "SIGNA",
    "count": 1
  },
  {
    "manufacturer": "AUTOM PROD",
    "count": 1
  },
  {
    "manufacturer": "GOPAL STEEL",
    "count": 1
  },
  {
    "manufacturer": "IVECO SPA",
    "count": 1
  },
  {
    "manufacturer": "AKASH EQUIPMENTS & MACHINERIES",
    "count": 1
  },
  {
    "manufacturer": "CITYGREEN & PETRO CHEMICALS",
    "count": 1
  },
  {
    "manufacturer": "MAHAMAYA",
    "count": 1
  },
  {
    "manufacturer": "PANESARAGRICULTUREINDUSTRIES P",
    "count": 1
  },
  {
    "manufacturer": "BALBIR",
    "count": 1
  },
  {
    "manufacturer": "PARI METRO E RICKSHAW",
    "count": 1
  },
  {
    "manufacturer": "MAGIRUS DEUTZ",
    "count": 1
  },
  {
    "manufacturer": "VEERA VIDYUTH VAHANA",
    "count": 1
  },
  {
    "manufacturer": "GARELLI",
    "count": 1
  },
  {
    "manufacturer": "HOMAR BV",
    "count": 1
  },
  {
    "manufacturer": "CENTURY",
    "count": 1
  },
  {
    "manufacturer": "MANITA CITY LLP",
    "count": 1
  }
]