{
  "GODREJ & BOYCE MFG. CO. LTD": "Godrej & Boyce Mfg. Co. Ltd.",
  "GODREJ AND BOYCE MFG CO LTD": "Godrej & Boyce Mfg. Co. Ltd.",
  "ESCORTS AUTOMOTIVE LTD": "Escorts Kubota Limited",
  "ESCORTS CONST EQUIPMENT LTD": "Escorts Kubota Limited",
  "ESCORTS CONSTRUCTION EQUIPMENT LTD": "Escorts Kubota Limited",
  "ESCORTS JCB LTD": "Escorts Kubota Limited",
  "ESCORTS LTD": "Escorts Kubota Limited",
  "ACTION CONST. EQUIP(P) LTD.": "Action Construction Equipment Ltd.",
  "ACTION CONSTR EQUIP. P LTD.": "Action Construction Equipment Ltd.",
  "ACTION CONSTRUCTION EQUIP LTD": "Action Construction Equipment Ltd.",
  "ACTION CONSTRUCTION EQUIPMENT LTD.": "Action Construction Equipment Ltd.",
  "AJAX ENGINEERING PVT LTD": "AJAX Engineering Limited",
  "AJAX FIORI ENGG INDIA P LTD": "AJAX Engineering Limited",
  "AJAX FIORI ENGINEERING  PVT LTD": "AJAX Engineering Limited",
  "AJAX FIORI ENGINEERING PVT LTD": "AJAX Engineering Limited",
  "CASE NEW HOLLAND CONSTRUCTION EQUIPMENT INDIA PVT LTD MP": "Case New Holland Construction Equipment India Pvt. Ltd.",
  "CASE NEW HOLLAND CONSTRUCTION EQUIPMENT(I PVT LTD": "Case New Holland Construction Equipment India Pvt. Ltd.",
  "CASE NEW HOLLAND CONSTRUCTION EQUIPMENT(I) PVT LTD": "Case New Holland Construction Equipment India Pvt. Ltd.",
  "Case New Holland Construction Equipment(i) Pvt Ltd": "Case New Holland Construction Equipment India Pvt. Ltd.",
  "CLAAS INDIA P LTD": "Yanmar Agricultural Machinery India Private Limited",
  "CLAAS INDIA PVT LTD": "Yanmar Agricultural Machinery India Private Limited",
  "J. S. AUTO (P LTD": "J. S. Auto Private Limited",
  "J. S. AUTO (P) LTD": "J. S. Auto Private Limited",
  "JOHN DEERE EQUIPMENTPVTLTDPUNE": "John Deere India Private Limited",
  "JOHN DEERE INDIA  PVT LTD(TRACTOR DEVISION": "John Deere India Private Limited",
  "JOHN DEERE INDIA  PVT LTD(TRACTOR DEVISION)": "John Deere India Private Limited",
  "JOHN DEERE INDIA PVT LTD(TRACTOR DEVISION": "John Deere India Private Limited",
  "JOHN DHEERS INDIA PVT LTD": "John Deere India Private Limited",
  "INTERNATIONAL CARS & MOTORS LTD": "International Cars & Motors Ltd",
  "INTERNATIONAL CARS&MOTORSLTDHP": "International Cars & Motors Ltd",
  "INTERNATIONAL TRACTORS LTD": "International Tractors Ltd.",
  "INTERNATIONAL TRACTORS LTD.": "International Tractors Ltd.",
  "M.S.LTD.": "M.S. Ltd.",
  "M/S CORONA BUS MANUFACTURER PVT LTD": "Corona Bus Manufacturers Private Limited",
  "M/S DASMESH AGRICULTURAL INDUSTRIES PVT. LTD.,": "Dasmesh Agricultural Industries Private Limited",
  "M/S FORCE MOTORS LTD.PUNE": "Force Motors Limited",
  "M/S HINDUSTAN MOTOR FINANCE CORPORATION LTD": "Hindustan Motor Finance Corporation Limited",
  "M/S HOVEL CYLINDER PVT LTD": "Hovel Cylinder Private Limited",
  "M/S K.S. AGROTECH PVT LTD": "KS Agrotech Pvt. Ltd.",
  "M/S MALKIT AGROTECH PVT LTD": "Malkit Agrotech Private Limited",
  "M/S MANITOU EQUIPMENT INDIA PVT LTD": "Manitou Equipment India Pvt. Ltd.",
  "M/S OKINAWA AUTOTECH PVT LTD": "Okinawa Autotech Pvt. Ltd.",
  "M/S PCA AUTOMOBILES INDIA PVT. LTD": "PCA Automobiles India Pvt. Ltd.",
  "M/S RACE AUTOMOTIVE ( PVT)LTD": "Race Automotives Pvt. Ltd.",
  "M/S SHRIRAM AUTO TECH PVT LTD": "Shriram Autotech Pvt. Ltd.",
  "M/S TRIUMPH MOTORCYCLES INDIA PVT LTD": "Triumph Motorcycles India Pvt. Ltd.",
  "M/S. CLASSIC LEGENDS PVT LTD.": "Classic Legends Pvt. Ltd.",
  "M/S. OLA ELECTRIC TECHNOLOGIES PVT.LTD.,": "Ola Electric Technologies Pvt. Ltd.",
  "M/S.SWITCH MOBILITY AUTOMOTIVE LTD.,": "Switch Mobility Automotive Ltd.",
  "MAA SHAKTI EXIM PVT LTD": "Maa Shakti Exim Pvt. Ltd.",
  "MAJESTIC AUTO LTD": "Majestic Auto Ltd.",
  "MALKIT AGRO TECH PVT. LTD": "Malkit Agrotech Private Limited",
  "MAN FORCE TRUCKS PVT.LTD": "Force Motors Limited",
  "MANAK AGRO TECH PVT. LTD": "Manak Agrotech Pvt. Ltd.",
  "MANITOU EQUIPMENT INDIA PVT LTD": "Manitou Equipment India Pvt. Ltd.",
  "MANKU AGRO TECH PVT LTD": "Manku Agrotech Pvt. Ltd.",
  "MANKU AGRO TECH. PVT. LTD.": "Manku Agrotech Pvt. Ltd.",
  "MANKU AGRO TECH.PVT.LTD.": "Manku Agrotech Pvt. Ltd.",
  "MARIS ENGINEERING LTD": "Maris Engineering Ltd.",
  "MASSEY FERGUSON LTD": "Massey Ferguson Ltd.",
  "MATHAROO BROTHERS AGRO TECH PVT LTD": "Matharoo Brothers Agrotech Pvt. Ltd.",
  "MINTO MOTOR LTD": "Minto Motors Ltd.",
  "MLR AUTO  LTD BALANAGAR": "MLR Auto Ltd.",
  "MLR AUTO LTD": "MLR Auto Ltd.",
  "MLR MOTOR (P) LTD.,": "MLR Auto Ltd.",
  "MONTO MOTORS LTD.": "Monto Motors Ltd.",
  "MOPEDS INDIA LTD": "Mopeds India Ltd.",
  "MORRIS GARAGE CO, LTD": "Morris Garages (MG Motor) India Ltd.",
  "MYTRAH MOBILITY PVT LTD": "Myntra Mobility Pvt. Ltd.",
  "NABH MOTORS PVT LTD": "Nabh Motors Pvt. Ltd.",
  "NEEDLE EYE PLASTIC INDUSTRIES PVT LTD": "Needle Eye Plastic Industries Pvt. Ltd.",
  "NEW GURDIAL AGRO INDUSTRIES PVT LTD": "New Gurdayal Agro Industries Pvt. Ltd.",
  "NEW HIND AGRO PVT LTD": "New Hind Agro Pvt. Ltd.",
  "NEW HIND AGRO PVT. LTD": "New Hind Agro Pvt. Ltd.",
  "NEW HOLLAND CONSTRUCTION EQUIPMENT(I) PVT.LTD.": "New Holland Construction Equipment India Pvt. Ltd.",
  "NIPUN SANYANTRA PVT LTD": "Nipun Sanyantra Pvt. Ltd.",
  "NRJ ELECTRIC MOTOR VEHICLES PVT LTD": "NRJ Electric Motor Vehicles Pvt. Ltd.",
  "OKA MOTOR COMPANY LTD.": "Oka Motor Company Ltd.",
  "OKAYA EV PVT LTD": "Okaya EV Pvt. Ltd.",
  "OLECTRA GREENTECH LTD": "Olectra Greentech Ltd.",
  "OM BALAJEE AUTOMOBILE ( INDIA) PVT. LTD": "Om Balajee Automobile India Pvt. Ltd.",
  "OMEGA CONST. EQUIPT. PVT. LTD.": "Omega Construction Equipment Pvt. Ltd.",
  "OMEGA SEIKI PVT LTD": "Omega Seiki Mobility Pvt. Ltd.",
  "P.V.P.LTD.": "P.V. Pvt. Ltd.",
  "PAL DIESAL PVT LTD": "Pal Diesel Pvt. Ltd.",
  "PAL PEUGOT LTD": "Pal Peugeot Ltd.",
  "PASHUPATI VEHICLE PVT. LTD.": "Pashupati Vehicle Pvt. Ltd.",
  "PCA AUTOMOBILES INDIA PVT LTD": "PCA Automobiles India Pvt. Ltd.",
  "PINNACLE MOBILITY SOLUTIONS PVT LTD": "Pinnacle Mobility Solutions Pvt. Ltd.",
  "PLAUDIT TECHNO INDIA PVT LTD": "Plaudit Techno India Pvt. Ltd.",
  "PREEET AGRO INDUSTRIES PVT LTD": "Preeet Agro Industries Pvt. Ltd.",
  "PREET AGRO INDIA PVT LTD": "Preet Agro India Pvt. Ltd.",
  "PREET TRACTORS PVT LTD": "Preet Tractors Pvt. Ltd.",
  "PREET TRACTORS PVT. LTD.": "Preet Tractors Pvt. Ltd.",
  "PREFIX ENGG PVT LTD": "Prefix Engineering Pvt. Ltd.",
  "PREMIER LTD": "Premier Ltd.",
  "PUBANG ETRON ELECTRIC MOTOR PVT LTD": "Pubang E-Tron Electric Motor Pvt. Ltd.",
  "PUNJAB TRACTORS LTD": "Punjab Tractors Ltd.",
  "PUR ENERGY PVT LTD": "Pur Energy Pvt. Ltd.",
  "R.N.A.I.P.LTD": "R.N.A.I. Pvt. Ltd.",
  "RACCOON MOTORS PVT LTD": "Raccoon Motors Pvt. Ltd.",
  "RACE AUTOMOTIVES PVT. LTD.": "Race Automotives Pvt. Ltd.",
  "RAJAJ AUTO LTD": "Rajaj Auto Ltd.",
  "RAJIV RAJ VEHICLES PVT LTD": "Rajiv Raj Vehicles Pvt. Ltd.",
  "RASANDIK ENGINEERING INDUSTRIES INDIA LTD": "Rasandik Engineering Industries India Ltd.",
  "RESINGLASS AND FABS LTD": "Resinglass & Fabs Ltd.",
  "REVOLT INTELLICORP PVT LTD": "Revolt Intellicorp Pvt. Ltd.",
  "ROADSTER AUTOMOBILES PVT. LTD": "Roadster Automobiles Pvt. Ltd.",
  "ROARLEO MOTOR PVT LTD": "Roarleo Motor Pvt. Ltd.",
  "RSD SECURITY SOLUTIONS PVT LTD": "RSD Security Solutions Pvt. Ltd.",
  "S R AGRICULTURE EQUIPMENTS CO (P) LTD": "SR Agriculture Equipments Co. Pvt. Ltd.",
  "S.K.CARS LTD": "SK Cars Ltd.",
  "S.M. LTD.": "SM Ltd.",
  "SAERA ELECTRIC AUTO PVT LTD": "Saera Electric Auto Pvt. Ltd.",
  "SAME DEUTZ - FAHR INDIA (P) LTD.": "SAME Deutz-Fahr India Pvt. Ltd.",
  "SAME DEUTZ-FAHR INDIA (P) LTD": "SAME Deutz-Fahr India Pvt. Ltd.",
  "SANY HEAVY INDUSTRY INDIA PVT LTD": "Sany Heavy Industry India Pvt. Ltd.",
  "SANY HEAVY INT. LTD. PR C": "Sany Heavy Industry India Pvt. Ltd.",
  "SATRAC ENGINEERING PVT LTD": "Satrac Engineering Pvt. Ltd.",
  "SCTR(I)LTD": "SCT Ltd.",
  "SHAKTI AUTO LTD": "Shakti Auto Ltd.",
  "SHAKTTI CONSTRUCTIONS EQUIPMENT PVT LTD": "Shakti Construction Equipment Pvt. Ltd.",
  "SHAMSER STD.CO.LTD.": "Shamser Steel Co. Ltd.",
  "SHRI RAM AUTO TECH PVT LTD": "Shriram Autotech Pvt. Ltd.",
  "SICHUAN CHANGJIANG LTD": "Sichuan Changjiang Machinery Group Co. Ltd.",
  "SIWACH STEEL PVT LTD": "Siwach Steel Pvt. Ltd.",
  "SKS TRADE INDIA PVT LTD": "SKS Trade India Pvt. Ltd.",
  "SML ISUZU LTD PUNJAB": "SML Isuzu Ltd.",
  "SONI E VEHICLE PVT LTD": "Soni E-Vehicle Pvt. Ltd.",
  "SOORAJ AUTOMOBILES LTD": "Suraj Automobiles Ltd.",
  "SOORAJ AUTOMOBILES LTD.": "Suraj Automobiles Ltd.",
  "SPEEGO VEHICLES CO PVT LTD": "Speego Vehicles Co Pvt. Ltd.",
  "STANDARD COMBINES PVT LTD": "Standard Combines Pvt. Ltd.",
  "STANDARD CORPORATION INDIA LTD": "Standard Corporation India Ltd.",
  "SUMFONL AUTO TRADERS PVT LTD": "Sumfonl Auto Traders Pvt. Ltd.",
  "SUNKU AUTO LTD": "Sunku Auto Ltd.",
  "SUNRISE AUTO INDUSTRIES LTD": "Sunrise Auto Industries Ltd.",
  "SUTLAJ MOTORS LTD": "Sutlej Motors Ltd.",
  "SWADESH MOTORS AND TRACTORS LTD": "Swadesh Motors and Tractors Ltd.",
  "SWARAJ AUTOMOTIVES LTD": "Swaraj Automotives Ltd.",
  "SWARAJ MAZDA LTD.": "Swaraj Mazda Ltd.",
  "SWITCH MOBILITY AUTOMOTIVE LTD": "Switch Mobility Automotive Ltd.",
  "SYN AUTO SOLUTIONS PVT LTD": "Syn Auto Solutions Pvt. Ltd.",
  "Sany Heavy Industry India Pvt Ltd": "Sany Heavy Industry India Pvt. Ltd.",
  "T D V LTD.": "T D V Ltd.",
  "TAMILNADU MOPEDS LTD": "Tamilnadu Mopeds Ltd.",
  "TATRA INDIA LTD.": "Tatra India Ltd.",
  "TEDC LTD": "TEDC Ltd.",
  "TEREX EQUIPMENT P LTD": "Terex Equipment Private Limited",
  "TEREX EQUIPMENT PVT LTD": "Terex Equipment Private Limited",
  "TERRA MOTORS INDIA PVT LTD": "Terra Motors India Pvt. Ltd.",
  "THUKRAL ELECTRIC BIKES PVT LTD": "Thukral Electric Bikes Pvt. Ltd.",
  "TIL LTD": "TIL Ltd.",
  "TIRTH AGRO TECHNOLOGY PVT LTD": "Tirth Agro Technology Pvt. Ltd.",
  "TITAGARH AGRICO (P LTD": "Titagarh Agro Industries Limited",
  "TITAGARH AGRICO (P) LTD": "Titagarh Agro Industries Limited",
  "TM LTD": "TM Ltd.",
  "TN SMALL INDUSTRIES CORP LTD": "TN Small Industries Corp. Ltd.",
  "TOP TEAM MACHINES PVT LTD": "Top Team Machines Pvt. Ltd.",
  "TRACLAXX TRACTORS PVT LTD": "Traclaxx Tractors Pvt. Ltd.",
  "TRACLAXX TRACTORS PVT.LTD": "Traclaxx Tractors Pvt. Ltd.",
  "TRACTORS&FARM EQUIPMENT LTD": "Tractors & Farm Equipment Ltd.",
  "TRATEC ENGINEERS PVT LTD": "Tratec Engineers Pvt. Ltd.",
  "TRIUMPH MOTORCYCLES (INDIA) PVT LTD": "Triumph Motorcycles India Pvt. Ltd.",
  "TUFAN MOTORS PVT LTD": "Tufan Motors Pvt. Ltd.",
  "TWINKLE TRADCOM PVT LTD": "Twinkle Tradcom Pvt. Ltd.",
  "UM LOHIA TWO WHEELERS PVT LTD": "UM Lohia Two Wheelers Pvt. Ltd.",
  "UNIVERSAL LTD": "Universal Ltd.",
  "URAL INDIA LTD.": "Ural India Ltd.",
  "V G SALES INDIA PVT LTD": "V G Sales India Pvt. Ltd.",
  "VANI ELECTRIC VEHICLES PVT LTD": "Vani Electric Vehicles Pvt. Ltd.",
  "VARINDERA LTD.": "Varindera Ltd.",
  "VASHAN AGRICULTURE WORKS LTD": "Vashan Agriculture Works Ltd.",
  "VE Commercial Vehicles Ltd": "VE Commercial Vehicles Ltd.",
  "VEERA VIDYUTH VAHANA PVT LTD": "Veera Vidyuth Vahana Pvt. Ltd.",
  "VENUS AUTO WHEELS PVT LTD": "Venus Auto Wheels Pvt. Ltd.",
  "VIJAY SUPER MAKERS LTD": "Vijay Super Makers Ltd.",
  "VIKRAM AUTO LTD": "Vikram Auto Ltd.",
  "VISHVAS TRACTORS LTD.": "Vishvas Tractors Ltd.",
  "VMT INDUSTRIES PVT LTD": "VMT Industries Pvt. Ltd.",
  "VOLTAS MATERIAL HANDLING PVT LTD": "Voltas Material Handling Pvt. Ltd.",
  "WILLYS MOTORS LTD": "Willys Motors Ltd.",
  "WIRTGEN INDIA PVT LTD": "Wirtgen India Pvt. Ltd.",
  "Wirtgen India Pvt Ltd": "Wirtgen India Pvt. Ltd.",
  "XCMG CONSTRUCTION MACHINERY CO. LTD.": "Xuzhou Construction Machinery Group Co. Ltd.",
  "XUZHOU CONSTRUCTION CO LTD": "Xuzhou Construction Machinery Group Co. Ltd.",
  "XUZHOU CONSTRUCTION MACHINERY GROUP CO. LTD, CHINA": "Xuzhou Construction Machinery Group Co. Ltd.",
  "ZENIAK INNOVATION INDIA LTD": "Zeniak Innovation India Ltd.",
  "ZOOMLION INDIA PVT LTD": "Zoomlion India Pvt. Ltd."
}