rc_maker_desc,rc_maker_model,Mapped Name,clean_model,audi_model,final_model
AUDI AG,AUDI MODEL A6 2.0 TDI,AUDI,AUDI MODEL A6 2.0 TDI,AUDI A6 2.0 TDI,AUDI A6 2.0 TDI
AUDI AG,AUDI A4 1.8,AUDI,AUDI A4 1.8,AUDI A4 1.8,AUDI A4 1.8
AUDI AG,AUDI Q3 30 TDI S EDI,AUDI,AUDI Q3 30 TDI S EDI,AUDI Q3 TDI,AUDI Q3 TDI
AUDI AG,"AUDI AG, AUDI A6 2TDI",AUDI,AUDI A6 2 TDI,AUDI A6 TDI,AUDI A6 TDI
AUDI AG,NEW AUDI Q7 TDI,AUDI,AUDI Q7 TDI,AUDI Q7 TDI,AUDI Q7 TDI
AUDI AG,NEW AUDI A42.0TDI,AUDI,AUDI A42.0 TDI,AUDI A4 2.0 TDI,AUDI A4 2.0 TDI
AUDI AG,9,AUDI,9,AUDI OTHER,AUDI OTHER
AUDI AG,AUDI Q7 TDI,AUDI,AUDI Q7 TDI,AUDI Q7 TDI,AUDI Q7 TDI
AUDI AG,Q3 TDI 2.0,AUDI,Q3 TDI 2.0,AUDI Q3 2.0 TDI,AUDI Q3 2.0 TDI
AUDI AG,Q3 35 TDI BSIV,AUDI,Q3 35 TDI BSIV,AUDI Q3 TDI,AUDI Q3 TDI
AUDI AG,AUDI  A4 3.0 TDI,AUDI,AUDI A4 3.0 TDI,AUDI A4 TDI,AUDI A4 TDI
AUDI AG,AUDI Q 3  0 TDI,AUDI,AUDI Q3  0 TDI,AUDI Q3 TDI,AUDI Q3 TDI
AUDI AG,AUDI Q3 TDI QUATTRO,AUDI,AUDI Q3 TDI QUATTRO,AUDI Q3 QUATTRO,AUDI Q3 QUATTRO
AUDI AG,A4 2 TDI,AUDI,A4 2 TDI,AUDI A4 TDI,AUDI A4 TDI
AUDI AG,AUDI Q5 30TDI EIV,AUDI,AUDI Q5 30 TDI EIV,AUDI Q5 TDI,AUDI Q5 TDI
AUDI AG,AUDI Q7 35 TDI,AUDI,AUDI Q7 35 TDI,AUDI Q7 TDI,AUDI Q7 TDI
AUDI AG,AUDI Q5 2.0 TDI Q MULTITRONIC,AUDI,AUDI Q5 2.0 TDI Q MULTITRONIC,AUDI Q5 2.0 TDI QUATTRO,AUDI Q5 2.0 TDI QUATTRO
AUDI AG,A3 40 TFSI Cabriolet,AUDI,A3 40 TFSI CABRIOLET,AUDI A3 CABRIOLET,AUDI A3 CABRIOLET
AUDI AG,NEW AUDI A8L 3.0 TDI,AUDI,AUDI A8L 3.0 TDI,AUDI A8L 3.0 TDI,AUDI A8L 3.0 TDI
AUDI AG,AUDI TT COUPE 2.0 TFSI QUATTRO,AUDI,AUDI TT COUPE 2.0 TFSI QUATTRO,AUDI TT COUPE QUATTRO,AUDI TT COUPE QUATTRO
AUDI AG,AUDI A3 35 TDI LIMOUSINE BSI,AUDI,AUDI A3 35 TDI LIMOUSINE BSI,AUDI A3 LIMOUSINE,AUDI A3 LIMOUSINE
AUDI AG D-85045 INGOLSTADT,AUDI A4 35 TFSI BSIV,AUDI,AUDI A4 35 TFSI BSIV,AUDI A4 TFSI,AUDI A4 TFSI
AUDI AG,AUDI A4 2.0,AUDI,AUDI A4 2.0,AUDI A4,AUDI A4
AUDI AG,AUDI Q5  2.0 TDI QUATTRO,AUDI,AUDI Q5  2.0 TDI QUATTRO,AUDI Q5 2.0 TDI QUATTRO,AUDI Q5 2.0 TDI QUATTRO
AUDI AG,AUDI A4 30 TFSL,AUDI,AUDI A4 30 TFSL,AUDI A4,AUDI A4
AUDI AG,AUDI R8 QUATTRO 42,AUDI,AUDI R8 QUATTRO 42,AUDI TT,AUDI TT
AUDI AG,AUDI A6 35 TDI LIMOUSINE BS IV,AUDI,AUDI A6 35 TDI LIMOUSINE BS IV,AUDI A6 TDI,AUDI A6 TDI
AUDI AG,AUDI S5 BSIV,AUDI,AUDI S5 BSIV,AUDI S5,AUDI S5
AUDI AG,AUDI A3 35 TFSI CABRIOLET,AUDI,AUDI A3 35 TFSI CABRIOLET,AUDI A3 CABRIOLET,AUDI A3 CABRIOLET
AUDI AG,AUDI Q5.2.0TFSI QUATTRO,AUDI,AUDI Q5.2.0 TFSI QUATTRO,AUDI Q5 2.0 TDI QUATTRO,AUDI Q5 2.0 TDI QUATTRO
AUDI AG,AUDI A8L 50 TDI,AUDI,AUDI A8L 50 TDI,AUDI A8L TDI,AUDI A8L TDI
AUDI AG,AUDI A42.0 TDI,AUDI,AUDI A42.0 TDI,AUDI A4 2.0 TDI,AUDI A4 2.0 TDI
AUDI AG,AUDI A4 30 TFSI BSIII,AUDI,AUDI A4 30 TFSI BSIII,AUDI A4 TFSI,AUDI A4 TFSI
AUDI AG,AUDI Q3 PI2 30TDI PR,AUDI,AUDI Q3 PI2 30 TDI PR,AUDI Q3 TDI,AUDI Q3 TDI
AUDI AG,AUDI A6 3.0TDI,AUDI,AUDI A6 3.0 TDI,AUDI A6 3.0 TDI,AUDI A6 3.0 TDI
AUDI AG,Q5 2.0 TDI QUATTRO BS IV,AUDI,Q5 2.0 TDI QUATTRO BS IV,AUDI Q5 2.0 TDI QUATTRO,AUDI Q5 2.0 TDI QUATTRO
AUDI AG,A3 35 TDI,AUDI,A3 35 TDI,AUDI A3 TDI,AUDI A3 TDI
AUDI AG,AUDI Q7 45 TDI,AUDI,AUDI Q7 45 TDI,AUDI Q7 TDI,AUDI Q7 TDI
AUDI AG,AUDI Q3 2.0TDI QUATTRO,AUDI,AUDI Q3 2.0 TDI QUATTRO,AUDI Q3 QUATTRO,AUDI Q3 QUATTRO
AUDI AG,AUDI Q5 2.0 TDI QUAT BS IV,AUDI,AUDI Q5 2.0 TDI QUAT BS IV,AUDI Q5 2.0 TDI QUATTRO,AUDI Q5 2.0 TDI QUATTRO
AUDI AG,A4 35 TFSI,AUDI,A4 35 TFSI,AUDI A4 TFSI,AUDI A4 TFSI
AUDI AG,AUDI Q5 35 TDI,AUDI,AUDI Q5 35 TDI,AUDI Q5 TDI,AUDI Q5 TDI
AUDI AG D-85045 INGOLSTADT,AUDI A3 35 TDI LIMOUSINE BSIV,AUDI,AUDI A3 35 TDI LIMOUSINE BSIV,AUDI A3 LIMOUSINE,AUDI A3 LIMOUSINE
AUDI AG,AUDI Q5 3.0,AUDI,AUDI Q5 3.0,AUDI Q5 3.0,AUDI Q5 3.0
AUDI AG,AUDIQ74-2,AUDI,AUDIQ74-2,AUDI Q7,AUDI Q7
AUDI AG,LMV- MOTOR CAR AUDI A6 35 TDI,AUDI,LMV- MOTOR CAR AUDI A6 35 TDI,AUDI A6 TDI,AUDI A6 TDI
AUDI AG,AUDI CAR,AUDI,AUDI CAR,AUDI OTHER,AUDI OTHER
AUDI AG,AUDI Q5 30TDI QUATTRO,AUDI,AUDI Q5 30 TDI QUATTRO,AUDI Q5 QUATTRO,AUDI Q5 QUATTRO
AUDI AG,AUDI Q7 3.0,AUDI,AUDI Q7 3.0,AUDI Q7 TDI,AUDI Q7 TDI
AUDI AG,AUDI A4 2.0 TDI MULTITRONIC,AUDI,AUDI A4 2.0 TDI MULTITRONIC,AUDI A4 2.0 TDI,AUDI A4 2.0 TDI
AUDI AG,AUDI A6 2.8 FSI,AUDI,AUDI A6 2.8 FSI,AUDI A6 2.8 FSI,AUDI A6 2.8 FSI
AUDI AG,Q5 2.0 TDI,AUDI,Q5 2.0 TDI,AUDI Q5 2.0 TDI,AUDI Q5 2.0 TDI
AUDI AG,AUDI Q3 2.0 TDI Q MULTITRONIC ,AUDI,AUDI Q3 2.0 TDI Q MULTITRONIC,AUDI Q3 QUATTRO,AUDI Q3 QUATTRO
AUDI AG D-85045 INGOLSTADT,AUDI A4 40 TFSI (TECHNOLOGY B,AUDI,AUDI A4 40 TFSI (TECHNOLOGY B,AUDI A4 TFSI,AUDI A4 TFSI
AUDI AG,AUDI TT COUPE 45 TFSI QUATTRO,AUDI,AUDI TT COUPE 45 TFSI QUATTRO,AUDI TT COUPE QUATTRO,AUDI TT COUPE QUATTRO
AUDI AG,A6 3.0 TDI,AUDI,A6 3.0 TDI,AUDI A6 3.0 TDI,AUDI A6 3.0 TDI
AUDI AG,AUDI  A6,AUDI,AUDI A6,AUDI A6,AUDI A6
AUDI AG,AUDI Q3 2 0 TDI,AUDI,AUDI Q3 2 0 TDI,AUDI Q3 TDI,AUDI Q3 TDI
AUDI AG,A8 30 TDI LWB,AUDI,A8 30 TDI LWB,AUDI A8L TDI,AUDI A8L TDI
AUDI AG,AUDI A4 35 TDI,AUDI,AUDI A4 35 TDI,AUDI A4 TDI,AUDI A4 TDI
AUDI AG,AUDI Q5 2.0 TFSI  BSIV,AUDI,AUDI Q5 2.0 TFSI  BSIV,AUDI Q5 TFSI,AUDI Q5 TFSI
AUDI AG,AUDI A5 40 TDI,AUDI,AUDI A5 40 TDI,AUDI OTHER,AUDI OTHER
AUDI AG,AUDI Q5 3.0 TDI QUATTRO,AUDI,AUDI Q5 3.0 TDI QUATTRO,AUDI Q5 QUATTRO,AUDI Q5 QUATTRO
AUDI AG,A4 2.0 TFSI,AUDI,A4 2.0 TFSI,AUDI A4 TFSI,AUDI A4 TFSI
AUDI AG,AUDI A6 3.5 TDI,AUDI,AUDI A6 3.5 TDI,AUDI A6 TDI,AUDI A6 TDI
AUDI AG,AUDI Q7 45 TDI QUATTRO ,AUDI,AUDI Q7 45 TDI QUATTRO,AUDI Q7 TDI,AUDI Q7 TDI
AUDI AG,NEW AUDI A6 2.0 TDI,AUDI,AUDI A6 2.0 TDI,AUDI A6 2.0 TDI,AUDI A6 2.0 TDI
AUDI AG,NEW AUDI Q53.0 TDI,AUDI,AUDI Q53.0 TDI,AUDI Q5 3.0,AUDI Q5 3.0
AUDI AG,MODEL A6 2.0 TDI,AUDI,MODEL A6 2.0 TDI,AUDI A6 2.0 TDI,AUDI A6 2.0 TDI
AUDI AG,AUDI A4 2.0TDI,AUDI,AUDI A4 2.0 TDI,AUDI A4 2.0 TDI,AUDI A4 2.0 TDI
AUDI AG D-85045 INGOLSTADT,AUDI Q7 3.0 TDI QUATTRO AUTO6I,AUDI,AUDI Q7 3.0 TDI QUATTRO AUTO6I,AUDI Q7 TDI,AUDI Q7 TDI
AUDI AG,AUDI Q7 3.0TDI V6,AUDI,AUDI Q7 3.0 TDI V6,AUDI Q7 TDI,AUDI Q7 TDI
AUDI AG,AUDI A6 2.7TDI MULTITRONIC CKD,AUDI,AUDI A6 2.7 TDI MULTITRONIC CKD,AUDI A6 TDI,AUDI A6 TDI
AUDI AG,NEW AUDI A6 3.0 TDI,AUDI,AUDI A6 3.0 TDI,AUDI A6 3.0 TDI,AUDI A6 3.0 TDI
AUDI AG,AUDI A4 3.0 TDI,AUDI,AUDI A4 3.0 TDI,AUDI A4 TDI,AUDI A4 TDI
AUDI AG,AUDI Q3 35 TDI,AUDI,AUDI Q3 35 TDI,AUDI Q3 TDI,AUDI Q3 TDI
AUDI AG D-85045 INGOLSTADT,AUDI-A5-35 TDI BSIV,AUDI,AUDI-A5-35 TDI BSIV,AUDI OTHER,AUDI OTHER
AUDI AG,AUDI A4 35 TDI MULTITROINC,AUDI,AUDI A4 35 TDI MULTITROINC,AUDI A4 TDI,AUDI A4 TDI
AUDI AG,A3 40 TFSI CABRIOLET BSIV,AUDI,A3 40 TFSI CABRIOLET BSIV,AUDI A3 CABRIOLET,AUDI A3 CABRIOLET
AUDI AG,AUDI Q5 35 TDI BSIV,AUDI,AUDI Q5 35 TDI BSIV,AUDI Q5 TDI,AUDI Q5 TDI
AUDI AG,A627DI,AUDI,A627DI,AUDI A6,AUDI A6
AUDI AG,NEW AUDI A6 2.7 TDI,AUDI,AUDI A6 2.7 TDI,AUDI A6 TDI,AUDI A6 TDI
AUDI AG,AUDI Q5 TDI,AUDI,AUDI Q5 TDI,AUDI Q5 TDI,AUDI Q5 TDI
AUDI AG,Audi Q3 30 TDI,AUDI,AUDI Q3 30 TDI,AUDI Q3 TDI,AUDI Q3 TDI
AUDI AG,AUDI A3 35 TFSI,AUDI,AUDI A3 35 TFSI,AUDI A3 TFSI,AUDI A3 TFSI
AUDI AG,A6 35 TDI Limousine,AUDI,A6 35 TDI LIMOUSINE,AUDI A6 TDI,AUDI A6 TDI
AUDI AG D-85045 INGOLSTADT,AUDI- Q8 55 TFSI QUATTRO BSVI,AUDI,AUDI- Q8 55 TFSI QUATTRO BSVI,AUDI TT,AUDI TT
AUDI AG,AUDI Q7 35 TDI QUATTRO AUTOMAT,AUDI,AUDI Q7 35 TDI QUATTRO AUTOMAT,AUDI Q7 TDI,AUDI Q7 TDI
AUDI AG,AUDI Q3 35TDI QUATTRO,AUDI,AUDI Q3 35 TDI QUATTRO,AUDI Q3 QUATTRO,AUDI Q3 QUATTRO
AUDI AG,AUDI Q3 QUATTRO,AUDI,AUDI Q3 QUATTRO,AUDI Q3 QUATTRO,AUDI Q3 QUATTRO
AUDI AG,AUDI A6 2.0 TDI BSIV,AUDI,AUDI A6 2.0 TDI BSIV,AUDI A6 2.0 TDI,AUDI A6 2.0 TDI
AUDI AG,AUDI Q3 35 TDI 2.0,AUDI,AUDI Q3 35 TDI 2.0,AUDI Q3 2.0 TDI,AUDI Q3 2.0 TDI
AUDI AG D-85045 INGOLSTADT,AUDI A42.0 TDI,AUDI,AUDI A42.0 TDI,AUDI A4 2.0 TDI,AUDI A4 2.0 TDI
AUDI AG,AUDIQ7TDI3.0 QUATTRO AUROMATIC,AUDI,AUDIQ7 TDI3.0 QUATTRO AUROMATIC,AUDI Q7 TDI,AUDI Q7 TDI
AUDI AG,AUDI-Q520TDI QUATTRO,AUDI,AUDI-Q520 TDI QUATTRO,AUDI Q5 QUATTRO,AUDI Q5 QUATTRO
AUDI AG,AUDI Q3 2.0 TDI QUATTRO,AUDI,AUDI Q3 2.0 TDI QUATTRO,AUDI Q3 QUATTRO,AUDI Q3 QUATTRO
AUDI AG,AUDI A4 2 TADI MULTITRONIC,AUDI,AUDI A4 2 TADI MULTITRONIC,AUDI A4,AUDI A4
AUDI AG,AUDI Q 5 2.0 TDI,AUDI,AUDI Q5 2.0 TDI,AUDI Q5 2.0 TDI,AUDI Q5 2.0 TDI
AUDI AG,AURI Q7 4.2 TDI,AUDI,AURI Q7 4.2 TDI,AUDI Q7 TDI,AUDI Q7 TDI
AUDI AG,AUDI RSQ8,AUDI,AUDI RSQ8,AUDI OTHER,AUDI OTHER
AUDI AG,Q7 4.2 TDI,AUDI,Q7 4.2 TDI,AUDI Q7 TDI,AUDI Q7 TDI
AUDI AG,A6 2.0 TDI,AUDI,A6 2.0 TDI,AUDI A6 2.0 TDI,AUDI A6 2.0 TDI
AUDI AG,AUDI A8 QUATTRO 50 TDI,AUDI,AUDI A8 QUATTRO 50 TDI,AUDI A8L TDI,AUDI A8L TDI
AUDI AG D-85045 INGOLSTADT,AUDI Q5 30 TDI QUATTRO BSIV,AUDI,AUDI Q5 30 TDI QUATTRO BSIV,AUDI Q5 QUATTRO,AUDI Q5 QUATTRO
AUDI AG D-85045 INGOLSTADT,AUDI A4 35 TDI BSIV,AUDI,AUDI A4 35 TDI BSIV,AUDI A4 TDI,AUDI A4 TDI
AUDI AG,AUDI Q3 35 TDI QUA BSIV,AUDI,AUDI Q3 35 TDI QUA BSIV,AUDI Q3 TDI,AUDI Q3 TDI
AUDI AG,A8 50 TDI QUATTRO ,AUDI,A8 50 TDI QUATTRO,AUDI A8L TDI,AUDI A8L TDI
AUDI AG,AUDI Q7 3.0 TDI QUATTRO AUTOMATIC 7STR BSIV,AUDI,AUDI Q7 3.0 TDI QUATTRO AUTOMATIC 7STR BSIV,AUDI Q7 TDI,AUDI Q7 TDI
AUDI AG,A3 35 TDI MULTITRONIC,AUDI,A3 35 TDI MULTITRONIC,AUDI A3 TDI,AUDI A3 TDI
AUDI AG,AUDI MODEL A6  35  TDI,AUDI,AUDI MODEL A6  35 TDI,AUDI A6 TDI,AUDI A6 TDI
AUDI AG,Audi A3 35 TDi Limousine,AUDI,AUDI A3 35 TDI LIMOUSINE,AUDI A3 LIMOUSINE,AUDI A3 LIMOUSINE
AUDI AG,AUDIQ52.0TFSIQUA.ATIMPORTEDBS3,AUDI,AUDIQ52.0 TFSIQUA.ATIMPORTEDBS3,AUDI Q5 TFSI,AUDI Q5 TFSI
AUDI AG,AUDI Q3 35 TDI QUARTTO,AUDI,AUDI Q3 35 TDI QUARTTO,AUDI Q3 TDI,AUDI Q3 TDI
AUDI AG,AUDI Q 7 45 TDI QUATTRO,AUDI,AUDI Q7 45 TDI QUATTRO,AUDI Q7 TDI,AUDI Q7 TDI
AUDI AG,LMV- MOTOR CAR  AUDI Q3 30 TFS,AUDI,LMV- MOTOR CAR  AUDI Q3 30 TFS,AUDI Q3,AUDI Q3
AUDI AG,AUDI Q7 3.0 TDI QUATTRO AT,AUDI,AUDI Q7 3.0 TDI QUATTRO AT,AUDI Q7 TDI,AUDI Q7 TDI
AUDI AG,AUDI A4 30 TFSI BSIV,AUDI,AUDI A4 30 TFSI BSIV,AUDI A4 TFSI,AUDI A4 TFSI
AUDI AG,AUDI A 6 2.8 FSI,AUDI,AUDI A6 2.8 FSI,AUDI A6 2.8 FSI,AUDI A6 2.8 FSI
AUDI AG,AUDI Q5 30 TDI QUATTRO BSIII,AUDI,AUDI Q5 30 TDI QUATTRO BSIII,AUDI Q5 QUATTRO,AUDI Q5 QUATTRO
AUDI AG,AUDI A4 1.8TFSI MULTITRONICBS4,AUDI,AUDI A4 1.8 TFSI MULTITRONICBS4,AUDI A4 1.8,AUDI A4 1.8
AUDI AG,"AUDI AG, AUDI Q3 2.0 TDI",AUDI,AUDI Q3 2.0 TDI,AUDI Q3 2.0 TDI,AUDI Q3 2.0 TDI
AUDI AG,AUDI A3 40 TFSI CABRIOLET,AUDI,AUDI A3 40 TFSI CABRIOLET,AUDI A3 CABRIOLET,AUDI A3 CABRIOLET
AUDI AG,AUDI 2.0 TDI,AUDI,AUDI 2.0 TDI,AUDI OTHER,AUDI OTHER
AUDI AG,TT 45 TFSI,AUDI,TT 45 TFSI,AUDI TT,AUDI TT
AUDI AG,AUDI A4 1.8 T FSI,AUDI,AUDI A4 1.8 T FSI,AUDI A4 1.8,AUDI A4 1.8
AUDI AG,AUDI A3 35 TDI LIMOUSINE BSIV,AUDI,AUDI A3 35 TDI LIMOUSINE BSIV,AUDI A3 LIMOUSINE,AUDI A3 LIMOUSINE
AUDI AG,AUDI Q5 2.0 TDI QUATTRO,AUDI,AUDI Q5 2.0 TDI QUATTRO,AUDI Q5 2.0 TDI QUATTRO,AUDI Q5 2.0 TDI QUATTRO
AUDI AG,AUDI Q3 30 TDI BS IV,AUDI,AUDI Q3 30 TDI BS IV,AUDI Q3 TDI,AUDI Q3 TDI
AUDI AG,Q5 35 TDI BS4,AUDI,Q5 35 TDI BS4,AUDI Q5 TDI,AUDI Q5 TDI
AUDI AG,AUDI Q3 QUATT. 2.0 TDI,AUDI,AUDI Q3 QUATT. 2.0 TDI,AUDI Q3 2.0 TDI,AUDI Q3 2.0 TDI
AUDI AG,Q7 30 TDI TECH PACK+SUNROOF,AUDI,Q7 30 TDI TECH PACK+SUNROOF,AUDI Q7 TDI,AUDI Q7 TDI
AUDI AG,AUDI A7 3.0TDI QUQTTRO(180)IMP,AUDI,AUDI A7 3.0 TDI QUQTTRO(180)IMP,AUDI TT,AUDI TT
AUDI AG,AUDI Q7 45 TDI 6S,AUDI,AUDI Q7 45 TDI 6S,AUDI Q7 TDI,AUDI Q7 TDI
AUDI AG,QT 3.0 TDI,AUDI,QT 3.0 TDI,AUDI OTHER,AUDI OTHER
AUDI AG,AUDI A4 1.8 T,AUDI,AUDI A4 1.8 T,AUDI A4 1.8,AUDI A4 1.8
AUDI AG,AUDI Q5 45 TFSI BSIV,AUDI,AUDI Q5 45 TFSI BSIV,AUDI Q5 TFSI,AUDI Q5 TFSI
AUDI AG D-85045 INGOLSTADT,AUDI A4 35 TDI MULTITRONIC BSI,AUDI,AUDI A4 35 TDI MULTITRONIC BSI,AUDI A4 TDI,AUDI A4 TDI
AUDI AG,AUDI A6 2.7 TDI MULTITRONIC,AUDI,AUDI A6 2.7 TDI MULTITRONIC,AUDI A6 TDI,AUDI A6 TDI
AUDI AG,AUDI A6 35 TDI LIMOUSINE,AUDI,AUDI A6 35 TDI LIMOUSINE,AUDI A6 TDI,AUDI A6 TDI
AUDI AG,AUDI MODEL A6 2.8 FSI,AUDI,AUDI MODEL A6 2.8 FSI,AUDI A6 2.8 FSI,AUDI A6 2.8 FSI
AUDI AG,AUDI Q5,AUDI,AUDI Q5,AUDI Q5,AUDI Q5
AUDI AG,AUDI Q5 2 TDI,AUDI,AUDI Q5 2 TDI,AUDI Q5 TDI,AUDI Q5 TDI
AUDI AG,AUDI A4 2.0 TDI MULTITRONIC BS,AUDI,AUDI A4 2.0 TDI MULTITRONIC BS,AUDI A4 2.0 TDI,AUDI A4 2.0 TDI
AUDI AG,AUDI A6 2.8  FSI,AUDI,AUDI A6 2.8  FSI,AUDI A6 2.8 FSI,AUDI A6 2.8 FSI
AUDI AG,AUDI Q 32.0 TDI,AUDI,AUDI Q32.0 TDI,AUDI Q3 2.0 TDI,AUDI Q3 2.0 TDI
AUDI AG D-85045 INGOLSTADT,AUDI Q7 45 TDI QUATTRO AUTOMAT,AUDI,AUDI Q7 45 TDI QUATTRO AUTOMAT,AUDI Q7 TDI,AUDI Q7 TDI
AUDI AG,AUDI TT COUPE,AUDI,AUDI TT COUPE,AUDI TT COUPE,AUDI TT COUPE
AUDI AG,AUDI Q3 2.0 TDI QUATTRO-IV,AUDI,AUDI Q3 2.0 TDI QUATTRO-IV,AUDI Q3 QUATTRO,AUDI Q3 QUATTRO
AUDI AG,AUDI A6 35 TDI LIMOUSINE BS,AUDI,AUDI A6 35 TDI LIMOUSINE BS,AUDI A6 TDI,AUDI A6 TDI
AUDI AG,Q3 2.0  TDI,AUDI,Q3 2.0 TDI,AUDI Q3 2.0 TDI,AUDI Q3 2.0 TDI
AUDI AG,AUDI Q 7 3.6,AUDI,AUDI Q7 3.6,AUDI Q7,AUDI Q7
AUDI AG,AUDI A3 35 TDI LIMOUSINE,AUDI,AUDI A3 35 TDI LIMOUSINE,AUDI A3 LIMOUSINE,AUDI A3 LIMOUSINE
AUDI AG,AUDI AG,AUDI,,AUDI OTHER,AUDI OTHER
AUDI AG,AUDI Q3 35 TDI QUATTRO BSIII,AUDI,AUDI Q3 35 TDI QUATTRO BSIII,AUDI Q3 QUATTRO,AUDI Q3 QUATTRO
AUDI AG,AUDI Q7 QUAT TDI 3.0 EIV,AUDI,AUDI Q7 QUAT TDI 3.0 EIV,AUDI Q7 TDI,AUDI Q7 TDI
AUDI AG,AUDI A4 2.0 TDI MULTITRONIC BSIV,AUDI,AUDI A4 2.0 TDI MULTITRONIC BSIV,AUDI A4 2.0 TDI,AUDI A4 2.0 TDI
AUDI AG,A6 3.0 TDI QUATTRO,AUDI,A6 3.0 TDI QUATTRO,AUDI A6 3.0 TDI,AUDI A6 3.0 TDI
AUDI AG,AUDI Q3 35 TDI QUATTRO M1 BS4,AUDI,AUDI Q3 35 TDI QUATTRO M1 BS4,AUDI Q3 QUATTRO,AUDI Q3 QUATTRO
AUDI AG,AUDI Q3 2.0 TDI QUATTRO BS I,AUDI,AUDI Q3 2.0 TDI QUATTRO BS I,AUDI Q3 QUATTRO,AUDI Q3 QUATTRO
AUDI AG,AUDI MODEL A6,AUDI,AUDI MODEL A6,AUDI A6,AUDI A6
AUDI AG,AUDI Q5 30 TDI QUATTRO BSIV,AUDI,AUDI Q5 30 TDI QUATTRO BSIV,AUDI Q5 QUATTRO,AUDI Q5 QUATTRO
AUDI AG,AUDI A6 2 TDI BSIV,AUDI,AUDI A6 2 TDI BSIV,AUDI A6 TDI,AUDI A6 TDI
AUDI AG,AUDI,AUDI,AUDI,AUDI OTHER,AUDI OTHER
AUDI AG,AUDI A8 L 3.0 TDI,AUDI,AUDI A8 L 3.0 TDI,AUDI A8L 3.0 TDI,AUDI A8L 3.0 TDI
AUDI AG,AUDI Q5 35 TDI BS IV,AUDI,AUDI Q5 35 TDI BS IV,AUDI Q5 TDI,AUDI Q5 TDI
AUDI AG,AUDI A4 2.0 TDI (MULTITRONIC),AUDI,AUDI A4 2.0 TDI (MULTITRONIC),AUDI A4 2.0 TDI,AUDI A4 2.0 TDI
AUDI AG,A3 3.5TDI,AUDI,A3 3.5 TDI,AUDI A3 TDI,AUDI A3 TDI
AUDI AG,AUDI A6 35 TFSI LIMOUSINE,AUDI,AUDI A6 35 TFSI LIMOUSINE,AUDI A6,AUDI A6
AUDI AG,AUDI Q7 45TDI QUATTRO AT6I BS4,AUDI,AUDI Q7 45 TDI QUATTRO AT6I BS4,AUDI Q7 TDI,AUDI Q7 TDI
AUDI AG,AUDI Q5 30 TDI QUATTRO,AUDI,AUDI Q5 30 TDI QUATTRO,AUDI Q5 QUATTRO,AUDI Q5 QUATTRO
AUDI AG,AUDI Q3 2.0 TFSI QUATTRO BSIV,AUDI,AUDI Q3 2.0 TFSI QUATTRO BSIV,AUDI Q3 QUATTRO,AUDI Q3 QUATTRO
AUDI AG,     AUDI Q3 2.0,AUDI,AUDI Q3 2.0,AUDI Q3,AUDI Q3
AUDI AG,AUDI Q5 2.0 TDI Q,AUDI,AUDI Q5 2.0 TDI Q,AUDI Q5 2.0 TDI,AUDI Q5 2.0 TDI
AUDI AG,AUDI A3 35 TDI PREM BSIV,AUDI,AUDI A3 35 TDI PREM BSIV,AUDI A3 TDI,AUDI A3 TDI
AUDI AG,A4 2.0 TDI,AUDI,A4 2.0 TDI,AUDI A4 2.0 TDI,AUDI A4 2.0 TDI
AUDI AG,Q3 35 TDIÂ S EDITION,AUDI,Q3 35 TDIÂ S EDITION,AUDI Q3 TDI,AUDI Q3 TDI
AUDI AG,AUDI S5,AUDI,AUDI S5,AUDI S5,AUDI S5
AUDI AG,AUDI A8 L50 TDI,AUDI,AUDI A8 L50 TDI,AUDI A8L TDI,AUDI A8L TDI
AUDI AG,AUDI A3 35TDI LIMOUSINE,AUDI,AUDI A3 35 TDI LIMOUSINE,AUDI A3 LIMOUSINE,AUDI A3 LIMOUSINE
AUDI AG,AUDI Q8,AUDI,AUDI Q8,AUDI OTHER,AUDI OTHER
AUDI AG,AUDI Q3TDIQUATTRO ATCBU IMPBS4,AUDI,AUDI Q3 TDIQUATTRO ATCBU IMPBS4,AUDI Q3 QUATTRO,AUDI Q3 QUATTRO
AUDI AG,AUDI Q3 35 TDI ,AUDI,AUDI Q3 35 TDI,AUDI Q3 TDI,AUDI Q3 TDI
AUDI AG D-85045 INGOLSTADT,AUDI Q3 30  TDI BSIV,AUDI,AUDI Q3 30 TDI BSIV,AUDI Q3 TDI,AUDI Q3 TDI
AUDI AG,A6 SAL. TDI 2.0,AUDI,A6 SAL. TDI 2.0,AUDI A6 2.0 TDI,AUDI A6 2.0 TDI
AUDI AG D-85045 INGOLSTADT,AUDI A3 35 TFSI CABRIOPLET BSI,AUDI,AUDI A3 35 TFSI CABRIOPLET BSI,AUDI A3 TFSI,AUDI A3 TFSI
AUDI AG,AUDI A 6 2.7 TDI,AUDI,AUDI A6 2.7 TDI,AUDI A6 TDI,AUDI A6 TDI
AUDI AG,Q3 QUATTRO,AUDI,Q3 QUATTRO,AUDI Q3 QUATTRO,AUDI Q3 QUATTRO
AUDI AG,NEW AUDI A4 2.0TDI,AUDI,AUDI A4 2.0 TDI,AUDI A4 2.0 TDI,AUDI A4 2.0 TDI
AUDI AG,AUDI....,AUDI,AUDI....,AUDI OTHER,AUDI OTHER
AUDI AG,AUDI TT COUPE 2.0 TFSI QU S TR,AUDI,AUDI TT COUPE 2.0 TFSI QU S TR,AUDI TT COUPE,AUDI TT COUPE
AUDI AG,"Q7 45 TDI quattro (AT, 6 I.D.)",AUDI,"Q7 45 TDI QUATTRO (AT, 6 I.D.)",AUDI Q7 TDI,AUDI Q7 TDI
AUDI AG,AUDI Q52.0 TDI,AUDI,AUDI Q52.0 TDI,AUDI Q5 2.0 TDI,AUDI Q5 2.0 TDI
AUDI AG,Q7 3.0 TDI,AUDI,Q7 3.0 TDI,AUDI Q7 TDI,AUDI Q7 TDI
AUDI AG,OTHERS,AUDI,OTHERS,AUDI OTHER,AUDI OTHER
AUDI AG,AUDI A6 2.7 TDI MULTITRONIC BSIV,AUDI,AUDI A6 2.7 TDI MULTITRONIC BSIV,AUDI A6 TDI,AUDI A6 TDI
AUDI AG,A4 35 TDI PREMIUM PLUS BS IV,AUDI,A4 35 TDI PREMIUM PLUS BS IV,AUDI A4 TDI,AUDI A4 TDI
AUDI AG,A-6 2.0 TD,AUDI,A-6 2.0 TD,AUDI OTHER,AUDI OTHER
AUDI AG,NEW AUDI Q7 3.0 TDI,AUDI,AUDI Q7 3.0 TDI,AUDI Q7 TDI,AUDI Q7 TDI
AUDI AG,AUDI Q5 2.0 TFSI QUATTRO AT,AUDI,AUDI Q5 2.0 TFSI QUATTRO AT,AUDI Q5 2.0 TDI QUATTRO,AUDI Q5 2.0 TDI QUATTRO
AUDI AG,AUDI Q3 2.0  TDI,AUDI,AUDI Q3 2.0 TDI,AUDI Q3 2.0 TDI,AUDI Q3 2.0 TDI
AUDI AG,Q52.0TDI,AUDI,Q52.0 TDI,AUDI Q5 2.0 TDI,AUDI Q5 2.0 TDI
AUDI AG,AUDI Q2 40 TFSI QUATTRO,AUDI,AUDI Q2 40 TFSI QUATTRO,AUDI TT,AUDI TT
AUDI AG,NEW AUDI Q3 2.0 TDI,AUDI,AUDI Q3 2.0 TDI,AUDI Q3 2.0 TDI,AUDI Q3 2.0 TDI
AUDI AG,AUDI Q3 SB 40 TFSI Q,AUDI,AUDI Q3 SB 40 TFSI Q,AUDI Q3,AUDI Q3
AUDI AG,AUDI A4 2.0TDI MULTITRONIC BS4,AUDI,AUDI A4 2.0 TDI MULTITRONIC BS4,AUDI A4 2.0 TDI,AUDI A4 2.0 TDI
AUDI AG,AUDI Q3 35 TDI quattro,AUDI,AUDI Q3 35 TDI QUATTRO,AUDI Q3 QUATTRO,AUDI Q3 QUATTRO
AUDI AG,AUDI Q7 3.0TDI,AUDI,AUDI Q7 3.0 TDI,AUDI Q7 TDI,AUDI Q7 TDI
AUDI AG,AUDI Q7 3.0 TDI V6 BSIV,AUDI,AUDI Q7 3.0 TDI V6 BSIV,AUDI Q7 TDI,AUDI Q7 TDI
AUDI AG,Q3 2 TDI,AUDI,Q3 2 TDI,AUDI Q3 TDI,AUDI Q3 TDI
AUDI AG,AUDI A4 35 TFSI MULTITRONIC,AUDI,AUDI A4 35 TFSI MULTITRONIC,AUDI A4 TFSI,AUDI A4 TFSI
AUDI AG,AUDI Q3 2.0 TDI Q BSIV,AUDI,AUDI Q3 2.0 TDI Q BSIV,AUDI Q3 2.0 TDI,AUDI Q3 2.0 TDI
AUDI AG,A4 30 TFSI,AUDI,A4 30 TFSI,AUDI A4 TFSI,AUDI A4 TFSI
AUDI AG,AUDI A4 35 TDI MULTITRONIC BSI,AUDI,AUDI A4 35 TDI MULTITRONIC BSI,AUDI A4 TDI,AUDI A4 TDI
AUDI AG D-85045 INGOLSTADT,AUDIQ7 3.0 TDI QUATTRO AUTO 7I,AUDI,AUDIQ7 3.0 TDI QUATTRO AUTO 7I,AUDI Q7 TDI,AUDI Q7 TDI
AUDI AG,AUDI Q7 3.0 TDI QUATTRO BS IV,AUDI,AUDI Q7 3.0 TDI QUATTRO BS IV,AUDI Q7 TDI,AUDI Q7 TDI
AUDI AG,A6 3.0 TDI QUATTRO AUTOMATIC,AUDI,A6 3.0 TDI QUATTRO AUTOMATIC,AUDI A6 3.0 TDI,AUDI A6 3.0 TDI
AUDI AG D-85045 INGOLSTADT,AUDI A6 35 TDI LIMOUSINE BSIV,AUDI,AUDI A6 35 TDI LIMOUSINE BSIV,AUDI A6 TDI,AUDI A6 TDI
AUDI AG,AUDI Q7 30 TDI,AUDI,AUDI Q7 30 TDI,AUDI Q7 TDI,AUDI Q7 TDI
AUDI AG,AUDI Q5 2 TDI QUTTROAUTOMATIT,AUDI,AUDI Q5 2 TDI QUTTROAUTOMATIT,AUDI Q5 TDI,AUDI Q5 TDI
AUDI AG,Q5 3.0 TDI,AUDI,Q5 3.0 TDI,AUDI Q5 3.0,AUDI Q5 3.0
AUDI AG,AUDI A6 35 TDI,AUDI,AUDI A6 35 TDI,AUDI A6 TDI,AUDI A6 TDI
AUDI AG,AUDI A6  35TDI LIMOUSINE BS,AUDI,AUDI A6  35 TDI LIMOUSINE BS,AUDI A6 TDI,AUDI A6 TDI
AUDI AG,AUDI A6.2TDI,AUDI,AUDI A6.2 TDI,AUDI A6 TDI,AUDI A6 TDI
AUDI AG,AUDI Q5 2.0 TDI QUATTRO AT,AUDI,AUDI Q5 2.0 TDI QUATTRO AT,AUDI Q5 2.0 TDI QUATTRO,AUDI Q5 2.0 TDI QUATTRO
AUDI AG,AUDI A-6,AUDI,AUDI A-6,AUDI OTHER,AUDI OTHER
AUDI AG,INNOVA 2.5/V,AUDI,INNOVA2.5/V,AUDI OTHER,AUDI OTHER
AUDI AG,AUDI  A 4 2.0 TDI,AUDI,AUDI  A4 2.0 TDI,AUDI A4 2.0 TDI,AUDI A4 2.0 TDI
AUDI AG,Q3 2.0 TDI QUATTRO,AUDI,Q3 2.0 TDI QUATTRO,AUDI Q3 QUATTRO,AUDI Q3 QUATTRO
AUDI AG,Q7 4.2TDIQUATTRO(DSL)ATIMPORTD,AUDI,Q7 4.2 TDIQUATTRO(DSL)ATIMPORTD,AUDI Q7 TDI,AUDI Q7 TDI
AUDI AG,AUDI A4 2 TDI MULTITRONIC,AUDI,AUDI A4 2 TDI MULTITRONIC,AUDI A4 TDI,AUDI A4 TDI
AUDI AG,AUDI Q8 55 TFSI QUATTRO,AUDI,AUDI Q8 55 TFSI QUATTRO,AUDI TT,AUDI TT
AUDI AG,AUDI TT COUPE 45 TFSI QTRO STR,AUDI,AUDI TT COUPE 45 TFSI QTRO STR,AUDI TT COUPE,AUDI TT COUPE
AUDI AG,AUDI Q73.0 TDI,AUDI,AUDI Q73.0 TDI,AUDI Q7 TDI,AUDI Q7 TDI
AUDI AG,AUDI Q 5.2.O. TDI,AUDI,AUDI Q5.2.O. TDI,AUDI Q5 TDI,AUDI Q5 TDI
AUDI AG,AUDI A5 35 TDI,AUDI,AUDI A5 35 TDI,AUDI OTHER,AUDI OTHER
AUDI AG,A7 3.0 TDI,AUDI,A7 3.0 TDI,AUDI OTHER,AUDI OTHER
AUDI AG,"Q5 2.0 TDI QUATTRO,BSIV",AUDI,"Q5 2.0 TDI QUATTRO,BSIV",AUDI Q5 2.0 TDI QUATTRO,AUDI Q5 2.0 TDI QUATTRO
AUDI Q3 35 TDI QUATTRO BSIV,AUDI Q3 35 TDI QUATTRO BSIV,AUDI,AUDI Q3 35 TDI QUATTRO BSIV,AUDI Q3 QUATTRO,AUDI Q3 QUATTRO
AUDI CAR IMPORTED,AUDI Q5 2.0 TDI QA,AUDI,AUDI Q5 2.0 TDI QA,AUDI Q5 2.0 TDI,AUDI Q5 2.0 TDI
AUDI AG,NEW AUDI Q5 2.0 TDI,AUDI,AUDI Q5 2.0 TDI,AUDI Q5 2.0 TDI,AUDI Q5 2.0 TDI
AUDI AG,AUDI A6 35 TDI MATR,AUDI,AUDI A6 35 TDI MATR,AUDI A6 TDI,AUDI A6 TDI
AUDI AG,A 4 35 TDI MULTITRONIC,AUDI,A4 35 TDI MULTITRONIC,AUDI A4 TDI,AUDI A4 TDI
AUDI AG,AUDI A6 2.8 FSI BSIV,AUDI,AUDI A6 2.8 FSI BSIV,AUDI A6 2.8 FSI,AUDI A6 2.8 FSI
AUDI AG,AUDI Q5 QUAT TDI 3.0,AUDI,AUDI Q5 QUAT TDI 3.0,AUDI Q5 QUATTRO,AUDI Q5 QUATTRO
AUDI AG,AUDI Q3 2.0 TDI QUATTRO AT,AUDI,AUDI Q3 2.0 TDI QUATTRO AT,AUDI Q3 QUATTRO,AUDI Q3 QUATTRO
AUDI AG,AUDI Q5 2.0 TFSI,AUDI,AUDI Q5 2.0 TFSI,AUDI Q5 TFSI,AUDI Q5 TFSI
AUDI AG,AUDI A4 1.8T FSI,AUDI,AUDI A4 1.8T FSI,AUDI A4 1.8,AUDI A4 1.8
AUDI AG,AUDI Q 5,AUDI,AUDI Q5,AUDI Q5,AUDI Q5
AUDI AG,AUDI A4 2 TDI BS IV,AUDI,AUDI A4 2 TDI BS IV,AUDI A4 TDI,AUDI A4 TDI
AUDI AG,AUDI Q5 3.0 TDI QUATTRO AT BS4,AUDI,AUDI Q5 3.0 TDI QUATTRO AT BS4,AUDI Q5 QUATTRO,AUDI Q5 QUATTRO
AUDI AG,AUDI A6 2.7 TDI MULTITRONIC BS,AUDI,AUDI A6 2.7 TDI MULTITRONIC BS,AUDI A6 TDI,AUDI A6 TDI
AUDI AG,AUDI  A 6 2.0 TDI,AUDI,AUDI  A6 2.0 TDI,AUDI A6 2.0 TDI,AUDI A6 2.0 TDI
AUDI AG,AUDI Q3 2.0 TDI QUATRO,AUDI,AUDI Q3 2.0 TDI QUATRO,AUDI Q3 2.0 TDI,AUDI Q3 2.0 TDI
AUDI AG,AUDI Q3 2.0 TDI.,AUDI,AUDI Q3 2.0 TDI.,AUDI Q3 2.0 TDI,AUDI Q3 2.0 TDI
AUDI AG D-85045 INGOLSTADT,AUDI Q3 35 TDI QUATTRO BSIV,AUDI,AUDI Q3 35 TDI QUATTRO BSIV,AUDI Q3 QUATTRO,AUDI Q3 QUATTRO
AUDI AG,Q7 QUAT. TDI 3.0 V6 180 A8,AUDI,Q7 QUAT. TDI 3.0 V6 180 A8,AUDI A8L 3.0 TDI,AUDI A8L 3.0 TDI
AUDI AG,Q3 30 TDI,AUDI,Q3 30 TDI,AUDI Q3 TDI,AUDI Q3 TDI
AUDI AG,AUDI Q.3,AUDI,AUDI Q.3,AUDI OTHER,AUDI OTHER
AUDI AG,AUDI A6 3.0 TDI QUATTRO,AUDI,AUDI A6 3.0 TDI QUATTRO,AUDI A6 3.0 TDI,AUDI A6 3.0 TDI
AUDI AG,Q3 TDI QUATT 2.0,AUDI,Q3 TDI QUATT 2.0,AUDI Q3 2.0 TDI,AUDI Q3 2.0 TDI
AUDI AG,AUDI  Q3  2.0 TDI,AUDI,AUDI Q3  2.0 TDI,AUDI Q3 2.0 TDI,AUDI Q3 2.0 TDI
AUDI AG,AUDI Q3 30 TFSI,AUDI,AUDI Q3 30 TFSI,AUDI Q3,AUDI Q3
AUDI AG,TT COUPE 2.0TFSIQUATTROSTRONIC,AUDI,TT COUPE 2.0 TFSIQUATTROSTRONIC,AUDI TT COUPE QUATTRO,AUDI TT COUPE QUATTRO
AUDI AG,AUDI A8 3.0 TDI QUATTRO,AUDI,AUDI A8 3.0 TDI QUATTRO,AUDI A8L 3.0 TDI,AUDI A8L 3.0 TDI
AUDI AG,AUDI  Q3 35 TDI BS IV,AUDI,AUDI Q3 35 TDI BS IV,AUDI Q3 TDI,AUDI Q3 TDI
AUDI AG,AUDI Q7 45 TDI QUATTRO BSIV,AUDI,AUDI Q7 45 TDI QUATTRO BSIV,AUDI Q7 TDI,AUDI Q7 TDI
AUDI AG,AUDI S6 4.0 TFSI QUATTRO,AUDI,AUDI S6 4.0 TFSI QUATTRO,AUDI TT,AUDI TT
AUDI AG,AUDI  Q5 3.0TDI QU AUTOMATIC,AUDI,AUDI Q5 3.0 TDI QU AUTOMATIC,AUDI Q5 3.0,AUDI Q5 3.0
AUDI AG,AUDI Q3 2.0 TDI Q MULTITRONIC,AUDI,AUDI Q3 2.0 TDI Q MULTITRONIC,AUDI Q3 QUATTRO,AUDI Q3 QUATTRO
AUDI AG,AUDI Q3 QUATT 2 0 TDI,AUDI,AUDI Q3 QUATT 2 0 TDI,AUDI Q3 TDI,AUDI Q3 TDI
AUDI AG,A6 2.0 TFSI,AUDI,A6 2.0 TFSI,AUDI A6,AUDI A6
AUDI AG,AUDI A4 1.8 TFSI BS4,AUDI,AUDI A4 1.8 TFSI BS4,AUDI A4 1.8,AUDI A4 1.8
AUDI AG,AUDI Q3 2.0TDI,AUDI,AUDI Q3 2.0 TDI,AUDI Q3 2.0 TDI,AUDI Q3 2.0 TDI
AUDI AG,A4 1.8,AUDI,A4 1.8,AUDI A4 1.8,AUDI A4 1.8
AUDI AG,AUDI Q3 35 TDI QUATTRO,AUDI,AUDI Q3 35 TDI QUATTRO,AUDI Q3 QUATTRO,AUDI Q3 QUATTRO
AUDI AG,AUDIQ73.0 TDI,AUDI,AUDIQ73.0 TDI,AUDI Q7 TDI,AUDI Q7 TDI
AUDI AG,AUDI Q3 30 TFSI BS4,AUDI,AUDI Q3 30 TFSI BS4,AUDI Q3,AUDI Q3
AUDI AG,Q3 35 TDIQ,AUDI,Q3 35 TDIQ,AUDI Q3 TDI,AUDI Q3 TDI
AUDI AG,AUDI Q7 35 TDI QUATTRO BS IV,AUDI,AUDI Q7 35 TDI QUATTRO BS IV,AUDI Q7 TDI,AUDI Q7 TDI
AUDI AG,Q3 TDI,AUDI,Q3 TDI,AUDI Q3 TDI,AUDI Q3 TDI
AUDI AG,AUDI Q5 2.0 TDI,AUDI,AUDI Q5 2.0 TDI,AUDI Q5 2.0 TDI,AUDI Q5 2.0 TDI
AUDI AG,A6 2.0TDI,AUDI,A6 2.0 TDI,AUDI A6 2.0 TDI,AUDI A6 2.0 TDI
AUDI AG,AUDI Q7 45 TDI CKD,AUDI,AUDI Q7 45 TDI CKD,AUDI Q7 TDI,AUDI Q7 TDI
AUDI AG,AUDI A8 QUATTRO 3.0 TDI,AUDI,AUDI A8 QUATTRO 3.0 TDI,AUDI A8L 3.0 TDI,AUDI A8L 3.0 TDI
AUDI AG,AUDI Q-5 2.0 TDI,AUDI,AUDI Q-5 2.0 TDI,AUDI OTHER,AUDI OTHER
AUDI AG,AUDI Q3 30 TDI QUATTRO ,AUDI,AUDI Q3 30 TDI QUATTRO,AUDI Q3 QUATTRO,AUDI Q3 QUATTRO
AUDI AG,AUDI A8L TDI,AUDI,AUDI A8L TDI,AUDI A8L TDI,AUDI A8L TDI
AUDI AG,AUDI A6 2.7 TDI MULTITRONC,AUDI,AUDI A6 2.7 TDI MULTITRONC,AUDI A6 TDI,AUDI A6 TDI
AUDI AG,AUDI A4 35 TDI M1 BS4,AUDI,AUDI A4 35 TDI M1 BS4,AUDI A4 TDI,AUDI A4 TDI
AUDI AG,AUDI S4,AUDI,AUDI S4,AUDI OTHER,AUDI OTHER
AUDI AG,AUDI A4 35 TDI BS IV,AUDI,AUDI A4 35 TDI BS IV,AUDI A4 TDI,AUDI A4 TDI
AUDI AG,A4 1.8 TFSI,AUDI,A4 1.8 TFSI,AUDI A4 1.8,AUDI A4 1.8
AUDI AG,AUDI A6 2.0 TDI MULTITRONIC,AUDI,AUDI A6 2.0 TDI MULTITRONIC,AUDI A6 2.0 TDI,AUDI A6 2.0 TDI
AUDI AG,AUDI Q5 2.0  TDI,AUDI,AUDI Q5 2.0 TDI,AUDI Q5 2.0 TDI,AUDI Q5 2.0 TDI
AUDI AG,AUDI Q7 4.2 TDI QUATTRO AUTO,AUDI,AUDI Q7 4.2 TDI QUATTRO AUTO,AUDI Q7 TDI,AUDI Q7 TDI
AUDI AG,Not Available,AUDI,NOT AVAILABLE,AUDI OTHER,AUDI OTHER
AUDI AG,AUDI Q5 45 TFSI,AUDI,AUDI Q5 45 TFSI,AUDI Q5 TFSI,AUDI Q5 TFSI
AUDI AG D-85045 INGOLSTADT,AUDI Q5 40 TDI BSIV,AUDI,AUDI Q5 40 TDI BSIV,AUDI Q5 TDI,AUDI Q5 TDI
AUDI AG,AUDI Q5 40 TDI,AUDI,AUDI Q5 40 TDI,AUDI Q5 TDI,AUDI Q5 TDI
AUDI AG,AUDI Q5 30 TDI QUATTRO BS IV,AUDI,AUDI Q5 30 TDI QUATTRO BS IV,AUDI Q5 QUATTRO,AUDI Q5 QUATTRO
AUDI AG,A4 35 TDI  ,AUDI,A4 35 TDI,AUDI A4 TDI,AUDI A4 TDI
AUDI AG,AUDI Q5 30 TDIQ,AUDI,AUDI Q5 30 TDIQ,AUDI Q5 TDI,AUDI Q5 TDI
AUDI AG,Audi Q7 35 TDI Quattro AT 7STR,AUDI,AUDI Q7 35 TDI QUATTRO AT 7STR,AUDI Q7 TDI,AUDI Q7 TDI
AUDI AG,AUDI A3 35 TDI LIMSN BSIV,AUDI,AUDI A3 35 TDI LIMSN BSIV,AUDI A3 TDI,AUDI A3 TDI
AUDI AG,AUDIT A6 35 TFSI BSIV,AUDI,AUDIT A6 35 TFSI BSIV,AUDI A6,AUDI A6
AUDI AG,AUDI A6 2.0 TDI  BSIV,AUDI,AUDI A6 2.0 TDI  BSIV,AUDI A6 2.0 TDI,AUDI A6 2.0 TDI
AUDI AG D-85045 INGOLSTADT,"AUDIQ735TDIQUATTRO(AUTOMATIC,6",AUDI,"AUDIQ735 TDIQUATTRO(AUTOMATIC,6",AUDI Q7 TDI,AUDI Q7 TDI
AUDI AG,AUDI Q5 2.0 TDI QUATTRO AUTOMATIC BSIV,AUDI,AUDI Q5 2.0 TDI QUATTRO AUTOMATIC BSIV,AUDI Q5 2.0 TDI QUATTRO,AUDI Q5 2.0 TDI QUATTRO
AUDI AG,AUDI RS 7 PERFORMANCE,AUDI,AUDI RS 7 PERFORMANCE,AUDI OTHER,AUDI OTHER
AUDI AG,AUDI Q3 2.0 TDI BS-IV,AUDI,AUDI Q3 2.0 TDI BS-IV,AUDI Q3 2.0 TDI,AUDI Q3 2.0 TDI
AUDI AG,AUDI RS E-TRON GT,AUDI,AUDI RS E-TRON GT,AUDI OTHER,AUDI OTHER
AUDI AG,TT 2.0 TFSI,AUDI,TT 2.0 TFSI,AUDI TT,AUDI TT
AUDI AG,AUDI Q3 30 TDI BSIV,AUDI,AUDI Q3 30 TDI BSIV,AUDI Q3 TDI,AUDI Q3 TDI
AUDI AG,AUDI Q5 2.0 TDI Q MULTITRONIC ,AUDI,AUDI Q5 2.0 TDI Q MULTITRONIC,AUDI Q5 2.0 TDI QUATTRO,AUDI Q5 2.0 TDI QUATTRO
AUDI AG,AUDI A3 2.0 TDI,AUDI,AUDI A3 2.0 TDI,AUDI A3 TDI,AUDI A3 TDI
AUDI AG,AUI A8 3.0 TDI,AUDI,AUI A8 3.0 TDI,AUDI A8L 3.0 TDI,AUDI A8L 3.0 TDI
AUDI AG,AUDI A6 TDI,AUDI,AUDI A6 TDI,AUDI A6 TDI,AUDI A6 TDI
AUDI AG,A 4 1.8TFSI,AUDI,A4 1.8 TFSI,AUDI A4 1.8,AUDI A4 1.8
AUDI AG,AUDI Q5 2.0TFSI QUA AUT(IMPORT,AUDI,AUDI Q5 2.0 TFSI QUA AUT(IMPORT,AUDI Q5 TFSI,AUDI Q5 TFSI
AUDI AG,AUDI A3 35 TDI,AUDI,AUDI A3 35 TDI,AUDI A3 TDI,AUDI A3 TDI
AUDI AG,NEW AUDI Q5 3.0 TDI,AUDI,AUDI Q5 3.0 TDI,AUDI Q5 3.0,AUDI Q5 3.0
AUDI AG,AUDI.,AUDI,AUDI.,AUDI OTHER,AUDI OTHER
AUDI AG,AUDI A8 3.0TDI LWB,AUDI,AUDI A8 3.0 TDI LWB,AUDI A8L 3.0 TDI,AUDI A8L 3.0 TDI
AUDI AG,AUDI Q3 35 TDI STAGE BSIV,AUDI,AUDI Q3 35 TDI STAGE BSIV,AUDI Q3 TDI,AUDI Q3 TDI
AUDI AG,AUDI A4 2.0 TDI Multitroinc,AUDI,AUDI A4 2.0 TDI MULTITROINC,AUDI A4 2.0 TDI,AUDI A4 2.0 TDI
AUDI AG,AUDI Q5 2.0 TFSI QUATTRO AUTOM,AUDI,AUDI Q5 2.0 TFSI QUATTRO AUTOM,AUDI Q5 2.0 TDI QUATTRO,AUDI Q5 2.0 TDI QUATTRO
AUDI AG,AUDI Q3 2.0,AUDI,AUDI Q3 2.0,AUDI Q3,AUDI Q3
AUDI AG,NEW AUDI  A4 2.0 TDI,AUDI,AUDI A4 2.0 TDI,AUDI A4 2.0 TDI,AUDI A4 2.0 TDI
AUDI AG,A4 35 TDI MULTITRONIC,AUDI,A4 35 TDI MULTITRONIC,AUDI A4 TDI,AUDI A4 TDI
AUDI AG,AUDI Q5 2.0 TFSI QUATTRO ATBS4,AUDI,AUDI Q5 2.0 TFSI QUATTRO ATBS4,AUDI Q5 2.0 TDI QUATTRO,AUDI Q5 2.0 TDI QUATTRO
AUDI AG,AUDI Q7 35 TDI QUATTRO AUT,AUDI,AUDI Q7 35 TDI QUATTRO AUT,AUDI Q7 TDI,AUDI Q7 TDI
AUDI AG,AUDI A6 2.8 FSI MULTITRONIC,AUDI,AUDI A6 2.8 FSI MULTITRONIC,AUDI A6 2.8 FSI,AUDI A6 2.8 FSI
AUDI AG,AUDI A6 3.0 TDI QUATTRO BSIV,AUDI,AUDI A6 3.0 TDI QUATTRO BSIV,AUDI A6 3.0 TDI,AUDI A6 3.0 TDI
AUDI AG,A4 35 TDI,AUDI,A4 35 TDI,AUDI A4 TDI,AUDI A4 TDI
AUDI AG,AUDI  A4 2.0TDI,AUDI,AUDI A4 2.0 TDI,AUDI A4 2.0 TDI,AUDI A4 2.0 TDI
AUDI AG,1,AUDI,1,AUDI OTHER,AUDI OTHER
AUDI AG D-85045 INGOLSTADT,AUDI A4 40 TFSI (PREMIUM PLUS),AUDI,AUDI A4 40 TFSI (PREMIUM PLUS),AUDI A4 TFSI,AUDI A4 TFSI
AUDI CAR IMPORTED,AUDI Q3 2.0 TDI QUATTRO,AUDI,AUDI Q3 2.0 TDI QUATTRO,AUDI Q3 QUATTRO,AUDI Q3 QUATTRO
AUDI AG,AUDI A 42.0 TDI,AUDI,AUDI A42.0 TDI,AUDI A4 2.0 TDI,AUDI A4 2.0 TDI
AUDI AG D-85045 INGOLSTADT,AUDI Q7 55 TFSI QUATTRO (PREMI,AUDI,AUDI Q7 55 TFSI QUATTRO (PREMI,AUDI Q7,AUDI Q7
AUDI AG,AUDI A6 2.0 TDI,AUDI,AUDI A6 2.0 TDI,AUDI A6 2.0 TDI,AUDI A6 2.0 TDI
AUDI AG,AUDI A6 2.0TDI,AUDI,AUDI A6 2.0 TDI,AUDI A6 2.0 TDI,AUDI A6 2.0 TDI
AUDI AG,AUDI Q7 45 TFSI,AUDI,AUDI Q7 45 TFSI,AUDI Q7 TDI,AUDI Q7 TDI
AUDI AG,AUDI A4 1.8 TFSI MULTI,AUDI,AUDI A4 1.8 TFSI MULTI,AUDI A4 1.8,AUDI A4 1.8
AUDI AG,AUDI Q5 30 TDI QUATTRO AT,AUDI,AUDI Q5 30 TDI QUATTRO AT,AUDI Q5 QUATTRO,AUDI Q5 QUATTRO
AUDI AG,AUDI A42.0,AUDI,AUDI A42.0,AUDI A4,AUDI A4
AUDI AG,AUDI Q3 QUATTRO 2.0TDI BS-IV,AUDI,AUDI Q3 QUATTRO 2.0 TDI BS-IV,AUDI Q3 QUATTRO,AUDI Q3 QUATTRO
AUDI AG,"A6 SALOON 2.0 TDI, BSIV",AUDI,"A6 SALOON 2.0 TDI, BSIV",AUDI A6 2.0 TDI,AUDI A6 2.0 TDI
AUDI AG,AUDI Q7 45 TDI QUATTRO ( AT ),AUDI,AUDI Q7 45 TDI QUATTRO ( AT ),AUDI Q7 TDI,AUDI Q7 TDI
AUDI AG,Q3 2.0 TDI Q MULTITRONIC BS4,AUDI,Q3 2.0 TDI Q MULTITRONIC BS4,AUDI Q3 QUATTRO,AUDI Q3 QUATTRO
AUDI AG D-85045 INGOLSTADT,AUDI Q3 30 TFSI BSIV,AUDI,AUDI Q3 30 TFSI BSIV,AUDI Q3,AUDI Q3
AUDI AG,AUDI A6 35 TFSI,AUDI,AUDI A6 35 TFSI,AUDI A6,AUDI A6
AUDI AG,Q3 2.0 TDI,AUDI,Q3 2.0 TDI,AUDI Q3 2.0 TDI,AUDI Q3 2.0 TDI
AUDI AG,AUDI A4 2.0 TDI,AUDI,AUDI A4 2.0 TDI,AUDI A4 2.0 TDI,AUDI A4 2.0 TDI
AUDI AG,Q7 3.0 TDI QUA AT ,AUDI,Q7 3.0 TDI QUA AT,AUDI Q7 TDI,AUDI Q7 TDI
AUDI AG,AUDI Q5 3.0 TDI BS4,AUDI,AUDI Q5 3.0 TDI BS4,AUDI Q5 3.0,AUDI Q5 3.0
AUDI AG,AUDI Q3 30 TFSI BSIV,AUDI,AUDI Q3 30 TFSI BSIV,AUDI Q3,AUDI Q3
AUDI AG,"Q3 35 TDI, BSIV",AUDI,"Q3 35 TDI, BSIV",AUDI Q3 TDI,AUDI Q3 TDI
AUDI AG,AUDI Q5 2.0 TDI QUATRO AUTOMAT,AUDI,AUDI Q5 2.0 TDI QUATRO AUTOMAT,AUDI Q5 2.0 TDI,AUDI Q5 2.0 TDI
AUDI AG,AUDI Q 7,AUDI,AUDI Q7,AUDI Q7,AUDI Q7
AUDI AG,AUDI Q3 2.0 TDI QUATTRO BSIV,AUDI,AUDI Q3 2.0 TDI QUATTRO BSIV,AUDI Q3 QUATTRO,AUDI Q3 QUATTRO
AUDI AG,AUDI A4 35 TDI PREMI,AUDI,AUDI A4 35 TDI PREMI,AUDI A4 TDI,AUDI A4 TDI
AUDI AG,AUDI A6 2.7 TDI,AUDI,AUDI A6 2.7 TDI,AUDI A6 TDI,AUDI A6 TDI
AUDI AG,AUDI A3 35 TDI MULTITRONIC,AUDI,AUDI A3 35 TDI MULTITRONIC,AUDI A3 TDI,AUDI A3 TDI
AUDI AG,VOLKSWAGEN,AUDI,VOLKSWAGEN,AUDI OTHER,AUDI OTHER
AUDI AG,AUDI Q7 3.0 TDI QUATTRO,AUDI,AUDI Q7 3.0 TDI QUATTRO,AUDI Q7 TDI,AUDI Q7 TDI
AUDI AG D-85045 INGOLSTADT,AUDI A4 40 TFSI (TECHNOLOGY) B,AUDI,AUDI A4 40 TFSI (TECHNOLOGY) B,AUDI A4 TFSI,AUDI A4 TFSI
AUDI AG,AUDI Q7 45 TDI QUATTRO 5 INC D,AUDI,AUDI Q7 45 TDI QUATTRO 5 INC D,AUDI Q7 TDI,AUDI Q7 TDI
AUDI AG,AUDI Q7 3.0 TDI QUATTRO AUTOMA,AUDI,AUDI Q7 3.0 TDI QUATTRO AUTOMA,AUDI Q7 TDI,AUDI Q7 TDI
AUDI AG,AUDI Q5 45 TDI,AUDI,AUDI Q5 45 TDI,AUDI Q5 TDI,AUDI Q5 TDI
AUDI AG,AUDI A3 35TFSI M1 BS4,AUDI,AUDI A3 35 TFSI M1 BS4,AUDI A3 TFSI,AUDI A3 TFSI
AUDI AG,AUDI RS 7 PERFORMANC,AUDI,AUDI RS 7 PERFORMANC,AUDI OTHER,AUDI OTHER
AUDI AG,AUDI  A4 35 TDI BSIV,AUDI,AUDI A4 35 TDI BSIV,AUDI A4 TDI,AUDI A4 TDI
AUDI AG D-85045 INGOLSTADT,AUDI A6 35 TDI BSIV,AUDI,AUDI A6 35 TDI BSIV,AUDI A6 TDI,AUDI A6 TDI
AUDI AG,"AUDI A6 2.0 TDI, BS-IV",AUDI,"AUDI A6 2.0 TDI, BS-IV",AUDI A6 2.0 TDI,AUDI A6 2.0 TDI
AUDI AG,AUDI A8 L  3.0  TDI QUATTRO,AUDI,AUDI A8 L  3.0 TDI QUATTRO,AUDI A8L 3.0 TDI,AUDI A8L 3.0 TDI
AUDI AG,AUDI Q3 35 TDI BS IV,AUDI,AUDI Q3 35 TDI BS IV,AUDI Q3 TDI,AUDI Q3 TDI
AUDI AG,LMV- MOTOR CAR  AUDI A4 35 TDI,AUDI,LMV- MOTOR CAR  AUDI A4 35 TDI,AUDI A4 TDI,AUDI A4 TDI
AUDI AG,AUDI A63.0 TDI,AUDI,AUDI A63.0 TDI,AUDI A6 3.0 TDI,AUDI A6 3.0 TDI
AUDI - IMPORTED,AUDI Q7,AUDI,AUDI Q7,AUDI Q7,AUDI Q7
AUDI AG,AUDI Q7 35 TDI [BS IV],AUDI,AUDI Q7 35 TDI [BS IV],AUDI Q7 TDI,AUDI Q7 TDI
AUDI AG,AUDI A5 CABRIO 35 TDI,AUDI,AUDI A5 CABRIO 35 TDI,AUDI OTHER,AUDI OTHER
AUDI AG,AUDI  A4,AUDI,AUDI A4,AUDI A4,AUDI A4
AUDI AG,A4 1.8T AUDI,AUDI,A4 1.8T AUDI,AUDI A4 1.8,AUDI A4 1.8
M/S AUDI SPORT GMBH,AUDI RS5 COUPE BSIV,AUDI,AUDI RS5 COUPE BSIV,AUDI S5,AUDI S5
AUDI AG,AUDI A8L 3.0 TDI,AUDI,AUDI A8L 3.0 TDI,AUDI A8L 3.0 TDI,AUDI A8L 3.0 TDI
AUDI AG,AUDI A6 2.0,AUDI,AUDI A6 2.0,AUDI A6,AUDI A6
AUDI AG,AUDI Q3 35 TDI QUATTRO BS IV,AUDI,AUDI Q3 35 TDI QUATTRO BS IV,AUDI Q3 QUATTRO,AUDI Q3 QUATTRO
AUDI AG,AUDI Q5 Â 20 TDI BSIV,AUDI,AUDI Q5 Â 20 TDI BSIV,AUDI Q5 TDI,AUDI Q5 TDI
AUDI AG,AUDI Q7 35 TDI QUATTRO,AUDI,AUDI Q7 35 TDI QUATTRO,AUDI Q7 TDI,AUDI Q7 TDI
AUDI AG,AUDI A8 L 55 TFSI QUATTRO,AUDI,AUDI A8 L 55 TFSI QUATTRO,AUDI A8L,AUDI A8L
AUDI AG,A6 35 TDI,AUDI,A6 35 TDI,AUDI A6 TDI,AUDI A6 TDI
AUDI AG,AUDI Q7 4.2 TDI,AUDI,AUDI Q7 4.2 TDI,AUDI Q7 TDI,AUDI Q7 TDI
AUDI AG,AUDI Q7 3.5 TDI QUATTRO AT,AUDI,AUDI Q7 3.5 TDI QUATTRO AT,AUDI Q7 TDI,AUDI Q7 TDI
AUDI AG,AUDI   A4  2.0 TDI,AUDI,AUDI A4  2.0 TDI,AUDI A4 2.0 TDI,AUDI A4 2.0 TDI
AUDI AG,AUDI A4  35  TFSI,AUDI,AUDI A4  35  TFSI,AUDI A4 TFSI,AUDI A4 TFSI
AUDI AG,,AUDI,,AUDI OTHER,AUDI OTHER
AUDI AG,Q8 50 E-TRON,AUDI,Q8 50 E-TRON,AUDI OTHER,AUDI OTHER
AUDI AG,AUDI A6 35 TDI BSIV,AUDI,AUDI A6 35 TDI BSIV,AUDI A6 TDI,AUDI A6 TDI
AUDI AG,AUDI A 4  2.0 TDI,AUDI,AUDI A4  2.0 TDI,AUDI A4 2.0 TDI,AUDI A4 2.0 TDI
AUDI AG,NEW AUDI Q3 2.0 TDI ,AUDI,AUDI Q3 2.0 TDI,AUDI Q3 2.0 TDI,AUDI Q3 2.0 TDI
AUDI AG,Q5 2.0 TDIQ,AUDI,Q5 2.0 TDIQ,AUDI Q5 2.0 TDI,AUDI Q5 2.0 TDI
AUDI AG,AUDI Q7 45 TDI QUATTRO(AUTOMAT,AUDI,AUDI Q7 45 TDI QUATTRO(AUTOMAT,AUDI Q7 TDI,AUDI Q7 TDI
AUDI AG,Q5 30 TDI,AUDI,Q5 30 TDI,AUDI Q5 TDI,AUDI Q5 TDI
AUDI AG,AUDI Q3 2.0 TDI BS IV,AUDI,AUDI Q3 2.0 TDI BS IV,AUDI Q3 2.0 TDI,AUDI Q3 2.0 TDI
AUDI AG,AUDI Q3 2.0 Q. A. TDI CBU,AUDI,AUDI Q3 2.0 Q. A. TDI CBU,AUDI Q3 2.0 TDI,AUDI Q3 2.0 TDI
AUDI AG,AUDI R8 4.2 FSI V8 316 AMG CBU,AUDI,AUDI R8 4.2 FSI V8 316 AMG CBU,AUDI R8,AUDI R8
AUDI AG,AUDI A8 3.0 TDI,AUDI,AUDI A8 3.0 TDI,AUDI A8L 3.0 TDI,AUDI A8L 3.0 TDI
AUDI AG,AUDI Q3 2.0 TDI Q,AUDI,AUDI Q3 2.0 TDI Q,AUDI Q3 2.0 TDI,AUDI Q3 2.0 TDI
AUDI AG,AUDI A4 35 TDI PRIMIUM,AUDI,AUDI A4 35 TDI PRIMIUM,AUDI A4 TDI,AUDI A4 TDI
AUDI AG D-85045 INGOLSTADT,AUDI Q3 30 TDI BSIV,AUDI,AUDI Q3 30 TDI BSIV,AUDI Q3 TDI,AUDI Q3 TDI
AUDI AG,AUDI Q 7 35 TDI,AUDI,AUDI Q7 35 TDI,AUDI Q7 TDI,AUDI Q7 TDI
AUDI AG,AUDI A4 1 8 TFSI MULTITRONIC,AUDI,AUDI A4 1 8 TFSI MULTITRONIC,AUDI A4 TFSI,AUDI A4 TFSI
AUDI AG,AUDI A 4 2 .0 TDI 5SEAT BSIII,AUDI,AUDI A4 2 .0 TDI 5SEAT BSIII,AUDI A4 TDI,AUDI A4 TDI
AUDI AG,AUDI Q5 2.0 TDI QA,AUDI,AUDI Q5 2.0 TDI QA,AUDI Q5 2.0 TDI,AUDI Q5 2.0 TDI
AUDI AG,AUDI A4,AUDI,AUDI A4,AUDI A4,AUDI A4
AUDI AG,A8 4.0 TFSI,AUDI,A8 4.0 TFSI,AUDI A8L,AUDI A8L
AUDI AG,AUDI Q7 3.0 TDI,AUDI,AUDI Q7 3.0 TDI,AUDI Q7 TDI,AUDI Q7 TDI
AUDI AG,AUDI A3,AUDI,AUDI A3,AUDI A3,AUDI A3
AUDI AG,"AUDI AG, AUDI A4 1.8 TFSI MULTITRONIC B",AUDI,AUDI A4 1.8 TFSI MULTITRONIC B,AUDI A4 1.8,AUDI A4 1.8
AUDI AG,AUDI A4  2.0 TDI,AUDI,AUDI A4  2.0 TDI,AUDI A4 2.0 TDI,AUDI A4 2.0 TDI
AUDI AG,AUDI Q7 35 TDI QUATTRO AUTM6IN,AUDI,AUDI Q7 35 TDI QUATTRO AUTM6IN,AUDI Q7 TDI,AUDI Q7 TDI
AUDI AG,AUDI Q3 20TDIQUATTRO,AUDI,AUDI Q3 20 TDIQUATTRO,AUDI Q3 QUATTRO,AUDI Q3 QUATTRO
AUDI AG,AUDI Q3 2.0 TDI QUATTRO CBU,AUDI,AUDI Q3 2.0 TDI QUATTRO CBU,AUDI Q3 QUATTRO,AUDI Q3 QUATTRO
AUDI AG,Q 3,AUDI,Q3,AUDI Q3,AUDI Q3
AUDI AG,AUDI A4 2.0 TDI (MULTITRONIC,AUDI,AUDI A4 2.0 TDI (MULTITRONIC,AUDI A4 2.0 TDI,AUDI A4 2.0 TDI
AUDI AG,AUDI Q5 2.0 TDI Q BSIV,AUDI,AUDI Q5 2.0 TDI Q BSIV,AUDI Q5 2.0 TDI,AUDI Q5 2.0 TDI
AUDI AG,AUDI Q5 2.0 TDI/30 BSIV,AUDI,AUDI Q5 2.0 TDI/30 BSIV,AUDI Q5 2.0 TDI,AUDI Q5 2.0 TDI
AUDI AG,AUDI A6 2.0 TD BS IV,AUDI,AUDI A6 2.0 TD BS IV,AUDI A6,AUDI A6
AUDI AG,AUDI Q7 3.TDI V6,AUDI,AUDI Q7 3.TDI V6,AUDI Q7 TDI,AUDI Q7 TDI
AUDI AG D-85045 INGOLSTADT,AUDI A6 35 TFSI BSIV,AUDI,AUDI A6 35 TFSI BSIV,AUDI A6,AUDI A6
AUDI AG,AUDI Q3 TDI,AUDI,AUDI Q3 TDI,AUDI Q3 TDI,AUDI Q3 TDI
AUDI AG,A4 2.0,AUDI,A4 2.0,AUDI A4,AUDI A4
AUDI AG,AUDI Q7 3.0 TDI QUAT BS-IV,AUDI,AUDI Q7 3.0 TDI QUAT BS-IV,AUDI Q7 TDI,AUDI Q7 TDI
AUDI AG,LMV- MOTOR CAR  AUDI  Q7 45 TD,AUDI,LMV- MOTOR CAR  AUDI Q7 45 TD,AUDI Q7 TDI,AUDI Q7 TDI
AUDI AG,AUDI Q3 SPORTBACK 40 TFSI QUAT,AUDI,AUDI Q3 SPORTBACK 40 TFSI QUAT,AUDI Q3 QUATTRO,AUDI Q3 QUATTRO
AUDI AG,Q5 QUATTRO TDI 2.0,AUDI,Q5 QUATTRO TDI 2.0,AUDI Q5 2.0 TDI QUATTRO,AUDI Q5 2.0 TDI QUATTRO
AUDI AG,AUDI A4 2.0 TDI MULT,AUDI,AUDI A4 2.0 TDI MULT,AUDI A4 2.0 TDI,AUDI A4 2.0 TDI
AUDI AG,A4 2.0TDI,AUDI,A4 2.0 TDI,AUDI A4 2.0 TDI,AUDI A4 2.0 TDI
AUDI AG D-85045 INGOLSTADT,AUDI A6 45 TFSI BSVI,AUDI,AUDI A6 45 TFSI BSVI,AUDI A6,AUDI A6
AUDI AG,AUDI Q3 35 TDI PREMIUM BS4,AUDI,AUDI Q3 35 TDI PREMIUM BS4,AUDI Q3 TDI,AUDI Q3 TDI
AUDI AG,NEW AUDI A8 3.0 TDI,AUDI,AUDI A8 3.0 TDI,AUDI A8L 3.0 TDI,AUDI A8L 3.0 TDI
AUDI AG,NEW AUDI A4 2.0 TDI,AUDI,AUDI A4 2.0 TDI,AUDI A4 2.0 TDI,AUDI A4 2.0 TDI
AUDI AG,AUDI  - A 6 2.8FSI  BS III,AUDI,AUDI  - A6 2.8FSI  BS III,AUDI A6 2.8 FSI,AUDI A6 2.8 FSI
AUDI AG,AUDI A6 3.0 TDI QUATTRO AUTO,AUDI,AUDI A6 3.0 TDI QUATTRO AUTO,AUDI A6 3.0 TDI,AUDI A6 3.0 TDI
AUDI AG,AUDI A7 SPORT B 3.0 TDI BS-IV,AUDI,AUDI A7 SPORT B 3.0 TDI BS-IV,AUDI OTHER,AUDI OTHER
AUDI AG,AUDI Q7 4.2,AUDI,AUDI Q7 4.2,AUDI Q7,AUDI Q7
AUDI AG,AUDI A4 2.0 TDI ,AUDI,AUDI A4 2.0 TDI,AUDI A4 2.0 TDI,AUDI A4 2.0 TDI
AUDI AG,AUDI A4 2.O TDI  BS III,AUDI,AUDI A4 2.O TDI  BS III,AUDI A4 TDI,AUDI A4 TDI
AUDI AG,AUDI A4 TFSI,AUDI,AUDI A4 TFSI,AUDI A4 TFSI,AUDI A4 TFSI
AUDI AG,"AUDI A6 SALOON 2.0TDI,BSIV",AUDI,"AUDI A6 SALOON 2.0 TDI,BSIV",AUDI A6 2.0 TDI,AUDI A6 2.0 TDI
AUDI AG,AUDI A4 35,AUDI,AUDI A4 35,AUDI A4,AUDI A4
AUDI AG,AUDI Q5 2.0 TDI Q AU,AUDI,AUDI Q5 2.0 TDI Q AU,AUDI Q5 2.0 TDI,AUDI Q5 2.0 TDI
AUDI AG,AUDI A8 3.0 TDI LWB QUATTRO AT,AUDI,AUDI A8 3.0 TDI LWB QUATTRO AT,AUDI A8L 3.0 TDI,AUDI A8L 3.0 TDI
AUDI AG,Q3 2.0 TDIQ,AUDI,Q3 2.0 TDIQ,AUDI Q3 2.0 TDI,AUDI Q3 2.0 TDI
AUDI AG,AUDI  A4 35 TDI PREMIUM(BSIV),AUDI,AUDI A4 35 TDI PREMIUM(BSIV),AUDI A4 TDI,AUDI A4 TDI
AUDI AG,AUDI A5 CABRIOLET 40 TDI,AUDI,AUDI A5 CABRIOLET 40 TDI,AUDI OTHER,AUDI OTHER
AUDI AG,AUDI Q7 4.2 TDI  QUATTRO,AUDI,AUDI Q7 4.2 TDI  QUATTRO,AUDI Q7 TDI,AUDI Q7 TDI
AUDI AG,AUDI A3 40 TFSI,AUDI,AUDI A3 40 TFSI,AUDI A3 TFSI,AUDI A3 TFSI
AUDI AG D-85045 INGOLSTADT,AUDI-S5 BSIV,AUDI,AUDI-S5 BSIV,AUDI S5,AUDI S5
AUDI AG,AUDI A4 30 TFSI,AUDI,AUDI A4 30 TFSI,AUDI A4 TFSI,AUDI A4 TFSI
AUDI AG,AUDI 4.2.0 TFSI,AUDI,AUDI 4.2.0 TFSI,AUDI OTHER,AUDI OTHER
AUDI AG,AUDI Q5 45 TFSI QUATTROTECHBS6,AUDI,AUDI Q5 45 TFSI QUATTROTECHBS6,AUDI Q5 QUATTRO,AUDI Q5 QUATTRO
AUDI AG,AUDI Q 3,AUDI,AUDI Q3,AUDI Q3,AUDI Q3
AUDI AG,AUDI A4 1.8 TFSI MULTITRONIC ,AUDI,AUDI A4 1.8 TFSI MULTITRONIC,AUDI A4 1.8,AUDI A4 1.8
AUDI AG,AUDI Q5 2.0 TFSI QUATTRO,AUDI,AUDI Q5 2.0 TFSI QUATTRO,AUDI Q5 2.0 TDI QUATTRO,AUDI Q5 2.0 TDI QUATTRO
AUDI AG,AUDI A4 35 TFSI,AUDI,AUDI A4 35 TFSI,AUDI A4 TFSI,AUDI A4 TFSI
AUDI AG,AUDI Q5  20 TDI BSIV,AUDI,AUDI Q5  20 TDI BSIV,AUDI Q5 TDI,AUDI Q5 TDI
AUDI AG,AUDI A 4 2.0 TDI,AUDI,AUDI A4 2.0 TDI,AUDI A4 2.0 TDI,AUDI A4 2.0 TDI
AUDI AG,ADUDI Q3 2.0 TDI QUATTRO,AUDI,ADUDI Q3 2.0 TDI QUATTRO,AUDI Q3 QUATTRO,AUDI Q3 QUATTRO
AUDI AG,A42.0 TDI,AUDI,A42.0 TDI,AUDI A4 2.0 TDI,AUDI A4 2.0 TDI
AUDI AG,AUDI A4 TDI,AUDI,AUDI A4 TDI,AUDI A4 TDI,AUDI A4 TDI
AUDI AG,AUDI Q 7 3 .0 TDI,AUDI,AUDI Q7 3 .0 TDI,AUDI Q7 TDI,AUDI Q7 TDI
AUDI AG,AUDI Q3 2 0 TDI QUATTRO,AUDI,AUDI Q3 2 0 TDI QUATTRO,AUDI Q3 QUATTRO,AUDI Q3 QUATTRO
AUDI AG,AUDI Q7 3 TDI BS IV,AUDI,AUDI Q7 3 TDI BS IV,AUDI Q7 TDI,AUDI Q7 TDI
AUDI AG,"AUDI A4 2.0 TDI, BS IV",AUDI,"AUDI A4 2.0 TDI, BS IV",AUDI A4 2.0 TDI,AUDI A4 2.0 TDI
AUDI AG,AUDI A3 35 TFSI BS4,AUDI,AUDI A3 35 TFSI BS4,AUDI A3 TFSI,AUDI A3 TFSI
AUDI AG,AUDI Q3 35 IDI,AUDI,AUDI Q3 35 IDI,AUDI Q3,AUDI Q3
AUDI AG,Q3 2.0TDI,AUDI,Q3 2.0 TDI,AUDI Q3 2.0 TDI,AUDI Q3 2.0 TDI
AUDI AG,AUDI Q3 3.5 TDI QUATTRO,AUDI,AUDI Q3 3.5 TDI QUATTRO,AUDI Q3 QUATTRO,AUDI Q3 QUATTRO
AUDI AG,"A4 2.0 TDI MULTITRONIC, BSIV",AUDI,"A4 2.0 TDI MULTITRONIC, BSIV",AUDI A4 2.0 TDI,AUDI A4 2.0 TDI
AUDI AG,AUDI A6 2.8 FSI CKD,AUDI,AUDI A6 2.8 FSI CKD,AUDI A6 2.8 FSI,AUDI A6 2.8 FSI
AUDI AG,AUDI Q5 3.0 TDI QUATTRO AUTOMA,AUDI,AUDI Q5 3.0 TDI QUATTRO AUTOMA,AUDI Q5 QUATTRO,AUDI Q5 QUATTRO
AUDI AG D-85045 INGOLSTADT,AUDI A4 35 TDI MULTITRONIC BSIV,AUDI,AUDI A4 35 TDI MULTITRONIC BSIV,AUDI A4 TDI,AUDI A4 TDI
AUDI AG,A6 35 TDI BS4,AUDI,A6 35 TDI BS4,AUDI A6 TDI,AUDI A6 TDI
AUDI AG,Audi A4 35 TDI Multitronic,AUDI,AUDI A4 35 TDI MULTITRONIC,AUDI A4 TDI,AUDI A4 TDI
AUDI AG,AUDI Q3 QUATTRO TDI BS 4,AUDI,AUDI Q3 QUATTRO TDI BS 4,AUDI Q3 QUATTRO,AUDI Q3 QUATTRO
AUDI AG,AUDI RS 7 4.0L TFSI QUATTRO,AUDI,AUDI RS 7 4.0L TFSI QUATTRO,AUDI TT,AUDI TT
AUDI AG,AUDIQ3 35 TDI,AUDI,AUDIQ3 35 TDI,AUDI Q3 TDI,AUDI Q3 TDI
AUDI AG,AUDI Q5 30 TDI,AUDI,AUDI Q5 30 TDI,AUDI Q5 TDI,AUDI Q5 TDI
AUDI AG,AUDI Q3 35 TDI QUA.,AUDI,AUDI Q3 35 TDI QUA.,AUDI Q3 TDI,AUDI Q3 TDI
AUDI AG,AUDI A8 4.2 FSI,AUDI,AUDI A8 4.2 FSI,AUDI A8L,AUDI A8L
AUDI AG,AUDI A6 35 TDI BS IV,AUDI,AUDI A6 35 TDI BS IV,AUDI A6 TDI,AUDI A6 TDI
AUDI AG,Audi A6 35 TDI,AUDI,AUDI A6 35 TDI,AUDI A6 TDI,AUDI A6 TDI
AUDI AG,AUDI A3 40 TFSI LIMOUSINE,AUDI,AUDI A3 40 TFSI LIMOUSINE,AUDI A3 LIMOUSINE,AUDI A3 LIMOUSINE
AUDI AG,AUDI A6 3 TDI QUATTRO BS IV,AUDI,AUDI A6 3 TDI QUATTRO BS IV,AUDI A6 TDI,AUDI A6 TDI
AUDI AG,AUDI Q3 2.0 TDI BS4,AUDI,AUDI Q3 2.0 TDI BS4,AUDI Q3 2.0 TDI,AUDI Q3 2.0 TDI
AUDI AG,AUDI Q3 35 TDI QUATTRO BSIV,AUDI,AUDI Q3 35 TDI QUATTRO BSIV,AUDI Q3 QUATTRO,AUDI Q3 QUATTRO
AUDI AG,AUDI   A 3  35 TDI  LIMOUSINE,AUDI,AUDI   A3  35 TDI  LIMOUSINE,AUDI A3 LIMOUSINE,AUDI A3 LIMOUSINE
AUDI AG,AUDI A8,AUDI,AUDI A8,AUDI A8L,AUDI A8L
AUDI AG,AUDI A3 2.0 TDI LIMOUSINE,AUDI,AUDI A3 2.0 TDI LIMOUSINE,AUDI A3 LIMOUSINE,AUDI A3 LIMOUSINE
AUDI AG,AUDI A6  3.0 TDI,AUDI,AUDI A6  3.0 TDI,AUDI A6 3.0 TDI,AUDI A6 3.0 TDI
AUDI AG D-85045 INGOLSTADT,AUDI Q7 45 TDI QUATTRO(AUTOMAT,AUDI,AUDI Q7 45 TDI QUATTRO(AUTOMAT,AUDI Q7 TDI,AUDI Q7 TDI
AUDI AG,AUDI Q3 40 TFSI Q PRM PLS,AUDI,AUDI Q3 40 TFSI Q PRM PLS,AUDI Q3,AUDI Q3
AUDI AG,AUDI A6 35 TDI CKD,AUDI,AUDI A6 35 TDI CKD,AUDI A6 TDI,AUDI A6 TDI
AUDI AG,AUDI A4 1.8 TFSI MULTITRONIC,AUDI,AUDI A4 1.8 TFSI MULTITRONIC,AUDI A4 1.8,AUDI A4 1.8
AUDI AG,AUDI A6 2.O TDI,AUDI,AUDI A6 2.O TDI,AUDI A6 TDI,AUDI A6 TDI
AUDI AG,AUDI Q5 3.0 TDI,AUDI,AUDI Q5 3.0 TDI,AUDI Q5 3.0,AUDI Q5 3.0
AUDI AG,Q3   35  TDI,AUDI,Q3   35 TDI,AUDI Q3 TDI,AUDI Q3 TDI
AUDI AG,AUDI Q3 30  TFSI BS IV,AUDI,AUDI Q3 30  TFSI BS IV,AUDI Q3,AUDI Q3
AUDI AG,AUDI MOTORS,AUDI,AUDI MOTORS,AUDI OTHER,AUDI OTHER
AUDI AG,AUDI MODEL Q3 35 TDI,AUDI,AUDI MODEL Q3 35 TDI,AUDI Q3 TDI,AUDI Q3 TDI
AUDI AG,A8L 3.0,AUDI,A8L 3.0,AUDI A8L,AUDI A8L
AUDI AG,AUDI A8 L 4.2 FSI,AUDI,AUDI A8 L 4.2 FSI,AUDI A8L,AUDI A8L
AUDI AG,AUDI Q5 3.0 TDI QUATTRO AT,AUDI,AUDI Q5 3.0 TDI QUATTRO AT,AUDI Q5 QUATTRO,AUDI Q5 QUATTRO
AUDI AG,Q3 2.0,AUDI,Q3 2.0,AUDI Q3,AUDI Q3
AUDI AG,AUDI Q3 35 TDIQ,AUDI,AUDI Q3 35 TDIQ,AUDI Q3 TDI,AUDI Q3 TDI
AUDI AG,AUDI Q7,AUDI,AUDI Q7,AUDI Q7,AUDI Q7
AUDI AG,AUDI A3 35 TDI BSIV,AUDI,AUDI A3 35 TDI BSIV,AUDI A3 TDI,AUDI A3 TDI
AUDI AG,TT COUPE 45 TFSI QUAT S TRONIC,AUDI,TT COUPE 45 TFSI QUAT S TRONIC,AUDI TT COUPE QUATTRO,AUDI TT COUPE QUATTRO
AUDI AG,AUDI A4 35TDI,AUDI,AUDI A4 35 TDI,AUDI A4 TDI,AUDI A4 TDI
AUDI AG,NEW AUDI Q3 2.0TDI,AUDI,AUDI Q3 2.0 TDI,AUDI Q3 2.0 TDI,AUDI Q3 2.0 TDI
AUDI AG,AUDI A6,AUDI,AUDI A6,AUDI A6,AUDI A6
AUDI AG,AUDI A 6 2.0TDI,AUDI,AUDI A6 2.0 TDI,AUDI A6 2.0 TDI,AUDI A6 2.0 TDI
AUDI AG,AUDI Q5 2.0 TDI QUATTRO AUTO,AUDI,AUDI Q5 2.0 TDI QUATTRO AUTO,AUDI Q5 2.0 TDI QUATTRO,AUDI Q5 2.0 TDI QUATTRO
AUDI AG,Q3 35 TDI,AUDI,Q3 35 TDI,AUDI Q3 TDI,AUDI Q3 TDI
AUDI AG,AUDI Q7 3.0 TDIQUATTROBSIV,AUDI,AUDI Q7 3.0 TDIQUATTROBSIV,AUDI Q7 TDI,AUDI Q7 TDI
AUDI AG,A4 2.0 I4 130 A8M,AUDI,A4 2.0 I4 130 A8M,AUDI A4,AUDI A4
AUDI AG,AUDI Q5 2.0,AUDI,AUDI Q5 2.0,AUDI Q5,AUDI Q5
AUDI AG,Q5 QUAT TDI 2.0,AUDI,Q5 QUAT TDI 2.0,AUDI Q5 2.0 TDI QUATTRO,AUDI Q5 2.0 TDI QUATTRO
AUDI AG,AUDI A4 2.0 TFSI MULTITRONIC,AUDI,AUDI A4 2.0 TFSI MULTITRONIC,AUDI A4 TFSI,AUDI A4 TFSI
AUDI AG,Audi Q5 30 TDI quattro,AUDI,AUDI Q5 30 TDI QUATTRO,AUDI Q5 QUATTRO,AUDI Q5 QUATTRO
AUDI AG,"A4 SALOON 2.0 TDI, BS IV",AUDI,"A4 SALOON 2.0 TDI, BS IV",AUDI A4 2.0 TDI,AUDI A4 2.0 TDI
AUDI AG,AUDI MODEL A4  2.0 TDI,AUDI,AUDI MODEL A4  2.0 TDI,AUDI A4 2.0 TDI,AUDI A4 2.0 TDI
AUDI AG,AUDI Q3 35 TDI CKD,AUDI,AUDI Q3 35 TDI CKD,AUDI Q3 TDI,AUDI Q3 TDI
AUDI AG D-85045 INGOLSTADT,AUDI Q2 40 TFSI QUATTRO BSVI,AUDI,AUDI Q2 40 TFSI QUATTRO BSVI,AUDI TT,AUDI TT
AUDI AG,AUDI Q 7 3.0 TDI,AUDI,AUDI Q7 3.0 TDI,AUDI Q7 TDI,AUDI Q7 TDI
AUDI AG,AUDI A4 2.0 T,AUDI,AUDI A4 2.0 T,AUDI A4,AUDI A4
AUDI AG,AUDI LMV,AUDI,AUDI LMV,AUDI OTHER,AUDI OTHER
AUDI AG,AUDI RS 5 SPORTBACK,AUDI,AUDI RS 5 SPORTBACK,AUDI OTHER,AUDI OTHER
AUDI AG,AUDI 2.7 TDI,AUDI,AUDI 2.7 TDI,AUDI OTHER,AUDI OTHER
AUDI AG,"AUDI 6 SALOON 2.0 TDI,BSIV",AUDI,"AUDI 6 SALOON 2.0 TDI,BSIV",AUDI OTHER,AUDI OTHER
AUDI AG,AUDI Q3 30 TDI,AUDI,AUDI Q3 30 TDI,AUDI Q3 TDI,AUDI Q3 TDI
AUDI AG,AUDI Q3 40 TFSI Q TECH,AUDI,AUDI Q3 40 TFSI Q TECH,AUDI Q3,AUDI Q3
AUDI AG,AUDI AG Q5 2.0 TDI,AUDI,Q5 2.0 TDI,AUDI Q5 2.0 TDI,AUDI Q5 2.0 TDI
AUDI AG,AUDI Q3  2.0 TDI,AUDI,AUDI Q3  2.0 TDI,AUDI Q3 2.0 TDI,AUDI Q3 2.0 TDI
AUDI AG,AUDI Q5  3.0  TDI,AUDI,AUDI Q5  3.0 TDI,AUDI Q5 3.0,AUDI Q5 3.0
AUDI AG,AUDI A4 1.8 T M,AUDI,AUDI A4 1.8 T M,AUDI A4 1.8,AUDI A4 1.8
AUDI AG,AUDI A8 L 3.0 TDI QUATTRO,AUDI,AUDI A8 L 3.0 TDI QUATTRO,AUDI A8L 3.0 TDI,AUDI A8L 3.0 TDI
AUDI AG,AUDI Q3,AUDI,AUDI Q3,AUDI Q3,AUDI Q3
AUDI AG,AUDI BECOJH,AUDI,AUDI BECOJH,AUDI OTHER,AUDI OTHER
AUDI CAR IMPORTED,AUDI A3 35 TDI LIMOUSINE BSIV,AUDI,AUDI A3 35 TDI LIMOUSINE BSIV,AUDI A3 LIMOUSINE,AUDI A3 LIMOUSINE
AUDI AG,AUDI A7 3.0 TDI,AUDI,AUDI A7 3.0 TDI,AUDI OTHER,AUDI OTHER
AUDI AG,AUDI Q3 2.0 TDI,AUDI,AUDI Q3 2.0 TDI,AUDI Q3 2.0 TDI,AUDI Q3 2.0 TDI
AUDI AG,AUDI Q5 35 TDI ,AUDI,AUDI Q5 35 TDI,AUDI Q5 TDI,AUDI Q5 TDI
AUDI AG,AUDI MODEL A3 35  TDI,AUDI,AUDI MODEL A3 35 TDI,AUDI A3 TDI,AUDI A3 TDI
AUDI AG,AUDI A4 35 TDI EURO IV,AUDI,AUDI A4 35 TDI EURO IV,AUDI A4 TDI,AUDI A4 TDI
AUDI AG,..AUDI,AUDI,..AUDI,AUDI OTHER,AUDI OTHER
AUDI AG,A4 1.8TFSI,AUDI,A4 1.8 TFSI,AUDI A4 1.8,AUDI A4 1.8
AUDI AG,AUDI A 4 1.8 T,AUDI,AUDI A4 1.8 T,AUDI A4 1.8,AUDI A4 1.8
AUDI AG,AUDI A4 2.0 TFSI,AUDI,AUDI A4 2.0 TFSI,AUDI A4 TFSI,AUDI A4 TFSI
AUDI AG,AUDI A6 2.0 TDI BS IV,AUDI,AUDI A6 2.0 TDI BS IV,AUDI A6 2.0 TDI,AUDI A6 2.0 TDI
AUDI AG,AUDI A4 1.8 FSI,AUDI,AUDI A4 1.8 FSI,AUDI A4 1.8,AUDI A4 1.8
AUDI AG,"Q5 3,0 TDI QUATTRO AUTOMATIC",AUDI,"Q5 3,0 TDI QUATTRO AUTOMATIC",AUDI Q5 QUATTRO,AUDI Q5 QUATTRO
AUDI AG,AUDI Q7 30 TDI ,AUDI,AUDI Q7 30 TDI,AUDI Q7 TDI,AUDI Q7 TDI
AUDI AG D-85045 INGOLSTADT,AUDI A3 35 TFSI BSIV,AUDI,AUDI A3 35 TFSI BSIV,AUDI A3 TFSI,AUDI A3 TFSI
AUDI AG,AUDI A5,AUDI,AUDI A5,AUDI OTHER,AUDI OTHER
AUDI AG,AUDI A4 35 TDI BS4,AUDI,AUDI A4 35 TDI BS4,AUDI A4 TDI,AUDI A4 TDI
AUDI AG,AUDI A4 35 TDI-BSIV,AUDI,AUDI A4 35 TDI-BSIV,AUDI A4 TDI,AUDI A4 TDI
AUDI AG,Q3 2.0 TDI QUATTRO AUTOMATIC ,AUDI,Q3 2.0 TDI QUATTRO AUTOMATIC,AUDI Q3 QUATTRO,AUDI Q3 QUATTRO
AUDI AG D-85045 INGOLSTADT,AUDI A4 30TFSI BSIV,AUDI,AUDI A4 30 TFSI BSIV,AUDI A4 TFSI,AUDI A4 TFSI
AUDI AG,AUDI Q3 QUATTRO 2.0 TDI BS-IV,AUDI,AUDI Q3 QUATTRO 2.0 TDI BS-IV,AUDI Q3 QUATTRO,AUDI Q3 QUATTRO
AUDI AG,AUDI E-TRON SPORTBACK 55,AUDI,AUDI E-TRON SPORTBACK 55,AUDI OTHER,AUDI OTHER
AUDI AG,TT QUATTRO 2.0 TFSI,AUDI,TT QUATTRO 2.0 TFSI,AUDI TT,AUDI TT
AUDI AG,AUDI Q5 45 TFSI ,AUDI,AUDI Q5 45 TFSI,AUDI Q5 TFSI,AUDI Q5 TFSI
AUDI AG,AUDI A4 35 TDI MULTITRONIC,AUDI,AUDI A4 35 TDI MULTITRONIC,AUDI A4 TDI,AUDI A4 TDI
AUDI AG,"Q3 QUATTRO 2.0 TDI, BS IV",AUDI,"Q3 QUATTRO 2.0 TDI, BS IV",AUDI Q3 QUATTRO,AUDI Q3 QUATTRO
AUDI AG,AUDI E-TRON 50,AUDI,AUDI E-TRON 50,AUDI OTHER,AUDI OTHER
AUDI AG,AUDI A8 4.2FSI,AUDI,AUDI A8 4.2FSI,AUDI A8L,AUDI A8L
AUDI AG,A8 3.0 TDI,AUDI,A8 3.0 TDI,AUDI A8L 3.0 TDI,AUDI A8L 3.0 TDI
AUDI AG,AUDI Q3 TDI Q MULTITRONICS,AUDI,AUDI Q3 TDI Q MULTITRONICS,AUDI Q3 TDI,AUDI Q3 TDI
AUDI AG,A 6 35 TDI,AUDI,A6 35 TDI,AUDI A6 TDI,AUDI A6 TDI
AUDI AG,AUDI Q3 30 TFSI BS IV,AUDI,AUDI Q3 30 TFSI BS IV,AUDI Q3,AUDI Q3
AUDI AG,Audi A4 35 TFSI Multitronic,AUDI,AUDI A4 35 TFSI MULTITRONIC,AUDI A4 TFSI,AUDI A4 TFSI
AUDI AG,Q7.3 TDI,AUDI,Q7.3 TDI,AUDI Q7 TDI,AUDI Q7 TDI
AUDI AG,"AUDI A6  2.0 TDI, BS-IV",AUDI,"AUDI A6  2.0 TDI, BS-IV",AUDI A6 2.0 TDI,AUDI A6 2.0 TDI
AUDI AG,AUDI Q3  35 TDI,AUDI,AUDI Q3  35 TDI,AUDI Q3 TDI,AUDI Q3 TDI
AUDI AG,AUDI A6 2TDI,AUDI,AUDI A6 2 TDI,AUDI A6 TDI,AUDI A6 TDI
AUDI AG,AUDI A3 40 TFSI CABRIOLET BS,AUDI,AUDI A3 40 TFSI CABRIOLET BS,AUDI A3 CABRIOLET,AUDI A3 CABRIOLET
AUDI AG,Q3   2.0  TDI,AUDI,Q3   2.0 TDI,AUDI Q3 2.0 TDI,AUDI Q3 2.0 TDI
AUDI AG,AUDI A6 3.0 TDI,AUDI,AUDI A6 3.0 TDI,AUDI A6 3.0 TDI,AUDI A6 3.0 TDI
AUDI AG,A8 3.0 TDI LWB QUATTRO AUTOMAT,AUDI,A8 3.0 TDI LWB QUATTRO AUTOMAT,AUDI A8L 3.0 TDI,AUDI A8L 3.0 TDI
AUDI AG,AUDI A 4.2 TDI,AUDI,AUDI A4.2 TDI,AUDI A4 TDI,AUDI A4 TDI
AUDI AG,A3 A3 40 TFSI,AUDI,A3 A3 40 TFSI,AUDI A3 TFSI,AUDI A3 TFSI
AUDI AG,AUDI Q7 35 TDI QUATTRO AT,AUDI,AUDI Q7 35 TDI QUATTRO AT,AUDI Q7 TDI,AUDI Q7 TDI
AUDI AG,A3 40 TFSI,AUDI,A3 40 TFSI,AUDI A3 TFSI,AUDI A3 TFSI
AUDI AG,AUDI Q5 35 TDI BS4,AUDI,AUDI Q5 35 TDI BS4,AUDI Q5 TDI,AUDI Q5 TDI
AUDI AG,Q3 35 TDI QUATTRO BSIV,AUDI,Q3 35 TDI QUATTRO BSIV,AUDI Q3 QUATTRO,AUDI Q3 QUATTRO
AUDI AG,AUDI Q3 3.5TDI,AUDI,AUDI Q3 3.5 TDI,AUDI Q3 TDI,AUDI Q3 TDI
AUDI AG,AUDI S5 SB,AUDI,AUDI S5 SB,AUDI S5,AUDI S5
AUDI AG,AUDI Q2,AUDI,AUDI Q2,AUDI OTHER,AUDI OTHER
AUDI AG,AUDIT Q7 45 TDI QUATTRO BSIV,AUDI,AUDIT Q7 45 TDI QUATTRO BSIV,AUDI Q7 TDI,AUDI Q7 TDI
AUDI AG,AUDI Q7 40 TFSI,AUDI,AUDI Q7 40 TFSI,AUDI Q7,AUDI Q7
AUDI AG,AUDI MODEL Q3 2.0 TDI,AUDI,AUDI MODEL Q3 2.0 TDI,AUDI Q3 2.0 TDI,AUDI Q3 2.0 TDI
AUDI AG,AUDI Q5 TFSI,AUDI,AUDI Q5 TFSI,AUDI Q5 TFSI,AUDI Q5 TFSI
AUDI AG,AUDI A3 35 TDI  BS IV,AUDI,AUDI A3 35 TDI  BS IV,AUDI A3 TDI,AUDI A3 TDI
AUDI AG,AUDI A6 35 TDI LIMOUSINE BSIV,AUDI,AUDI A6 35 TDI LIMOUSINE BSIV,AUDI A6 TDI,AUDI A6 TDI
AUDI AG,AUDI Q5 2.0 TDI QUATTRO AUTOMA,AUDI,AUDI Q5 2.0 TDI QUATTRO AUTOMA,AUDI Q5 2.0 TDI QUATTRO,AUDI Q5 2.0 TDI QUATTRO
AUDI AG,AUDI A4 35 TDI BSIV,AUDI,AUDI A4 35 TDI BSIV,AUDI A4 TDI,AUDI A4 TDI
AUDI AG,AUDI Q7 45 TDI QUATTRO,AUDI,AUDI Q7 45 TDI QUATTRO,AUDI Q7 TDI,AUDI Q7 TDI
AUDI AG,AUDI E-TRON 55,AUDI,AUDI E-TRON 55,AUDI OTHER,AUDI OTHER
AUDI AG,AUDI Q7 3.0 TDI BSIV,AUDI,AUDI Q7 3.0 TDI BSIV,AUDI Q7 TDI,AUDI Q7 TDI
AUDI AG,AUDI Q7 3.0 TDIQ,AUDI,AUDI Q7 3.0 TDIQ,AUDI Q7 TDI,AUDI Q7 TDI
AUDI AG,AUDI A4 1.8 TFSI,AUDI,AUDI A4 1.8 TFSI,AUDI A4 1.8,AUDI A4 1.8
AUDI AG,AUDI  A4 35 TDI BS IV,AUDI,AUDI A4 35 TDI BS IV,AUDI A4 TDI,AUDI A4 TDI
AUDI AG,AUDI MODE3L A6 2.0 TDI,AUDI,AUDI MODE3L A6 2.0 TDI,AUDI A6 2.0 TDI,AUDI A6 2.0 TDI
