clean_model,extracted_model
AUDI MODEL A6 2.0 TDI,AUDI A6 2.0 TDI
AUDI A4 1.8,AUDI A4 1.8
AUDI Q3 30 TDI S EDI,AUDI Q3 TDI
AUDI A6 2 TDI,AUDI A6 TDI
AUDI Q7 TDI,AUDI Q7 TDI
AUDI A42.0 TDI,AUDI A4 2.0 TDI
9,AUDI OTHER
AUDI Q7 TDI,AUDI Q7 TDI
Q3 TDI 2.0,AUDI Q3 2.0 TDI
Q3 35 TDI BSIV,AUDI Q3 TDI
AUDI A4 3.0 TDI,AUDI A4 TDI
AUDI Q3  0 TDI,AUDI Q3 TDI
AUDI Q3 TDI QUATTRO,AUDI Q3 QUATTRO
A4 2 TDI,AUDI A4 TDI
AUDI Q5 30 TDI EIV,AUDI Q5 TDI
AUDI Q7 35 TDI,AUDI Q7 TDI
AUDI Q5 2.0 TDI Q MULTITRONIC,AUDI Q5 2.0 TDI QUATTRO
A3 40 TFSI CABRIOLET,AUDI A3 CABRIOLET
AUDI A8L 3.0 TDI,AUDI A8L 3.0 TDI
AUDI TT COUPE 2.0 TFSI QUATTRO,AUDI TT COUPE QUATTRO
AUDI A3 35 TDI LIMOUSINE BSI,AUDI A3 LIMOUSINE
AUDI A4 35 TFSI BSIV,AUDI A4 TFSI
AUDI A4 2.0,AUDI A4
AUDI Q5  2.0 TDI QUATTRO,AUDI Q5 2.0 TDI QUATTRO
AUDI A4 30 TFSL,AUDI A4
AUDI R8 QUATTRO 42,AUDI TT
AUDI A6 35 TDI LIMOUSINE BS IV,AUDI A6 TDI
AUDI S5 BSIV,AUDI S5
AUDI A3 35 TFSI CABRIOLET,AUDI A3 CABRIOLET
AUDI Q5.2.0 TFSI QUATTRO,AUDI Q5 2.0 TDI QUATTRO
AUDI A8L 50 TDI,AUDI A8L TDI
AUDI A42.0 TDI,AUDI A4 2.0 TDI
AUDI A4 30 TFSI BSIII,AUDI A4 TFSI
AUDI Q3 PI2 30 TDI PR,AUDI Q3 TDI
AUDI A6 3.0 TDI,AUDI A6 3.0 TDI
Q5 2.0 TDI QUATTRO BS IV,AUDI Q5 2.0 TDI QUATTRO
A3 35 TDI,AUDI A3 TDI
AUDI Q7 45 TDI,AUDI Q7 TDI
AUDI Q3 2.0 TDI QUATTRO,AUDI Q3 QUATTRO
AUDI Q5 2.0 TDI QUAT BS IV,AUDI Q5 2.0 TDI QUATTRO
A4 35 TFSI,AUDI A4 TFSI
AUDI Q5 35 TDI,AUDI Q5 TDI
AUDI A3 35 TDI LIMOUSINE BSIV,AUDI A3 LIMOUSINE
AUDI Q5 3.0,AUDI Q5 3.0
AUDIQ74-2,AUDI Q7
LMV- MOTOR CAR AUDI A6 35 TDI,AUDI A6 TDI
AUDI CAR,AUDI OTHER
AUDI Q5 30 TDI QUATTRO,AUDI Q5 QUATTRO
AUDI Q7 3.0,AUDI Q7 TDI
AUDI A4 2.0 TDI MULTITRONIC,AUDI A4 2.0 TDI
AUDI A6 2.8 FSI,AUDI A6 2.8 FSI
Q5 2.0 TDI,AUDI Q5 2.0 TDI
AUDI Q3 2.0 TDI Q MULTITRONIC,AUDI Q3 QUATTRO
AUDI A4 40 TFSI (TECHNOLOGY B,AUDI A4 TFSI
AUDI TT COUPE 45 TFSI QUATTRO,AUDI TT COUPE QUATTRO
A6 3.0 TDI,AUDI A6 3.0 TDI
AUDI A6,AUDI A6
AUDI Q3 2 0 TDI,AUDI Q3 TDI
A8 30 TDI LWB,AUDI A8L TDI
AUDI A4 35 TDI,AUDI A4 TDI
AUDI Q5 2.0 TFSI  BSIV,AUDI Q5 TFSI
AUDI A5 40 TDI,AUDI OTHER
AUDI Q5 3.0 TDI QUATTRO,AUDI Q5 QUATTRO
A4 2.0 TFSI,AUDI A4 TFSI
AUDI A6 3.5 TDI,AUDI A6 TDI
AUDI Q7 45 TDI QUATTRO,AUDI Q7 TDI
AUDI A6 2.0 TDI,AUDI A6 2.0 TDI
AUDI Q53.0 TDI,AUDI Q5 3.0
MODEL A6 2.0 TDI,AUDI A6 2.0 TDI
AUDI A4 2.0 TDI,AUDI A4 2.0 TDI
AUDI Q7 3.0 TDI QUATTRO AUTO6I,AUDI Q7 TDI
AUDI Q7 3.0 TDI V6,AUDI Q7 TDI
AUDI A6 2.7 TDI MULTITRONIC CKD,AUDI A6 TDI
AUDI A6 3.0 TDI,AUDI A6 3.0 TDI
AUDI A4 3.0 TDI,AUDI A4 TDI
AUDI Q3 35 TDI,AUDI Q3 TDI
AUDI-A5-35 TDI BSIV,AUDI OTHER
AUDI A4 35 TDI MULTITROINC,AUDI A4 TDI
A3 40 TFSI CABRIOLET BSIV,AUDI A3 CABRIOLET
AUDI Q5 35 TDI BSIV,AUDI Q5 TDI
A627DI,AUDI A6
AUDI A6 2.7 TDI,AUDI A6 TDI
AUDI Q5 TDI,AUDI Q5 TDI
AUDI Q3 30 TDI,AUDI Q3 TDI
AUDI A3 35 TFSI,AUDI A3 TFSI
A6 35 TDI LIMOUSINE,AUDI A6 TDI
AUDI- Q8 55 TFSI QUATTRO BSVI,AUDI TT
AUDI Q7 35 TDI QUATTRO AUTOMAT,AUDI Q7 TDI
AUDI Q3 35 TDI QUATTRO,AUDI Q3 QUATTRO
AUDI Q3 QUATTRO,AUDI Q3 QUATTRO
AUDI A6 2.0 TDI BSIV,AUDI A6 2.0 TDI
AUDI Q3 35 TDI 2.0,AUDI Q3 2.0 TDI
AUDI A42.0 TDI,AUDI A4 2.0 TDI
AUDIQ7 TDI3.0 QUATTRO AUROMATIC,AUDI Q7 TDI
AUDI-Q520 TDI QUATTRO,AUDI Q5 QUATTRO
AUDI Q3 2.0 TDI QUATTRO,AUDI Q3 QUATTRO
AUDI A4 2 TADI MULTITRONIC,AUDI A4
AUDI Q5 2.0 TDI,AUDI Q5 2.0 TDI
AURI Q7 4.2 TDI,AUDI Q7 TDI
AUDI RSQ8,AUDI OTHER
Q7 4.2 TDI,AUDI Q7 TDI
A6 2.0 TDI,AUDI A6 2.0 TDI
AUDI A8 QUATTRO 50 TDI,AUDI A8L TDI
AUDI Q5 30 TDI QUATTRO BSIV,AUDI Q5 QUATTRO
AUDI A4 35 TDI BSIV,AUDI A4 TDI
AUDI Q3 35 TDI QUA BSIV,AUDI Q3 TDI
A8 50 TDI QUATTRO,AUDI A8L TDI
AUDI Q7 3.0 TDI QUATTRO AUTOMATIC 7STR BSIV,AUDI Q7 TDI
A3 35 TDI MULTITRONIC,AUDI A3 TDI
AUDI MODEL A6  35 TDI,AUDI A6 TDI
AUDI A3 35 TDI LIMOUSINE,AUDI A3 LIMOUSINE
AUDIQ52.0 TFSIQUA.ATIMPORTEDBS3,AUDI Q5 TFSI
AUDI Q3 35 TDI QUARTTO,AUDI Q3 TDI
AUDI Q7 45 TDI QUATTRO,AUDI Q7 TDI
LMV- MOTOR CAR  AUDI Q3 30 TFS,AUDI Q3
AUDI Q7 3.0 TDI QUATTRO AT,AUDI Q7 TDI
AUDI A4 30 TFSI BSIV,AUDI A4 TFSI
AUDI A6 2.8 FSI,AUDI A6 2.8 FSI
AUDI Q5 30 TDI QUATTRO BSIII,AUDI Q5 QUATTRO
AUDI A4 1.8 TFSI MULTITRONICBS4,AUDI A4 1.8
AUDI Q3 2.0 TDI,AUDI Q3 2.0 TDI
AUDI A3 40 TFSI CABRIOLET,AUDI A3 CABRIOLET
AUDI 2.0 TDI,AUDI OTHER
TT 45 TFSI,AUDI TT
AUDI A4 1.8 T FSI,AUDI A4 1.8
AUDI A3 35 TDI LIMOUSINE BSIV,AUDI A3 LIMOUSINE
AUDI Q5 2.0 TDI QUATTRO,AUDI Q5 2.0 TDI QUATTRO
AUDI Q3 30 TDI BS IV,AUDI Q3 TDI
Q5 35 TDI BS4,AUDI Q5 TDI
AUDI Q3 QUATT. 2.0 TDI,AUDI Q3 2.0 TDI
Q7 30 TDI TECH PACK+SUNROOF,AUDI Q7 TDI
AUDI A7 3.0 TDI QUQTTRO(180)IMP,AUDI TT
AUDI Q7 45 TDI 6S,AUDI Q7 TDI
QT 3.0 TDI,AUDI OTHER
AUDI A4 1.8 T,AUDI A4 1.8
AUDI Q5 45 TFSI BSIV,AUDI Q5 TFSI
AUDI A4 35 TDI MULTITRONIC BSI,AUDI A4 TDI
AUDI A6 2.7 TDI MULTITRONIC,AUDI A6 TDI
AUDI A6 35 TDI LIMOUSINE,AUDI A6 TDI
AUDI MODEL A6 2.8 FSI,AUDI A6 2.8 FSI
AUDI Q5,AUDI Q5
AUDI Q5 2 TDI,AUDI Q5 TDI
AUDI A4 2.0 TDI MULTITRONIC BS,AUDI A4 2.0 TDI
AUDI A6 2.8  FSI,AUDI A6 2.8 FSI
AUDI Q32.0 TDI,AUDI Q3 2.0 TDI
AUDI Q7 45 TDI QUATTRO AUTOMAT,AUDI Q7 TDI
AUDI TT COUPE,AUDI TT COUPE
AUDI Q3 2.0 TDI QUATTRO-IV,AUDI Q3 QUATTRO
AUDI A6 35 TDI LIMOUSINE BS,AUDI A6 TDI
Q3 2.0 TDI,AUDI Q3 2.0 TDI
AUDI Q7 3.6,AUDI Q7
AUDI A3 35 TDI LIMOUSINE,AUDI A3 LIMOUSINE
,AUDI OTHER
AUDI Q3 35 TDI QUATTRO BSIII,AUDI Q3 QUATTRO
AUDI Q7 QUAT TDI 3.0 EIV,AUDI Q7 TDI
AUDI A4 2.0 TDI MULTITRONIC BSIV,AUDI A4 2.0 TDI
A6 3.0 TDI QUATTRO,AUDI A6 3.0 TDI
AUDI Q3 35 TDI QUATTRO M1 BS4,AUDI Q3 QUATTRO
AUDI Q3 2.0 TDI QUATTRO BS I,AUDI Q3 QUATTRO
AUDI MODEL A6,AUDI A6
AUDI Q5 30 TDI QUATTRO BSIV,AUDI Q5 QUATTRO
AUDI A6 2 TDI BSIV,AUDI A6 TDI
AUDI,AUDI OTHER
AUDI A8 L 3.0 TDI,AUDI A8L 3.0 TDI
AUDI Q5 35 TDI BS IV,AUDI Q5 TDI
AUDI A4 2.0 TDI (MULTITRONIC),AUDI A4 2.0 TDI
A3 3.5 TDI,AUDI A3 TDI
AUDI A6 35 TFSI LIMOUSINE,AUDI A6
AUDI Q7 45 TDI QUATTRO AT6I BS4,AUDI Q7 TDI
AUDI Q5 30 TDI QUATTRO,AUDI Q5 QUATTRO
AUDI Q3 2.0 TFSI QUATTRO BSIV,AUDI Q3 QUATTRO
AUDI Q3 2.0,AUDI Q3
AUDI Q5 2.0 TDI Q,AUDI Q5 2.0 TDI
AUDI A3 35 TDI PREM BSIV,AUDI A3 TDI
A4 2.0 TDI,AUDI A4 2.0 TDI
Q3 35 TDIÂ S EDITION,AUDI Q3 TDI
AUDI S5,AUDI S5
AUDI A8 L50 TDI,AUDI A8L TDI
AUDI A3 35 TDI LIMOUSINE,AUDI A3 LIMOUSINE
AUDI Q8,AUDI OTHER
AUDI Q3 TDIQUATTRO ATCBU IMPBS4,AUDI Q3 QUATTRO
AUDI Q3 35 TDI,AUDI Q3 TDI
AUDI Q3 30 TDI BSIV,AUDI Q3 TDI
A6 SAL. TDI 2.0,AUDI A6 2.0 TDI
AUDI A3 35 TFSI CABRIOPLET BSI,AUDI A3 TFSI
AUDI A6 2.7 TDI,AUDI A6 TDI
Q3 QUATTRO,AUDI Q3 QUATTRO
AUDI A4 2.0 TDI,AUDI A4 2.0 TDI
AUDI....,AUDI OTHER
AUDI TT COUPE 2.0 TFSI QU S TR,AUDI TT COUPE
"Q7 45 TDI QUATTRO (AT, 6 I.D.)",AUDI Q7 TDI
AUDI Q52.0 TDI,AUDI Q5 2.0 TDI
Q7 3.0 TDI,AUDI Q7 TDI
OTHERS,AUDI OTHER
AUDI A6 2.7 TDI MULTITRONIC BSIV,AUDI A6 TDI
A4 35 TDI PREMIUM PLUS BS IV,AUDI A4 TDI
A-6 2.0 TD,AUDI OTHER
AUDI Q7 3.0 TDI,AUDI Q7 TDI
AUDI Q5 2.0 TFSI QUATTRO AT,AUDI Q5 2.0 TDI QUATTRO
AUDI Q3 2.0 TDI,AUDI Q3 2.0 TDI
Q52.0 TDI,AUDI Q5 2.0 TDI
AUDI Q2 40 TFSI QUATTRO,AUDI TT
AUDI Q3 2.0 TDI,AUDI Q3 2.0 TDI
AUDI Q3 SB 40 TFSI Q,AUDI Q3
AUDI A4 2.0 TDI MULTITRONIC BS4,AUDI A4 2.0 TDI
AUDI Q3 35 TDI QUATTRO,AUDI Q3 QUATTRO
AUDI Q7 3.0 TDI,AUDI Q7 TDI
AUDI Q7 3.0 TDI V6 BSIV,AUDI Q7 TDI
Q3 2 TDI,AUDI Q3 TDI
AUDI A4 35 TFSI MULTITRONIC,AUDI A4 TFSI
AUDI Q3 2.0 TDI Q BSIV,AUDI Q3 2.0 TDI
A4 30 TFSI,AUDI A4 TFSI
AUDI A4 35 TDI MULTITRONIC BSI,AUDI A4 TDI
AUDIQ7 3.0 TDI QUATTRO AUTO 7I,AUDI Q7 TDI
AUDI Q7 3.0 TDI QUATTRO BS IV,AUDI Q7 TDI
A6 3.0 TDI QUATTRO AUTOMATIC,AUDI A6 3.0 TDI
AUDI A6 35 TDI LIMOUSINE BSIV,AUDI A6 TDI
AUDI Q7 30 TDI,AUDI Q7 TDI
AUDI Q5 2 TDI QUTTROAUTOMATIT,AUDI Q5 TDI
Q5 3.0 TDI,AUDI Q5 3.0
AUDI A6 35 TDI,AUDI A6 TDI
AUDI A6  35 TDI LIMOUSINE BS,AUDI A6 TDI
AUDI A6.2 TDI,AUDI A6 TDI
AUDI Q5 2.0 TDI QUATTRO AT,AUDI Q5 2.0 TDI QUATTRO
AUDI A-6,AUDI OTHER
INNOVA2.5/V,AUDI OTHER
AUDI  A4 2.0 TDI,AUDI A4 2.0 TDI
Q3 2.0 TDI QUATTRO,AUDI Q3 QUATTRO
Q7 4.2 TDIQUATTRO(DSL)ATIMPORTD,AUDI Q7 TDI
AUDI A4 2 TDI MULTITRONIC,AUDI A4 TDI
AUDI Q8 55 TFSI QUATTRO,AUDI TT
AUDI TT COUPE 45 TFSI QTRO STR,AUDI TT COUPE
AUDI Q73.0 TDI,AUDI Q7 TDI
AUDI Q5.2.O. TDI,AUDI Q5 TDI
AUDI A5 35 TDI,AUDI OTHER
A7 3.0 TDI,AUDI OTHER
"Q5 2.0 TDI QUATTRO,BSIV",AUDI Q5 2.0 TDI QUATTRO
AUDI Q3 35 TDI QUATTRO BSIV,AUDI Q3 QUATTRO
AUDI Q5 2.0 TDI QA,AUDI Q5 2.0 TDI
AUDI Q5 2.0 TDI,AUDI Q5 2.0 TDI
AUDI A6 35 TDI MATR,AUDI A6 TDI
A4 35 TDI MULTITRONIC,AUDI A4 TDI
AUDI A6 2.8 FSI BSIV,AUDI A6 2.8 FSI
AUDI Q5 QUAT TDI 3.0,AUDI Q5 QUATTRO
AUDI Q3 2.0 TDI QUATTRO AT,AUDI Q3 QUATTRO
AUDI Q5 2.0 TFSI,AUDI Q5 TFSI
AUDI A4 1.8T FSI,AUDI A4 1.8
AUDI Q5,AUDI Q5
AUDI A4 2 TDI BS IV,AUDI A4 TDI
AUDI Q5 3.0 TDI QUATTRO AT BS4,AUDI Q5 QUATTRO
AUDI A6 2.7 TDI MULTITRONIC BS,AUDI A6 TDI
AUDI  A6 2.0 TDI,AUDI A6 2.0 TDI
AUDI Q3 2.0 TDI QUATRO,AUDI Q3 2.0 TDI
AUDI Q3 2.0 TDI.,AUDI Q3 2.0 TDI
AUDI Q3 35 TDI QUATTRO BSIV,AUDI Q3 QUATTRO
Q7 QUAT. TDI 3.0 V6 180 A8,AUDI A8L 3.0 TDI
Q3 30 TDI,AUDI Q3 TDI
AUDI Q.3,AUDI OTHER
AUDI A6 3.0 TDI QUATTRO,AUDI A6 3.0 TDI
Q3 TDI QUATT 2.0,AUDI Q3 2.0 TDI
AUDI Q3  2.0 TDI,AUDI Q3 2.0 TDI
AUDI Q3 30 TFSI,AUDI Q3
TT COUPE 2.0 TFSIQUATTROSTRONIC,AUDI TT COUPE QUATTRO
AUDI A8 3.0 TDI QUATTRO,AUDI A8L 3.0 TDI
AUDI Q3 35 TDI BS IV,AUDI Q3 TDI
AUDI Q7 45 TDI QUATTRO BSIV,AUDI Q7 TDI
AUDI S6 4.0 TFSI QUATTRO,AUDI TT
AUDI Q5 3.0 TDI QU AUTOMATIC,AUDI Q5 3.0
AUDI Q3 2.0 TDI Q MULTITRONIC,AUDI Q3 QUATTRO
AUDI Q3 QUATT 2 0 TDI,AUDI Q3 TDI
A6 2.0 TFSI,AUDI A6
AUDI A4 1.8 TFSI BS4,AUDI A4 1.8
AUDI Q3 2.0 TDI,AUDI Q3 2.0 TDI
A4 1.8,AUDI A4 1.8
AUDI Q3 35 TDI QUATTRO,AUDI Q3 QUATTRO
AUDIQ73.0 TDI,AUDI Q7 TDI
AUDI Q3 30 TFSI BS4,AUDI Q3
Q3 35 TDIQ,AUDI Q3 TDI
AUDI Q7 35 TDI QUATTRO BS IV,AUDI Q7 TDI
Q3 TDI,AUDI Q3 TDI
AUDI Q5 2.0 TDI,AUDI Q5 2.0 TDI
A6 2.0 TDI,AUDI A6 2.0 TDI
AUDI Q7 45 TDI CKD,AUDI Q7 TDI
AUDI A8 QUATTRO 3.0 TDI,AUDI A8L 3.0 TDI
AUDI Q-5 2.0 TDI,AUDI OTHER
AUDI Q3 30 TDI QUATTRO,AUDI Q3 QUATTRO
AUDI A8L TDI,AUDI A8L TDI
AUDI A6 2.7 TDI MULTITRONC,AUDI A6 TDI
AUDI A4 35 TDI M1 BS4,AUDI A4 TDI
AUDI S4,AUDI OTHER
AUDI A4 35 TDI BS IV,AUDI A4 TDI
A4 1.8 TFSI,AUDI A4 1.8
AUDI A6 2.0 TDI MULTITRONIC,AUDI A6 2.0 TDI
AUDI Q5 2.0 TDI,AUDI Q5 2.0 TDI
AUDI Q7 4.2 TDI QUATTRO AUTO,AUDI Q7 TDI
NOT AVAILABLE,AUDI OTHER
AUDI Q5 45 TFSI,AUDI Q5 TFSI
AUDI Q5 40 TDI BSIV,AUDI Q5 TDI
AUDI Q5 40 TDI,AUDI Q5 TDI
AUDI Q5 30 TDI QUATTRO BS IV,AUDI Q5 QUATTRO
A4 35 TDI,AUDI A4 TDI
AUDI Q5 30 TDIQ,AUDI Q5 TDI
AUDI Q7 35 TDI QUATTRO AT 7STR,AUDI Q7 TDI
AUDI A3 35 TDI LIMSN BSIV,AUDI A3 TDI
AUDIT A6 35 TFSI BSIV,AUDI A6
AUDI A6 2.0 TDI  BSIV,AUDI A6 2.0 TDI
"AUDIQ735 TDIQUATTRO(AUTOMATIC,6",AUDI Q7 TDI
AUDI Q5 2.0 TDI QUATTRO AUTOMATIC BSIV,AUDI Q5 2.0 TDI QUATTRO
AUDI RS 7 PERFORMANCE,AUDI OTHER
AUDI Q3 2.0 TDI BS-IV,AUDI Q3 2.0 TDI
AUDI RS E-TRON GT,AUDI OTHER
TT 2.0 TFSI,AUDI TT
AUDI Q3 30 TDI BSIV,AUDI Q3 TDI
AUDI Q5 2.0 TDI Q MULTITRONIC,AUDI Q5 2.0 TDI QUATTRO
AUDI A3 2.0 TDI,AUDI A3 TDI
AUI A8 3.0 TDI,AUDI A8L 3.0 TDI
AUDI A6 TDI,AUDI A6 TDI
A4 1.8 TFSI,AUDI A4 1.8
AUDI Q5 2.0 TFSI QUA AUT(IMPORT,AUDI Q5 TFSI
AUDI A3 35 TDI,AUDI A3 TDI
AUDI Q5 3.0 TDI,AUDI Q5 3.0
AUDI.,AUDI OTHER
AUDI A8 3.0 TDI LWB,AUDI A8L 3.0 TDI
AUDI Q3 35 TDI STAGE BSIV,AUDI Q3 TDI
AUDI A4 2.0 TDI MULTITROINC,AUDI A4 2.0 TDI
AUDI Q5 2.0 TFSI QUATTRO AUTOM,AUDI Q5 2.0 TDI QUATTRO
AUDI Q3 2.0,AUDI Q3
AUDI A4 2.0 TDI,AUDI A4 2.0 TDI
A4 35 TDI MULTITRONIC,AUDI A4 TDI
AUDI Q5 2.0 TFSI QUATTRO ATBS4,AUDI Q5 2.0 TDI QUATTRO
AUDI Q7 35 TDI QUATTRO AUT,AUDI Q7 TDI
AUDI A6 2.8 FSI MULTITRONIC,AUDI A6 2.8 FSI
AUDI A6 3.0 TDI QUATTRO BSIV,AUDI A6 3.0 TDI
A4 35 TDI,AUDI A4 TDI
AUDI A4 2.0 TDI,AUDI A4 2.0 TDI
1,AUDI OTHER
AUDI A4 40 TFSI (PREMIUM PLUS),AUDI A4 TFSI
AUDI Q3 2.0 TDI QUATTRO,AUDI Q3 QUATTRO
AUDI A42.0 TDI,AUDI A4 2.0 TDI
AUDI Q7 55 TFSI QUATTRO (PREMI,AUDI Q7
AUDI A6 2.0 TDI,AUDI A6 2.0 TDI
AUDI A6 2.0 TDI,AUDI A6 2.0 TDI
AUDI Q7 45 TFSI,AUDI Q7 TDI
AUDI A4 1.8 TFSI MULTI,AUDI A4 1.8
AUDI Q5 30 TDI QUATTRO AT,AUDI Q5 QUATTRO
AUDI A42.0,AUDI A4
AUDI Q3 QUATTRO 2.0 TDI BS-IV,AUDI Q3 QUATTRO
"A6 SALOON 2.0 TDI, BSIV",AUDI A6 2.0 TDI
AUDI Q7 45 TDI QUATTRO ( AT ),AUDI Q7 TDI
Q3 2.0 TDI Q MULTITRONIC BS4,AUDI Q3 QUATTRO
AUDI Q3 30 TFSI BSIV,AUDI Q3
AUDI A6 35 TFSI,AUDI A6
Q3 2.0 TDI,AUDI Q3 2.0 TDI
AUDI A4 2.0 TDI,AUDI A4 2.0 TDI
Q7 3.0 TDI QUA AT,AUDI Q7 TDI
AUDI Q5 3.0 TDI BS4,AUDI Q5 3.0
AUDI Q3 30 TFSI BSIV,AUDI Q3
"Q3 35 TDI, BSIV",AUDI Q3 TDI
AUDI Q5 2.0 TDI QUATRO AUTOMAT,AUDI Q5 2.0 TDI
AUDI Q7,AUDI Q7
AUDI Q3 2.0 TDI QUATTRO BSIV,AUDI Q3 QUATTRO
AUDI A4 35 TDI PREMI,AUDI A4 TDI
AUDI A6 2.7 TDI,AUDI A6 TDI
AUDI A3 35 TDI MULTITRONIC,AUDI A3 TDI
VOLKSWAGEN,AUDI OTHER
AUDI Q7 3.0 TDI QUATTRO,AUDI Q7 TDI
AUDI A4 40 TFSI (TECHNOLOGY) B,AUDI A4 TFSI
AUDI Q7 45 TDI QUATTRO 5 INC D,AUDI Q7 TDI
AUDI Q7 3.0 TDI QUATTRO AUTOMA,AUDI Q7 TDI
AUDI Q5 45 TDI,AUDI Q5 TDI
AUDI A3 35 TFSI M1 BS4,AUDI A3 TFSI
AUDI RS 7 PERFORMANC,AUDI OTHER
AUDI A4 35 TDI BSIV,AUDI A4 TDI
AUDI A6 35 TDI BSIV,AUDI A6 TDI
"AUDI A6 2.0 TDI, BS-IV",AUDI A6 2.0 TDI
AUDI A8 L  3.0 TDI QUATTRO,AUDI A8L 3.0 TDI
AUDI Q3 35 TDI BS IV,AUDI Q3 TDI
LMV- MOTOR CAR  AUDI A4 35 TDI,AUDI A4 TDI
AUDI A63.0 TDI,AUDI A6 3.0 TDI
AUDI Q7,AUDI Q7
AUDI Q7 35 TDI [BS IV],AUDI Q7 TDI
AUDI A5 CABRIO 35 TDI,AUDI OTHER
AUDI A4,AUDI A4
A4 1.8T AUDI,AUDI A4 1.8
AUDI RS5 COUPE BSIV,AUDI S5
AUDI A8L 3.0 TDI,AUDI A8L 3.0 TDI
AUDI A6 2.0,AUDI A6
AUDI Q3 35 TDI QUATTRO BS IV,AUDI Q3 QUATTRO
AUDI Q5 Â 20 TDI BSIV,AUDI Q5 TDI
AUDI Q7 35 TDI QUATTRO,AUDI Q7 TDI
AUDI A8 L 55 TFSI QUATTRO,AUDI A8L
A6 35 TDI,AUDI A6 TDI
AUDI Q7 4.2 TDI,AUDI Q7 TDI
AUDI Q7 3.5 TDI QUATTRO AT,AUDI Q7 TDI
AUDI A4  2.0 TDI,AUDI A4 2.0 TDI
AUDI A4  35  TFSI,AUDI A4 TFSI
,AUDI OTHER
Q8 50 E-TRON,AUDI OTHER
AUDI A6 35 TDI BSIV,AUDI A6 TDI
AUDI A4  2.0 TDI,AUDI A4 2.0 TDI
AUDI Q3 2.0 TDI,AUDI Q3 2.0 TDI
Q5 2.0 TDIQ,AUDI Q5 2.0 TDI
AUDI Q7 45 TDI QUATTRO(AUTOMAT,AUDI Q7 TDI
Q5 30 TDI,AUDI Q5 TDI
AUDI Q3 2.0 TDI BS IV,AUDI Q3 2.0 TDI
AUDI Q3 2.0 Q. A. TDI CBU,AUDI Q3 2.0 TDI
AUDI R8 4.2 FSI V8 316 AMG CBU,AUDI R8
AUDI A8 3.0 TDI,AUDI A8L 3.0 TDI
AUDI Q3 2.0 TDI Q,AUDI Q3 2.0 TDI
AUDI A4 35 TDI PRIMIUM,AUDI A4 TDI
AUDI Q3 30 TDI BSIV,AUDI Q3 TDI
AUDI Q7 35 TDI,AUDI Q7 TDI
AUDI A4 1 8 TFSI MULTITRONIC,AUDI A4 TFSI
AUDI A4 2 .0 TDI 5SEAT BSIII,AUDI A4 TDI
AUDI Q5 2.0 TDI QA,AUDI Q5 2.0 TDI
AUDI A4,AUDI A4
A8 4.0 TFSI,AUDI A8L
AUDI Q7 3.0 TDI,AUDI Q7 TDI
AUDI A3,AUDI A3
AUDI A4 1.8 TFSI MULTITRONIC B,AUDI A4 1.8
AUDI A4  2.0 TDI,AUDI A4 2.0 TDI
AUDI Q7 35 TDI QUATTRO AUTM6IN,AUDI Q7 TDI
AUDI Q3 20 TDIQUATTRO,AUDI Q3 QUATTRO
AUDI Q3 2.0 TDI QUATTRO CBU,AUDI Q3 QUATTRO
Q3,AUDI Q3
AUDI A4 2.0 TDI (MULTITRONIC,AUDI A4 2.0 TDI
AUDI Q5 2.0 TDI Q BSIV,AUDI Q5 2.0 TDI
AUDI Q5 2.0 TDI/30 BSIV,AUDI Q5 2.0 TDI
AUDI A6 2.0 TD BS IV,AUDI A6
AUDI Q7 3.TDI V6,AUDI Q7 TDI
AUDI A6 35 TFSI BSIV,AUDI A6
AUDI Q3 TDI,AUDI Q3 TDI
A4 2.0,AUDI A4
AUDI Q7 3.0 TDI QUAT BS-IV,AUDI Q7 TDI
LMV- MOTOR CAR  AUDI Q7 45 TD,AUDI Q7 TDI
AUDI Q3 SPORTBACK 40 TFSI QUAT,AUDI Q3 QUATTRO
Q5 QUATTRO TDI 2.0,AUDI Q5 2.0 TDI QUATTRO
AUDI A4 2.0 TDI MULT,AUDI A4 2.0 TDI
A4 2.0 TDI,AUDI A4 2.0 TDI
AUDI A6 45 TFSI BSVI,AUDI A6
AUDI Q3 35 TDI PREMIUM BS4,AUDI Q3 TDI
AUDI A8 3.0 TDI,AUDI A8L 3.0 TDI
AUDI A4 2.0 TDI,AUDI A4 2.0 TDI
AUDI  - A6 2.8FSI  BS III,AUDI A6 2.8 FSI
AUDI A6 3.0 TDI QUATTRO AUTO,AUDI A6 3.0 TDI
AUDI A7 SPORT B 3.0 TDI BS-IV,AUDI OTHER
AUDI Q7 4.2,AUDI Q7
AUDI A4 2.0 TDI,AUDI A4 2.0 TDI
AUDI A4 2.O TDI  BS III,AUDI A4 TDI
AUDI A4 TFSI,AUDI A4 TFSI
"AUDI A6 SALOON 2.0 TDI,BSIV",AUDI A6 2.0 TDI
AUDI A4 35,AUDI A4
AUDI Q5 2.0 TDI Q AU,AUDI Q5 2.0 TDI
AUDI A8 3.0 TDI LWB QUATTRO AT,AUDI A8L 3.0 TDI
Q3 2.0 TDIQ,AUDI Q3 2.0 TDI
AUDI A4 35 TDI PREMIUM(BSIV),AUDI A4 TDI
AUDI A5 CABRIOLET 40 TDI,AUDI OTHER
AUDI Q7 4.2 TDI  QUATTRO,AUDI Q7 TDI
AUDI A3 40 TFSI,AUDI A3 TFSI
AUDI-S5 BSIV,AUDI S5
AUDI A4 30 TFSI,AUDI A4 TFSI
AUDI 4.2.0 TFSI,AUDI OTHER
AUDI Q5 45 TFSI QUATTROTECHBS6,AUDI Q5 QUATTRO
AUDI Q3,AUDI Q3
AUDI A4 1.8 TFSI MULTITRONIC,AUDI A4 1.8
AUDI Q5 2.0 TFSI QUATTRO,AUDI Q5 2.0 TDI QUATTRO
AUDI A4 35 TFSI,AUDI A4 TFSI
AUDI Q5  20 TDI BSIV,AUDI Q5 TDI
AUDI A4 2.0 TDI,AUDI A4 2.0 TDI
ADUDI Q3 2.0 TDI QUATTRO,AUDI Q3 QUATTRO
A42.0 TDI,AUDI A4 2.0 TDI
AUDI A4 TDI,AUDI A4 TDI
AUDI Q7 3 .0 TDI,AUDI Q7 TDI
AUDI Q3 2 0 TDI QUATTRO,AUDI Q3 QUATTRO
AUDI Q7 3 TDI BS IV,AUDI Q7 TDI
"AUDI A4 2.0 TDI, BS IV",AUDI A4 2.0 TDI
AUDI A3 35 TFSI BS4,AUDI A3 TFSI
AUDI Q3 35 IDI,AUDI Q3
Q3 2.0 TDI,AUDI Q3 2.0 TDI
AUDI Q3 3.5 TDI QUATTRO,AUDI Q3 QUATTRO
"A4 2.0 TDI MULTITRONIC, BSIV",AUDI A4 2.0 TDI
AUDI A6 2.8 FSI CKD,AUDI A6 2.8 FSI
AUDI Q5 3.0 TDI QUATTRO AUTOMA,AUDI Q5 QUATTRO
AUDI A4 35 TDI MULTITRONIC BSIV,AUDI A4 TDI
A6 35 TDI BS4,AUDI A6 TDI
AUDI A4 35 TDI MULTITRONIC,AUDI A4 TDI
AUDI Q3 QUATTRO TDI BS 4,AUDI Q3 QUATTRO
AUDI RS 7 4.0L TFSI QUATTRO,AUDI TT
AUDIQ3 35 TDI,AUDI Q3 TDI
AUDI Q5 30 TDI,AUDI Q5 TDI
AUDI Q3 35 TDI QUA.,AUDI Q3 TDI
AUDI A8 4.2 FSI,AUDI A8L
AUDI A6 35 TDI BS IV,AUDI A6 TDI
AUDI A6 35 TDI,AUDI A6 TDI
AUDI A3 40 TFSI LIMOUSINE,AUDI A3 LIMOUSINE
AUDI A6 3 TDI QUATTRO BS IV,AUDI A6 TDI
AUDI Q3 2.0 TDI BS4,AUDI Q3 2.0 TDI
AUDI Q3 35 TDI QUATTRO BSIV,AUDI Q3 QUATTRO
AUDI   A3  35 TDI  LIMOUSINE,AUDI A3 LIMOUSINE
AUDI A8,AUDI A8L
AUDI A3 2.0 TDI LIMOUSINE,AUDI A3 LIMOUSINE
AUDI A6  3.0 TDI,AUDI A6 3.0 TDI
AUDI Q7 45 TDI QUATTRO(AUTOMAT,AUDI Q7 TDI
AUDI Q3 40 TFSI Q PRM PLS,AUDI Q3
AUDI A6 35 TDI CKD,AUDI A6 TDI
AUDI A4 1.8 TFSI MULTITRONIC,AUDI A4 1.8
AUDI A6 2.O TDI,AUDI A6 TDI
AUDI Q5 3.0 TDI,AUDI Q5 3.0
Q3   35 TDI,AUDI Q3 TDI
AUDI Q3 30  TFSI BS IV,AUDI Q3
AUDI MOTORS,AUDI OTHER
AUDI MODEL Q3 35 TDI,AUDI Q3 TDI
A8L 3.0,AUDI A8L
AUDI A8 L 4.2 FSI,AUDI A8L
AUDI Q5 3.0 TDI QUATTRO AT,AUDI Q5 QUATTRO
Q3 2.0,AUDI Q3
AUDI Q3 35 TDIQ,AUDI Q3 TDI
AUDI Q7,AUDI Q7
AUDI A3 35 TDI BSIV,AUDI A3 TDI
TT COUPE 45 TFSI QUAT S TRONIC,AUDI TT COUPE QUATTRO
AUDI A4 35 TDI,AUDI A4 TDI
AUDI Q3 2.0 TDI,AUDI Q3 2.0 TDI
AUDI A6,AUDI A6
AUDI A6 2.0 TDI,AUDI A6 2.0 TDI
AUDI Q5 2.0 TDI QUATTRO AUTO,AUDI Q5 2.0 TDI QUATTRO
Q3 35 TDI,AUDI Q3 TDI
AUDI Q7 3.0 TDIQUATTROBSIV,AUDI Q7 TDI
A4 2.0 I4 130 A8M,AUDI A4
AUDI Q5 2.0,AUDI Q5
Q5 QUAT TDI 2.0,AUDI Q5 2.0 TDI QUATTRO
AUDI A4 2.0 TFSI MULTITRONIC,AUDI A4 TFSI
AUDI Q5 30 TDI QUATTRO,AUDI Q5 QUATTRO
"A4 SALOON 2.0 TDI, BS IV",AUDI A4 2.0 TDI
AUDI MODEL A4  2.0 TDI,AUDI A4 2.0 TDI
AUDI Q3 35 TDI CKD,AUDI Q3 TDI
AUDI Q2 40 TFSI QUATTRO BSVI,AUDI TT
AUDI Q7 3.0 TDI,AUDI Q7 TDI
AUDI A4 2.0 T,AUDI A4
AUDI LMV,AUDI OTHER
AUDI RS 5 SPORTBACK,AUDI OTHER
AUDI 2.7 TDI,AUDI OTHER
"AUDI 6 SALOON 2.0 TDI,BSIV",AUDI OTHER
AUDI Q3 30 TDI,AUDI Q3 TDI
AUDI Q3 40 TFSI Q TECH,AUDI Q3
Q5 2.0 TDI,AUDI Q5 2.0 TDI
AUDI Q3  2.0 TDI,AUDI Q3 2.0 TDI
AUDI Q5  3.0 TDI,AUDI Q5 3.0
AUDI A4 1.8 T M,AUDI A4 1.8
AUDI A8 L 3.0 TDI QUATTRO,AUDI A8L 3.0 TDI
AUDI Q3,AUDI Q3
AUDI BECOJH,AUDI OTHER
AUDI A3 35 TDI LIMOUSINE BSIV,AUDI A3 LIMOUSINE
AUDI A7 3.0 TDI,AUDI OTHER
AUDI Q3 2.0 TDI,AUDI Q3 2.0 TDI
AUDI Q5 35 TDI,AUDI Q5 TDI
AUDI MODEL A3 35 TDI,AUDI A3 TDI
AUDI A4 35 TDI EURO IV,AUDI A4 TDI
..AUDI,AUDI OTHER
A4 1.8 TFSI,AUDI A4 1.8
AUDI A4 1.8 T,AUDI A4 1.8
AUDI A4 2.0 TFSI,AUDI A4 TFSI
AUDI A6 2.0 TDI BS IV,AUDI A6 2.0 TDI
AUDI A4 1.8 FSI,AUDI A4 1.8
"Q5 3,0 TDI QUATTRO AUTOMATIC",AUDI Q5 QUATTRO
AUDI Q7 30 TDI,AUDI Q7 TDI
AUDI A3 35 TFSI BSIV,AUDI A3 TFSI
AUDI A5,AUDI OTHER
AUDI A4 35 TDI BS4,AUDI A4 TDI
AUDI A4 35 TDI-BSIV,AUDI A4 TDI
Q3 2.0 TDI QUATTRO AUTOMATIC,AUDI Q3 QUATTRO
AUDI A4 30 TFSI BSIV,AUDI A4 TFSI
AUDI Q3 QUATTRO 2.0 TDI BS-IV,AUDI Q3 QUATTRO
AUDI E-TRON SPORTBACK 55,AUDI OTHER
TT QUATTRO 2.0 TFSI,AUDI TT
AUDI Q5 45 TFSI,AUDI Q5 TFSI
AUDI A4 35 TDI MULTITRONIC,AUDI A4 TDI
"Q3 QUATTRO 2.0 TDI, BS IV",AUDI Q3 QUATTRO
AUDI E-TRON 50,AUDI OTHER
AUDI A8 4.2FSI,AUDI A8L
A8 3.0 TDI,AUDI A8L 3.0 TDI
AUDI Q3 TDI Q MULTITRONICS,AUDI Q3 TDI
A6 35 TDI,AUDI A6 TDI
AUDI Q3 30 TFSI BS IV,AUDI Q3
AUDI A4 35 TFSI MULTITRONIC,AUDI A4 TFSI
Q7.3 TDI,AUDI Q7 TDI
"AUDI A6  2.0 TDI, BS-IV",AUDI A6 2.0 TDI
AUDI Q3  35 TDI,AUDI Q3 TDI
AUDI A6 2 TDI,AUDI A6 TDI
AUDI A3 40 TFSI CABRIOLET BS,AUDI A3 CABRIOLET
Q3   2.0 TDI,AUDI Q3 2.0 TDI
AUDI A6 3.0 TDI,AUDI A6 3.0 TDI
A8 3.0 TDI LWB QUATTRO AUTOMAT,AUDI A8L 3.0 TDI
AUDI A4.2 TDI,AUDI A4 TDI
A3 A3 40 TFSI,AUDI A3 TFSI
AUDI Q7 35 TDI QUATTRO AT,AUDI Q7 TDI
A3 40 TFSI,AUDI A3 TFSI
AUDI Q5 35 TDI BS4,AUDI Q5 TDI
Q3 35 TDI QUATTRO BSIV,AUDI Q3 QUATTRO
AUDI Q3 3.5 TDI,AUDI Q3 TDI
AUDI S5 SB,AUDI S5
AUDI Q2,AUDI OTHER
AUDIT Q7 45 TDI QUATTRO BSIV,AUDI Q7 TDI
AUDI Q7 40 TFSI,AUDI Q7
AUDI MODEL Q3 2.0 TDI,AUDI Q3 2.0 TDI
AUDI Q5 TFSI,AUDI Q5 TFSI
AUDI A3 35 TDI  BS IV,AUDI A3 TDI
AUDI A6 35 TDI LIMOUSINE BSIV,AUDI A6 TDI
AUDI Q5 2.0 TDI QUATTRO AUTOMA,AUDI Q5 2.0 TDI QUATTRO
AUDI A4 35 TDI BSIV,AUDI A4 TDI
AUDI Q7 45 TDI QUATTRO,AUDI Q7 TDI
AUDI E-TRON 55,AUDI OTHER
AUDI Q7 3.0 TDI BSIV,AUDI Q7 TDI
AUDI Q7 3.0 TDIQ,AUDI Q7 TDI
AUDI A4 1.8 TFSI,AUDI A4 1.8
AUDI A4 35 TDI BS IV,AUDI A4 TDI
AUDI MODE3L A6 2.0 TDI,AUDI A6 2.0 TDI
