clean_model,final_model,count
ASPIN,BAJAJ ASPIN,1
ASPIRE,BAJAJ ASPIN,1
BOXER AT,BAJAJ BOXER,5
BOXER AR,BAJAJ BOXER,4
4S BOXER,BAJAJ BOXER,2
BOXER,BAJAJ BOXER,2
BOXER AR K-TEC,BAJAJ BOXER,2
BOXER AT KTEC,BAJAJ BOXER,2
BOXER CT,BAJAJ BOXER,2
BOXER CT SS,BAJAJ BOXER,2
4 S BOXER,BAJAJ BOXER,1
BOXER 150,BAJAJ BOXER,1
BOXER AR K TEC,BAJAJ BOXER,1
BOXER AR K- TEX,BAJAJ BOXER,1
BOXER AR K.TEC,BAJAJ BOXER,1
BOXER BM 150,BAJAJ BOXER,1
BOXER CT DELUXE,BAJAJ BOXER,1
BOXER CT DELUXE K-TEC,BAJAJ BOXER,1
BOXER CT DLX,BAJAJ BOXER,1
BOXER CT K-TEC,BAJAJ BOXER,1
BOXER CT K-TECH,BAJAJ BOXER,1
BOXER CT UPGRADE,BAJAJ BOXER,1
BOXER MOTORCYCLE,BAJAJ BOXER,1
BOXER-4S,BAJAJ BOXER,1
BOXER-AR,BAJAJ BOXER,1
CHETAK,BAJAJ CHETAK,6
CHETAK 4 STROKE,BAJAJ CHETAK,3
CHETAK SCOOTER,BAJAJ CHETAK,2
CHETKA,BAJAJ CHETAK,2
B CHETAK,BAJAJ CHETAK,1
B.CHETAK,BAJAJ CHETAK,1
CHETA,BAJAJ CHETAK,1
CHETAK 2403 PREMIUM,BAJAJ CHETAK,1
CHETAK 2413 PREMIUM,BAJAJ CHETAK,1
CHETAK 2413 PREMIUM BOV,BAJAJ CHETAK,1
CHETAK 2443 URBANE,BAJAJ CHETAK,1
CHETAK 4 STROKE SCOOTER,BAJAJ CHETAK,1
CHETAK CLASSIC SCOOTER,BAJAJ CHETAK,1
CHETAK HB,BAJAJ CHETAK,1
CHETAK STD,BAJAJ CHETAK,1
CHETAK STD LC ST,BAJAJ CHETAK,1
CT 100,BAJAJ CT100,12
CT 100 DLX,BAJAJ CT100,3
CT 100 ALLOY,BAJAJ CT100,2
CT 100 ALLOY WHEELS,BAJAJ CT100,2
CT 100 B,BAJAJ CT100,2
CT 100 ES,BAJAJ CT100,2
CT 100 ES CBS,BAJAJ CT100,2
CT 100 MOTORCYCLE,BAJAJ CT100,2
CT100,BAJAJ CT100,2
CT100 DLX,BAJAJ CT100,2
B CT 100,BAJAJ CT100,1
BAJA CT 100 DX,BAJAJ CT100,1
BOXER CT 100,BAJAJ CT100,1
C T 100,BAJAJ CT100,1
CT 100 ALLOY ES,BAJAJ CT100,1
CT 100 BSII,BAJAJ CT100,1
CT 100 DLS,BAJAJ CT100,1
CT 100 SPOKE,BAJAJ CT100,1
CT 100 SPOKE WHEELS,BAJAJ CT100,1
CT 100 WITH ALLOY,BAJAJ CT100,1
CT 100 WITH LG SG,BAJAJ CT100,1
CT 100B,BAJAJ CT100,1
CT 100ES L2,BAJAJ CT100,1
CT100 B,BAJAJ CT100,1
CT100 FAIRING,BAJAJ CT100,1
CT100 KS ALLOY L2,BAJAJ CT100,1
CT100 MOTORCYCLE,BAJAJ CT100,1
CT 110,BAJAJ CT110,2
CT 110 X,BAJAJ CT110,2
CT 110X 2WHEEL L2,BAJAJ CT110,2
CT 110 CBS,BAJAJ CT110,1
CT 110 L2,BAJAJ CT110,1
CT110 ES L2,BAJAJ CT110,1
CT110 KS L2,BAJAJ CT110,1
DISCOVER,BAJAJ DISCOVER,4
DISCOVER M,BAJAJ DISCOVER,4
DISCOVER MOTORCYCLE,BAJAJ DISCOVER,3
DISCOVAR 125 ES,BAJAJ DISCOVER,2
DISCOVER ES,BAJAJ DISCOVER,2
DISCOVER KS,BAJAJ DISCOVER,2
DI,BAJAJ DISCOVER,1
DICOVER 150 F,BAJAJ DISCOVER,1
DIDCOVER 100 ES,BAJAJ DISCOVER,1
DISC M D104 DISCOVER M UG ES,BAJAJ DISCOVER,1
DISCOVER 112 CC,BAJAJ DISCOVER,1
DISCOVER 112CC,BAJAJ DISCOVER,1
DISCOVER 4G,BAJAJ DISCOVER,1
DISCOVER D105,BAJAJ DISCOVER,1
DISCOVER DLX ES,BAJAJ DISCOVER,1
DISCOVER E/S,BAJAJ DISCOVER,1
DISCOVER E/S MOTORCYCLE,BAJAJ DISCOVER,1
DISCOVER ES ALLOYS,BAJAJ DISCOVER,1
DISCOVER K 70,BAJAJ DISCOVER,1
DISCOVER K/S,BAJAJ DISCOVER,1
DISCOVER K70,BAJAJ DISCOVER,1
DISCOVER M 4G UG ES,BAJAJ DISCOVER,1
DISCOVER M DRUM,BAJAJ DISCOVER,1
DISCOVER M ES,BAJAJ DISCOVER,1
DISCOVER M ES SPOKE WHEEL,BAJAJ DISCOVER,1
DISCOVER M UG E/S,BAJAJ DISCOVER,1
DISCOVER S/S MOTORCYCLE,BAJAJ DISCOVER,1
DISCOVER SPORTS,BAJAJ DISCOVER,1
DISCOVER SS,BAJAJ DISCOVER,1
DISCOVER-M,BAJAJ DISCOVER,1
DISCOVER-ST,BAJAJ DISCOVER,1
MOTORCYCLE DISCOVER,BAJAJ DISCOVER,1
R E,BAJAJ DISCOVER,1
VER 100 M,BAJAJ DISCOVER,1
DISCOVER 100,BAJAJ DISCOVER 100,4
DISCOVER 100 M,BAJAJ DISCOVER 100,4
DISCOVER 100 4G,BAJAJ DISCOVER 100,2
DISCOVER 100 T,BAJAJ DISCOVER 100,2
DISCOVER 100M,BAJAJ DISCOVER 100,2
DISCOVER 100T,BAJAJ DISCOVER 100,2
DISCOVER M 100 ES,BAJAJ DISCOVER 100,2
DISCOVER - 100,BAJAJ DISCOVER 100,1
DISCOVER 100 CC,BAJAJ DISCOVER 100,1
DISCOVER 100 CC DTS SI,BAJAJ DISCOVER 100,1
DISCOVER 100 CC ES,BAJAJ DISCOVER 100,1
DISCOVER 100 DTSI,BAJAJ DISCOVER 100,1
DISCOVER 100 ES,BAJAJ DISCOVER 100,1
DISCOVER 100 ES 4 G,BAJAJ DISCOVER 100,1
DISCOVER 100 ES 4G,BAJAJ DISCOVER 100,1
DISCOVER 100 KS,BAJAJ DISCOVER 100,1
DISCOVER 100 M 4G,BAJAJ DISCOVER 100,1
DISCOVER 100 M DRUM BRAKE,BAJAJ DISCOVER 100,1
DISCOVER 100 M TX,BAJAJ DISCOVER 100,1
DISCOVER 100 M-,BAJAJ DISCOVER 100,1
DISCOVER 100 UG ES 4G,BAJAJ DISCOVER 100,1
DISCOVER 100-M,BAJAJ DISCOVER 100,1
DISCOVER 1004G,BAJAJ DISCOVER 100,1
DISCOVER 100CC,BAJAJ DISCOVER 100,1
DISCOVER 100CC 5 GEAR,BAJAJ DISCOVER 100,1
DISCOVER 100CC ES,BAJAJ DISCOVER 100,1
DISCOVER DTS SI 100 CC,BAJAJ DISCOVER 100,1
DISCOVER DTS SI 100CC,BAJAJ DISCOVER 100,1
DISCOVER DTS-SI 100,BAJAJ DISCOVER 100,1
DISCOVER M 100,BAJAJ DISCOVER 100,1
DISCOVER-100,BAJAJ DISCOVER 100,1
DISCOVER-100 ES,BAJAJ DISCOVER 100,1
DISCOVER100 ES 4G,BAJAJ DISCOVER 100,1
DISCOVER 110 CBS,BAJAJ DISCOVER 110,2
DISCOVER 110,BAJAJ DISCOVER 110,1
DISCOVER 110 2WHEELER L2,BAJAJ DISCOVER 110,1
DISCOVER 125,BAJAJ DISCOVER 125,10
DISCOVER 125 DIBR ES,BAJAJ DISCOVER 125,2
DISCOVER 125 DRUM,BAJAJ DISCOVER 125,2
DISCOVER 125 M,BAJAJ DISCOVER 125,2
DISCOVER 125 ST,BAJAJ DISCOVER 125,2
DISCOVER 125M,BAJAJ DISCOVER 125,2
71DISCOVER 125 DISC BRAKE,BAJAJ DISCOVER 125,1
DISCOVER -125 ST,BAJAJ DISCOVER 125,1
DISCOVER 125 C TX DISC,BAJAJ DISCOVER 125,1
DISCOVER 125 CBS,BAJAJ DISCOVER 125,1
DISCOVER 125 CC,BAJAJ DISCOVER 125,1
DISCOVER 125 CC DISC ES,BAJAJ DISCOVER 125,1
DISCOVER 125 CC ES,BAJAJ DISCOVER 125,1
DISCOVER 125 CC ES DRUM,BAJAJ DISCOVER 125,1
DISCOVER 125 DISC,BAJAJ DISCOVER 125,1
DISCOVER 125 DISC BRAKE ES,BAJAJ DISCOVER 125,1
DISCOVER 125 DISK BRAKE,BAJAJ DISCOVER 125,1
DISCOVER 125 DR E/S,BAJAJ DISCOVER 125,1
DISCOVER 125 DR ES,BAJAJ DISCOVER 125,1
DISCOVER 125 DRUM BRAKE,BAJAJ DISCOVER 125,1
DISCOVER 125 DRUM BRAKES S,BAJAJ DISCOVER 125,1
DISCOVER 125 DTSI,BAJAJ DISCOVER 125,1
DISCOVER 125 ES,BAJAJ DISCOVER 125,1
DISCOVER 125 ES DISC,BAJAJ DISCOVER 125,1
DISCOVER 125 ES DRUM,BAJAJ DISCOVER 125,1
DISCOVER 125 M DRUM BRAKE ES,BAJAJ DISCOVER 125,1
DISCOVER 125 ST DISK / D102,BAJAJ DISCOVER 125,1
DISCOVER 125 T,BAJAJ DISCOVER 125,1
DISCOVER 125 T DISC,BAJAJ DISCOVER 125,1
DISCOVER 125 T DRUM,BAJAJ DISCOVER 125,1
DISCOVER 125-ST,BAJAJ DISCOVER 125,1
DISCOVER 125. CC,BAJAJ DISCOVER 125,1
DISCOVER 125CC,BAJAJ DISCOVER 125,1
DISCOVER 125CC DRUM,BAJAJ DISCOVER 125,1
DISCOVER 125T DISC,BAJAJ DISCOVER 125,1
DISCOVER125 DRES DCWH,BAJAJ DISCOVER 125,1
DISCOVER 135,BAJAJ DISCOVER 135,3
DISCOVER 135 CC,BAJAJ DISCOVER 135,1
DISCOVER 135 ES,BAJAJ DISCOVER 135,1
DISCOVER 135 ES DR BS II,BAJAJ DISCOVER 135,1
DISCOVER 135 K/S,BAJAJ DISCOVER 135,1
DISCOVER 135 S/S,BAJAJ DISCOVER 135,1
DISCOVER 135 SPORT,BAJAJ DISCOVER 135,1
DISCOVER 135 UG DISC,BAJAJ DISCOVER 135,1
DISCOVER 135 UG E/S,BAJAJ DISCOVER 135,1
DISCOVER 135CC,BAJAJ DISCOVER 135,1
DISCOVER DTSI 135 KS,BAJAJ DISCOVER 135,1
DISCOVER- DTSI- 135,BAJAJ DISCOVER 135,1
DISCOVER-135,BAJAJ DISCOVER 135,1
DISCOVER135-BS II,BAJAJ DISCOVER 135,1
DISCOVER 150,BAJAJ DISCOVER 150,4
DISCOVER 150 DISC BRAKE ES,BAJAJ DISCOVER 150,3
DISCOVER 150 F,BAJAJ DISCOVER 150,3
DISCOVER 150 DISC,BAJAJ DISCOVER 150,2
DISCOVER 150 ES DISC,BAJAJ DISCOVER 150,2
DISCOVER 150 CC,BAJAJ DISCOVER 150,1
DISCOVER 150 DISC BREAK ES,BAJAJ DISCOVER 150,1
DISCOVER 150 S,BAJAJ DISCOVER 150,1
DISCOVER 150ES,BAJAJ DISCOVER 150,1
DISCOVER 150ES DISC BRAKE DTSI,BAJAJ DISCOVER 150,1
DISCOVER H DISC 150 CC,BAJAJ DISCOVER 150,1
DISCOVER-150 ES,BAJAJ DISCOVER 150,1
DISCOVER DTS - SI,BAJAJ DISCOVER DTS-SI,4
DISCOVER DTS-SI,BAJAJ DISCOVER DTS-SI,3
DISCOVER DTS,BAJAJ DISCOVER DTS-SI,2
DISCOVER DTS SI,BAJAJ DISCOVER DTS-SI,2
DISCOVER DTSI,BAJAJ DISCOVER DTS-SI,2
DISCOVER DTS - SI ES,BAJAJ DISCOVER DTS-SI,1
DISCOVER DTS I,BAJAJ DISCOVER DTS-SI,1
DISCOVER DTS SI DR BR KS,BAJAJ DISCOVER DTS-SI,1
DISCOVER DTS SI DRUM,BAJAJ DISCOVER DTS-SI,1
DISCOVER DTS SI DRUM BRAK,BAJAJ DISCOVER DTS-SI,1
DISCOVER DTS SI DRUM BRAKE ES,BAJAJ DISCOVER DTS-SI,1
DISCOVER DTS SI DRUM ES,BAJAJ DISCOVER DTS-SI,1
DISCOVER DTS SI-ES,BAJAJ DISCOVER DTS-SI,1
DISCOVER DTS-SI DRUM BRAKE ES,BAJAJ DISCOVER DTS-SI,1
DISCOVER DTS-SI DRUM BRAKE KS,BAJAJ DISCOVER DTS-SI,1
DISCOVER DTSI SI,BAJAJ DISCOVER DTS-SI,1
DISCOVER DTSSI,BAJAJ DISCOVER DTS-SI,1
DISCOVER DTSSI DRUM,BAJAJ DISCOVER DTS-SI,1
DISCOVER KS DTSI,BAJAJ DISCOVER DTS-SI,1
DISCOVER M DTS SI,BAJAJ DISCOVER DTS-SI,1
DISCOVER M DTS SI BLACK,BAJAJ DISCOVER DTS-SI,1
DISCOVER M DTS SI DR/BR ES,BAJAJ DISCOVER DTS-SI,1
DISCOVER M DTS SI E/S,BAJAJ DISCOVER DTS-SI,1
DISCOVER M DTS SI K/S,BAJAJ DISCOVER DTS-SI,1
GAMA,BAJAJ GAMA,3
GAMA CLASSIC,BAJAJ GAMA,1
GAMA TAXI,BAJAJ GAMA,1
JUDO,BAJAJ JUDO,1
JUDO DELUXE 275,BAJAJ JUDO,1
JUDO DI,BAJAJ JUDO,1
MAXIMA CARGO,BAJAJ KARGO,1
KB 100,BAJAJ KB100,2
KB 100 RTZ,BAJAJ KB100,2
KB 100 DELTA,BAJAJ KB100,1
KB 100 RT2,BAJAJ KB100,1
LEGEND,BAJAJ LEGEND,1
LEGENDNXT2,BAJAJ LEGEND,1
LEGENT 4 STROKE SCOOTER,BAJAJ LEGEND,1
MINIDOOR,BAJAJ MINIDOR,3
3 WHELER MINIDOOR,BAJAJ MINIDOR,1
MINI DOR PICKUP VAN,BAJAJ MINIDOR,1
,BAJAJ OTHER,11
PLATINA 100 ES,BAJAJ OTHER,11
PLATINA,BAJAJ OTHER,9
KTM 200 DUKE,BAJAJ OTHER,6
SUPER,BAJAJ OTHER,6
KAWASAKI 4S,BAJAJ OTHER,4
KTM 200 DUKE ABS,BAJAJ OTHER,4
MOTORCYCLE,BAJAJ OTHER,4
NOT AVAILABLE,BAJAJ OTHER,4
PLATINA 100,BAJAJ OTHER,4
PLATINA 110,BAJAJ OTHER,4
PLATINA MOTORCYCLE,BAJAJ OTHER,4
3 WHEELER,BAJAJ OTHER,3
4S CHAMPION,BAJAJ OTHER,3
AVENGER 220 DTSI,BAJAJ OTHER,3
BAJAJ,BAJAJ OTHER,3
CALIBER,BAJAJ OTHER,3
CALIBER 115,BAJAJ OTHER,3
CRUISER,BAJAJ OTHER,3
GC 1000,BAJAJ OTHER,3
KTM 390 DUKE,BAJAJ OTHER,3
MAXIMA DIESEL,BAJAJ OTHER,3
PLATINA 100 CBS,BAJAJ OTHER,3
PLATINA 100 ES L2,BAJAJ OTHER,3
SCOOTER,BAJAJ OTHER,3
SUPER SCOOTER,BAJAJ OTHER,3
V 12,BAJAJ OTHER,3
V 15,BAJAJ OTHER,3
ALTO LXI,BAJAJ OTHER,2
AR CAB,BAJAJ OTHER,2
AVENGER,BAJAJ OTHER,2
AVENGER 150 STREET,BAJAJ OTHER,2
AVENGER 160 STREET ABS,BAJAJ OTHER,2
AVENGER 180 STREET,BAJAJ OTHER,2
AVENGER 220 CRUISE,BAJAJ OTHER,2
AVENGER 220 STREET,BAJAJ OTHER,2
BYK,BAJAJ OTHER,2
CHAMPION,BAJAJ OTHER,2
CLASSIC SCOOTER,BAJAJ OTHER,2
CRUISER CLASSIC,BAJAJ OTHER,2
DELIVERY VAN,BAJAJ OTHER,2
DOMINAR D 400,BAJAJ OTHER,2
KAWASAKI,BAJAJ OTHER,2
KAWASAKI CALIBER,BAJAJ OTHER,2
KTM 250 DUKE ABS,BAJAJ OTHER,2
KTM DUKE 200,BAJAJ OTHER,2
KTM DUKE 250,BAJAJ OTHER,2
KTM RC 200,BAJAJ OTHER,2
LGV,BAJAJ OTHER,2
LMV,BAJAJ OTHER,2
M80,BAJAJ OTHER,2
MAGA MAX,BAJAJ OTHER,2
MAXIMA C CNG,BAJAJ OTHER,2
MAXIMA Z LPG,BAJAJ OTHER,2
OMINI BUS,BAJAJ OTHER,2
OTHERS,BAJAJ OTHER,2
PICK UP VAN,BAJAJ OTHER,2
PLATINA 100 CC,BAJAJ OTHER,2
PLATINA 100 ES CBS,BAJAJ OTHER,2
PLATINA 100ES L2,BAJAJ OTHER,2
PLATINA ALLOY,BAJAJ OTHER,2
PLATINA ALW,BAJAJ OTHER,2
PLATINA BLK CHROM AL 5SPK/DR F,BAJAJ OTHER,2
PLATINA DLX,BAJAJ OTHER,2
PLATINA WITH ALLOY WHEELS,BAJAJ OTHER,2
QUTE LPG,BAJAJ OTHER,2
RICKSHAW -REAR ENGIN,BAJAJ OTHER,2
SAFFIRE,BAJAJ OTHER,2
SCOOTER SUPER FE,BAJAJ OTHER,2
SUPER EXCEL,BAJAJ OTHER,2
SUPER FE,BAJAJ OTHER,2
SUPER XL,BAJAJ OTHER,2
SWIFT LXI,BAJAJ OTHER,2
TATA ACE,BAJAJ OTHER,2
THREE WHEELER,BAJAJ OTHER,2
TOWN COUNTRAY,BAJAJ OTHER,2
V12,BAJAJ OTHER,2
V15,BAJAJ OTHER,2
WAVE,BAJAJ OTHER,2
-FRONT ENGINE,BAJAJ OTHER,1
-REAR ENGINE,BAJAJ OTHER,1
-TREX,BAJAJ OTHER,1
120,BAJAJ OTHER,1
150 SCOOTER,BAJAJ OTHER,1
175 CC,BAJAJ OTHER,1
1992,BAJAJ OTHER,1
1996,BAJAJ OTHER,1
2 STROKE,BAJAJ OTHER,1
3 .W.PASSANGERS A/CAB,BAJAJ OTHER,1
3 WH AR/RE,BAJAJ OTHER,1
3 WHEELER 4 STROKE,BAJAJ OTHER,1
3 WHEELER DELIVERY VAN,BAJAJ OTHER,1
3 WHEELER GV,BAJAJ OTHER,1
3 WHEELER PASS CARRIER,BAJAJ OTHER,1
3 WHEELER PICK UP,BAJAJ OTHER,1
3 WHEELER PICKUP VAN,BAJAJ OTHER,1
3 WHEELER R E DIESEL GC BSII,BAJAJ OTHER,1
3 WHEELER R.E. DIESEL G.C.,BAJAJ OTHER,1
3 WHEELER RE4S LPG,BAJAJ OTHER,1
3 WHEELER REAR ENGINE,BAJAJ OTHER,1
3 WHLR PASSENGER,BAJAJ OTHER,1
37,BAJAJ OTHER,1
3W G C MAX,BAJAJ OTHER,1
3W R/E P.VAN,BAJAJ OTHER,1
3WGOODS CARRIERS,BAJAJ OTHER,1
3WHEELER,BAJAJ OTHER,1
3WPV,BAJAJ OTHER,1
3WRE,BAJAJ OTHER,1
4 S CAMP.,BAJAJ OTHER,1
40,BAJAJ OTHER,1
42,BAJAJ OTHER,1
4S AR A D T D M C,BAJAJ OTHER,1
4S-CHAMPION,BAJAJ OTHER,1
5-WHEELER AUTO TRACK TRAILER,BAJAJ OTHER,1
63,BAJAJ OTHER,1
68,BAJAJ OTHER,1
99,BAJAJ OTHER,1
A R CAB,BAJAJ OTHER,1
A.R CAB,BAJAJ OTHER,1
A.R.R.E. 2 S THREEWHEELER,BAJAJ OTHER,1
A/C,BAJAJ OTHER,1
AAEN0485E01VR10,BAJAJ OTHER,1
ACHIEVER VISOR DISK SELF,BAJAJ OTHER,1
ALTO LX 5 SEATER,BAJAJ OTHER,1
AR/RE,BAJAJ OTHER,1
ARCAB,BAJAJ OTHER,1
ASSEMBLY,BAJAJ OTHER,1
AUTO MEGA MAX,BAJAJ OTHER,1
AVENGER 150 STREET L2,BAJAJ OTHER,1
AVENGER 160 STREET,BAJAJ OTHER,1
AVENGER 160 STREET L2,BAJAJ OTHER,1
AVENGER 200 DTSI,BAJAJ OTHER,1
AVENGER 200 DTSI BS II,BAJAJ OTHER,1
AVENGER 220,BAJAJ OTHER,1
AVENGER 220 CRUISE ABS,BAJAJ OTHER,1
AVENGER 220 DTS-I,BAJAJ OTHER,1
AVENGER 220 DTSI ES,BAJAJ OTHER,1
AVENGER 220 STREET ABS,BAJAJ OTHER,1
AVENGER 220-CRUISE,BAJAJ OTHER,1
AVENGER 220-STREET,BAJAJ OTHER,1
AVENGER DTSI,BAJAJ OTHER,1
AVENGER-DTSI,BAJAJ OTHER,1
B SUPER,BAJAJ OTHER,1
B.CUB,BAJAJ OTHER,1
B.Y.K,BAJAJ OTHER,1
BAJAJ.M-80/99.,BAJAJ OTHER,1
BAJAJMAXIMAC-DAC,BAJAJ OTHER,1
BAJAJMAXIMACNG,BAJAJ OTHER,1
BAJAJMAXIMADIESEL,BAJAJ OTHER,1
BALWAN 400 HBT,BAJAJ OTHER,1
BKY,BAJAJ OTHER,1
BRAVO,BAJAJ OTHER,1
BRIO 1 2 S MT,BAJAJ OTHER,1
BRRAVVO,BAJAJ OTHER,1
C T 100 ALLOY,BAJAJ OTHER,1
CALIBAR,BAJAJ OTHER,1
CALIBAR 115,BAJAJ OTHER,1
CALIBER CROMA DRUM BRAKE,BAJAJ OTHER,1
CALIBER K TEK,BAJAJ OTHER,1
CARGO P VAN,BAJAJ OTHER,1
CD 100 DLX,BAJAJ OTHER,1
CHALLENGER 2650 JEEP-OB,BAJAJ OTHER,1
CITILINE,BAJAJ OTHER,1
CITY 1.5 VX MT I DTEC,BAJAJ OTHER,1
CITY 100,BAJAJ OTHER,1
CITY 100 DLX,BAJAJ OTHER,1
CLASSIC,BAJAJ OTHER,1
CLASSIC S.L,BAJAJ OTHER,1
CLASSIC SL,BAJAJ OTHER,1
COMPACT DSL,BAJAJ OTHER,1
CRUISER CLASSIC E-II,BAJAJ OTHER,1
CRUISER CLASSIC II,BAJAJ OTHER,1
CRUSER,BAJAJ OTHER,1
CRUSHER,BAJAJ OTHER,1
CRUSSER CLASSIC,BAJAJ OTHER,1
CRUZER,BAJAJ OTHER,1
CRUZER CLASSIC,BAJAJ OTHER,1
CT 125 X,BAJAJ OTHER,1
CT PLATINA,BAJAJ OTHER,1
CT-100,BAJAJ OTHER,1
CT-100 DLX,BAJAJ OTHER,1
CT.100,BAJAJ OTHER,1
CUB,BAJAJ OTHER,1
CUB 100CC,BAJAJ OTHER,1
D VAN,BAJAJ OTHER,1
D/VAN,BAJAJ OTHER,1
D104 DISCO-M,BAJAJ OTHER,1
D104 DISCO-M UG ES,BAJAJ OTHER,1
DISC 125,BAJAJ OTHER,1
DISC 150 MUN,BAJAJ OTHER,1
DISC125 DR ES,BAJAJ OTHER,1
DOMINAR D 250,BAJAJ OTHER,1
DOMINAR D 250 ABS,BAJAJ OTHER,1
DOMINAR D 400 ABS,BAJAJ OTHER,1
DRIVE AWAY CHASIS 12,BAJAJ OTHER,1
E.I.BUS.,BAJAJ OTHER,1
EXEL 2,BAJAJ OTHER,1
FE,BAJAJ OTHER,1
FORCE GURKHA FM2.6 4X4 EOV HAR,BAJAJ OTHER,1
FORD IKON 1.6 EXI,BAJAJ OTHER,1
GC MAX,BAJAJ OTHER,1
GC MAX HIGH DECK TRAY,BAJAJ OTHER,1
GC MAX PICK UP,BAJAJ OTHER,1
GC MAXX,BAJAJ OTHER,1
GC1000,BAJAJ OTHER,1
HANSEAT 3 WHEELER DIESEL VEH.,BAJAJ OTHER,1
HONDA CITY ZX 1.5 GXI,BAJAJ OTHER,1
HUSQVARNA SVARTPILEN 250,BAJAJ OTHER,1
HUSQVARNA SVARTPILEN250 ABS BS,BAJAJ OTHER,1
HUSQVARNA VITPILEN 250,BAJAJ OTHER,1
HUSQVARNA VITPILEN 250ABS,BAJAJ OTHER,1
INDICA VISTA AURA Q/JET,BAJAJ OTHER,1
INDIGO MANZA,BAJAJ OTHER,1
INNOVA,BAJAJ OTHER,1
JB MOTORCYCLE,BAJAJ OTHER,1
JEEP-O/B,BAJAJ OTHER,1
KAVASAKI,BAJAJ OTHER,1
KAWASAKI BAJAJ,BAJAJ OTHER,1
KAWASAKI CHAMPION,BAJAJ OTHER,1
KAWASAKI RTZ,BAJAJ OTHER,1
KB 125 RTZ,BAJAJ OTHER,1
KB 4S CHAMP,BAJAJ OTHER,1
KINETIC SAFARI,BAJAJ OTHER,1
KINETIC SPARK DX,BAJAJ OTHER,1
KRISTAL,BAJAJ OTHER,1
KTM 125 DUKE,BAJAJ OTHER,1
KTM 125 DUKE ABS,BAJAJ OTHER,1
KTM 200 4V,BAJAJ OTHER,1
KTM 250 DUKE,BAJAJ OTHER,1
KTM 390 DUKE ABS,BAJAJ OTHER,1
KTM RC 390,BAJAJ OTHER,1
L G V,BAJAJ OTHER,1
L.G.V.,BAJAJ OTHER,1
LMV / PICK UP,BAJAJ OTHER,1
LMV CAR,BAJAJ OTHER,1
LMV CRUISER,BAJAJ OTHER,1
LMV MOTORCYCLE,BAJAJ OTHER,1
LMV MOTORCYCLE WITH GEAR,BAJAJ OTHER,1
LMV O/B,BAJAJ OTHER,1
LMV OB,BAJAJ OTHER,1
LMV OMNI BUS,BAJAJ OTHER,1
LMV TAXI,BAJAJ OTHER,1
LMV/3WGV,BAJAJ OTHER,1
LMV/3WPV,BAJAJ OTHER,1
LUXURY TAXI,BAJAJ OTHER,1
M 80,BAJAJ OTHER,1
M-80,BAJAJ OTHER,1
M-80 MAJOR,BAJAJ OTHER,1
M50,BAJAJ OTHER,1
MAHINDRA,BAJAJ OTHER,1
MAHINDRA JEEP,BAJAJ OTHER,1
MARUTI 800,BAJAJ OTHER,1
MARUTI 800 MPI STD,BAJAJ OTHER,1
MARUTI SX4 VXI,BAJAJ OTHER,1
MATADOR F 307,BAJAJ OTHER,1
MATADOR MAX F-305 WB-2400,BAJAJ OTHER,1
MATADOR MAX F-307 WB-2400,BAJAJ OTHER,1
MATADOR R.307-B,BAJAJ OTHER,1
MATADOR R307,BAJAJ OTHER,1
MATADOR RA 307,BAJAJ OTHER,1
MAX HIDECK CNG,BAJAJ OTHER,1
MAXI CAB,BAJAJ OTHER,1
MAXIMA C CNG DAC,BAJAJ OTHER,1
MAXIMA C CNG GOODSCARIER,BAJAJ OTHER,1
MAXIMA CARGO CNG,BAJAJ OTHER,1
MAXIMA CARGO E-TEC 12.0 XL,BAJAJ OTHER,1
MAXIMA CNG,BAJAJ OTHER,1
MAXIMA CNG D 5,BAJAJ OTHER,1
MAXIMA Z CNG,BAJAJ OTHER,1
MAXIMA Z DIESEL,BAJAJ OTHER,1
MCY,BAJAJ OTHER,1
MEGA MAX,BAJAJ OTHER,1
MEGA MAX 3 WHEALER,BAJAJ OTHER,1
MEGA RXE PASSANGER,BAJAJ OTHER,1
METARDOR F307,BAJAJ OTHER,1
MOPED,BAJAJ OTHER,1
MOTER CYCLE,BAJAJ OTHER,1
MOTERCYCLE,BAJAJ OTHER,1
MOTOR CAB,BAJAJ OTHER,1
MOTORCYCLE PLATINA,BAJAJ OTHER,1
MOTORCYCLE WITH GEAR,BAJAJ OTHER,1
NA,BAJAJ OTHER,1
NINJA 650R,BAJAJ OTHER,1
NOT KNOWN,BAJAJ OTHER,1
OM 616,BAJAJ OTHER,1
OMNI BUS,BAJAJ OTHER,1
OMNI BUS MCB,BAJAJ OTHER,1
OMNI MPI STD BS,BAJAJ OTHER,1
P.V,BAJAJ OTHER,1
P/VAN,BAJAJ OTHER,1
PATINA ALLOY,BAJAJ OTHER,1
PICK UP GC 1000,BAJAJ OTHER,1
PICKUP VAN,BAJAJ OTHER,1
PICKUP WITH 3050 MMWB,BAJAJ OTHER,1
PIRYA,BAJAJ OTHER,1
PITHAMPUR M.P.454 775,BAJAJ OTHER,1
PLATENA,BAJAJ OTHER,1
PLATENA 100,BAJAJ OTHER,1
PLATINA - BS II,BAJAJ OTHER,1
PLATINA -UG 125CC DRUM BRAKE -,BAJAJ OTHER,1
PLATINA 100 ALLOY ES,BAJAJ OTHER,1
PLATINA 100 ALLOY KS,BAJAJ OTHER,1
PLATINA 100 BLACK,BAJAJ OTHER,1
PLATINA 100 BLACK NO COLOR,BAJAJ OTHER,1
PLATINA 100 BLACK-NO COLOR,BAJAJ OTHER,1
PLATINA 100 L2,BAJAJ OTHER,1
PLATINA 100C,BAJAJ OTHER,1
PLATINA 100CC,BAJAJ OTHER,1
PLATINA 100ES,BAJAJ OTHER,1
PLATINA 110 2WHL L2,BAJAJ OTHER,1
PLATINA 110 WITH 5 SPEED GEARB,BAJAJ OTHER,1
PLATINA 110H DISC L2,BAJAJ OTHER,1
PLATINA 110H DRUM L2,BAJAJ OTHER,1
PLATINA 125,BAJAJ OTHER,1
PLATINA 125 DR BR ES,BAJAJ OTHER,1
PLATINA 125 DTS SI,BAJAJ OTHER,1
PLATINA 125 DTS-SI,BAJAJ OTHER,1
PLATINA 125 E.S,BAJAJ OTHER,1
PLATINA 125 ES,BAJAJ OTHER,1
PLATINA 125 S/S,BAJAJ OTHER,1
PLATINA A W,BAJAJ OTHER,1
PLATINA A/W,BAJAJ OTHER,1
PLATINA A/W MOTORCYCLE,BAJAJ OTHER,1
PLATINA AL,BAJAJ OTHER,1
PLATINA ALLOY EURO,BAJAJ OTHER,1
PLATINA ALLOY WHEEL,BAJAJ OTHER,1
PLATINA ALLOYS,BAJAJ OTHER,1
PLATINA ALLOYS M,BAJAJ OTHER,1
PLATINA AW,BAJAJ OTHER,1
PLATINA AW BAJAJ,BAJAJ OTHER,1
PLATINA BM 125,BAJAJ OTHER,1
PLATINA ES,BAJAJ OTHER,1
PLATINA ES UG,BAJAJ OTHER,1
PLATINA L BEACH BLUE AL 5SPK/D,BAJAJ OTHER,1
PLATINA SW,BAJAJ OTHER,1
PLATINA UPGRADE,BAJAJ OTHER,1
PLATINA-ALLOY WHEELS- BLUE RED,BAJAJ OTHER,1
PLATINA-ALLOY WHEELS- SLV GRY,BAJAJ OTHER,1
PLATINA.,BAJAJ OTHER,1
PLATINA100 ES,BAJAJ OTHER,1
PLATINABM 125ES LGSG,BAJAJ OTHER,1
PRIYA,BAJAJ OTHER,1
PRIYA 5TD,BAJAJ OTHER,1
PRIYA SCOOTER,BAJAJ OTHER,1
PROWLER,BAJAJ OTHER,1
PUBAV,BAJAJ OTHER,1
PULSOR/180 M /CYCLE,BAJAJ OTHER,1
QUALIS 2.4 FS,BAJAJ OTHER,1
QUTE,BAJAJ OTHER,1
QUTE Q CAR,BAJAJ OTHER,1
QUTE QCAR QDRCYCLE/PSGL7 M,BAJAJ OTHER,1
R E 25,BAJAJ OTHER,1
R E DIESEL P V GOODS,BAJAJ OTHER,1
R.E. OPTIMA LPG THREE WHEELER,BAJAJ OTHER,1
R/E,BAJAJ OTHER,1
RAIDER MOTORCYCLE,BAJAJ OTHER,1
RAVE SCOOTER,BAJAJ OTHER,1
RC 125 ABS,BAJAJ OTHER,1
RC 200 ABS,BAJAJ OTHER,1
RC200 L2,BAJAJ OTHER,1
RE/AR 2S CNG,BAJAJ OTHER,1
RE445DIESEL,BAJAJ OTHER,1
RECOMPACTCNG,BAJAJ OTHER,1
REGDI,BAJAJ OTHER,1
RF100,BAJAJ OTHER,1
SANTRO XO E III,BAJAJ OTHER,1
SCOOTOR,BAJAJ OTHER,1
SCOOTY,BAJAJ OTHER,1
SCRAMBLER 400 X,BAJAJ OTHER,1
SFC 407 EX 3100 WB TRUCK LO,BAJAJ OTHER,1
SFC 407/31 CLB EX BS2,BAJAJ OTHER,1
SPEED 400,BAJAJ OTHER,1
SPICE,BAJAJ OTHER,1
SPIRIT,BAJAJ OTHER,1
SPIRIT 70,BAJAJ OTHER,1
SPIRIT AUTOMATIC,BAJAJ OTHER,1
STRIDE,BAJAJ OTHER,1
SUPER BASIC,BAJAJ OTHER,1
SUPER FE METALIC 125,BAJAJ OTHER,1
SUPER LC,BAJAJ OTHER,1
SUPER METLIC L.C.,BAJAJ OTHER,1
SUPER ORD,BAJAJ OTHER,1
SUZUKI MAX 100R,BAJAJ OTHER,1
SWIFT VDI,BAJAJ OTHER,1
SWIFT VXI,BAJAJ OTHER,1
TATA,BAJAJ OTHER,1
TATA 407SFC,BAJAJ OTHER,1
TATA ACE BS II,BAJAJ OTHER,1
TATA ACE HT E-3,BAJAJ OTHER,1
TATA LPK 407 EX,BAJAJ OTHER,1
TATA LPT 1613/42,BAJAJ OTHER,1
TATA LPT 909/EX,BAJAJ OTHER,1
TATA MODEL - 407,BAJAJ OTHER,1
TATA SFC 407/31,BAJAJ OTHER,1
THREE WHEELER R.E.DIESEL,BAJAJ OTHER,1
TOOFAN,BAJAJ OTHER,1
TOOFAN HARD TOP DI,BAJAJ OTHER,1
TOOFAN HARD TOP DI 4X2 BSII,BAJAJ OTHER,1
TOOFAN HARDTOP DI 4X2,BAJAJ OTHER,1
TOURER,BAJAJ OTHER,1
TRUMP PICKUP 2370 MM,BAJAJ OTHER,1
TT DV,BAJAJ OTHER,1
TUFAN,BAJAJ OTHER,1
V-12,BAJAJ OTHER,1
V-15,BAJAJ OTHER,1
VICTOR GLX,BAJAJ OTHER,1
VIKRANT V 15,BAJAJ OTHER,1
WAGON R LXI BS,BAJAJ OTHER,1
WAGON R LXI DUO,BAJAJ OTHER,1
WAGON R VXI BS,BAJAJ OTHER,1
XCD135,BAJAJ OTHER,1
YAMAHA RX 100,BAJAJ OTHER,1
ZEN LXI - ESTIL,BAJAJ OTHER,1
ZEN VXI - ESTIL,BAJAJ OTHER,1
PULSAR,BAJAJ PULSAR,4
PULSAR 135 LS,BAJAJ PULSAR,4
PULSAR 135,BAJAJ PULSAR,3
PULSAR ES,BAJAJ PULSAR,2
RC 200,BAJAJ PULSAR,2
150,BAJAJ PULSAR,1
2,BAJAJ PULSAR,1
22,BAJAJ PULSAR,1
AR,BAJAJ PULSAR,1
MOTORCYCLE PULSAR,BAJAJ PULSAR,1
PULSAR -135 -LS,BAJAJ PULSAR,1
PULSAR 135 DTS,BAJAJ PULSAR,1
PULSAR 135 LS DISC,BAJAJ PULSAR,1
PULSAR 135 LS UG,BAJAJ PULSAR,1
PULSAR 135CC S/S,BAJAJ PULSAR,1
PULSAR 135LS,BAJAJ PULSAR,1
PULSAR BS II,BAJAJ PULSAR,1
PULSAR D.T.S.I,BAJAJ PULSAR,1
PULSAR DTS,BAJAJ PULSAR,1
PULSAR DTSI,BAJAJ PULSAR,1
PULSAR F 250,BAJAJ PULSAR,1
PULSAR MOTORCYCLE,BAJAJ PULSAR,1
PULSAR N 250,BAJAJ PULSAR,1
PULSAR UG,BAJAJ PULSAR,1
PULSOR 150,BAJAJ PULSAR,1
RC 125,BAJAJ PULSAR,1
PULSAR 125 DTS-I,BAJAJ PULSAR 125,3
PULSAR 125 DTS-I L2,BAJAJ PULSAR 125,2
PULSAR NS 125,BAJAJ PULSAR 125,2
PULSAR 125,BAJAJ PULSAR 125,1
PULSAR 125 DISC L2,BAJAJ PULSAR 125,1
PULSAR 125 DTS-I CBS,BAJAJ PULSAR 125,1
PULSAR 125 DTS-I SS,BAJAJ PULSAR 125,1
PULSAR 125 DTS-I SS CBS,BAJAJ PULSAR 125,1
PULSAR 125 DTSI L2,BAJAJ PULSAR 125,1
PULSAR 125 NS 2WHEEL L2,BAJAJ PULSAR 125,1
PULSAR 150,BAJAJ PULSAR 150,10
PULSAR 150 DTS-I,BAJAJ PULSAR 150,7
PULSAR 150 DTS I,BAJAJ PULSAR 150,5
PULSAR 150 DTSI,BAJAJ PULSAR 150,4
PULSAR 150 DTS I UG 4.5,BAJAJ PULSAR 150,3
PULSAR 150 DTS-I ABS,BAJAJ PULSAR 150,3
PULSAR 150 DTSI UG3 ES,BAJAJ PULSAR 150,2
PULSAR 150 UG 4.5,BAJAJ PULSAR 150,2
PULSAR 150- DTS-I UG-4.5,BAJAJ PULSAR 150,2
PULSAR AS 150,BAJAJ PULSAR 150,2
PULSAR-150,BAJAJ PULSAR 150,2
PULSAR 150 4.5 UG,BAJAJ PULSAR 150,1
PULSAR 150 AS,BAJAJ PULSAR 150,1
PULSAR 150 BLACK,BAJAJ PULSAR 150,1
PULSAR 150 BS-II,BAJAJ PULSAR 150,1
PULSAR 150 CC,BAJAJ PULSAR 150,1
PULSAR 150 CC ELECTRIC START,BAJAJ PULSAR 150,1
PULSAR 150 D.T.S.I.,BAJAJ PULSAR 150,1
PULSAR 150 DT SI ES,BAJAJ PULSAR 150,1
PULSAR 150 DTS -I,BAJAJ PULSAR 150,1
PULSAR 150 DTS -I BSII,BAJAJ PULSAR 150,1
PULSAR 150 DTS 1 UG4 ES,BAJAJ PULSAR 150,1
PULSAR 150 DTS I DISC,BAJAJ PULSAR 150,1
PULSAR 150 DTS I UG4,BAJAJ PULSAR 150,1
PULSAR 150 DTS _1,BAJAJ PULSAR 150,1
PULSAR 150 DTS-,BAJAJ PULSAR 150,1
PULSAR 150 DTS-I -PH2,BAJAJ PULSAR 150,1
PULSAR 150 DTS-I ABS L2,BAJAJ PULSAR 150,1
PULSAR 150 DTS-I L2,BAJAJ PULSAR 150,1
PULSAR 150 DTS-I-BSII,BAJAJ PULSAR 150,1
PULSAR 150 DTSI UG3,BAJAJ PULSAR 150,1
PULSAR 150 DTSI UG4,BAJAJ PULSAR 150,1
PULSAR 150 DTSI UG4.5,BAJAJ PULSAR 150,1
PULSAR 150 ES,BAJAJ PULSAR 150,1
PULSAR 150 ES DBR,BAJAJ PULSAR 150,1
PULSAR 150 ES DBR BS II,BAJAJ PULSAR 150,1
PULSAR 150 ES DTSI,BAJAJ PULSAR 150,1
PULSAR 150 ES UG 3AW,BAJAJ PULSAR 150,1
PULSAR 150 ES UG 4,BAJAJ PULSAR 150,1
PULSAR 150 ESUG4.5,BAJAJ PULSAR 150,1
PULSAR 150 KS,BAJAJ PULSAR 150,1
PULSAR 150 S/S AL,BAJAJ PULSAR 150,1
PULSAR 150 SS DTSI FR,BAJAJ PULSAR 150,1
PULSAR 150 SS UG3,BAJAJ PULSAR 150,1
PULSAR 150 UG,BAJAJ PULSAR 150,1
PULSAR 150 UG 4.5 ES A.W.,BAJAJ PULSAR 150,1
PULSAR 150 UG III,BAJAJ PULSAR 150,1
PULSAR 150 UG4,BAJAJ PULSAR 150,1
PULSAR 150 UG4 EX,BAJAJ PULSAR 150,1
PULSAR 150 UG4.5,BAJAJ PULSAR 150,1
PULSAR 150 UG5 ES,BAJAJ PULSAR 150,1
PULSAR 150 UGS ES,BAJAJ PULSAR 150,1
PULSAR 150AS,BAJAJ PULSAR 150,1
PULSAR 150CC,BAJAJ PULSAR 150,1
PULSAR 150CC EL,BAJAJ PULSAR 150,1
PULSAR 150DTS I UG 4.5,BAJAJ PULSAR 150,1
PULSAR 150DTS-I,BAJAJ PULSAR 150,1
PULSAR 150DTSI E. START,BAJAJ PULSAR 150,1
PULSAR 150DTSI F.D.BRAKE,BAJAJ PULSAR 150,1
PULSAR 150DTSIUG4.5,BAJAJ PULSAR 150,1
PULSAR 150ES UG4,BAJAJ PULSAR 150,1
PULSAR 150ESDT,BAJAJ PULSAR 150,1
PULSAR 150K S,BAJAJ PULSAR 150,1
PULSAR P 150,BAJAJ PULSAR 150,1
PULSAR P 150 -PH2,BAJAJ PULSAR 150,1
PULSAR-150 DTS,BAJAJ PULSAR 150,1
PULSAR-150 DTS-I,BAJAJ PULSAR 150,1
PULSAR-150 DTSI E S,BAJAJ PULSAR 150,1
PULSAR150,BAJAJ PULSAR 150,1
PULSAR150 DTSI,BAJAJ PULSAR 150,1
PULSAR150 DTSI NEON L2,BAJAJ PULSAR 150,1
PULSAR150 DTSI SNGLDISC L2,BAJAJ PULSAR 150,1
PULSAR150 DTSI TWINDISC L2,BAJAJ PULSAR 150,1
PULSAR 180,BAJAJ PULSAR 180,4
PULSAR 180 DTS-I,BAJAJ PULSAR 180,4
PULSAR 180 DTS I,BAJAJ PULSAR 180,2
PULSAR 180 ES,BAJAJ PULSAR 180,2
PULSAR 180 CC,BAJAJ PULSAR 180,1
PULSAR 180 D.T.S.I.,BAJAJ PULSAR 180,1
PULSAR 180 DTS,BAJAJ PULSAR 180,1
PULSAR 180 DTS-I ABS,BAJAJ PULSAR 180,1
PULSAR 180 DTS-I UG 4.5,BAJAJ PULSAR 180,1
PULSAR 180 DTSI,BAJAJ PULSAR 180,1
PULSAR 180 DTSI UG4,BAJAJ PULSAR 180,1
PULSAR 180 ES BSII,BAJAJ PULSAR 180,1
PULSAR 180 ES DBR BS II,BAJAJ PULSAR 180,1
PULSAR 180 ES UG3,BAJAJ PULSAR 180,1
PULSAR 180 ES UG4,BAJAJ PULSAR 180,1
PULSAR 180 S/S MOTORCYCLE,BAJAJ PULSAR 180,1
PULSAR 180 UG IV,BAJAJ PULSAR 180,1
PULSAR 180 UG3 ES,BAJAJ PULSAR 180,1
PULSAR 180 UG4,BAJAJ PULSAR 180,1
PULSAR 180 UG4 BLACK-NO COLOR,BAJAJ PULSAR 180,1
PULSAR 180 UG4 ES A.W.,BAJAJ PULSAR 180,1
PULSAR 180CC,BAJAJ PULSAR 180,1
PULSAR 180CC ES,BAJAJ PULSAR 180,1
PULSAR 180CC ES UG4,BAJAJ PULSAR 180,1
PULSAR 180ES UG4,BAJAJ PULSAR 180,1
PULSAR NS 200,BAJAJ PULSAR 200,5
PULSAR RS 200,BAJAJ PULSAR 200,3
PULSAR 200,BAJAJ PULSAR 200,2
PULSAR 200 NS,BAJAJ PULSAR 200,2
PULSAR 200 DTS I,BAJAJ PULSAR 200,1
PULSAR 200 DTS-I,BAJAJ PULSAR 200,1
PULSAR 200 DTSI,BAJAJ PULSAR 200,1
PULSAR 200 ES,BAJAJ PULSAR 200,1
PULSAR 200CC,BAJAJ PULSAR 200,1
PULSAR 200NS,BAJAJ PULSAR 200,1
PULSAR AS 200,BAJAJ PULSAR 200,1
PULSAR NS 200 -PH2,BAJAJ PULSAR 200,1
PULSAR NS 200 ABS,BAJAJ PULSAR 200,1
PULSAR RS 200 L2,BAJAJ PULSAR 200,1
PULSAR 220 DTS-I F,BAJAJ PULSAR 220,4
PULSAR 220,BAJAJ PULSAR 220,2
PULSAR 220 DTS IF,BAJAJ PULSAR 220,2
PULSAR 220 DTS-I,BAJAJ PULSAR 220,2
PULSAR 220 DTS-I F ABS,BAJAJ PULSAR 220,2
PULSAR 220 DTSFI,BAJAJ PULSAR 220,2
PULSAR 220 DTSI,BAJAJ PULSAR 220,2
PULSAR 220 SF,BAJAJ PULSAR 220,2
PULSAR220 DTS-IF L2,BAJAJ PULSAR 220,2
PULSAR 220 CC,BAJAJ PULSAR 220,1
PULSAR 220 DT SF I,BAJAJ PULSAR 220,1
PULSAR 220 DTS -I,BAJAJ PULSAR 220,1
PULSAR 220 DTS I F,BAJAJ PULSAR 220,1
PULSAR 220 DTS-F,BAJAJ PULSAR 220,1
PULSAR 220 DTS-FI,BAJAJ PULSAR 220,1
PULSAR 220 DTS-I F L2,BAJAJ PULSAR 220,1
PULSAR 220 DTS-I-SF,BAJAJ PULSAR 220,1
PULSAR 220 DTS-IF,BAJAJ PULSAR 220,1
PULSAR 220 DTSF I,BAJAJ PULSAR 220,1
PULSAR 220 DTSI F ABS L2,BAJAJ PULSAR 220,1
PULSAR 220 DTSI-SF,BAJAJ PULSAR 220,1
PULSAR 220 ES UG 3 AW,BAJAJ PULSAR 220,1
PULSAR 220 FIES,BAJAJ PULSAR 220,1
PULSAR 220 S/S,BAJAJ PULSAR 220,1
PULSAR DTS FI 220 BS II,BAJAJ PULSAR 220,1
PULSAR-220 SF ES,BAJAJ PULSAR 220,1
PULSAR220,BAJAJ PULSAR 220,1
PULSAR N 160,BAJAJ PULSAR N160,1
PULSAR N 160 -PH2,BAJAJ PULSAR N160,1
PULSAR NS 160 ABS,BAJAJ PULSAR NS,3
PULSAR 160 NS,BAJAJ PULSAR NS,1
PULSAR NS 160,BAJAJ PULSAR NS,1
PULSAR NS 160 L2,BAJAJ PULSAR NS,1
PULSAR NS160 2WHL L2,BAJAJ PULSAR NS,1
AUTORICKSHAW RE 2S,BAJAJ RE 2S,3
3WRE 2S AD CAT UG,BAJAJ RE 2S,1
AUTORICKSHAW 2S,BAJAJ RE 2S,1
FE 2S,BAJAJ RE 2S,1
RE 2STR P/ CNG PASS.AUTORICKSHAW,BAJAJ RE 2S,1
RE AUTORICKSHAW 2S,BAJAJ RE 2S,1
RE COMPACT 2S,BAJAJ RE 2S,1
RE COMPACT CNG 2S ES,BAJAJ RE 2S,1
RE2SCOMPACT,BAJAJ RE 2S,1
RE2STR PETROL PASS.AR,BAJAJ RE 2S,1
RE COMPACT 4S,BAJAJ RE 4S,2
RICKSHAW RE 4S,BAJAJ RE 4S,2
4STROKE AUTORICKSHAW,BAJAJ RE 4S,1
RE 4 STROKE A RIKSHAW,BAJAJ RE 4S,1
RE 445 D 4STROKE,BAJAJ RE 4S,1
RE 445 DIESEL 4S,BAJAJ RE 4S,1
RE 4S,BAJAJ RE 4S,1
RE 4S MAXIMA CARGO,BAJAJ RE 4S,1
RE COMPACT PETROL 4S,BAJAJ RE 4S,1
RE PETROL 4S,BAJAJ RE 4S,1
RE 205 4S LPG,BAJAJ RE 4S LPG,2
RE 4S LPG AUTO,BAJAJ RE 4S LPG,2
RE LPG 4S,BAJAJ RE 4S LPG,2
3WH 4S RE LPG DLX200,BAJAJ RE 4S LPG,1
AUTORICKSHAW 4 STROKE LPG,BAJAJ RE 4S LPG,1
AUTORICKSHAW OPERATION ON LPG 4S,BAJAJ RE 4S LPG,1
AUTORICKSHAWCAB OPERATION ON LPG 4S,BAJAJ RE 4S LPG,1
AUTORICKSHAWCAB OPERATION ON LPG4S,BAJAJ RE 4S LPG,1
RE 205 LPG 4S 3 W P V,BAJAJ RE 4S LPG,1
RE 4 STROKE 205 LPG,BAJAJ RE 4S LPG,1
RE 4S LPG,BAJAJ RE 4S LPG,1
RE 4STROKE 205 LPG,BAJAJ RE 4S LPG,1
RE AUTORIKSHA LPG 4STR,BAJAJ RE 4S LPG,1
RE COM LPG 4S,BAJAJ RE 4S LPG,1
RE COMPACT LPG 4S,BAJAJ RE 4S LPG,1
RE COMPACT LPG 4S 3WHL P V,BAJAJ RE 4S LPG,1
RE COMPACT LPG/PETROL 4S,BAJAJ RE 4S LPG,1
AUTORICKSHAW,BAJAJ RE AUTORICKSHAW,7
3 WHEELER AUTORICKSHAW,BAJAJ RE AUTORICKSHAW,6
RE COMPACT CNG,BAJAJ RE AUTORICKSHAW,5
AUTORICKSHAW CAB,BAJAJ RE AUTORICKSHAW,4
RE AUTORICKSHAW,BAJAJ RE AUTORICKSHAW,4
RE CNG 4S FI,BAJAJ RE AUTORICKSHAW,4
RE COMPACT DIESEL,BAJAJ RE AUTORICKSHAW,4
FE AUTORICKSHAW,BAJAJ RE AUTORICKSHAW,3
RE 145,BAJAJ RE AUTORICKSHAW,3
RE 205 D LPG,BAJAJ RE AUTORICKSHAW,3
RE COMPACT LPG,BAJAJ RE AUTORICKSHAW,3
RE DIESEL,BAJAJ RE AUTORICKSHAW,3
RE OPTIMA LPG,BAJAJ RE AUTORICKSHAW,3
RIKSHA RE,BAJAJ RE AUTORICKSHAW,3
AUTO RICKSHAW,BAJAJ RE AUTORICKSHAW,2
RE,BAJAJ RE AUTORICKSHAW,2
RE 205 CNG,BAJAJ RE AUTORICKSHAW,2
RE 205 LPG,BAJAJ RE AUTORICKSHAW,2
RE AUTO,BAJAJ RE AUTORICKSHAW,2
RE COMPACT PETROL,BAJAJ RE AUTORICKSHAW,2
RE PETROL,BAJAJ RE AUTORICKSHAW,2
150 RE,BAJAJ RE AUTORICKSHAW,1
2 STROKE RE,BAJAJ RE AUTORICKSHAW,1
3 WH.AUTORICKSHAW LPG/PETROL,BAJAJ RE AUTORICKSHAW,1
3 WHR AUTORICKSHAW PRIVATE,BAJAJ RE AUTORICKSHAW,1
3W RE DIESEL AUTORIKSHAW,BAJAJ RE AUTORICKSHAW,1
3W RE E AUTO BS II,BAJAJ RE AUTORICKSHAW,1
3WHEELER R.E.2 STROKE CNG AUTORICKSHAW,BAJAJ RE AUTORICKSHAW,1
3WR AUTO RE 205 LPG/P,BAJAJ RE AUTORICKSHAW,1
AUTO RE DIESEL,BAJAJ RE AUTORICKSHAW,1
AUTO RICKSHA CAB,BAJAJ RE AUTORICKSHAW,1
AUTORICKSHAW OPERATION ON LPG,BAJAJ RE AUTORICKSHAW,1
AUTORICKSHAW RE,BAJAJ RE AUTORICKSHAW,1
AUTORIKSHAW MOTOR CAB,BAJAJ RE AUTORICKSHAW,1
AUTORIKSHAW R .E.,BAJAJ RE AUTORICKSHAW,1
BAJAJ3 WRE PASS AR ANTIDIVE,BAJAJ RE AUTORICKSHAW,1
FE AUTORIKSHAW,BAJAJ RE AUTORICKSHAW,1
LMV AUTORICKSHAW,BAJAJ RE AUTORICKSHAW,1
LMV AUTORIKSHAW,BAJAJ RE AUTORICKSHAW,1
LMV RE AUTORIKSHAW,BAJAJ RE AUTORICKSHAW,1
MAGA MAX D/AUTORICKSHAW,BAJAJ RE AUTORICKSHAW,1
MINIDOOR AUTORICKSHAW,BAJAJ RE AUTORICKSHAW,1
MINIDOR AUTORICKSHAW,BAJAJ RE AUTORICKSHAW,1
NEW BRAND ASSY RE 205D,BAJAJ RE AUTORICKSHAW,1
PASSANGER AUTORICKSHAW,BAJAJ RE AUTORICKSHAW,1
RE 145 3 WHEELER,BAJAJ RE AUTORICKSHAW,1
RE 145 CNG,BAJAJ RE AUTORICKSHAW,1
RE 205,BAJAJ RE AUTORICKSHAW,1
RE 205 D,BAJAJ RE AUTORICKSHAW,1
RE 205 D COMP,BAJAJ RE AUTORICKSHAW,1
RE 205 M LPG,BAJAJ RE AUTORICKSHAW,1
RE 3 WHEELER AUTORICKSHAWIXA CNG/PETROL,BAJAJ RE AUTORICKSHAW,1
RE 3W AUTORICKSHAW,BAJAJ RE AUTORICKSHAW,1
RE 445 DIESEL,BAJAJ RE AUTORICKSHAW,1
RE AUTORICKSHA,BAJAJ RE AUTORICKSHAW,1
RE AUTORIKSHA,BAJAJ RE AUTORICKSHAW,1
RE AUTORIKSHA LPG 2 STROKE,BAJAJ RE AUTORICKSHAW,1
RE CARGO,BAJAJ RE AUTORICKSHAW,1
RE CNG,BAJAJ RE AUTORICKSHAW,1
RE CNG 4S FI WITH LH GAS,BAJAJ RE AUTORICKSHAW,1
RE COMPACT,BAJAJ RE AUTORICKSHAW,1
RE COMPACT CNG L5M,BAJAJ RE AUTORICKSHAW,1
RE COMPACT DIESEL.,BAJAJ RE AUTORICKSHAW,1
RE COMPACT LPG THL,BAJAJ RE AUTORICKSHAW,1
RE COMPACT PETROL ES,BAJAJ RE AUTORICKSHAW,1
RE COMPACT PLUS LPG BS,BAJAJ RE AUTORICKSHAW,1
RE COMPECT,BAJAJ RE AUTORICKSHAW,1
RE DIESEL G R,BAJAJ RE AUTORICKSHAW,1
RE GC 1000 HI DECK,BAJAJ RE AUTORICKSHAW,1
RE LPG,BAJAJ RE AUTORICKSHAW,1
RE LPG COMPACT,BAJAJ RE AUTORICKSHAW,1
RE MAXMIA,BAJAJ RE AUTORICKSHAW,1
RE OPTIMA CNG,BAJAJ RE AUTORICKSHAW,1
SWIFT DZIRE LXI,BAJAJ RE AUTORICKSHAW,1
SWIFT DZIRE VXI,BAJAJ RE AUTORICKSHAW,1
RE COMPACT CNG 4S,BAJAJ RE CNG,2
AR CNG,BAJAJ RE CNG,1
QUTE CNG,BAJAJ RE CNG,1
RE CNG 4S,BAJAJ RE CNG,1
RE COMPACT CNG 4S L5M,BAJAJ RE CNG,1
RE OPTIMA CNG 4S,BAJAJ RE CNG,1
RE MAXIMA C,BAJAJ RE MAXIMA,6
MAXIMA C,BAJAJ RE MAXIMA,3
RE MAXIMA,BAJAJ RE MAXIMA,2
RE MAXIMA DIESEL,BAJAJ RE MAXIMA,2
MAXIMA,BAJAJ RE MAXIMA,1
RE MAXIMA CARGO,BAJAJ RE MAXIMA,1
RE MAXIMA CARGO DSL,BAJAJ RE MAXIMA,1
RE MEGA BAJAJ,BAJAJ RE MAXIMA,1
SUNNY ZIP,BAJAJ SUNNY,3
SUNNY,BAJAJ SUNNY,2
SUNNY SPICE,BAJAJ SUNNY,2
SUNNY SCOOTER,BAJAJ SUNNY,1
TEMPO 307,BAJAJ TEMPO 307,1
TEMPO KARGO KING,BAJAJ TEMPO KARGO KING,1
MINIDOR,BAJAJ TEMPO MINIDOR,2
3 W MINIDOR,BAJAJ TEMPO MINIDOR,1
3 WHELER MINIDOR,BAJAJ TEMPO MINIDOR,1
MINIDOR AR,BAJAJ TEMPO MINIDOR,1
MINIDOR AUTORIKSHAW,BAJAJ TEMPO MINIDOR,1
MINIDOR DELIVERY VAN,BAJAJ TEMPO MINIDOR,1
MINIDOR P/V 3 WHEELER,BAJAJ TEMPO MINIDOR,1
MINIDOR PICK UP,BAJAJ TEMPO MINIDOR PICKUP,4
MINIDOR PICK UP VAN,BAJAJ TEMPO MINIDOR PICKUP,1
TEMPO 3WHLR MINIDOR PICKUP VAN,BAJAJ TEMPO MINIDOR PICKUP,1
TEMPO TRAX,BAJAJ TEMPO OTHER,9
TEMPO,BAJAJ TEMPO OTHER,5
TEMPO TRAX CRUISER,BAJAJ TEMPO OTHER,5
TEMPO CRUISER,BAJAJ TEMPO OTHER,4
TEMPO TRAX TOOFAN,BAJAJ TEMPO OTHER,4
TEMPO TOOFAN,BAJAJ TEMPO OTHER,3
TEMPO TRAX CRUSER,BAJAJ TEMPO OTHER,3
TEMPO TRAX T C,BAJAJ TEMPO OTHER,3
TRAX CRUISER CLASSIC,BAJAJ TEMPO OTHER,3
TRAXX TOOFAN,BAJAJ TEMPO OTHER,3
MAXI CAB TEMPO,BAJAJ TEMPO OTHER,2
TEMP TRAX,BAJAJ TEMPO OTHER,2
TEMPO LOADING BAJAJTEMPO,BAJAJ TEMPO OTHER,2
TEMPO TRAX DI,BAJAJ TEMPO OTHER,2
TEMPO TRAX PICK UP,BAJAJ TEMPO OTHER,2
BAJAJTEMPO TRAX TOOFAN,BAJAJ TEMPO OTHER,1
FORCE TRAX CRUISER,BAJAJ TEMPO OTHER,1
FORCE TRAX CRUISER 3050 MM WB,BAJAJ TEMPO OTHER,1
FORCE TRAX CRUSER,BAJAJ TEMPO OTHER,1
LPSV TEMPO,BAJAJ TEMPO OTHER,1
MAXICAB TEMPO,BAJAJ TEMPO OTHER,1
MINIDOOR PICKUP TEMPO,BAJAJ TEMPO OTHER,1
T/TRAX P VAN 3050,BAJAJ TEMPO OTHER,1
TEMO TRAX TOOFAN,BAJAJ TEMPO OTHER,1
TEMP TOOFAN,BAJAJ TEMPO OTHER,1
TEMPO 3 WHEELER MINIDOOR AR,BAJAJ TEMPO OTHER,1
TEMPO 3-W HANSEAT,BAJAJ TEMPO OTHER,1
TEMPO 3WHEELER MINIDOOR PICKUP,BAJAJ TEMPO OTHER,1
TEMPO BALWAN 450,BAJAJ TEMPO OTHER,1
TEMPO CHALLENGER,BAJAJ TEMPO OTHER,1
TEMPO CRUISER 10 DI4X2 BSII,BAJAJ TEMPO OTHER,1
TEMPO CRUSER,BAJAJ TEMPO OTHER,1
TEMPO EXCEL,BAJAJ TEMPO OTHER,1
TEMPO EXCEL 2,BAJAJ TEMPO OTHER,1
TEMPO EXCEL 3,BAJAJ TEMPO OTHER,1
TEMPO EXCEL 3 GV,BAJAJ TEMPO OTHER,1
TEMPO EXCEL 4 PICKUP GC,BAJAJ TEMPO OTHER,1
TEMPO GAMA,BAJAJ TEMPO OTHER,1
TEMPO IIEG KARGO 3050MM,BAJAJ TEMPO OTHER,1
TEMPO JEEP,BAJAJ TEMPO OTHER,1
TEMPO KARGO,BAJAJ TEMPO OTHER,1
TEMPO OX-35/TRACTOR,BAJAJ TEMPO OTHER,1
TEMPO OX-45 TRACTOR,BAJAJ TEMPO OTHER,1
TEMPO SCHOOL BUS,BAJAJ TEMPO OTHER,1
TEMPO TOOFAN 11 EG,BAJAJ TEMPO OTHER,1
TEMPO TOOFAN 3050 MM,BAJAJ TEMPO OTHER,1
TEMPO TOOFAN IIEG,BAJAJ TEMPO OTHER,1
TEMPO TOOPAN,BAJAJ TEMPO OTHER,1
TEMPO TRAVALER,BAJAJ TEMPO OTHER,1
TEMPO TRAVELER,BAJAJ TEMPO OTHER,1
TEMPO TRAVELER DELIVERY VAN,BAJAJ TEMPO OTHER,1
TEMPO TRAVELER L AMBULANCE,BAJAJ TEMPO OTHER,1
TEMPO TRAVELLOR,BAJAJ TEMPO OTHER,1
TEMPO TRAX 2750 MM,BAJAJ TEMPO OTHER,1
TEMPO TRAX 5 DOOR HARD TOP,BAJAJ TEMPO OTHER,1
TEMPO TRAX 5DOOR HARD TOP,BAJAJ TEMPO OTHER,1
TEMPO TRAX B POST,BAJAJ TEMPO OTHER,1
TEMPO TRAX CABIN PICK UP,BAJAJ TEMPO OTHER,1
TEMPO TRAX CHALLENGER,BAJAJ TEMPO OTHER,1
TEMPO TRAX COUISER,BAJAJ TEMPO OTHER,1
TEMPO TRAX CRUISER 3050 MM WB,BAJAJ TEMPO OTHER,1
TEMPO TRAX CRUISER 3050MM,BAJAJ TEMPO OTHER,1
TEMPO TRAX CRUISER DI BSII,BAJAJ TEMPO OTHER,1
TEMPO TRAX CRUISER LONG,BAJAJ TEMPO OTHER,1
TEMPO TRAX CRUISERRR,BAJAJ TEMPO OTHER,1
TEMPO TRAX CRUSER CL,BAJAJ TEMPO OTHER,1
TEMPO TRAX CRUSHER,BAJAJ TEMPO OTHER,1
TEMPO TRAX CRUSIER,BAJAJ TEMPO OTHER,1
TEMPO TRAX CRUZER,BAJAJ TEMPO OTHER,1
TEMPO TRAX D-301 E2 ENGINE,BAJAJ TEMPO OTHER,1
TEMPO TRAX HARD TOP,BAJAJ TEMPO OTHER,1
TEMPO TRAX HARD TOP CRUISER,BAJAJ TEMPO OTHER,1
TEMPO TRAX II HARD TOP 6 D,BAJAJ TEMPO OTHER,1
TEMPO TRAX II PICK UP LONG,BAJAJ TEMPO OTHER,1
TEMPO TRAX KARGO,BAJAJ TEMPO OTHER,1
TEMPO TRAX PICKUP,BAJAJ TEMPO OTHER,1
TEMPO TRAX SOFT TOP,BAJAJ TEMPO OTHER,1
TEMPO TRAX T AND C 5 DOOR,BAJAJ TEMPO OTHER,1
TEMPO TRAX T C DI,BAJAJ TEMPO OTHER,1
TEMPO TRAX TOFAN H T,BAJAJ TEMPO OTHER,1
TEMPO TRAX TOOFAN DI,BAJAJ TEMPO OTHER,1
TEMPO TRAX-TOOFAN HARD TOP,BAJAJ TEMPO OTHER,1
TEMPO TRAXS CRUSER,BAJAJ TEMPO OTHER,1
TEMPO TREVALLER,BAJAJ TEMPO OTHER,1
TEMPO TREX META TOP,BAJAJ TEMPO OTHER,1
TEMPO-TRAX 2750 JUDO DX,BAJAJ TEMPO OTHER,1
TEMPO-TRAX TOWN COUNTRY,BAJAJ TEMPO OTHER,1
TEMPOTRAX-GAMA,BAJAJ TEMPO OTHER,1
TEMPOTRAX-TOOFANHARDTOP,BAJAJ TEMPO OTHER,1
TEMPU TRAVEL,BAJAJ TEMPO OTHER,1
TRACK TRAILER,BAJAJ TEMPO OTHER,1
TRAP CRUISER,BAJAJ TEMPO OTHER,1
TRAVEL STATION WAGON,BAJAJ TEMPO OTHER,1
TRAX,BAJAJ TEMPO OTHER,1
TRAX CARGO KING,BAJAJ TEMPO OTHER,1
TRAX CRUISER,BAJAJ TEMPO OTHER,1
TRAX CRUISER BAJAJ TEMPO,BAJAJ TEMPO OTHER,1
TRAX CRUSER II EG,BAJAJ TEMPO OTHER,1
TRAX DARGO KING,BAJAJ TEMPO OTHER,1
TRAX PICK UP,BAJAJ TEMPO OTHER,1
TRAX TOOFAN,BAJAJ TEMPO OTHER,1
TRAX TOOFAN CLASSIC,BAJAJ TEMPO OTHER,1
TRAX TOWN AND COUNTRY,BAJAJ TEMPO OTHER,1
TRAX TOWN AND COUNTRY GAMA,BAJAJ TEMPO OTHER,1
TRAXX,BAJAJ TEMPO OTHER,1
TEMPO TOFFAN,BAJAJ TEMPO TOFFAN,1
TEMPO TRAVELLER,BAJAJ TEMPO TRAVELLER,4
TEMPO TRAVELLER MINI,BAJAJ TEMPO TRAVELLER,2
BAJA TEMPO TRAVELLER,BAJAJ TEMPO TRAVELLER,1
MAXI-CAB-TEMPO TRAVELLER,BAJAJ TEMPO TRAVELLER,1
TEMPO TRAVELLER - FLAT ROOF,BAJAJ TEMPO TRAVELLER,1
TEMPO TRAVELLER 11 DI H,BAJAJ TEMPO TRAVELLER,1
TEMPO TRAVELLER 307 D,BAJAJ TEMPO TRAVELLER,1
TEMPO TRAVELLER 307-D,BAJAJ TEMPO TRAVELLER,1
TEMPO TRAVELLER AMBULANCE S,BAJAJ TEMPO TRAVELLER,1
TEMPO TRAVELLER BS 2,BAJAJ TEMPO TRAVELLER,1
TEMPO TRAVELLER D1,BAJAJ TEMPO TRAVELLER,1
TEMPO TRAVELLER DELIVARY VAN,BAJAJ TEMPO TRAVELLER,1
TEMPO TRAVELLER FLAT ROOF,BAJAJ TEMPO TRAVELLER,1
TEMPO TRAVELLER HIGH ROOF,BAJAJ TEMPO TRAVELLER,1
TEMPO TRAVELLER II DI BSII,BAJAJ TEMPO TRAVELLER,1
TEMPO TRAVELLER MAXI CAB,BAJAJ TEMPO TRAVELLER,1
TEMPO TRAVELLER MAXICAB HR12 D,BAJAJ TEMPO TRAVELLER,1
TEMPO TRAVELLER MINI BUS,BAJAJ TEMPO TRAVELLER,1
TEMPO TRAVELLER MINIBUS,BAJAJ TEMPO TRAVELLER,1
TEMPO TRAVELLER STAT,BAJAJ TEMPO TRAVELLER,1
TEMPO TRAVELLER WB,BAJAJ TEMPO TRAVELLER,1
TEMPO TRAVELLER/7STR,BAJAJ TEMPO TRAVELLER,1
TEMPO-TRAVELLER,BAJAJ TEMPO TRAVELLER,1
TEMPO-TRAVELLER D1,BAJAJ TEMPO TRAVELLER,1
TEMPO-TRAVELLER MOTORCYCLEAB,BAJAJ TEMPO TRAVELLER,1
TEMPO TRAX GAMA,BAJAJ TEMPO TRAX GAMA,5
TRAX GAMA,BAJAJ TEMPO TRAX GAMA,3
TEMPO TRAX GAMA CLASSIC,BAJAJ TEMPO TRAX GAMA,2
TEMPO TRAX GAMA DI,BAJAJ TEMPO TRAX GAMA,2
TRAX GAMA TAXI 5 D,BAJAJ TEMPO TRAX GAMA,2
FORCE TRAX GAMA E-I,BAJAJ TEMPO TRAX GAMA,1
TEMPO TRAX GAMA 9 1 E3,BAJAJ TEMPO TRAX GAMA,1
TEMPO TRAX GAMA 9 D,BAJAJ TEMPO TRAX GAMA,1
TRAX GAMA DI TAXICAB,BAJAJ TEMPO TRAX GAMA,1
TEMPO TRAX JUDO,BAJAJ TEMPO TRAX JUDO,1
TEMPOTRAX JUDO 9 1,BAJAJ TEMPO TRAX JUDO,1
TRAX JUDO,BAJAJ TEMPO TRAX JUDO,1
FORCE TRAVELLER,BAJAJ TRAVELLER,1
FORCE TRAVELLER 3350 MM WB BSI,BAJAJ TRAVELLER,1
FORCE TRAVELLER 3700 MM WB,BAJAJ TRAVELLER,1
FORCE TRAVELLER 3700 MM WB BSI,BAJAJ TRAVELLER,1
FORCE TRAVELLER 4020 MM WB BSI,BAJAJ TRAVELLER,1
FORCE TRAVELLER DELIVERY VAN F,BAJAJ TRAVELLER,1
FORCE TRAVELLER FM2.6CR 3350 M,BAJAJ TRAVELLER,1
FORCE TRAVELLER MINI BUS,BAJAJ TRAVELLER,1
RAVE,BAJAJ TRAVELLER,1
TRAVELLER 3700 MM WB,BAJAJ TRAVELLER,1
TRAVELLER BS II,BAJAJ TRAVELLER,1
TRAVELLER DI AMBULANCE,BAJAJ TRAVELLER,1
WIND 125,BAJAJ WIND125,1
WIND 125 DRUM,BAJAJ WIND125,1
WIND 125 DRUM BRAKE,BAJAJ WIND125,1
XCD,BAJAJ XCD125,3
XCD 125,BAJAJ XCD125,3
XCD 125 ES,BAJAJ XCD125,3
XCD 125 DTS-SI,BAJAJ XCD125,2
BAJA XCD 135,BAJAJ XCD125,1
JB XCD 125 ES,BAJAJ XCD125,1
XCD 125 DTS SI,BAJAJ XCD125,1
XCD 125 DTS-SI KS,BAJAJ XCD125,1
XCD 125ES,BAJAJ XCD125,1
XCD 135,BAJAJ XCD125,1
XCD 135 CC DRUM,BAJAJ XCD125,1
XCD 135 DTS SI,BAJAJ XCD125,1
XCD 135 DTS-SI,BAJAJ XCD125,1
XCD 135 DTSSI,BAJAJ XCD125,1
XCD 135 ES,BAJAJ XCD125,1
XCD-125 DTS-SI,BAJAJ XCD125,1
XCD125 DTS-SI -BS-II,BAJAJ XCD125,1
XCD125ES,BAJAJ XCD125,1
