original_model,cleaned_model,extracted_model,final_model
B M W 525D,BMW 525D,5 SERIES 525D,5 SERIES 525D
X 1 SDRIVE 20D,X 1 SDRIVE 20D,X1 SDRIVE20D,X1 SDRIVE20D
BMW INDIA,,D,D
BMW X1 SDRIVE20D XLINE,BMW X1 SDRIVE20D XLINE,X1 SDRIVE20D XLINE,X1 SDRIVE20D XLINE
BMW MINI COOPER S C W A T BS,BMW MINI COOPER S C W A T BS,MINI COOPER S,MINI COOPER S
BMW X 5.3 0D SAV,BMW X 5.3 0D SAV,X5,X5
BMW X1 SDRIVE 18I BS-IV,BMW X1 SDRIVE 18I BS-IV,X1,X1
BMW CBU 730 LD,BMW CBU 730 LD,LD,LD
BMW X6 40D,BMW X6 40D,X6 XDRIVE40D,X6 XDRIVE40D
BMW 520D DIESEL 6 SPEED AT BS4,BMW 520D DIESEL 6 SPEED AT BS4,5 SERIES 520D,5 SERIES 520D
BMW 530D CKD,BMW 530D CKD,5 SERIES 530D,5 SERIES 530D
BMW 525D CKD BS IV,BMW 525D CKD BS IV,5 SERIES 525D,5 SERIES 525D
MINI COOPER CONV,MINI COOPER CONV,MINI COOPER CONVERTIBLE,MINI COOPER CONVERTIBLE
MINI COOPER S (3- DOOR HATCH),MINI COOPER S 3- DOOR HATCH,MINI COOPER S,MINI COOPER S
BMW 330D CONVERTIBLE,BMW 330D CONVERTIBLE,3 SERIES 330D,3 SERIES 330D
BMW CKD 320 I,BMW CKD 320 I,D,D
MINICOOPER S CONVERTIBLEIMPBS4,MINICOOPER S CONVERTIBLEIMPBS4,MINI COOPER,MINI COOPER
BMW CKD 520,BMW CKD 520,5 SERIES,5 SERIES
MINI COOPER S 3DOOR JCW WITH A,MINI COOPER S 3DOOR JCW WITH A,MINI COOPER S,MINI COOPER S
BMW CKD 530D,BMW CKD 530D,5 SERIES 530D,5 SERIES 530D
X1 S DRIVE 20D,X1 S DRIVE 20D,X1 SDRIVE20D,X1 SDRIVE20D
BMW X1 2.0D,BMW X1 2.0D,X1,X1
BMW 525D AUTO.TRANS.CAT.CON.,BMW 525D AUTO.TRANS.CAT.CON.,5 SERIES 525D,5 SERIES 525D
BMW X3 XDRIVE20D XLINE,BMW X3 XDRIVE20D XLINE,X3 XDRIVE20D XLINE,X3 XDRIVE20D XLINE
BMW 320D (PN37),BMW 320D PN37,3 SERIES 320D,3 SERIES 320D
"BMW INDIA PVT LTD, BMW 220I GRAN COUPE M SPORT",BMW 220I GRAN COUPE M SPORT,2 SERIES 220I,2 SERIES 220I
525D ,525D,5 SERIES 525D,5 SERIES 525D
BMW X5 XDRIVE 30D BS IV,BMW X5 XDRIVE 30D BS IV,X5 XDRIVE30D,X5 XDRIVE30D
BMW MINI COOPER D,BMW MINI COOPER D,MINI COOPER D,MINI COOPER D
BMW X4 XDRIVE30D MSPORT SHADOW,BMW X4 XDRIVE30D MSPORT SHADOW,X4 XDRIVE30D M SPORT,X4 XDRIVE30D M SPORT
BMW M3,BMW M3,M3,M3
BMW X1 SDRIVE20I XLINE,BMW X1 SDRIVE20I XLINE,X1 SDRIVE20I XLINE,X1 SDRIVE20I XLINE
BMW Z4 M40I TU,BMW Z4 M40I TU,M4,M4
MINI COOPER S BSIV,MINI COOPER S BSIV,MINI COOPER S,MINI COOPER S
XM72,XM72,XM,XM
BMW 320D HIGHLINE,BMW 320D HIGHLINE,3 SERIES 320D,3 SERIES 320D
BMW X1 SDRIVE 20D AT,BMW X1 SDRIVE 20D AT,X1 SDRIVE20D,X1 SDRIVE20D
BMW 730LD WITH AT,BMW 730LD WITH AT,7 SERIES,7 SERIES
BMW  X6 x Drive 30d,BMW X6 X DRIVE 30D,X6 XDRIVE30D,X6 XDRIVE30D
BMW X1 S DRIVE 20D BSIV,BMW X1 S DRIVE 20D BSIV,X1 SDRIVE20D,X1 SDRIVE20D
"BMW X6 XDRIVE 30D DSL,2993CC",BMW X6 XDRIVE 30D DSL 2993CC,X6 XDRIVE30D,X6 XDRIVE30D
BMW CKD X5 3.0 D AUTO TRANS E4,BMW CKD X5 3.0 D AUTO TRANS E4,X5,X5
BMW CKD X 1 D 20D,BMW CKD X 1 D 20D,X1,X1
BMW 320I PETROL,BMW 320I PETROL,3 SERIES 320I,3 SERIES 320I
BMW 520 D DIESEL WHITE 8 SPEED,BMW 520 D DIESEL WHITE 8 SPEED,5 SERIES,5 SERIES
X5 XDRIVE 30D DPE AT,X5 XDRIVE 30D DPE AT,X5 XDRIVE30D,X5 XDRIVE30D
X1 SDRIVE 20D CKD,X1 SDRIVE 20D CKD,X1 SDRIVE20D,X1 SDRIVE20D
MINI COOPER S CONVERTIBLE WITH,MINI COOPER S CONVERTIBLE WITH,MINI COOPER S CONVERTIBLE,MINI COOPER S CONVERTIBLE
1NO BMW CKDX1 SDRIVE20D,1NO BMW CKDX1 SDRIVE20D,X1 SDRIVE20D,X1 SDRIVE20D
BMW 320D IN CKD,BMW 320D IN CKD,3 SERIES 320D,3 SERIES 320D
BMW X1 SDRIVE20D M SPORT,BMW X1 SDRIVE20D M SPORT,X1 SDRIVE20D M SPORT,X1 SDRIVE20D M SPORT
BMW 330ILCI,BMW 330ILCI,I,I
BMW  X5 X DRIVE 30D,BMW X5 X DRIVE 30D,X5,X5
"BMW INDIA PVT LTD, BMW X3 XDRIVE20D LUXURYEDITION",BMW X3 XDRIVE20D LUXURYEDITION,X3 XDRIVE20D,X3 XDRIVE20D
BMW IX XDRIVE50 SPORT,BMW IX XDRIVE50 SPORT,XDRIVE,XDRIVE
BMW 320 I AT,BMW 320 I AT,I,I
MINI COOPER HATCH,MINI COOPER HATCH,MINI COOPER,MINI COOPER
BMW X1 SDRIVE20I LCI SPORT BS6,BMW X1 SDRIVE20I LCI SPORT BS6,X1 SDRIVE20I,X1 SDRIVE20I
MBW520D,MBW520D,5 SERIES 520D,5 SERIES 520D
BMW X1 20,BMW X1 20,X1,X1
BMW X3 30D BSIV,BMW X3 30D BSIV,X3,X3
BMW 520D PRESTIGE,BMW 520D PRESTIGE,5 SERIES 520D,5 SERIES 520D
BMW CKD X1 sDrive 20d XLINE,BMW CKD X1 SDRIVE 20D XLINE,X1 SDRIVE20D XLINE,X1 SDRIVE20D XLINE
BMW X5 XDRIVE 30D DPE AT,BMW X5 XDRIVE 30D DPE AT,X5 XDRIVE30D,X5 XDRIVE30D
BMW 330LI GRAN LUXURY LINE,BMW 330LI GRAN LUXURY LINE,LUXURY LINE,LUXURY LINE
BMW- 320D LUXURY WITH AT BSVI,BMW- 320D LUXURY WITH AT BSVI,3 SERIES 320D,3 SERIES 320D
BMW MINI COOPER D 3 DR BSIV,BMW MINI COOPER D 3 DR BSIV,MINI COOPER S,MINI COOPER S
740LI LCI,740LI LCI,I,I
BMW X5 XDRIVE 30D XLINE BSIV,BMW X5 XDRIVE 30D XLINE BSIV,X5 XDRIVE30D XLINE,X5 XDRIVE30D XLINE
BMW X1 SDRIVE 20D EAT LA BS,BMW X1 SDRIVE 20D EAT LA BS,X1 SDRIVE20D,X1 SDRIVE20D
BMW 325I  A/T BS III,BMW 325I A/T BS III,I,I
530D HIGHLINE SEDAN,530D HIGHLINE SEDAN,5 SERIES 530D,5 SERIES 530D
B.M.W. 525,B.M.W. 525,NOT FOUND,BMW OTHER
BMW 740I M SPORT,BMW 740I M SPORT,M SPORT,M SPORT
BMW 520 D WITH AUTO.TRANS.,BMW 520 D WITH AUTO.TRANS.,5 SERIES,5 SERIES
BMW X1 XDRIVE20D XLINE LA BS,BMW X1 XDRIVE20D XLINE LA BS,X1 XDRIVE20D XLINE,X1 XDRIVE20D XLINE
MINI COOPER SD COUNTRYMAN,MINI COOPER SD COUNTRYMAN,MINI COOPER S,MINI COOPER S
BMW X7 XDRIVE30D DPE SIGANATURE 6STR BSVI,BMW X7 XDRIVE30D DPE SIGANATURE 6STR BSVI,X7 XDRIVE30D,X7 XDRIVE30D
BMW X1 SDRIVE 20D AT BSIV,BMW X1 SDRIVE 20D AT BSIV,X1 SDRIVE20D,X1 SDRIVE20D
BMW CKD X1,BMW CKD X1,X1,X1
BMW 330I GRAN TURISMO (LCI)M S,BMW 330I GRAN TURISMO LCI M S,GRAN TURISMO,GRAN TURISMO
BMW X1 20D DIESEL 6 SP AT,BMW X1 20D DIESEL 6 SP AT,X1,X1
BMW 523 I WITH AT BSIV,BMW 523 I WITH AT BSIV,I,I
BMV X1 20D,BMV X1 20D,X1,X1
MINI COOPER S (3-DOOR),MINI COOPER S 3-DOOR,MINI COOPER S,MINI COOPER S
BMW 525 D,BMW 525 D,D,D
BMW M340I XDRIVE,BMW M340I XDRIVE,M3,M3
BMW M5 COMPETITION,BMW M5 COMPETITION,M5,M5
B.M.W.730LD,B.M.W.730LD,7 SERIES,7 SERIES
X 3 20D,X 3 20D,X3,X3
BMW X7 M50D BSVI,BMW X7 M50D BSVI,X7,X7
BMW X5 XDRIVE 30D DPE WITH AT,BMW X5 XDRIVE 30D DPE WITH AT,X5 XDRIVE30D,X5 XDRIVE30D
BMW X3 ,BMW X3,X3,X3
BMWX1S DRIVE 20D CE,BMWX1S DRIVE 20D CE,X1,X1
BMW X1,BMW X1,X1,X1
BMW X530D,BMW X530D,X5,X5
BMW X3 XDRIVE30I SPORTX PLUS,BMW X3 XDRIVE30I SPORTX PLUS,X3 XDRIVE30I SPORTX,X3 XDRIVE30I SPORTX
BMWX3 20D AT BS IV,BMWX3 20D AT BS IV,X3,X3
BMW GRAN TURISMO WTH AUTOMATIC,BMW GRAN TURISMO WTH AUTOMATIC,GRAN TURISMO,GRAN TURISMO
X3 XDRIVE20D LUXURY LINE,X3 XDRIVE20D LUXURY LINE,X3 XDRIVE20D LUXURY LINE,X3 XDRIVE20D LUXURY LINE
BMW  730LD,BMW 730LD,7 SERIES,7 SERIES
BMW X5 XDRIVE 30D EX,BMW X5 XDRIVE 30D EX,X5 XDRIVE30D,X5 XDRIVE30D
BMW 530D M SPORT W AUTOMATIC T,BMW 530D M SPORT W AUTOMATIC T,5 SERIES 530D,5 SERIES 530D
BMW 320D DIESEL WITH 8SP AUTO,BMW 320D DIESEL WITH 8SP AUTO,3 SERIES 320D,3 SERIES 320D
520D CKD IND RL BSIV,520D CKD IND RL BSIV,5 SERIES 520D,5 SERIES 520D
740LI,740LI,I,I
BMWX3XDRIVE20DWITHAUTOTRANSBS4,BMWX3XDRIVE20DWITHAUTOTRANSBS4,X3 XDRIVE20D,X3 XDRIVE20D
BMW X3 20D BS IV,BMW X3 20D BS IV,X3,X3
BMW X5 XDRIVE30D M SPORT,BMW X5 XDRIVE30D M SPORT,X5 XDRIVE30D M SPORT,X5 XDRIVE30D M SPORT
BMW CKD 520 D AUTO.TRANS.BS IV,BMW CKD 520 D AUTO.TRANS.BS IV,5 SERIES,5 SERIES
MINI COOPER S HATCH,MINI COOPER S HATCH,MINI COOPER S,MINI COOPER S
320 D CE,320 D CE,D,D
BMW X1 XDRIVE20D M S W A T B,BMW X1 XDRIVE20D M S W A T B,X1 XDRIVE20D,X1 XDRIVE20D
BMW CKD 520 d,BMW CKD 520 D,5 SERIES,5 SERIES
X1 SDRIVE20D XLINE AT(LA),X1 SDRIVE20D XLINE AT LA,X1 SDRIVE20D XLINE,X1 SDRIVE20D XLINE
X5 XDRIVE 30D,X5 XDRIVE 30D,X5 XDRIVE30D,X5 XDRIVE30D
BMW 730 LD BSIV,BMW 730 LD BSIV,LD,LD
BMW X5 3 OD SAV,BMW X5 3 OD SAV,X5,X5
BMW 6 SERIES GT LUXURY,BMW 6 SERIES GT LUXURY,6 SERIES,6 SERIES
6GT 630I (SPORTS LINE),6GT 630I SPORTS LINE,SPORT,SPORT
BMW 730LD LCI BS IV,BMW 730LD LCI BS IV,7 SERIES,7 SERIES
00BMW,00BMW,NOT FOUND,BMW OTHER
BMW 320ICE,BMW 320ICE,3 SERIES 320I,3 SERIES 320I
BMW 320D (LCI) LUXURY LINE WITH AT BSIV,BMW 320D LCI LUXURY LINE WITH AT BSIV,3 SERIES 320D,3 SERIES 320D
"BMW INDIA PVT LTD, BMW M340I XDRIVE",BMW M340I XDRIVE,M3,M3
MINI COOPER D 5DOOR HATCH WITH,MINI COOPER D 5DOOR HATCH WITH,MINI COOPER D,MINI COOPER D
X7 XDRIVE30D DPE (7 SEATER,X7 XDRIVE30D DPE 7 SEATER,X7 XDRIVE30D,X7 XDRIVE30D
"BMW INDIA PVT LTD, BMW 520D RL IND CKD BSIV",BMW 520D RL IND CKD BSIV,5 SERIES 520D,5 SERIES 520D
"BMW-CAR 520D, BS-IV",BMW-CAR 520D BS-IV,5 SERIES 520D,5 SERIES 520D
BMW/320 D,BMW/320 D,D,D
BMW X5 XDRIVE30D LCI M SPORT B,BMW X5 XDRIVE30D LCI M SPORT B,X5 XDRIVE30D M SPORT,X5 XDRIVE30D M SPORT
BMW 320D WITH A T BSIV,BMW 320D WITH A T BSIV,3 SERIES 320D,3 SERIES 320D
BMW 520 D DIESEL 6 SPEED AT,BMW 520 D DIESEL 6 SPEED AT,5 SERIES,5 SERIES
MINI COOPER D BSIV,MINI COOPER D BSIV,MINI COOPER S,MINI COOPER S
BMW 320D BSIV,BMW 320D BSIV,3 SERIES 320D,3 SERIES 320D
BMW X5 30 D BS IV,BMW X5 30 D BS IV,X5,X5
BMW X5 XDRIVE 30D EX AT 7ST,BMW X5 XDRIVE 30D EX AT 7ST,X5 XDRIVE30D,X5 XDRIVE30D
BMW X1 SDRIVE20D CKD,BMW X1 SDRIVE20D CKD,X1 SDRIVE20D,X1 SDRIVE20D
BMW 3 SERIES GT,BMW 3 SERIES GT,3 SERIES,3 SERIES
X1 20D EXPEDITION,X1 20D EXPEDITION,X1,X1
BMW 330I GT M SPORT,BMW 330I GT M SPORT,M SPORT,M SPORT
BMW X3 M,BMW X3 M,X3,X3
BMW 325 I,BMW 325 I,I,I
BMW 220I GRAN COUPE MSPORT PRO,BMW 220I GRAN COUPE MSPORT PRO,2 SERIES 220I,2 SERIES 220I
BMW 523I BSIII,BMW 523I BSIII,I,I
BMW M5 LCI COMPETITION,BMW M5 LCI COMPETITION,M5,M5
BMW 118D AT,BMW 118D AT,D,D
PLATINA 100,PLATINA 100,I,I
BMW X5 XDRIVE.30D.,BMW X5 XDRIVE.30D.,X5 XDRIVE30D,X5 XDRIVE30D
X3 20D XLINE,X3 20D XLINE,X3,X3
"BMW INDIA PVT LTD, BMW 630D GT LCI M-SPORT",BMW 630D GT LCI M-SPORT,M SPORT,M SPORT
BMW  320d,BMW 320D,3 SERIES 320D,3 SERIES 320D
BMW 520D (LCI) M SPORT,BMW 520D LCI M SPORT,5 SERIES 520D,5 SERIES 520D
BMW-CAR X 5 XDRIVE 30D,BMW-CAR X 5 XDRIVE 30D,X5 XDRIVE30D,X5 XDRIVE30D
BMW 3 SERIES GT BS-IV,BMW 3 SERIES GT BS-IV,3 SERIES,3 SERIES
BMW X3 XDRIVE 30D WITH A/T,BMW X3 XDRIVE 30D WITH A/T,X3 XDRIVE30D,X3 XDRIVE30D
"BMW INDIA PVT LTD, BMW 630I GT LCI M-SPORT",BMW 630I GT LCI M-SPORT,M SPORT,M SPORT
BMW 118D SPORT LINE,BMW 118D SPORT LINE,SPORT,SPORT
BMW 330D EURO IV,BMW 330D EURO IV,3 SERIES 330D,3 SERIES 330D
MINI COOPER S(3 DOOR HATCH) AT,MINI COOPER S 3 DOOR HATCH AT,MINI COOPER S,MINI COOPER S
"BMW INDIA PVT LTD, BMW 320D GT WITH AT",BMW 320D GT WITH AT,3 SERIES 320D,3 SERIES 320D
BMW X1 SDRIVE20D IND CKD,BMW X1 SDRIVE20D IND CKD,X1 SDRIVE20D,X1 SDRIVE20D
BMW X6 M BSIV,BMW X6 M BSIV,X6,X6
BMW325I(CKD)WITHAUTOMATICTRANS,BMW325I CKD WITHAUTOMATICTRANS,D,D
BMW 320D,BMW 320D,3 SERIES 320D,3 SERIES 320D
BMW 730 LD,BMW 730 LD,LD,LD
MINI COOPER BS IV,MINI COOPER BS IV,MINI COOPER S,MINI COOPER S
INDICA XETA GLS,INDICA XETA GLS,D,D
BMW 118D,BMW 118D,D,D
BMW 320DE,BMW 320DE,3 SERIES 320D,3 SERIES 320D
BMW Z4,BMW Z4,Z4,Z4
BMW XI SDRIVE20I WITHAUTOMATIC,BMW XI SDRIVE20I WITHAUTOMATIC,SDRIVE,SDRIVE
BMW 52OD,BMW 52OD,D,D
520-D,520-D,5 SERIES 520D,5 SERIES 520D
BMW X6 XDRIVE 30D,BMW X6 XDRIVE 30D,X6 XDRIVE30D,X6 XDRIVE30D
BMW X5 530 D,BMW X5 530 D,X5,X5
BMW X3 XDRIVE 20D AT BSIV,BMW X3 XDRIVE 20D AT BSIV,X3 XDRIVE20D,X3 XDRIVE20D
BMW 320D BS IV,BMW 320D BS IV,3 SERIES 320D,3 SERIES 320D
BMW 630I GT LCI M SPORT SIGNAT,BMW 630I GT LCI M SPORT SIGNAT,M SPORT,M SPORT
BMW-320D AUTOMATIC TRANSMISSIO,BMW-320D AUTOMATIC TRANSMISSIO,3 SERIES 320D,3 SERIES 320D
BMW GRAN TURISMO WITH AUTOMATI,BMW GRAN TURISMO WITH AUTOMATI,GRAN TURISMO,GRAN TURISMO
BMW 525I SEDAN AC,BMW 525I SEDAN AC,SEDAN,SEDAN
"BMW INDIA PVT LTD, BMW X1 SDRIVE20I XLINE",BMW X1 SDRIVE20I XLINE,X1 SDRIVE20I XLINE,X1 SDRIVE20I XLINE
BMW 320D LCI LUXURY LINE AT,BMW 320D LCI LUXURY LINE AT,3 SERIES 320D,3 SERIES 320D
BMW X3 XDRIVE 20D LCI M SPORT,BMW X3 XDRIVE 20D LCI M SPORT,X3 XDRIVE20D M SPORT,X3 XDRIVE20D M SPORT
INDICA DLS,INDICA DLS,D,D
BMW CKD 525 D AUTO TRANS BS IV,BMW CKD 525 D AUTO TRANS BS IV,D,D
BMW X7 XDRIVE40I M SPORT (6 SE,BMW X7 XDRIVE40I M SPORT 6 SE,X7 XDRIVE40I M SPORT,X7 XDRIVE40I M SPORT
BMW 330I GT,BMW 330I GT,I,I
BMW 730LD LCI DPE,BMW 730LD LCI DPE,7 SERIES,7 SERIES
X1 SDRIVE20D IND CKD RL,X1 SDRIVE20D IND CKD RL,X1 SDRIVE20D,X1 SDRIVE20D
BMW IX XDRIVE50 BOV,BMW IX XDRIVE50 BOV,XDRIVE,XDRIVE
BMW S-25,BMW S-25,NOT FOUND,BMW OTHER
BMW 520D DIESEL 6 SPEED AT,BMW 520D DIESEL 6 SPEED AT,5 SERIES 520D,5 SERIES 520D
BMW X7 XDRIVE40I LCI MSP SIGN.,BMW X7 XDRIVE40I LCI MSP SIGN.,X7 XDRIVE40I,X7 XDRIVE40I
BMW 320D LCI,BMW 320D LCI,3 SERIES 320D,3 SERIES 320D
B M W,B M W,NOT FOUND,BMW OTHER
X7 XDRIVE30D DPE (7 SEATER),X7 XDRIVE30D DPE 7 SEATER,X7 XDRIVE30D,X7 XDRIVE30D
BMW 3 SERIES GT AT,BMW 3 SERIES GT AT,3 SERIES,3 SERIES
BMW X1S 20D BSIV,BMW X1S 20D BSIV,X1,X1
X5 30D EXPEDITION,X5 30D EXPEDITION,X5,X5
BMW CAR X5,BMW CAR X5,X5,X5
BMW 6 SERIES GRAN TURISMO(630I,BMW 6 SERIES GRAN TURISMO 630I,6 SERIES 630I,6 SERIES 630I
BMW 530D AT,BMW 530D AT,5 SERIES 530D,5 SERIES 530D
BMW GRAN TURISMO (TU),BMW GRAN TURISMO TU,GRAN TURISMO,GRAN TURISMO
BMW X1 SDRIVE 18I AT,BMW X1 SDRIVE 18I AT,X1,X1
BMW 320DBS4,BMW 320DBS4,3 SERIES 320D,3 SERIES 320D
"MINI COOPER CABRIO,BSIV",MINI COOPER CABRIO BSIV,MINI COOPER S,MINI COOPER S
PASS CAR BMW X1 20D,PASS CAR BMW X1 20D,X1,X1
BMW CKD X1 SDRIVE20D,BMW CKD X1 SDRIVE20D,X1 SDRIVE20D,X1 SDRIVE20D
520I CKD,520I CKD,5 SERIES 520I,5 SERIES 520I
BMW 320 D E3,BMW 320 D E3,D,D
BMW320  I   EURO3,BMW320 I EURO3,I,I
BMW I4 EDRIVE40,BMW I4 EDRIVE40,I4,I4
1 NO BMV CKD 320 D EIII,1 NO BMV CKD 320 D EIII,D,D
BMW 520D LUXURY LINE,BMW 520D LUXURY LINE,5 SERIES 520D,5 SERIES 520D
MINI COOPER S CONVERTIBLE  LCI,MINI COOPER S CONVERTIBLE LCI,MINI COOPER S CONVERTIBLE,MINI COOPER S CONVERTIBLE
BMW 320D (LCI),BMW 320D LCI,3 SERIES 320D,3 SERIES 320D
,,NOT FOUND,BMW OTHER
BMW  ,BMW,NOT FOUND,BMW OTHER
BMW 525L,BMW 525L,NOT FOUND,BMW OTHER
BMW X5 XDRIVE30D SPORTX,BMW X5 XDRIVE30D SPORTX,X5 XDRIVE30D SPORTX,X5 XDRIVE30D SPORTX
BMW X3 M40I,BMW X3 M40I,X3,X3
BMW X 3 2.0 D,BMW X 3 2.0 D,X3,X3
BMW 740 L I PETROL,BMW 740 L I PETROL,I,I
BMW  CKD 525D,BMW CKD 525D,5 SERIES 525D,5 SERIES 525D
X5 DRIVE 30 D,X5 DRIVE 30 D,X5,X5
BMW M340I LCI XDRIVE SHADOW,BMW M340I LCI XDRIVE SHADOW,M3,M3
X1 20 D,X1 20 D,X1,X1
BMW 520D (LCI-TU WITH AUTOMAT,BMW 520D LCI-TU WITH AUTOMAT,5 SERIES 520D,5 SERIES 520D
BMW CKD X3 XDRIVE 20D,BMW CKD X3 XDRIVE 20D,X3 XDRIVE20D,X3 XDRIVE20D
MINI COOPER CONVERTIBLE AT,MINI COOPER CONVERTIBLE AT,MINI COOPER CONVERTIBLE,MINI COOPER CONVERTIBLE
BMW X3 20 D BS IV,BMW X3 20 D BS IV,X3,X3
X3  XDRIVE 30D,X3 XDRIVE 30D,X3 XDRIVE30D,X3 XDRIVE30D
BMW X5 XDRIVE 30D,BMW X5 XDRIVE 30D,X5 XDRIVE30D,X5 XDRIVE30D
BMW  320d With AT,BMW 320D WITH AT,3 SERIES 320D,3 SERIES 320D
BMW X1 sDRIVE Expedition,BMW X1 SDRIVE EXPEDITION,X1,X1
BMW X7 XDRIVE40D LCI M SPORT,BMW X7 XDRIVE40D LCI M SPORT,X7 XDRIVE40D M SPORT,X7 XDRIVE40D M SPORT
MINI COOPER S JCW WITH A T BSI,MINI COOPER S JCW WITH A T BSI,MINI COOPER S,MINI COOPER S
BMW X1 SDRIVE 20D DIESEL,BMW X1 SDRIVE 20D DIESEL,X1 SDRIVE20D,X1 SDRIVE20D
BMW 520D WITH AT,BMW 520D WITH AT,5 SERIES 520D,5 SERIES 520D
BMW M SPORT EMINENCE 730LD,BMW M SPORT EMINENCE 730LD,7 SERIES,7 SERIES
BMW  320D  BS-IV,BMW 320D BS-IV,3 SERIES 320D,3 SERIES 320D
BMW Z4 SDRIVE 35I,BMW Z4 SDRIVE 35I,Z4,Z4
BMW X1 20 D ,BMW X1 20 D,X1,X1
X5 X DRIVE 30D BS4,X5 X DRIVE 30D BS4,X5,X5
BMW X3 XDRIVE20D LUXURYEDITION,BMW X3 XDRIVE20D LUXURYEDITION,X3 XDRIVE20D,X3 XDRIVE20D
BMW X1CE LCI,BMW X1CE LCI,X1,X1
BMW X6 X DRIVE 30D,BMW X6 X DRIVE 30D,X6 XDRIVE30D,X6 XDRIVE30D
BMW 320D SPORT LINE CKD BSIV,BMW 320D SPORT LINE CKD BSIV,3 SERIES 320D,3 SERIES 320D
BMW BRANDNEW PASSENGER,BMW BRANDNEW PASSENGER,D,D
BMW 730 LD DIESEL,BMW 730 LD DIESEL,LD,LD
BMW X1S DRIVE 20D BSIV,BMW X1S DRIVE 20D BSIV,X1,X1
BMW 320I (LCI),BMW 320I LCI,3 SERIES 320I,3 SERIES 320I
BMW X3 XDRIVE30I AUTRANSM1 BS4,BMW X3 XDRIVE30I AUTRANSM1 BS4,X3 XDRIVE30I,X3 XDRIVE30I
BMW 3X 20D BSIV,BMW 3X 20D BSIV,X2,X2
BMW 320 DYN,BMW 320 DYN,D,D
X7 XDRIVE 40I 7S BS6,X7 XDRIVE 40I 7S BS6,X7 XDRIVE40I,X7 XDRIVE40I
BMW 530D DIESEL,BMW 530D DIESEL,5 SERIES 530D,5 SERIES 530D
BMW 1161 WITH A/T,BMW 1161 WITH A/T,I,I
BMWX1 20D,BMWX1 20D,X1,X1
BMW 530D EIV,BMW 530D EIV,5 SERIES 530D,5 SERIES 530D
BMW CKD 320 D AUTOMATIC,BMW CKD 320 D AUTOMATIC,D,D
BMW 520D DIESEL 6 SPEED A T,BMW 520D DIESEL 6 SPEED A T,5 SERIES 520D,5 SERIES 520D
MINI COOPER S (3-DOOR) LCI2 BS,MINI COOPER S 3-DOOR LCI2 BS,MINI COOPER S,MINI COOPER S
BMW 330I M SPORT WITHAUTOMATIC,BMW 330I M SPORT WITHAUTOMATIC,M SPORT,M SPORT
BMW X3 3.0D  AT,BMW X3 3.0D AT,X3,X3
BMW 520D (LCI) WITH AUTOMATIC,BMW 520D LCI WITH AUTOMATIC,5 SERIES 520D,5 SERIES 520D
BMW 530D LCI M-SPORT,BMW 530D LCI M-SPORT,5 SERIES 530D,5 SERIES 530D
BMW X3 XDRIVE30I LUX,BMW X3 XDRIVE30I LUX,X3 XDRIVE30I,X3 XDRIVE30I
BMW X5 XDRIVE 30D DPE WITH AT (5SEATER) BSIV,BMW X5 XDRIVE 30D DPE WITH AT 5SEATER BSIV,X5 XDRIVE30D,X5 XDRIVE30D
BMW - Car X1SRDIVE2 0D IND CKD,BMW - CAR X1SRDIVE2 0D IND CKD,X1,X1
BMW 32OD,BMW 32OD,D,D
BMW X1 SDRIVE20I (LCI SPORTX,BMW X1 SDRIVE20I LCI SPORTX,X1 SDRIVE20I SPORTX,X1 SDRIVE20I SPORTX
BMW 520 D IND RL,BMW 520 D IND RL,5 SERIES,5 SERIES
BMW 520 D BSIV,BMW 520 D BSIV,5 SERIES,5 SERIES
BMW 520I,BMW 520I,5 SERIES 520I,5 SERIES 520I
BMW3251 BS3,BMW3251 BS3,NOT FOUND,BMW OTHER
BMW X1 SDRIVE20D XLINE LCI BS6,BMW X1 SDRIVE20D XLINE LCI BS6,X1 SDRIVE20D XLINE,X1 SDRIVE20D XLINE
BMW X4 M40I,BMW X4 M40I,X4,X4
BMW 320D WITH AT BSIV,BMW 320D WITH AT BSIV,3 SERIES 320D,3 SERIES 320D
BMW X1 SDRIVE 20D WITH AT,BMW X1 SDRIVE 20D WITH AT,X1 SDRIVE20D,X1 SDRIVE20D
BMW 3 GRAN LIMOUSINE 330LI M S,BMW 3 GRAN LIMOUSINE 330LI M S,I,I
BMW3 SERIES GT AT,BMW3 SERIES GT AT,3 SERIES,3 SERIES
B.M.W.X-1,B.M.W.X-1,X1,X1
BMW 118D HATCH,BMW 118D HATCH,HATCH,HATCH
BMW 520D BS IV,BMW 520D BS IV,5 SERIES 520D,5 SERIES 520D
BMW 530I (TU) SPORT  WITH AT BSVI,BMW 530I TU SPORT WITH AT BSVI,SPORT,SPORT
530D MS PORT,530D MS PORT,5 SERIES 530D,5 SERIES 530D
BMW 730LD DIESEL,BMW 730LD DIESEL,7 SERIES,7 SERIES
BMW X5 XDRIVE30D LCI XLINE BSV,BMW X5 XDRIVE30D LCI XLINE BSV,X5 XDRIVE30D XLINE,X5 XDRIVE30D XLINE
BMW 5 SERIES 520D,BMW 5 SERIES 520D,5 SERIES 520D,5 SERIES 520D
BMW 6 SERIES GRAN TURISMO (620,BMW 6 SERIES GRAN TURISMO 620,6 SERIES,6 SERIES
BMW X5 FF42,BMW X5 FF42,X5,X5
BMW 330LI GRAN M SPORT,BMW 330LI GRAN M SPORT,M SPORT,M SPORT
320d Sedan Luxury Line,320D SEDAN LUXURY LINE,3 SERIES 320D,3 SERIES 320D
BMW X6 XDRIVE40D,BMW X6 XDRIVE40D,X6 XDRIVE40D,X6 XDRIVE40D
BMW CAR CKD 525D,BMW CAR CKD 525D,5 SERIES 525D,5 SERIES 525D
BMW 520D WITH AUTO. TRANSMISSION,BMW 520D WITH AUTO. TRANSMISSION,5 SERIES 520D,5 SERIES 520D
BMW 520D LCI LUXURY LINE,BMW 520D LCI LUXURY LINE,5 SERIES 520D,5 SERIES 520D
BMW 730LD BSIV,BMW 730LD BSIV,7 SERIES,7 SERIES
X1 BMW DRIVER,X1 BMW DRIVER,X1,X1
BMW320 D RL IND SKD,BMW320 D RL IND SKD,D,D
BMW X1 SDRIVE20D XLINE WITH AT (LA) BSIV,BMW X1 SDRIVE20D XLINE WITH AT LA BSIV,X1 SDRIVE20D XLINE,X1 SDRIVE20D XLINE
BMW X 6,BMW X 6,X6,X6
BMW 320D(CKD)WITHAUTOMATICTRANSMISSION-BSIII,BMW 320D CKD WITHAUTOMATICTRANSMISSION-BSIII,3 SERIES 320D,3 SERIES 320D
FORD FIESTA,FORD FIESTA,NOT FOUND,BMW OTHER
BMW320D GT,BMW320D GT,3 SERIES 320D,3 SERIES 320D
BMW 520D BSIV,BMW 520D BSIV,5 SERIES 520D,5 SERIES 520D
BMW X4 XDRIVE30I MSPORT EDITIO,BMW X4 XDRIVE30I MSPORT EDITIO,X4 XDRIVE30I M SPORT,X4 XDRIVE30I M SPORT
BMW 3 SERIES GRAN TURISMO BSIV,BMW 3 SERIES GRAN TURISMO BSIV,3 SERIES,3 SERIES
320D BASE CKD,320D BASE CKD,3 SERIES 320D,3 SERIES 320D
X1 XDRIVE20d XLINE,X1 XDRIVE20D XLINE,X1 XDRIVE20D XLINE,X1 XDRIVE20D XLINE
BMW-X5,BMW-X5,X5,X5
BMW 525I PETROL,BMW 525I PETROL,I,I
BMW CKD X1 S,BMW CKD X1 S,X1,X1
BMW 320D  AUTO TRANSMISSION,BMW 320D AUTO TRANSMISSION,3 SERIES 320D,3 SERIES 320D
BMW X5 XDRIVE 30D 5SEAT BS I,BMW X5 XDRIVE 30D 5SEAT BS I,X5 XDRIVE30D,X5 XDRIVE30D
MINI COOPER D AUTO COUNTRYMAN,MINI COOPER D AUTO COUNTRYMAN,MINI COOPER D,MINI COOPER D
MINI COOPER D3D AUTOTRANSM1BS4,MINI COOPER D3D AUTOTRANSM1BS4,MINI COOPER S,MINI COOPER S
BMW X 3 ,BMW X 3,X3,X3
BMW 530D WITH AUTO. TRANSMISSION,BMW 530D WITH AUTO. TRANSMISSION,5 SERIES 530D,5 SERIES 530D
BMW X1 XDRIVE20D XLINE WITH AT,BMW X1 XDRIVE20D XLINE WITH AT,X1 XDRIVE20D XLINE,X1 XDRIVE20D XLINE
BMW 320D BASE,BMW 320D BASE,3 SERIES 320D,3 SERIES 320D
BMW X5 XDRIVE 30D DPE,BMW X5 XDRIVE 30D DPE,X5 XDRIVE30D,X5 XDRIVE30D
BMW 320D E,BMW 320D E,3 SERIES 320D,3 SERIES 320D
X5  XDRIVE 30D EAT,X5 XDRIVE 30D EAT,X5 XDRIVE30D,X5 XDRIVE30D
BMWX4 XDRIVE 30D MSPORT X BSVI,BMWX4 XDRIVE 30D MSPORT X BSVI,X4 XDRIVE30D M SPORT,X4 XDRIVE30D M SPORT
BMW X5 S DRIVE 30 D,BMW X5 S DRIVE 30 D,X5,X5
BMW X1 SDRIVE20D LCI,BMW X1 SDRIVE20D LCI,X1 SDRIVE20D,X1 SDRIVE20D
BMW Z4 SDRIVE35I (LCI) WITH AU,BMW Z4 SDRIVE35I LCI WITH AU,Z4,Z4
BMW X1 SDRIVE20D EXCLUSIVE,BMW X1 SDRIVE20D EXCLUSIVE,X1 SDRIVE20D,X1 SDRIVE20D
BMW 320I BSIII 5SEAT,BMW 320I BSIII 5SEAT,3 SERIES 320I,3 SERIES 320I
BMW 320 D GT,BMW 320 D GT,D,D
B.M.W 320 D RL,B.M.W 320 D RL,D,D
BMW X3 XDRIVE20D EXPEDITION,BMW X3 XDRIVE20D EXPEDITION,X3 XDRIVE20D,X3 XDRIVE20D
BMW X3  XDRIVE 20D,BMW X3 XDRIVE 20D,X3 XDRIVE20D,X3 XDRIVE20D
BMW X1 XDRIVE20D M SPORT WITH ,BMW X1 XDRIVE20D M SPORT WITH,X1 XDRIVE20D M SPORT,X1 XDRIVE20D M SPORT
BMW X1 XDRIVE20D M SPORT WITH,BMW X1 XDRIVE20D M SPORT WITH,X1 XDRIVE20D M SPORT,X1 XDRIVE20D M SPORT
BMW CABRIOLET CON,BMW CABRIOLET CON,I,I
BMW X7 XDRIVE30D DPE SIGANATUR,BMW X7 XDRIVE30D DPE SIGANATUR,X7 XDRIVE30D,X7 XDRIVE30D
BMW 530D WITH AUTO. TRANSMISSI,BMW 530D WITH AUTO. TRANSMISSI,5 SERIES 530D,5 SERIES 530D
BMW3 SERIES GT BSIV,BMW3 SERIES GT BSIV,3 SERIES,3 SERIES
BMW X3 2.5SI,BMW X3 2.5SI,X3,X3
BMW X1 XDRIVE20D M S W A T BS4,BMW X1 XDRIVE20D M S W A T BS4,X1 XDRIVE20D,X1 XDRIVE20D
BMW 525 D DIESEL B,BMW 525 D DIESEL B,D,D
BMW 3 GRAN LIMOUSINE 330LI LUX,BMW 3 GRAN LIMOUSINE 330LI LUX,I,I
BMW 116 I,BMW 116 I,I,I
BMW 3 SERIES GRAN TURISMO,BMW 3 SERIES GRAN TURISMO,3 SERIES,3 SERIES
MINI CLUBMAN COOPER S LCI BSVI,MINI CLUBMAN COOPER S LCI BSVI,MINI CLUBMAN,MINI CLUBMAN
BMW 320D(LCI) PRESTIGE W AUTO,BMW 320D LCI PRESTIGE W AUTO,3 SERIES 320D,3 SERIES 320D
MINI COOPER D,MINI COOPER D,MINI COOPER D,MINI COOPER D
BMW X1 SDRIVE20D XLINE WITH AT,BMW X1 SDRIVE20D XLINE WITH AT,X1 SDRIVE20D XLINE,X1 SDRIVE20D XLINE
MINI COOPER S HATCH 3,MINI COOPER S HATCH 3,MINI COOPER S,MINI COOPER S
BMW 320D BSIII,BMW 320D BSIII,3 SERIES 320D,3 SERIES 320D
730LD LCI,730LD LCI,7 SERIES,7 SERIES
BMW X1 SDRIVE20D EXPEDITION WI,BMW X1 SDRIVE20D EXPEDITION WI,X1 SDRIVE20D,X1 SDRIVE20D
BMW 620D GT LCI M SPORT,BMW 620D GT LCI M SPORT,M SPORT,M SPORT
BMW 525D CKD IND RL,BMW 525D CKD IND RL,5 SERIES 525D,5 SERIES 525D
BMW 6 SERIES GRAN TURISMO 620D,BMW 6 SERIES GRAN TURISMO 620D,6 SERIES 620D,6 SERIES 620D
G 310 R BSVI,G 310 R BSVI,I,I
BMW 520 D AT,BMW 520 D AT,5 SERIES,5 SERIES
BMW 320D PRESTIGE,BMW 320D PRESTIGE,3 SERIES 320D,3 SERIES 320D
320D,320D,3 SERIES 320D,3 SERIES 320D
BMW 530D M SPORT WAUTOTR BS4,BMW 530D M SPORT WAUTOTR BS4,5 SERIES 530D,5 SERIES 530D
MINI COOPER S COUNTRYMEN,MINI COOPER S COUNTRYMEN,MINI COOPER S,MINI COOPER S
BMW 220D GRAN COUPE SPORT LINE,BMW 220D GRAN COUPE SPORT LINE,GRAN COUPE,GRAN COUPE
BMW 320D LUXURY LINE WITH AT B,BMW 320D LUXURY LINE WITH AT B,3 SERIES 320D,3 SERIES 320D
BMW 320  D,BMW 320 D,D,D
BMW 730LD DPE SIGNATURE,BMW 730LD DPE SIGNATURE,7 SERIES,7 SERIES
BMW 530 d Msport,BMW 530 D MSPORT,M SPORT,M SPORT
BMW X3 2OD,BMW X3 2OD,X3,X3
BMW 530I SPORT,BMW 530I SPORT,SPORT,SPORT
"730 LD AT, BSIV",730 LD AT BSIV,LD,LD
BMW 730 LD CKD,BMW 730 LD CKD,LD,LD
BMW 3 SERIES GT WITH AT,BMW 3 SERIES GT WITH AT,3 SERIES,3 SERIES
BMW 3 GRAN 320LD LCI M SPORT,BMW 3 GRAN 320LD LCI M SPORT,M SPORT,M SPORT
BMW M SERIES M3,BMW M SERIES M3,M3,M3
"X3 DRIVE 20D, BSIV",X3 DRIVE 20D BSIV,X3,X3
BMW 520D SLWAT BS IV,BMW 520D SLWAT BS IV,5 SERIES 520D,5 SERIES 520D
BMW X1 SDRIVE18I M SPORT,BMW X1 SDRIVE18I M SPORT,X1,X1
BMW 320D LUXURY LINE CKD,BMW 320D LUXURY LINE CKD,3 SERIES 320D,3 SERIES 320D
BMW XI SDRIVE 20D,BMW XI SDRIVE 20D,SDRIVE,SDRIVE
BMW 740 LI,BMW 740 LI,I,I
BMW 520 D LUXURY LINE CKD,BMW 520 D LUXURY LINE CKD,5 SERIES,5 SERIES
BMW CKD 520 D EURO III,BMW CKD 520 D EURO III,5 SERIES,5 SERIES
BMW 320 I E3,BMW 320 I E3,I,I
BMW 520,BMW 520,5 SERIES,5 SERIES
BMD 520 D,BMD 520 D,5 SERIES,5 SERIES
BMW X3  XDRIVE20D BSIV,BMW X3 XDRIVE20D BSIV,X3 XDRIVE20D,X3 XDRIVE20D
BMW X3 XDRIVE 20D BS IV,BMW X3 XDRIVE 20D BS IV,X3 XDRIVE20D,X3 XDRIVE20D
BMW X SERIES X1 20D CATALYTIC,BMW X SERIES X1 20D CATALYTIC,X1,X1
BMW 3 SERIES GT WITH AUTO TR,BMW 3 SERIES GT WITH AUTO TR,3 SERIES,3 SERIES
BMW 320D BASE CKD,BMW 320D BASE CKD,3 SERIES 320D,3 SERIES 320D
BMW Z4 SDRIVE35I A/T,BMW Z4 SDRIVE35I A/T,Z4,Z4
BMW 730LD M SPORT WITH AUTOMAT,BMW 730LD M SPORT WITH AUTOMAT,7 SERIES,7 SERIES
BMW X5 XDRIVE 30D DPE 7S BS ,BMW X5 XDRIVE 30D DPE 7S BS,X5 XDRIVE30D,X5 XDRIVE30D
BMW 530D WITH AT BSIII,BMW 530D WITH AT BSIII,5 SERIES 530D,5 SERIES 530D
BMW X 1 2.0 D,BMW X 1 2.0 D,X1,X1
BMW X1 SDRIVE20D AT,BMW X1 SDRIVE20D AT,X1 SDRIVE20D,X1 SDRIVE20D
BMW CKD 320 D AUTOMATIC TRANSM,BMW CKD 320 D AUTOMATIC TRANSM,D,D
BMW 520D CKD,BMW 520D CKD,5 SERIES 520D,5 SERIES 520D
BMW XI S DRIVE 20D,BMW XI S DRIVE 20D,D,D
BMW CKD 520D,BMW CKD 520D,5 SERIES 520D,5 SERIES 520D
BMW 320D BS4,BMW 320D BS4,3 SERIES 320D,3 SERIES 320D
BMW MINICOOPER,BMW MINICOOPER,MINI COOPER,MINI COOPER
13,13,NOT FOUND,BMW OTHER
BMW 730LD DPE AUTO TRANS BSIV,BMW 730LD DPE AUTO TRANS BSIV,7 SERIES,7 SERIES
MINI COOPER S BS4,MINI COOPER S BS4,MINI COOPER S,MINI COOPER S
BMW320D,BMW320D,3 SERIES 320D,3 SERIES 320D
BMW  X6 X DRIVE 40 D,BMW X6 X DRIVE 40 D,X6,X6
BMW 523 I,BMW 523 I,I,I
MINI Cooper S (3-Door Hatch w,MINI COOPER S 3-DOOR HATCH W,MINI COOPER S,MINI COOPER S
BMW 320D LUXURY LINE CKD BSIV,BMW 320D LUXURY LINE CKD BSIV,3 SERIES 320D,3 SERIES 320D
BMW 730LD WITH AUTOMATIC TRANS,BMW 730LD WITH AUTOMATIC TRANS,7 SERIES,7 SERIES
BMW X1 SDRIVE20D WITH AT (LA,BMW X1 SDRIVE20D WITH AT LA,X1 SDRIVE20D,X1 SDRIVE20D
BMW X1 SDRIVE 18I,BMW X1 SDRIVE 18I,X1,X1
BMW X1 XDRIVE 20 D,BMW X1 XDRIVE 20 D,X1,X1
BMW 320 I BSIII 5 SEAT,BMW 320 I BSIII 5 SEAT,I,I
BMW 330I WITH A T  BSIV,BMW 330I WITH A T BSIV,I,I
X3 20 D,X3 20 D,X3,X3
BMW X5 XDRIVE30D XLINE BS6,BMW X5 XDRIVE30D XLINE BS6,X5 XDRIVE30D XLINE,X5 XDRIVE30D XLINE
MINI COOPER D (5-DOOR HATCH) W,MINI COOPER D 5-DOOR HATCH W,MINI COOPER D,MINI COOPER D
BMW 530D CKD AT BSIV,BMW 530D CKD AT BSIV,5 SERIES 530D,5 SERIES 530D
BMW 730LD,BMW 730LD,7 SERIES,7 SERIES
BMW 520D ,BMW 520D,5 SERIES 520D,5 SERIES 520D
BMW X5 30 D SAV,BMW X5 30 D SAV,X5,X5
MINI COOPER D COUNTRYMAN BSIV,MINI COOPER D COUNTRYMAN BSIV,MINI COOPER S,MINI COOPER S
GRAN TURISMO- Bharat Stage-IV,GRAN TURISMO- BHARAT STAGE-IV,GRAN TURISMO,GRAN TURISMO
MINI COOPER D AUTO,MINI COOPER D AUTO,MINI COOPER D,MINI COOPER D
BMW XI,BMW XI,I,I
BMW 750 LI LIMOUSINE RHD,BMW 750 LI LIMOUSINE RHD,D,D
BMW CKD 520D AUTOMATIC EURO IV,BMW CKD 520D AUTOMATIC EURO IV,5 SERIES 520D,5 SERIES 520D
BMW 330 D,BMW 330 D,D,D
BMW 730LD SEDAN,BMW 730LD SEDAN,7 SERIES,7 SERIES
BMW 320D  SPORT  AUTOMATICTRAN,BMW 320D SPORT AUTOMATICTRAN,3 SERIES 320D,3 SERIES 320D
BMW 320 I LCI,BMW 320 I LCI,I,I
BMW 740D M SPORT,BMW 740D M SPORT,M SPORT,M SPORT
BMW X4 XDRIVE30D MSPORT EDITIO,BMW X4 XDRIVE30D MSPORT EDITIO,X4 XDRIVE30D M SPORT,X4 XDRIVE30D M SPORT
BMW F60 COOPER SD BS IV,BMW F60 COOPER SD BS IV,D,D
BMW X53 OD,BMW X53 OD,X5,X5
BMW 320 D A.T. BS IV,BMW 320 D A.T. BS IV,D,D
BMW 740LI LCI DPE SIGNATURE,BMW 740LI LCI DPE SIGNATURE,D,D
BMW X5 XDRIVE35I,BMW X5 XDRIVE35I,X5,X5
BMW Z4 S DRIVE,BMW Z4 S DRIVE,Z4,Z4
BMW 320 D {BS IV},BMW 320 D BS IV,D,D
BMW 3 SERIES G T,BMW 3 SERIES G T,3 SERIES,3 SERIES
BMW 520D MODERN LINE,BMW 520D MODERN LINE,5 SERIES 520D,5 SERIES 520D
BMW MINI COOPER S,BMW MINI COOPER S,MINI COOPER S,MINI COOPER S
525D,525D,5 SERIES 525D,5 SERIES 525D
BMW X1 SDRIVE20I (TU)  XLINE  WITH  AT BSVI,BMW X1 SDRIVE20I TU XLINE WITH AT BSVI,X1 SDRIVE20I XLINE,X1 SDRIVE20I XLINE
BMW CKD 530 D AUTOMATIC,BMW CKD 530 D AUTOMATIC,D,D
BMW- 320D LUXURY LINE WITH AT,BMW- 320D LUXURY LINE WITH AT,3 SERIES 320D,3 SERIES 320D
BMW/AT,BMW/AT,NOT FOUND,BMW OTHER
BMW 730LD DPE WITH AUTOMATIC T,BMW 730LD DPE WITH AUTOMATIC T,7 SERIES,7 SERIES
BMW X5 X DRIVE 30D,BMW X5 X DRIVE 30D,X5,X5
BMW CKD525D,BMW CKD525D,5 SERIES 525D,5 SERIES 525D
BMW X5xDrive 30d,BMW X5XDRIVE 30D,X5 XDRIVE30D,X5 XDRIVE30D
BMW M4 COUPE,BMW M4 COUPE,M4,M4
BMW 730 LD WITH ATM BS IV,BMW 730 LD WITH ATM BS IV,LD,LD
BMW 520D LUXURY LINE WITH AT B,BMW 520D LUXURY LINE WITH AT B,5 SERIES 520D,5 SERIES 520D
BMW X1 SDRIVE 20D,BMW X1 SDRIVE 20D,X1 SDRIVE20D,X1 SDRIVE20D
BMW X3 XDRIVE 30D,BMW X3 XDRIVE 30D,X3 XDRIVE30D,X3 XDRIVE30D
BMW 3 GRAN 330LI LCI M SPORT,BMW 3 GRAN 330LI LCI M SPORT,M SPORT,M SPORT
BMW 740D M SPORT BSVI-PH2,BMW 740D M SPORT BSVI-PH2,M SPORT,M SPORT
MINI CLUBMAN COOPER S,MINI CLUBMAN COOPER S,MINI CLUBMAN,MINI CLUBMAN
BNW CAR 520D CKD,BNW CAR 520D CKD,5 SERIES 520D,5 SERIES 520D
BMW 325I WITH AT,BMW 325I WITH AT,I,I
BMW X3  XDRIVE 20D WITH AT,BMW X3 XDRIVE 20D WITH AT,X3 XDRIVE20D,X3 XDRIVE20D
BMW X4 XDRIVE 30D M SPORT X BS,BMW X4 XDRIVE 30D M SPORT X BS,X4 XDRIVE30D M SPORT,X4 XDRIVE30D M SPORT
X1 SDRIVE 20D INNOVATION,X1 SDRIVE 20D INNOVATION,X1 SDRIVE20D,X1 SDRIVE20D
BMW 630I GT AT,BMW 630I GT AT,I,I
MINI COOPER S COUNT BS4,MINI COOPER S COUNT BS4,MINI COOPER S,MINI COOPER S
BMW X1 X DRIVE 20D SAV,BMW X1 X DRIVE 20D SAV,X1,X1
BMW SALOON,BMW SALOON,NOT FOUND,BMW OTHER
BMW X5XDRIVE30D WAT 5STR BSIV,BMW X5XDRIVE30D WAT 5STR BSIV,X5 XDRIVE30D,X5 XDRIVE30D
BMW X7 XDRIVE40I,BMW X7 XDRIVE40I,X7 XDRIVE40I,X7 XDRIVE40I
BMW 320D SPORT LINE,BMW 320D SPORT LINE,3 SERIES 320D,3 SERIES 320D
INDIGO CS LX,INDIGO CS LX,D,D
BMW X5 XDRIVE 35I DPE ATBS4,BMW X5 XDRIVE 35I DPE ATBS4,X5,X5
MINI COOPER CONVERTIBLE,MINI COOPER CONVERTIBLE,MINI COOPER CONVERTIBLE,MINI COOPER CONVERTIBLE
BMW X1S D 20D,BMW X1S D 20D,X1,X1
BMW X 3 X DRIVE 20D AUTO TRANS,BMW X 3 X DRIVE 20D AUTO TRANS,X3,X3
BMW X1 SDRIVE20I (LCI) SPORTX,BMW X1 SDRIVE20I LCI SPORTX,X1 SDRIVE20I SPORTX,X1 SDRIVE20I SPORTX
BMW X5 XDRIVE30D,BMW X5 XDRIVE30D,X5 XDRIVE30D,X5 XDRIVE30D
BMW X3 XDRIVE30D AT,BMW X3 XDRIVE30D AT,X3 XDRIVE30D,X3 XDRIVE30D
BMW 520D (LCI-TU),BMW 520D LCI-TU,5 SERIES 520D,5 SERIES 520D
"520D, BS IV",520D BS IV,5 SERIES 520D,5 SERIES 520D
BMW X3 XDRIVE20D XLINE BSIV,BMW X3 XDRIVE20D XLINE BSIV,X3 XDRIVE20D XLINE,X3 XDRIVE20D XLINE
BMW 5 SERIES,BMW 5 SERIES,5 SERIES,5 SERIES
BMW X5 XDRIVE30D SPORTX PLUS,BMW X5 XDRIVE30D SPORTX PLUS,X5 XDRIVE30D SPORTX,X5 XDRIVE30D SPORTX
CKD 530 I,CKD 530 I,D,D
BMW 525I,BMW 525I,I,I
BMW 320DGT LUXURY LINE,BMW 320DGT LUXURY LINE,3 SERIES 320D,3 SERIES 320D
BMW M2 COMPETITION,BMW M2 COMPETITION,M2,M2
BMW 220I GRAN COUPE M SPORT,BMW 220I GRAN COUPE M SPORT,2 SERIES 220I,2 SERIES 220I
BMW X5 30D EXPEDITION,BMW X5 30D EXPEDITION,X5,X5
MINI COOPER S R 56,MINI COOPER S R 56,MINI COOPER S,MINI COOPER S
BMW X5 XDRIVE40IM SPORT BS6,BMW X5 XDRIVE40IM SPORT BS6,X5 XDRIVE40I M SPORT,X5 XDRIVE40I M SPORT
CKD X5 XDRIVE 3.0 D,CKD X5 XDRIVE 3.0 D,X5,X5
BMW X5 XDRIVE 30D ,BMW X5 XDRIVE 30D,X5 XDRIVE30D,X5 XDRIVE30D
BMW X7 XDRIVE 30D DPE,BMW X7 XDRIVE 30D DPE,X7 XDRIVE30D,X7 XDRIVE30D
BMW 320D RL IND CKD,BMW 320D RL IND CKD,3 SERIES 320D,3 SERIES 320D
BMW525D,BMW525D,5 SERIES 525D,5 SERIES 525D
BMW X5 XDRIVE 30D 5SEAT BS IV,BMW X5 XDRIVE 30D 5SEAT BS IV,X5 XDRIVE30D,X5 XDRIVE30D
BMW 520 D DIESEL,BMW 520 D DIESEL,5 SERIES,5 SERIES
BMW 320 D,BMW 320 D,D,D
BMW X5X DRIVE,BMW X5X DRIVE,X5,X5
BMW 320 D SPORT LINE,BMW 320 D SPORT LINE,SPORT,SPORT
BMW X5 XDRIVE40I M SPORT BSVI,BMW X5 XDRIVE40I M SPORT BSVI,X5 XDRIVE40I M SPORT,X5 XDRIVE40I M SPORT
BMW 5 SERIES 525D,BMW 5 SERIES 525D,5 SERIES 525D,5 SERIES 525D
BMW 730LD LCI M SPORT,BMW 730LD LCI M SPORT,7 SERIES,7 SERIES
BMW 730LD LCI DPE SIGNATURE  5,BMW 730LD LCI DPE SIGNATURE 5,7 SERIES,7 SERIES
BMW 530D M SPORT (G30),BMW 530D M SPORT G30,5 SERIES 530D,5 SERIES 530D
BMW 118D AUTO TRANSMISSION,BMW 118D AUTO TRANSMISSION,D,D
X 5 XDRIVE 30 D,X 5 XDRIVE 30 D,X5,X5
"BMW INDIA PVT LTD, X7 XDRIVE30D DPE SIGNATURE",X7 XDRIVE30D DPE SIGNATURE,X7 XDRIVE30D,X7 XDRIVE30D
BMW 320 D HIGHLINE,BMW 320 D HIGHLINE,D,D
BMW320IPETROL6SPEED AT AND CC,BMW320IPETROL6SPEED AT AND CC,3 SERIES 320I,3 SERIES 320I
"BMW INDIA PVT LTD, BMW 330LI GRAN M SPORT",BMW 330LI GRAN M SPORT,M SPORT,M SPORT
BMW CKD 320 D SPORT,BMW CKD 320 D SPORT,SPORT,SPORT
BMW 320D RL BS4,BMW 320D RL BS4,3 SERIES 320D,3 SERIES 320D
BMW 520D (LCI-TU) WITH AUTOMAT,BMW 520D LCI-TU WITH AUTOMAT,5 SERIES 520D,5 SERIES 520D
BMW CKD 530 D EURO IV,BMW CKD 530 D EURO IV,D,D
MINI COOPER D 3DOOR HATCH WITH,MINI COOPER D 3DOOR HATCH WITH,MINI COOPER D,MINI COOPER D
BMW 220D GRAN COUPE SPORTLINE,BMW 220D GRAN COUPE SPORTLINE,GRAN COUPE,GRAN COUPE
BMW X1 2.0 D,BMW X1 2.0 D,X1,X1
BMW 530I (TU) M SPORT  WITH AT,BMW 530I TU M SPORT WITH AT,M SPORT,M SPORT
BMWX3XDRIVE20D,BMWX3XDRIVE20D,X3 XDRIVE20D,X3 XDRIVE20D
BMW X1 SEVIVE20D,BMW X1 SEVIVE20D,X1,X1
BMW 320D GT CKD,BMW 320D GT CKD,3 SERIES 320D,3 SERIES 320D
3 SERIES GRAN TURISMO,3 SERIES GRAN TURISMO,3 SERIES,3 SERIES
BMW X 32 OD,BMW X 32 OD,X3,X3
3 SERIES GRAN TURISMO CKD,3 SERIES GRAN TURISMO CKD,3 SERIES,3 SERIES
BMW 330I SPORT,BMW 330I SPORT,SPORT,SPORT
BMW X3 XDRIVE 20D DIESEL,BMW X3 XDRIVE 20D DIESEL,X3 XDRIVE20D,X3 XDRIVE20D
BMW 730LDM SPORT AUTOTRANS BS4,BMW 730LDM SPORT AUTOTRANS BS4,7 SERIES,7 SERIES
520 D,520 D,5 SERIES,5 SERIES
BMW X5 30D SAV,BMW X5 30D SAV,X5,X5
BMW 118 D AT,BMW 118 D AT,D,D
BMW 320 D ,BMW 320 D,D,D
BMWX3XDRIVE20DXLINEBSIV,BMWX3XDRIVE20DXLINEBSIV,X3 XDRIVE20D XLINE,X3 XDRIVE20D XLINE
BMW Z4 SDRIVE35I BS-III,BMW Z4 SDRIVE35I BS-III,Z4,Z4
BMW 530D BS-IV,BMW 530D BS-IV,5 SERIES 530D,5 SERIES 530D
BMW MINI COOPERS,BMW MINI COOPERS,MINI COOPER S,MINI COOPER S
BMW    320  I    E3,BMW 320 I E3,I,I
BMW-740LI BS-IV,BMW-740LI BS-IV,I,I
BMW X3 XDRIVE 20D BSIV,BMW X3 XDRIVE 20D BSIV,X3 XDRIVE20D,X3 XDRIVE20D
BMW 118D SPOT LINE,BMW 118D SPOT LINE,D,D
BMW X1 sDRIVE 20d WITH AT,BMW X1 SDRIVE 20D WITH AT,X1 SDRIVE20D,X1 SDRIVE20D
GRAN TURISMO,GRAN TURISMO,GRAN TURISMO,GRAN TURISMO
BMW IX1 XDRIVE30,BMW IX1 XDRIVE30,X1,X1
MINI COOPER D (3-DOOR HATCH) W,MINI COOPER D 3-DOOR HATCH W,MINI COOPER D,MINI COOPER D
BMW 530I M SPORTWITHAUTOMATICT,BMW 530I M SPORTWITHAUTOMATICT,M SPORT,M SPORT
BMW  X1 SDRIVE20D,BMW X1 SDRIVE20D,X1 SDRIVE20D,X1 SDRIVE20D
BMW CKD 320D SPORT LINE BSIV,BMW CKD 320D SPORT LINE BSIV,3 SERIES 320D,3 SERIES 320D
BMW X1 SDRIVE20D XLINE LCI BSV,BMW X1 SDRIVE20D XLINE LCI BSV,X1 SDRIVE20D XLINE,X1 SDRIVE20D XLINE
BMW CKD X5 3.0 D,BMW CKD X5 3.0 D,X5,X5
VSIPD12518,VSIPD12518,D,D
BMW 320 I PETROL,BMW 320 I PETROL,I,I
BMW X1S DRIVER 18I WITHAT BSIV,BMW X1S DRIVER 18I WITHAT BSIV,X1,X1
BMW X1 XDRIVE 20D M SPORT,BMW X1 XDRIVE 20D M SPORT,X1 XDRIVE20D M SPORT,X1 XDRIVE20D M SPORT
MINI COOPER S (3-DOOR,MINI COOPER S 3-DOOR,MINI COOPER S,MINI COOPER S
1NOBMWCKD320DBSIV,1NOBMWCKD320DBSIV,3 SERIES 320D,3 SERIES 320D
BMW 320 D BASE LINE CKD,BMW 320 D BASE LINE CKD,D,D
MINI Cooper S (3-Door Hatch) w,MINI COOPER S 3-DOOR HATCH W,MINI COOPER S,MINI COOPER S
BMW 730LD DPE BS IV,BMW 730LD DPE BS IV,7 SERIES,7 SERIES
750 LI IMPORTED CAR,750 LI IMPORTED CAR,ED,ED
BMW 530D (LCI) M SPORT WITH AT,BMW 530D LCI M SPORT WITH AT,5 SERIES 530D,5 SERIES 530D
BMW X3 XDRIVE20D (LCI) XLINE,BMW X3 XDRIVE20D LCI XLINE,X3 XDRIVE20D XLINE,X3 XDRIVE20D XLINE
BMW 320D BS III,BMW 320D BS III,3 SERIES 320D,3 SERIES 320D
BMW X5 XDRIVE40I LCI XLINE,BMW X5 XDRIVE40I LCI XLINE,X5 XDRIVE40I XLINE,X5 XDRIVE40I XLINE
BMW CBU X6 XDRIVE40D AUTOMATIC,BMW CBU X6 XDRIVE40D AUTOMATIC,X6 XDRIVE40D,X6 XDRIVE40D
BMW X1 SPORTS LINE,BMW X1 SPORTS LINE,X1,X1
BMW X5 X DRIVE 30D DPE AT,BMW X5 X DRIVE 30D DPE AT,X5,X5
BMW Gran Turismo Luxury Line,BMW GRAN TURISMO LUXURY LINE,GRAN TURISMO,GRAN TURISMO
BMW X1 SDRIVE 20I (LCI) XLINE ,BMW X1 SDRIVE 20I LCI XLINE,X1 SDRIVE20I XLINE,X1 SDRIVE20I XLINE
X5 3.0D SAV,X5 3.0D SAV,X5,X5
BMW X5 XDRIVE 30D DPE 5SEATBS4,BMW X5 XDRIVE 30D DPE 5SEATBS4,X5 XDRIVE30D,X5 XDRIVE30D
BMW X1 sDrive 20d Expedition,BMW X1 SDRIVE 20D EXPEDITION,X1 SDRIVE20D,X1 SDRIVE20D
BMW XI 20D,BMW XI 20D,D,D
MINI COOPER SE,MINI COOPER SE,MINI COOPER S,MINI COOPER S
BMW 650I 6 SPEED AUTO TRANS,BMW 650I 6 SPEED AUTO TRANS,ED,ED
BMW 530D AT BSIV DIESEL,BMW 530D AT BSIV DIESEL,5 SERIES 530D,5 SERIES 530D
BMW X3 XDRIVE20D LUXURY LINE BSIV,BMW X3 XDRIVE20D LUXURY LINE BSIV,X3 XDRIVE20D LUXURY LINE,X3 XDRIVE20D LUXURY LINE
BMWX5XDRIVE 30 D,BMWX5XDRIVE 30 D,X5,X5
BMW CAR,BMW CAR,NOT FOUND,BMW OTHER
BMW X7 XDRIVE40I LCI M SPORT,BMW X7 XDRIVE40I LCI M SPORT,X7 XDRIVE40I M SPORT,X7 XDRIVE40I M SPORT
BMW IMPORTED,BMW IMPORTED,ED,ED
BMW 520D WITH AUTOMATIC TRNSMI,BMW 520D WITH AUTOMATIC TRNSMI,5 SERIES 520D,5 SERIES 520D
BMW CKD 53OD,BMW CKD 53OD,D,D
BMW 525 I PETROL,BMW 525 I PETROL,I,I
BMW 530D BSIV,BMW 530D BSIV,5 SERIES 530D,5 SERIES 530D
BMW X1 20D AUTO TRANS,BMW X1 20D AUTO TRANS,X1,X1
BMW320D BSIII,BMW320D BSIII,3 SERIES 320D,3 SERIES 320D
BMW XDRIVE30D XLINE,BMW XDRIVE30D XLINE,XDRIVE,XDRIVE
BMW 320D LCI M SPORT AT,BMW 320D LCI M SPORT AT,3 SERIES 320D,3 SERIES 320D
PASSENGER BMW 320D,PASSENGER BMW 320D,3 SERIES 320D,3 SERIES 320D
BMW CKD 320 D H/L AUTOMATIC,BMW CKD 320 D H/L AUTOMATIC,D,D
BMW 5 GRAN TURISMO 530 D,BMW 5 GRAN TURISMO 530 D,GRAN TURISMO,GRAN TURISMO
BMW X1 Expedition Bharat Stage,BMW X1 EXPEDITION BHARAT STAGE,X1,X1
BMW 630D GT LCI M-SPORT,BMW 630D GT LCI M-SPORT,M SPORT,M SPORT
BMW X3 XDRIVE20D LUXURY LINE,BMW X3 XDRIVE20D LUXURY LINE,X3 XDRIVE20D LUXURY LINE,X3 XDRIVE20D LUXURY LINE
BMW 320D GRAN TUR,BMW 320D GRAN TUR,3 SERIES 320D,3 SERIES 320D
MINI COUNTRYMAN JCW (LCI,MINI COUNTRYMAN JCW LCI,MINI COUNTRYMAN,MINI COUNTRYMAN
BMW CAR 320D,BMW CAR 320D,3 SERIES 320D,3 SERIES 320D
BMW 530D M Sport,BMW 530D M SPORT,5 SERIES 530D,5 SERIES 530D
BMW 730LD LCI DPE SIGNATURE,BMW 730LD LCI DPE SIGNATURE,7 SERIES,7 SERIES
BMW525 D,BMW525 D,D,D
BMWXI 200,BMWXI 200,I,I
BMW 320D WITH AT BS4,BMW 320D WITH AT BS4,3 SERIES 320D,3 SERIES 320D
BMW  X6  XDRIVE,BMW X6 XDRIVE,X6,X6
X 1 20D,X 1 20D,X1,X1
...BMW,...BMW,NOT FOUND,BMW OTHER
BMW CAR 520D CKD IND RL,BMW CAR 520D CKD IND RL,5 SERIES 520D,5 SERIES 520D
BMW X5 XDRIVE30D (TU M-SPORT,BMW X5 XDRIVE30D TU M-SPORT,X5 XDRIVE30D M SPORT,X5 XDRIVE30D M SPORT
BMW 530I,BMW 530I,I,I
BMW 320 DLCI,BMW 320 DLCI,D,D
BMW320D LUXURY LINE,BMW320D LUXURY LINE,3 SERIES 320D,3 SERIES 320D
525D CKD INDRL,525D CKD INDRL,5 SERIES 525D,5 SERIES 525D
BMW 118D HATCH BS IV,BMW 118D HATCH BS IV,HATCH,HATCH
MINI COOPER S COUNTRYMAN,MINI COOPER S COUNTRYMAN,MINI COOPER S,MINI COOPER S
TATA SPACIO GOLD,TATA SPACIO GOLD,NOT FOUND,BMW OTHER
BMW 320D (LCI PRESTIGE WITH A,BMW 320D LCI PRESTIGE WITH A,3 SERIES 320D,3 SERIES 320D
BMW  730 D,BMW 730 D,D,D
BMW 320 DGT,BMW 320 DGT,D,D
BMW 6 SERIES GRANTURISMO(630I),BMW 6 SERIES GRANTURISMO 630I,6 SERIES 630I,6 SERIES 630I
BMW X1 20D DIE AUTO TRANS,BMW X1 20D DIE AUTO TRANS,X1,X1
BMW 730LD EMINENCE,BMW 730LD EMINENCE,7 SERIES,7 SERIES
BMW GRAN TURISMO 3.0I D,BMW GRAN TURISMO 3.0I D,GRAN TURISMO,GRAN TURISMO
BMW X 1S,BMW X 1S,X1,X1
BMW CBU Z4 SDRIVE35IAUTO,BMW CBU Z4 SDRIVE35IAUTO,Z4,Z4
BMW X5 XDRIVE 30D DPE WITH AT ,BMW X5 XDRIVE 30D DPE WITH AT,X5 XDRIVE30D,X5 XDRIVE30D
BMW X3 20D X-LINE,BMW X3 20D X-LINE,X3,X3
GRAN TURISMO WITH AUTO TRANS,GRAN TURISMO WITH AUTO TRANS,GRAN TURISMO,GRAN TURISMO
BMW X1 2.0D BS IV,BMW X1 2.0D BS IV,X1,X1
BMW530ISPORTLINE WITHAUTOMATIC,BMW530ISPORTLINE WITHAUTOMATIC,SPORT,SPORT
X3 2.0 D,X3 2.0 D,X3,X3
530D MSPORT.,530D MSPORT.,5 SERIES 530D,5 SERIES 530D
BMW X1 SDRIVE20D EXPEDITION WITH AT (LA) BSIV,BMW X1 SDRIVE20D EXPEDITION WITH AT LA BSIV,X1 SDRIVE20D,X1 SDRIVE20D
BMW 730LD BS IV,BMW 730LD BS IV,7 SERIES,7 SERIES
MINI COOPER D HATCH AT,MINI COOPER D HATCH AT,MINI COOPER D,MINI COOPER D
BMW 6 SERIES GT M SPORT,BMW 6 SERIES GT M SPORT,6 SERIES,6 SERIES
BMW X3 XDRIVE20DLUXURYLINE BS4,BMW X3 XDRIVE20DLUXURYLINE BS4,X3 XDRIVE20D,X3 XDRIVE20D
BMW 3 SERIES GT BSIV,BMW 3 SERIES GT BSIV,3 SERIES,3 SERIES
MINI COOPER CABRIO,MINI COOPER CABRIO,MINI COOPER,MINI COOPER
BMWX5 XDRIVE 30D LCI DIESEL,BMWX5 XDRIVE 30D LCI DIESEL,X5 XDRIVE30D,X5 XDRIVE30D
BMW 328 I SPORT,BMW 328 I SPORT,SPORT,SPORT
BMW330D IMP,BMW330D IMP,3 SERIES 330D,3 SERIES 330D
BMW X1 SDRIVE20D XLINE LA BS,BMW X1 SDRIVE20D XLINE LA BS,X1 SDRIVE20D XLINE,X1 SDRIVE20D XLINE
BMW 320D LUXYRY LINE,BMW 320D LUXYRY LINE,3 SERIES 320D,3 SERIES 320D
BMW 525I AT,BMW 525I AT,I,I
"X3 XDRIVE30D,BSIV",X3 XDRIVE30D BSIV,X3 XDRIVE30D,X3 XDRIVE30D
BMW X1S DRIVE 20D,BMW X1S DRIVE 20D,X1,X1
BMW X1SDRIVE 20D,BMW X1SDRIVE 20D,X1 SDRIVE20D,X1 SDRIVE20D
BMW X1 SDRIVE 18D M SPORT,BMW X1 SDRIVE 18D M SPORT,X1 SDRIVE18D M SPORT,X1 SDRIVE18D M SPORT
BMW 3 GRAN LIMOUSINE 320LD LUX,BMW 3 GRAN LIMOUSINE 320LD LUX,LD,LD
"BMW INDIA PVT LTD, BMW 330LI GRAN LUXURY LINE",BMW 330LI GRAN LUXURY LINE,LUXURY LINE,LUXURY LINE
BMW 320DSPORT,BMW 320DSPORT,3 SERIES 320D,3 SERIES 320D
BMW ...,BMW ...,NOT FOUND,BMW OTHER
BMW 520 d Luxury Line,BMW 520 D LUXURY LINE,5 SERIES,5 SERIES
BMW 118D WITH AT BSIV,BMW 118D WITH AT BSIV,D,D
BMW 620D GT LUXURY LINE,BMW 620D GT LUXURY LINE,LUXURY LINE,LUXURY LINE
BMW X1 SDRIVE20D IND CKD RL,BMW X1 SDRIVE20D IND CKD RL,X1 SDRIVE20D,X1 SDRIVE20D
BMW X3 2.5SI CBU,BMW X3 2.5SI CBU,X3,X3
BMW CKD 525 D,BMW CKD 525 D,D,D
BMW X3 XDRIVE30I LUXURY LINE,BMW X3 XDRIVE30I LUXURY LINE,X3 XDRIVE30I LUXURY LINE,X3 XDRIVE30I LUXURY LINE
BMW520 D DIESEL 6 SPEED AT,BMW520 D DIESEL 6 SPEED AT,5 SERIES,5 SERIES
BMW X3 XDRIVE20D ATTRNSCCM1BS4,BMW X3 XDRIVE20D ATTRNSCCM1BS4,X3 XDRIVE20D,X3 XDRIVE20D
BMW 5231 BSIII,BMW 5231 BSIII,I,I
BMW X6,BMW X6,X6,X6
BMW 750LI SEDAN,BMW 750LI SEDAN,SEDAN,SEDAN
BMW650I,BMW650I,I,I
X1 SDRIVE 20D XLINE,X1 SDRIVE 20D XLINE,X1 SDRIVE20D XLINE,X1 SDRIVE20D XLINE
BMW X4 XDRIVE 30I M SPORT X,BMW X4 XDRIVE 30I M SPORT X,X4 XDRIVE30I M SPORT,X4 XDRIVE30I M SPORT
BMW CKD 520 D,BMW CKD 520 D,5 SERIES,5 SERIES
BMW 330 I,BMW 330 I,I,I
BMW CKD 525 I,BMW CKD 525 I,D,D
BMW 525D DIESEL,BMW 525D DIESEL,5 SERIES 525D,5 SERIES 525D
BMW 525D DIESEL 6 SPEED,BMW 525D DIESEL 6 SPEED,5 SERIES 525D,5 SERIES 525D
BMW  X1,BMW X1,X1,X1
INDIGO MARINA FACELIFT LX,INDIGO MARINA FACELIFT LX,D,D
320 d,320 D,D,D
BMW 320 I PETROL 6 SAT,BMW 320 I PETROL 6 SAT,I,I
BMW X3 20D BS4,BMW X3 20D BS4,X3,X3
BMW X5 XDRIVE 30D EXPODITION,BMW X5 XDRIVE 30D EXPODITION,X5 XDRIVE30D,X5 XDRIVE30D
MINI COOPER S,MINI COOPER S,MINI COOPER S,MINI COOPER S
BMW 640D RL COUPE,BMW 640D RL COUPE,COUPE,COUPE
BMW 320D BS-IV,BMW 320D BS-IV,3 SERIES 320D,3 SERIES 320D
COOPER D,COOPER D,D,D
BMW X1S DRIVE 20D BS4,BMW X1S DRIVE 20D BS4,X1,X1
BMW 320D SPORT,BMW 320D SPORT,3 SERIES 320D,3 SERIES 320D
BMW 220I GRAN COUPE M SPORT BS,BMW 220I GRAN COUPE M SPORT BS,2 SERIES 220I,2 SERIES 220I
BMW X1 X-DRIVE 20D,BMW X1 X-DRIVE 20D,X1 XDRIVE20D,X1 XDRIVE20D
BMW X5 3.0 D,BMW X5 3.0 D,X5,X5
MINI COOPER S CONVERTIBLE,MINI COOPER S CONVERTIBLE,MINI COOPER S CONVERTIBLE,MINI COOPER S CONVERTIBLE
MINI COOPER,MINI COOPER,MINI COOPER,MINI COOPER
BMW520DLUXURYLINE W AUTOMATICT,BMW520DLUXURYLINE W AUTOMATICT,5 SERIES 520D,5 SERIES 520D
BMW Z4 SDRIVE20I BSVI,BMW Z4 SDRIVE20I BSVI,Z4,Z4
BMW 530 d,BMW 530 D,D,D
BMW X 5 XDRIVE 30D,BMW X 5 XDRIVE 30D,X5 XDRIVE30D,X5 XDRIVE30D
BMW COOPER,BMW COOPER,NOT FOUND,BMW OTHER
BMW 520D CKD IND RL,BMW 520D CKD IND RL,5 SERIES 520D,5 SERIES 520D
BMW 630I GT LCI M SPORT,BMW 630I GT LCI M SPORT,M SPORT,M SPORT
BMW X5 XDRIVE30D LCI XLINE,BMW X5 XDRIVE30D LCI XLINE,X5 XDRIVE30D XLINE,X5 XDRIVE30D XLINE
118D,118D,D,D
BMW X1 S DRIVE 20I,BMW X1 S DRIVE 20I,X1 SDRIVE20I,X1 SDRIVE20I
BMW 730LD LCI  DPE SIGNATUR4SE,BMW 730LD LCI DPE SIGNATUR4SE,7 SERIES,7 SERIES
BMW 5,BMW 5,NOT FOUND,BMW OTHER
BMW X 1 20 D BS IV,BMW X 1 20 D BS IV,X1,X1
BMWX5XDRIVE30DEXPEDITION WITH,BMWX5XDRIVE30DEXPEDITION WITH,X5 XDRIVE30D,X5 XDRIVE30D
BMW I4 EDRIVE 35 BOV,BMW I4 EDRIVE 35 BOV,I4,I4
1NO BMW CKD X1 SDRIVE,1NO BMW CKD X1 SDRIVE,X1,X1
BMW INDIA PVT LT,PVT LT,D,D
BMW X4 X DRIVE 30D M SPORT X B,BMW X4 X DRIVE 30D M SPORT X B,X4,X4
BMW520DLUXURYLINE W AUTOMATICTRANSMISSION BSIV,BMW520DLUXURYLINE W AUTOMATICTRANSMISSION BSIV,5 SERIES 520D,5 SERIES 520D
BMWX5 3.0DCBUSEAT5 BS3IMPORTED,BMWX5 3.0DCBUSEAT5 BS3IMPORTED,X5,X5
BMW 530 I,BMW 530 I,I,I
BMW 520D,BMW 520D,5 SERIES 520D,5 SERIES 520D
BMW X4 XDRIVE 20D M SPORT X,BMW X4 XDRIVE 20D M SPORT X,X4 XDRIVE20D M SPORT,X4 XDRIVE20D M SPORT
BMW GRAN TURISMO 630D Msport B,BMW GRAN TURISMO 630D MSPORT B,GRAN TURISMO,GRAN TURISMO
BMW CKD 32OD LCI,BMW CKD 32OD LCI,D,D
BMW G310 R,BMW G310 R,NOT FOUND,BMW OTHER
BMW320 D,BMW320 D,D,D
Z4 DRIVE 35I,Z4 DRIVE 35I,Z4,Z4
BMW 320D DIESEL,BMW 320D DIESEL,3 SERIES 320D,3 SERIES 320D
BMW I7 EDRIVE50 M SPORT,BMW I7 EDRIVE50 M SPORT,M SPORT,M SPORT
"BMW INDIA PVT LTD, BMW X5 XDRIVE40I M SPORT",BMW X5 XDRIVE40I M SPORT,X5 XDRIVE40I M SPORT,X5 XDRIVE40I M SPORT
BMW 320I CE,BMW 320I CE,3 SERIES 320I,3 SERIES 320I
BMW 320D(LCI) PRESTIGE W AUTO TRANSMISSION BSIV,BMW 320D LCI PRESTIGE W AUTO TRANSMISSION BSIV,3 SERIES 320D,3 SERIES 320D
BMW M8 COUPE,BMW M8 COUPE,COUPE,COUPE
BMW X3 XDRIVE20D IND CKD RL E4,BMW X3 XDRIVE20D IND CKD RL E4,X3 XDRIVE20D,X3 XDRIVE20D
BMW X3 XDRIVE20D WITH AUTOMATI,BMW X3 XDRIVE20D WITH AUTOMATI,X3 XDRIVE20D,X3 XDRIVE20D
BMW GRAN TURISMO LCI SPORT L,BMW GRAN TURISMO LCI SPORT L,GRAN TURISMO,GRAN TURISMO
BMW 525 I AT,BMW 525 I AT,I,I
BMW 640D,BMW 640D,D,D
BMW Z4 SDRIVE35I AT,BMW Z4 SDRIVE35I AT,Z4,Z4
BMW X6 40D SAC  DIESEL,BMW X6 40D SAC DIESEL,X6 XDRIVE40D,X6 XDRIVE40D
BMW X3 20D BSIV,BMW X3 20D BSIV,X3,X3
MINI COOPER SD COUNTRYMAN WITH,MINI COOPER SD COUNTRYMAN WITH,MINI COOPER S,MINI COOPER S
BMW X 32,BMW X 32,X3,X3
BMW CKD 520D AT,BMW CKD 520D AT,5 SERIES 520D,5 SERIES 520D
BMW X5.3 0D CBU,BMW X5.3 0D CBU,X5,X5
BMW 320 D BS IV,BMW 320 D BS IV,D,D
BMW 118 D PREDTIGE,BMW 118 D PREDTIGE,ED,ED
X 5.3 OD,X 5.3 OD,X5,X5
BMW BRAND NEW ,BMW BRAND NEW,D,D
BMW 520 D,BMW 520 D,5 SERIES,5 SERIES
BMW X3 DRIVE30D AT,BMW X3 DRIVE30D AT,X3,X3
BMW  X 1 S DRIVE 20D,BMW X 1 S DRIVE 20D,X1 SDRIVE20D,X1 SDRIVE20D
BMW X3 XDRIVE30I TU SPORTX,BMW X3 XDRIVE30I TU SPORTX,X3 XDRIVE30I SPORTX,X3 XDRIVE30I SPORTX
BMW X5 30 d Msport,BMW X5 30 D MSPORT,X5,X5
MINI COOPER S (3-DOOR HATCH) W,MINI COOPER S 3-DOOR HATCH W,MINI COOPER S,MINI COOPER S
MINI COOPER S3DOOR LCI WITH AT,MINI COOPER S3DOOR LCI WITH AT,MINI COOPER S,MINI COOPER S
BMW CKD525I E3,BMW CKD525I E3,D,D
BMW 520D AT,BMW 520D AT,5 SERIES 520D,5 SERIES 520D
BMW X1 18I,BMW X1 18I,X1,X1
BMW X1 20D,BMW X1 20D,X1,X1
BMW 520D LXRYLINEATRANSMISNBS6,BMW 520D LXRYLINEATRANSMISNBS6,5 SERIES 520D,5 SERIES 520D
BMW..,BMW..,NOT FOUND,BMW OTHER
BMW 520 D SL BSIV,BMW 520 D SL BSIV,5 SERIES,5 SERIES
BMW 220D GRAN COUPE M SPORT,BMW 220D GRAN COUPE M SPORT,GRAN COUPE,GRAN COUPE
BMW 530D AC,BMW 530D AC,5 SERIES 530D,5 SERIES 530D
BMW 523I BS IV,BMW 523I BS IV,I,I
BMW X3 XDRIVE30I M SPORT,BMW X3 XDRIVE30I M SPORT,X3 XDRIVE30I M SPORT,X3 XDRIVE30I M SPORT
BMW CKD 320 D AUTO TRANS. BSIV,BMW CKD 320 D AUTO TRANS. BSIV,D,D
BMW X5 XDRIVE30D LCI M SPORT,BMW X5 XDRIVE30D LCI M SPORT,X5 XDRIVE30D M SPORT,X5 XDRIVE30D M SPORT
BMW 530 I (ND75),BMW 530 I ND75,D,D
BMW 525D AT BSIV,BMW 525D AT BSIV,5 SERIES 525D,5 SERIES 525D
"BMW INDIA PVT LTD, BMW 620D GT LCI LUXURY LINE",BMW 620D GT LCI LUXURY LINE,LUXURY LINE,LUXURY LINE
BMW BRAND,BMW BRAND,D,D
BMW X3 XDRIVER 20D CBU,BMW X3 XDRIVER 20D CBU,X3 XDRIVE20D,X3 XDRIVE20D
BMW X3 XDRIVE 20D X LINE BSIV,BMW X3 XDRIVE 20D X LINE BSIV,X3 XDRIVE20D,X3 XDRIVE20D
BMW 525 I AT BSIII SEAT 5,BMW 525 I AT BSIII SEAT 5,I,I
BMW CKD X3  XDRIVE 20D BS IV,BMW CKD X3 XDRIVE 20D BS IV,X3 XDRIVE20D,X3 XDRIVE20D
BMW 3 GRAN LIMOUSINE 320LD M S,BMW 3 GRAN LIMOUSINE 320LD M S,LD,LD
BMW 320D(LCI),BMW 320D LCI,3 SERIES 320D,3 SERIES 320D
BMW 520D SEDAN,BMW 520D SEDAN,5 SERIES 520D,5 SERIES 520D
BMW 630I GT,BMW 630I GT,I,I
BMW 520D DIESEL,BMW 520D DIESEL,5 SERIES 520D,5 SERIES 520D
BMW 320D AT BSIV,BMW 320D AT BSIV,3 SERIES 320D,3 SERIES 320D
BMW 320D 5SEAT BSIII,BMW 320D 5SEAT BSIII,3 SERIES 320D,3 SERIES 320D
BMW 525D BS-IV,BMW 525D BS-IV,5 SERIES 525D,5 SERIES 525D
BMW 320D LUXURY,BMW 320D LUXURY,3 SERIES 320D,3 SERIES 320D
BMW 530,BMW 530,NOT FOUND,BMW OTHER
BMWX12.OD,BMWX12.OD,X1,X1
BMW X6 XDRIVE 40D DIESEL,BMW X6 XDRIVE 40D DIESEL,X6 XDRIVE40D,X6 XDRIVE40D
BMW 320D HIGHLINE  BS III,BMW 320D HIGHLINE BS III,3 SERIES 320D,3 SERIES 320D
BMW CKD X1 SDRIVE,BMW CKD X1 SDRIVE,X1,X1
BMW CKD 530 D,BMW CKD 530 D,D,D
BMW XI S DRIVE 20D BS-IV,BMW XI S DRIVE 20D BS-IV,D,D
BMW X1 SDRIVE D,BMW X1 SDRIVE D,X1,X1
X3 XDRIVE 20D LUXURY LINE BSIV,X3 XDRIVE 20D LUXURY LINE BSIV,X3 XDRIVE20D LUXURY LINE,X3 XDRIVE20D LUXURY LINE
MINI COOPER S (3-DOOR)JCW LCI2,MINI COOPER S 3-DOOR JCW LCI2,MINI COOPER S,MINI COOPER S
X1 2.0D,X1 2.0D,X1,X1
BMW X3 X DRIVE 20D AT,BMW X3 X DRIVE 20D AT,X3,X3
BMW 530D SPORT,BMW 530D SPORT,5 SERIES 530D,5 SERIES 530D
BMW 320LD GRAN LUXURY LINE,BMW 320LD GRAN LUXURY LINE,LUXURY LINE,LUXURY LINE
"BMW INDIA PVT LTD, BMW 730 LD",BMW 730 LD,LD,LD
BMW X1 20 D EIV,BMW X1 20 D EIV,X1,X1
BMW 320I WITH A/T,BMW 320I WITH A/T,3 SERIES 320I,3 SERIES 320I
BMW  740 LI,BMW 740 LI,I,I
320D LUXURY LINE (CKD),320D LUXURY LINE CKD,3 SERIES 320D,3 SERIES 320D
COOPER S HATCH,COOPER S HATCH,HATCH,HATCH
BMW X1 S DRIVE 20D,BMW X1 S DRIVE 20D,X1 SDRIVE20D,X1 SDRIVE20D
BMW CKD320D,BMW CKD320D,3 SERIES 320D,3 SERIES 320D
BMW 320D(CKDWITHAUTOMATICTRAN,BMW 320D CKDWITHAUTOMATICTRAN,3 SERIES 320D,3 SERIES 320D
BMW 3 SERIES 320D,BMW 3 SERIES 320D,3 SERIES 320D,3 SERIES 320D
BMW CKD 520 D A/T,BMW CKD 520 D A/T,5 SERIES,5 SERIES
520D LUXURY LINE,520D LUXURY LINE,5 SERIES 520D,5 SERIES 520D
BMW 325I BSIII,BMW 325I BSIII,I,I
MINI COOPER S JCW WITH AT BSIV,MINI COOPER S JCW WITH AT BSIV,MINI COOPER S,MINI COOPER S
BMW 525 D BSIV,BMW 525 D BSIV,D,D
BMW 520D LCI,BMW 520D LCI,5 SERIES 520D,5 SERIES 520D
BMW 3 SERIES GT WITH AT BSIV,BMW 3 SERIES GT WITH AT BSIV,3 SERIES,3 SERIES
MINI COOPER S JCW COUNTRYMAN B,MINI COOPER S JCW COUNTRYMAN B,MINI COOPER S,MINI COOPER S
BMW 3GRAN 330LI LCI MSPORT PRO,BMW 3GRAN 330LI LCI MSPORT PRO,M SPORT,M SPORT
BMW 840I GRAN COUPE,BMW 840I GRAN COUPE,GRAN COUPE,GRAN COUPE
BMW CBU 740 LI AUTOMATIC  EIII,BMW CBU 740 LI AUTOMATIC EIII,I,I
BMW 330I RLSKD INDIA BSIV,BMW 330I RLSKD INDIA BSIV,D,D
BMW X3 XDRIVE20D,BMW X3 XDRIVE20D,X3 XDRIVE20D,X3 XDRIVE20D
BMW 320D LCI SPORT LINE AT,BMW 320D LCI SPORT LINE AT,3 SERIES 320D,3 SERIES 320D
BMW PASSANGER CAR,BMW PASSANGER CAR,NOT FOUND,BMW OTHER
BMW  XI  S DRIVE  20D  BS-IV,BMW XI S DRIVE 20D BS-IV,D,D
BMW 630I GT LCI M-SPORT,BMW 630I GT LCI M-SPORT,M SPORT,M SPORT
BMW3251,BMW3251,NOT FOUND,BMW OTHER
X1 SDRIVE 20D,X1 SDRIVE 20D,X1 SDRIVE20D,X1 SDRIVE20D
MINI COOPER D (5-DOOR HATCH W,MINI COOPER D 5-DOOR HATCH W,MINI COOPER D,MINI COOPER D
BMW-520D,BMW-520D,5 SERIES 520D,5 SERIES 520D
BMW CAR 630D,BMW CAR 630D,D,D
BMW X 1 SDRIVE20 D A.T.,BMW X 1 SDRIVE20 D A.T.,X1,X1
BMW CKD X3 X DRIVE 20D,BMW CKD X3 X DRIVE 20D,X3,X3
BMW 320,BMW 320,NOT FOUND,BMW OTHER
BMW 740LI,BMW 740LI,I,I
BMW CKD 523I AUTOMATIC TRANS,BMW CKD 523I AUTOMATIC TRANS,D,D
BMW 520D BS-IV,BMW 520D BS-IV,5 SERIES 520D,5 SERIES 520D
BMW MINI HATCH COOPER,BMW MINI HATCH COOPER,HATCH,HATCH
BMX X3,BMX X3,X3,X3
MINI COOPER S (3-DOOR) LCI2,MINI COOPER S 3-DOOR LCI2,MINI COOPER S,MINI COOPER S
BMW 6SERIES GRAN TURISMO (620D,BMW 6SERIES GRAN TURISMO 620D,6 SERIES 620D,6 SERIES 620D
X3 XDRIVE 20 D CKD,X3 XDRIVE 20 D CKD,X3,X3
BMW X6 XDRIVE 40I,BMW X6 XDRIVE 40I,X6 XDRIVE40I,X6 XDRIVE40I
BMW X4 XDRIVE20D M SPORT X,BMW X4 XDRIVE20D M SPORT X,X4 XDRIVE20D M SPORT,X4 XDRIVE20D M SPORT
BMW  .,BMW .,NOT FOUND,BMW OTHER
BMW CKD X5 XDRIVE30D 7S,BMW CKD X5 XDRIVE30D 7S,X5 XDRIVE30D,X5 XDRIVE30D
BMW X6 XDRIVE 35I,BMW X6 XDRIVE 35I,X6,X6
BMW X3 XDRIVE20D (LCI) WITH AT,BMW X3 XDRIVE20D LCI WITH AT,X3 XDRIVE20D,X3 XDRIVE20D
BMW X5 XDRIVE 30D WITH AT BSIV,BMW X5 XDRIVE 30D WITH AT BSIV,X5 XDRIVE30D,X5 XDRIVE30D
BMW X 3 DRIVE 30D,BMW X 3 DRIVE 30D,X3,X3
BMW 520D BIII,BMW 520D BIII,5 SERIES 520D,5 SERIES 520D
BMW X118I,BMW X118I,X1,X1
X7 XDRIVE30D DPE SIGNATURE,X7 XDRIVE30D DPE SIGNATURE,X7 XDRIVE30D,X7 XDRIVE30D
SCOR HAWK BS3 ABS TC5 2WD,SCOR HAWK BS3 ABS TC5 2WD,D,D
BMW CAR 320 D RL,BMW CAR 320 D RL,D,D
BMW320,BMW320,NOT FOUND,BMW OTHER
BMW Z4 M40I,BMW Z4 M40I,M4,M4
BMW 525D SEAT 5 BSIII,BMW 525D SEAT 5 BSIII,5 SERIES 525D,5 SERIES 525D
BMW   X53.0d With AT,BMW X53.0D WITH AT,X5,X5
BMW 320D LCI PRESTIGE AT,BMW 320D LCI PRESTIGE AT,3 SERIES 320D,3 SERIES 320D
BMW X1 SDRIVE 20D EAT LA BS IV,BMW X1 SDRIVE 20D EAT LA BS IV,X1 SDRIVE20D,X1 SDRIVE20D
MINI CLUBMAN COOPER S ATM1 BS4,MINI CLUBMAN COOPER S ATM1 BS4,MINI CLUBMAN,MINI CLUBMAN
BMW X1 S DRIVE,BMW X1 S DRIVE,X1,X1
BMW INDIA PVT LTD,,D,D
MINI COOPER S BS IV,MINI COOPER S BS IV,MINI COOPER S,MINI COOPER S
BMW X1 SDRIVE 20D BS-IV,BMW X1 SDRIVE 20D BS-IV,X1 SDRIVE20D,X1 SDRIVE20D
BMW 740 LI BS III,BMW 740 LI BS III,I,I
BMW 320d BSIV,BMW 320D BSIV,3 SERIES 320D,3 SERIES 320D
BMW 520D  BS IV,BMW 520D BS IV,5 SERIES 520D,5 SERIES 520D
B. M. W. 520,B. M. W. 520,5 SERIES,5 SERIES
BMW X 3 X DRIVE 200 AUTO TRANS,BMW X 3 X DRIVE 200 AUTO TRANS,X3,X3
MINI COOPER S COUNTRYMAN JCW,MINI COOPER S COUNTRYMAN JCW,MINI COOPER S,MINI COOPER S
BMW X5 XDRIVE30D CKD,BMW X5 XDRIVE30D CKD,X5 XDRIVE30D,X5 XDRIVE30D
BMW 530I E3,BMW 530I E3,I,I
BMW 525D AT CC,BMW 525D AT CC,5 SERIES 525D,5 SERIES 525D
BMW530I WITHAUTOMATICTRASMISSION-BS-III,BMW530I WITHAUTOMATICTRASMISSION-BS-III,I,I
BMW 220D GRAN COUPE M SPORT BS,BMW 220D GRAN COUPE M SPORT BS,GRAN COUPE,GRAN COUPE
MINI CAR COOPER  D AUTO ,MINI CAR COOPER D AUTO,MINI,MINI
BMW 620D GT LCI LUXURY LINE,BMW 620D GT LCI LUXURY LINE,LUXURY LINE,LUXURY LINE
BMW 730LD LIMOUSINE RHD,BMW 730LD LIMOUSINE RHD,7 SERIES,7 SERIES
BMW CAR 520D CKD,BMW CAR 520D CKD,5 SERIES 520D,5 SERIES 520D
BMW G310RR,BMW G310RR,NOT FOUND,BMW OTHER
BMW 320D (LCI) WITH AT BSIV,BMW 320D LCI WITH AT BSIV,3 SERIES 320D,3 SERIES 320D
BMW CKD 320D AUTO TRANS BSIV,BMW CKD 320D AUTO TRANS BSIV,3 SERIES 320D,3 SERIES 320D
BMW X3,BMW X3,X3,X3
BMW 320D WITH AT,BMW 320D WITH AT,3 SERIES 320D,3 SERIES 320D
BMW X5 3.0D,BMW X5 3.0D,X5,X5
BMW 325I WITH AT BSIII SEAT 5,BMW 325I WITH AT BSIII SEAT 5,I,I
BMW GT Luxury Line,BMW GT LUXURY LINE,LUXURY LINE,LUXURY LINE
BMW X1 SDRIVE 20D M SPORT,BMW X1 SDRIVE 20D M SPORT,X1 SDRIVE20D M SPORT,X1 SDRIVE20D M SPORT
X1 SDRIVE 20D CKD EIV,X1 SDRIVE 20D CKD EIV,X1 SDRIVE20D,X1 SDRIVE20D
BMW 320 D LUXURY LINE,BMW 320 D LUXURY LINE,LUXURY LINE,LUXURY LINE
BMW X4 xDrive 20d M Sport X,BMW X4 XDRIVE 20D M SPORT X,X4 XDRIVE20D M SPORT,X4 XDRIVE20D M SPORT
BMW CKD 325 I AUTOMATIC,BMW CKD 325 I AUTOMATIC,D,D
BMW6 SERIESGRANTURISMO620DBS4,BMW6 SERIESGRANTURISMO620DBS4,6 SERIES 620D,6 SERIES 620D
BMW 5 SERIES 530LI M SPORT,BMW 5 SERIES 530LI M SPORT,5 SERIES,5 SERIES
BMW 320 D EIV,BMW 320 D EIV,D,D
X1 SDRIVE 20D CKD EIV ,X1 SDRIVE 20D CKD EIV,X1 SDRIVE20D,X1 SDRIVE20D
BMW 328 I SPORT LINE,BMW 328 I SPORT LINE,SPORT,SPORT
BMW 320D LCI BS-III,BMW 320D LCI BS-III,3 SERIES 320D,3 SERIES 320D
BMW 520D CKD BSIV,BMW 520D CKD BSIV,5 SERIES 520D,5 SERIES 520D
BMW X 32.0 OD EX,BMW X 32.0 OD EX,X3,X3
BMW X5 3.0,BMW X5 3.0,X5,X5
118D SPORT LINE,118D SPORT LINE,SPORT,SPORT
530D M SPORTS,530D M SPORTS,5 SERIES 530D,5 SERIES 530D
X7 XDRIVE 30D DPE SIGNATURE (6,X7 XDRIVE 30D DPE SIGNATURE 6,X7 XDRIVE30D,X7 XDRIVE30D
BMW 320D(LCI)LUXURYLINE WAUTO TRANSMISSION BSIV,BMW 320D LCI LUXURYLINE WAUTO TRANSMISSION BSIV,3 SERIES 320D,3 SERIES 320D
BMW 740LI M SPORT AMT,BMW 740LI M SPORT AMT,M SPORT,M SPORT
BMW CKD 535 I AUTOMATIC TRANS.,BMW CKD 535 I AUTOMATIC TRANS.,D,D
MINI COOPER S COUNTRYMAN WITH,MINI COOPER S COUNTRYMAN WITH,MINI COOPER S,MINI COOPER S
BMW 520d,BMW 520D,5 SERIES 520D,5 SERIES 520D
BMW 1 1.8 D,BMW 1 1.8 D,D,D
BMW 320D GRAN TURISMO,BMW 320D GRAN TURISMO,3 SERIES 320D,3 SERIES 320D
BMW 730 LD (BS-III),BMW 730 LD BS-III,LD,LD
BMW X1 20I XLINE,BMW X1 20I XLINE,X1,X1
BMW 530 D DIESEL,BMW 530 D DIESEL,D,D
G 310 GS BSVI,G 310 GS BSVI,I,I
BMW Z4 S DRIVE 35 I AT,BMW Z4 S DRIVE 35 I AT,Z4,Z4
BMWX3XD20D,BMWX3XD20D,X3,X3
BMW X3XDRIVE 20D,BMW X3XDRIVE 20D,X3 XDRIVE20D,X3 XDRIVE20D
BMW 320D (LCI) LUXURY LINE WIT,BMW 320D LCI LUXURY LINE WIT,3 SERIES 320D,3 SERIES 320D
BMW X5 XDRIVE 30D DPE AT BS4,BMW X5 XDRIVE 30D DPE AT BS4,X5 XDRIVE30D,X5 XDRIVE30D
BMW Z4 DRIVE35I AUTO TRAN BSIV,BMW Z4 DRIVE35I AUTO TRAN BSIV,Z4,Z4
BMW-X3 X DRIVE 20D BS-IV,BMW-X3 X DRIVE 20D BS-IV,X3,X3
BMW X5 XDRIVE 30D EXPEDITION W,BMW X5 XDRIVE 30D EXPEDITION W,X5 XDRIVE30D,X5 XDRIVE30D
BMW M5,BMW M5,M5,M5
BMW X1 XDRIVE20D ATTRNSLAM1BS4,BMW X1 XDRIVE20D ATTRNSLAM1BS4,X1 XDRIVE20D,X1 XDRIVE20D
MINI COOPER S3 DOOR HATCH,MINI COOPER S3 DOOR HATCH,MINI COOPER S,MINI COOPER S
BMW X5 XDRIVE30D WITH AUTOMATI,BMW X5 XDRIVE30D WITH AUTOMATI,X5 XDRIVE30D,X5 XDRIVE30D
MINI COOPER SE12DJ BOV,MINI COOPER SE12DJ BOV,MINI COOPER S,MINI COOPER S
BMW 320I,BMW 320I,3 SERIES 320I,3 SERIES 320I
X1 20-D,X1 20-D,X1,X1
BMW 7 SERIES 730LD,BMW 7 SERIES 730LD,7 SERIES,7 SERIES
B.M.W,B.M.W,NOT FOUND,BMW OTHER
BMW X3 XDRIVE 20D CBU AT,BMW X3 XDRIVE 20D CBU AT,X3 XDRIVE20D,X3 XDRIVE20D
BMW X3 XDRIVE LUXURY LINE,BMW X3 XDRIVE LUXURY LINE,X3,X3
MINI COUNTRYMAN COOPER S (LCI),MINI COUNTRYMAN COOPER S LCI,MINI COUNTRYMAN,MINI COUNTRYMAN
BMW 520D (LCI-TU,BMW 520D LCI-TU,5 SERIES 520D,5 SERIES 520D
BMW MINI COOPER COVERTIBLE BS4,BMW MINI COOPER COVERTIBLE BS4,MINI COOPER S,MINI COOPER S
BMW X4 XDRIVE30I M SPORT X,BMW X4 XDRIVE30I M SPORT X,X4 XDRIVE30I M SPORT,X4 XDRIVE30I M SPORT
BMW X1 sDRIVE 20d X Line BS 4,BMW X1 SDRIVE 20D X LINE BS 4,X1 SDRIVE20D,X1 SDRIVE20D
BMW I 8,BMW I 8,I,I
BMW X1 SDRIVE18I XLINE,BMW X1 SDRIVE18I XLINE,X1,X1
BMW 525D  BS IV,BMW 525D BS IV,5 SERIES 525D,5 SERIES 525D
NEW BMW CAR,NEW BMW CAR,NOT FOUND,BMW OTHER
BMW CKD 525,BMW CKD 525,D,D
BMW 530D AUTO TRANSMISSION,BMW 530D AUTO TRANSMISSION,5 SERIES 530D,5 SERIES 530D
BMW 520D LUXURY LWAUTOTRBS4,BMW 520D LUXURY LWAUTOTRBS4,5 SERIES 520D,5 SERIES 520D
BMW 32OD SPORT LINE,BMW 32OD SPORT LINE,SPORT,SPORT
BMW CKD 320,BMW CKD 320,D,D
BMW X1 sDRIVE 20d,BMW X1 SDRIVE 20D,X1 SDRIVE20D,X1 SDRIVE20D
BMW 320D DIESEL {BS IV},BMW 320D DIESEL BS IV,3 SERIES 320D,3 SERIES 320D
BMW X4 XDRIVE30D M SPORT X,BMW X4 XDRIVE30D M SPORT X,X4 XDRIVE30D M SPORT,X4 XDRIVE30D M SPORT
PASS. CAR BMW X1,PASS. CAR BMW X1,X1,X1
BMW 325I,BMW 325I,I,I
B.M.W.520,B.M.W.520,5 SERIES,5 SERIES
BMW X5 XDRIVE 30D WITH AT (5SE,BMW X5 XDRIVE 30D WITH AT 5SE,X5 XDRIVE30D,X5 XDRIVE30D
BMW CKD 530 D DIESEL,BMW CKD 530 D DIESEL,D,D
BMW 3,BMW 3,NOT FOUND,BMW OTHER
520D LUXURY LINE CKD,520D LUXURY LINE CKD,5 SERIES 520D,5 SERIES 520D
BMW BSIV,BMW BSIV,I,I
BMW  525D,BMW 525D,5 SERIES 525D,5 SERIES 525D
BMW 525I WITH AT,BMW 525I WITH AT,I,I
MINI COUNTRYMAN JCW (LCI),MINI COUNTRYMAN JCW LCI,MINI COUNTRYMAN,MINI COUNTRYMAN
BMW 730LD AT,BMW 730LD AT,7 SERIES,7 SERIES
BMW 530D (LCI) WITH AUTOMATIC,BMW 530D LCI WITH AUTOMATIC,5 SERIES 530D,5 SERIES 530D
BMW 330I M SPORT WT AUTOMATIC,BMW 330I M SPORT WT AUTOMATIC,M SPORT,M SPORT
BMW 530 DIESEL 8 SPEED,BMW 530 DIESEL 8 SPEED,ED,ED
BMW CKD 730 LD,BMW CKD 730 LD,LD,LD
BMW 530 I BSIII SEAT 5,BMW 530 I BSIII SEAT 5,I,I
BMW X5 3.0D CBU AT,BMW X5 3.0D CBU AT,X5,X5
BMW CKD X1  sDrive 20d LCI,BMW CKD X1 SDRIVE 20D LCI,X1 SDRIVE20D,X1 SDRIVE20D
BMW X 5 3.0 D SAV,BMW X 5 3.0 D SAV,X5,X5
BMW 525I WITH AUTOMATIC TRANSM,BMW 525I WITH AUTOMATIC TRANSM,I,I
BMW CBU X 320 D EUROIII,BMW CBU X 320 D EUROIII,X3,X3
BMW 320D GT CKD IV,BMW 320D GT CKD IV,3 SERIES 320D,3 SERIES 320D
520D DIESEL AUTOMATIC TRANS,520D DIESEL AUTOMATIC TRANS,5 SERIES 520D,5 SERIES 520D
MINI COOPER D BS4,MINI COOPER D BS4,MINI COOPER S,MINI COOPER S
BMW 320d,BMW 320D,3 SERIES 320D,3 SERIES 320D
BMW XI SDRIVE20D WITH AT,BMW XI SDRIVE20D WITH AT,SDRIVE,SDRIVE
BMW 740LI DPE SIGNATURE AMT,BMW 740LI DPE SIGNATURE AMT,D,D
BMW X3 2.0D,BMW X3 2.0D,X3,X3
3F37,3F37,NOT FOUND,BMW OTHER
BMW 320D LCI PW AT BS IV,BMW 320D LCI PW AT BS IV,3 SERIES 320D,3 SERIES 320D
BMW 320D LUXURY LINE WITH AT BSIV,BMW 320D LUXURY LINE WITH AT BSIV,3 SERIES 320D,3 SERIES 320D
BMW IX XDRIVE40,BMW IX XDRIVE40,XDRIVE,XDRIVE
41,41,NOT FOUND,BMW OTHER
BMW  XI  S DRIVE 20D  BS-IV,BMW XI S DRIVE 20D BS-IV,D,D
BMW 525 I,BMW 525 I,I,I
BMW 320D IN CKD RL,BMW 320D IN CKD RL,3 SERIES 320D,3 SERIES 320D
BMW 320D (LCI WITH AT BSIV,BMW 320D LCI WITH AT BSIV,3 SERIES 320D,3 SERIES 320D
BMW 530D GRAN TURISMO AC,BMW 530D GRAN TURISMO AC,5 SERIES 530D,5 SERIES 530D
BMW X3 XDRIVE 20D,BMW X3 XDRIVE 20D,X3 XDRIVE20D,X3 XDRIVE20D
BMW X1 sDrive 20d Expedition B,BMW X1 SDRIVE 20D EXPEDITION B,X1 SDRIVE20D,X1 SDRIVE20D
BMW X6 X DRIVE 30D IMPORTED,BMW X6 X DRIVE 30D IMPORTED,X6 XDRIVE30D,X6 XDRIVE30D
BMW 525D BS IV,BMW 525D BS IV,5 SERIES 525D,5 SERIES 525D
BMW X1  SDRIVE 20 D,BMW X1 SDRIVE 20 D,X1,X1
BMW 320DLCI,BMW 320DLCI,3 SERIES 320D,3 SERIES 320D
BMW X1 SDRIVE,BMW X1 SDRIVE,X1,X1
BMW X 5 3.0 D,BMW X 5 3.0 D,X5,X5
BMW 320D HI LINE,BMW 320D HI LINE,3 SERIES 320D,3 SERIES 320D
BMW X1 SDRIVE 20D BSIV,BMW X1 SDRIVE 20D BSIV,X1 SDRIVE20D,X1 SDRIVE20D
BMW X3 XDRIVE 30D IND CKD RL,BMW X3 XDRIVE 30D IND CKD RL,X3 XDRIVE30D,X3 XDRIVE30D
BMW 330I,BMW 330I,I,I
BMW M5 COMPETITION BSIV,BMW M5 COMPETITION BSIV,M5,M5
BMW CKD 320D GT AUTO BSIV,BMW CKD 320D GT AUTO BSIV,3 SERIES 320D,3 SERIES 320D
BMW 740LI LCI M SPORT,BMW 740LI LCI M SPORT,M SPORT,M SPORT
BMW  320D,BMW 320D,3 SERIES 320D,3 SERIES 320D
BMW 530d,BMW 530D,5 SERIES 530D,5 SERIES 530D
BMW 530D,BMW 530D,5 SERIES 530D,5 SERIES 530D
520D MORDEN LINE CKD,520D MORDEN LINE CKD,5 SERIES 520D,5 SERIES 520D
BMW ST 37,BMW ST 37,NOT FOUND,BMW OTHER
BMW 320D MSP,BMW 320D MSP,3 SERIES 320D,3 SERIES 320D
BMW 6 SERIES GRANTURISMO(630I,BMW 6 SERIES GRANTURISMO 630I,6 SERIES 630I,6 SERIES 630I
BMW530I WITHAUTOMATICTRASMISSI,BMW530I WITHAUTOMATICTRASMISSI,I,I
BMW 3 SERIES GT AUTO,BMW 3 SERIES GT AUTO,3 SERIES,3 SERIES
BMW-320D  BS-IV,BMW-320D BS-IV,3 SERIES 320D,3 SERIES 320D
BMW 220I GRAN COUPE,BMW 220I GRAN COUPE,2 SERIES 220I,2 SERIES 220I
Not Available,NOT AVAILABLE,I,I
FIESTA 1.4D ZXI,FIESTA 1.4D ZXI,D,D
TATA SUMO,TATA SUMO,NOT FOUND,BMW OTHER
320-D,320-D,3 SERIES 320D,3 SERIES 320D
320D GT LUXURY LINE,320D GT LUXURY LINE,3 SERIES 320D,3 SERIES 320D
BMW X5 XDRIVE40I M SPORT,BMW X5 XDRIVE40I M SPORT,X5 XDRIVE40I M SPORT,X5 XDRIVE40I M SPORT
BMW X5 XDRIVE30D (TU) M-SPORT,BMW X5 XDRIVE30D TU M-SPORT,X5 XDRIVE30D M SPORT,X5 XDRIVE30D M SPORT
LMV BMW,LMV BMW,NOT FOUND,BMW OTHER
BMW X5 XDRIVE40I LCI M SPORT,BMW X5 XDRIVE40I LCI M SPORT,X5 XDRIVE40I M SPORT,X5 XDRIVE40I M SPORT
BMW 118D WITH AUTOMATIC TRANSM,BMW 118D WITH AUTOMATIC TRANSM,D,D
BMW I7 XDRIVE60,BMW I7 XDRIVE60,XDRIVE,XDRIVE
BMW 530D M SPORT,BMW 530D M SPORT,5 SERIES 530D,5 SERIES 530D
BMW X3 XDRIVE20D AT,BMW X3 XDRIVE20D AT,X3 XDRIVE20D,X3 XDRIVE20D
BMW X5 XDRIVE 30D AT,BMW X5 XDRIVE 30D AT,X5 XDRIVE30D,X5 XDRIVE30D
BMW INDIA FIN SER PVT LTD,FIN SER PVT LTD,D,D
BMW X7 XDRIVE40D LCI DPE,BMW X7 XDRIVE40D LCI DPE,X7 XDRIVE40D,X7 XDRIVE40D
BMW 750 LI,BMW 750 LI,I,I
FORD FIESTA 1.4ZX1D,FORD FIESTA 1.4ZX1D,NOT FOUND,BMW OTHER
BMW GRAN TURISMO LLAT BS IV,BMW GRAN TURISMO LLAT BS IV,GRAN TURISMO,GRAN TURISMO
BMW 730LD DPE,BMW 730LD DPE,7 SERIES,7 SERIES
"BMW INDIA PVT LTD, BMW 320 D",BMW 320 D,D,D
BMW 740LI LCI DPE SIGNATUR 4SE,BMW 740LI LCI DPE SIGNATUR 4SE,D,D
BMW 320D(LCI)LUXURYLINE WAUTO,BMW 320D LCI LUXURYLINE WAUTO,3 SERIES 320D,3 SERIES 320D
BMW 520D LUXURY LINE WITH AT BSIV,BMW 520D LUXURY LINE WITH AT BSIV,5 SERIES 520D,5 SERIES 520D
BMW X5 M COMPETITION,BMW X5 M COMPETITION,X5,X5
BMW X1 sDrive20d,BMW X1 SDRIVE20D,X1 SDRIVE20D,X1 SDRIVE20D
BMWX 1 20D DIESEL,BMWX 1 20D DIESEL,X1,X1
BMW X1 SDRIVE20D XLINE LA BSIV,BMW X1 SDRIVE20D XLINE LA BSIV,X1 SDRIVE20D XLINE,X1 SDRIVE20D XLINE
BMW 750LI PETROL AT BSIV,BMW 750LI PETROL AT BSIV,I,I
BMW 525D AT  BSIV,BMW 525D AT BSIV,5 SERIES 525D,5 SERIES 525D
BMW 730 LD CBU 6SPEED AT,BMW 730 LD CBU 6SPEED AT,ED,ED
BMW 530D BS IV,BMW 530D BS IV,5 SERIES 530D,5 SERIES 530D
"530D , BSIV",530D BSIV,5 SERIES 530D,5 SERIES 530D
BMW 320D EDITION SPORT SHADOW,BMW 320D EDITION SPORT SHADOW,3 SERIES 320D,3 SERIES 320D
SKODA LAURA,SKODA LAURA,NOT FOUND,BMW OTHER
BMW 520D WITH AUTO.TRAN.P.CAR,BMW 520D WITH AUTO.TRAN.P.CAR,5 SERIES 520D,5 SERIES 520D
BMW CAR X3,BMW CAR X3,X3,X3
BMW X1 SDRIVE20I (LCI) XLINE,BMW X1 SDRIVE20I LCI XLINE,X1 SDRIVE20I XLINE,X1 SDRIVE20I XLINE
BMW X6  XDRIVE 40 D WITH AT,BMW X6 XDRIVE 40 D WITH AT,X6,X6
BMW 330I GRAN TURISMO(LCI) LUX,BMW 330I GRAN TURISMO LCI LUX,GRAN TURISMO,GRAN TURISMO
BMW 525 D CKD BS IV,BMW 525 D CKD BS IV,D,D
X1 20D XLINE,X1 20D XLINE,X1,X1
BMW X1 SDRIVE20D,BMW X1 SDRIVE20D,X1 SDRIVE20D,X1 SDRIVE20D
BMW 330I M SPORT SHADOW,BMW 330I M SPORT SHADOW,M SPORT,M SPORT
BMW X 3 2.0D,BMW X 3 2.0D,X3,X3
BMW X1 2.0D H,BMW X1 2.0D H,X1,X1
BMW320D BS IV,BMW320D BS IV,3 SERIES 320D,3 SERIES 320D
BMW 520 D IND CKD,BMW 520 D IND CKD,5 SERIES,5 SERIES
BMW X1 20 D,BMW X1 20 D,X1,X1
GRAN TURISMO LUXURY LINE,GRAN TURISMO LUXURY LINE,GRAN TURISMO,GRAN TURISMO
BMW X 1,BMW X 1,X1,X1
X7 XDRIVE 30D  DPE SIGNATURE (,X7 XDRIVE 30D DPE SIGNATURE,X7 XDRIVE30D,X7 XDRIVE30D
BMW 320D IN CKD RL PRESTIGE,BMW 320D IN CKD RL PRESTIGE,3 SERIES 320D,3 SERIES 320D
BMW X5LCI,BMW X5LCI,X5,X5
BMW 530 D,BMW 530 D,D,D
BMW 330I M SPORT,BMW 330I M SPORT,M SPORT,M SPORT
BMW X3 XDRIVE20D LUXURY LINE B,BMW X3 XDRIVE20D LUXURY LINE B,X3 XDRIVE20D LUXURY LINE,X3 XDRIVE20D LUXURY LINE
BMW PASS. CAR 520 D,BMW PASS. CAR 520 D,5 SERIES,5 SERIES
BMW GRAN TURISMO,BMW GRAN TURISMO,GRAN TURISMO,GRAN TURISMO
BMW 640D D,BMW 640D D,D,D
BMW 520D CKD IND RL BS4,BMW 520D CKD IND RL BS4,5 SERIES 520D,5 SERIES 520D
BMW 525D(TU) AT BSIV,BMW 525D TU AT BSIV,5 SERIES 525D,5 SERIES 525D
BMW X4 XDRIVE30I MSPORT SHADOW,BMW X4 XDRIVE30I MSPORT SHADOW,X4 XDRIVE30I M SPORT,X4 XDRIVE30I M SPORT
"BMW-XI S DRIVE20D,BSIV",BMW-XI S DRIVE20D BSIV,D,D
730 LD LCI CKD,730 LD LCI CKD,LD,LD
MINI COOPER S CONVERTIBLE LCI2,MINI COOPER S CONVERTIBLE LCI2,MINI COOPER S CONVERTIBLE,MINI COOPER S CONVERTIBLE
BMW 320D GT WITH A/T,BMW 320D GT WITH A/T,3 SERIES 320D,3 SERIES 320D
BMW 530D HIGHLINE BS III,BMW 530D HIGHLINE BS III,5 SERIES 530D,5 SERIES 530D
BMW X1 20D BS IV,BMW X1 20D BS IV,X1,X1
"BMW INDIA PVT LTD, BMW 320LD GRAN LUXURY LINE",BMW 320LD GRAN LUXURY LINE,LUXURY LINE,LUXURY LINE
MINI COOPER S JCW,MINI COOPER S JCW,MINI COOPER S,MINI COOPER S
BMW 520 D WITH A/T,BMW 520 D WITH A/T,5 SERIES,5 SERIES
BMW X5 XDRIVE40I SPORTX PLUS,BMW X5 XDRIVE40I SPORTX PLUS,X5 XDRIVE40I SPORTX,X5 XDRIVE40I SPORTX
BMW 730LD BS-IV,BMW 730LD BS-IV,7 SERIES,7 SERIES
BMW 320D GT,BMW 320D GT,3 SERIES 320D,3 SERIES 320D
BMW 520D SPORT LINE WITH AT,BMW 520D SPORT LINE WITH AT,5 SERIES 520D,5 SERIES 520D
BMW,BMW,NOT FOUND,BMW OTHER
MINI COOPER S (3- DOOR HATCH) ,MINI COOPER S 3- DOOR HATCH,MINI COOPER S,MINI COOPER S
X1 SDRIVE 18I IND CKD RL,X1 SDRIVE 18I IND CKD RL,X1,X1
BMW X1SDRIVE 20D IND CKD RL,BMW X1SDRIVE 20D IND CKD RL,X1 SDRIVE20D,X1 SDRIVE20D
BMW 3 SER GT DIS W8 SAT & CC,BMW 3 SER GT DIS W8 SAT CC,D,D
BMW X320D,BMW X320D,X3,X3
350 L,350 L,NOT FOUND,BMW OTHER
BMW 530D WITH AT  BSIV,BMW 530D WITH AT BSIV,5 SERIES 530D,5 SERIES 530D
B.M.W 320 D,B.M.W 320 D,D,D
BMW X1 SDRIVE 20D A.T.,BMW X1 SDRIVE 20D A.T.,X1 SDRIVE20D,X1 SDRIVE20D
BMW M6,BMW M6,NOT FOUND,BMW OTHER
BMW  320d SPORT LINE,BMW 320D SPORT LINE,3 SERIES 320D,3 SERIES 320D
BMW X5 30 D,BMW X5 30 D,X5,X5
BMW CKD 520 D AUTO TRANS BSIV,BMW CKD 520 D AUTO TRANS BSIV,5 SERIES,5 SERIES
"BMW INDIA PVT LTD, BMW X1 SDRIVE20D XLINE",BMW X1 SDRIVE20D XLINE,X1 SDRIVE20D XLINE,X1 SDRIVE20D XLINE
BMW 520D WITH AUTOMATIC TRANSM,BMW 520D WITH AUTOMATIC TRANSM,5 SERIES 520D,5 SERIES 520D
BMW M2,BMW M2,M2,M2
BMW 523I,BMW 523I,I,I
BMW530 DM SPORT LCI,BMW530 DM SPORT LCI,M SPORT,M SPORT
BMW X1 S DRIVE20 D AT BSIV,BMW X1 S DRIVE20 D AT BSIV,X1,X1
BMW X5 XDRIVE30D XLINE BSVI,BMW X5 XDRIVE30D XLINE BSVI,X5 XDRIVE30D XLINE,X5 XDRIVE30D XLINE
BMW730 LD PDE,BMW730 LD PDE,LD,LD
BMW MINI COOPER,BMW MINI COOPER,MINI COOPER,MINI COOPER
"BMW INDIA PVT LTD, MINI COUNTRYMAN JCW (LCI)",MINI COUNTRYMAN JCW LCI,MINI COUNTRYMAN,MINI COUNTRYMAN
BMW 6 SERIES GRAN TURISMO(630D,BMW 6 SERIES GRAN TURISMO 630D,6 SERIES 630D,6 SERIES 630D
BMW CKD 320 D,BMW CKD 320 D,D,D
BMW- 320D LUXURY LINE WITH AT ,BMW- 320D LUXURY LINE WITH AT,3 SERIES 320D,3 SERIES 320D
OTHERS,OTHERS,NOT FOUND,BMW OTHER
BMW 520 I WITH A/T,BMW 520 I WITH A/T,5 SERIES,5 SERIES
BMW CKD X3,BMW CKD X3,X3,X3
BMW 320D AUTO TRANSMISSION,BMW 320D AUTO TRANSMISSION,3 SERIES 320D,3 SERIES 320D
BMW Z 4,BMW Z 4,NOT FOUND,BMW OTHER
BMW 520D WITH AUTO. TRANSMISSI,BMW 520D WITH AUTO. TRANSMISSI,5 SERIES 520D,5 SERIES 520D
BMW 530I M SPORT,BMW 530I M SPORT,M SPORT,M SPORT
BMW 530D M Sport BS IV,BMW 530D M SPORT BS IV,5 SERIES 530D,5 SERIES 530D
BMW X4 X DRIVE 20D M SPORT X B,BMW X4 X DRIVE 20D M SPORT X B,X4,X4
CKD320D SEDEN,CKD320D SEDEN,3 SERIES 320D,3 SERIES 320D
BMW CKD 320D GT,BMW CKD 320D GT,3 SERIES 320D,3 SERIES 320D
BMW AG,BMW AG,NOT FOUND,BMW OTHER
"BMW INDIA PVT LTD, BMW X3 XDRIVE30I M SPORT",BMW X3 XDRIVE30I M SPORT,X3 XDRIVE30I M SPORT,X3 XDRIVE30I M SPORT
X1SDR1VE20D IND R,X1SDR1VE20D IND R,X1,X1
BMW X7 XDRIVE 40I M SPORT,BMW X7 XDRIVE 40I M SPORT,X7 XDRIVE40I M SPORT,X7 XDRIVE40I M SPORT
BMW520D,BMW520D,5 SERIES 520D,5 SERIES 520D
BMW X5 XDRIVE30D XLINE,BMW X5 XDRIVE30D XLINE,X5 XDRIVE30D XLINE,X5 XDRIVE30D XLINE
BMW 530D (LCI) M SPORT WITH AT BSIV,BMW 530D LCI M SPORT WITH AT BSIV,5 SERIES 530D,5 SERIES 530D
BMW X3 20D,BMW X3 20D,X3,X3
BMW BMW,BMW BMW,NOT FOUND,BMW OTHER
320d GT,320D GT,3 SERIES 320D,3 SERIES 320D
BMW X1 SDRIVE 18 I WITH AT,BMW X1 SDRIVE 18 I WITH AT,X1,X1
BMW 330D,BMW 330D,3 SERIES 330D,3 SERIES 330D
BMW X3 2.0 D,BMW X3 2.0 D,X3,X3
BMW CKD 525 EURO IV,BMW CKD 525 EURO IV,D,D
BMW 320 D GT AUTOMATIC TRANSMI,BMW 320 D GT AUTOMATIC TRANSMI,D,D
BMW X3 AT,BMW X3 AT,X3,X3
BMW 328I,BMW 328I,I,I
BMW  320D BS4,BMW 320D BS4,3 SERIES 320D,3 SERIES 320D
X1 SDRIVE20I,X1 SDRIVE20I,X1 SDRIVE20I,X1 SDRIVE20I
BMW 320D LCI  BS III,BMW 320D LCI BS III,3 SERIES 320D,3 SERIES 320D
118D SPORT LINE CKD,118D SPORT LINE CKD,SPORT,SPORT
BMW 525D,BMW 525D,5 SERIES 525D,5 SERIES 525D
BMW 320D(CKD)WITHAUTOMATICTRAN,BMW 320D CKD WITHAUTOMATICTRAN,3 SERIES 320D,3 SERIES 320D
BMW 320 d M Sport,BMW 320 D M SPORT,M SPORT,M SPORT
BMW 320D WITH AUTO.TRANSMISSIO,BMW 320D WITH AUTO.TRANSMISSIO,3 SERIES 320D,3 SERIES 320D
BMW 520D DIESEL AUTO TRANSMISS,BMW 520D DIESEL AUTO TRANSMISS,5 SERIES 520D,5 SERIES 520D
BMW Z4 SDRIVE 20I,BMW Z4 SDRIVE 20I,Z4,Z4
BMW 530DGRAN TURISMO,BMW 530DGRAN TURISMO,5 SERIES 530D,5 SERIES 530D
MINI COOPER D HATCH,MINI COOPER D HATCH,MINI COOPER D,MINI COOPER D
BMW 320D IV,BMW 320D IV,3 SERIES 320D,3 SERIES 320D
BMW X5 3.0D CBU,BMW X5 3.0D CBU,X5,X5
320 D,320 D,D,D
BMW 320D (LCI,BMW 320D LCI,3 SERIES 320D,3 SERIES 320D
BMW 730 LD (BS-III,BMW 730 LD BS-III,LD,LD
BMW 6 SERIES GRAN TURISM (630D,BMW 6 SERIES GRAN TURISM 630D,6 SERIES 630D,6 SERIES 630D
BMW 320 D BSIV,BMW 320 D BSIV,D,D
BMW 620D LUXURY LINE,BMW 620D LUXURY LINE,LUXURY LINE,LUXURY LINE
320D LUXURY LINE,320D LUXURY LINE,3 SERIES 320D,3 SERIES 320D
BMW 520 D WITH AUTO TRANS,BMW 520 D WITH AUTO TRANS,5 SERIES,5 SERIES
BMW X5 XDRIVE 30D SPORT BSIV,BMW X5 XDRIVE 30D SPORT BSIV,X5 XDRIVE30D,X5 XDRIVE30D
BMW X5XDRIVE 30D SPORT,BMW X5XDRIVE 30D SPORT,X5 XDRIVE30D,X5 XDRIVE30D
BMW 520D WITH AT BSIV,BMW 520D WITH AT BSIV,5 SERIES 520D,5 SERIES 520D
BMW 320D (LCI) PRESTIGE WITH A,BMW 320D LCI PRESTIGE WITH A,3 SERIES 320D,3 SERIES 320D
BMW 630I GT LUXURY LINE,BMW 630I GT LUXURY LINE,LUXURY LINE,LUXURY LINE
BMW X3 XDRIVE30D,BMW X3 XDRIVE30D,X3 XDRIVE30D,X3 XDRIVE30D
BMW 530 D (GRAN TURISMO)  AT,BMW 530 D GRAN TURISMO AT,GRAN TURISMO,GRAN TURISMO
BMW X1 20 BS IV,BMW X1 20 BS IV,X1,X1
320D PRESTIGE,320D PRESTIGE,3 SERIES 320D,3 SERIES 320D
BMW X 5 XDRIVE 30 D,BMW X 5 XDRIVE 30 D,X5,X5
MINI COOPER D COUNTRYMAN,MINI COOPER D COUNTRYMAN,MINI COOPER D,MINI COOPER D
BMW CKD X1 20D IV,BMW CKD X1 20D IV,X1,X1
BMW 650CI COUPE,BMW 650CI COUPE,COUPE,COUPE
BMW 530I LCI M-SPORT,BMW 530I LCI M-SPORT,M SPORT,M SPORT
BMW X5 XDRIVE 30D AT EURO IV,BMW X5 XDRIVE 30D AT EURO IV,X5 XDRIVE30D,X5 XDRIVE30D
BMW CKD 520D AUTO TRANS BSIV,BMW CKD 520D AUTO TRANS BSIV,5 SERIES 520D,5 SERIES 520D
BMW 320 I  BS IV,BMW 320 I BS IV,I,I
BMW X5,BMW X5,X5,X5
BMW 320 I,BMW 320 I,I,I
BMW 630D M SPORT,BMW 630D M SPORT,M SPORT,M SPORT
BMW 525 DBSIV,BMW 525 DBSIV,D,D
"BMW-320D, BS-IV",BMW-320D BS-IV,3 SERIES 320D,3 SERIES 320D
1NO BMW CKD X3 XDRIVE20D,1NO BMW CKD X3 XDRIVE20D,X3 XDRIVE20D,X3 XDRIVE20D
BMW X53.0D,BMW X53.0D,X5,X5
BMW X5 XDRIVE30D (TU) DPE WITH,BMW X5 XDRIVE30D TU DPE WITH,X5 XDRIVE30D,X5 XDRIVE30D
X5X DRIVE 30D 5 SEATER,X5X DRIVE 30D 5 SEATER,X5,X5
BMW525D WITHAUTOMATICTRANSMISS,BMW525D WITHAUTOMATICTRANSMISS,5 SERIES 525D,5 SERIES 525D
X1 2.0 D,X1 2.0 D,X1,X1
BMW X5XDRIVE 30D,BMW X5XDRIVE 30D,X5 XDRIVE30D,X5 XDRIVE30D
320D SPORT LINE,320D SPORT LINE,3 SERIES 320D,3 SERIES 320D
BMW 320d Luxury Line,BMW 320D LUXURY LINE,3 SERIES 320D,3 SERIES 320D
BMW 640D GRAN COUPE DIESEL AT,BMW 640D GRAN COUPE DIESEL AT,GRAN COUPE,GRAN COUPE
BMW 520D AUTO TRANS,BMW 520D AUTO TRANS,5 SERIES 520D,5 SERIES 520D
BMW 320D GT WITH AT,BMW 320D GT WITH AT,3 SERIES 320D,3 SERIES 320D
BMW 320D LUXURY LINE,BMW 320D LUXURY LINE,3 SERIES 320D,3 SERIES 320D
BMW 320 D IN CKD RL,BMW 320 D IN CKD RL,D,D
BMW RL INDIA,BMW RL INDIA,D,D
BMW X1 S DRIVE 20 D,BMW X1 S DRIVE 20 D,X1,X1
BMW X6 3.0D,BMW X6 3.0D,X6,X6
BMW 3 SERIES GT WITH AUTO TRAN,BMW 3 SERIES GT WITH AUTO TRAN,3 SERIES,3 SERIES
BMW CKD 320D,BMW CKD 320D,3 SERIES 320D,3 SERIES 320D
BMW M340I LCI XDRIVE,BMW M340I LCI XDRIVE,M3,M3
320 D BASE,320 D BASE,D,D
BMW X3 20 D,BMW X3 20 D,X3,X3
"BMW INDIA PVT LTD, BMW X5 XDRIVE30D M SPORT",BMW X5 XDRIVE30D M SPORT,X5 XDRIVE30D M SPORT,X5 XDRIVE30D M SPORT
BMW 520D AUTO.TRANS.,BMW 520D AUTO.TRANS.,5 SERIES 520D,5 SERIES 520D
BMW X5 XDRIVE 30D A.T.(5 STR),BMW X5 XDRIVE 30D A.T. 5 STR,X5 XDRIVE30D,X5 XDRIVE30D
BMW                       ,BMW,NOT FOUND,BMW OTHER
1NO BMW CKD 320 D AUTO TRAN E3,1NO BMW CKD 320 D AUTO TRAN E3,D,D
BMW520DWITHATBSIV,BMW520DWITHATBSIV,5 SERIES 520D,5 SERIES 520D
BMW XI 5 DRLVE 20D,BMW XI 5 DRLVE 20D,D,D
BMW CKD 530 D BS4,BMW CKD 530 D BS4,D,D
MINI COOPER D (3-DOOR HATCH W,MINI COOPER D 3-DOOR HATCH W,MINI COOPER D,MINI COOPER D
BMW CKD 520 D AUTOMATIC,BMW CKD 520 D AUTOMATIC,5 SERIES,5 SERIES
BMW 3 SERIES,BMW 3 SERIES,3 SERIES,3 SERIES
BMW X5 XDRIVE30D (TU DPE WITH,BMW X5 XDRIVE30D TU DPE WITH,X5 XDRIVE30D,X5 XDRIVE30D
