clean_model,extracted_model
BEAT,CHEVROLET BEAT
CRUZE,CHEVROLET CRUZE
TAVERA 9,CHEVROLET TAVERA
TAVERA P 10A,CHEVROLET TAVERA
BEAT 4,CHEVROLET BEAT
ENJOY,CHEVROLET ENJOY
TAVERA 3,CHEVROLET TAVERA
ENJOY 1 3,CHEVROLET ENJOY
EXTREME,CHEVROLET EXTREME
TAVERA,CHEVROLET TAVERA
SPARK LPG,CHEVROLET SPARK LPG
BEAT,CHEVROLET BEAT
SPARK,CHEVROLET SPARK
SAIL UVA A,CHEVROLET SAIL
BEAT,CHEVROLET BEAT
CAPTIVA XTREME,CHEVROLET CAPTIVA
MOTOR,CHEVROLET OTHER
TAVERA 3,CHEVROLET TAVERA
CRUZE D,CHEVROLET CRUZE
BEAT P S,CHEVROLET BEAT
AVEO UVA 1 2,CHEVROLET AVEO
SAIL NB(D),CHEVROLET SAIL
TAVERA P10A,CHEVROLET TAVERA
ENJOY,CHEVROLET ENJOY
CHEVY TAVERA,CHEVROLET TAVERA
BEAT 1 0,CHEVROLET BEAT
BEAT 1 0,CHEVROLET BEAT
TAVERA (P9A ),CHEVROLET TAVERA
TAVERA2 B3 10S 3,CHEVROLET TAVERA
ENJOY 1 3,CHEVROLET ENJOY
SPARK,CHEVROLET SPARK
ENJOY (D),CHEVROLET ENJOY
CRUZE 2 0,CHEVROLET CRUZE
SAIL U-VA,CHEVROLET SAIL
SPARK 4,CHEVROLET SPARK
TAVERA,CHEVROLET TAVERA
BEAT 1 0 OLYMPIC WHITE,CHEVROLET BEAT
SPARK 4,CHEVROLET SPARK
BEAT,CHEVROLET BEAT
OPTRA MAGNUM,CHEVROLET OPTRA
BEAT 1 1,CHEVROLET BEAT
ENJOY,CHEVROLET ENJOY
SPARK 1 0 EIII,CHEVROLET SPARK
SAIL,CHEVROLET SAIL
ENJOY 1 3,CHEVROLET ENJOY
BEAT CAR,CHEVROLET BEAT
ENJOY 1 3L,CHEVROLET ENJOY
BEAT 1 0 04 15DM,CHEVROLET BEAT
SAIL ATCDI 1 3L,CHEVROLET SAIL
BEAT E,CHEVROLET BEAT
BEAT 1 0 LTO,CHEVROLET BEAT
CAPTIVA,CHEVROLET CAPTIVA
BEAT 1 0,CHEVROLET BEAT
SAIL ATCDI,CHEVROLET SAIL
TAVERA NE03 (P10A),CHEVROLET TAVERA
TAVERA,CHEVROLET TAVERA
TAVERA B 2 ( 10)EIII,CHEVROLET TAVERA
TAVERA (B1 10),CHEVROLET TAVERA
VITARA BREZZA VDI,CHEVROLET OTHER
TAVERALS 3,CHEVROLET TAVERA
BEAT 1 0 4,CHEVROLET BEAT
ENJOY,CHEVROLET ENJOY
CHEVROAT,CHEVROLET OTHER
BEAT LPG,CHEVROLET BEAT LPG
BEAT,CHEVROLET BEAT
ENJOY 1 4 8S,CHEVROLET ENJOY
TAVERA L8,CHEVROLET TAVERA
BEAT 4,CHEVROLET BEAT
SAIL UVA 1 3,CHEVROLET SAIL
SAIL A4,CHEVROLET SAIL
SPARK 1 0,CHEVROLET SPARK
TAVERA B3 10 2 NEO 2,CHEVROLET TAVERA
SPARK 1 0PS LPG,CHEVROLET SPARK LPG
CRUZ 2 0 VCD 4,CHEVROLET CRUZE
ENJOY,CHEVROLET ENJOY
TAVERA (M10A) (III),CHEVROLET TAVERA
TAVERA,CHEVROLET TAVERA
SAIL UVA DIESLE,CHEVROLET SAIL
ENJOY,CHEVROLET ENJOY
SPARK LPG 4,CHEVROLET SPARK LPG
BEAT 1 2 LTO PT (4),CHEVROLET BEAT
BEAT,CHEVROLET BEAT
TAVERAÂ (P10A ),CHEVROLET TAVERA
MARUTI BALENO DELTA,CHEVROLET OTHER
SPARK,CHEVROLET SPARK
SPARK (),CHEVROLET SPARK
CHAVROLET TAVERA P10A BIII,CHEVROLET TAVERA
BEAT 1 2,CHEVROLET BEAT
CAPTIVA,CHEVROLET CAPTIVA
BEAT,CHEVROLET BEAT
BEAT,CHEVROLET BEAT
ENJOY 1 3 -8,CHEVROLET ENJOY
NEO 3LS,CHEVROLET OTHER
TAVERA,CHEVROLET TAVERA
BEAT 1 0L,CHEVROLET BEAT
SPARK,CHEVROLET SPARK
TRAVERA,CHEVROLET TAVERA
SAIL UVA ATCD,CHEVROLET SAIL
ENJOY 1 3 4,CHEVROLET ENJOY
SAIL 1 3,CHEVROLET SAIL
TAVERAÃÂ (P10A ),CHEVROLET TAVERA
BEAT,CHEVROLET BEAT
SAIL UVA,CHEVROLET SAIL
TAVERA,CHEVROLET TAVERA
SAIL 1 2,CHEVROLET SAIL
SAIL NB,CHEVROLET SAIL
BEAT 1 0,CHEVROLET BEAT
CRUZE VCDI,CHEVROLET CRUZE
OPTRA MAGNUM 4,CHEVROLET OPTRA
ENJOY,CHEVROLET ENJOY
TAVERA2 9ST,CHEVROLET TAVERA
ENJOY () DIE,CHEVROLET ENJOY
CRUZE 2 0 VCD,CHEVROLET CRUZE
AVEO 1 4,CHEVROLET AVEO
TAVERA LEO 3,CHEVROLET TAVERA
TAVERA NE03,CHEVROLET TAVERA
BEAT,CHEVROLET BEAT
OPTRA MAGNUM 2 0 4,CHEVROLET OPTRA
BEAT,CHEVROLET BEAT
SAIL UVA 1 3 TCD,CHEVROLET SAIL
SPARK 1 0,CHEVROLET SPARK
TAVERA,CHEVROLET TAVERA
BEAT OPT,CHEVROLET BEAT
AVEO UVA,CHEVROLET AVEO
SAIL UVA 1 3,CHEVROLET SAIL
BEAT 1 0,CHEVROLET BEAT
UVA,CHEVROLET OTHER
TAVERA NE03,CHEVROLET TAVERA
TAVERA 2 5 T EIII,CHEVROLET TAVERA
TAVERA,CHEVROLET TAVERA
SPARK,CHEVROLET SPARK
SPARK 1 0PS LPG,CHEVROLET SPARK LPG
BEAT 1 0 LTO 4,CHEVROLET BEAT
TAVERA M10A,CHEVROLET TAVERA
BEAT,CHEVROLET BEAT
ENJOY,CHEVROLET ENJOY
BEAT 1 0 (O),CHEVROLET BEAT
SPARK 1 0 LPG 4,CHEVROLET SPARK LPG
BEAT 1 2 (OPT),CHEVROLET BEAT
BEAT 1 0,CHEVROLET BEAT
OPTRA MAG 2 0 4,CHEVROLET OPTRA
SAIL UVA,CHEVROLET SAIL
OPTRA MAG 2 0,CHEVROLET OPTRA
AVEO,CHEVROLET AVEO
TAVERA NE03 P10A,CHEVROLET TAVERA
CAPTIVA -IV,CHEVROLET CAPTIVA
BEAT 1 0,CHEVROLET BEAT
SAIL UVA,CHEVROLET SAIL
ENJOY 8,CHEVROLET ENJOY
BEAT 1 2,CHEVROLET BEAT
BEAT,CHEVROLET BEAT
CHEV TAVERA,CHEVROLET TAVERA
BEAT DSL 1 0LS11,CHEVROLET BEAT
CHERVOLET SAIL UVA ATCDI,CHEVROLET SAIL
SPARK 1 0 (),CHEVROLET SPARK
BEAT 1 0,CHEVROLET BEAT
BEAT 1 0 4,CHEVROLET BEAT
BEAT 1 2 PS4 MY11,CHEVROLET BEAT
OPTRA MAGNUM,CHEVROLET OPTRA
SAIL U-VA 1 2,CHEVROLET SAIL
SAIL UVA BASEPS,CHEVROLET SAIL
TAVERA B3 10,CHEVROLET TAVERA
TAVERA M6A111,CHEVROLET TAVERA
BEAT,CHEVROLET BEAT
BEAT 1 0 WITH,CHEVROLET BEAT
ENJOY,CHEVROLET ENJOY
ENJOY 4,CHEVROLET ENJOY
TAVERA L9 NEO 3,CHEVROLET TAVERA
TAVERA 1 9,CHEVROLET TAVERA
BEAT 1 0,CHEVROLET BEAT
AVEO UVA 1 2,CHEVROLET AVEO
TAVERA 10S M 3,CHEVROLET TAVERA
BEAT 1 0,CHEVROLET BEAT
AVEO UVA 1 2,CHEVROLET AVEO
BEAT DSL 1 0,CHEVROLET BEAT
SAIL UVA 1 3,CHEVROLET SAIL
SAIL NB A,CHEVROLET SAIL
SPARK LPG,CHEVROLET SPARK LPG
CHERVOLET OPTRA,CHEVROLET OPTRA
AVEO 1 6,CHEVROLET AVEO
TAVERA 2 5,CHEVROLET TAVERA
BEAT,CHEVROLET BEAT
TAVERAÃÂ (P10A ),CHEVROLET TAVERA
BEAT,CHEVROLET BEAT
AVEO 1 4LT,CHEVROLET AVEO
TAVERA B 3,CHEVROLET TAVERA
ENJOY,CHEVROLET ENJOY
CRUZE 2 0 AT 4,CHEVROLET CRUZE
CRUZE 2 0 VCDI,CHEVROLET CRUZE
BEAT 4,CHEVROLET BEAT
SAIL,CHEVROLET SAIL
BEAT (LGP),CHEVROLET BEAT
TAVERA2LT 9S 3,CHEVROLET TAVERA
CHEVROLET,CHEVROLET OTHER
SPARK,CHEVROLET SPARK
BEAT,CHEVROLET BEAT
BEAT 1 2 04,CHEVROLET BEAT
SAIL UVA LTA,CHEVROLET SAIL
AVEO UVA 1 2,CHEVROLET AVEO
OPTRA 2 0,CHEVROLET OPTRA
BEAT LPG,CHEVROLET BEAT LPG
BEAT,CHEVROLET BEAT
AVEO 4,CHEVROLET AVEO
TAVERA P7C,CHEVROLET TAVERA
CRUZE 2 0 VCD 4,CHEVROLET CRUZE
SAIL 1 2 A,CHEVROLET SAIL
ENJOY D,CHEVROLET ENJOY
CRUZE VCDI AT,CHEVROLET CRUZE
CRUZE,CHEVROLET CRUZE
CHEVROLAT TAVERA,CHEVROLET TAVERA
AVEO (),CHEVROLET AVEO
CRUZE VCDI,CHEVROLET CRUZE
SPARK 1 0 4,CHEVROLET SPARK
SAIL UVA A,CHEVROLET SAIL
BEAT,CHEVROLET BEAT
CHEROLET ENJOY 8LS,CHEVROLET ENJOY
TAVERA 3,CHEVROLET TAVERA
SAIL U-VA 1 2,CHEVROLET SAIL
BEAT,CHEVROLET BEAT
CHEROLET BEAT,CHEVROLET BEAT
ENJOY 4,CHEVROLET ENJOY
BEAT 1 2 0411,CHEVROLET BEAT
TAVERA 3,CHEVROLET TAVERA
CRUZE 2 0 VCDI,CHEVROLET CRUZE
OPTRA MAGNUM2 0LT AAC 4,CHEVROLET OPTRA
TAVERA L9,CHEVROLET TAVERA
BEAT 1 2,CHEVROLET BEAT
TAVERA 9C 3,CHEVROLET TAVERA
TAVERA (P10A),CHEVROLET TAVERA
BEAT,CHEVROLET BEAT
BEAT,CHEVROLET BEAT
SPARK LPG,CHEVROLET SPARK LPG
BEAT 1 0 TDCI,CHEVROLET BEAT
OPTRA,CHEVROLET OPTRA
SAIL 12,CHEVROLET SAIL
CRUZE,CHEVROLET CRUZE
SAIL ATCDI 1 3,CHEVROLET SAIL
SPARK,CHEVROLET SPARK
OPTRA 1 6 3,CHEVROLET OPTRA
BEAT 1 2,CHEVROLET BEAT
SPARK 1 0 CT,CHEVROLET SPARK
BEAT 1 0 4,CHEVROLET BEAT
AVEO 1 4,CHEVROLET AVEO
ENJOY S 8,CHEVROLET ENJOY
VENTO 1 6 CR MT HP,CHEVROLET OTHER
BEAT -4,CHEVROLET BEAT
TAVERA P10A,CHEVROLET TAVERA
OPTRA 2 0,CHEVROLET OPTRA
BEAT 1 0,CHEVROLET BEAT
BEAT,CHEVROLET BEAT
ENJOY 1 3,CHEVROLET ENJOY
BEAT,CHEVROLET BEAT
CRUZE VCDI,CHEVROLET CRUZE
ENJOY,CHEVROLET ENJOY
CHVEROLET TAVERA B1 10,CHEVROLET TAVERA
SPARK 1 0,CHEVROLET SPARK
TAVERA P10A,CHEVROLET TAVERA
CLASSIC,CHEVROLET OTHER
BEAT,CHEVROLET BEAT
TAVERA B1 103 BG,CHEVROLET TAVERA
BEAT 1 0,CHEVROLET BEAT
MARUTI SWIFT DZIRE VDI,CHEVROLET OTHER
SAIL UVA,CHEVROLET SAIL
SAIL UVA 1 3 A,CHEVROLET SAIL
SAIL,CHEVROLET SAIL
ENJOY,CHEVROLET ENJOY
BEAT,CHEVROLET BEAT
BEAT 1 2,CHEVROLET BEAT
BEAT,CHEVROLET BEAT
NEO 3,CHEVROLET OTHER
TAVERA LT9 3,CHEVROLET TAVERA
ENJOY,CHEVROLET ENJOY
TAVERAB 1,CHEVROLET TAVERA
TAVERA B3 10 METALIC,CHEVROLET TAVERA
SAIL UVA 1 3,CHEVROLET SAIL
TAVERA B3 7SE,CHEVROLET TAVERA
SAIL ATCDI,CHEVROLET SAIL
SAIL UVA 1 2L,CHEVROLET SAIL
TAVERA B 4 (S 7),CHEVROLET TAVERA
BEAT 1 O,CHEVROLET BEAT
TAVERA 10,CHEVROLET TAVERA
CRUZE 2 0,CHEVROLET CRUZE
CRUSE,CHEVROLET OTHER
CRUZE,CHEVROLET CRUZE
SPARK PETROL,CHEVROLET SPARK
BEAT PETROL,CHEVROLET BEAT
TAVERA P9A,CHEVROLET TAVERA
K10B VXI,CHEVROLET OTHER
ENJOY PETROL,CHEVROLET ENJOY
SPARK 4,CHEVROLET SPARK
AVEO UVA 1 2,CHEVROLET AVEO
ENJOY,CHEVROLET ENJOY
ENJOY,CHEVROLET ENJOY
SAIL APCDI 4,CHEVROLET SAIL
BEAT1 2PS,CHEVROLET BEAT
CRUZE VCDI 2 0 AT,CHEVROLET CRUZE
UVA SAIL,CHEVROLET SAIL
NEO 3,CHEVROLET OTHER
SAIL UVA 1 3L,CHEVROLET SAIL
SAIL U-VA 1 3 ATCDI,CHEVROLET SAIL
TAVERA,CHEVROLET TAVERA
BEAT PETROL,CHEVROLET BEAT
BEAT LPG,CHEVROLET BEAT LPG
TAVERA L9S,CHEVROLET TAVERA
SAIL UVA,CHEVROLET SAIL
BEAT,CHEVROLET BEAT
TAVERA NEW 2 -3,CHEVROLET TAVERA
OPTRA 2 0 4,CHEVROLET OPTRA
TAVERA 3,CHEVROLET TAVERA
TAVERA B3 10 3 NEO 2,CHEVROLET TAVERA
BEAT 1 2,CHEVROLET BEAT
OPTRA 1 6,CHEVROLET OPTRA
TAVERA B3(7) SC,CHEVROLET TAVERA
CHERVOLETTAVERA(B3-10),CHEVROLET TAVERA
SAIL,CHEVROLET SAIL
AVEO UVA,CHEVROLET AVEO
TAVERA (P10A-),CHEVROLET TAVERA
AVEO,CHEVROLET AVEO
OPTRA 2 0 4,CHEVROLET OPTRA
SAIL UVA 1 2,CHEVROLET SAIL
CRUZE 2 0 VCDI,CHEVROLET CRUZE
BEAT 1 2,CHEVROLET BEAT
TAVERA B 3 (10),CHEVROLET TAVERA
SPARK 1 0,CHEVROLET SPARK
ENJOY 1 3,CHEVROLET ENJOY
SAIL 1 3,CHEVROLET SAIL
SPARK,CHEVROLET SPARK
NEO3,CHEVROLET OTHER
CAPTIVA(),CHEVROLET CAPTIVA
BEAT LPG,CHEVROLET BEAT LPG
TAVERA PLOA,CHEVROLET TAVERA
BEAT PETROL,CHEVROLET BEAT
TAVERA,CHEVROLET TAVERA
SPARK 1 0 4,CHEVROLET SPARK
SPARK,CHEVROLET SPARK
BEAT 1 0,CHEVROLET BEAT
BEAT,CHEVROLET BEAT
TAVERA 3,CHEVROLET TAVERA
TAVERA 9 NEO 2 3,CHEVROLET TAVERA
TAVERA2B3 10S TURBO,CHEVROLET TAVERA
SAIL N B 1 2 B PET,CHEVROLET SAIL
SAIL UVA ATCDI,CHEVROLET SAIL
CRUZE VCDI,CHEVROLET CRUZE
TAVERAB 3 (),CHEVROLET TAVERA
TAVERALS,CHEVROLET TAVERA
TAVERA B 3 (10),CHEVROLET TAVERA
AVEO-UVA 1 2,CHEVROLET AVEO
ENJOY PETROL,CHEVROLET ENJOY
ENJOY,CHEVROLET ENJOY
BEAT LS4,CHEVROLET BEAT
SAIL ATCDI,CHEVROLET SAIL
BEAT 4,CHEVROLET BEAT
TAVERA B47 2,CHEVROLET TAVERA
OPTRA MAGNUM 1 6,CHEVROLET OPTRA
TAVERA B 3,CHEVROLET TAVERA
TAVERA,CHEVROLET TAVERA
BEAT 1 2 04,CHEVROLET BEAT
TAVERA LTL 8,CHEVROLET TAVERA
TAVERA B3(10),CHEVROLET TAVERA
SAIL 1 2,CHEVROLET SAIL
CAPTIVA AWD,CHEVROLET CAPTIVA
SAIL U-VA 1 3 ATCDI,CHEVROLET SAIL
CAPTIVA,CHEVROLET CAPTIVA
SPARK 1 0,CHEVROLET SPARK
PASSAT TDI CAR,CHEVROLET OTHER
BEAT 1 0,CHEVROLET BEAT
SAIL A,CHEVROLET SAIL
BEAT,CHEVROLET BEAT
CRUZE VCDI 2 0LTZ,CHEVROLET CRUZE
SAIL UVA 1 3,CHEVROLET SAIL
TAVERA M10A,CHEVROLET TAVERA
BEAT,CHEVROLET BEAT
SAIL A,CHEVROLET SAIL
CAPTIVA AWD,CHEVROLET CAPTIVA
BEAT,CHEVROLET BEAT
CRUZE VCDILTZ,CHEVROLET CRUZE
GENERAL MOTORS INDIA LTD,CHEVROLET OTHER
TAVERA NCO3 LS10,CHEVROLET TAVERA
ALTO K10 VXI,CHEVROLET OTHER
SPARK LPG,CHEVROLET SPARK LPG
BEAT 1 0LT,CHEVROLET BEAT
SAIL UVA A,CHEVROLET SAIL
MARUTI SWIFT VDI,CHEVROLET OTHER
BEAT,CHEVROLET BEAT
BEAT1 0,CHEVROLET BEAT
BEAT 1 2LS 16,CHEVROLET BEAT
TAVERA LS3,CHEVROLET TAVERA
CRUZE VCDI AT,CHEVROLET CRUZE
CAPTIVA 2 2,CHEVROLET CAPTIVA
SPARK LPG,CHEVROLET SPARK LPG
CRUZE 2 0 VCDI 4,CHEVROLET CRUZE
BEAT 1 0L,CHEVROLET BEAT
BEAT 1 2 4,CHEVROLET BEAT
SPARK T,CHEVROLET SPARK
SAIL YUVA,CHEVROLET SAIL
BEAT 1 0,CHEVROLET BEAT
ENJOY,CHEVROLET ENJOY
SAIL 1 2,CHEVROLET SAIL
BEAT,CHEVROLET BEAT
CRUZE,CHEVROLET CRUZE
SAIL UVA,CHEVROLET SAIL
SPARK1 0,CHEVROLET SPARK
ENJOY,CHEVROLET ENJOY
TAVERA,CHEVROLET TAVERA
SPARK 1 0,CHEVROLET SPARK
TAVERA P10,CHEVROLET TAVERA
SPARK,CHEVROLET SPARK
BEAT 4,CHEVROLET BEAT
ENJOY (D),CHEVROLET ENJOY
SAIL HATCHBACK,CHEVROLET SAIL
CAPTIVA 2 2 AT,CHEVROLET CAPTIVA
BEAT D,CHEVROLET BEAT
TAVERAB3-7,CHEVROLET TAVERA
BEAT DSL,CHEVROLET BEAT
TAVERA B3 10 NEO 2 3,CHEVROLET TAVERA
ENJOY 1 4L,CHEVROLET ENJOY
CRUZE VCDI,CHEVROLET CRUZE
AVEO U-VA 1 2 OPTION 4,CHEVROLET AVEO
TAVERA B1 7,CHEVROLET TAVERA
AVEO UVA 1 2,CHEVROLET AVEO
TAVERA 2 5,CHEVROLET TAVERA
TAVERA,CHEVROLET TAVERA
TAVERA CAR,CHEVROLET TAVERA
BEAT,CHEVROLET BEAT
SPARK I 0,CHEVROLET SPARK
TAVERA B3 10 (3) NEO 2,CHEVROLET TAVERA
OPTRA,CHEVROLET OPTRA
ENJOY D,CHEVROLET ENJOY
TAVERA,CHEVROLET TAVERA
SAIL UVA AT,CHEVROLET SAIL
TAVERA,CHEVROLET TAVERA
CRUZE,CHEVROLET CRUZE
CHEVROLET,CHEVROLET OTHER
SAIL 1 3,CHEVROLET SAIL
SPARK,CHEVROLET SPARK
TAVERA PI0A,CHEVROLET TAVERA
MARUTI ALTO 800 LXI,CHEVROLET OTHER
TAVERA DI,CHEVROLET TAVERA
BEAT,CHEVROLET BEAT
,CHEVROLET OTHER
TAVERA2 3 10ST,CHEVROLET TAVERA
BEAT,CHEVROLET BEAT
SPARK,CHEVROLET SPARK
SAIL ATCDI,CHEVROLET SAIL
SPARK LPG 4,CHEVROLET SPARK LPG
SAIL,CHEVROLET SAIL
SAIL UVA A,CHEVROLET SAIL
SAIL UVA D 4,CHEVROLET SAIL
BEAT 1 2,CHEVROLET BEAT
BEAT 1 0 04,CHEVROLET BEAT
SAIL A,CHEVROLET SAIL
SPARK 1 0 3,CHEVROLET SPARK
CHEVORLET CRUZE 2 0,CHEVROLET CRUZE
ENJOY,CHEVROLET ENJOY
SAIL U-VA 1 3,CHEVROLET SAIL
SAIL,CHEVROLET SAIL
ENJOY,CHEVROLET ENJOY
ENJOY 1 3 -7,CHEVROLET ENJOY
BEAT 1 0 4,CHEVROLET BEAT
SAIL 1 2,CHEVROLET SAIL
SPARK 1 0,CHEVROLET SPARK
TAVERA CHEVROLET,CHEVROLET TAVERA
BEAT 1 0 O4,CHEVROLET BEAT
ENJOY 4,CHEVROLET ENJOY
BEAT 4,CHEVROLET BEAT
CRUZE 2 0 MT 4,CHEVROLET CRUZE
SAIL HATCHBACK 1 3 AB,CHEVROLET SAIL
TAVERA 7 (C) NEO 2 3,CHEVROLET TAVERA
BEAT,CHEVROLET BEAT
BEAT1 0LS,CHEVROLET BEAT
CRUZE 2 0LTZ,CHEVROLET CRUZE
ALTO 800 VXI,CHEVROLET OTHER
C/SPARK,CHEVROLET SPARK
SAIL 1 2 A,CHEVROLET SAIL
BET 1 2,CHEVROLET BEAT
CRUZE VCDI,CHEVROLET CRUZE
SAIL UVA,CHEVROLET SAIL
SPARK 1 0,CHEVROLET SPARK
OTHERS,CHEVROLET OTHER
CAPTIVA 2 0 XTREM,CHEVROLET CAPTIVA
SAIL 1-2 A,CHEVROLET SAIL
SAIL NB ATCDI,CHEVROLET SAIL
TAVERA L9 3 NEO 2,CHEVROLET TAVERA
TAVERA B3 10 3 NEO 2,CHEVROLET TAVERA
SAIL ATCDI 1 3,CHEVROLET SAIL
BEAT 1 0,CHEVROLET BEAT
SAIL YUVA,CHEVROLET SAIL
CRUZE VCD,CHEVROLET CRUZE
CHEV TAV NEO3 3,CHEVROLET OTHER
TAVERA B3,CHEVROLET TAVERA
SAIL NB A,CHEVROLET SAIL
BEAT CHEVEROLET,CHEVROLET BEAT
ENJOY /8,CHEVROLET ENJOY
CRUZE 2 0 VCDI,CHEVROLET CRUZE
TAVERA B3 10 2,CHEVROLET TAVERA
ENJOY,CHEVROLET ENJOY
BEAT DSL 1 0,CHEVROLET BEAT
TAVERA NE03,CHEVROLET TAVERA
BEAT 1 2LT 04 10,CHEVROLET BEAT
OPTRA 1 6,CHEVROLET OPTRA
BEAT 1 0,CHEVROLET BEAT
BEAT 1 0 04,CHEVROLET BEAT
BEAT,CHEVROLET BEAT
TAVERA P9A I,CHEVROLET TAVERA
ENJOY 1 3 -7,CHEVROLET ENJOY
BEAT 1 0,CHEVROLET BEAT
BEAT,CHEVROLET BEAT
SAIL,CHEVROLET SAIL
BEAT 1 2 4,CHEVROLET BEAT
SPARK,CHEVROLET SPARK
TAVERA L9 NEO 2 3,CHEVROLET TAVERA
AVEO UVA,CHEVROLET AVEO
ENJOY,CHEVROLET ENJOY
TAVERA B3 10,CHEVROLET TAVERA
OPTRA 1 6,CHEVROLET OPTRA
ENJOY,CHEVROLET ENJOY
SAIL ATCDI,CHEVROLET SAIL
TAVERA NEO3 3,CHEVROLET TAVERA
BEAT 1 0PS DSL,CHEVROLET BEAT
AVEO 1 4,CHEVROLET AVEO
BEAT,CHEVROLET BEAT
TAVERA MAX (10) EURO III,CHEVROLET TAVERA
MARUTI SWIFT LDI,CHEVROLET OTHER
SPARK 1 0,CHEVROLET SPARK
BEAT,CHEVROLET BEAT
SWIFT DZIRE VDI (O),CHEVROLET OTHER
ENJOY,CHEVROLET ENJOY
BEAT 1 2,CHEVROLET BEAT
SAIL 1 3LS A,CHEVROLET SAIL
BEAT 1 0LT 04,CHEVROLET BEAT
TAVERA,CHEVROLET TAVERA
CRUZE VCDI AT,CHEVROLET CRUZE
AVEO 1 4,CHEVROLET AVEO
ALTO 800 LXI,CHEVROLET OTHER
TAVERA (),CHEVROLET TAVERA
BEAT 4,CHEVROLET BEAT
ENJOY LSDI,CHEVROLET ENJOY
TRAVERA NEO3 LS10 3,CHEVROLET TAVERA
BEAT,CHEVROLET BEAT
SAIL UVA,CHEVROLET SAIL
BEAT DEISEL,CHEVROLET BEAT
SAIL,CHEVROLET SAIL
BEAT 1 2 E4,CHEVROLET BEAT
BEAT 1 0,CHEVROLET BEAT
CAPTIVA 2 0,CHEVROLET CAPTIVA
BEAT 4,CHEVROLET BEAT
AVEO UVA,CHEVROLET AVEO
TAVERA B1S6,CHEVROLET TAVERA
TAVERA,CHEVROLET TAVERA
SAIL ATCDI 4,CHEVROLET SAIL
TAVERA,CHEVROLET TAVERA
BEAT 1 0,CHEVROLET BEAT
CAPTIVA 2 0 XT,CHEVROLET CAPTIVA
SAIL UVA 4,CHEVROLET SAIL
SAIL,CHEVROLET SAIL
TAVERA,CHEVROLET TAVERA
BEAT 1 2,CHEVROLET BEAT
TAVERA B2 103 BG,CHEVROLET TAVERA
TAVERA,CHEVROLET TAVERA
C TAVERA (MIOA 3),CHEVROLET TAVERA
TAVERA B3,CHEVROLET TAVERA
ENJOY,CHEVROLET ENJOY
BETA,CHEVROLET BEAT
OPTRA 2 0,CHEVROLET OPTRA
CRUZE DIE(MT),CHEVROLET CRUZE
ENJOY 1 3,CHEVROLET ENJOY
AVEO UVA,CHEVROLET AVEO
SPARK -4,CHEVROLET SPARK
BEAT,CHEVROLET BEAT
BEAT,CHEVROLET BEAT
BEAT,CHEVROLET BEAT
CRUZE 2 0,CHEVROLET CRUZE
BEAT 4,CHEVROLET BEAT
CRUZE 2 0 VCD AT 4,CHEVROLET CRUZE
TAVERA B 3,CHEVROLET TAVERA
TAVERA P10A-,CHEVROLET TAVERA
MARUTI SWIFT DZIRE LXI,CHEVROLET OTHER
TAVERA2 B3 7ST,CHEVROLET TAVERA
SPARK 1 0,CHEVROLET SPARK
MARUTI CELERIO LXI,CHEVROLET OTHER
MARUTI IGNIS DELTA,CHEVROLET OTHER
CAPTIVA 2 0,CHEVROLET CAPTIVA
BEAT 1 2 04,CHEVROLET BEAT
BEAT 1 0LS,CHEVROLET BEAT
SPARK BEIGE,CHEVROLET SPARK
AVEO 1 4,CHEVROLET AVEO
SPARK -4,CHEVROLET SPARK
SAIL 1 3,CHEVROLET SAIL
SAIL UVA A,CHEVROLET SAIL
CRUZE VCDI,CHEVROLET CRUZE
ENJOY 1 3 -7,CHEVROLET ENJOY
TAVERAB1 6,CHEVROLET TAVERA
SAIL,CHEVROLET SAIL
AVEO,CHEVROLET AVEO
MARUTI CIAZ SHVS ZDI PLUS,CHEVROLET OTHER
BEAT 1 2,CHEVROLET BEAT
TAVERA,CHEVROLET TAVERA
BEAT,CHEVROLET BEAT
CHERVOLET TAVERA SSDI 7 EURO 3,CHEVROLET TAVERA
CHEVOLET TAVARA,CHEVROLET TAVERA
TAVERA P 10 A,CHEVROLET TAVERA
CRUZE 2 0 VCD AT 4,CHEVROLET CRUZE
C SPARK,CHEVROLET SPARK
BEAT (),CHEVROLET BEAT
SAIL UVA 1 2,CHEVROLET SAIL
CRUZE 2 0,CHEVROLET CRUZE
SPARK 1 0LT,CHEVROLET SPARK
BEAT,CHEVROLET BEAT
TAVERA (P10A),CHEVROLET TAVERA
AVEO,CHEVROLET AVEO
BEAT,CHEVROLET BEAT
BEAT,CHEVROLET BEAT
SAIL A,CHEVROLET SAIL
VITARA BREZZA ZDI PLUS,CHEVROLET OTHER
TAVERA,CHEVROLET TAVERA
CRUZE 2 0,CHEVROLET CRUZE
AVEO U VA,CHEVROLET AVEO
BEAT P S,CHEVROLET BEAT
BEAT 1 0 B4,CHEVROLET BEAT
MARUTI EECO,CHEVROLET OTHER
SPARK,CHEVROLET SPARK
TAVERA B1 10,CHEVROLET TAVERA
SILVERADO 2500HD,CHEVROLET SAIL
ENJOY 1 4,CHEVROLET ENJOY
CHEROLET BEAT1 2LT,CHEVROLET BEAT
SPARK,CHEVROLET SPARK
