rc_maker_desc,rc_maker_model,Mapped Name,clean_model,chevrolet_model,final_model
CHEVROLET SALES INDIA PVT LTD,BEAT DIESEL PS BSIV,CHEVROLET,BEAT,CHEVROLET BEAT,CHEVROLET BEAT
CHEVROLET SALES INDIA PVT LTD,CRUZE,CHEVROLET,CRUZE,CHEVROLET CRUZE,CHEVROLET CRUZE
CHEVROLET SALES INDIA PVT LTD,TAVERA L 9 BS III,CHEVROLET,TAVERA 9,CHEVROLET TAVERA,CHEVROLET TAVERA
CHEVROLET SALES INDIA PVT LTD,CHEVROLET TAVERA P 10A BS III,CHEVROLET,TAVERA P 10A,CHEVROLET TAVERA,CHEVROLET TAVERA
CHEVROLET SALES INDIA PVT LTD,BEAT TCDI BS4,CHEVROLET,BEAT 4,CHEVROLET BEAT,CHEVROLET BEAT
CHEVROLET SALES INDIA PVT LTD,CHEVROLET ENJOY LT 8 STR,CHEVROLET,ENJOY,CHEVROLET ENJOY,CHEVROLET ENJOY
CHEVROLET SALES INDIA PVT LTD,TAVERA LS BS3 10STR,CHEVROLET,TAVERA 3,CHEVROLET TAVERA,CHEVROLET TAVERA
CHEVROLET SALES INDIA PVT LTD,ENJOY 1.3 LS 8STR BSIV,CHEVROLET,ENJOY 1 3,CHEVROLET ENJOY,CHEVROLET ENJOY
CHEVROLET SALES INDIA PVT LTD,CHEVROLET EXTREME,CHEVROLET,EXTREME,CHEVROLET EXTREME,CHEVROLET EXTREME
CHEVROLET SALES INDIA PVT LTD,CHEVROLET TAVERA NEO3 LS,CHEVROLET,TAVERA,CHEVROLET TAVERA,CHEVROLET TAVERA
CHEVROLET SALES INDIA PVT LTD,SPARK PS LPG,CHEVROLET,SPARK LPG,CHEVROLET SPARK LPG,CHEVROLET SPARK LPG
CHEVROLET SALES INDIA PVT LTD,BEAT DIESEL BASE,CHEVROLET,BEAT,CHEVROLET BEAT,CHEVROLET BEAT
CHEVROLET SALES INDIA PVT LTD,SPARK BASE,CHEVROLET,SPARK,CHEVROLET SPARK,CHEVROLET SPARK
CHEVROLET SALES INDIA PVT LTD,SAIL U VA LS ABS BS IV,CHEVROLET,SAIL UVA A,CHEVROLET SAIL,CHEVROLET SAIL
CHEVROLET SALES INDIA PVT LTD,BEAT PS,CHEVROLET,BEAT,CHEVROLET BEAT,CHEVROLET BEAT
CHEVROLET SALES INDIA PVT LTD,"CHEVROLET CAPTIV,XTREME",CHEVROLET,CAPTIVA XTREME,CHEVROLET CAPTIVA,CHEVROLET CAPTIVA
CHEVROLET SALES INDIA PVT LTD,CHEVERLET  MOTOR,CHEVROLET,MOTOR,CHEVROLET OTHER,CHEVROLET OTHER
CHEVROLET SALES INDIA PVT LTD,TAVERA  BS 3,CHEVROLET,TAVERA 3,CHEVROLET TAVERA,CHEVROLET TAVERA
CHEVROLET SALES INDIA PVT LTD,CHEVROLET CRUZE.D.LTZ,CHEVROLET,CRUZE D,CHEVROLET CRUZE,CHEVROLET CRUZE
CHEVROLET SALES INDIA PVT LTD,CHEVROLET BEAT P S,CHEVROLET,BEAT P S,CHEVROLET BEAT,CHEVROLET BEAT
CHEVROLET SALES INDIA PVT LTD,AVEO UVA 1.2 LS BSIV,CHEVROLET,AVEO UVA 1 2,CHEVROLET AVEO,CHEVROLET AVEO
CHEVROLET SALES INDIA PVT LTD,CHEVROLET SAIL NB(D),CHEVROLET,SAIL NB(D),CHEVROLET SAIL,CHEVROLET SAIL
CHEVROLET SALES INDIA PVT LTD,TAVERA P10A BSIII,CHEVROLET,TAVERA P10A,CHEVROLET TAVERA,CHEVROLET TAVERA
CHEVROLET SALES INDIA PVT LTD,ENJOY TCDI LS,CHEVROLET,ENJOY,CHEVROLET ENJOY,CHEVROLET ENJOY
CHEVROLET SALES INDIA PVT LTD,CHEVY TAVERA,CHEVROLET,CHEVY TAVERA,CHEVROLET TAVERA,CHEVROLET TAVERA
CHEVROLET SALES INDIA PVT LTD,BEAT 1.0 LT TCDI,CHEVROLET,BEAT 1 0,CHEVROLET BEAT,CHEVROLET BEAT
CHEVROLET SALES INDIA PVT LTD,BEAT DIESEL LS 1.0 TCDI,CHEVROLET,BEAT 1 0,CHEVROLET BEAT,CHEVROLET BEAT
CHEVROLET SALES INDIA PVT LTD,TAVERA NEO3 LT(P9A BSIII),CHEVROLET,TAVERA (P9A ),CHEVROLET TAVERA,CHEVROLET TAVERA
CHEVROLET SALES INDIA PVT LTD,TAVERA NEO 2 B3 10S BS3,CHEVROLET,TAVERA2 B3 10S 3,CHEVROLET TAVERA,CHEVROLET TAVERA
CHEVROLET SALES INDIA PVT LTD,ENJOY 1.3 LS,CHEVROLET,ENJOY 1 3,CHEVROLET ENJOY,CHEVROLET ENJOY
CHEVROLET SALES INDIA PVT LTD,SPARK LT,CHEVROLET,SPARK,CHEVROLET SPARK,CHEVROLET SPARK
CHEVROLET SALES INDIA PVT LTD,ENJOY (D) LS,CHEVROLET,ENJOY (D),CHEVROLET ENJOY,CHEVROLET ENJOY
CHEVROLET SALES INDIA PVT LTD,CRUZE 2.0 LTZ,CHEVROLET,CRUZE 2 0,CHEVROLET CRUZE,CHEVROLET CRUZE
CHEVROLET SALES INDIA PVT LTD,SAIL U-VA,CHEVROLET,SAIL U-VA,CHEVROLET SAIL,CHEVROLET SAIL
CHEVROLET SALES INDIA PVT LTD,CHEVROLET SPARK LT BS4,CHEVROLET,SPARK 4,CHEVROLET SPARK,CHEVROLET SPARK
CHEVROLET SALES INDIA PVT LTD,TAVERA LT,CHEVROLET,TAVERA,CHEVROLET TAVERA,CHEVROLET TAVERA
CHEVROLET SALES INDIA PVT LTD,BEAT 1.0 LT TCDI OLYMPIC WHITE,CHEVROLET,BEAT 1 0 OLYMPIC WHITE,CHEVROLET BEAT,CHEVROLET BEAT
CHEVROLET SALES INDIA PVT LTD,CHEVROLET SPARK BS4,CHEVROLET,SPARK 4,CHEVROLET SPARK,CHEVROLET SPARK
CHEVROLET SALES INDIA PVT LTD,CHEVROLET BEAT TCDI BSIV,CHEVROLET,BEAT,CHEVROLET BEAT,CHEVROLET BEAT
CHEVROLET SALES INDIA PVT LTD,OPTRA MAGNUM LT,CHEVROLET,OPTRA MAGNUM,CHEVROLET OPTRA,CHEVROLET OPTRA
CHEVROLET SALES INDIA PVT LTD,BEAT LT TCDI 1.1,CHEVROLET,BEAT 1 1,CHEVROLET BEAT,CHEVROLET BEAT
CHEVROLET SALES INDIA PVT LTD,ENJOY LTZ 8 STR DIESEL,CHEVROLET,ENJOY,CHEVROLET ENJOY,CHEVROLET ENJOY
CHEVROLET SALES INDIA PVT LTD,SPARK 1.0 LS EIII,CHEVROLET,SPARK 1 0 EIII,CHEVROLET SPARK,CHEVROLET SPARK
CHEVROLET SALES INDIA PVT LTD,SAIL LS BS IV,CHEVROLET,SAIL,CHEVROLET SAIL,CHEVROLET SAIL
CHEVROLET SALES INDIA PVT LTD,ENJOY 1.3 LTZ,CHEVROLET,ENJOY 1 3,CHEVROLET ENJOY,CHEVROLET ENJOY
CHEVROLET SALES INDIA PVT LTD,BEAT CAR,CHEVROLET,BEAT CAR,CHEVROLET BEAT,CHEVROLET BEAT
CHEVROLET SALES INDIA PVT LTD,ENJOY 1.3L,CHEVROLET,ENJOY 1 3L,CHEVROLET ENJOY,CHEVROLET ENJOY
CHEVROLET SALES INDIA PVT LTD,BEAT 1.0 BS04 15DM,CHEVROLET,BEAT 1 0 04 15DM,CHEVROLET BEAT,CHEVROLET BEAT
CHEVROLET SALES INDIA PVT LTD,SAIL LT ABS TCDI 1.3L,CHEVROLET,SAIL ATCDI 1 3L,CHEVROLET SAIL,CHEVROLET SAIL
CHEVROLET SALES INDIA PVT LTD,CHEVROLET BEAT E,CHEVROLET,BEAT E,CHEVROLET BEAT,CHEVROLET BEAT
CHEVROLET SALES INDIA PVT LTD,CHEVROLET BEAT 1.0 LTO,CHEVROLET,BEAT 1 0 LTO,CHEVROLET BEAT,CHEVROLET BEAT
CHEVROLET SALES INDIA PVT LTD,CAPTIVA,CHEVROLET,CAPTIVA,CHEVROLET CAPTIVA,CHEVROLET CAPTIVA
CHEVROLET SALES INDIA PVT LTD,BEAT DIESEL 1.0 LT TCDI,CHEVROLET,BEAT 1 0,CHEVROLET BEAT,CHEVROLET BEAT
CHEVROLET SALES INDIA PVT LTD,CHEVROLET SAIL LS ABS TCDI,CHEVROLET,SAIL ATCDI,CHEVROLET SAIL,CHEVROLET SAIL
CHEVROLET SALES INDIA PVT LTD,TAVERA NE03 LS(P10ABSIII),CHEVROLET,TAVERA NE03 (P10A),CHEVROLET TAVERA,CHEVROLET TAVERA
CHEVROLET SALES INDIA PVT LTD,CHEVROLET TAVERA NEO3  LT,CHEVROLET,TAVERA,CHEVROLET TAVERA,CHEVROLET TAVERA
CHEVROLET SALES INDIA PVT LTD,CHEVROLET TAVERA B 2 ( 10)EIII,CHEVROLET,TAVERA B 2 ( 10)EIII,CHEVROLET TAVERA,CHEVROLET TAVERA
CHEVROLET SALES INDIA PVT LTD,CHEVROLET TAVERA (B1.10),CHEVROLET,TAVERA (B1 10),CHEVROLET TAVERA,CHEVROLET TAVERA
CHEVROLET SALES INDIA PVT LTD,VITARA BREZZA VDI,CHEVROLET,VITARA BREZZA VDI,CHEVROLET OTHER,CHEVROLET OTHER
CHEVROLET SALES INDIA PVT LTD,TAVERA NEO LS 3,CHEVROLET,TAVERALS 3,CHEVROLET TAVERA,CHEVROLET TAVERA
CHEVROLET SALES INDIA PVT LTD,BEAT 1.0 LT TCDI BS4,CHEVROLET,BEAT 1 0 4,CHEVROLET BEAT,CHEVROLET BEAT
CHEVROLET SALES INDIA PVT LTD,ENJOY TCDI LTZ BS IV,CHEVROLET,ENJOY,CHEVROLET ENJOY,CHEVROLET ENJOY
CHEVROLET SALES INDIA PVT LTD,CHEVROAT,CHEVROLET,CHEVROAT,CHEVROLET OTHER,CHEVROLET OTHER
CHEVROLET SALES INDIA PVT LTD,BEAT LT LPG,CHEVROLET,BEAT LPG,CHEVROLET BEAT LPG,CHEVROLET BEAT LPG
CHEVROLET SALES INDIA PVT LTD,BEAT LS TCDI BS IV,CHEVROLET,BEAT,CHEVROLET BEAT,CHEVROLET BEAT
CHEVROLET SALES INDIA PVT LTD,ENJOY 1.4  LS 8S,CHEVROLET,ENJOY 1 4 8S,CHEVROLET ENJOY,CHEVROLET ENJOY
CHEVROLET SALES INDIA PVT LTD,TAVERA LT L8,CHEVROLET,TAVERA L8,CHEVROLET TAVERA,CHEVROLET TAVERA
CHEVROLET SALES INDIA PVT LTD,CHEVROLET BEAT TCDI BS4,CHEVROLET,BEAT 4,CHEVROLET BEAT,CHEVROLET BEAT
CHEVROLET SALES INDIA PVT LTD,SAIL UVA 1.3 LS,CHEVROLET,SAIL UVA 1 3,CHEVROLET SAIL,CHEVROLET SAIL
CHEVROLET SALES INDIA PVT LTD,SAIL LT ABS BS4,CHEVROLET,SAIL A4,CHEVROLET SAIL,CHEVROLET SAIL
CHEVROLET SALES INDIA PVT LTD,SPARK 1.0 LT,CHEVROLET,SPARK 1 0,CHEVROLET SPARK,CHEVROLET SPARK
CHEVROLET SALES INDIA PVT LTD,TAVERA B3 10 BS 2 NEO 2,CHEVROLET,TAVERA B3 10 2 NEO 2,CHEVROLET TAVERA,CHEVROLET TAVERA
CHEVROLET SALES INDIA PVT LTD,CHEVROLET SPARK 1.0PS LPG,CHEVROLET,SPARK 1 0PS LPG,CHEVROLET SPARK LPG,CHEVROLET SPARK LPG
CHEVROLET SALES INDIA PVT LTD,CRUZ 2.0 VCD LTZ BS4,CHEVROLET,CRUZ 2 0 VCD 4,CHEVROLET CRUZE,CHEVROLET CRUZE
CHEVROLET SALES INDIA PVT LTD,CHEVROLET ENJOY TCDi LS,CHEVROLET,ENJOY,CHEVROLET ENJOY,CHEVROLET ENJOY
CHEVROLET SALES INDIA PVT LTD,TAVERA (M10A) (III),CHEVROLET,TAVERA (M10A) (III),CHEVROLET TAVERA,CHEVROLET TAVERA
CHEVROLET SALES INDIA PVT LTD,TAVERA NEO3 LT BS III,CHEVROLET,TAVERA,CHEVROLET TAVERA,CHEVROLET TAVERA
CHEVROLET SALES INDIA PVT LTD,SAIL UVA DIESLE LT,CHEVROLET,SAIL UVA DIESLE,CHEVROLET SAIL,CHEVROLET SAIL
CHEVROLET SALES INDIA PVT LTD,ENJOY LTZ 7 STR DIESEL,CHEVROLET,ENJOY,CHEVROLET ENJOY,CHEVROLET ENJOY
CHEVROLET SALES INDIA PVT LTD,CHEVROLET SPARK LT LPG BS4,CHEVROLET,SPARK LPG 4,CHEVROLET SPARK LPG,CHEVROLET SPARK LPG
CHEVROLET SALES INDIA PVT LTD,BEAT 1.2 LTO PT (BS4),CHEVROLET,BEAT 1 2 LTO PT (4),CHEVROLET BEAT,CHEVROLET BEAT
CHEVROLET SALES INDIA PVT LTD,BEAT LT BS IV,CHEVROLET,BEAT,CHEVROLET BEAT,CHEVROLET BEAT
CHEVROLET SALES INDIA PVT LTD,TAVERAÂ  LS (P10A BSIV),CHEVROLET,TAVERAÂ (P10A ),CHEVROLET TAVERA,CHEVROLET TAVERA
CHEVROLET SALES INDIA PVT LTD,MARUTI BALENO DELTA,CHEVROLET,MARUTI BALENO DELTA,CHEVROLET OTHER,CHEVROLET OTHER
CHEVROLET SALES INDIA PVT LTD,"CHEVROLET SALES INDIA PVT LTD, SPARK LS",CHEVROLET,SPARK,CHEVROLET SPARK,CHEVROLET SPARK
CHEVROLET SALES INDIA PVT LTD,CHEVROLET SPARK (LT),CHEVROLET,SPARK (),CHEVROLET SPARK,CHEVROLET SPARK
CHEVROLET SALES INDIA PVT LTD,CHAVROLET TAVERA P10A BIII,CHEVROLET,CHAVROLET TAVERA P10A BIII,CHEVROLET TAVERA,CHEVROLET TAVERA
CHEVROLET SALES INDIA PVT LTD,BEAT 1.2 LT  BS IV,CHEVROLET,BEAT 1 2,CHEVROLET BEAT,CHEVROLET BEAT
CHEVROLET SALES INDIA PVT LTD,CHEVROLET CAPTIVA LTZ,CHEVROLET,CAPTIVA,CHEVROLET CAPTIVA,CHEVROLET CAPTIVA
CHEVROLET SALES INDIA PVT LTD,CHEVROLET BEAT   LS,CHEVROLET,BEAT,CHEVROLET BEAT,CHEVROLET BEAT
CHEVROLET SALES INDIA PVT LTD,BEAT LT,CHEVROLET,BEAT,CHEVROLET BEAT,CHEVROLET BEAT
CHEVROLET SALES INDIA PVT LTD,ENJOY 1.3 TCDI LS-8,CHEVROLET,ENJOY 1 3 -8,CHEVROLET ENJOY,CHEVROLET ENJOY
CHEVROLET SALES INDIA PVT LTD,NEO 3LS,CHEVROLET,NEO 3LS,CHEVROLET OTHER,CHEVROLET OTHER
CHEVROLET SALES INDIA PVT LTD,TAVERA NEO3  LS,CHEVROLET,TAVERA,CHEVROLET TAVERA,CHEVROLET TAVERA
CHEVROLET SALES INDIA PVT LTD,BEAT TCDI 1.0L,CHEVROLET,BEAT 1 0L,CHEVROLET BEAT,CHEVROLET BEAT
CHEVROLET SALES INDIA PVT LTD,SPARK LS,CHEVROLET,SPARK,CHEVROLET SPARK,CHEVROLET SPARK
CHEVROLET SALES INDIA PVT LTD,CHEVROLET  TRAVERA,CHEVROLET,TRAVERA,CHEVROLET TAVERA,CHEVROLET TAVERA
CHEVROLET SALES INDIA PVT LTD,CHEVROLET SAIL U VA LS ABS TCD,CHEVROLET,SAIL UVA ATCD,CHEVROLET SAIL,CHEVROLET SAIL
CHEVROLET SALES INDIA PVT LTD,ENJOY 1.3 LS  BS 4,CHEVROLET,ENJOY 1 3 4,CHEVROLET ENJOY,CHEVROLET ENJOY
CHEVROLET SALES INDIA PVT LTD,SAIL 1.3 TCDI,CHEVROLET,SAIL 1 3,CHEVROLET SAIL,CHEVROLET SAIL
CHEVROLET SALES INDIA PVT LTD,TAVERAÃÂ  LS (P10A BSIV),CHEVROLET,TAVERAÃÂ (P10A ),CHEVROLET TAVERA,CHEVROLET TAVERA
CHEVROLET SALES INDIA PVT LTD,BEAT TCDI,CHEVROLET,BEAT,CHEVROLET BEAT,CHEVROLET BEAT
CHEVROLET SALES INDIA PVT LTD,SAIL UVA LS,CHEVROLET,SAIL UVA,CHEVROLET SAIL,CHEVROLET SAIL
CHEVROLET SALES INDIA PVT LTD,CHEVROLET TAVERA NEO3 LS TCDI,CHEVROLET,TAVERA,CHEVROLET TAVERA,CHEVROLET TAVERA
CHEVROLET SALES INDIA PVT LTD,SAIL 1.2,CHEVROLET,SAIL 1 2,CHEVROLET SAIL,CHEVROLET SAIL
CHEVROLET SALES INDIA PVT LTD,SAIL NB LS,CHEVROLET,SAIL NB,CHEVROLET SAIL,CHEVROLET SAIL
CHEVROLET SALES INDIA PVT LTD,BEAT DIESEL 1.0 LS TCDI,CHEVROLET,BEAT 1 0,CHEVROLET BEAT,CHEVROLET BEAT
CHEVROLET SALES INDIA PVT LTD,CHEVROLET CRUZE VCDI LT BSIII,CHEVROLET,CRUZE VCDI,CHEVROLET CRUZE,CHEVROLET CRUZE
CHEVROLET SALES INDIA PVT LTD,OPTRA MAGNUM TCDI LS BS4,CHEVROLET,OPTRA MAGNUM 4,CHEVROLET OPTRA,CHEVROLET OPTRA
CHEVROLET SALES INDIA PVT LTD,ENJOY LS TCDI,CHEVROLET,ENJOY,CHEVROLET ENJOY,CHEVROLET ENJOY
CHEVROLET SALES INDIA PVT LTD,TAVERA NEO 2 LS 9ST,CHEVROLET,TAVERA2 9ST,CHEVROLET TAVERA,CHEVROLET TAVERA
CHEVROLET SALES INDIA PVT LTD,CHEVROLET ENJOY LTZ (7STR) DIE,CHEVROLET,ENJOY () DIE,CHEVROLET ENJOY,CHEVROLET ENJOY
CHEVROLET SALES INDIA PVT LTD,CRUZE 2.0 VCD BS IV,CHEVROLET,CRUZE 2 0 VCD,CHEVROLET CRUZE,CHEVROLET CRUZE
CHEVROLET SALES INDIA PVT LTD,CHEVROLET AVEO 1.4 LS,CHEVROLET,AVEO 1 4,CHEVROLET AVEO,CHEVROLET AVEO
CHEVROLET SALES INDIA PVT LTD,TAVERA LEO BS 3,CHEVROLET,TAVERA LEO 3,CHEVROLET TAVERA,CHEVROLET TAVERA
CHEVROLET SALES INDIA PVT LTD,TAVERA NE03 LS,CHEVROLET,TAVERA NE03,CHEVROLET TAVERA,CHEVROLET TAVERA
CHEVROLET SALES INDIA PVT LTD,CHEVROLET  BEAT LS,CHEVROLET,BEAT,CHEVROLET BEAT,CHEVROLET BEAT
CHEVROLET SALES INDIA PVT LTD,OPTRA MAGNUM 2.0 LS TCDI BS4,CHEVROLET,OPTRA MAGNUM 2 0 4,CHEVROLET OPTRA,CHEVROLET OPTRA
CHEVROLET SALES INDIA PVT LTD,BEAT DIESEL LS,CHEVROLET,BEAT,CHEVROLET BEAT,CHEVROLET BEAT
CHEVROLET SALES INDIA PVT LTD,SAIL U VA 1.3 LS TCD,CHEVROLET,SAIL UVA 1 3 TCD,CHEVROLET SAIL,CHEVROLET SAIL
CHEVROLET SALES INDIA PVT LTD,SPARK 1.0 LS BS IV,CHEVROLET,SPARK 1 0,CHEVROLET SPARK,CHEVROLET SPARK
CHEVROLET SALES INDIA PVT LTD,CHEVROLET  TAVERA,CHEVROLET,TAVERA,CHEVROLET TAVERA,CHEVROLET TAVERA
CHEVROLET SALES INDIA PVT LTD,CHEVROLET BEAT LT OPT DIESEL,CHEVROLET,BEAT OPT,CHEVROLET BEAT,CHEVROLET BEAT
CHEVROLET SALES INDIA PVT LTD,AVEO UVA LS,CHEVROLET,AVEO UVA,CHEVROLET AVEO,CHEVROLET AVEO
CHEVROLET SALES INDIA PVT LTD,SAIL U VA 1.3 PS TCDI,CHEVROLET,SAIL UVA 1 3,CHEVROLET SAIL,CHEVROLET SAIL
CHEVROLET SALES INDIA PVT LTD,BEAT 1.0 LS TCDI BSIV,CHEVROLET,BEAT 1 0,CHEVROLET BEAT,CHEVROLET BEAT
CHEVROLET SALES INDIA PVT LTD,CHEVROLET UVA BASE,CHEVROLET,UVA,CHEVROLET OTHER,CHEVROLET OTHER
CHEVROLET SALES INDIA PVT LTD,TAVERA NE03  LS,CHEVROLET,TAVERA NE03,CHEVROLET TAVERA,CHEVROLET TAVERA
CHEVROLET SALES INDIA PVT LTD,TAVERA 2.5 L T EIII,CHEVROLET,TAVERA 2 5 T EIII,CHEVROLET TAVERA,CHEVROLET TAVERA
CHEVROLET SALES INDIA PVT LTD,TAVERA NEO 3 LS,CHEVROLET,TAVERA,CHEVROLET TAVERA,CHEVROLET TAVERA
CHEVROLET SALES INDIA PVT LTD,SPARK LT BS IV,CHEVROLET,SPARK,CHEVROLET SPARK,CHEVROLET SPARK
CHEVROLET SALES INDIA PVT LTD,CHEVROLET SPARK 1.0PS LPG BSIV,CHEVROLET,SPARK 1 0PS LPG,CHEVROLET SPARK LPG,CHEVROLET SPARK LPG
CHEVROLET SALES INDIA PVT LTD,BEAT 1.0 LTO TCDI BS 4,CHEVROLET,BEAT 1 0 LTO 4,CHEVROLET BEAT,CHEVROLET BEAT
CHEVROLET SALES INDIA PVT LTD,TAVERA M10A,CHEVROLET,TAVERA M10A,CHEVROLET TAVERA,CHEVROLET TAVERA
CHEVROLET SALES INDIA PVT LTD,BEAT LS BS IV,CHEVROLET,BEAT,CHEVROLET BEAT,CHEVROLET BEAT
CHEVROLET SALES INDIA PVT LTD,CHEVROLET ENJOY LS,CHEVROLET,ENJOY,CHEVROLET ENJOY,CHEVROLET ENJOY
CHEVROLET SALES INDIA PVT LTD,BEAT 1.0 LT (O) TCDI,CHEVROLET,BEAT 1 0 (O),CHEVROLET BEAT,CHEVROLET BEAT
CHEVROLET SALES INDIA PVT LTD,SPARK 1.0 LT LPG BS4,CHEVROLET,SPARK 1 0 LPG 4,CHEVROLET SPARK LPG,CHEVROLET SPARK LPG
CHEVROLET SALES INDIA PVT LTD,BEAT 1.2 LT(OPT),CHEVROLET,BEAT 1 2 (OPT),CHEVROLET BEAT,CHEVROLET BEAT
CHEVROLET SALES INDIA PVT LTD,CHEVROLET BEAT 1.0 PS BS IV,CHEVROLET,BEAT 1 0,CHEVROLET BEAT,CHEVROLET BEAT
CHEVROLET SALES INDIA PVT LTD,OPTRA MAG 2.0 LT BS4,CHEVROLET,OPTRA MAG 2 0 4,CHEVROLET OPTRA,CHEVROLET OPTRA
CHEVROLET SALES INDIA PVT LTD,CHEVROLET SAIL UVA PS,CHEVROLET,SAIL UVA,CHEVROLET SAIL,CHEVROLET SAIL
CHEVROLET SALES INDIA PVT LTD,OPTRA MAG 2.0 LT BS IV,CHEVROLET,OPTRA MAG 2 0,CHEVROLET OPTRA,CHEVROLET OPTRA
CHEVROLET SALES INDIA PVT LTD,AVEO LS,CHEVROLET,AVEO,CHEVROLET AVEO,CHEVROLET AVEO
CHEVROLET SALES INDIA PVT LTD,TAVERA NE03 LS P10ABSIII,CHEVROLET,TAVERA NE03 P10A,CHEVROLET TAVERA,CHEVROLET TAVERA
CHEVROLET SALES INDIA PVT LTD,CHEVROLET CAPTIVA LT.BS-IV,CHEVROLET,CAPTIVA -IV,CHEVROLET CAPTIVA,CHEVROLET CAPTIVA
CHEVROLET SALES INDIA PVT LTD,BEAT 1.0 TCDI PS,CHEVROLET,BEAT 1 0,CHEVROLET BEAT,CHEVROLET BEAT
CHEVROLET SALES INDIA PVT LTD,CHEVROLET SAIL U VA LS,CHEVROLET,SAIL UVA,CHEVROLET SAIL,CHEVROLET SAIL
CHEVROLET SALES INDIA PVT LTD,ENJOY LS 8,CHEVROLET,ENJOY 8,CHEVROLET ENJOY,CHEVROLET ENJOY
CHEVROLET SALES INDIA PVT LTD,BEAT 1.2 LT BSIV,CHEVROLET,BEAT 1 2,CHEVROLET BEAT,CHEVROLET BEAT
CHEVROLET SALES INDIA PVT LTD,CHEVROLET BEAT LT TCDI BSIV,CHEVROLET,BEAT,CHEVROLET BEAT,CHEVROLET BEAT
CHEVROLET SALES INDIA PVT LTD,CHEV TAVERA NEO3 LS 10STR,CHEVROLET,CHEV TAVERA,CHEVROLET TAVERA,CHEVROLET TAVERA
CHEVROLET SALES INDIA PVT LTD,BEAT DSL 1.0LS11,CHEVROLET,BEAT DSL 1 0LS11,CHEVROLET BEAT,CHEVROLET BEAT
CHEVROLET SALES INDIA PVT LTD,CHERVOLET SAIL UVA LS ABS TCDI,CHEVROLET,CHERVOLET SAIL UVA ATCDI,CHEVROLET SAIL,CHEVROLET SAIL
CHEVROLET SALES INDIA PVT LTD,SPARK 1.0 (LT) BSIV,CHEVROLET,SPARK 1 0 (),CHEVROLET SPARK,CHEVROLET SPARK
CHEVROLET SALES INDIA PVT LTD,BEAT 1.0 LS,CHEVROLET,BEAT 1 0,CHEVROLET BEAT,CHEVROLET BEAT
CHEVROLET SALES INDIA PVT LTD,BEAT 1.0 PS TCDI BS4,CHEVROLET,BEAT 1 0 4,CHEVROLET BEAT,CHEVROLET BEAT
CHEVROLET SALES INDIA PVT LTD,BEAT 1.2 PS4 MY11,CHEVROLET,BEAT 1 2 PS4 MY11,CHEVROLET BEAT,CHEVROLET BEAT
CHEVROLET SALES INDIA PVT LTD,CHEVROLET OPTRA MAGNUM LT,CHEVROLET,OPTRA MAGNUM,CHEVROLET OPTRA,CHEVROLET OPTRA
CHEVROLET SALES INDIA PVT LTD,SAIL U-VA 1.2 LS,CHEVROLET,SAIL U-VA 1 2,CHEVROLET SAIL,CHEVROLET SAIL
CHEVROLET SALES INDIA PVT LTD,SAIL UVA BASEPS,CHEVROLET,SAIL UVA BASEPS,CHEVROLET SAIL,CHEVROLET SAIL
CHEVROLET SALES INDIA PVT LTD,CHEVROLET TAVERA B3 10,CHEVROLET,TAVERA B3 10,CHEVROLET TAVERA,CHEVROLET TAVERA
CHEVROLET SALES INDIA PVT LTD,TAVERA M6ABS111,CHEVROLET,TAVERA M6A111,CHEVROLET TAVERA,CHEVROLET TAVERA
CHEVROLET SALES INDIA PVT LTD,CHEVROLET BEAT  LS,CHEVROLET,BEAT,CHEVROLET BEAT,CHEVROLET BEAT
CHEVROLET SALES INDIA PVT LTD,BEAT DIESEL 1.0 LT TCDI WITH,CHEVROLET,BEAT 1 0 WITH,CHEVROLET BEAT,CHEVROLET BEAT
CHEVROLET SALES INDIA PVT LTD,CHEVROLET ENJOY LS 8 STR,CHEVROLET,ENJOY,CHEVROLET ENJOY,CHEVROLET ENJOY
CHEVROLET SALES INDIA PVT LTD,ENJOY LT BS 4,CHEVROLET,ENJOY 4,CHEVROLET ENJOY,CHEVROLET ENJOY
CHEVROLET SALES INDIA PVT LTD,TAVERA LT L9 NEO 3 BSIII,CHEVROLET,TAVERA L9 NEO 3,CHEVROLET TAVERA,CHEVROLET TAVERA
CHEVROLET SALES INDIA PVT LTD,CHEVROLET  TAVERA LT L 1 9,CHEVROLET,TAVERA 1 9,CHEVROLET TAVERA,CHEVROLET TAVERA
CHEVROLET SALES INDIA PVT LTD,BEAT 1.0 LT TCDI DIESEL,CHEVROLET,BEAT 1 0,CHEVROLET BEAT,CHEVROLET BEAT
CHEVROLET SALES INDIA PVT LTD,AVEO UVA 1.2,CHEVROLET,AVEO UVA 1 2,CHEVROLET AVEO,CHEVROLET AVEO
CHEVROLET SALES INDIA PVT LTD,TAVERA 10S M BS3,CHEVROLET,TAVERA 10S M 3,CHEVROLET TAVERA,CHEVROLET TAVERA
CHEVROLET SALES INDIA PVT LTD,BEAT 1.0,CHEVROLET,BEAT 1 0,CHEVROLET BEAT,CHEVROLET BEAT
CHEVROLET SALES INDIA PVT LTD,AVEO UVA 1.2 BSIV,CHEVROLET,AVEO UVA 1 2,CHEVROLET AVEO,CHEVROLET AVEO
CHEVROLET SALES INDIA PVT LTD,CHEVROLET BEAT DSL 1.0 LT,CHEVROLET,BEAT DSL 1 0,CHEVROLET BEAT,CHEVROLET BEAT
CHEVROLET SALES INDIA PVT LTD,SAIL UVA 1.3,CHEVROLET,SAIL UVA 1 3,CHEVROLET SAIL,CHEVROLET SAIL
CHEVROLET SALES INDIA PVT LTD,SAIL NB LT ABS,CHEVROLET,SAIL NB A,CHEVROLET SAIL,CHEVROLET SAIL
CHEVROLET SALES INDIA PVT LTD,SPARK LS LPG,CHEVROLET,SPARK LPG,CHEVROLET SPARK LPG,CHEVROLET SPARK LPG
CHEVROLET SALES INDIA PVT LTD,CHERVOLET OPTRA,CHEVROLET,CHERVOLET OPTRA,CHEVROLET OPTRA,CHEVROLET OPTRA
CHEVROLET SALES INDIA PVT LTD,CHEVROLET AVEO 1.6 LT,CHEVROLET,AVEO 1 6,CHEVROLET AVEO,CHEVROLET AVEO
CHEVROLET SALES INDIA PVT LTD,CHEVROLET TAVERA 2 5,CHEVROLET,TAVERA 2 5,CHEVROLET TAVERA,CHEVROLET TAVERA
CHEVROLET SALES INDIA PVT LTD,BEAT DIESEL LT BSIV,CHEVROLET,BEAT,CHEVROLET BEAT,CHEVROLET BEAT
CHEVROLET SALES INDIA PVT LTD,TAVERAÃÂ  (P10A BSIV),CHEVROLET,TAVERAÃÂ (P10A ),CHEVROLET TAVERA,CHEVROLET TAVERA
CHEVROLET SALES INDIA PVT LTD,BEAT LT .,CHEVROLET,BEAT,CHEVROLET BEAT,CHEVROLET BEAT
CHEVROLET SALES INDIA PVT LTD,AVEO 1.4LT BSIV,CHEVROLET,AVEO 1 4LT,CHEVROLET AVEO,CHEVROLET AVEO
CHEVROLET SALES INDIA PVT LTD,CHEVROLET TAVERA B 3,CHEVROLET,TAVERA B 3,CHEVROLET TAVERA,CHEVROLET TAVERA
CHEVROLET SALES INDIA PVT LTD,CHEVROLET ENJOY TCDI LS,CHEVROLET,ENJOY,CHEVROLET ENJOY,CHEVROLET ENJOY
CHEVROLET SALES INDIA PVT LTD,CRUZE 2.0 LTZ AT BS4,CHEVROLET,CRUZE 2 0 AT 4,CHEVROLET CRUZE,CHEVROLET CRUZE
CHEVROLET SALES INDIA PVT LTD,CRUZE 2.0 VCDI  LTZ,CHEVROLET,CRUZE 2 0 VCDI,CHEVROLET CRUZE,CHEVROLET CRUZE
CHEVROLET SALES INDIA PVT LTD,BEAT TCDI LT BS 4,CHEVROLET,BEAT 4,CHEVROLET BEAT,CHEVROLET BEAT
CHEVROLET SALES INDIA PVT LTD,SAIL LS,CHEVROLET,SAIL,CHEVROLET SAIL,CHEVROLET SAIL
CHEVROLET SALES INDIA PVT LTD,CHEVROLET BEAT LT (LGP),CHEVROLET,BEAT (LGP),CHEVROLET BEAT,CHEVROLET BEAT
CHEVROLET SALES INDIA PVT LTD,TAVERA NEO 2LT 9S BS3,CHEVROLET,TAVERA2LT 9S 3,CHEVROLET TAVERA,CHEVROLET TAVERA
CHEVROLET - IMPORTED,CHEVROLET,CHEVROLET,CHEVROLET,CHEVROLET OTHER,CHEVROLET OTHER
CHEVROLET SALES INDIA PVT LTD,SPARK LS BS IV,CHEVROLET,SPARK,CHEVROLET SPARK,CHEVROLET SPARK
CHEVROLET SALES INDIA PVT LTD,BEAT PS BS IV,CHEVROLET,BEAT,CHEVROLET BEAT,CHEVROLET BEAT
CHEVROLET SALES INDIA PVT LTD,BEAT 1.2 LS BS04,CHEVROLET,BEAT 1 2 04,CHEVROLET BEAT,CHEVROLET BEAT
CHEVROLET SALES INDIA PVT LTD,CHEVROLET SAIL UVA LTABS,CHEVROLET,SAIL UVA LTA,CHEVROLET SAIL,CHEVROLET SAIL
CHEVROLET SALES INDIA PVT LTD,AVEO UVA 1.2 BASE,CHEVROLET,AVEO UVA 1 2,CHEVROLET AVEO,CHEVROLET AVEO
CHEVROLET SALES INDIA PVT LTD,OPTRA 2.0 LT TCDI BSIV,CHEVROLET,OPTRA 2 0,CHEVROLET OPTRA,CHEVROLET OPTRA
CHEVROLET SALES INDIA PVT LTD,BEAT LT LPG BSIV,CHEVROLET,BEAT LPG,CHEVROLET BEAT LPG,CHEVROLET BEAT LPG
CHEVROLET SALES INDIA PVT LTD,CHEVROLET BEAT LT DIESEL,CHEVROLET,BEAT,CHEVROLET BEAT,CHEVROLET BEAT
CHEVROLET SALES INDIA PVT LTD,AVEO LT BS4,CHEVROLET,AVEO 4,CHEVROLET AVEO,CHEVROLET AVEO
CHEVROLET SALES INDIA PVT LTD,TAVERA NEO3 LT P7C BSIII,CHEVROLET,TAVERA P7C,CHEVROLET TAVERA,CHEVROLET TAVERA
CHEVROLET SALES INDIA PVT LTD,CRUZE 2.0 VCD LTZ BS4,CHEVROLET,CRUZE 2 0 VCD 4,CHEVROLET CRUZE,CHEVROLET CRUZE
CHEVROLET SALES INDIA PVT LTD,SAIL 1.2 LS ABS,CHEVROLET,SAIL 1 2 A,CHEVROLET SAIL,CHEVROLET SAIL
CHEVROLET SALES INDIA PVT LTD,CHEVROLET ENJOY D LS,CHEVROLET,ENJOY D,CHEVROLET ENJOY,CHEVROLET ENJOY
CHEVROLET SALES INDIA PVT LTD,CRUZE VCDI AT,CHEVROLET,CRUZE VCDI AT,CHEVROLET CRUZE,CHEVROLET CRUZE
CHEVROLET SALES INDIA PVT LTD,CRUZE LTZ,CHEVROLET,CRUZE,CHEVROLET CRUZE,CHEVROLET CRUZE
CHEVROLET SALES INDIA PVT LTD,CHEVROLAT TAVERA,CHEVROLET,CHEVROLAT TAVERA,CHEVROLET TAVERA,CHEVROLET TAVERA
CHEVROLET SALES INDIA PVT LTD,CHEVROLET AVEO (LT),CHEVROLET,AVEO (),CHEVROLET AVEO,CHEVROLET AVEO
CHEVROLET SALES INDIA PVT LTD,CRUZE VCDI LTZ ,CHEVROLET,CRUZE VCDI,CHEVROLET CRUZE,CHEVROLET CRUZE
CHEVROLET SALES INDIA PVT LTD,SPARK 1.0 LT BS4,CHEVROLET,SPARK 1 0 4,CHEVROLET SPARK,CHEVROLET SPARK
CHEVROLET SALES INDIA PVT LTD,CHEVROLET SAIL U VA LS ABS,CHEVROLET,SAIL UVA A,CHEVROLET SAIL,CHEVROLET SAIL
CHEVROLET SALES INDIA PVT LTD,CHEVROLET BEAT  LT,CHEVROLET,BEAT,CHEVROLET BEAT,CHEVROLET BEAT
CHEVROLET SALES INDIA PVT LTD,CHEROLET ENJOY 8LS,CHEVROLET,CHEROLET ENJOY 8LS,CHEVROLET ENJOY,CHEVROLET ENJOY
CHEVROLET SALES INDIA PVT LTD,TAVERA NEO.3,CHEVROLET,TAVERA 3,CHEVROLET TAVERA,CHEVROLET TAVERA
CHEVROLET SALES INDIA PVT LTD,SAIL U-VA 1.2 BASE,CHEVROLET,SAIL U-VA 1 2,CHEVROLET SAIL,CHEVROLET SAIL
CHEVROLET SALES INDIA PVT LTD,BEAT LS BSIV,CHEVROLET,BEAT,CHEVROLET BEAT,CHEVROLET BEAT
CHEVROLET SALES INDIA PVT LTD,CHEROLET BEAT LT TCDI,CHEVROLET,CHEROLET BEAT,CHEVROLET BEAT,CHEVROLET BEAT
CHEVROLET SALES INDIA PVT LTD,ENJOY LS 8STR BS4,CHEVROLET,ENJOY 4,CHEVROLET ENJOY,CHEVROLET ENJOY
CHEVROLET SALES INDIA PVT LTD,BEAT 1.2 PS BS0411,CHEVROLET,BEAT 1 2 0411,CHEVROLET BEAT,CHEVROLET BEAT
CHEVROLET SALES INDIA PVT LTD,TAVERA BS3,CHEVROLET,TAVERA 3,CHEVROLET TAVERA,CHEVROLET TAVERA
CHEVROLET SALES INDIA PVT LTD,CRUZE 2.0 LTZ VCDI BS IV,CHEVROLET,CRUZE 2 0 VCDI,CHEVROLET CRUZE,CHEVROLET CRUZE
CHEVROLET SALES INDIA PVT LTD,OPTRA MAGNUM2.0LT AAC TCDI BS4,CHEVROLET,OPTRA MAGNUM2 0LT AAC 4,CHEVROLET OPTRA,CHEVROLET OPTRA
CHEVROLET SALES INDIA PVT LTD,TAVERA LT L9,CHEVROLET,TAVERA L9,CHEVROLET TAVERA,CHEVROLET TAVERA
CHEVROLET SALES INDIA PVT LTD,BEAT 1.2 LS BS IV,CHEVROLET,BEAT 1 2,CHEVROLET BEAT,CHEVROLET BEAT
CHEVROLET SALES INDIA PVT LTD,TAVERA LT 9C BS3,CHEVROLET,TAVERA 9C 3,CHEVROLET TAVERA,CHEVROLET TAVERA
CHEVROLET SALES INDIA PVT LTD,TAVERA NEO3 LS (P10ABSIII),CHEVROLET,TAVERA (P10A),CHEVROLET TAVERA,CHEVROLET TAVERA
CHEVROLET SALES INDIA PVT LTD,CHEVROLET BEAT TCDI,CHEVROLET,BEAT,CHEVROLET BEAT,CHEVROLET BEAT
CHEVROLET SALES INDIA PVT LTD,BEAT LT TCDI BS IV,CHEVROLET,BEAT,CHEVROLET BEAT,CHEVROLET BEAT
CHEVROLET SALES INDIA PVT LTD,CHEVROLET SPARK LS LPG,CHEVROLET,SPARK LPG,CHEVROLET SPARK LPG,CHEVROLET SPARK LPG
CHEVROLET SALES INDIA PVT LTD,BEAT 1.0 PS TDCI,CHEVROLET,BEAT 1 0 TDCI,CHEVROLET BEAT,CHEVROLET BEAT
CHEVROLET SALES INDIA PVT LTD,OPTRA,CHEVROLET,OPTRA,CHEVROLET OPTRA,CHEVROLET OPTRA
CHEVROLET SALES INDIA PVT LTD,SAIL 12,CHEVROLET,SAIL 12,CHEVROLET SAIL,CHEVROLET SAIL
CHEVROLET SALES INDIA PVT LTD,CRUZE LTZ BSIV,CHEVROLET,CRUZE,CHEVROLET CRUZE,CHEVROLET CRUZE
CHEVROLET SALES INDIA PVT LTD,SAIL LS ABS TCDI 1.3 L,CHEVROLET,SAIL ATCDI 1 3,CHEVROLET SAIL,CHEVROLET SAIL
CHEVROLET SALES INDIA PVT LTD,CHEVROLET SPARK LT,CHEVROLET,SPARK,CHEVROLET SPARK,CHEVROLET SPARK
CHEVROLET SALES INDIA PVT LTD,OPTRA 1.6 BS3,CHEVROLET,OPTRA 1 6 3,CHEVROLET OPTRA,CHEVROLET OPTRA
CHEVROLET SALES INDIA PVT LTD,BEAT 1.2 PS BS IV,CHEVROLET,BEAT 1 2,CHEVROLET BEAT,CHEVROLET BEAT
CHEVROLET SALES INDIA PVT LTD,SPARK 1.0 CT,CHEVROLET,SPARK 1 0 CT,CHEVROLET SPARK,CHEVROLET SPARK
CHEVROLET SALES INDIA PVT LTD,BEAT 1.0 PS TCDI BS 4,CHEVROLET,BEAT 1 0 4,CHEVROLET BEAT,CHEVROLET BEAT
CHEVROLET SALES INDIA PVT LTD,AVEO 1.4 LT,CHEVROLET,AVEO 1 4,CHEVROLET AVEO,CHEVROLET AVEO
CHEVROLET SALES INDIA PVT LTD,CHEVROLET ENJOY L S 8,CHEVROLET,ENJOY S 8,CHEVROLET ENJOY,CHEVROLET ENJOY
CHEVROLET SALES INDIA PVT LTD,VENTO 1 6 CR MT   HP,CHEVROLET,VENTO 1 6 CR MT HP,CHEVROLET OTHER,CHEVROLET OTHER
CHEVROLET SALES INDIA PVT LTD,BEAT LT BS-4,CHEVROLET,BEAT -4,CHEVROLET BEAT,CHEVROLET BEAT
CHEVROLET SALES INDIA PVT LTD,TAVERA P10A,CHEVROLET,TAVERA P10A,CHEVROLET TAVERA,CHEVROLET TAVERA
CHEVROLET SALES INDIA PVT LTD,OPTRA 2.0 LT,CHEVROLET,OPTRA 2 0,CHEVROLET OPTRA,CHEVROLET OPTRA
CHEVROLET SALES INDIA PVT LTD,BEAT 1.0 LT,CHEVROLET,BEAT 1 0,CHEVROLET BEAT,CHEVROLET BEAT
CHEVROLET SALES INDIA PVT LTD,BEAT DIESEL PS,CHEVROLET,BEAT,CHEVROLET BEAT,CHEVROLET BEAT
CHEVROLET SALES INDIA PVT LTD,ENJOY 1.3 LT TCDI,CHEVROLET,ENJOY 1 3,CHEVROLET ENJOY,CHEVROLET ENJOY
CHEVROLET SALES INDIA PVT LTD,BEAT DIESEL LT,CHEVROLET,BEAT,CHEVROLET BEAT,CHEVROLET BEAT
CHEVROLET SALES INDIA PVT LTD,CHEVROLET CRUZE VCDI LTZ,CHEVROLET,CRUZE VCDI,CHEVROLET CRUZE,CHEVROLET CRUZE
CHEVROLET SALES INDIA PVT LTD,ENJOY TCDI LTZ,CHEVROLET,ENJOY,CHEVROLET ENJOY,CHEVROLET ENJOY
CHEVROLET SALES INDIA PVT LTD,CHVEROLET TAVERA B1 10,CHEVROLET,CHVEROLET TAVERA B1 10,CHEVROLET TAVERA,CHEVROLET TAVERA
CHEVROLET SALES INDIA PVT LTD,CHEVROLET SPARK 1.0,CHEVROLET,SPARK 1 0,CHEVROLET SPARK,CHEVROLET SPARK
CHEVROLET SALES INDIA PVT LTD,TAVERA NEO3 LS P10A BS III,CHEVROLET,TAVERA P10A,CHEVROLET TAVERA,CHEVROLET TAVERA
CHEVROLET SALES INDIA PVT LTD,CHEVROLET CLASSIC,CHEVROLET,CLASSIC,CHEVROLET OTHER,CHEVROLET OTHER
CHEVROLET SALES INDIA PVT LTD,BEAT  LS,CHEVROLET,BEAT,CHEVROLET BEAT,CHEVROLET BEAT
CHEVROLET SALES INDIA PVT LTD,TAVERA B1 10BS3 BG,CHEVROLET,TAVERA B1 103 BG,CHEVROLET TAVERA,CHEVROLET TAVERA
CHEVROLET SALES INDIA PVT LTD,BEAT DIESEL 1.0 TCDI,CHEVROLET,BEAT 1 0,CHEVROLET BEAT,CHEVROLET BEAT
CHEVROLET SALES INDIA PVT LTD,MARUTI SWIFT DZIRE VDI BS IV,CHEVROLET,MARUTI SWIFT DZIRE VDI,CHEVROLET OTHER,CHEVROLET OTHER
CHEVROLET SALES INDIA PVT LTD,SAIL UVA,CHEVROLET,SAIL UVA,CHEVROLET SAIL,CHEVROLET SAIL
CHEVROLET SALES INDIA PVT LTD,SAIL U VA 1.3 LS TCDI ABS,CHEVROLET,SAIL UVA 1 3 A,CHEVROLET SAIL,CHEVROLET SAIL
CHEVROLET SALES INDIA PVT LTD,CHEVROLET SAIL LS,CHEVROLET,SAIL,CHEVROLET SAIL,CHEVROLET SAIL
CHEVROLET SALES INDIA PVT LTD,ENJOY LS BSIV,CHEVROLET,ENJOY,CHEVROLET ENJOY,CHEVROLET ENJOY
CHEVROLET SALES INDIA PVT LTD,CHEVROLET BEAT LT BS,CHEVROLET,BEAT,CHEVROLET BEAT,CHEVROLET BEAT
CHEVROLET SALES INDIA PVT LTD,BEAT LS 1.2 BSIV,CHEVROLET,BEAT 1 2,CHEVROLET BEAT,CHEVROLET BEAT
CHEVROLET SALES INDIA PVT LTD,CHEVROLET BEAT LT ,CHEVROLET,BEAT,CHEVROLET BEAT,CHEVROLET BEAT
CHEVROLET SALES INDIA PVT LTD,NEO 3 LT,CHEVROLET,NEO 3,CHEVROLET OTHER,CHEVROLET OTHER
CHEVROLET SALES INDIA PVT LTD,TAVERA NEO3 LT9 BS3,CHEVROLET,TAVERA LT9 3,CHEVROLET TAVERA,CHEVROLET TAVERA
CHEVROLET SALES INDIA PVT LTD,CHEVROLET ENJOY LS 7STR,CHEVROLET,ENJOY,CHEVROLET ENJOY,CHEVROLET ENJOY
CHEVROLET SALES INDIA PVT LTD,TAVERAB 1,CHEVROLET,TAVERAB 1,CHEVROLET TAVERA,CHEVROLET TAVERA
CHEVROLET SALES INDIA PVT LTD,CHEVROLET TAVERA B3 10 METALIC,CHEVROLET,TAVERA B3 10 METALIC,CHEVROLET TAVERA,CHEVROLET TAVERA
CHEVROLET SALES INDIA PVT LTD,SAIL U VA 1.3 LS TCDI,CHEVROLET,SAIL UVA 1 3,CHEVROLET SAIL,CHEVROLET SAIL
CHEVROLET SALES INDIA PVT LTD,TAVERA B3 7SE,CHEVROLET,TAVERA B3 7SE,CHEVROLET TAVERA,CHEVROLET TAVERA
CHEVROLET SALES INDIA PVT LTD,CHEVROLET SAIL LT ABS TCDI,CHEVROLET,SAIL ATCDI,CHEVROLET SAIL,CHEVROLET SAIL
CHEVROLET SALES INDIA PVT LTD,SAIL U VA 1.2L,CHEVROLET,SAIL UVA 1 2L,CHEVROLET SAIL,CHEVROLET SAIL
CHEVROLET SALES INDIA PVT LTD,TAVERA B 4 (S 7),CHEVROLET,TAVERA B 4 (S 7),CHEVROLET TAVERA,CHEVROLET TAVERA
CHEVROLET SALES INDIA PVT LTD,BEAT 1.O PS TCDI BSIV,CHEVROLET,BEAT 1 O,CHEVROLET BEAT,CHEVROLET BEAT
CHEVROLET SALES INDIA PVT LTD,CHEVROLET  TAVERA 10,CHEVROLET,TAVERA 10,CHEVROLET TAVERA,CHEVROLET TAVERA
CHEVROLET SALES INDIA PVT LTD,CRUZE 2.0 LT BS IV,CHEVROLET,CRUZE 2 0,CHEVROLET CRUZE,CHEVROLET CRUZE
CHEVROLET SALES INDIA PVT LTD,CHEVROLET CRUSE,CHEVROLET,CRUSE,CHEVROLET OTHER,CHEVROLET OTHER
CHEVROLET SALES INDIA PVT LTD,CHEVROLET CRUZE LTZ,CHEVROLET,CRUZE,CHEVROLET CRUZE,CHEVROLET CRUZE
CHEVROLET SALES INDIA PVT LTD,CHEVROLET SPARK LT PETROL,CHEVROLET,SPARK PETROL,CHEVROLET SPARK,CHEVROLET SPARK
CHEVROLET SALES INDIA PVT LTD,CHEVROLET BEAT LS PETROL,CHEVROLET,BEAT PETROL,CHEVROLET BEAT,CHEVROLET BEAT
CHEVROLET SALES INDIA PVT LTD,TAVERA NEO 3 LT TCDI P9A BSIV,CHEVROLET,TAVERA P9A,CHEVROLET TAVERA,CHEVROLET TAVERA
CHEVROLET SALES INDIA PVT LTD,K10B VXI,CHEVROLET,K10B VXI,CHEVROLET OTHER,CHEVROLET OTHER
CHEVROLET SALES INDIA PVT LTD,ENJOY LS 8STR PETROL,CHEVROLET,ENJOY PETROL,CHEVROLET ENJOY,CHEVROLET ENJOY
CHEVROLET SALES INDIA PVT LTD,SPARK LS BS4,CHEVROLET,SPARK 4,CHEVROLET SPARK,CHEVROLET SPARK
CHEVROLET SALES INDIA PVT LTD,CHEVROLET AVEO UVA 1.2,CHEVROLET,AVEO UVA 1 2,CHEVROLET AVEO,CHEVROLET AVEO
CHEVROLET SALES INDIA PVT LTD,CHEVROLET ENJOY TCDI,CHEVROLET,ENJOY,CHEVROLET ENJOY,CHEVROLET ENJOY
CHEVROLET SALES INDIA PVT LTD,ENJOY LT 7 STR DIESEL,CHEVROLET,ENJOY,CHEVROLET ENJOY,CHEVROLET ENJOY
CHEVROLET SALES INDIA PVT LTD,SAIL LS ABS PCDI BS 4,CHEVROLET,SAIL APCDI 4,CHEVROLET SAIL,CHEVROLET SAIL
CHEVROLET SALES INDIA PVT LTD,BEAT1.2PS,CHEVROLET,BEAT1 2PS,CHEVROLET BEAT,CHEVROLET BEAT
CHEVROLET SALES INDIA PVT LTD,CRUZE VCDI 2.0 LTZ AT,CHEVROLET,CRUZE VCDI 2 0 AT,CHEVROLET CRUZE,CHEVROLET CRUZE
CHEVROLET SALES INDIA PVT LTD,CHEVROLET UVA SAIL,CHEVROLET,UVA SAIL,CHEVROLET SAIL,CHEVROLET SAIL
CHEVROLET SALES INDIA PVT LTD,NEO 3 LS,CHEVROLET,NEO 3,CHEVROLET OTHER,CHEVROLET OTHER
CHEVROLET SALES INDIA PVT LTD,SAIL U VA LS TCDI 1.3L,CHEVROLET,SAIL UVA 1 3L,CHEVROLET SAIL,CHEVROLET SAIL
CHEVROLET SALES INDIA PVT LTD,SAIL U-VA 1.3 LS ABS TCDI,CHEVROLET,SAIL U-VA 1 3 ATCDI,CHEVROLET SAIL,CHEVROLET SAIL
CHEVROLET SALES INDIA PVT LTD,TAVERA,CHEVROLET,TAVERA,CHEVROLET TAVERA,CHEVROLET TAVERA
CHEVROLET SALES INDIA PVT LTD,BEAT PETROL BASE,CHEVROLET,BEAT PETROL,CHEVROLET BEAT,CHEVROLET BEAT
CHEVROLET SALES INDIA PVT LTD,CHEVROLET BEAT LPG,CHEVROLET,BEAT LPG,CHEVROLET BEAT LPG,CHEVROLET BEAT LPG
CHEVROLET SALES INDIA PVT LTD,TAVERA L9S,CHEVROLET,TAVERA L9S,CHEVROLET TAVERA,CHEVROLET TAVERA
CHEVROLET SALES INDIA PVT LTD,SAIL UVA LT,CHEVROLET,SAIL UVA,CHEVROLET SAIL,CHEVROLET SAIL
CHEVROLET SALES INDIA PVT LTD,CHEVROLET BEAT LT,CHEVROLET,BEAT,CHEVROLET BEAT,CHEVROLET BEAT
CHEVROLET SALES INDIA PVT LTD,TAVERA NEW 2 BS-3,CHEVROLET,TAVERA NEW 2 -3,CHEVROLET TAVERA,CHEVROLET TAVERA
CHEVROLET SALES INDIA PVT LTD,OPTRA 2.0 LT BS4,CHEVROLET,OPTRA 2 0 4,CHEVROLET OPTRA,CHEVROLET OPTRA
CHEVROLET SALES INDIA PVT LTD,TAVERA NEO3 LS BS3 10STR,CHEVROLET,TAVERA 3,CHEVROLET TAVERA,CHEVROLET TAVERA
CHEVROLET SALES INDIA PVT LTD,TAVERA B3 10 BS 3 NEO 2,CHEVROLET,TAVERA B3 10 3 NEO 2,CHEVROLET TAVERA,CHEVROLET TAVERA
CHEVROLET SALES INDIA PVT LTD,BEAT 1.2,CHEVROLET,BEAT 1 2,CHEVROLET BEAT,CHEVROLET BEAT
CHEVROLET SALES INDIA PVT LTD,OPTRA 1.6 LT,CHEVROLET,OPTRA 1 6,CHEVROLET OPTRA,CHEVROLET OPTRA
CHEVROLET SALES INDIA PVT LTD,TAVERA B3(7) SC BSIII,CHEVROLET,TAVERA B3(7) SC,CHEVROLET TAVERA,CHEVROLET TAVERA
CHERVOLET,CHERVOLETTAVERA(B3-10),CHEVROLET,CHERVOLETTAVERA(B3-10),CHEVROLET TAVERA,CHEVROLET TAVERA
CHEVROLET SALES INDIA PVT LTD,CHEVROLET SAIL,CHEVROLET,SAIL,CHEVROLET SAIL,CHEVROLET SAIL
CHEVROLET,CHEVROLET AVEO  UVA  LS,CHEVROLET,AVEO UVA,CHEVROLET AVEO,CHEVROLET AVEO
CHEVROLET SALES INDIA PVT LTD,TAVERA NEO3 LS (P10A-BSIII),CHEVROLET,TAVERA (P10A-),CHEVROLET TAVERA,CHEVROLET TAVERA
CHEVROLET SALES INDIA PVT LTD,CHEVROLET  AVEO LS,CHEVROLET,AVEO,CHEVROLET AVEO,CHEVROLET AVEO
CHEVROLET SALES INDIA PVT LTD,OPTRA 2.0 LS TCDI BS4,CHEVROLET,OPTRA 2 0 4,CHEVROLET OPTRA,CHEVROLET OPTRA
CHEVROLET SALES INDIA PVT LTD,SAIL U VA 1.2,CHEVROLET,SAIL UVA 1 2,CHEVROLET SAIL,CHEVROLET SAIL
CHEVROLET SALES INDIA PVT LTD,CHEVROLET CRUZE 2.0 VCDI LTZ,CHEVROLET,CRUZE 2 0 VCDI,CHEVROLET CRUZE,CHEVROLET CRUZE
CHEVROLET SALES INDIA PVT LTD,BEAT 1.2 PS,CHEVROLET,BEAT 1 2,CHEVROLET BEAT,CHEVROLET BEAT
CHEVROLET SALES INDIA PVT LTD,TAVERA B 3 (10),CHEVROLET,TAVERA B 3 (10),CHEVROLET TAVERA,CHEVROLET TAVERA
CHEVROLET SALES INDIA PVT LTD,"CHEVROLET SALES INDIA PVT LTD, SPARK 1.0 LS",CHEVROLET,SPARK 1 0,CHEVROLET SPARK,CHEVROLET SPARK
CHEVROLET SALES INDIA PVT LTD,ENJOY 1.3 LS TCDI,CHEVROLET,ENJOY 1 3,CHEVROLET ENJOY,CHEVROLET ENJOY
CHEVROLET SALES INDIA PVT LTD,SAIL 1.3 TCDI BASE,CHEVROLET,SAIL 1 3,CHEVROLET SAIL,CHEVROLET SAIL
CHEVROLET SALES INDIA PVT LTD,CHEVROLET SPARK PS,CHEVROLET,SPARK,CHEVROLET SPARK,CHEVROLET SPARK
CHEVROLET SALES INDIA PVT LTD,NEO3 LT,CHEVROLET,NEO3,CHEVROLET OTHER,CHEVROLET OTHER
CHEVROLET,CHEVROLET CAPTIVA(LT)BSIII,CHEVROLET,CAPTIVA(),CHEVROLET CAPTIVA,CHEVROLET CAPTIVA
CHEVROLET SALES INDIA PVT LTD,BEAT LS LPG,CHEVROLET,BEAT LPG,CHEVROLET BEAT LPG,CHEVROLET BEAT LPG
CHEVROLET SALES INDIA PVT LTD,CHEVROLET TAVERA PLOA BS III,CHEVROLET,TAVERA PLOA,CHEVROLET TAVERA,CHEVROLET TAVERA
CHEVROLET SALES INDIA PVT LTD,CHEVROLET BEAT LT PETROL ,CHEVROLET,BEAT PETROL,CHEVROLET BEAT,CHEVROLET BEAT
CHEVROLET SALES INDIA PVT LTD,CHEVROLET TAVERA BS III,CHEVROLET,TAVERA,CHEVROLET TAVERA,CHEVROLET TAVERA
CHEVROLET SALES INDIA PVT LTD,SPARK 1.0 LS BS4,CHEVROLET,SPARK 1 0 4,CHEVROLET SPARK,CHEVROLET SPARK
CHEVROLET SALES INDIA PVT LTD,CHEVROLET SPARK,CHEVROLET,SPARK,CHEVROLET SPARK,CHEVROLET SPARK
CHEVROLET SALES INDIA PVT LTD,CHEVROLET BEAT 1.0 LS TCDI,CHEVROLET,BEAT 1 0,CHEVROLET BEAT,CHEVROLET BEAT
CHEVROLET SALES INDIA PVT LTD,BEAT TCDI LS,CHEVROLET,BEAT,CHEVROLET BEAT,CHEVROLET BEAT
CHEVROLET SALES INDIA PVT LTD,TAVERA NEO3 LS BS3,CHEVROLET,TAVERA 3,CHEVROLET TAVERA,CHEVROLET TAVERA
CHEVROLET SALES INDIA PVT LTD,TAVERA LT L 9 NEO 2 BS3,CHEVROLET,TAVERA 9 NEO 2 3,CHEVROLET TAVERA,CHEVROLET TAVERA
CHEVROLET SALES INDIA PVT LTD,TAVERA NEO 2B3 10S LS TURBO,CHEVROLET,TAVERA2B3 10S TURBO,CHEVROLET TAVERA,CHEVROLET TAVERA
CHEVROLET SALES INDIA PVT LTD,CHEVROLET SAIL N B 1.2 B PET,CHEVROLET,SAIL N B 1 2 B PET,CHEVROLET SAIL,CHEVROLET SAIL
CHEVROLET SALES INDIA PVT LTD,SAIL UVA LS ABS TCDI,CHEVROLET,SAIL UVA ATCDI,CHEVROLET SAIL,CHEVROLET SAIL
CHEVROLET SALES INDIA PVT LTD,CHEVROLET CRUZE VCDI,CHEVROLET,CRUZE VCDI,CHEVROLET CRUZE,CHEVROLET CRUZE
CHEVROLET SALES INDIA PVT LTD,TAVERAB 3 (10 STR),CHEVROLET,TAVERAB 3 (),CHEVROLET TAVERA,CHEVROLET TAVERA
CHEVROLET SALES INDIA PVT LTD,CHEVROLET TAVERA NEO3LS,CHEVROLET,TAVERALS,CHEVROLET TAVERA,CHEVROLET TAVERA
CHEVROLET SALES INDIA PVT LTD,TAVERA B.3 (10),CHEVROLET,TAVERA B 3 (10),CHEVROLET TAVERA,CHEVROLET TAVERA
CHEVROLET SALES INDIA PVT LTD,AVEO-UVA 1.2 LS,CHEVROLET,AVEO-UVA 1 2,CHEVROLET AVEO,CHEVROLET AVEO
CHEVROLET SALES INDIA PVT LTD,ENJOY LS 8 STR PETROL,CHEVROLET,ENJOY PETROL,CHEVROLET ENJOY,CHEVROLET ENJOY
CHEVROLET SALES INDIA PVT LTD,CHEVROLET ENJOY DIESEL LS,CHEVROLET,ENJOY,CHEVROLET ENJOY,CHEVROLET ENJOY
CHEVROLET SALES INDIA PVT LTD,BEAT DIESEL LSBS4,CHEVROLET,BEAT LS4,CHEVROLET BEAT,CHEVROLET BEAT
CHEVROLET SALES INDIA PVT LTD,SAIL LS ABS TCDI BS IV,CHEVROLET,SAIL ATCDI,CHEVROLET SAIL,CHEVROLET SAIL
CHEVROLET SALES INDIA PVT LTD,BEAT LT TCDI BS4,CHEVROLET,BEAT 4,CHEVROLET BEAT,CHEVROLET BEAT
CHEVROLET SALES INDIA PVT LTD,TAVERA B47 BS2,CHEVROLET,TAVERA B47 2,CHEVROLET TAVERA,CHEVROLET TAVERA
CHEVROLET SALES INDIA PVT LTD,OPTRA MAGNUM 1.6 LT BS IV,CHEVROLET,OPTRA MAGNUM 1 6,CHEVROLET OPTRA,CHEVROLET OPTRA
CHEVROLET SALES INDIA PVT LTD,TAVERA B 3,CHEVROLET,TAVERA B 3,CHEVROLET TAVERA,CHEVROLET TAVERA
CHEVROLET SALES INDIA PVT LTD,CHEVROLET TAVERA,CHEVROLET,TAVERA,CHEVROLET TAVERA,CHEVROLET TAVERA
CHEVROLET SALES INDIA PVT LTD,BEAT 1.2 BS 04,CHEVROLET,BEAT 1 2 04,CHEVROLET BEAT,CHEVROLET BEAT
CHEVROLET SALES INDIA PVT LTD,TAVERA LTL 8 BSIII,CHEVROLET,TAVERA LTL 8,CHEVROLET TAVERA,CHEVROLET TAVERA
CHEVROLET SALES INDIA PVT LTD,TAVERA B3(10),CHEVROLET,TAVERA B3(10),CHEVROLET TAVERA,CHEVROLET TAVERA
CHEVROLET SALES INDIA PVT LTD,SAIL 1.2 LS,CHEVROLET,SAIL 1 2,CHEVROLET SAIL,CHEVROLET SAIL
CHEVROLET SALES INDIA PVT LTD,CHEVROLET CAPTIVA  LTZ AWD,CHEVROLET,CAPTIVA AWD,CHEVROLET CAPTIVA,CHEVROLET CAPTIVA
CHEVROLET SALES INDIA PVT LTD,SAIL U-VA 1.3 LT ABS TCDI,CHEVROLET,SAIL U-VA 1 3 ATCDI,CHEVROLET SAIL,CHEVROLET SAIL
CHEVROLET SALES INDIA PVT LTD,CHEVROLET CAPTIVA LT,CHEVROLET,CAPTIVA,CHEVROLET CAPTIVA,CHEVROLET CAPTIVA
CHEVROLET SALES INDIA PVT LTD,SPARK 1.0 LS,CHEVROLET,SPARK 1 0,CHEVROLET SPARK,CHEVROLET SPARK
CHEVROLET SALES INDIA PVT LTD,PASSAT TDI CAR,CHEVROLET,PASSAT TDI CAR,CHEVROLET OTHER,CHEVROLET OTHER
CHEVROLET SALES INDIA PVT LTD,BEAT 1.0 LS DIESEL,CHEVROLET,BEAT 1 0,CHEVROLET BEAT,CHEVROLET BEAT
CHEVROLET SALES INDIA PVT LTD,SAIL LS ABS,CHEVROLET,SAIL A,CHEVROLET SAIL,CHEVROLET SAIL
CHEVROLET SALES INDIA PVT LTD,CHEVROLET BEAT PS DIESEL,CHEVROLET,BEAT,CHEVROLET BEAT,CHEVROLET BEAT
CHEVROLET SALES INDIA PVT LTD,CRUZE VCDI 2.0LTZ,CHEVROLET,CRUZE VCDI 2 0LTZ,CHEVROLET CRUZE,CHEVROLET CRUZE
CHEVROLET SALES INDIA PVT LTD,SAIL U VA 1.3,CHEVROLET,SAIL UVA 1 3,CHEVROLET SAIL,CHEVROLET SAIL
CHEVROLET SALES INDIA PVT LTD,TAVERA NEO 3 M10A BSIII,CHEVROLET,TAVERA M10A,CHEVROLET TAVERA,CHEVROLET TAVERA
CHEVROLET SALES INDIA PVT LTD,CHEVROLET BEAT LS TCDI,CHEVROLET,BEAT,CHEVROLET BEAT,CHEVROLET BEAT
CHEVROLET SALES INDIA PVT LTD,CHEVROLET SAIL LS ABS,CHEVROLET,SAIL A,CHEVROLET SAIL,CHEVROLET SAIL
CHEVROLET SALES INDIA PVT LTD,CAPTIVA LTZ AWD,CHEVROLET,CAPTIVA AWD,CHEVROLET CAPTIVA,CHEVROLET CAPTIVA
CHEVROLET SALES INDIA PVT LTD,CHEVROLET BEAT,CHEVROLET,BEAT,CHEVROLET BEAT,CHEVROLET BEAT
CHEVROLET SALES INDIA PVT LTD,CRUZE VCDILTZ,CHEVROLET,CRUZE VCDILTZ,CHEVROLET CRUZE,CHEVROLET CRUZE
CHEVROLET TAVERA M7A BS3,GENERAL MOTORS INDIA LTD,CHEVROLET,GENERAL MOTORS INDIA LTD,CHEVROLET OTHER,CHEVROLET OTHER
CHEVROLET SALES INDIA PVT LTD,CHEVROLET TAVERA NCO3 LS10,CHEVROLET,TAVERA NCO3 LS10,CHEVROLET TAVERA,CHEVROLET TAVERA
CHEVROLET SALES INDIA PVT LTD,ALTO K10 VXI,CHEVROLET,ALTO K10 VXI,CHEVROLET OTHER,CHEVROLET OTHER
CHEVROLET SALES INDIA PVT LTD,SPARK LT LPG,CHEVROLET,SPARK LPG,CHEVROLET SPARK LPG,CHEVROLET SPARK LPG
CHEVROLET SALES INDIA PVT LTD,BEAT 1.0LT,CHEVROLET,BEAT 1 0LT,CHEVROLET BEAT,CHEVROLET BEAT
CHEVROLET SALES INDIA PVT LTD,SAIL U VA LT ABS BS IV,CHEVROLET,SAIL UVA A,CHEVROLET SAIL,CHEVROLET SAIL
CHEVROLET SALES INDIA PVT LTD,MARUTI SWIFT VDI BS IV,CHEVROLET,MARUTI SWIFT VDI,CHEVROLET OTHER,CHEVROLET OTHER
CHEVROLET SALES INDIA PVT LTD,BEAT TCDI  BSIV,CHEVROLET,BEAT,CHEVROLET BEAT,CHEVROLET BEAT
CHEVROLET SALES INDIA PVT LTD,CHEVROLET BEAT1.0 PS BSIV,CHEVROLET,BEAT1 0,CHEVROLET BEAT,CHEVROLET BEAT
CHEVROLET SALES INDIA PVT LTD,BEAT 1.2LS BSIV 16,CHEVROLET,BEAT 1 2LS 16,CHEVROLET BEAT,CHEVROLET BEAT
CHEVROLET SALES INDIA PVT LTD,TAVERA NEO3 LSBS3,CHEVROLET,TAVERA LS3,CHEVROLET TAVERA,CHEVROLET TAVERA
CHEVROLET SALES INDIA PVT LTD,CRUZE VCDI AT LTZ,CHEVROLET,CRUZE VCDI AT,CHEVROLET CRUZE,CHEVROLET CRUZE
CHEVROLET SALES INDIA PVT LTD,CAPTIVA 2.2 LTZ,CHEVROLET,CAPTIVA 2 2,CHEVROLET CAPTIVA,CHEVROLET CAPTIVA
CHEVROLET SALES INDIA PVT LTD,CHEVROLET SPARK LPG,CHEVROLET,SPARK LPG,CHEVROLET SPARK LPG,CHEVROLET SPARK LPG
CHEVROLET SALES INDIA PVT LTD,CRUZE 2.0 VCDI LTZ BS4,CHEVROLET,CRUZE 2 0 VCDI 4,CHEVROLET CRUZE,CHEVROLET CRUZE
CHEVROLET SALES INDIA PVT LTD,BEAT LS TCDI 1.0L,CHEVROLET,BEAT 1 0L,CHEVROLET BEAT,CHEVROLET BEAT
CHEVROLET SALES INDIA PVT LTD,BEAT 1.2 LT BS4,CHEVROLET,BEAT 1 2 4,CHEVROLET BEAT,CHEVROLET BEAT
CHEVROLET SALES INDIA PVT LTD,CHEVROLET SPARK L T,CHEVROLET,SPARK T,CHEVROLET SPARK,CHEVROLET SPARK
CHEVROLET SALES INDIA PVT LTD,CHEVROLET SAIL YUVA,CHEVROLET,SAIL YUVA,CHEVROLET SAIL,CHEVROLET SAIL
CHEVROLET SALES INDIA PVT LTD,BEAT 1.0 LT BS IV,CHEVROLET,BEAT 1 0,CHEVROLET BEAT,CHEVROLET BEAT
CHEVROLET SALES INDIA PVT LTD,CHEVROLET ENJOY LTZ,CHEVROLET,ENJOY,CHEVROLET ENJOY,CHEVROLET ENJOY
CHEVROLET SALES INDIA PVT LTD,SAIL LS 1.2,CHEVROLET,SAIL 1 2,CHEVROLET SAIL,CHEVROLET SAIL
CHEVROLET SALES INDIA PVT LTD,BEAT LS,CHEVROLET,BEAT,CHEVROLET BEAT,CHEVROLET BEAT
CHEVROLET SALES INDIA PVT LTD,CHEVROLET CRUZE LTZ.,CHEVROLET,CRUZE,CHEVROLET CRUZE,CHEVROLET CRUZE
CHEVROLET SALES INDIA PVT LTD,SAIL U VA BASE,CHEVROLET,SAIL UVA,CHEVROLET SAIL,CHEVROLET SAIL
CHEVROLET SALES INDIA PVT LTD,CHEVROLET SPARK1.0 LS,CHEVROLET,SPARK1 0,CHEVROLET SPARK,CHEVROLET SPARK
CHEVROLET SALES INDIA PVT LTD,ENJOY LS 8STR,CHEVROLET,ENJOY,CHEVROLET ENJOY,CHEVROLET ENJOY
CHEVROLET SALES INDIA PVT LTD,TAVERA NEO3 LS,CHEVROLET,TAVERA,CHEVROLET TAVERA,CHEVROLET TAVERA
CHEVROLET SALES INDIA PVT LTD,SPARK 1.0,CHEVROLET,SPARK 1 0,CHEVROLET SPARK,CHEVROLET SPARK
CHEVROLET SALES INDIA PVT LTD,CHEVROLET TAVERA P10,CHEVROLET,TAVERA P10,CHEVROLET TAVERA,CHEVROLET TAVERA
CHEVROLET SALES INDIA PVT LTD,CHEVROLET SPARK LS,CHEVROLET,SPARK,CHEVROLET SPARK,CHEVROLET SPARK
CHEVROLET SALES INDIA PVT LTD,BEAT BS 4,CHEVROLET,BEAT 4,CHEVROLET BEAT,CHEVROLET BEAT
CHEVROLET SALES INDIA PVT LTD,CHEVROLET ENJOY (D) LS,CHEVROLET,ENJOY (D),CHEVROLET ENJOY,CHEVROLET ENJOY
CHEVROLET SALES INDIA PVT LTD,CHEVROLET SAIL HATCHBACK BSIII,CHEVROLET,SAIL HATCHBACK,CHEVROLET SAIL,CHEVROLET SAIL
CHEVROLET SALES INDIA PVT LTD,CAPTIVA 2.2 LTZ AT,CHEVROLET,CAPTIVA 2 2 AT,CHEVROLET CAPTIVA,CHEVROLET CAPTIVA
CHEVROLET SALES INDIA PVT LTD,CHEVROLET BEAT D PS,CHEVROLET,BEAT D,CHEVROLET BEAT,CHEVROLET BEAT
CHEVROLET,TAVERAB3-7BSIII,CHEVROLET,TAVERAB3-7,CHEVROLET TAVERA,CHEVROLET TAVERA
CHEVROLET SALES INDIA PVT LTD,CHEVROLET BEAT DSL,CHEVROLET,BEAT DSL,CHEVROLET BEAT,CHEVROLET BEAT
CHEVROLET SALES INDIA PVT LTD,TAVERA B3 10 NEO 2 BS3,CHEVROLET,TAVERA B3 10 NEO 2 3,CHEVROLET TAVERA,CHEVROLET TAVERA
CHEVROLET SALES INDIA PVT LTD,ENJOY 1.4L,CHEVROLET,ENJOY 1 4L,CHEVROLET ENJOY,CHEVROLET ENJOY
CHEVROLET SALES INDIA PVT LTD,CHEVROLET CRUZE VCDI LT,CHEVROLET,CRUZE VCDI,CHEVROLET CRUZE,CHEVROLET CRUZE
CHEVROLET SALES INDIA PVT LTD,AVEO U-VA 1.2 LT OPTION BS4,CHEVROLET,AVEO U-VA 1 2 OPTION 4,CHEVROLET AVEO,CHEVROLET AVEO
CHEVROLET SALES INDIA PVT LTD,TAVERA B1 7,CHEVROLET,TAVERA B1 7,CHEVROLET TAVERA,CHEVROLET TAVERA
CHEVROLET SALES INDIA PVT LTD,AVEO UVA 1.2 LS,CHEVROLET,AVEO UVA 1 2,CHEVROLET AVEO,CHEVROLET AVEO
CHEVROLET SALES INDIA PVT LTD,CHEVROLET TAVERA 2.5,CHEVROLET,TAVERA 2 5,CHEVROLET TAVERA,CHEVROLET TAVERA
CHEVROLET SALES INDIA PVT LTD,CHEVROLET TAVERA LS,CHEVROLET,TAVERA,CHEVROLET TAVERA,CHEVROLET TAVERA
CHEVROLET SALES INDIA PVT LTD,TAVERA CAR,CHEVROLET,TAVERA CAR,CHEVROLET TAVERA,CHEVROLET TAVERA
CHEVROLET SALES INDIA PVT LTD,BEAT LS TCDI,CHEVROLET,BEAT,CHEVROLET BEAT,CHEVROLET BEAT
CHEVROLET SALES INDIA PVT LTD,CHEVROLET SPARK I.0 LT,CHEVROLET,SPARK I 0,CHEVROLET SPARK,CHEVROLET SPARK
CHEVROLET SALES INDIA PVT LTD,TAVERA B3 10 (BS3) NEO 2,CHEVROLET,TAVERA B3 10 (3) NEO 2,CHEVROLET TAVERA,CHEVROLET TAVERA
CHEVROLET SALES INDIA PVT LTD,CHEVROLET OPTRA,CHEVROLET,OPTRA,CHEVROLET OPTRA,CHEVROLET OPTRA
CHEVROLET SALES INDIA PVT LTD,CHEVROLET ENJOY LS 8STR D,CHEVROLET,ENJOY D,CHEVROLET ENJOY,CHEVROLET ENJOY
CHEVROLET SALES INDIA PVT LTD,CHEVROLET TAVERA LT 9STR,CHEVROLET,TAVERA,CHEVROLET TAVERA,CHEVROLET TAVERA
CHEVROLET SALES INDIA PVT LTD,CHEVROLET SAIL U VA LS ABS T,CHEVROLET,SAIL UVA AT,CHEVROLET SAIL,CHEVROLET SAIL
CHEVROLET SALES INDIA PVT LTD,TAVERA NEO3 LS 10STR,CHEVROLET,TAVERA,CHEVROLET TAVERA,CHEVROLET TAVERA
CHEVROLET SALES INDIA PVT LTD,CHEVROLET CRUZE,CHEVROLET,CRUZE,CHEVROLET CRUZE,CHEVROLET CRUZE
CHEVROLET SALES INDIA PVT LTD,CHEVROLET,CHEVROLET,CHEVROLET,CHEVROLET OTHER,CHEVROLET OTHER
CHEVROLET SALES INDIA PVT LTD,SAIL LS TCDI 1.3,CHEVROLET,SAIL 1 3,CHEVROLET SAIL,CHEVROLET SAIL
CHEVROLET SALES INDIA PVT LTD,SPARK,CHEVROLET,SPARK,CHEVROLET SPARK,CHEVROLET SPARK
CHEVROLET SALES INDIA PVT LTD,"CHEVROLET SALES INDIA PVT LTD, TAVERA PI0A BSIII",CHEVROLET,TAVERA PI0A,CHEVROLET TAVERA,CHEVROLET TAVERA
CHEVROLET SALES INDIA PVT LTD,MARUTI ALTO 800  LXI BS IV,CHEVROLET,MARUTI ALTO 800 LXI,CHEVROLET OTHER,CHEVROLET OTHER
CHEVROLET SALES INDIA PVT LTD,TAVERA BSDI,CHEVROLET,TAVERA DI,CHEVROLET TAVERA,CHEVROLET TAVERA
CHEVROLET SALES INDIA PVT LTD,BEAT PS TCDI,CHEVROLET,BEAT,CHEVROLET BEAT,CHEVROLET BEAT
CHEVROLET SALES INDIA PVT LTD,,CHEVROLET,,CHEVROLET OTHER,CHEVROLET OTHER
CHEVROLET SALES INDIA PVT LTD,TAVERA NEO 2 BS3 10ST,CHEVROLET,TAVERA2 3 10ST,CHEVROLET TAVERA,CHEVROLET TAVERA
CHEVROLET SALES INDIA PVT LTD,BEAT LT DIESEL,CHEVROLET,BEAT,CHEVROLET BEAT,CHEVROLET BEAT
CHEVROLET SALES INDIA PVT LTD,CHEVROLET SPARK BASE,CHEVROLET,SPARK,CHEVROLET SPARK,CHEVROLET SPARK
CHEVROLET SALES INDIA PVT LTD,SAIL LS ABS TCDI,CHEVROLET,SAIL ATCDI,CHEVROLET SAIL,CHEVROLET SAIL
CHEVROLET SALES INDIA PVT LTD,SPARK LT LPG BS 4,CHEVROLET,SPARK LPG 4,CHEVROLET SPARK LPG,CHEVROLET SPARK LPG
CHEVROLET SALES INDIA PVT LTD,SAIL,CHEVROLET,SAIL,CHEVROLET SAIL,CHEVROLET SAIL
CHEVROLET SALES INDIA PVT LTD,SAIL UVA LS ABS,CHEVROLET,SAIL UVA A,CHEVROLET SAIL,CHEVROLET SAIL
CHEVROLET SALES INDIA PVT LTD,CHEVROLET SAIL UVA D BASE BS4,CHEVROLET,SAIL UVA D 4,CHEVROLET SAIL,CHEVROLET SAIL
CHEVROLET SALES INDIA PVT LTD,BEAT 1.2 LT,CHEVROLET,BEAT 1 2,CHEVROLET BEAT,CHEVROLET BEAT
CHEVROLET SALES INDIA PVT LTD,BEAT 1.0 LT BS04,CHEVROLET,BEAT 1 0 04,CHEVROLET BEAT,CHEVROLET BEAT
CHEVROLET SALES INDIA PVT LTD,SAIL LT ABS BS IV,CHEVROLET,SAIL A,CHEVROLET SAIL,CHEVROLET SAIL
CHEVROLET SALES INDIA PVT LTD,SPARK 1.0 LS BS3,CHEVROLET,SPARK 1 0 3,CHEVROLET SPARK,CHEVROLET SPARK
CHEVROLET SALES INDIA PVT LTD,CHEVORLET CRUZE 2.0 LT,CHEVROLET,CHEVORLET CRUZE 2 0,CHEVROLET CRUZE,CHEVROLET CRUZE
CHEVROLET SALES INDIA PVT LTD,ENJOY TCDI LT,CHEVROLET,ENJOY,CHEVROLET ENJOY,CHEVROLET ENJOY
CHEVROLET SALES INDIA PVT LTD,SAIL U-VA 1.3 LS TCDI,CHEVROLET,SAIL U-VA 1 3,CHEVROLET SAIL,CHEVROLET SAIL
CHEVROLET SALES INDIA PVT LTD,CHEVROLET SAIL LS TCDI,CHEVROLET,SAIL,CHEVROLET SAIL,CHEVROLET SAIL
CHEVROLET SALES INDIA PVT LTD,ENJOY,CHEVROLET,ENJOY,CHEVROLET ENJOY,CHEVROLET ENJOY
CHEVROLET SALES INDIA PVT LTD,ENJOY 1.3 TCDI LT-7,CHEVROLET,ENJOY 1 3 -7,CHEVROLET ENJOY,CHEVROLET ENJOY
CHEVROLET SALES INDIA PVT LTD,CHEVROLET BEAT 1.0 PS TCDI BS4,CHEVROLET,BEAT 1 0 4,CHEVROLET BEAT,CHEVROLET BEAT
CHEVROLET SALES INDIA PVT LTD,SAIL 1.2 PS,CHEVROLET,SAIL 1 2,CHEVROLET SAIL,CHEVROLET SAIL
CHEVROLET SALES INDIA PVT LTD,CHEVROLET SPARK 1.0 PS,CHEVROLET,SPARK 1 0,CHEVROLET SPARK,CHEVROLET SPARK
CHEVROLET SALES INDIA PVT LTD,TAVERA CHEVROLET,CHEVROLET,TAVERA CHEVROLET,CHEVROLET TAVERA,CHEVROLET TAVERA
CHEVROLET SALES INDIA PVT LTD,BEAT 1.0 LS TCDI BSO4,CHEVROLET,BEAT 1 0 O4,CHEVROLET BEAT,CHEVROLET BEAT
CHEVROLET SALES INDIA PVT LTD,CHEVROLET ENJOY TCDI LT BS4,CHEVROLET,ENJOY 4,CHEVROLET ENJOY,CHEVROLET ENJOY
CHEVROLET SALES INDIA PVT LTD,BEAT LT BS4,CHEVROLET,BEAT 4,CHEVROLET BEAT,CHEVROLET BEAT
CHEVROLET SALES INDIA PVT LTD,CRUZE 2.0 LTZ MT BS4,CHEVROLET,CRUZE 2 0 MT 4,CHEVROLET CRUZE,CHEVROLET CRUZE
CHEVROLET SALES INDIA PVT LTD,SAIL HATCHBACK 1.3 TCDI LS AB,CHEVROLET,SAIL HATCHBACK 1 3 AB,CHEVROLET SAIL,CHEVROLET SAIL
CHEVROLET SALES INDIA PVT LTD,TAVERA LT L 7 (C) NEO 2 BS3,CHEVROLET,TAVERA 7 (C) NEO 2 3,CHEVROLET TAVERA,CHEVROLET TAVERA
CHEVROLET SALES INDIA PVT LTD,CHEVROLET BEAT LT BSIV,CHEVROLET,BEAT,CHEVROLET BEAT,CHEVROLET BEAT
CHEVROLET SALES INDIA PVT LTD,CHEVROLET BEAT1.0LS BSIV,CHEVROLET,BEAT1 0LS,CHEVROLET BEAT,CHEVROLET BEAT
CHEVROLET SALES INDIA PVT LTD,CRUZE 2.0LTZ,CHEVROLET,CRUZE 2 0LTZ,CHEVROLET CRUZE,CHEVROLET CRUZE
CHEVROLET SALES INDIA PVT LTD,ALTO 800 VXI,CHEVROLET,ALTO 800 VXI,CHEVROLET OTHER,CHEVROLET OTHER
CHEVROLET SALES INDIA PVT LTD,C/SPARK,CHEVROLET,C/SPARK,CHEVROLET SPARK,CHEVROLET SPARK
CHEVROLET SALES INDIA PVT LTD,SAIL 1.2 LT ABS,CHEVROLET,SAIL 1 2 A,CHEVROLET SAIL,CHEVROLET SAIL
CHEVROLET SALES INDIA PVT LTD,CHEVROLET BET 1.2 LS,CHEVROLET,BET 1 2,CHEVROLET BEAT,CHEVROLET BEAT
CHEVROLET SALES INDIA PVT LTD,CRUZE VCDI,CHEVROLET,CRUZE VCDI,CHEVROLET CRUZE,CHEVROLET CRUZE
CHEVROLET SALES INDIA PVT LTD,CHEVROLET SAIL  U VA,CHEVROLET,SAIL UVA,CHEVROLET SAIL,CHEVROLET SAIL
CHEVROLET SALES INDIA PVT LTD,SPARK  1.0 LT,CHEVROLET,SPARK 1 0,CHEVROLET SPARK,CHEVROLET SPARK
CHEVROLET SALES INDIA PVT LTD,OTHERS,CHEVROLET,OTHERS,CHEVROLET OTHER,CHEVROLET OTHER
CHEVROLET SALES INDIA PVT LTD,CHEVROLET CAPTIVA 2.0 LT XTREM,CHEVROLET,CAPTIVA 2 0 XTREM,CHEVROLET CAPTIVA,CHEVROLET CAPTIVA
CHEVROLET SALES INDIA PVT LTD,SAIL 1-2 LS ABS,CHEVROLET,SAIL 1-2 A,CHEVROLET SAIL,CHEVROLET SAIL
CHEVROLET SALES INDIA PVT LTD,SAIL NB LS ABS TCDI,CHEVROLET,SAIL NB ATCDI,CHEVROLET SAIL,CHEVROLET SAIL
CHEVROLET SALES INDIA PVT LTD,TAVERA L9 BS3 NEO 2,CHEVROLET,TAVERA L9 3 NEO 2,CHEVROLET TAVERA,CHEVROLET TAVERA
CHEVROLET SALES INDIA PVT LTD,TAVERA B3 10 BS3 NEO 2,CHEVROLET,TAVERA B3 10 3 NEO 2,CHEVROLET TAVERA,CHEVROLET TAVERA
CHEVROLET SALES INDIA PVT LTD,SAIL LS ABS TCDI 1.3,CHEVROLET,SAIL ATCDI 1 3,CHEVROLET SAIL,CHEVROLET SAIL
CHEVROLET SALES INDIA PVT LTD,BEAT 1.0 LS TCDI,CHEVROLET,BEAT 1 0,CHEVROLET BEAT,CHEVROLET BEAT
CHEVROLET SALES INDIA PVT LTD,SAIL YUVA,CHEVROLET,SAIL YUVA,CHEVROLET SAIL,CHEVROLET SAIL
CHEVROLET SALES INDIA PVT LTD,CRUZE VCD LT BS IV,CHEVROLET,CRUZE VCD,CHEVROLET CRUZE,CHEVROLET CRUZE
CHEVROLET SALES INDIA PVT LTD,CHEV TAV NEO3 LS BS3 10 STR,CHEVROLET,CHEV TAV NEO3 3,CHEVROLET OTHER,CHEVROLET OTHER
CHEVROLET SALES INDIA PVT LTD,TAVERA B3,CHEVROLET,TAVERA B3,CHEVROLET TAVERA,CHEVROLET TAVERA
CHEVROLET SALES INDIA PVT LTD,CHEVROLET SAIL NB LS ABS,CHEVROLET,SAIL NB A,CHEVROLET SAIL,CHEVROLET SAIL
CHEVROLET SALES INDIA PVT LTD,BEAT CHEVEROLET,CHEVROLET,BEAT CHEVEROLET,CHEVROLET BEAT,CHEVROLET BEAT
CHEVROLET SALES INDIA PVT LTD,CHEVROLET ENJOY LS/8,CHEVROLET,ENJOY /8,CHEVROLET ENJOY,CHEVROLET ENJOY
CHEVROLET SALES INDIA PVT LTD,CRUZE 2.0 VCDI LTZ,CHEVROLET,CRUZE 2 0 VCDI,CHEVROLET CRUZE,CHEVROLET CRUZE
CHEVROLET SALES INDIA PVT LTD,TAVERA B3 10 BS2,CHEVROLET,TAVERA B3 10 2,CHEVROLET TAVERA,CHEVROLET TAVERA
CHEVROLET SALES INDIA PVT LTD,CHEVROLET ENJOY TCDI LTZ BSIV,CHEVROLET,ENJOY,CHEVROLET ENJOY,CHEVROLET ENJOY
CHEVROLET SALES INDIA PVT LTD,BEAT DSL 1.0 LS,CHEVROLET,BEAT DSL 1 0,CHEVROLET BEAT,CHEVROLET BEAT
CHEVROLET SALES INDIA PVT LTD,CHEVROLET TAVERA NE03 LT,CHEVROLET,TAVERA NE03,CHEVROLET TAVERA,CHEVROLET TAVERA
CHEVROLET SALES INDIA PVT LTD,BEAT 1.2LT BS 04 10,CHEVROLET,BEAT 1 2LT 04 10,CHEVROLET BEAT,CHEVROLET BEAT
CHEVROLET SALES INDIA PVT LTD,OPTRA 1.6 LS,CHEVROLET,OPTRA 1 6,CHEVROLET OPTRA,CHEVROLET OPTRA
CHEVROLET SALES INDIA PVT LTD,BEAT 1.0 PS TCDI,CHEVROLET,BEAT 1 0,CHEVROLET BEAT,CHEVROLET BEAT
CHEVROLET SALES INDIA PVT LTD,BEAT 1.0 LT TCDI BS04,CHEVROLET,BEAT 1 0 04,CHEVROLET BEAT,CHEVROLET BEAT
CHEVROLET SALES INDIA PVT LTD,CHEVROLET BEAT TCDI BS IV,CHEVROLET,BEAT,CHEVROLET BEAT,CHEVROLET BEAT
CHEVROLET SALES INDIA PVT LTD,TAVERA NEO 3 LT TCDI P9A BSI,CHEVROLET,TAVERA P9A I,CHEVROLET TAVERA,CHEVROLET TAVERA
CHEVROLET SALES INDIA PVT LTD,ENJOY 1.3 TCDI LTZ-7,CHEVROLET,ENJOY 1 3 -7,CHEVROLET ENJOY,CHEVROLET ENJOY
CHEVROLET SALES INDIA PVT LTD,BEAT 1.0 LS BSIV,CHEVROLET,BEAT 1 0,CHEVROLET BEAT,CHEVROLET BEAT
CHEVROLET SALES INDIA PVT LTD,BEAT LT TCDI,CHEVROLET,BEAT,CHEVROLET BEAT,CHEVROLET BEAT
CHEVROLET SALES INDIA PVT LTD,SAIL.,CHEVROLET,SAIL,CHEVROLET SAIL,CHEVROLET SAIL
CHEVROLET SALES INDIA PVT LTD,BEAT 1.2 LS BS 4,CHEVROLET,BEAT 1 2 4,CHEVROLET BEAT,CHEVROLET BEAT
CHEVROLET SALES INDIA PVT LTD,CHEVROLET SPARK LT BSIII,CHEVROLET,SPARK,CHEVROLET SPARK,CHEVROLET SPARK
CHEVROLET SALES INDIA PVT LTD,TAVERA LT L9 NEO 2 BS3,CHEVROLET,TAVERA L9 NEO 2 3,CHEVROLET TAVERA,CHEVROLET TAVERA
CHEVROLET SALES INDIA PVT LTD,CHEVROLET AVEO UVA LS,CHEVROLET,AVEO UVA,CHEVROLET AVEO,CHEVROLET AVEO
CHEVROLET SALES INDIA PVT LTD,ENJOY LS 8 STR DIESEL,CHEVROLET,ENJOY,CHEVROLET ENJOY,CHEVROLET ENJOY
CHEVROLET SALES INDIA PVT LTD,TAVERA B3 10,CHEVROLET,TAVERA B3 10,CHEVROLET TAVERA,CHEVROLET TAVERA
CHEVROLET SALES INDIA PVT LTD,OPTRA 1.6,CHEVROLET,OPTRA 1 6,CHEVROLET OPTRA,CHEVROLET OPTRA
CHEVROLET SALES INDIA PVT LTD,CHEVROLET ENJOY LS 8STR,CHEVROLET,ENJOY,CHEVROLET ENJOY,CHEVROLET ENJOY
CHEVROLET SALES INDIA PVT LTD,SAIL LT ABS TCDI,CHEVROLET,SAIL ATCDI,CHEVROLET SAIL,CHEVROLET SAIL
CHEVROLET SALES INDIA PVT LTD,TAVERA LS NEO3 BS3 10STR,CHEVROLET,TAVERA NEO3 3,CHEVROLET TAVERA,CHEVROLET TAVERA
CHEVROLET SALES INDIA PVT LTD,BEAT 1.0PS DSL,CHEVROLET,BEAT 1 0PS DSL,CHEVROLET BEAT,CHEVROLET BEAT
CHEVROLET SALES INDIA PVT LTD,CHEVROLET AVEO 1.4 LT,CHEVROLET,AVEO 1 4,CHEVROLET AVEO,CHEVROLET AVEO
CHEVROLET SALES INDIA PVT LTD,"CHEVROLET BEAT ""LT""",CHEVROLET,BEAT,CHEVROLET BEAT,CHEVROLET BEAT
CHEVROLET SALES INDIA PVT LTD,TAVERA NEO 3 MAX (10) EURO III,CHEVROLET,TAVERA MAX (10) EURO III,CHEVROLET TAVERA,CHEVROLET TAVERA
CHEVROLET SALES INDIA PVT LTD,MARUTI SWIFT LDI BS IV,CHEVROLET,MARUTI SWIFT LDI,CHEVROLET OTHER,CHEVROLET OTHER
CHEVROLET SALES INDIA PVT LTD,SPARK 1.0 LS  BSIV,CHEVROLET,SPARK 1 0,CHEVROLET SPARK,CHEVROLET SPARK
CHEVROLET SALES INDIA PVT LTD,BEAT,CHEVROLET,BEAT,CHEVROLET BEAT,CHEVROLET BEAT
CHEVROLET SALES INDIA PVT LTD,SWIFT DZIRE VDI (O) BS IV,CHEVROLET,SWIFT DZIRE VDI (O),CHEVROLET OTHER,CHEVROLET OTHER
CHEVROLET SALES INDIA PVT LTD,ENJOY LS,CHEVROLET,ENJOY,CHEVROLET ENJOY,CHEVROLET ENJOY
CHEVROLET SALES INDIA PVT LTD,CHEVROLET BEAT 1.2 LS BS IV,CHEVROLET,BEAT 1 2,CHEVROLET BEAT,CHEVROLET BEAT
CHEVROLET SALES INDIA PVT LTD,SAIL 1.3LS TCDI ABS,CHEVROLET,SAIL 1 3LS A,CHEVROLET SAIL,CHEVROLET SAIL
CHEVROLET SALES INDIA PVT LTD,CHEVROLET BEAT 1.0LT TCDI BS04,CHEVROLET,BEAT 1 0LT 04,CHEVROLET BEAT,CHEVROLET BEAT
CHEVROLET SALES INDIA PVT LTD,TAVERA NEO3 LT,CHEVROLET,TAVERA,CHEVROLET TAVERA,CHEVROLET TAVERA
CHEVROLET SALES INDIA PVT LTD,CHEVROLET CRUZE VCDI AT LTZ,CHEVROLET,CRUZE VCDI AT,CHEVROLET CRUZE,CHEVROLET CRUZE
CHEVROLET SALES INDIA PVT LTD,AVEO 1.4 LS,CHEVROLET,AVEO 1 4,CHEVROLET AVEO,CHEVROLET AVEO
CHEVROLET SALES INDIA PVT LTD,ALTO 800 LXI,CHEVROLET,ALTO 800 LXI,CHEVROLET OTHER,CHEVROLET OTHER
CHEVROLET SALES INDIA PVT LTD,TAVERA NEO3  TCDI (BSIV),CHEVROLET,TAVERA (),CHEVROLET TAVERA,CHEVROLET TAVERA
CHEVROLET SALES INDIA PVT LTD,CHEVROLET BEAT BS4,CHEVROLET,BEAT 4,CHEVROLET BEAT,CHEVROLET BEAT
CHEVROLET SALES INDIA PVT LTD,CHEVROLET ENJOY LSDI,CHEVROLET,ENJOY LSDI,CHEVROLET ENJOY,CHEVROLET ENJOY
CHEVROLET SALES INDIA PVT LTD,TRAVERA NEO3 LS10 BS3,CHEVROLET,TRAVERA NEO3 LS10 3,CHEVROLET TAVERA,CHEVROLET TAVERA
CHEVROLET SALES INDIA PVT LTD,CHEVROLET BEAT PS,CHEVROLET,BEAT,CHEVROLET BEAT,CHEVROLET BEAT
CHEVROLET SALES INDIA PVT LTD,CHEVROLET SAIL U VA LS TCDI,CHEVROLET,SAIL UVA,CHEVROLET SAIL,CHEVROLET SAIL
CHEVROLET SALES INDIA PVT LTD,BEAT DEISEL PS,CHEVROLET,BEAT DEISEL,CHEVROLET BEAT,CHEVROLET BEAT
CHEVROLET SALES INDIA PVT LTD,"CHEVROLET SALES INDIA PVT LTD, SAIL",CHEVROLET,SAIL,CHEVROLET SAIL,CHEVROLET SAIL
CHEVROLET SALES INDIA PVT LTD,CHEVROLET BEAT 1.2 E4,CHEVROLET,BEAT 1 2 E4,CHEVROLET BEAT,CHEVROLET BEAT
CHEVROLET SALES INDIA PVT LTD,CHEVROLET BEAT 1.0 LS TCDIBSIV,CHEVROLET,BEAT 1 0,CHEVROLET BEAT,CHEVROLET BEAT
CHEVROLET SALES INDIA PVT LTD,CAPTIVA 2.0 LTZ,CHEVROLET,CAPTIVA 2 0,CHEVROLET CAPTIVA,CHEVROLET CAPTIVA
CHEVROLET SALES INDIA PVT LTD,CHEVROLET BEAT TCDI LT BS4,CHEVROLET,BEAT 4,CHEVROLET BEAT,CHEVROLET BEAT
CHEVROLET SALES INDIA PVT LTD,CHEVROLET AVEO UVA,CHEVROLET,AVEO UVA,CHEVROLET AVEO,CHEVROLET AVEO
CHEVROLET SALES INDIA PVT LTD,CHEVROLET TAVERA B1S6,CHEVROLET,TAVERA B1S6,CHEVROLET TAVERA,CHEVROLET TAVERA
CHEVROLET SALES INDIA PVT LTD,TAVERA NEO3 LS 10 STR,CHEVROLET,TAVERA,CHEVROLET TAVERA,CHEVROLET TAVERA
CHEVROLET SALES INDIA PVT LTD,SAIL LS ABS TCDI BS4,CHEVROLET,SAIL ATCDI 4,CHEVROLET SAIL,CHEVROLET SAIL
CHEVROLET SALES INDIA PVT LTD,TAVERA NEO3,CHEVROLET,TAVERA,CHEVROLET TAVERA,CHEVROLET TAVERA
CHEVROLET SALES INDIA PVT LTD,BEAT 1.0 PS DIESEL,CHEVROLET,BEAT 1 0,CHEVROLET BEAT,CHEVROLET BEAT
CHEVROLET SALES INDIA PVT LTD,CAPTIVA 2.0 XT,CHEVROLET,CAPTIVA 2 0 XT,CHEVROLET CAPTIVA,CHEVROLET CAPTIVA
CHEVROLET SALES INDIA PVT LTD,SAIL U VA TCDI BS4,CHEVROLET,SAIL UVA 4,CHEVROLET SAIL,CHEVROLET SAIL
CHEVROLET SALES INDIA PVT LTD,CHEVROLET SAIL BSIII,CHEVROLET,SAIL,CHEVROLET SAIL,CHEVROLET SAIL
CHEVROLET SALES INDIA PVT LTD,CHEVROLET TAVERA NEO3 BSIII,CHEVROLET,TAVERA,CHEVROLET TAVERA,CHEVROLET TAVERA
CHEVROLET SALES INDIA PVT LTD,BEAT 1.2 LS,CHEVROLET,BEAT 1 2,CHEVROLET BEAT,CHEVROLET BEAT
CHEVROLET SALES INDIA PVT LTD,TAVERA B2 10BS3 BG,CHEVROLET,TAVERA B2 103 BG,CHEVROLET TAVERA,CHEVROLET TAVERA
CHEVROLET SALES INDIA PVT LTD,TAVERA LS,CHEVROLET,TAVERA,CHEVROLET TAVERA,CHEVROLET TAVERA
CHEVROLET SALES INDIA PVT LTD,C TAVERA (MIOA BS3),CHEVROLET,C TAVERA (MIOA 3),CHEVROLET TAVERA,CHEVROLET TAVERA
CHEVROLET SALES INDIA PVT LTD,CHEVROLET TAVERA B3,CHEVROLET,TAVERA B3,CHEVROLET TAVERA,CHEVROLET TAVERA
CHEVROLET SALES INDIA PVT LTD,CHEVROLET ENJOY,CHEVROLET,ENJOY,CHEVROLET ENJOY,CHEVROLET ENJOY
CHEVROLET SALES INDIA PVT LTD,CHEVROLET BETA LS BS IV,CHEVROLET,BETA,CHEVROLET BEAT,CHEVROLET BEAT
CHEVROLET SALES INDIA PVT LTD,CHEVROLET OPTRA 2.0 TCDI,CHEVROLET,OPTRA 2 0,CHEVROLET OPTRA,CHEVROLET OPTRA
CHEVROLET SALES INDIA PVT LTD,CHEVROLET CRUZE LTZ DIE(MT),CHEVROLET,CRUZE DIE(MT),CHEVROLET CRUZE,CHEVROLET CRUZE
CHEVROLET SALES INDIA PVT LTD,ENJOY 1.3 LTZ TCDI,CHEVROLET,ENJOY 1 3,CHEVROLET ENJOY,CHEVROLET ENJOY
CHEVROLET SALES INDIA PVT LTD,AVEO UVA,CHEVROLET,AVEO UVA,CHEVROLET AVEO,CHEVROLET AVEO
CHEVROLET SALES INDIA PVT LTD,SPARK BS-4,CHEVROLET,SPARK -4,CHEVROLET SPARK,CHEVROLET SPARK
CHEVROLET SALES INDIA PVT LTD,BEAT DIESEL,CHEVROLET,BEAT,CHEVROLET BEAT,CHEVROLET BEAT
CHEVROLET SALES INDIA PVT LTD,BEAT.,CHEVROLET,BEAT,CHEVROLET BEAT,CHEVROLET BEAT
CHEVROLET SALES INDIA PVT LTD,CHEVROLET BEAT LS,CHEVROLET,BEAT,CHEVROLET BEAT,CHEVROLET BEAT
CHEVROLET SALES INDIA PVT LTD,CRUZE 2.0 LTZ BSIV,CHEVROLET,CRUZE 2 0,CHEVROLET CRUZE,CHEVROLET CRUZE
CHEVROLET SALES INDIA PVT LTD,CHEVROLET BEAT LT BS4,CHEVROLET,BEAT 4,CHEVROLET BEAT,CHEVROLET BEAT
CHEVROLET SALES INDIA PVT LTD,CRUZE 2.0 VCD AT LTZ BS4,CHEVROLET,CRUZE 2 0 VCD AT 4,CHEVROLET CRUZE,CHEVROLET CRUZE
CHEVROLET SALES INDIA PVT LTD,TAVERA B.3,CHEVROLET,TAVERA B 3,CHEVROLET TAVERA,CHEVROLET TAVERA
CHEVROLET SALES INDIA PVT LTD,TAVERA NEO3 LS P10A-BSIII,CHEVROLET,TAVERA P10A-,CHEVROLET TAVERA,CHEVROLET TAVERA
CHEVROLET SALES INDIA PVT LTD,MARUTI SWIFT DZIRE LXI BS IV,CHEVROLET,MARUTI SWIFT DZIRE LXI,CHEVROLET OTHER,CHEVROLET OTHER
CHEVROLET SALES INDIA PVT LTD,TAVERA NEO 2 B3 7ST,CHEVROLET,TAVERA2 B3 7ST,CHEVROLET TAVERA,CHEVROLET TAVERA
CHEVROLET SALES INDIA PVT LTD,SPARK 1.0 LT BS IV,CHEVROLET,SPARK 1 0,CHEVROLET SPARK,CHEVROLET SPARK
CHEVROLET SALES INDIA PVT LTD,MARUTI CELERIO LXI,CHEVROLET,MARUTI CELERIO LXI,CHEVROLET OTHER,CHEVROLET OTHER
CHEVROLET SALES INDIA PVT LTD,MARUTI IGNIS DELTA,CHEVROLET,MARUTI IGNIS DELTA,CHEVROLET OTHER,CHEVROLET OTHER
CHEVROLET SALES INDIA PVT LTD,CAPTIVA 2.0 LT,CHEVROLET,CAPTIVA 2 0,CHEVROLET CAPTIVA,CHEVROLET CAPTIVA
CHEVROLET SALES INDIA PVT LTD,BEAT 1.2 LT BS 04,CHEVROLET,BEAT 1 2 04,CHEVROLET BEAT,CHEVROLET BEAT
CHEVROLET SALES INDIA PVT LTD,BEAT 1.0LS,CHEVROLET,BEAT 1 0LS,CHEVROLET BEAT,CHEVROLET BEAT
CHEVROLET SALES INDIA PVT LTD,CHEVROLET SPARK LS BEIGE,CHEVROLET,SPARK BEIGE,CHEVROLET SPARK,CHEVROLET SPARK
CHEVROLET SALES INDIA PVT LTD,AVEO  1.4 LS,CHEVROLET,AVEO 1 4,CHEVROLET AVEO,CHEVROLET AVEO
CHEVROLET SALES INDIA PVT LTD,SPARK LT BS-4,CHEVROLET,SPARK -4,CHEVROLET SPARK,CHEVROLET SPARK
CHEVROLET SALES INDIA PVT LTD,SAIL 1.3 LS TCDI,CHEVROLET,SAIL 1 3,CHEVROLET SAIL,CHEVROLET SAIL
CHEVROLET SALES INDIA PVT LTD,CHEVROLET SAIL U VA LT ABS,CHEVROLET,SAIL UVA A,CHEVROLET SAIL,CHEVROLET SAIL
CHEVROLET SALES INDIA PVT LTD,CRUZE VCDI LTZ BSIV,CHEVROLET,CRUZE VCDI,CHEVROLET CRUZE,CHEVROLET CRUZE
CHEVROLET SALES INDIA PVT LTD,ENJOY 1.3 TCDI LS-7,CHEVROLET,ENJOY 1 3 -7,CHEVROLET ENJOY,CHEVROLET ENJOY
CHEVROLET SALES INDIA PVT LTD,TAVERAB1 6,CHEVROLET,TAVERAB1 6,CHEVROLET TAVERA,CHEVROLET TAVERA
CHEVROLET SALES INDIA PVT LTD,CHEVROLET SAIL PS,CHEVROLET,SAIL,CHEVROLET SAIL,CHEVROLET SAIL
CHEVROLET SALES INDIA PVT LTD,AVEO LT,CHEVROLET,AVEO,CHEVROLET AVEO,CHEVROLET AVEO
CHEVROLET SALES INDIA PVT LTD,MARUTI CIAZ SHVS ZDI PLUS,CHEVROLET,MARUTI CIAZ SHVS ZDI PLUS,CHEVROLET OTHER,CHEVROLET OTHER
CHEVROLET SALES INDIA PVT LTD,CHEVROLET BEAT 1.2 LT,CHEVROLET,BEAT 1 2,CHEVROLET BEAT,CHEVROLET BEAT
CHEVROLET SALES INDIA PVT LTD,CHEVROLET TAVERA NEO 3 LS,CHEVROLET,TAVERA,CHEVROLET TAVERA,CHEVROLET TAVERA
CHEVROLET SALES INDIA PVT LTD,BEAT TCDI LS BS IV,CHEVROLET,BEAT,CHEVROLET BEAT,CHEVROLET BEAT
CHEVROLET SALES INDIA PVT LTD,CHERVOLET TAVERA SSDI 7 EURO 3,CHEVROLET,CHERVOLET TAVERA SSDI 7 EURO 3,CHEVROLET TAVERA,CHEVROLET TAVERA
CHEVROLET SALES INDIA PVT LTD,CHEVOLET TAVARA,CHEVROLET,CHEVOLET TAVARA,CHEVROLET TAVERA,CHEVROLET TAVERA
CHEVROLET SALES INDIA PVT LTD,TAVERA P 10 A,CHEVROLET,TAVERA P 10 A,CHEVROLET TAVERA,CHEVROLET TAVERA
CHEVROLET SALES INDIA PVT LTD,CRUZE 2.0 VCD AT LTZ BS 4,CHEVROLET,CRUZE 2 0 VCD AT 4,CHEVROLET CRUZE,CHEVROLET CRUZE
CHEVROLET SALES INDIA PVT LTD,C SPARK,CHEVROLET,C SPARK,CHEVROLET SPARK,CHEVROLET SPARK
CHEVROLET SALES INDIA PVT LTD,BEAT (BASE),CHEVROLET,BEAT (),CHEVROLET BEAT,CHEVROLET BEAT
CHEVROLET SALES INDIA PVT LTD,SAIL U VA 1.2 LS,CHEVROLET,SAIL UVA 1 2,CHEVROLET SAIL,CHEVROLET SAIL
CHEVROLET SALES INDIA PVT LTD,CRUZE 2.0 LT,CHEVROLET,CRUZE 2 0,CHEVROLET CRUZE,CHEVROLET CRUZE
CHEVROLET SALES INDIA PVT LTD,CHEVROLET SPARK 1.0LT,CHEVROLET,SPARK 1 0LT,CHEVROLET SPARK,CHEVROLET SPARK
CHEVROLET SALES INDIA PVT LTD,BEAT LS TCDI BSIV,CHEVROLET,BEAT,CHEVROLET BEAT,CHEVROLET BEAT
CHEVROLET SALES INDIA PVT LTD,CHEVROLET TAVERA (P10A),CHEVROLET,TAVERA (P10A),CHEVROLET TAVERA,CHEVROLET TAVERA
CHEVROLET SALES INDIA PVT LTD,CHEVROLET AVEO,CHEVROLET,AVEO,CHEVROLET AVEO,CHEVROLET AVEO
CHEVROLET SALES INDIA PVT LTD,CHEVROLET BEAT LT TCDI,CHEVROLET,BEAT,CHEVROLET BEAT,CHEVROLET BEAT
CHEVROLET SALES INDIA PVT LTD,CHEVROLET BEAT LS TCDI BSIV,CHEVROLET,BEAT,CHEVROLET BEAT,CHEVROLET BEAT
CHEVROLET SALES INDIA PVT LTD,SAIL LT ABS,CHEVROLET,SAIL A,CHEVROLET SAIL,CHEVROLET SAIL
CHEVROLET SALES INDIA PVT LTD,VITARA BREZZA ZDI PLUS,CHEVROLET,VITARA BREZZA ZDI PLUS,CHEVROLET OTHER,CHEVROLET OTHER
CHEVROLET SALES INDIA PVT LTD,"CHEVROLET SALES INDIA PVT LTD, TAVERA NEO3",CHEVROLET,TAVERA,CHEVROLET TAVERA,CHEVROLET TAVERA
CHEVROLET SALES INDIA PVT LTD,CHEVROLET CRUZE 2.0 LTZ,CHEVROLET,CRUZE 2 0,CHEVROLET CRUZE,CHEVROLET CRUZE
CHEVROLET SALES INDIA PVT LTD,AVEO U VA,CHEVROLET,AVEO U VA,CHEVROLET AVEO,CHEVROLET AVEO
CHEVROLET SALES INDIA PVT LTD,BEAT P S,CHEVROLET,BEAT P S,CHEVROLET BEAT,CHEVROLET BEAT
CHEVROLET SALES INDIA PVT LTD,BEAT 1.0 LS TCDI B4,CHEVROLET,BEAT 1 0 B4,CHEVROLET BEAT,CHEVROLET BEAT
CHEVROLET SALES INDIA PVT LTD,MARUTI EECO 5 STR,CHEVROLET,MARUTI EECO,CHEVROLET OTHER,CHEVROLET OTHER
CHEVROLET SALES INDIA PVT LTD,SPARK  LT,CHEVROLET,SPARK,CHEVROLET SPARK,CHEVROLET SPARK
CHEVROLET SALES INDIA PVT LTD,TAVERA B1 10,CHEVROLET,TAVERA B1 10,CHEVROLET TAVERA,CHEVROLET TAVERA
CHEVROLET SALES INDIA PVT LTD,CHEVROLET SILVERADO 2500HD,CHEVROLET,SILVERADO 2500HD,CHEVROLET SAIL,CHEVROLET SAIL
CHEVROLET SALES INDIA PVT LTD,ENJOY 1.4 LS,CHEVROLET,ENJOY 1 4,CHEVROLET ENJOY,CHEVROLET ENJOY
CHEVROLET SALES INDIA PVT LTD,CHEROLET BEAT1.2LT,CHEVROLET,CHEROLET BEAT1 2LT,CHEVROLET BEAT,CHEVROLET BEAT
CHEVROLET SALES INDIA PVT LTD,SPARK PS,CHEVROLET,SPARK,CHEVROLET SPARK,CHEVROLET SPARK
