clean_model,extracted_model
BHRATBENZ3128C8X45175WB,DAIMLER OTHER
BHARATBENZ 3128CM-4 8X4 18CU,BHARATBENZ 3128R 8X4
2523R 6X2 6375 WB,BHARATBENZ 2523R 6X2
MERCEDES-BENZ ML 350 CDI,MERCEDES-BENZ ML350
BHARATBENZ 1217C,BHARATBENZ 1217R
BHARATBENZ 3123R 8X2,BHARATBENZ 3123R 8X2
BHARATBENZ1214R,BHARATBENZ OTHER
BHARATBENZ 1215R N2,BHARATBENZ 1215R
BHARATBENZ 1617R 4X2 SLE,BHARATBENZ 1617R 4X2
BHARATBENZ 2826C 6X4BSVI N3G-4,BHARATBENZ 2826R 6X4
BHARATBENZ 3128CM 8X4,BHARATBENZ 3128R 8X4
BHARATBENZ 4023 T,BHARATBENZ 4023R
2528C 6X4 BS3,BHARATBENZ 2528C 6X4
BHARATBENZ 1417R,BHARATBENZ 1417R
BHARATBENZ 1215R,BHARATBENZ 1215R
2523 C,DAIMLER OTHER
ML350 CDI,MERCEDES-BENZ ML350
BHARATBENZ OF 914 BUS-2,BHARATBENZ OTHER
BHARATBENZ 1217RE,BHARATBENZ 1217R
BHARATBENZ 1214R -50,BHARATBENZ 1214R
BHARATBENZ 2828C 6X4,BHARATBENZ 2828R 6X4
OTHER,DAIMLER OTHER
BHARATBENZ 3523R 8X2-16,BHARATBENZ 3523R 8X2
BHARATBENZ 1617 R 4X2,BHARATBENZ 1617R 4X2
BHARATBENZ 1014R,BHARATBENZ 1014R
BHARATBENZ 5532TT 4X2 -14,BHARATBENZ 5532R 4X2
BHARATBENZ 3128C 8X4,BHARATBENZ 3128R 8X4
CANTER 914,DAIMLER OTHER
BENZ 1623C,BHARATBENZ 1623C
BHARATBENZ 4828R 10X2,BHARATBENZ 4828R 10X2
BHARATBENZ 3732R 10X2-9,BHARATBENZ 3732R 10X2
BHARATBENZ 2828C 6X4 -26,BHARATBENZ 2828R 6X4
MER. BENZ W/V 221 S 500 L,DAIMLER OTHER
BHARATBENZ 1214R -20,BHARATBENZ 1214R
BHARATBENZ 4023TT,BHARATBENZ 4023R
C 200 CBU,DAIMLER OTHER
BHARATBENZ 1014R 1 C C,BHARATBENZ 1014R
MERCEDES-BENZ A180CDI,DAIMLER OTHER
BHARATBENZ 4928TT 6X4,BHARATBENZ 4928R 6X4
BHARATBENZ 2523CC,BHARATBENZ 2523R
W164ML350CDI AT BS4MUA IMORTED,MERCEDES-BENZ ML350
CHEVROLET TAVERA,DAIMLER OTHER
BHARATBENZ 1214R 11,BHARATBENZ 1214R
BHARARBENZ 1417R,BHARATBENZ 1417R
BHARATBENZ 3723R,BHARATBENZ 3723R
BHARATBENZ3128 CM8X4 BS3,BHARATBENZ OTHER
BHARATBENZ 1917R,BHARATBENZ 1917R
BHARATBENZ 1215R,BHARATBENZ 1215R
BHARATBENZ 3128C 8X4 -1,BHARATBENZ 3128R 8X4
BHARATBENZ 4928,BHARATBENZ 4928R
3123R 8X2 5775 SLC CHS RT AW,BHARATBENZ 3123R 8X2
BHARAT BANZ,DAIMLER OTHER
MERCEDES-AMG SLC 43,DAIMLER OTHER
MERCEDES-BENZ B180 CDI,DAIMLER OTHER
BHARATBENZ 1917R,BHARATBENZ 1917R
BHARATBENZ 1117R 4X2,BHARATBENZ 1117R 4X2
BHARATBENZ 3128C 8 4,BHARATBENZ 3128R
BHARATBENZ 3528C 8X4BSIV N3G-5,BHARATBENZ 3528R 8X4
BHARATBENZ 2523C 6X4,BHARATBENZ 2523R 6X4
BHARATBENZ 2523R 6X2 - 12 FSD,BHARATBENZ 2523R 6X2
BHARATBENZ 4228R 10X2,BHARATBENZ 4228R 10X2
BHARATBENZ OF 1017 BUS,BHARATBENZ 1017R
BHARATBENZ 1214R 51,BHARATBENZ 1214R
BHARATBENZ 4828R 10X2,BHARATBENZ 4828R 10X2
BHARATBENZ 1215R,BHARATBENZ 1215R
BHARATBENZ 1617R 5100MMWB,BHARATBENZ 1617R
BHARATBENZ 2826C 6X4 N3G-1 -PH2,BHARATBENZ 2826R 6X4
BHARATBENZ 2523C 6X4BSIVN3G-2,BHARATBENZ 2523R 6X4
BHARATBENZ 914R 4X2,BHARATBENZ OTHER
BHARATBENZ 1617R BS 4 HGV OPE,BHARATBENZ 1617R
BHARATBENZ 3128C 84 5175 WB BS,BHARATBENZ 3128R
BHARATBENZ 914 R,BHARATBENZ OTHER
BAHARATBENZ 3143CM,BHARATBENZ 3143R
BHARATBENZ 914R 4X2 4800WB,BHARATBENZ OTHER
BHARATBENZ 1617R -2,BHARATBENZ 1617R
2523R,BHARATBENZ 2523R
MERCEDES-BENZ S320CDIL,DAIMLER OTHER
BHARATBENZ OF1017 BUS -85,BHARATBENZ OTHER
BHARATBENZ 1617R,BHARATBENZ 1617R
MARCEDES BENZ E200K,DAIMLER OTHER
1,DAIMLER OTHER
GLE 450 AMG 4MATIC COUPE,DAIMLER OTHER
BHARATBENZ 2828C 6X4 -12,BHARATBENZ 2828R 6X4
BHARATBENZ 5532TT 6X4 -1,BHARATBENZ 5532R 6X4
BHARATBENZ 1926C 4X2,BHARATBENZ 1926R 4X2
BHARATBENZ 4023T 4X2,BHARATBENZ 4023R 4X2
MERCEDES-BENZ E 220,DAIMLER OTHER
MERCEDES-BENZ A 180 CDI,DAIMLER OTHER
BHARATBENZ 1214R 9 DSD,BHARATBENZ 1214R
BHARATBENZ 3123R 8X2 -1,BHARATBENZ 3123R 8X2
BHARATBENZ 917 5300MM W,BHARATBENZ OTHER
TRUCK,DAIMLER OTHER
BHARATBENZ 2823R 6X2,BHARATBENZ 2823R 6X2
MERCEDES-BENZ CLA 200,DAIMLER OTHER
BHARATBENZ 1014R,BHARATBENZ 1014R
BHARATBENZ 914R,BHARATBENZ OTHER
BHARATBENZ 2828C6X4 BSVIN3G-20,BHARATBENZ 2828R 6X4
BHARATBENZ 1015R,BHARATBENZ 1015R
MERCEDES-BENZ C 220 CDI,DAIMLER OTHER
BHARATBENZ 1214R-11,BHARATBENZ 1214R
CLA 200 CDI,DAIMLER OTHER
BHARATBENZ 3123R 8X25575BSIII,BHARATBENZ 3123R 8X25575
BHARATBENZ 3528C 8X4 -2,BHARATBENZ 3528R 8X4
BHARATBENZ 2523R 6X2,BHARATBENZ 2523R 6X2
BHARATBENZ 3528C 8X4-10 -PH2,BHARATBENZ 3528R 8X4
BENZ 2523R 6X2 5175WB,BHARATBENZ 2523R 6X2
BHARATBENZ 1014R,BHARATBENZ 1014R
BHARATBENZ 4028TT 4X2 -7,BHARATBENZ 4028R 4X2
BHARATBENZ 1415R,BHARATBENZ 1415R
BHARATBENZ 2828C 6X4-27,BHARATBENZ 2828R 6X4
BHARATBENZ 2523C 1,BHARATBENZ 2523R
BHARATBENZ 3528C 8X4 -2,BHARATBENZ 3528R 8X4
BHARATBENZ 1214R 4*2,BHARATBENZ 1214R
BHARATBENZ 1617R 2,BHARATBENZ 1617R
BHARATBENZ,BHARATBENZ OTHER
2523 C 6*4 4275 WB,DAIMLER OTHER
BHARATBENZ 1617R BS 111,BHARATBENZ 1617R
BHARATBENZ 914R,BHARATBENZ OTHER
3123 R,DAIMLER OTHER
BHARATBENZ 1117R 4X2,BHARATBENZ 1117R 4X2
BHARATBENZ 1015R-3,BHARATBENZ 1015R
BHARATBENZ 1214R N2-18,BHARATBENZ 1214R
BHARATBENZ 3528C 8X4-2 -PH,BHARATBENZ 3528R 8X4
BHARATHBENZ 3723R 10X4,BHARATBENZ 3723R 10X4
BHARATBENZ,BHARATBENZ OTHER
BHARATBENZ 1617 R,BHARATBENZ 1617R
MERCEDES-BENZ S 350 L,DAIMLER OTHER
GLE250 D 4 MATIC,DAIMLER OTHER
BHARATBENZ 1617R -1,BHARATBENZ 1617R
BHARATBENZ 2523C 6X4 4275 WB B,BHARATBENZ 2523R 6X4
BHARATH BENZ 4023,DAIMLER OTHER
BHARATBENZ 1014RBS IV,BHARATBENZ 1014R
BHARATBENZ 1214R 4250WB,BHARATBENZ 1214R
BHARATBENZ 2523R,BHARATBENZ 2523R
MERCEDES-BENZ S320 CDIL,DAIMLER OTHER
BHARATBENZ 914R 4X2,BHARATBENZ OTHER
BHARATBENZ 1623 BUS,BHARATBENZ 1623R
BHARATBENZ 1015R,BHARATBENZ 1015R
B 3123R 8X2 5775 WB,BHARATBENZ 3123R 8X2
BHARATBENZ 1117R 4X2,BHARATBENZ 1117R 4X2
BHARATBENZ 4023T,BHARATBENZ 4023R
BHARATBENZ 1617R 10 CABC,BHARATBENZ 1617R
BAHARATBENZ 2528C N3G,BHARATBENZ 2528R
BAHARATBENZ2523R6X2FSDLB2BSI,DAIMLER OTHER
BHARATBENZ 2828C 6X4-39 -P,BHARATBENZ 2828R 6X4
BHARATBENZ 1214R 4 2 4250,BHARATBENZ 1214R
BHARATBENZ 2823R 6X2 -13,BHARATBENZ 2823R 6X2
BHARATBENZ 914R-1 4X2,BHARATBENZ OTHER
2528C 6X4 4275 DYC 14SCRXHYH M,BHARATBENZ 2528R 6X4
BHARATBENZ 1214R,BHARATBENZ 1214R
BHARATBENZ 4023TT 4X2N3-1,BHARATBENZ 4023R 4X2
A 180,DAIMLER OTHER
BHARATBENZ 2832CM 6X4,BHARATBENZ 2832R 6X4
3123R 8X2 5775 WB,BHARATBENZ 3123R 8X2
BHARATBENZ 1926C 4X2-2,BHARATBENZ 1926R 4X2
BHARATBENZ 4928T,BHARATBENZ 4928R
BHARATBENZ OF 1017 BUS -43,BHARATBENZ 1017R
MERCEDES-AMG C 43 4 MATIC,DAIMLER OTHER
BHARATBENZ 1617R,BHARATBENZ 1617R
BHARATBENZ 1015R,BHARATBENZ 1015R
B BENZ 25223R 517WB,DAIMLER OTHER
BHARATBENZ 1015R,BHARATBENZ 1015R
BHARATBENZ 2523C 6X4,BHARATBENZ 2523R 6X4
BHARATBENZ 3723,BHARATBENZ 3723R
BHARATBENZ 2523C 1,BHARATBENZ 2523R
BHARATBENZ 917 BUS-10,BHARATBENZ OTHER
BENZ S500,DAIMLER OTHER
BHARATBENZ 2523,BHARATBENZ 2523R
MERCRDES BENZ,DAIMLER OTHER
BHARATBENZ 1214R4X2,BHARATBENZ 1214R 4X2
MERCEDEZE BENZ CAR,DAIMLER OTHER
B180,DAIMLER OTHER
BHARATBENZ 5428TT 4X2 -5,BHARATBENZ 5428R 4X2
BHARATBENZ 1414R,BHARATBENZ 1414R
BHARATBENZ 917,BHARATBENZ OTHER
MERCDES BENZ E-200,DAIMLER OTHER
BHARATBENZ 1214R 4X2 3760 B3,BHARATBENZ 1214R 4X2
BHARATBENZ 4023T WB,BHARATBENZ 4023R
C-219,DAIMLER OTHER
BHARATBENZ 914R-6 HSD LOAD BO,BHARATBENZ OTHER
BHARATBENZ 2523 HGV,BHARATBENZ 2523R
BHARATBENZ 4023TT 4X2,BHARATBENZ 4023R 4X2
BHARATBENZ 3123R,BHARATBENZ 3123R
BHARATBENZ 1214R 42 3760 BS II,BHARATBENZ 1214R
MERCEDEZ BENZ,DAIMLER OTHER
BHARATBENZ 1617R 4X2 5100,BHARATBENZ 1617R 4X2
BHARATBENZ 914 BUS-2,BHARATBENZ OTHER
BHARATBENZ 1217C 1,BHARATBENZ 1217R
BHARATBENZ 1214R 4X2 BS3,BHARATBENZ 1214R 4X2
2523R 6X2 5175WB,BHARATBENZ 2523R 6X2
BHARATBENZ 3128C 8X4,BHARATBENZ 3128R 8X4
BHARATBENZ 1415R,BHARATBENZ 1415R
BHARATBENZ 914R 1,BHARATBENZ OTHER
BHARATBENZ 5528TT 6X4,BHARATBENZ 5528R 6X4
BHARATBENZ 2523C 6X4-2,BHARATBENZ 2523R 6X4
BHARATBENZ 2523R 6X2 1,BHARATBENZ 2523R 6X2
BHARATBENZ 1214 R,BHARATBENZ 1214R
GLC 220D 4MATIC,DAIMLER OTHER
B B 2523C 6 4 4275WB,BHARATBENZ 2523C
BHARATBENZ 3523R 8X2N3-10,BHARATBENZ 3523R 8X2
BHARATBENZ OF1017 BUS- 87,BHARATBENZ OTHER
BENZ E 280 CDI,DAIMLER OTHER
BHARATBENZ 1214R,BHARATBENZ 1214R
BHARATBENZ 3128C 8X4BSIV N3G-5,BHARATBENZ 3128R 8X4
MERCEDES-BENZ,DAIMLER OTHER
BHARATBENZ 2523C,BHARATBENZ 2523R
BHARATBENZ 914 BUS,BHARATBENZ OTHER
BHARATBENZ 2523R 6X2,BHARATBENZ 2523R 6X2
BHARATBENZ 1217RE,BHARATBENZ 1217R
BHARATBENZ 2523 6X2 5175,BHARATBENZ 2523R 6X2
BHARATBENZ 3123R 8*2,BHARATBENZ 3123R
BHARATBENZ OF1624 BUS,BHARATBENZ OTHER
BHARATBENZ 2523C 6X4,BHARATBENZ 2523R 6X4
BHARATBENZ2523R 6*2 5175WB BS3,BHARATBENZ OTHER
BHARATBENZ 1214R -4,BHARATBENZ 1214R
W211-E280 CDI WITH A T,DAIMLER OTHER
BENZ B180 CDI,DAIMLER OTHER
OTHERS,DAIMLER OTHER
BHARATBENZ 2528C,BHARATBENZ 2528R
BHARATBENZ 1617R - 1,BHARATBENZ 1617R
BHARATBENZ 1217R N2,BHARATBENZ 1217R
BHARATBENZ 4232R 10X2,BHARATBENZ 4232R 10X2
HGV BHARATBENZ 2523R 5175WB,BHARATBENZ 2523R
BHARATBENZ 914R 4*2,BHARATBENZ OTHER
BENZ 2523C 64 4275 WB BS4,BHARATBENZ 2523C
BHARATBENZ 1214R-9,BHARATBENZ 1214R
BHARATBENZ 1917R,BHARATBENZ 1917R
BENZ 2523R 6X2 5175 WB BS3,BHARATBENZ 2523R 6X2
BHARATBENZ 3123R 8X2,BHARATBENZ 3123R 8X2
BHARATBENZ 914R,BHARATBENZ OTHER
BHARATBENZ 3128C 8X4,BHARATBENZ 3128R 8X4
BHARATBENZ 1623BSIV CHASSIS-20,BHARATBENZ 1623R
BHARATBENZ 3123R 8X2 -2 N3,BHARATBENZ 3123R 8X2
BHARATBENZ 1214R - 14 HSD LOA,BHARATBENZ 1214R
GLA200 CDI,DAIMLER OTHER
MERCEDES BRNZ C,DAIMLER OTHER
BHARATBENZ 2523C 6 4,BHARATBENZ 2523R
BHARATBENZ 914R-4,BHARATBENZ OTHER
BHARATBENZ 3528CM 8X4-6,BHARATBENZ 3528R 8X4
BHARATBENZ 2823R 6X2-14,BHARATBENZ 2823R 6X2
BHARATBENZ 1214R-10,BHARATBENZ 1214R
BHARATBENZ 3123R,BHARATBENZ 3123R
MERCEDES-BENZ C200 K,DAIMLER OTHER
BHARATBENZ 1214R -5,BHARATBENZ 1214R
W 211 E 280 CDI,DAIMLER OTHER
BHARATBENZ 2523C 6*4 BS4,BHARATBENZ 2523R
2523R 6X2 5175 WB,BHARATBENZ 2523R 6X2
BHARATBENZ 4023TT 4X2 N3,BHARATBENZ 4023R 4X2
BHARATBENZ 3123R 8X2 BS3,BHARATBENZ 3123R 8X2
BHARATBENZ 2523C 6X4,BHARATBENZ 2523R 6X4
MERCEDES AMG C 43 4MATIC,DAIMLER OTHER
BHARATBENZ 914R 4X2,BHARATBENZ OTHER
BHARATBENZ 2523C 6X4 N3 - 2 BS,BHARATBENZ 2523R 6X4
BHARATBENZ 4928TT 6X4,BHARATBENZ 4928R 6X4
BENZ B 180 SPORTS,DAIMLER OTHER
BHARATBENZ 914R,BHARATBENZ OTHER
BHARATBENZ 2823C 6X4-4,BHARATBENZ 2823R 6X4
MERCEDES-BENZ S 320 CDIL DIESE,DAIMLER OTHER
BHARATBENZ 4928TT 6X4 BS4 N3,BHARATBENZ 4928R 6X4
MERCEDES-BENZ W/V221 S320 CDIL,DAIMLER OTHER
BAHARATBENZ 1214R 3,BHARATBENZ 1214R
BHARATBENZ 3723R 10X2 7CCFTBS4,BHARATBENZ 3723R 10X2
BHARATBENZ 4028TT 4X2 -9,BHARATBENZ 4028R 4X2
BENZ CLA 200 CDI,DAIMLER OTHER
BHARATBENZ 1415R,BHARATBENZ 1415R
BHARATBENZ 1217R N2,BHARATBENZ 1217R
BHARATBENZ 1617R4*2,BHARATBENZ 1617R
BHARATBENZ2523RBSIII,BHARATBENZ OTHER
BHARATBENZ 2523C 6X4,BHARATBENZ 2523R 6X4
MERCEDES-BENZ GLA200,DAIMLER OTHER
BHARATBENZ 1214R -49,BHARATBENZ 1214R
E 63 AMG,DAIMLER OTHER
"BENZ 4928 T 3975"" WB",DAIMLER OTHER
MER BENZ GLE 450 AMG 4MATIC,DAIMLER OTHER
MERCEDES-BENZ C220,DAIMLER OTHER
BHARATBENZ 1117R 4X2,BHARATBENZ 1117R 4X2
BHARATBENZ 3123R8X25775WBBSIII,BHARATBENZ 3123R 8X25775
BHARATBENZ 2523R BS111,BHARATBENZ 2523R
BHARATBENZ 1214R -51,BHARATBENZ 1214R
BENZ 2523C 6X4 4275 WB,BHARATBENZ 2523C 6X4
BHARATBENZ 2823R 6X2 -14,BHARATBENZ 2823R 6X2
BHARATBENZ 3523R 8X2 N3-6,BHARATBENZ 3523R 8X2
BHARATBENZ 4028 TT 4X2,BHARATBENZ 4028R 4X2
BHARATBENZ 1214R -13,BHARATBENZ 1214R
BHARATBENZ 1117R 4X2-6 -PH,BHARATBENZ 1117R 4X2
MERCEDES-BENZ W/V 221 S 350 L,DAIMLER OTHER
BHARATBENZ 1415R,BHARATBENZ 1415R
BHARATBENZ 1214R 5,BHARATBENZ 1214R
BHARATBENZ 1214R 4500WB,BHARATBENZ 1214R
CLA 200,DAIMLER OTHER
BHARATBENZ 1015R,BHARATBENZ 1015R
BHARATBENZ 1217R N2,BHARATBENZ 1217R
BHARATBENZ 1415R,BHARATBENZ 1415R
MERCEDES-BENZ ML 320 CDI,MERCEDES-BENZ ML350
BHARATBENZ 3723 R,BHARATBENZ 3723R
BHARATBENZ 3123R 8X2,BHARATBENZ 3123R 8X2
3723R,BHARATBENZ 3723R
BARATBENZ 2523C 6X4BSIV N3G-2,BHARATBENZ 2523R 6X4
BHARATBENZ 4832R 10X2,BHARATBENZ 4832R 10X2
MERCEDES-BENZ A180 CDI,DAIMLER OTHER
BHARATHBENZ 3723R 10X4 BSI,BHARATBENZ 3723R 10X4
BHARATBENZ 2523C 6X4 BS3 4275,BHARATBENZ 2523R 6X4
1617 R,DAIMLER OTHER
BENZ 1214R 4X2 3760WB,BHARATBENZ 1214R 4X2
NOT AVAILABLE,DAIMLER OTHER
BHARATBENZ 1217C -2,BHARATBENZ 1217R
BHARATBENZ 1617 R,BHARATBENZ 1617R
BHARATBENZ 1617R,BHARATBENZ 1617R
BHARATBENZ 2523C 6X4BSIVN3G-2,BHARATBENZ 2523R 6X4
BHARATBENZ 2826R 6X2,BHARATBENZ 2826R 6X2
BHARATBENZ 1417R,BHARATBENZ 1417R
BHARATBENZ 1215R,BHARATBENZ 1215R
BHARATBENZ 1623 BUS,BHARATBENZ 1623R
BHARATBENZ 1214R -10,BHARATBENZ 1214R
,DAIMLER OTHER
BHARATBENZ 1117R 4X2-1 -PH,BHARATBENZ 1117R 4X2
BHARATBENZ 4023T 4X2,BHARATBENZ 4023R 4X2
BHARATBENZ 4032TT 4X2,BHARATBENZ 4032R 4X2
BHARATBENZ 1214R - 9 DSD LOAD,BHARATBENZ 1214R
BHARATBENZ 3723R 10X2-10,BHARATBENZ 3723R 10X2
BHARATBENZ 2523 C 6*4,BHARATBENZ 2523R
BHARATBENZ 1214R 3760 WB BS II,BHARATBENZ 1214R
BHARATBENZ 1015R,BHARATBENZ 1015R
BHARATBENZ 2523C 6X4,BHARATBENZ 2523R 6X4
BHARATBENZ 3123,BHARATBENZ 3123R
BHARATBENZ 917 BUS-11,BHARATBENZ OTHER
BHARATH BENZ 917 BUS,DAIMLER OTHER
BHARATBENZ 2523C - 2,BHARATBENZ 2523R
C220 CDI,DAIMLER OTHER
BHARATBENZ 1617R BS4 N3,BHARATBENZ 1617R
GL350CDI LUXU MERECEDEZ BENZ M,DAIMLER OTHER
BHARATBENZ 2523 C,BHARATBENZ 2523R
BHARATBENZ OF1624 BUS,BHARATBENZ OTHER
BHARATBENZ 1623C 4X2 -3,BHARATBENZ 1623R 4X2
BHARATBENZ 914R,BHARATBENZ OTHER
BHARATBENZ OF 1017 BUS -66,BHARATBENZ 1017R
GLC 2200D 4MATIC,DAIMLER OTHER
4023T 4X2,BHARATBENZ OTHER
BHARATBENZ 1917R,BHARATBENZ 1917R
BHARATBENZ 3123R 8X2 5775WB,BHARATBENZ 3123R 8X2
B B 2528C 6X4 4275 WB,BHARATBENZ 2528C 6X4
BHARATBENZ 2823C 6X4 BSVIN3G-3,BHARATBENZ 2823R 6X4
BHARATBENZ 1214R -18,BHARATBENZ 1214R
BHARATBENZ BUS 917 BS4,BHARATBENZ OTHER
BHARATBENZ 2826C 6X4 N3G-2 -PH2,BHARATBENZ 2826R 6X4
B 1617R 4*2 5100WB,BHARATBENZ 1617R
BHARATBENZ 1015R-10,BHARATBENZ 1015R
BHARATBENZ BUS 917 BS4,BHARATBENZ OTHER
BHARATBENZ 1617R - 5 HSD,BHARATBENZ 1617R
BHARATBENZ 3723 R,BHARATBENZ 3723R
MECEDEZ BENZ C 220 CDI,DAIMLER OTHER
BHARATBENZ 4928T 6*4 3975 BS3,BHARATBENZ 4928R
BHARATBENZ 5528TT 4X2 -11,BHARATBENZ 5528R 4X2
MERCEDES-BENZ CLA 200 CDI,DAIMLER OTHER
BHARATBEZ 2528C,BHARATBENZ 2528R
MERCEDES-BENZ C220 CDI,DAIMLER OTHER
BHARATBENZ 2826R 6X2,BHARATBENZ 2826R 6X2
MERCEDES-BENZ GLA 200 CDI,DAIMLER OTHER
BHARATBENZ 5528TT 6X4,BHARATBENZ 5528R 6X4
BB4928TT,DAIMLER OTHER
BHARATBENZ 1215R,BHARATBENZ 1215R
BHARATBENZ 1217 C,BHARATBENZ 1217R
BHARATBENZ 3123R 8*2,BHARATBENZ 3123R
BHARATH BENZ 1214R,BHARATBENZ 1214R
BHARATBENZ 2523C 6X4,BHARATBENZ 2523R 6X4
2,DAIMLER OTHER
BHARATBENZ 2823C 6X4BSVI N3G-4,BHARATBENZ 2823R 6X4
BHARATBENZ 3123R 8X2 -1,BHARATBENZ 3123R 8X2
BHARATBENZ 1215R N2,BHARATBENZ 1215R
BHARATBENZ 914R 4*2 3760 WB 3,BHARATBENZ 3760R
AMG E 63 S,DAIMLER OTHER
BHARATBENZ 4928T 6X4 3975 WB,BHARATBENZ 4928R 6X4
BHARATBENZ-917 BUS-1,BHARATBENZ OTHER
BHARATBENZ 914R,BHARATBENZ OTHER
BHARATBENZ 1214R -12,BHARATBENZ 1214R
BHARATBENZ 2523R 6X2,BHARATBENZ 2523R 6X2
BHARATBENZ 1217C 4X2,BHARATBENZ 1217R 4X2
BHARATBENZ 2523R 6X2 5175WB B,BHARATBENZ 2523R 6X2
BHARATBENZ 5528TT 6X4,BHARATBENZ 5528R 6X4
BENZ 1214R 50FSD LOADBO,BHARATBENZ 1214R
A 180 SPORTS,DAIMLER OTHER
BHARATBENZ 2823R 6X2,BHARATBENZ 2823R 6X2
MERCEDES-AMG GLC43 4MATICCOUPE,DAIMLER OTHER
BHARATBENZ 1217RE,BHARATBENZ 1217R
BHARATBENZ 1214R,BHARATBENZ 1214R
BHARATBENZ 2828C 6X4 -29,BHARATBENZ 2828R 6X4
BHARATBENZ 3123R,BHARATBENZ 3123R
2823C 6X4E6DYCTIP16BXSTHDRTBS6,BHARATBENZ 2823R 6X4
MERCEDES-BENZ C 220 CDI,DAIMLER OTHER
BHARATBENZ 914 BUS,BHARATBENZ OTHER
BHARATBENZ TIPPER,BHARATBENZ OTHER
MERCEDES-BENZ E200 K,DAIMLER OTHER
BHARATBENZ 3123R 8X2,BHARATBENZ 3123R 8X2
BHARATBENZ 914R,BHARATBENZ OTHER
BHARATBENZ 1617R,BHARATBENZ 1617R
BHARATBENZ 4228R 10X2,BHARATBENZ 4228R 10X2
MERCEDES-BENZ C 200 K,DAIMLER OTHER
BHARATBENZ 3128C 8X4 -6,BHARATBENZ 3128R 8X4
BHARATBENZ 1617 R 2,BHARATBENZ 1617R
BENZ S 320 CDIL,DAIMLER OTHER
BHARATBENZ 3123 R8X2 5775 SLC,BHARATBENZ 3123R 8X2
914 R DAIMALER,DAIMLER OTHER
BHARATBENZ 3123R,BHARATBENZ 3123R
MERCEDES-BENZ ML350CDI,MERCEDES-BENZ ML350
BHARATBENZ 3128C 8X4,BHARATBENZ 3128R 8X4
BHARATBENZ 4928TT 6X3 N3,BHARATBENZ 4928R 6X3
BHARATBENZ 2823R 6X2,BHARATBENZ 2823R 6X2
BHARATBENZ 4228R 10X2,BHARATBENZ 4228R 10X2
BHARATBENZ 1217C,BHARATBENZ 1217R
BHARATBENZ 2523C 6X4,BHARATBENZ 2523R 6X4
BHARATBENZ 2523RBS111,BHARATBENZ 2523R
BHARATBENZ 914R 4*2,BHARATBENZ OTHER
A 200 CDI,DAIMLER OTHER
GLA 200 CDI,DAIMLER OTHER
BHARATBENZ 1917R,BHARATBENZ 1917R
MERCEDES-BENZ GLA200CDI,DAIMLER OTHER
BHARATH BENZ 1214 R,DAIMLER OTHER
BHARATBENZ 1623C 4X2 3600,BHARATBENZ 1623R 4X2
BHARATBENZ 2523R 6X2 5175WB,BHARATBENZ 2523R 6X2
MAYBACH S600 BS4,DAIMLER OTHER
BHARATBENZ 3723R 10X2 -3,BHARATBENZ 3723R 10X2
BHARATBENZ 1617R 1,BHARATBENZ 1617R
MERCEDES-BENZ GLA 200 SPORT,DAIMLER OTHER
BHARATBENZ 2523C 6X4,BHARATBENZ 2523R 6X4
4023T 4*2,BHARATBENZ OTHER
BHARATBENZ 1217R N2,BHARATBENZ 1217R
BHARATBENZ 1623C 4X2 -2,BHARATBENZ 1623R 4X2
BHARATBENZ 1415R,BHARATBENZ 1415R
GLA 200,DAIMLER OTHER
BHARATBENZ 5532TT 4X2 -14,BHARATBENZ 5532R 4X2
BHARATBENZ 3723R 10X2-3,BHARATBENZ 3723R 10X2
BHARATBENZ 2826C 6X4BSVI N3G-4,BHARATBENZ 2826R 6X4
BHARATBENZ 3123R 8X2 5775WB,BHARATBENZ 3123R 8X2
BHARATBENZ 1414R,BHARATBENZ 1414R
B BENZ 2523R 6X2 5175 WB BS3,BHARATBENZ 2523R 6X2
BHARATBENZ 1214R 49,BHARATBENZ 1214R
BHARATBENZ OF1824 BUS,BHARATBENZ OTHER
BHARATBENZ 1214R 4,BHARATBENZ 1214R
BHARATBENZ3123R,BHARATBENZ OTHER
BHARATBENZ2523CBSIII 1,BHARATBENZ OTHER
BHARATBENZ 1217R N2-30 -PH2,BHARATBENZ 1217R
BHARATBENZ OF1017 BUS,BHARATBENZ OTHER
BENZ GLA 200 CDI BS4,DAIMLER OTHER
BHARATBENZ 2523C 6X4 BS4 N32N3,BHARATBENZ 2523R 6X4
BHARATBENZ 3723R 10*2 6575 BS3,BHARATBENZ 3723R
BHARATBENZ 1214R - 12,BHARATBENZ 1214R
BHARATBENZ 914 BUS,BHARATBENZ OTHER
V-CLASS V220D E,DAIMLER OTHER
BHARATBENZ 1617 R,BHARATBENZ 1617R
1623 5950 BS4TR295/80RRAR4.7BB,DAIMLER OTHER
BHARATBENZ 3128C-3 8X4 18CU M,BHARATBENZ 3128R 8X4
BENZ CLA200 CDI,DAIMLER OTHER
MERCEDES-BENZ GLA 200,DAIMLER OTHER
BHARATBENZ 3723 R,BHARATBENZ 3723R
BHARATBENZ 3723R 10X2,BHARATBENZ 3723R 10X2
BHARATBENZ 1617R 4*2 5100 WB,BHARATBENZ 1617R
BHARATBENZ 1214R 4,BHARATBENZ 1214R
BHARATBENZ OF 914 BUS -2,BHARATBENZ OTHER
BHARATBENZ 1214R 4X2 4250WB,BHARATBENZ 1214R 4X2
BHARATBENZ 2523 R,BHARATBENZ 2523R
BB2523C,DAIMLER OTHER
HGV,DAIMLER OTHER
BHARATBENZ 2523C 6X4 -6,BHARATBENZ 2523R 6X4
BHARATBENZ 2523C 6X4BSIV N3G-4,BHARATBENZ 2523R 6X4
BHARATBENZ 3123R,BHARATBENZ 3123R
BHARATBENZ 4228R 10X2,BHARATBENZ 4228R 10X2
GLA200 CDI,DAIMLER OTHER
BHRATBENZ 3123R 6X2,BHARATBENZ 3123R 6X2
BENZ A 200 CDI CBU,DAIMLER OTHER
BHARATHBENZ 3723R 10X4,BHARATBENZ 3723R 10X4
CLA45 AMG 4MATIC,DAIMLER OTHER
BHARATBENZ OF917 BUS -110,BHARATBENZ OTHER
MERCEDES-BENZ GLC 220 D4 MATIC,DAIMLER OTHER
BHARATBENZ 2523 C,BHARATBENZ 2523R
BHARATBENZ 2523C,BHARATBENZ 2523R
BHARATBENZ 2828C 6X4,BHARATBENZ 2828R 6X4
W203 C 200 KOMPRESSOR,DAIMLER OTHER
BHARATBENZ 3723 R,BHARATBENZ 3723R
BENZ 3123R 8X2 5775 WB,BHARATBENZ 3123R 8X2
2523C 6X4,BHARATBENZ 2523C 6X4
BHARATBENZ 3128C 8X4 1,BHARATBENZ 3128R 8X4
BHARATBENZ 3526R 8X2,BHARATBENZ 3526R 8X2
BHARATBENZ 2826R 6X2,BHARATBENZ 2826R 6X2
BHARATBENZ 3123 R,BHARATBENZ 3123R
BHARATBENZ 3123R-1 8X2,BHARATBENZ 3123R 8X2
A 200 D,DAIMLER OTHER
BHARATBENZ 1917R,BHARATBENZ 1917R
B B 3123R 8X2 5775 WB,BHARATBENZ 3123R 8X2
BHARATBENZ 1617 R 1,BHARATBENZ 1617R
BENZ B180 SPORTS TOURER,DAIMLER OTHER
BHARATBENZ 3123R 8X2,BHARATBENZ 3123R 8X2
GLA 200 SPORT UTILITY VEH RHD,DAIMLER OTHER
BHARATH BENZ 3123R,BHARATBENZ 3123R
MERCEDES-BENZ B 180,DAIMLER OTHER
BHARATBENZ 1214 R,BHARATBENZ 1214R
MERCEDES-BENZ C200,DAIMLER OTHER
B180 CDI BLUE EFFICIENCY SPORT,DAIMLER OTHER
MERCEDES-BENZ CLS320CDI,DAIMLER OTHER
BHARATBENZ 2523C 6X4-4,BHARATBENZ 2523R 6X4
BHARATBENZ 5432TT 4X2 -12,BHARATBENZ 5432R 4X2
BHARATBENZ 1214R -12,BHARATBENZ 1214R
BHARATBENZ 2523C 6X4,BHARATBENZ 2523R 6X4
R 350,DAIMLER OTHER
BHARATBENZ 914R,BHARATBENZ OTHER
B B 1214 R 4500 WB,DAIMLER OTHER
MERCEDES-BENZ E 63 AMG,DAIMLER OTHER
BHARATBENZ 3723R 10*2,BHARATBENZ 3723R
BHARATBENZ 1617R -5,BHARATBENZ 1617R
BHARATBENZ 2528C 6X4 -13,BHARATBENZ 2528R 6X4
BHARATBENZ 4023 TT 4X2,BHARATBENZ 4023R 4X2
BHARATBENZ 3123 R,BHARATBENZ 3123R
BHARATH BENZ 3123R 8X2,BHARATBENZ 3123R 8X2
BHARATBENZ 1015R,BHARATBENZ 1015R
BHARATBENZ 2523C 6X4 BS4 N31N3,BHARATBENZ 2523R 6X4
BHARATBENZ 3528C 8X4,BHARATBENZ 3528R 8X4
BHARATBENZ 2523C 6X4-4,BHARATBENZ 2523R 6X4
BHARATBENZ 1417RE,BHARATBENZ 1417R
BHARATBENZ 4023TT 4X2,BHARATBENZ 4023R 4X2
GLE 450 AMG 4MATIC COUPE,DAIMLER OTHER
BHARATBENZ 1623,BHARATBENZ 1623R
BHARATBENZ 1617RD,BHARATBENZ 1617R
BHARATBENZ 3128C 8X4 - 6,BHARATBENZ 3128R 8X4
BHARATBENZ 3123R 8X2,BHARATBENZ 3123R 8X2
MERCEDES-BENZ A 200D,DAIMLER OTHER
BHARATBENZ 2528C 6X4-6,BHARATBENZ 2528R 6X4
BHARATBENZ2823C6X4BSVIN3G-4,BHARATBENZ OTHER
BHARATBENZ OF 1017 BUS,BHARATBENZ 1017R
BHARATBENZ 2523C 6X4 4275 WB B,BHARATBENZ 2523R 6X4
BHARATBENZ 2523R 6X2,BHARATBENZ 2523R 6X2
BHARATBENZ 914R,BHARATBENZ OTHER
TANKER 1617R 4X2 5100 WB,BHARATBENZ 1617R 4X2
BHARATBENZ 4023 TC,BHARATBENZ 4023R
C220CDI CBU,DAIMLER OTHER
BHARATBENZ914R,BHARATBENZ OTHER
CLA 200 CDI,DAIMLER OTHER
BHARATBENZ 1015R,BHARATBENZ 1015R
BHARATBENZ 1917R,BHARATBENZ 1917R
GLA200 CDI SPORT UTILI VEH RHD,DAIMLER OTHER
,DAIMLER OTHER
BHARATBENZ 3723 R 10X2,BHARATBENZ 3723R 10X2
GLC 220D 4MATIC,DAIMLER OTHER
BHARATBENZ 3123R8X2,BHARATBENZ 3123R 8X2
MERCEDES-BENZ C220,DAIMLER OTHER
BB 3123R 8X2 5775 WB,BHARATBENZ 3123R 8X2
BHARATBENZ 2828C 6X4,BHARATBENZ 2828R 6X4
BHARATBENZ 1214R-11,BHARATBENZ 1214R
BHARATH BENZ 2523,DAIMLER OTHER
BHARATBENZ 1617RD,BHARATBENZ 1617R
MECCEDES E280,DAIMLER OTHER
BHARATBENZ 2523R 6X2,BHARATBENZ 2523R 6X2
BHARATBENZ 2523R 6X2,BHARATBENZ 2523R 6X2
BHARATBENZ 2523R 6X2,BHARATBENZ 2523R 6X2
BHARATBENZ 1617R,BHARATBENZ 1617R
BHARATBENZ 1215R,BHARATBENZ 1215R
4928T 6X4 3975 SLC CHS RT AC A,BHARATBENZ 3975R 6X4
914R 4*2 3760 WB,DAIMLER OTHER
BHARATBENZ2826C6X4BSVIN3G-4,BHARATBENZ OTHER
B180CDI BLUEEFFICIENTYSPORTSTO,DAIMLER OTHER
MERCEDES-BENZ C- 200 K,DAIMLER OTHER
CLA200 CDI,DAIMLER OTHER
MERCEDES-BENZ C-200-K,DAIMLER OTHER
BHARATBENZ 0F917 BUS -110,BHARATBENZ OTHER
BHARATBENZ 1617R -3,BHARATBENZ 1617R
BAHARATBENZ1214R BS3,DAIMLER OTHER
BHARATBENZ 2523 R 6X2,BHARATBENZ 2523R 6X2
MERCEDES-BENZ W/V 221 S 320,DAIMLER OTHER
BHARATBENZ 3723R 10X2 BS4-3 N3,BHARATBENZ 3723R 10X2
BHARATBENZ-917 BUS-1,BHARATBENZ OTHER
BHARATBENZ 1617R - 5 HSD,BHARATBENZ 1617R
BHARATBENZ OF1017 BUS -29,BHARATBENZ OTHER
MERCEDES-BENZ E 200,DAIMLER OTHER
BHARATBENZ 1014R CP-1,BHARATBENZ 1014R
BHARATBENZ 914R-2,BHARATBENZ OTHER
MERCEDES-BENZ W 204 C 220 CDI,DAIMLER OTHER
1214R 4*2 4250 WB,BHARATBENZ 1214R
BHARATBENZ 4023T,BHARATBENZ 4023R
BHARATBENZ 1623C 4X2 BS4-2 N3G,BHARATBENZ 1623R 4X2
BHARATBENZ 3123R SL. CAB,BHARATBENZ 3123R
W/V 221 S320 CDIL,DAIMLER OTHER
MERCEDES-BENZ E200,DAIMLER OTHER
BHARATBENZ 2528C - 4,BHARATBENZ 2528R
BHARATBENZ 1214R-14,BHARATBENZ 1214R
MERCEDES- BENZ,DAIMLER OTHER
BENZ E 280 CDI,DAIMLER OTHER
BHARATBENZ 2523C 6X4,BHARATBENZ 2523R 6X4
BHARATBENZ 4928T 6*4,BHARATBENZ 4928R
BENZ 1214R 4X2 4250WB,BHARATBENZ 1214R 4X2
BHARATBENZ 917 BUS -7,BHARATBENZ OTHER
BHARATH BENZ 1214R,BHARATBENZ 1214R
BHARATBENZ 1217C -1,BHARATBENZ 1217R
BHARATBENZ 1617R 5100 WB,BHARATBENZ 1617R
BHARATBENZ 3128C 8*4,BHARATBENZ 3128R
BHARATBENZ 1617R,BHARATBENZ 1617R
MERCEDES-BENZ A 200 CDI,DAIMLER OTHER
MERCEDES-BENZ C 220 CDI,DAIMLER OTHER
BHARATBENZ3528CM8X4BSVI-2,BHARATBENZ OTHER
BHARATBENZ 1617R 5100 HSD (598,BHARATBENZ 1617R
2823C 6X4E6DYCTP16BXSTHDHDPBS6,BHARATBENZ 2823C 6X4
BHARATBENZ 1617RD,BHARATBENZ 1617R
BHARATBENZ 5528TT 6X4,BHARATBENZ 5528R 6X4
BHARATBENZ3123,BHARATBENZ OTHER
3123 BHARATBENZ,BHARATBENZ 3123R
BHARATBENZ 914R-3,BHARATBENZ OTHER
BHARATBENZ 2523R WB5175,BHARATBENZ 2523R
BHARATBENZ 1214R - 12,BHARATBENZ 1214R
MERCEDS BENZS320CDI,DAIMLER OTHER
BHARATBENZ 1117 4X2,BHARATBENZ 1117R 4X2
MERCEDES-BENZ C200K,DAIMLER OTHER
BHARATBENZ 3123 R 8X2,BHARATBENZ 3123R 8X2
A180 CRD RHD,DAIMLER OTHER
AMG GLE 43 C,DAIMLER OTHER
BHARATBENZ 914R-7,BHARATBENZ OTHER
BHARATBENZ 1117 4X2,BHARATBENZ 1117R 4X2
GLC 200,DAIMLER OTHER
BHARATBENZ 3123R,BHARATBENZ 3123R
BHARATBENZ 1617R,BHARATBENZ 1617R
BHARATBENZ 2828C 6X4 -1,BHARATBENZ 2828R 6X4
BHARATBENZ 3123R 1,BHARATBENZ 3123R
BHARATBENZ 3123R 8X2,BHARATBENZ 3123R 8X2
BHARATBENZ 1214R 11 4X2,BHARATBENZ 1214R 4X2
BHARATBENZ 914 BUS,BHARATBENZ OTHER
BHARATBENZ 1014R -10,BHARATBENZ 1014R
V-CLASS / V 220 D L,DAIMLER OTHER
MERCEDES-BENZ E 200K,DAIMLER OTHER
BHARATBENZ 2523C 6*4,BHARATBENZ 2523R
BHARATBENZ 1617 R,BHARATBENZ 1617R
GLA200 CDI SPORT,DAIMLER OTHER
BHARATBENZ 914R,BHARATBENZ OTHER
MERCEDES-BENZ W 203 C 200K,DAIMLER OTHER
MERCEDES-BENZ W 164 ML 320 CDI,DAIMLER OTHER
BHARATBENZ 2523C6X4,BHARATBENZ 2523R 6X4
BHARATBENZ 3123R 8X2 -2,BHARATBENZ 3123R 8X2
C 200,DAIMLER OTHER
B 180 BLUE EFFICIENCY SPORTS,DAIMLER OTHER
BHARATBENZ 3123R 8X2,BHARATBENZ 3123R 8X2
MERCEDES-BENZ,DAIMLER OTHER
BHARATBENZ 2523C 6*4 4275 WB,BHARATBENZ 2523R
BHARATBENZ 3123 R 8X2 BS 3,BHARATBENZ 3123R 8X2
BHARATBENZ 1217R N2,BHARATBENZ 1217R
BHARATBENZ 914R,BHARATBENZ OTHER
BHARATBENZ 1215R-9,BHARATBENZ 1215R
MERCEDEZ BENZ SLK350AT IMP E4,DAIMLER OTHER
2523C 6X4 4275 WB,BHARATBENZ 2523C 6X4
BHARATBENZ 4828R 10X4,BHARATBENZ 4828R 10X4
BENZ A 180CDI,DAIMLER OTHER
BHARATBENZ 3123R 8X2,BHARATBENZ 3123R 8X2
BHARATBENZ 2523R 6X2,BHARATBENZ 2523R 6X2
BHARATBENZ 3723R 10*2 6275WB,BHARATBENZ 3723R
BHARATBENZ 1214R - 14 HSD LOAD BODY,BHARATBENZ 1214R
BHARATBENZ,BHARATBENZ OTHER
BHARATBENZ OF1014 BUS-14,BHARATBENZ OTHER
BHARATBENZ 1214R -14,BHARATBENZ 1214R
BENZ ML 350CDI,DAIMLER OTHER
BHARATBENZ 2826C 6X4 N3G-4 -PH2,BHARATBENZ 2826R 6X4
MERCEDES-BENZ,DAIMLER OTHER
MERCEDES-BENZ E350,DAIMLER OTHER
BHARATBENZ 3128 C 8X4,BHARATBENZ 3128R 8X4
MERCEDES-BENZ G 63 AMG,DAIMLER OTHER
MERCEDES-BENZ E240,DAIMLER OTHER
BHARATBENZ 1215R,BHARATBENZ 1215R
A200 D,DAIMLER OTHER
MERCEDES-BENZ 220,DAIMLER OTHER
BHARATBENZ 1417R,BHARATBENZ 1417R
BHARATBENZ 2523R 6X2 B3,BHARATBENZ 2523R 6X2
BHARATBENZ 1214R 4X2 37,BHARATBENZ 1214R 4X2
BHARATBENZ 3523R 8X2N3-19,BHARATBENZ 3523R 8X2
CATALYTIC CONVERTER,DAIMLER OTHER
BHARATBENZ 1617R,BHARATBENZ 1617R
BHAHRATBENZ 3123R,BHARATBENZ 3123R
MERCEDES-BENZ A 180CDI,DAIMLER OTHER
BHARATBENZ 3528CM 8X4,BHARATBENZ 3528R 8X4
BHARATBENZ 4928TT 6X4 BS4 N3,BHARATBENZ 4928R 6X4
W/V 221 S 320 CDIL,DAIMLER OTHER
BHARATBENZ2523C6X41BSIV,BHARATBENZ OTHER
4928T TRACTOR 6*4 3975 WB,BHARATBENZ 3975R
BHARATBENZ 4828R 10X4 BS6-2,BHARATBENZ 4828R 10X4
MERCEDES-BENZ GLE 250 D 4MATIC,DAIMLER OTHER
BHARATBENZ 3123 R 8X2 6375 BS3,BHARATBENZ 3123R 8X2
BHARATBENZ 3128C,BHARATBENZ 3128R
BHARATBENZ 1414R,BHARATBENZ 1414R
BHARATBENZ 1417RE,BHARATBENZ 1417R
BHARATBENZ 1617R 4X2,BHARATBENZ 1617R 4X2
BHARATBENZ 3123R 6X2,BHARATBENZ 3123R 6X2
BHARATBENZ 3123 WB 5775 MM,BHARATBENZ 3123R
BHARATBENZ 2523C 6X4,BHARATBENZ 2523R 6X4
MERCEDES-BENZ C 200,DAIMLER OTHER
BHARATBENZ 2826C 6X4 N3G,BHARATBENZ 2826R 6X4
BHARATBENZ 3128C-2 8X4 18CU M,BHARATBENZ 3128R 8X4
BHARATBENZ 4023TT 4X2,BHARATBENZ 4023R 4X2
BHARATBENZ 1215R,BHARATBENZ 1215R
BHARATBENZ 4*2 1617R,BHARATBENZ 1617R
MERCEDES-AMG C 43 4MATIC COUPE,DAIMLER OTHER
W204 C220 CDI WITH MANUAL TRAN,DAIMLER OTHER
MERCEDES-BENZ B 180,DAIMLER OTHER
NOT AVAILABLE,DAIMLER OTHER
BHARATBENZ 2823C6X4 BSVIN3G-15,BHARATBENZ 2823R 6X4
BHARATBENZ 1214R,BHARATBENZ 1214R
BHARATBENZ 3123R 8X2BSIII,BHARATBENZ 3123R 8X2
BHARATBENZ 5428TT 4X2 -5,BHARATBENZ 5428R 4X2
BHARATBENZ 1414R,BHARATBENZ 1414R
BHARATBENZ 1214R,BHARATBENZ 1214R
MERCEDES-BENZ C200K,DAIMLER OTHER
BHARATBENZ 2528C 6X4,BHARATBENZ 2528R 6X4
BHARATBENZ 2523R,BHARATBENZ 2523R
BHARATBENZ 2523R 6X2,BHARATBENZ 2523R 6X2
BENZ 1214 R 4X2,DAIMLER OTHER
BHARATHBENZ 3723R 10X2-9,BHARATBENZ 3723R 10X2
BHARATBENZ 1617R,BHARATBENZ 1617R
E 400 CABRIOLET,DAIMLER OTHER
MERCEDES-BENZ E 280 CDI,DAIMLER OTHER
A 200 CDI,DAIMLER OTHER
BHARATBENZ 914 BS4,BHARATBENZ OTHER
BHARATBENZ 1617,BHARATBENZ 1617R
BHARATBENZ 914 BUS,BHARATBENZ OTHER
ERROR,DAIMLER OTHER
MERCEDES-BENZ W212 E250 CDI AT,DAIMLER OTHER
BHARATBENZ 2523R 6X2 5175 WB B,BHARATBENZ 2523R 6X2
BHARATBENZ 1214R-51 HSD LB WB,BHARATBENZ 1214R
BHARATBENZ 1214R-1,BHARATBENZ 1214R
BHARATBENZ 1617R 10,BHARATBENZ 1617R
MERCE BENZ 5320DIL,DAIMLER OTHER
BENZ C 200,DAIMLER OTHER
BHARATBENZ 1617 R,BHARATBENZ 1617R
BHARATBENZ 2528C 6X4,BHARATBENZ 2528R 6X4
4928TT6X4BSIII,BHARATBENZ OTHER
V-CLASS / V 220 D E,DAIMLER OTHER
BHARATBENZ 3123 R,BHARATBENZ 3123R
SLK350 BLUE EFFICIENCY WITH AU,DAIMLER OTHER
3123R 8X2 CHS RT HD,BHARATBENZ 3123R 8X2
BHARATBENZ 2823C 6X4 BSVIN3G-4,BHARATBENZ 2823R 6X4
BHARATBENZ 2523C 6X4 HYV,BHARATBENZ 2523R 6X4
BHARATBENZ 3123R 82 5775,BHARATBENZ 3123R
BHARATBENZ 4223R 10X2 -17,BHARATBENZ 4223R 10X2
BHARATBENZ 1217C,BHARATBENZ 1217R
BHARATBENZ 3123R 8X2,BHARATBENZ 3123R 8X2
EICHER 1095,DAIMLER OTHER
BHARATBENZ 1214R 4X2,BHARATBENZ 1214R 4X2
BENZ 1214R 4X2 4250WB,BHARATBENZ 1214R 4X2
BHARATBENZ 4828R 10X2,BHARATBENZ 4828R 10X2
BHARATBENZ 2523C 6X4-2,BHARATBENZ 2523R 6X4
W204C220 CDI WITH AT BS3 SEAT5,DAIMLER OTHER
BHARATBENZ 914 R 4X2 4250,BHARATBENZ 4250R 4X2
BHARATBENZ 3723R 10X2 -3,BHARATBENZ 3723R 10X2
BHARATBENZ 3123R 8X2 5775 WB,BHARATBENZ 3123R 8X2
M/BENZ B 180 SPORTS TOURER,DAIMLER OTHER
BHARATBENZ 1617R 5100 WB,BHARATBENZ 1617R
BB 1917R 4X2 BS6 HDSLOADBODY,BHARATBENZ 1917R 4X2
BHARATBENZ 3123,BHARATBENZ 3123R
MERCEDES-BENZ W 204 C63 AMG,DAIMLER OTHER
MARCEDES BENZ 200,DAIMLER OTHER
BHARATBENZ 1217RE,BHARATBENZ 1217R
BHARATBENZ 1917R-7 -PH2,BHARATBENZ 1917R
914 R,DAIMLER OTHER
BHARATBENZ 1415R,BHARATBENZ 1415R
BHARATBENZ 2523C 6X4,BHARATBENZ 2523R 6X4
BHARATBENZ 3123R,BHARATBENZ 3123R
BHARATBENZ OF1824 BUS,BHARATBENZ OTHER
BHARATBENZ1617 4X2 5100 WB,BHARATBENZ 5100R 4X2
MERCEDES-BENZ C220CDI,DAIMLER OTHER
BHARATBENZ 1015R,BHARATBENZ 1015R
BHARATBENZ 1214R -49 WB 4250,BHARATBENZ 1214R
E 220 D 4MATIC ALL-TERRAIN,DAIMLER OTHER
BHARATBENZ 5428TT+ 4X2 -11,BHARATBENZ 5428R 4X2
BHARATBENZ 2523 C 6X4 BS 3,BHARATBENZ 2523R 6X4
BHARATBENZ OF 1014 BUS,BHARATBENZ 1014R
BHARATBENZ3528CM8X4 -2,BHARATBENZ OTHER
MERCEDES-BENZ A 180,DAIMLER OTHER
BHARATBENZ 1617R,BHARATBENZ 1617R
BHARATBENZ 4928TT 6X4,BHARATBENZ 4928R 6X4
BHARATBENZ 4228R 10X2 -1,BHARATBENZ 4228R 10X2
BHARATBENZ 4023 TT BSIII3600,BHARATBENZ 4023R
3123R 8X2 5775 WB,BHARATBENZ 3123R 8X2
BHARATBENZ 1214 R BS 111,BHARATBENZ 1214R
BHARATBENZ 1215R,BHARATBENZ 1215R
BHARATBENZ 1617R -10,BHARATBENZ 1617R
BHARATBENZ OF1017 BUS-77,BHARATBENZ OTHER
BHARATBENZ 3723R 10X2,BHARATBENZ 3723R 10X2
BHARATBENZ 1214R -14,BHARATBENZ 1214R
BHARATBENZ 2523C,BHARATBENZ 2523R
BHARATBENZ 2623R 6X2,BHARATBENZ 2623R 6X2
BHARATBENZ OF1017 BUS -80,BHARATBENZ OTHER
BHARATBENZ 1617R,BHARATBENZ 1617R
BHARATBENZ 3128C 8X4 WB,BHARATBENZ 3128R 8X4
BHARATBENZ 1214R BS3,BHARATBENZ 1214R
BHARATBENZ 3528C 8X4-2 -PH2,BHARATBENZ 3528R 8X4
BHARATBENZ 1414R - 11 4X2 (ULW,BHARATBENZ 1414R 4X2
MERCEDES-BENZ S 350L,DAIMLER OTHER
BHARATBENZ 1014R,BHARATBENZ 1014R
BHARATBENZ 2523R 6X2 5175 BS3,BHARATBENZ 2523R 6X2
BHARATBENZ 1214R 4X2,BHARATBENZ 1214R 4X2
BENZ CLA 200,DAIMLER OTHER
8,DAIMLER OTHER
BHARATBENZ 4928,BHARATBENZ 4928R
1617R,BHARATBENZ 1617R
BHARATBENZ 3128C,BHARATBENZ 3128R
BHARATBENZ 3123R 8X2 -9,BHARATBENZ 3123R 8X2
G 350 D,DAIMLER OTHER
BHARATBENZ 1617R,BHARATBENZ 1617R
BHARATBENZ 4023T,BHARATBENZ 4023R
BHARATBENZ 1926C 4X2,BHARATBENZ 1926R 4X2
BHARATBENZ 1617RD,BHARATBENZ 1617R
BHARATBENZ 5532TT 6X4 -1,BHARATBENZ 5532R 6X4
MERCEDES-BENZ GL 350CDI 4MATIC,DAIMLER OTHER
BHARATBENZ 3523R 8X2 -17,BHARATBENZ 3523R 8X2
B BENZ 1617R 4X2,BHARATBENZ 1617R 4X2
BHARATBENZ 3123-R,BHARATBENZ 3123R
BHARTBENZ1214R 4X2 4500,DAIMLER OTHER
BHARATBENZ 2823R 6X2,BHARATBENZ 2823R 6X2
BHARATBENZ 1617R 5100 HSD (5985X2365X2000) BZIV,BHARATBENZ 1617R 5985X2365
BHARATBENZ 1015R,BHARATBENZ 1015R
BHARATBENZ 1617 R B,BHARATBENZ 1617R
BHARATBENZ 1214R (4250),BHARATBENZ 1214R
BHARATBENZ 2523C 6X4-3,BHARATBENZ 2523R 6X4
BHARATBENZ 1215R,BHARATBENZ 1215R
BHARATBENZ 1214 E 4X2,BHARATBENZ 1214R 4X2
BHARATBENZ 914 R4X2,BHARATBENZ OTHER
BHARATBENZ 2523 R,BHARATBENZ 2523R
BHARATBENZ 1214 R 4X2 3760 WB,BHARATBENZ 1214R 4X2
MERCEDES-BENZ B180,DAIMLER OTHER
BHARATBENZ 1015R,BHARATBENZ 1015R
BHARATBENZ 2523C 6X4 N3G,BHARATBENZ 2523R 6X4
BHARATBENZ 1215R N2,BHARATBENZ 1215R
3528C 8X4E6DYCCABCHSNTHD BS6,BHARATBENZ 3528C 8X4
MERCEDES-BENZ GLA 200 CDI,DAIMLER OTHER
MERCEDES-BENZ ML 320 CDI,MERCEDES-BENZ ML350
BHARATBENZ 3723R 10X2 -9,BHARATBENZ 3723R 10X2
BHARATBENZ 2523R 6X2 WB BS II,BHARATBENZ 2523R 6X2
BHARATBENZ 2528C 6X4 -17,BHARATBENZ 2528R 6X4
BHARATBENZ 3123 R 8X2,BHARATBENZ 3123R 8X2
BHARATBENZ 3523R 8X2N3-16,BHARATBENZ 3523R 8X2
BHARATBENZ 2523C 6X4BSIV N3G-6,BHARATBENZ 2523R 6X4
BHARATBENZ3123R8X25775WB,BHARATBENZ OTHER
BHARATBENZ 2523C 6X4-2,BHARATBENZ 2523R 6X4
BENZ CLA 45 AMG IMPORTED,DAIMLER OTHER
BHARATBENZ 4223R 10X2 -16,BHARATBENZ 4223R 10X2
BHARATBENZ 1415R,BHARATBENZ 1415R
BHARATBENZ 4928TT 6X4,BHARATBENZ 4928R 6X4
BHARATBENZ 914R BSIV9 CWC,BHARATBENZ OTHER
BHARATBENZ 1214R DAY CA,BHARATBENZ 1214R
BHARATBENZ 1215R N2,BHARATBENZ 1215R
BHARATBENZ 1214R 13,BHARATBENZ 1214R
BHARATBENZ 4928 T 6X4,BHARATBENZ 4928R 6X4
BHARATBENZ 2523R 6X2,BHARATBENZ 2523R 6X2
BHARATBENZ 1014R 2 CAB,BHARATBENZ 1014R
BHARATBENZ 2523C 6X4-5,BHARATBENZ 2523R 6X4
4023TT4*2 3600 WB BS3,BHARATBENZ 3600T
B/BENZ 2523C 6X4 4275 WB,BHARATBENZ 2523C 6X4
BHARATBENZ 3123 R 8X2,BHARATBENZ 3123R 8X2
BHARATBENZ 3523R 8X2N3-17,BHARATBENZ 3523R 8X2
BHARATBENZ 1617R,BHARATBENZ 1617R
BENZ GL350CDI EURO IV,DAIMLER OTHER
BHARATBENZ2828C6X4BSVIN3G-27,BHARATBENZ OTHER
1214R4X24500WBIII,BHARATBENZ 1214R 4X24500
BHARATBENZ 2832CM 6X4,BHARATBENZ 2832R 6X4
BHARATBENZ 4928,BHARATBENZ 4928R
BHARATBENZ 3128CM 8X4 -6,BHARATBENZ 3128R 8X4
BHARATBENZ 4928TT 6X4,BHARATBENZ 4928R 6X4
BHARATBENZ 2828C 6X4 -PH2,BHARATBENZ 2828R 6X4
MERCEDES-BENZB180SPORTS TOURER,DAIMLER OTHER
HGV BHARATBENZ,BHARATBENZ OTHER
BHARATBENZ 1117R 4X2,BHARATBENZ 1117R 4X2
BHARATBENZ 4828R 10X2-5 -P,BHARATBENZ 4828R 10X2
GLA200,DAIMLER OTHER
B200 CDI,DAIMLER OTHER
BHARATBENZ 1217R N2-31 -PH2,BHARATBENZ 1217R
BHARATBENZ 2528C 6X4-2,BHARATBENZ 2528R 6X4
A180,DAIMLER OTHER
3723R 10X2 6575 WB,BHARATBENZ 3723R 10X2
BHARATBENZ 2523R 6X2,BHARATBENZ 2523R 6X2
BHARATBENZ 1014R,BHARATBENZ 1014R
BHARATBENZ 1117R 4X2,BHARATBENZ 1117R 4X2
BHARATBENZ -7 1014R 4X2 4250,BHARATBENZ 1014R 4X2
BHARATBENZ 1215R N2,BHARATBENZ 1215R
BHARATBENZ 1214 R 4X2 4500 WB,BHARATBENZ 1214R 4X2
BHARATBENZ 2523C 6*4 4275 WB B,BHARATBENZ 2523R
BHARATBENZ 2828C6X4 BSVIN3G-27,BHARATBENZ 2828R 6X4
BHARATBENZ 1415R,BHARATBENZ 1415R
W 212 E 250 CDI,DAIMLER OTHER
BHARATBENZ OF1624 BUS,BHARATBENZ OTHER
BHATRAT BENZ 3123,DAIMLER OTHER
BHARATBENZE 25236X2BS3,BHARATBENZ OTHER
BHARATBENZ 4023T 4X2 WB,BHARATBENZ 4023R 4X2
BENZ 1617R 4X2,BHARATBENZ 1617R 4X2
CLA 200 CDI,DAIMLER OTHER
"BHARATBENZ 3123R,5775WB",BHARATBENZ 3123R
BHARATBENZ 1617R 5 HSD,BHARATBENZ 1617R
MERCEDES-BENZ GL350CDI,DAIMLER OTHER
BHARATBENZ 1215R-34,BHARATBENZ 1215R
BHARATBENZ 3123R 8X2 BS3,BHARATBENZ 3123R 8X2
MERCEDES-BENZ S 320,DAIMLER OTHER
BHARATBENZ 1917R,BHARATBENZ 1917R
BHARATBENZ 2523C 6X4 BS4 N32N3,BHARATBENZ 2523R 6X4
MERCEDES-BENZ W 204 C 200 K,DAIMLER OTHER
BHARATBENZ 917 BUS-9,BHARATBENZ OTHER
BHARATBENZ 1214R 14 HSD,BHARATBENZ 1214R
BHARATBENZ 2528C 6X4-4,BHARATBENZ 2528R 6X4
MERCEDES-BENZ ML 350,MERCEDES-BENZ ML350
MERCEDES-BENZ S350,DAIMLER OTHER
BHARATBENZ 1217C 4*2 3760,BHARATBENZ 1217R
BHARATBENZ 917 BUS 5300,BHARATBENZ 5300R
BHARATBENZ 4223R,BHARATBENZ 4223R
M BENZ E400 BS4,DAIMLER OTHER
HMV GV,DAIMLER OTHER
BHARATBENZ2823R6 2BSVI12,BHARATBENZ OTHER
BHARATBENZ 1217 C 1,BHARATBENZ 1217R
BB 1617R 4X2,BHARATBENZ 1617R 4X2
BHARATBENZ 1014R 2 CAB C,BHARATBENZ 1014R
2523C 6X4 4275 DYC 16BXSTHYH N,BHARATBENZ 2523C 6X4
BHARATBENZ 3723R,BHARATBENZ 3723R
B BENZ 2523C 6/4 4275WB,BHARATBENZ 2523C
BHARATBENZ 2823C 6X4BSVI N3G-4,BHARATBENZ 2823R 6X4
BHARATBENZ 2823R 6X2,BHARATBENZ 2823R 6X2
MERCEDES-BENZ E 270,DAIMLER OTHER
BHARATBENZ 3123R-2 8X2,BHARATBENZ 3123R 8X2
BHARATBENZ 2523C 6X4-2,BHARATBENZ 2523R 6X4
MERCEDES-BENZ C 200 K,DAIMLER OTHER
BHARATBENZ 2523C 6X4 4275 WB,BHARATBENZ 2523R 6X4
BHARATBENZ 3523R 8X2N3-10,BHARATBENZ 3523R 8X2
MERCEDES-BENZ E 220 CDI SEDAN,DAIMLER OTHER
BHARATBENZ 1617R 2FSD LB,BHARATBENZ 1617R
BHARATBENZ 4828R 10X4 -2,BHARATBENZ 4828R 10X4
BHARATBENZ OF1017 BUS -07,BHARATBENZ OTHER
BHARATBENZ 2528C N3G,BHARATBENZ 2528R
C 220 CDI,DAIMLER OTHER
MERCEDES-BENZ B 180 CDI,DAIMLER OTHER
BHARATBENZ 1214,BHARATBENZ 1214R
BHARATBENZ 4023TT 4X2,BHARATBENZ 4023R 4X2
MERCEDES-BENZC200 CDI,DAIMLER OTHER
BHARATBENZ 3123R 8X2 -13,BHARATBENZ 3123R 8X2
BHARATBENZ 3526R 8X2,BHARATBENZ 3526R 8X2
BHARATBENZ 1923C BSVI4X2N3G-3,BHARATBENZ 1923R 4X2
BHARATBENZ 2523R 6X2 6375 WB,BHARATBENZ 2523R 6X2
BHARATBENZ 1617 R -5,BHARATBENZ 1617R
BHARATBENZ 1015R,BHARATBENZ 1015R
CH TAVERA B37 NE02,DAIMLER OTHER
BHARATBENZ 3523.R 8X2,BHARATBENZ 3523R 8X2
BHARATBENZ 3528C 8X4 -14,BHARATBENZ 3528R 8X4
BHARATBENZ 3528C 8X4 N3G,BHARATBENZ 3528R 8X4
MERCEDES-BENZ B180 SPORTZ TOUR,DAIMLER OTHER
1214 4X2 3760 WB,DAIMLER OTHER
BHARATBENZ 3123R,BHARATBENZ 3123R
BHARATBENZ 4928TT 6X4,BHARATBENZ 4928R 6X4
MERCEDES-BENZ E270,DAIMLER OTHER
BHARATBENZ 3123R 8X2,BHARATBENZ 3123R 8X2
B 200 CDI,DAIMLER OTHER
BHARATBENZ 2523R,BHARATBENZ 2523R
BHARATBENZ 4928T,BHARATBENZ 4928R
BHARATBENZ 1617R,BHARATBENZ 1617R
MERCEDES-BENZ C 220 CDI,DAIMLER OTHER
BHARATBENZ2823C6X4BSIVNG,BHARATBENZ OTHER
BHARATBENZ OF1014 BUS,BHARATBENZ OTHER
BENZ 1014R,BHARATBENZ 1014R
BHARATBENZ 1217R N2-27 -PH,BHARATBENZ 1217R
BB 4928TT,BHARATBENZ OTHER
MERCEDES-BENZ A 200 D,DAIMLER OTHER
BHARATBENZ 1217C-1,BHARATBENZ 1217R
BHARATBENZ 4228R 10X2,BHARATBENZ 4228R 10X2
BHARATBENZ 3128CM,BHARATBENZ 3128R
BHARATBENZ 914R,BHARATBENZ OTHER
BHARATBENZ 2523C 6X4 BSIVN3G-6,BHARATBENZ 2523R 6X4
MERCEDES-BENZ CLS350,DAIMLER OTHER
BHARATBENZ 1014R,BHARATBENZ 1014R
BHARATBENZ 1214,BHARATBENZ 1214R
BHARATBENZ 1217C,BHARATBENZ 1217R
BHARATBENZ 2528C 6X4BSIV N3G-2,BHARATBENZ 2528R 6X4
C200,DAIMLER OTHER
BHARATBENZ 1617R,BHARATBENZ 1617R
M/ BENZ A 200 CDI,DAIMLER OTHER
S 350 CDI 7SP AT,DAIMLER OTHER
BHARATBENZ 3123R 8*2,BHARATBENZ 3123R
LORRY,DAIMLER OTHER
3123R 8X2,BHARATBENZ 3123R 8X2
BHARATBENZ OF1824 BUS,BHARATBENZ OTHER
BHARATBENZ OF1017 BUS,BHARATBENZ OTHER
BHARATBENZ 2823R 6X2,BHARATBENZ 2823R 6X2
BHARATBENZ 1617 R,BHARATBENZ 1617R
BHARATBENZ 1214R -49 WB 4250,BHARATBENZ 1214R
NAAAA,DAIMLER OTHER
BHARATBENZ 3528CM 8X4,BHARATBENZ 3528R 8X4
BHARATBENZ 3723R 10X2,BHARATBENZ 3723R 10X2
BHARATBENZ 914 BUS,BHARATBENZ OTHER
BHARATBENZ 1215R N2,BHARATBENZ 1215R
BHARATBENZ 2523C 6X4BSIVN3G-2,BHARATBENZ 2523R 6X4
C220 D,DAIMLER OTHER
BHARATBENZ 1215R,BHARATBENZ 1215R
4928 TT 6*4,DAIMLER OTHER
1616-185TUSKER SUPER,DAIMLER OTHER
BHARATBENZ 1624,BHARATBENZ 1624R
BHARATBENZ 1415R,BHARATBENZ 1415R
BHARATBENZ 1623C 4X2,BHARATBENZ 1623R 4X2
B200 D,DAIMLER OTHER
BHARATBENZ 2523R 6X2,BHARATBENZ 2523R 6X2
BHARATBENZ 1014R 6 HSD,BHARATBENZ 1014R
BHARATBENZ 1214R -31,BHARATBENZ 1214R
BHARATBENZ 1215R,BHARATBENZ 1215R
BHARATBENZ 2523R 6X2 - 5 HSD,BHARATBENZ 2523R 6X2
BHARATBENZ 1217C,BHARATBENZ 1217R
BHARATBENZ 2826C 6X4 BSVIN3G-1,BHARATBENZ 2826R 6X4
BHARATBENZ 2523C 6X4 BS3,BHARATBENZ 2523R 6X4
BHARATBENZ 1415R,BHARATBENZ 1415R
GL350 CDI 4MATIC,DAIMLER OTHER
BHARATBENZ 2823C 6X4-1,BHARATBENZ 2823R 6X4
MERCEDES-BENZ E 270 CDI,DAIMLER OTHER
BHARATBENZ 2823R 6X2,BHARATBENZ 2823R 6X2
MERCEDES-BENZ A-180 CDI,DAIMLER OTHER
BHARATBENZ 1214R -19,BHARATBENZ 1214R
BHARATHBENZ 3723R 10X4,BHARATBENZ 3723R 10X4
BHARATBENZ 2528C 6X4,BHARATBENZ 2528R 6X4
BHARATBENZ 1214R 42 3760 WB BS,BHARATBENZ 1214R
BHARATBENZ 4928TT 6X4,BHARATBENZ 4928R 6X4
BHARATBENZ 1015R,BHARATBENZ 1015R
MERCEDES-BENZ,DAIMLER OTHER
BHARATBENZ 1014R -7,BHARATBENZ 1014R
BHARATBENZ 3123R 8*2 5775,BHARATBENZ 3123R
BHARATBENZ 1617R,BHARATBENZ 1617R
BHARATBENZ 4023TT 6X4 -2,BHARATBENZ 4023R 6X4
BHARATBENZ 1214R,BHARATBENZ 1214R
BHARATBENZ 4828R 10X2,BHARATBENZ 4828R 10X2
BHARATBENZ 3123R 8*2,BHARATBENZ 3123R
3123R 8X2 5775WB,BHARATBENZ 3123R 8X2
BHARATBENZ 2523R 6X2,BHARATBENZ 2523R 6X2
BHARATBENZ 2828C 6X4 BSVIN3G-3,BHARATBENZ 2828R 6X4
BHARATBENZ 5228TT 4X2 -2,BHARATBENZ 5228R 4X2
BHARATBENZ 3523R 8X2 N3,BHARATBENZ 3523R 8X2
BHARATBENZ 914R-7,BHARATBENZ OTHER
BHARATBENZ 1215R,BHARATBENZ 1215R
MERCEDES-BENZW211E200KOMPRESSOR,DAIMLER OTHER
BHARATBENZ 3723R10*2,BHARATBENZ 3723R
MERCEDES AMG G63,DAIMLER OTHER
BHARATHBENZ 3723R 10X2 6575 WB,BHARATBENZ 3723R 10X2
BHARATBENZ 3128C 8X4,BHARATBENZ 3128R 8X4
BHARATBENZ 5532TT 4X2 -14,BHARATBENZ 5532R 4X2
BHARATBENZ 3123R 8X2 BS 3 HGV,BHARATBENZ 3123R 8X2
BHARATBENZ 1217R N2,BHARATBENZ 1217R
3123R,BHARATBENZ 3123R
2523 R,DAIMLER OTHER
BHARATBENZ 3723R 10X2 -9,BHARATBENZ 3723R 10X2
2528C 6X4 4275 WB,BHARATBENZ 2528C 6X4
MERCEDDES BENZ A200 CDI,DAIMLER OTHER
BHARATBENZ 2523C,BHARATBENZ 2523R
BB 4828R 10X2 BS6,BHARATBENZ 4828R 10X2
BHARATBENZ 1214R-51 HSD LB WB 4250,BHARATBENZ 1214R
BHARATBENZ 2823C 6X4 N3G,BHARATBENZ 2823R 6X4
BHARATBENZ 4023 TT 4X2,BHARATBENZ 4023R 4X2
MERCEDES-BENZ A180 CDI AT,DAIMLER OTHER
BHARATBENZ 2523C 6X4-6,BHARATBENZ 2523R 6X4
BHARATBENZ 2823R 6X4,BHARATBENZ 2823R 6X4
BHARATBENZ 1617RD,BHARATBENZ 1617R
BHARATBENZ 3123R 6X2,BHARATBENZ 3123R 6X2
A200 CDI CBU MERCEDES-BENZ,DAIMLER OTHER
,DAIMLER OTHER
MERCEDES-BENZ GL 350 CDI,DAIMLER OTHER
BHARATBENZ 3123R 8 2,BHARATBENZ 3123R
OTHERS,DAIMLER OTHER
BHARATBENZ 2523C 6X4,BHARATBENZ 2523R 6X4
BHARATBENZ 1617R,BHARATBENZ 1617R
BHARATBENZ OF 1017 BUS-12,BHARATBENZ 1017R
C 300 CABRIOLET,DAIMLER OTHER
B180 CDI,DAIMLER OTHER
BHARATBENZ 1214R 4 2 DAY,BHARATBENZ 1214R
BHARATBENZ 2523C,BHARATBENZ 2523R
CLS 350 CDI,DAIMLER OTHER
4928 TT,DAIMLER OTHER
C 300 D,DAIMLER OTHER
BHARATBENZ 4023TT 4X2 -2,BHARATBENZ 4023R 4X2
BHARATBENZ 3523R 8X2 N3-7,BHARATBENZ 3523R 8X2
BHARATBENZ 3123/R,BHARATBENZ 3123R
BHARATBENZ1617R,BHARATBENZ OTHER
B 200 D,DAIMLER OTHER
BHARATHBENZ914BSIVBU,DAIMLER OTHER
BHARATBENZ 1623 CHASSIS-8,BHARATBENZ 1623R
MERCEDES-BENZ E200,DAIMLER OTHER
BHARATBENZ 1214 R 16,BHARATBENZ 1214R
BHARATBENZ 2523C 4275WB,BHARATBENZ 2523R
BHARATBENZ 3528C 8X4,BHARATBENZ 3528R 8X4
BHARATBENZ 2523R 6X2,BHARATBENZ 2523R 6X2
BHARATBENZ 1415R,BHARATBENZ 1415R
BHARATBENZ 3528C 8X4,BHARATBENZ 3528R 8X4
MERCEDES-BENZ B 200 CDI,DAIMLER OTHER
BHARATBENZ 4928T TRACTOR,BHARATBENZ 4928R
BHARATBENZ 5228TT 4X2 -2,BHARATBENZ 5228R 4X2
3723R 10X2 6575WB BS3,BHARATBENZ 3723R 10X2
MERCEDEZ BENZ C220 CDI,DAIMLER OTHER
BHARATBENZ 3523.R 8X2 -1,BHARATBENZ 3523R 8X2
RHINO RX DLX,DAIMLER OTHER
BHARATBENZ 2523R 6X2 3,BHARATBENZ 2523R 6X2
BHARATBENZ 2523C 6X4 BSIII4,BHARATBENZ 2523R 6X4
BHARATBENZ 2523 R,BHARATBENZ 2523R
BHARATBENZ 3528CM 8X4-2,BHARATBENZ 3528R 8X4
BENZ 2523R,BHARATBENZ 2523R
1617R 4X2 5900 WB,BHARATBENZ 1617R 4X2
B 180 BLUE EFFICIENCY SPORTS,DAIMLER OTHER
BHARATBENZ 3128C 8X4 -5,BHARATBENZ 3128R 8X4
BHARATBENZ 1617R 5900 HSD(7200,BHARATBENZ 1617R
BHARATBENZ 1214R,BHARATBENZ 1214R
BHARATBENZ 914,BHARATBENZ OTHER
BHARATBENZ 1014R CP-7,BHARATBENZ 1014R
BHARATBENZ 914R 4X2 4800,BHARATBENZ 4800R 4X2
BHARATBENZ 1217C,BHARATBENZ 1217R
BHARATBENZ 4832R 10X2,BHARATBENZ 4832R 10X2
BHARATBENZ 1926C 4X2,BHARATBENZ 1926R 4X2
BHARATBENZ 1617R 5100MM,BHARATBENZ 1617R
TRUCK 3723 BHARAT BE,DAIMLER OTHER
BHARATBENZ 2528C - 6,BHARATBENZ 2528R
BENZ GL350CDILX,DAIMLER OTHER
BHARATBENZ 1214R 4X2,BHARATBENZ 1214R 4X2
BHARATBENZ 3123R 8X2,BHARATBENZ 3123R 8X2
BHARATBENZ 3123R 8*2 WB BS3,BHARATBENZ 3123R
BENZ 1214,DAIMLER OTHER
BHARATBENZ 1214R BS111,BHARATBENZ 1214R
BHARATBENZ 2823R 6X2 -14,BHARATBENZ 2823R 6X2
3123R 8X2,BHARATBENZ 3123R 8X2
BHARATBENZ 2823R 6X2 -01,BHARATBENZ 2823R 6X2
BHARATBENZ 2523 R 6X2 5175,BHARATBENZ 2523R 6X2
BHARATBENZ 1214R BS3,BHARATBENZ 1214R
MERCEDES-BENZ E200,DAIMLER OTHER
3723R 10X2 CHS RT HD,BHARATBENZ 3723R 10X2
BHARATBENZ 4928 TT 6X4,BHARATBENZ 4928R 6X4
BHARATBENZ 1617R-5,BHARATBENZ 1617R
BHARATBENZ 2523R WB,BHARATBENZ 2523R
BHARATBENZ 4228R 10X2 -16,BHARATBENZ 4228R 10X2
BHARATBENZ 4023TT 4X2 -2,BHARATBENZ 4023R 4X2
BHARATBENZ 3123R 8X2 - 1,BHARATBENZ 3123R 8X2
BHARATBENZ 2523 C 64 4275 MMWB,BHARATBENZ 2523R
BHARATBENZ 2528C 6X4 4275,BHARATBENZ 2528R 6X4
CLS 300 D,DAIMLER OTHER
W211-E270 CDI AT,DAIMLER OTHER
BHARATBENZ 3123R 8X,BHARATBENZ 3123R
BHARATBENZ 2523R 6X2,BHARATBENZ 2523R 6X2
BHARATBENZ 1214R,BHARATBENZ 1214R
BHARATBENZ 2523 C 6X4,BHARATBENZ 2523R 6X4
BHARATBENZ 1015R,BHARATBENZ 1015R
MERCEDES-BENZ,DAIMLER OTHER
W164 ML 350 CDI AT,DAIMLER OTHER
BHARATBENZ 1214R,BHARATBENZ 1214R
BHARATBENZ 1214 R 4X2,BHARATBENZ 1214R 4X2
BHARATBENZ 914R,BHARATBENZ OTHER
MERCEDES-BENZ C220 CDI AT,DAIMLER OTHER
BHARATBENZ 1214R4X2,BHARATBENZ 1214R 4X2
BHARATBENZ 1617,BHARATBENZ 1617R
BHARATBENZ 2523C 6*4,BHARATBENZ 2523R
BHARATBENZ 3123R 8X2,BHARATBENZ 3123R 8X2
BHARATBENZ 1617R,BHARATBENZ 1617R
BENZ ML 350 CDI,DAIMLER OTHER
MERCEDES-BENZ C-200 K,DAIMLER OTHER
BHARATBENZ 1014R,BHARATBENZ 1014R
BHARATBENZ 1215R N2,BHARATBENZ 1215R
BHARATBENZ 1214R-1,BHARATBENZ 1214R
W211 E220 CDI,DAIMLER OTHER
BHARATBENZ1214R 4X2,BHARATBENZ OTHER
BHARATBENZ OF1624 BUS,BHARATBENZ OTHER
BHARATBENZ 3723R,BHARATBENZ 3723R
MERCEDEZ BENZ,DAIMLER OTHER
BHARATBENZ 1014R -4,BHARATBENZ 1014R
BHARATBENZ 2523C 6X4 4275 WB,BHARATBENZ 2523R 6X4
BHARATH BENZ 1214R,BHARATBENZ 1214R
GLC 300 4MATIC,DAIMLER OTHER
BHARATBENZ 4228R 10X2-5,BHARATBENZ 4228R 10X2
BHARATBENZ 2523C 6X4 DA,BHARATBENZ 2523R 6X4
914 BUS,DAIMLER OTHER
BHARATBENZ 2528C 6X4 - 17 BSI,BHARATBENZ 2528R 6X4
BHARATBENZ 2523R 6 X2,BHARATBENZ 2523R
AMG G 63 4 MATIC,DAIMLER OTHER
BHARATBENZ 2528C - 2,BHARATBENZ 2528R
BHARATBENZ 3528C 8X4,BHARATBENZ 3528R 8X4
2523R 6X2 5175WB,BHARATBENZ 2523R 6X2
GLA200,DAIMLER OTHER
5528T 6X4E6SLCCBCHRTPTOHDTTBS6,BHARATBENZ OTHER
BHARATBENZ 4023TT 4X2,BHARATBENZ 4023R 4X2
BHARATBENZ 2523C 6X4-7,BHARATBENZ 2523R 6X4
BHARATBENZ 1014R,BHARATBENZ 1014R
BHARATBENZ 4828RT 10X4 - 2,BHARATBENZ 4828R 10X4
BHARATBENZ 914R 4X2 3760WB,BHARATBENZ OTHER
BHARATBENZ 1217C - 1,BHARATBENZ 1217R
GLA 200 CDI,DAIMLER OTHER
B 200 CDI,DAIMLER OTHER
BHARATBENZ 2523C 6X4 BS4,BHARATBENZ 2523R 6X4
B180,DAIMLER OTHER
BHARATBENZ 1415R,BHARATBENZ 1415R
V 220 D L,DAIMLER OTHER
MERCEDES-BENZ SALOON,DAIMLER OTHER
B180,DAIMLER OTHER
BHARATBENZ 3123R 6X2,BHARATBENZ 3123R 6X2
BHARATBENZ 1214R 12,BHARATBENZ 1214R
MARCEDES BENZ E 200K,DAIMLER OTHER
MERCEDES-BENZ GL 350 CDI,DAIMLER OTHER
BHARATBENZ 0F917 BUS -110,BHARATBENZ OTHER
W 203-C220 CDI(DIESEL),DAIMLER OTHER
BHARATBENZ 3128,BHARATBENZ 3128R
4928,DAIMLER OTHER
BHARATBENZ 2528C 6 4,BHARATBENZ 2528R
GLA 200 CDI SPORT UTI VEH,DAIMLER OTHER
BHARATBENZ 4628TT 4X2 - 13,BHARATBENZ 4628R 4X2
1617R 4X2 HSDW RT MD,BHARATBENZ 1617R 4X2
BHARATBENZ 1214R -11,BHARATBENZ 1214R
B BENZ 1214R 4X2,BHARATBENZ 1214R 4X2
MERCEDES-BENZ.,DAIMLER OTHER
C 220 CDI CBU,DAIMLER OTHER
BHARATBENZ 3828R 8X2,BHARATBENZ 3828R 8X2
BHARATBENZ 1214R -10,BHARATBENZ 1214R
BHARATBENZ 3123R 8X2,BHARATBENZ 3123R 8X2
BHARATBENZ 4028TT 4X2 -9,BHARATBENZ 4028R 4X2
BHARATBENZ 1415R,BHARATBENZ 1415R
BHARATBENZ 1617R,BHARATBENZ 1617R
BHARATBENZ 4023TT 4X2 BS3 HORS,BHARATBENZ 4023R 4X2
BHARATBENZ 1917R,BHARATBENZ 1917R
1214R 4X2,BHARATBENZ 1214R 4X2
MERCEDES-BENZ ML 250CDI 4MATIC,MERCEDES-BENZ ML350
BHARATBENZ 1415R,BHARATBENZ 1415R
BAHART BENZ 914R 3,DAIMLER OTHER
BHARATH BENZ 914R,DAIMLER OTHER
BHARATBEZN 914R 4X2,DAIMLER OTHER
BHARATBENZ 2823R 6X2,BHARATBENZ 2823R 6X2
BHARATBENZ 1617R,BHARATBENZ 1617R
BHARATBENZ 2326R,BHARATBENZ 2326R
BHARATBENZ 4023T 4/2 3600 WB B,BHARATBENZ 4023R
BHARATBENZ 2523C 6X4 2,BHARATBENZ 2523R 6X4
,DAIMLER OTHER
BHARATBENZ 3723R 10X2,BHARATBENZ 3723R 10X2
BHARATBENZ 2523R 6X2,BHARATBENZ 2523R 6X2
BHARATBENZ 4928 TT,BHARATBENZ 4928R
1623/5950 BS4 TR295/80R RAR4.7,DAIMLER OTHER
BHARATBENZ 3123RC,BHARATBENZ 3123R
BHARATBENZ 4832R 10X2,BHARATBENZ 4832R 10X2
3123 R 8X2,DAIMLER OTHER
CKDW-204,DAIMLER OTHER
BHARATBENZ 1617R 10 CAB,BHARATBENZ 1617R
BHARATBENZ 2528C 6X4,BHARATBENZ 2528R 6X4
BHARATBENZ 1923C 4X2BSIV N3G-3,BHARATBENZ 1923R 4X2
GLC 220D 4MATIC,DAIMLER OTHER
BHARATBENZ 1617R 4X2 5100 WB,BHARATBENZ 1617R 4X2
BHARATBENZ 1214R 4X2 4250BW,BHARATBENZ 1214R 4X2
MERCEDES-BENZ E280 CDI,DAIMLER OTHER
BHARATBENZ1214R-8,BHARATBENZ OTHER
MERCEDES-AMG GLE43 4MATICCOUPE,DAIMLER OTHER
1617 R,DAIMLER OTHER
BHARATBENZ 2523R 6*2BSIII,BHARATBENZ 2523R
BHARATH BENZ,DAIMLER OTHER
BHARATBENZ 1215R,BHARATBENZ 1215R
2523R 6X2 6375 WB,BHARATBENZ 2523R 6X2
BHARATBENZ 2523R 6X2,BHARATBENZ 2523R 6X2
BENZ 1214R 4X2 4500 WB,BHARATBENZ 1214R 4X2
BHARATBENZ 3528C 8X4,BHARATBENZ 3528R 8X4
BHARATBENZ 2826C 6X4 N3G-4,BHARATBENZ 2826R 6X4
BHARATBENZ 1014R CP-2,BHARATBENZ 1014R
E220 D 4 MATIC,DAIMLER OTHER
MERCEDES-BENZ GL350CDI,DAIMLER OTHER
BHARATBENZ 2523R 6X2,BHARATBENZ 2523R 6X2
BHARATBENZ 917,BHARATBENZ OTHER
MERCEDES-BENZ E280 CDI AT,DAIMLER OTHER
BHARATBENZ 1214R,BHARATBENZ 1214R
BHARATBENZ 2523R 6X2,BHARATBENZ 2523R 6X2
BHARATBENZ 1214R-11,BHARATBENZ 1214R
BENZ E 200K,DAIMLER OTHER
BHARATBENZ 3723R 10X2 6575 WB,BHARATBENZ 3723R 10X2
BHARATBENZ 914 R4*2 HSD,BHARATBENZ OTHER
GLS 400 4MATIC,DAIMLER OTHER
BENZ A 180 BS4,DAIMLER OTHER
BHARATBENZ 2826C 6X4BSVIN3G-16,BHARATBENZ 2826R 6X4
BHARATBENZ 1214R - 44,BHARATBENZ 1214R
BHARATBENZ 1214R-5,BHARATBENZ 1214R
,DAIMLER OTHER
6,DAIMLER OTHER
BHARATBENZ 3123R 8X2 6375 WB,BHARATBENZ 3123R 8X2
BHARATBENZ 4023 T 4X2,BHARATBENZ 4023R 4X2
BHARATBENZ 1117R 4X2,BHARATBENZ 1117R 4X2
MERCEDES-BENZ C 200 EURO4,DAIMLER OTHER
5528T 6X4E6SLCCABCHRTHDAWTTBS6,BHARATBENZ OTHER
6 HEAVY GOODS,DAIMLER OTHER
G 400 D,DAIMLER OTHER
BHARATBENZ 1015R,BHARATBENZ 1015R
2523R 6X2 5175 WB,BHARATBENZ 2523R 6X2
4023 T,DAIMLER OTHER
BHARATBENZ 1617R 5100 FSD (598,BHARATBENZ 1617R
BHARATBENZ 1214R N2,BHARATBENZ 1214R
BHARATBENZ 2523C - 10,BHARATBENZ 2523R
BHARATBENZ 2528C 6X4-4,BHARATBENZ 2528R 6X4
B200 D,DAIMLER OTHER
BHARATH BENZ 3123R,BHARATBENZ 3123R
BHARATBENZ2523R6X2B3,BHARATBENZ OTHER
MERCEDES-BENZ C 230 PETROL,DAIMLER OTHER
BENZ 3123R 8X2 5775WB,BHARATBENZ 3123R 8X2
BHARATBENZ3123R8X2 5775WB BS4,BHARATBENZ OTHER
BHARATBENZ 3123R 8X2 5775 WB,BHARATBENZ 3123R 8X2
BHARATBENZ 4828R 10X2-5 -PH2,BHARATBENZ 4828R 10X2
BHARATBENZ 2828C 6X4 BSVIN3G-4,BHARATBENZ 2828R 6X4
BHARATBENZ 1415R,BHARATBENZ 1415R
BHARATBENZ 2523R 6X2-2,BHARATBENZ 2523R 6X2
BHARATBENZ 914R CONTAINER,BHARATBENZ OTHER
BHARATBENZ 1015R,BHARATBENZ 1015R
BHARATBENZ 2823R 6X2 -11,BHARATBENZ 2823R 6X2
2523R 6X2 5175 SLC CHS RT AW,BHARATBENZ 2523R 6X2
A200 CDI,DAIMLER OTHER
MERCEDES-BENZ B250,DAIMLER OTHER
GLA200 CDI,DAIMLER OTHER
BENZ 3123 R,DAIMLER OTHER
MERCEDES-BENZ A 180 CDI RHD,DAIMLER OTHER
MERCEDES-BENZ 200K,DAIMLER OTHER
4023T 4X2 3600 SLEEPER,BHARATBENZ 3600R 4X2
HMV/GOODS VEHICLE,DAIMLER OTHER
3528C 8X4E6DYCT19BXSTHDRTHDBS6,BHARATBENZ 3528R 8X4
BHARATBENZ 1214R,BHARATBENZ 1214R
B B 2523C 6X4 4275WB,BHARATBENZ 2523C 6X4
LMV MERCEDES-BENZ,DAIMLER OTHER
BHARATBENZ 3123R 8X2 -3,BHARATBENZ 3123R 8X2
MERCEDES-BENZ A 180,DAIMLER OTHER
BHARATBENZ 1214R - 14 HSD,BHARATBENZ 1214R
BHARATBENZ 3723R 10X2,BHARATBENZ 3723R 10X2
BHARATBENZ 2528C 6X4 -11,BHARATBENZ 2528R 6X4
B 4023T 4*2 3600WB BS3,BHARATBENZ OTHER
2523R,BHARATBENZ 2523R
BHARATBENZ 4023 TT 4X2,BHARATBENZ 4023R 4X2
1214 R,DAIMLER OTHER
BHARATBENZ 5528TT 6X4,BHARATBENZ 5528R 6X4
BHARATBENZ 1214R -14,BHARATBENZ 1214R
E 220 CDI,DAIMLER OTHER
MERCEDES-BENZ E-280 CDI,DAIMLER OTHER
BENZ BS3,DAIMLER OTHER
2523 C 6X4 4275WB,DAIMLER OTHER
BHARATBENZ 914R4*2 3760WBBSIII,BHARATBENZ OTHER
BHARATBENZ 914R-1,BHARATBENZ OTHER
MERCEDES-BENZ E280,DAIMLER OTHER
MERCEDES-BENZ E 250,DAIMLER OTHER
BENZ 3123R 8X2 5775,BHARATBENZ 3123R 8X2
BHARATBENZ 3123R BS3,BHARATBENZ 3123R
BHARATBENZ 1214R E DYC,BHARATBENZ 1214R
MERCEDES-AMG GLE43 4MATICCOUPE,DAIMLER OTHER
BHARATBENZ 3 123R,BHARATBENZ OTHER
3123R,BHARATBENZ 3123R
BHARATBENZ 1214R 4X2 4250 WB,BHARATBENZ 1214R 4X2
BHARATBENZ 1117R 4X2-3 -PH,BHARATBENZ 1117R 4X2
BHARATBENZ 2828C 6X4 -39,BHARATBENZ 2828R 6X4
BHARATBENZ 2523C 6X4 -6,BHARATBENZ 2523R 6X4
BHARATBENZ -7 1014R 4X2 4250 MM,BHARATBENZ 1014R 4X2
4928T 6X4 3975 SLC CHS RT AW,BHARATBENZ 3975R 6X4
BHARATBENZ1617R,BHARATBENZ OTHER
BHARATBENZ,BHARATBENZ OTHER
BB 3123R 8X2 BS3,BHARATBENZ 3123R 8X2
BHARATBENZ 2823C 6X4 BSVIN3G-1,BHARATBENZ 2823R 6X4
BHARATBENZ 3723R 10X2,BHARATBENZ 3723R 10X2
MERCEDES-BENZ C- 200K,DAIMLER OTHER
BHARATBENZ 2523R 62BSIII,BHARATBENZ 2523R
BHARATBENZ 1217C,BHARATBENZ 1217R
BHARATBENZ 1617R,BHARATBENZ 1617R
3123R 8X23 5775 WB BS4,BHARATBENZ 3123R 8X23
C220 CDI,DAIMLER OTHER
BENZ C200,DAIMLER OTHER
BHARATBENZ 1015R -37,BHARATBENZ 1015R
BHARATBENZ 1015R,BHARATBENZ 1015R
BHARATBENZ 4928TT 6X4,BHARATBENZ 4928R 6X4
BHARATHBENZ 1214R,BHARATBENZ 1214R
BHARATBENZ 2523C BS 3,BHARATBENZ 2523R
BHARATBENZ 2523C,BHARATBENZ 2523R
BENZ 2523R 6X2 5175WB,BHARATBENZ 2523R 6X2
BHARATBENZ 914R,BHARATBENZ OTHER
BHARATH BENZ 1014R,BHARATBENZ 1014R
E 200 CGI,DAIMLER OTHER
BHARATBENZ OF1014 BUS,BHARATBENZ OTHER
BHARATBENZ 4928,BHARATBENZ 4928R
MERCEDES-BENZ C 220CDI,DAIMLER OTHER
BHARATBENZ1617RBSVI-5,BHARATBENZ OTHER
BHARATBENZ 2523R 6X2,BHARATBENZ 2523R 6X2
BHARATBENZ 3523R BSVI8X2 N3-24,BHARATBENZ 3523R 8X2
BHARATBENZ 4928TT 6X4 3975MM B,BHARATBENZ 4928R 6X4
GLC 300 4MATIC,DAIMLER OTHER
BHARATBENZ 1014R,BHARATBENZ 1014R
CLA 200 CDICBU SPORT MERC BENZ,DAIMLER OTHER
BHARATBENZ 3723 R 10X2 BSIV3,BHARATBENZ 3723R 10X2
BHARATBENZ 1415R,BHARATBENZ 1415R
BHARAT 1617 R,DAIMLER OTHER
BHARAT BEZ 1617 R,DAIMLER OTHER
BHARATBENZ 914R 4X2,BHARATBENZ OTHER
GL 350 CDI AT 4MATIC,DAIMLER OTHER
BHARATBENZ 2826C 6X4BSVIN3G-12,BHARATBENZ 2826R 6X4
BHARATBENZ 1917R-1 -PH2,BHARATBENZ 1917R
BHARATBENZ 4928T,BHARATBENZ 4928R
BHARATBENZ 3723R 10X2 BS3,BHARATBENZ 3723R 10X2
MERCEDES-BENZ E 400 CABRIOLE,DAIMLER OTHER
BHARATBENZ 3123R - 19,BHARATBENZ 3123R
MERCEDES-BENZ C 220CDI,DAIMLER OTHER
BHARATBENZ 3528C 8X4,BHARATBENZ 3528R 8X4
BHARATBENZ 2823R 6X2 -12,BHARATBENZ 2823R 6X2
BHARATBENZ 3123R 8X2 -2,BHARATBENZ 3123R 8X2
BH BENZ 2523C 6X4 WBBSII,BHARATBENZ 2523C 6X4
GLE 450AMG,DAIMLER OTHER
M BENZ GLA200,DAIMLER OTHER
MERCEDES-BENZ C200 EURO IV,DAIMLER OTHER
4023T,BHARATBENZ OTHER
BHARATBENZ 2523,BHARATBENZ 2523R
BHARATBENZ 2828C 6X4-19,BHARATBENZ 2828R 6X4
B 180 B E SPORTS TOURER RHD,DAIMLER OTHER
MERCEDES-BENZ E 250 CDI AT,DAIMLER OTHER
BHARATBENZ 2523R 6X2 -1,BHARATBENZ 2523R 6X2
BHARATBENZ 1617R 5100 HSD (598,BHARATBENZ 1617R
GLC 220 D,DAIMLER OTHER
BHARATBENZ 1215R,BHARATBENZ 1215R
MERCEDES-BENZ E220CDI,DAIMLER OTHER
BHARATBENZ 3528C 8X4-5,BHARATBENZ 3528R 8X4
BHARATBENZ 1923C 4X2 N3G,BHARATBENZ 1923R 4X2
BHARATBENZ 1214R 4X2,BHARATBENZ 1214R 4X2
MERCEDES-BENZ GLA200 CDI SPORT,DAIMLER OTHER
BHARATBENZ 917-37SEATER,BHARATBENZ OTHER
BHARATBENZ 4023 TT 4X2,BHARATBENZ 4023R 4X2
BHARATBENZ 917 BUS,BHARATBENZ OTHER
4023T 4X2 CHS RT PTO HD,BHARATBENZ OTHER
BHARATBENZ 2823C 6X4 N3G,BHARATBENZ 2823R 6X4
MERCEDES-BENZ A 180 CDI SPORT,DAIMLER OTHER
BHARATBENZ 4023 T,BHARATBENZ 4023R
BENZ C 220 CDI,DAIMLER OTHER
E270 CDI,DAIMLER OTHER
BHARATBENZ 4228R 10X2 -5,BHARATBENZ 4228R 10X2
BHARATBENZ 1214R 42 3760 WB B,BHARATBENZ 1214R
3723 R,DAIMLER OTHER
BHARATBENZ 1117 4X2,BHARATBENZ 1117R 4X2
MERCEDES-BENZ C 220 CDI,DAIMLER OTHER
MERCEDES-BENZ ML 350 CDI,MERCEDES-BENZ ML350
BHARATBENZ 3723R BS3,BHARATBENZ 3723R
W 164 ML320 CDI AT,DAIMLER OTHER
BHARATBENZ 1917R -1,BHARATBENZ 1917R
BHARATBENZ 914R HSD LB,BHARATBENZ OTHER
MERCEDES-BENZ GLC 220 D,DAIMLER OTHER
BHARATBENZ 914,BHARATBENZ OTHER
BHARATBENZ 3128C 8X4,BHARATBENZ 3128R 8X4
BHARATBENZ 2523C 6X4 -,BHARATBENZ 2523R 6X4
BHARATBENZ1917RBSVI,BHARATBENZ OTHER
BHARATBENZ 4928T 6X4,BHARATBENZ 4928R 6X4
MERCEDES-BENZ OH2436 BSIIIBUS-2,DAIMLER OTHER
BHARATBENZ 5528TT 4X2 -11,BHARATBENZ 5528R 4X2
BHARATBENZ 1215R-22,BHARATBENZ 1215R
BHARATHBENZ 3723R 10X2,BHARATBENZ 3723R 10X2
BHARATBENZ 1117R 4X2-6 -PH2,BHARATBENZ 1117R 4X2
MERCEDES-BENZ E 220 CDI,DAIMLER OTHER
BHARATBENZ 2528C 6X4,BHARATBENZ 2528R 6X4
BHARATBENZ 5028TT 4X2,BHARATBENZ 5028R 4X2
BHARATBENZ 914R -8,BHARATBENZ OTHER
BHARATBENZ 3723R 10X2,BHARATBENZ 3723R 10X2
BENZ 3723 R,DAIMLER OTHER
BHARATH BENZ 4023T,BHARATBENZ OTHER
MERCEDES-BENZ S 500 L CBU,DAIMLER OTHER
BHARATBENZ 2523 C 6X4,BHARATBENZ 2523R 6X4
BHARATBENZ 3128C 8X4 - 5 19CU,BHARATBENZ 3128R 8X4
BHARATBANZ 4023T 4X2 3600,BHARATBENZ 3600R 4X2
MERCEDES-BENZ G55AMG,DAIMLER OTHER
BHARATBENZ 2523C 6X4 WB,BHARATBENZ 2523R 6X4
BHARATBENZ 5428TT+ 4X2,BHARATBENZ 5428R 4X2
BHARATBENZ 1917R,BHARATBENZ 1917R
BHARATBENZ 1014R,BHARATBENZ 1014R
BHARATBENZ 1214R-14,BHARATBENZ 1214R
BAHART BENZ 914R 4X2 3,DAIMLER OTHER
BHARATBENZ 1214R,BHARATBENZ 1214R
BHARATBENZ 4023TT 4X2,BHARATBENZ 4023R 4X2
BENZ 2523C 6 4 4275 WB BS4,BHARATBENZ 2523C
BHARATBENZ 2523C 6X4,BHARATBENZ 2523R 6X4
GLC 43 AMG,DAIMLER OTHER
BHARATBENZ 1214R 4X2,BHARATBENZ 1214R 4X2
5528TT BS4 SLC CHS RT HDP GB,BHARATBENZ OTHER
BHARATBENZ 3128C 8X4 2,BHARATBENZ 3128R 8X4
BENZ 2523X 6X4 4275 WB,DAIMLER OTHER
MERCEDES-BENZ B 180 CDI,DAIMLER OTHER
B B 2523C 6X4 4275 WB,BHARATBENZ 2523C 6X4
