clean_model,final_model,count
10.59 XP E HSD RHD,EICHER 10.50,6
10.59 XP,EICHER 10.50,5
10.59 XP E HSD,EICHER 10.50,5
10.59E,EICHER 10.50,5
10.50,EICHER 10.50,4
10.59XP E HSD,EICHER 10.50,4
10.50 C,EICHER 10.50,3
10.50 RHD,EICHER 10.50,3
10.50 RHD E CAB,EICHER 10.50,3
10.59,EICHER 10.50,3
10.59 RHD E CAB BODY,EICHER 10.50,3
10.59XP,EICHER 10.50,3
10.59XP E HSD RHD,EICHER 10.50,3
10.59XP E HSD RHD GB,EICHER 10.50,3
10.59XP RHD E CAB HSD BSII,EICHER 10.50,3
10.50 E CWC HB,EICHER 10.50,2
10.50 E HSD,EICHER 10.50,2
10.59 E,EICHER 10.50,2
10.59 E CBC RHD,EICHER 10.50,2
10.59 E HSD,EICHER 10.50,2
10.59 E HSD RHD,EICHER 10.50,2
10.59 HSD,EICHER 10.50,2
10.59 P E HSD RHD,EICHER 10.50,2
10.59 RHD,EICHER 10.50,2
10.59 RHD E,EICHER 10.50,2
10.59 XP E CBC RHD,EICHER 10.50,2
10.59 XP E RHD,EICHER 10.50,2
10.59 XPE,EICHER 10.50,2
10.59 XPEHSDE-II,EICHER 10.50,2
10.59XP E,EICHER 10.50,2
10.59XPE HSD,EICHER 10.50,2
10,EICHER 10.50,1
10 50,EICHER 10.50,1
10 50 C BUS 12 SEATER,EICHER 10.50,1
10 50 C CWC,EICHER 10.50,1
10 50 RHD E C,EICHER 10.50,1
10.5,EICHER 10.50,1
10.50 C BUS HB,EICHER 10.50,1
10.50 C CBC RHD,EICHER 10.50,1
10.50 C FSD BS II,EICHER 10.50,1
10.50 C.CWC,EICHER 10.50,1
10.50 CABIN,EICHER 10.50,1
10.50 CABIN AND FSD,EICHER 10.50,1
10.50 CABIN FSD,EICHER 10.50,1
10.50 CWC HB,EICHER 10.50,1
10.50 E,EICHER 10.50,1
10.50 E BS II,EICHER 10.50,1
10.50 E BUS,EICHER 10.50,1
10.50 E CWC,EICHER 10.50,1
10.50 E FSD RHD STD,EICHER 10.50,1
10.50 E FSD RHD TCI CG,EICHER 10.50,1
10.50 E HSD BS 2,EICHER 10.50,1
10.50 E HSD BS2,EICHER 10.50,1
10.50 E HSD RHD,EICHER 10.50,1
10.50 E HSD TCI PB,EICHER 10.50,1
10.50 EFSD,EICHER 10.50,1
10.50 H HSD RHD,EICHER 10.50,1
10.50 L,EICHER 10.50,1
10.50 LMV GV 2750,EICHER 10.50,1
10.50 LMVGV2750,EICHER 10.50,1
10.50 RHD C CAB HSD BSII,EICHER 10.50,1
10.50 RHD C COWL CHSS BSII,EICHER 10.50,1
10.50 RHD E,EICHER 10.50,1
10.50 RHD E BUS PASSENGER -BSI,EICHER 10.50,1
10.50 RHD E CAB FSD GOODS BSII,EICHER 10.50,1
10.50 RHD E CAB HSD,EICHER 10.50,1
10.50 RHDECAB,EICHER 10.50,1
10.50C,EICHER 10.50,1
10.50E,EICHER 10.50,1
10.50E FSD,EICHER 10.50,1
10.52 CABIN AND FSD,EICHER 10.50,1
10.55,EICHER 10.50,1
10.55 C FSD,EICHER 10.50,1
10.55C FSD,EICHER 10.50,1
10.59 BS II,EICHER 10.50,1
10.59 C,EICHER 10.50,1
10.59 C HSD RDH GB,EICHER 10.50,1
10.59 CABIN HIGH SIDE,EICHER 10.50,1
10.59 E CBC RHD GB,EICHER 10.50,1
10.59 E DSD BSII,EICHER 10.50,1
10.59 E HSD BSII,EICHER 10.50,1
10.59 E HSD RHD BSII GB SL,EICHER 10.50,1
10.59 E RHD,EICHER 10.50,1
10.59 EHSD,EICHER 10.50,1
10.59 ESL HSD,EICHER 10.50,1
10.59 H HSD,EICHER 10.50,1
10.59 HSD GB,EICHER 10.50,1
10.59 HSD GB 14FT,EICHER 10.50,1
10.59 HSD RHD,EICHER 10.50,1
10.59 P RHD,EICHER 10.50,1
10.59 RHD E CAB AND BOD,EICHER 10.50,1
10.59 RHD E CAB AND BODY,EICHER 10.50,1
10.59 RHD E CAB HIGH SIDE DECK,EICHER 10.50,1
10.59 RHD E CAB HSD BSII,EICHER 10.50,1
10.59 XP E,EICHER 10.50,1
10.59 XP E HSD RHD 14 FT,EICHER 10.50,1
10.59 XP E HSD RHD GB,EICHER 10.50,1
10.59 XP E RHD BS3GB12FTE2PLUS,EICHER 10.50,1
10.59 XP HSD,EICHER 10.50,1
10.59 XP HSD RHD,EICHER 10.50,1
10.59 XP RHD E,EICHER 10.50,1
10.59 XPE BS II,EICHER 10.50,1
10.59 XPEHSD,EICHER 10.50,1
10.59 XPL,EICHER 10.50,1
10.59 XTRA PAYLOAD,EICHER 10.50,1
10.59E HSD,EICHER 10.50,1
10.59H CBC RHD,EICHER 10.50,1
10.59P E HSD RHD,EICHER 10.50,1
10.59X P E HSD,EICHER 10.50,1
10.59XP BS-II,EICHER 10.50,1
10.59XP E HSD BSII GB,EICHER 10.50,1
10.59XP E HSD GB 12FT E2,EICHER 10.50,1
10.59XP E HSD RHD 14FT,EICHER 10.50,1
10.59XP E HSD RHD BS II GB,EICHER 10.50,1
10.59XP E HSD RHD BSII,EICHER 10.50,1
10.59XP E HSD RHD GB E2,EICHER 10.50,1
10.59XP E RHD GB 14FT E2,EICHER 10.50,1
10.59XP RHD,EICHER 10.50,1
10.59XP RHD E,EICHER 10.50,1
10.59XP RHD E CAB AMP HSD BSII,EICHER 10.50,1
10.59XP RHD E CAB BS2,EICHER 10.50,1
10.59XP RHD E HSD,EICHER 10.50,1
10.59XPE HSD RHD GB 14FT,EICHER 10.50,1
10.6,EICHER 10.50,1
1050 C FSD RHD,EICHER 10.50,1
1050 E BUS,EICHER 10.50,1
1050 RHD E,EICHER 10.50,1
ECHIER 10.50,EICHER 10.50,1
EICHER10.50,EICHER 10.50,1
EICHER10.50EF RHDS,EICHER 10.50,1
EICHER10.50RHDECAB,EICHER 10.50,1
10.75,EICHER 10.75,6
10.75 H,EICHER 10.75,4
10.75 H BUS,EICHER 10.75,3
1075 F HSD RHD,EICHER 10.75,3
10.70 F ALC RHD STD GB,EICHER 10.75,2
10.75 BUS,EICHER 10.75,2
10.75 E BUS,EICHER 10.75,2
10.75 E BUS HB,EICHER 10.75,2
10.75 E HSD,EICHER 10.75,2
10.75 E RHD,EICHER 10.75,2
10.75 F CBC RHD,EICHER 10.75,2
10.75 RHD,EICHER 10.75,2
.1075,EICHER 10.75,1
10 75 E II,EICHER 10.75,1
10 75 F BS II,EICHER 10.75,1
10 75 H 32 D BUS BS I,EICHER 10.75,1
10.7,EICHER 10.75,1
10.70,EICHER 10.75,1
10.70 RHD E C,EICHER 10.75,1
10.70 RHD E CAB,EICHER 10.75,1
10.75 28 1 CWOL CHSH,EICHER 10.75,1
10.75 3X2,EICHER 10.75,1
10.75 C BUC WB-2815,EICHER 10.75,1
10.75 CBC,EICHER 10.75,1
10.75 CNG HSD,EICHER 10.75,1
10.75 E,EICHER 10.75,1
10.75 E BUS AB RP,EICHER 10.75,1
10.75 E BUS HB STF,EICHER 10.75,1
10.75 E BUS TCI 20 1 STR,EICHER 10.75,1
10.75 E CBC RHD,EICHER 10.75,1
10.75 E CWC RHD AB,EICHER 10.75,1
10.75 E F/L CWC AB PSRP,EICHER 10.75,1
10.75 E F/L CWC HB,EICHER 10.75,1
10.75 E FSD,EICHER 10.75,1
10.75 E HSD RHD AB,EICHER 10.75,1
10.75 E SCL BUS,EICHER 10.75,1
10.75 F,EICHER 10.75,1
10.75 F BUS RHD,EICHER 10.75,1
10.75 F CWC AB RP ABS,EICHER 10.75,1
10.75 F HSD,EICHER 10.75,1
10.75 F HSD RHD,EICHER 10.75,1
10.75 F.H.S.D.,EICHER 10.75,1
10.75 FHSD RHD GB E2,EICHER 10.75,1
10.75 H 32 1 BUS,EICHER 10.75,1
10.75 H BUS AB,EICHER 10.75,1
10.75 H BUS HB,EICHER 10.75,1
10.75 H BUS HB 33S,EICHER 10.75,1
10.75 H BUS PS,EICHER 10.75,1
10.75 H BUS PS RHD AB STFBSIII,EICHER 10.75,1
10.75 H BUS RHD 2DOOR 31 STR,EICHER 10.75,1
10.75 H CWC PS,EICHER 10.75,1
10.75 H CWC RHD AB PS,EICHER 10.75,1
10.75 H CWC STD RHDAB BSII,EICHER 10.75,1
10.75 H F/L,EICHER 10.75,1
10.75 H F/L CWC AB,EICHER 10.75,1
10.75 H F/L CWC AB RP,EICHER 10.75,1
10.75 H F/L CWC PS,EICHER 10.75,1
10.75 H F/L CWC PS RHD ABBSIII,EICHER 10.75,1
10.75 H SCHOOL BUS TCI,EICHER 10.75,1
10.75 HF/L CWC,EICHER 10.75,1
10.75 HSD,EICHER 10.75,1
10.75 P CARRIER,EICHER 10.75,1
10.75 P RHD C,EICHER 10.75,1
10.75 P RHD C BUS,EICHER 10.75,1
10.75 P RHD E,EICHER 10.75,1
10.75 P RHD E BUS,EICHER 10.75,1
10.75 PRHD E CAB BODY,EICHER 10.75,1
10.75 RHD C CAB CHASS,EICHER 10.75,1
10.75 RHD C CAB CHASSIS,EICHER 10.75,1
10.75 RHD C CAB HSD,EICHER 10.75,1
10.75 RHD E,EICHER 10.75,1
10.75 RHD E CAB,EICHER 10.75,1
10.75 RHD E CAB BODY,EICHER 10.75,1
10.75 RHD E CAB CHASSIS,EICHER 10.75,1
10.75 RHD E D/VAN,EICHER 10.75,1
10.75 RHD F CAB HSD BSII,EICHER 10.75,1
10.75 RHD F SLPR CAB CHASSIS,EICHER 10.75,1
10.75 RHD H 20 SEATER B,EICHER 10.75,1
10.75 RHD H BUS PASSENGER BS II,EICHER 10.75,1
10.75 S/C,EICHER 10.75,1
10.75 SCL BUS RHD,EICHER 10.75,1
10.75C,EICHER 10.75,1
10.75E,EICHER 10.75,1
10.75E BUS HB SCL SRL,EICHER 10.75,1
10.75E HSD RHD STD PB,EICHER 10.75,1
10.75E MINI BUS,EICHER 10.75,1
10.75E ST TROOP CAR,EICHER 10.75,1
10.75F HSD RHD,EICHER 10.75,1
10.75HF/L CWS PS RHD AB,EICHER 10.75,1
10.75HFLCWCPS AB ABS,EICHER 10.75,1
1075 E BS3AB,EICHER 10.75,1
1075 E BUS,EICHER 10.75,1
1075 E CBC RHD,EICHER 10.75,1
1075 E HSD RHD,EICHER 10.75,1
1075 F CBC,EICHER 10.75,1
1075 F CBC RHD,EICHER 10.75,1
1075 F CWC,EICHER 10.75,1
1075 H,EICHER 10.75,1
1075E HSD RHD,EICHER 10.75,1
1075F HSD RHD HB,EICHER 10.75,1
BUS 10.75,EICHER 10.75,1
EICHAR 10.75 F BUS RHD 312,EICHER 10.75,1
EICHER10.75,EICHER 10.75,1
EICHER10.75 H BUS.,EICHER 10.75,1
EICHER10.75FCOWLBSIII,EICHER 10.75,1
10.80,EICHER 10.80,6
10.80 E HSD,EICHER 10.80,2
10.80 F HSD,EICHER 10.80,2
10.80 F HSD RHD,EICHER 10.80,2
10.80 XP C CBC PTO AB,EICHER 10.80,2
10.80XP C CBC PTO AB GB,EICHER 10.80,2
10 80,EICHER 10.80,1
10.8,EICHER 10.80,1
10.80 AB,EICHER 10.80,1
10.80 C CBC PTO RDH,EICHER 10.80,1
10.80 C CBC PTO RHD AB,EICHER 10.80,1
10.80 C CBC RHD,EICHER 10.80,1
10.80 C CBC TCI,EICHER 10.80,1
10.80 C CBCPTO RHD BSII,EICHER 10.80,1
10.80 C CBCPTO RHD TCI,EICHER 10.80,1
10.80 C FSD,EICHER 10.80,1
10.80 C FSD RHD AB,EICHER 10.80,1
10.80 C RHD BSII,EICHER 10.80,1
10.80 C TRUCK,EICHER 10.80,1
10.80 C TRUCK BS- II,EICHER 10.80,1
10.80 E HSD RHD HB,EICHER 10.80,1
10.80 E HSD RHD TCI GB,EICHER 10.80,1
10.80 E II,EICHER 10.80,1
10.80 F,EICHER 10.80,1
10.80 F ACV,EICHER 10.80,1
10.80 F CBC,EICHER 10.80,1
10.80 F HSD RHD PB E2 PS,EICHER 10.80,1
10.80 FHSDR HD GBE2 PLUS,EICHER 10.80,1
10.80 RHD,EICHER 10.80,1
10.80 RHD C,EICHER 10.80,1
10.80 RHD C CAB HSD,EICHER 10.80,1
10.80 RHD F CAB HIGH SIDE DE,EICHER 10.80,1
10.80 RHD F CAB HIGH SIDE DECK BSII,EICHER 10.80,1
10.80 RHD H CAB HIGH SIDE DECK BSII,EICHER 10.80,1
10.80 TIPPER,EICHER 10.80,1
10.80 TRUCK,EICHER 10.80,1
10.80 TRUCK BSII,EICHER 10.80,1
10.80 XP C CBC,EICHER 10.80,1
10.80 XP C CBC PTO RHD,EICHER 10.80,1
10.80 XP GB E2 PLUS,EICHER 10.80,1
10.80 XPCCBCPTOABBS3GBE2PLUS,EICHER 10.80,1
10.80.,EICHER 10.80,1
10.80C,EICHER 10.80,1
10.80C CBC PTO RHD BSII AB GB,EICHER 10.80,1
10.80C CBCPTORHDABBSIIIE2PGB,EICHER 10.80,1
10.80C FSD,EICHER 10.80,1
10.80C FSD RHD,EICHER 10.80,1
10.80CCBCRHDTCI AB GB,EICHER 10.80,1
10.80E HSD M. TRUCK B.S.-III,EICHER 10.80,1
10.80F,EICHER 10.80,1
10.80F CBC RHD,EICHER 10.80,1
10.80PC CBC,EICHER 10.80,1
10.80TIPPER,EICHER 10.80,1
10.80XP C CBC RHD PS AB,EICHER 10.80,1
10.80XP C1 CBCPTO RHD,EICHER 10.80,1
1080 XPT C CBC PTO RHD,EICHER 10.80,1
1080EURO2,EICHER 10.80,1
1080XP C PS,EICHER 10.80,1
BUS 1080,EICHER 10.80,1
EICHER10.80,EICHER 10.80,1
EICHER10.80C CBC PTO RHDABBSII,EICHER 10.80,1
EICHER10.80CBC PTO AB GB,EICHER 10.80,1
10.90,EICHER 10.90,5
10.90 BUS,EICHER 10.90,5
10.90 E HSD,EICHER 10.90,4
10.90 CAB AND FSD,EICHER 10.90,3
10.90 F CBC RHD STD GB,EICHER 10.90,3
10.90 G RHD E CAB H.S.DECK,EICHER 10.90,3
10.90 RHD H CAB HSD,EICHER 10.90,3
10.90RHDECAB BODY,EICHER 10.90,3
10.90 E FSD,EICHER 10.90,2
10.90 FSD,EICHER 10.90,2
10.90 G RHD E CAB HSD BSII,EICHER 10.90,2
10.90 GRHDH CAB HIGH SIDE DECK,EICHER 10.90,2
10.90 H CBC,EICHER 10.90,2
10.90 K BUS 41 STARLINE,EICHER 10.90,2
10.90 L,EICHER 10.90,2
10.90E,EICHER 10.90,2
10.90G CAB FIXED SIDE D,EICHER 10.90,2
10 90,EICHER 10.90,1
10 90 CBC,EICHER 10.90,1
10 90 E HSD,EICHER 10.90,1
10 90 F HSDBS,EICHER 10.90,1
10 90 L BUS,EICHER 10.90,1
10 90 RHDE CAB,EICHER 10.90,1
10 90 RHDECAB BODY,EICHER 10.90,1
10 90 RHDKCOWL CHASSIS,EICHER 10.90,1
10.49,EICHER 10.90,1
10.9,EICHER 10.90,1
10.9 E DSD RHD AB TCI GB,EICHER 10.90,1
10.9 K BUS B.S.-III,EICHER 10.90,1
10.90 41 STR BUS,EICHER 10.90,1
10.90 BS II,EICHER 10.90,1
10.90 CAB HIGH SIDE DECK,EICHER 10.90,1
10.90 CAB HSD HIGH SIDE DECK,EICHER 10.90,1
10.90 CABHSD HIGH SIDE DECK,EICHER 10.90,1
10.90 CABIN,EICHER 10.90,1
10.90 CABIN AND FSD,EICHER 10.90,1
10.90 CABIN FDS,EICHER 10.90,1
10.90 COWL AND CHASSIS,EICHER 10.90,1
10.90 CRUISE,EICHER 10.90,1
10.90 E,EICHER 10.90,1
10.90 E HSD RHD STD CW,EICHER 10.90,1
10.90 EFSDRHD,EICHER 10.90,1
10.90 EHSD,EICHER 10.90,1
10.90 F CBC,EICHER 10.90,1
10.90 F CBC RHD,EICHER 10.90,1
10.90 F FSD RHD,EICHER 10.90,1
10.90 F HSD,EICHER 10.90,1
10.90 F HSD BSII,EICHER 10.90,1
10.90 F HSD RHD,EICHER 10.90,1
10.90 F HSD RHD BS2,EICHER 10.90,1
10.90 F HSD RHD TCL GB,EICHER 10.90,1
10.90 FIXED SIDE DECK,EICHER 10.90,1
10.90 G RHD E CAB AMP F.S.DECK,EICHER 10.90,1
10.90 G RHD E CAB AMP H.S.DECK,EICHER 10.90,1
10.90 G RHD E CAB BODY,EICHER 10.90,1
10.90 G RHD E CAB CHASSIS,EICHER 10.90,1
10.90 G RHD E CAB F.S.DECK,EICHER 10.90,1
10.90 G RHD K BUS,EICHER 10.90,1
10.90 GRHD FCAB AMP HIGH SIDE DECK,EICHER 10.90,1
10.90 GRHD FCAB CONT,EICHER 10.90,1
10.90 GRHD FCAB FIXED S.D.,EICHER 10.90,1
10.90 GRHD FCAB HIGH SIDE DECK,EICHER 10.90,1
10.90 GRHD FCAB SIDE DECK,EICHER 10.90,1
10.90 GRHDF SLEEPERCAB AMP H.S.D.,EICHER 10.90,1
10.90 GRHDH CAB AMP HIGH SIDE DECK,EICHER 10.90,1
10.90 GRHDH CAB CHASSIS,EICHER 10.90,1
10.90 GRHDH CAB CONT,EICHER 10.90,1
10.90 GRHDH CAB S.D.,EICHER 10.90,1
10.90 GRHDH CAB SIDE DECK,EICHER 10.90,1
10.90 GRHDH CABHIGH SIDE DECK,EICHER 10.90,1
10.90 GRHDH SLEEPERCAB F.S.D.,EICHER 10.90,1
10.90 H HSD RHD,EICHER 10.90,1
10.90 HSD,EICHER 10.90,1
10.90 K,EICHER 10.90,1
10.90 K CBC,EICHER 10.90,1
10.90 K CBC RHD AB,EICHER 10.90,1
10.90 K F/L,EICHER 10.90,1
10.90 K RHD AB BS-II LT,EICHER 10.90,1
10.90 K SCL BUS,EICHER 10.90,1
10.90 K. BUS B.S.-II,EICHER 10.90,1
10.90 KSCL BS II,EICHER 10.90,1
10.90 L AB PS,EICHER 10.90,1
10.90 L BUS,EICHER 10.90,1
10.90 L BUS AB,EICHER 10.90,1
10.90 L BUS AB P S,EICHER 10.90,1
10.90 L COWL CHS 1DR,EICHER 10.90,1
10.90 L COWL CHSS 2DOOR,EICHER 10.90,1
10.90 L CWC PS RHD,EICHER 10.90,1
10.90 L STARLINE BUS,EICHER 10.90,1
10.90 MGV,EICHER 10.90,1
10.90 RHD E CAB HSD,EICHER 10.90,1
10.90 RHD ECAB BODY,EICHER 10.90,1
10.90 RHD F CAB ALUMIN,EICHER 10.90,1
10.90 RHD F CAB AMP FSD,EICHER 10.90,1
10.90 RHD F CAB CHASS,EICHER 10.90,1
10.90 RHD F CAB CONTAINER,EICHER 10.90,1
10.90 RHD F CAB DSD,EICHER 10.90,1
10.90 RHD F CAB HSD,EICHER 10.90,1
10.90 RHD H CAB DSD,EICHER 10.90,1
10.90 RHD H CAB FSD,EICHER 10.90,1
10.90 RHD K 41 SEATER B,EICHER 10.90,1
10.90 RHD K COWL GOODS/PASSENGER,EICHER 10.90,1
10.90 RHDECAB,EICHER 10.90,1
10.90 SCL BUS,EICHER 10.90,1
10.90 STAR LINE BUS,EICHER 10.90,1
10.90 TRUCK HSD,EICHER 10.90,1
10.90E DSD,EICHER 10.90,1
10.90E HSD,EICHER 10.90,1
10.90E HSD BS II,EICHER 10.90,1
10.90EBS III,EICHER 10.90,1
10.90EFSZRHDTC1,EICHER 10.90,1
10.90F HSD,EICHER 10.90,1
10.90F HSD RHD,EICHER 10.90,1
10.90G CAB AMP FIXED SIDE D,EICHER 10.90,1
10.90G CABFIXED SIDE D,EICHER 10.90,1
10.90GRHD E CAB,EICHER 10.90,1
10.90GRHD E CAB ALUMINI,EICHER 10.90,1
10.90GRHD E CAB CHASSIS,EICHER 10.90,1
10.90KBS2,EICHER 10.90,1
10.90L BUS,EICHER 10.90,1
10.90L COWL AND CHS 2X2,EICHER 10.90,1
10.90L COWL CHASSIS FACE W/O F,EICHER 10.90,1
10.90L COWL CHS 2DR,EICHER 10.90,1
10.90L F/L,EICHER 10.90,1
10.90RHDE BUS,EICHER 10.90,1
10.90RHDECAB,EICHER 10.90,1
10.90RHDKCOWLCHASSIS GOODS BS,EICHER 10.90,1
1090 CABIN,EICHER 10.90,1
1090 L BUS CNG,EICHER 10.90,1
EACHER 10.90,EICHER 10.90,1
EICHER10.90,EICHER 10.90,1
EICHER10.90RHDECAB,EICHER 10.90,1
MGV 10.90 BSII,EICHER 10.90,1
10.95,EICHER 10.95,5
10.95 F HSD,EICHER 10.95,4
10.95 F RHD,EICHER 10.95,4
10.95 HSD,EICHER 10.95,4
10.95 F FSD,EICHER 10.95,3
10.95 FSD,EICHER 10.95,3
10.95 RHD FCAB HIGH SIDE D.B,EICHER 10.95,3
10.95 RHD H CAB HSD,EICHER 10.95,3
10.95 E DSD,EICHER 10.95,2
10.95 F,EICHER 10.95,2
10.95 H HSD RHD AB,EICHER 10.95,2
10.95 RHD E CAB HIGH SIDE DECK,EICHER 10.95,2
10.95 RHD F CAB AND HSD,EICHER 10.95,2
10.95 RHD F CAB HSD,EICHER 10.95,2
10.95 RHD F CAB HSD BSII,EICHER 10.95,2
10.95 RHD H CAB CHASS,EICHER 10.95,2
10.95 RHD H CAB FSD BSII,EICHER 10.95,2
10.95 RHD H CAB HSD BSII,EICHER 10.95,2
10.95F HSD,EICHER 10.95,2
10 95,EICHER 10.95,1
10 95 H,EICHER 10.95,1
10.95 C FSD.,EICHER 10.95,1
10.95 CABIN DSD,EICHER 10.95,1
10.95 E,EICHER 10.95,1
10.95 E ALC RHD CAB BS2,EICHER 10.95,1
10.95 E CBC RHD,EICHER 10.95,1
10.95 E CBC RHD GB,EICHER 10.95,1
10.95 E ESD,EICHER 10.95,1
10.95 E FSD,EICHER 10.95,1
10.95 E FSD RHD,EICHER 10.95,1
10.95 E TRUCK,EICHER 10.95,1
10.95 E TRUCK BS- II,EICHER 10.95,1
10.95 E2 PLUS,EICHER 10.95,1
10.95 EEC BC RHD,EICHER 10.95,1
10.95 F HSD .,EICHER 10.95,1
10.95 F HSD BS 2,EICHER 10.95,1
10.95 F HSD BS II,EICHER 10.95,1
10.95 F HSD BSII,EICHER 10.95,1
10.95 F HSD RHD,EICHER 10.95,1
10.95 F HSD RHD GB,EICHER 10.95,1
10.95 F HSD TCI,EICHER 10.95,1
10.95 F RDH,EICHER 10.95,1
10.95 F TRUCK -BS-II.,EICHER 10.95,1
10.95 F.H.S.D,EICHER 10.95,1
10.95 FSD RHD BIII,EICHER 10.95,1
10.95 H /HSD,EICHER 10.95,1
10.95 H BSII,EICHER 10.95,1
10.95 H CBC RHD,EICHER 10.95,1
10.95 H CBC RHD GB E2,EICHER 10.95,1
10.95 H HSD,EICHER 10.95,1
10.95 H HSD BS111 GB E2 PLUS,EICHER 10.95,1
10.95 H HSD RHD,EICHER 10.95,1
10.95 H HSD RHD AB TCI GB,EICHER 10.95,1
10.95 H HSD RHD GB E2 PL,EICHER 10.95,1
10.95 HHSD,EICHER 10.95,1
10.95 HHSDRHD,EICHER 10.95,1
10.95 HSD E2 PLUS,EICHER 10.95,1
10.95 K CBC AB,EICHER 10.95,1
10.95 LHD,EICHER 10.95,1
10.95 MGV,EICHER 10.95,1
10.95 RADECAB,EICHER 10.95,1
10.95 RHD,EICHER 10.95,1
10.95 RHD C CAB AMP FSD,EICHER 10.95,1
10.95 RHD C CAB AMP FSD BOD,EICHER 10.95,1
10.95 RHD C CAB FSD,EICHER 10.95,1
10.95 RHD C CAB FSD BOD,EICHER 10.95,1
10.95 RHD E CAB AMP HIGH SIDE DECK,EICHER 10.95,1
10.95 RHD E CAB AMP HSD,EICHER 10.95,1
10.95 RHD E CAB DROP SIDE DECK,EICHER 10.95,1
10.95 RHD E CAB FIT.SIDE DECK,EICHER 10.95,1
10.95 RHD E CAB FSD,EICHER 10.95,1
10.95 RHD E CAB HSD,EICHER 10.95,1
10.95 RHD E CABHIGH SIDE DECK,EICHER 10.95,1
10.95 RHD E CABSIDE DECK,EICHER 10.95,1
10.95 RHD F,EICHER 10.95,1
10.95 RHD F CAB AMP FSD,EICHER 10.95,1
10.95 RHD F CAB AMP FSD BSII,EICHER 10.95,1
10.95 RHD F CAB AMP HSD,EICHER 10.95,1
10.95 RHD F CAB AMP HSD BSII,EICHER 10.95,1
10.95 RHD F CAB CHASS,EICHER 10.95,1
10.95 RHD F CAB CHASS BSII,EICHER 10.95,1
10.95 RHD F CAB DSD,EICHER 10.95,1
10.95 RHD F CAB FSD,EICHER 10.95,1
10.95 RHD F CAB FSD BSII,EICHER 10.95,1
10.95 RHD H CAB,EICHER 10.95,1
10.95 RHD H CAB AMP DSD,EICHER 10.95,1
10.95 RHD H CAB AMP FSD,EICHER 10.95,1
10.95 RHD H CAB AMP FSD BSII,EICHER 10.95,1
10.95 RHD H CAB AMP HSD,EICHER 10.95,1
10.95 RHD H CAB AMP HSD BSII,EICHER 10.95,1
10.95 RHD H CAB DSD,EICHER 10.95,1
10.95 RHD H CAB FSD,EICHER 10.95,1
10.95 RHD HCAB DROP SIDE D.B.,EICHER 10.95,1
10.95 RHD HCAB HIGH SIDE D.B.,EICHER 10.95,1
10.95 RHDECAB BODY,EICHER 10.95,1
10.95 RHDECCAB BODY,EICHER 10.95,1
10.95 RHDF SLEEPER CAB F.S.D.B,EICHER 10.95,1
10.95 STD GB,EICHER 10.95,1
10.95 XPH HSD SF AB,EICHER 10.95,1
10.95/ MGV,EICHER 10.95,1
10.95/MGV,EICHER 10.95,1
10.95E,EICHER 10.95,1
10.95F,EICHER 10.95,1
10.95F DSD BSII,EICHER 10.95,1
10.95F FSD,EICHER 10.95,1
10.95F HSD BS II,EICHER 10.95,1
10.95FFSDRHDBS III,EICHER 10.95,1
10.95H HSD BSII,EICHER 10.95,1
10.95H HSD RHD,EICHER 10.95,1
10.95RHDF CAB E483,EICHER 10.95,1
1095 E,EICHER 10.95,1
1095 H,EICHER 10.95,1
1095 H HSD RHD,EICHER 10.95,1
1095F HSD,EICHER 10.95,1
CHASSIS 10.95,EICHER 10.95,1
EHICHER 10.95,EICHER 10.95,1
EIC 10.95H HSD RHD,EICHER 10.95,1
EICHER10.95 E CBC BSIIIGBE2P,EICHER 10.95,1
EICHER10.95 FSD RHDB,EICHER 10.95,1
EICHER10.95RHD FCAB HSD,EICHER 10.95,1
EL 10.95 FHSD,EICHER 10.95,1
11.10,EICHER 11.10,6
11.10 HD,EICHER 11.10,4
11.10 HD RHD H CAB,EICHER 11.10,4
11.10 HD RHD H CAB HSD BS II,EICHER 11.10,4
11.10 XP,EICHER 11.10,4
11.10 XP H HSD,EICHER 11.10,4
11.10HD,EICHER 11.10,4
11.10HD H HSD RHD,EICHER 11.10,4
11.10 HD RHD G CAB CHASSIS,EICHER 11.10,3
11.10 HD RHD G CAB HSD,EICHER 11.10,3
11.10 HD RHD G CAB HSD BSII,EICHER 11.10,3
11.10 HD RHD H CAB FSD BSII,EICHER 11.10,3
11.10 HD RHD H CAB HSD BSII,EICHER 11.10,3
11.1,EICHER 11.10,2
11.10 HD H,EICHER 11.10,2
11.10 HD H CAB HSD,EICHER 11.10,2
11.10 HD RHD G CAB DSD,EICHER 11.10,2
11.10 HD RHD G CAB FIXED SID,EICHER 11.10,2
11.10 HD RHD G CAB FIXED SIDE DECK BSII,EICHER 11.10,2
11.10 HD RHD G CAB FSD EW BS,EICHER 11.10,2
11.10 HD RHD H CAB ALUMINUM,EICHER 11.10,2
11.10 HD RHD H CAB FSD BS II,EICHER 11.10,2
11.10 HD RHD H CAB HSD,EICHER 11.10,2
11.10 HD RHD H CAB HSD SL BSI,EICHER 11.10,2
11.10 RHD FSD,EICHER 11.10,2
11.10 RHD G CAB FSD EW,EICHER 11.10,2
11.10 RHD H CAB HSD BODY,EICHER 11.10,2
11.10 XP G CAB HSD,EICHER 11.10,2
11.10 XP H CAB HSD,EICHER 11.10,2
11.10 XP H HSD RHD,EICHER 11.10,2
11.10 XP H HSD RHD PS 5.8 SF,EICHER 11.10,2
11.10 XP H HSD SF PS GB,EICHER 11.10,2
11.10 XP H HSD WF GB E2,EICHER 11.10,2
11.10G HSD RHD STD,EICHER 11.10,2
11.10HD H HSD RHD GB E2,EICHER 11.10,2
11.10XP,EICHER 11.10,2
11.10XP H HSD,EICHER 11.10,2
11.10XP H HSD RHD PS 5.8 SF,EICHER 11.10,2
1110 XP H HSD PS,EICHER 11.10,2
JUMBO TRUCK 11.10 9MT,EICHER 11.10,2
/11.10HDH HSD/BS-II,EICHER 11.10,1
11 10,EICHER 11.10,1
11 10 H,EICHER 11.10,1
11 10 RHD FSD,EICHER 11.10,1
11.10 BS II,EICHER 11.10,1
11.10 BUS,EICHER 11.10,1
11.10 CBC,EICHER 11.10,1
11.10 E II,EICHER 11.10,1
11.10 E2,EICHER 11.10,1
11.10 G CBC RHD STD CW,EICHER 11.10,1
11.10 H,EICHER 11.10,1
11.10 H HSD SF RHD,EICHER 11.10,1
11.10 HD 20FT,EICHER 11.10,1
11.10 HD BSII,EICHER 11.10,1
11.10 HD CHSD BSII,EICHER 11.10,1
11.10 HD G FSD TCI RHD BS-II,EICHER 11.10,1
11.10 HD G HSD,EICHER 11.10,1
11.10 HD G SL CAB ALUMINUM CONT EW BSII,EICHER 11.10,1
11.10 HD H FSD RHD,EICHER 11.10,1
11.10 HD H HS,EICHER 11.10,1
11.10 HD H HSD,EICHER 11.10,1
11.10 HD H HSD RHD,EICHER 11.10,1
11.10 HD RHD G CAB,EICHER 11.10,1
11.10 HD RHD G CAB AMP CHASSIS,EICHER 11.10,1
11.10 HD RHD G CAB AMP CHASSIS GOODS BSII,EICHER 11.10,1
11.10 HD RHD G CAB AMP FIXED SIDE DECK BSII,EICHER 11.10,1
11.10 HD RHD G CAB AMP HSD,EICHER 11.10,1
11.10 HD RHD G CAB AMP HSD BS II,EICHER 11.10,1
11.10 HD RHD G CAB AMP HSD BSII,EICHER 11.10,1
11.10 HD RHD G CAB GOODS BS,EICHER 11.10,1
11.10 HD RHD G CAB HSD BS II,EICHER 11.10,1
11.10 HD RHD G CAB HSD EW BS,EICHER 11.10,1
11.10 HD RHD G COWL CHASSIS GOODS BSII,EICHER 11.10,1
11.10 HD RHD G SL CAB AMP ALUMINUM CONT BSII,EICHER 11.10,1
11.10 HD RHD G SL CAB CONT EW,EICHER 11.10,1
11.10 HD RHD H CAB AMP DSD BSII,EICHER 11.10,1
11.10 HD RHD H CAB AMP FSD BSII,EICHER 11.10,1
11.10 HD RHD H CAB AMP HSD,EICHER 11.10,1
11.10 HD RHD H CAB AMP HSD BS II,EICHER 11.10,1
11.10 HD RHD H CAB AMP HSD BSII,EICHER 11.10,1
11.10 HD RHD H CAB BS II,EICHER 11.10,1
11.10 HD RHD H CAB CHASSIS G,EICHER 11.10,1
11.10 HD RHD H CAB CHASSIS GOODS BSII,EICHER 11.10,1
11.10 HD RHD H CAB DSD BS II,EICHER 11.10,1
11.10 HD RHD H CAB DSD BSII,EICHER 11.10,1
11.10 HD RHD H CAB FSD,EICHER 11.10,1
11.10 HD RHD H CAB FSD EW BSII,EICHER 11.10,1
11.10 HD RHD H CAB HSD SL,EICHER 11.10,1
11.10 HD RHD H SL CAB HSD EW,EICHER 11.10,1
11.10 HD SD P,EICHER 11.10,1
11.10 HD TRUCK,EICHER 11.10,1
11.10 HDG HSD,EICHER 11.10,1
11.10 HDG HSD BS 111,EICHER 11.10,1
11.10 HDG HSD RHD TCI GB 310C,EICHER 11.10,1
11.10 HDG RHD,EICHER 11.10,1
11.10 HDGFSDRHDTCIGB,EICHER 11.10,1
11.10 HDH CBC RHD,EICHER 11.10,1
11.10 HDH HSP BS II,EICHER 11.10,1
11.10 HSD,EICHER 11.10,1
11.10 HSD BSII,EICHER 11.10,1
11.10 HSD RHD,EICHER 11.10,1
11.10 HSD TRUCK,EICHER 11.10,1
11.10 P G HSD RHD PS 5.8,EICHER 11.10,1
11.10 P H HSD WF PS RHD,EICHER 11.10,1
11.10 RHD,EICHER 11.10,1
11.10 RHD CAB,EICHER 11.10,1
11.10 RHD CAB ALC,EICHER 11.10,1
11.10 RHD CAB FSD,EICHER 11.10,1
11.10 RHD CAB LONG HSD,EICHER 11.10,1
11.10 RHD CAB SUPER LONG DSD,EICHER 11.10,1
11.10 RHD CAB SUPER LONG FSD,EICHER 11.10,1
11.10 RHD CABFIXED SIDE DECK,EICHER 11.10,1
11.10 RHD G CAB AMP CHASSIS GOODS,EICHER 11.10,1
11.10 RHD G CAB EW BSII,EICHER 11.10,1
11.10 RHD H CAB BODY,EICHER 11.10,1
11.10 RHD H CAB HSD BODY SL,EICHER 11.10,1
11.10 TRUCK,EICHER 11.10,1
11.10 XP G,EICHER 11.10,1
11.10 XP H,EICHER 11.10,1
11.10 XP H CAB CHASSIS,EICHER 11.10,1
11.10 XP H CBC,EICHER 11.10,1
11.10 XP H HSD PS 5.8SF,EICHER 11.10,1
11.10 XP H HSD RHD PS,EICHER 11.10,1
11.10.HD RHD G CAB FIXED SIDE.,EICHER 11.10,1
11.10H HSD,EICHER 11.10,1
11.10HD CBC RHD TCI GB 310 C,EICHER 11.10,1
11.10HD FSD,EICHER 11.10,1
11.10HD G DSD PS RHD,EICHER 11.10,1
11.10HD G FSD RHD,EICHER 11.10,1
11.10HD G HSD RHD TCI GB310,EICHER 11.10,1
11.10HD G SL CAB ALUMINUM C,EICHER 11.10,1
11.10HD H HSD,EICHER 11.10,1
11.10HD H HSD RHD GB E2 PLUS,EICHER 11.10,1
11.10HD HSD RHD,EICHER 11.10,1
11.10HD HSD RHD GB E2 PLUS,EICHER 11.10,1
11.10HD RHD G,EICHER 11.10,1
11.10HD RHD G CAB DSD BSII,EICHER 11.10,1
11.10HD RHD H CAB HSD BSII,EICHER 11.10,1
11.10HD RHD H COWL CH,EICHER 11.10,1
11.10HD RHDHCAB CHASSIS GOODS SL,EICHER 11.10,1
11.10HD RHDHCAB DSD SL,EICHER 11.10,1
11.10HD RHDHCAB FSD SL,EICHER 11.10,1
11.10HDBSII,EICHER 11.10,1
11.10HDH HSD,EICHER 11.10,1
11.10HDRHDHCAB DSD SL,EICHER 11.10,1
11.10XP CBC RHD PS 5.8 SF,EICHER 11.10,1
11.10XP H HSD PS E2 PLUS,EICHER 11.10,1
11.10XP H HSD PS E2P,EICHER 11.10,1
11.10XP H HSD RHD 5.8 WF,EICHER 11.10,1
11.10XP H HSD RHD GB,EICHER 11.10,1
11.10XP H HSD RHD PS 5.8,EICHER 11.10,1
11.10XP H HSD WF PS RHD,EICHER 11.10,1
11.10XPH HSDPSBSIII E2PLUS20FT,EICHER 11.10,1
11.10XPHHSD RHD WF20FT5.8FDR,EICHER 11.10,1
11.10XPHSD WF PS RHD BSII,EICHER 11.10,1
11.1OHD H HSD RHD TC1 GB 310C,EICHER 11.10,1
1110 HDH,EICHER 11.10,1
1110 RPO,EICHER 11.10,1
1110 XP,EICHER 11.10,1
1110 XP H HSDPS,EICHER 11.10,1
1110/HD,EICHER 11.10,1
1110XP G HSD,EICHER 11.10,1
1110XP H HSD,EICHER 11.10,1
411.10 K F/LCWC TCI BS-II,EICHER 11.10,1
EI 11.10HD HHSD RHD,EICHER 11.10,1
EIC. 11.10XP H HSD PS 5.8,EICHER 11.10,1
EICER 11.10,EICHER 11.10,1
EICHAR 11.10 HD BS2,EICHER 11.10,1
EICHER11.10,EICHER 11.10,1
EICHER11.10 HSD RHD BSII,EICHER 11.10,1
EICHER11.10 XP G CAB FSD/DSD,EICHER 11.10,1
EICHER11.10HD H HSD BS-II,EICHER 11.10,1
EICHER1110,EICHER 11.10,1
HSD 11.10 D,EICHER 11.10,1
11.12,EICHER 11.12,3
11.12 G DSD,EICHER 11.12,2
11 12 G DSD BSII,EICHER 11.12,1
11.12 BS II,EICHER 11.12,1
11.12 G DSD DW,EICHER 11.12,1
11.12 G HSD,EICHER 11.12,1
11.12 G HSD RHD WF DW E2,EICHER 11.12,1
11.12 G HSD WF BS II GB M II,EICHER 11.12,1
11.12 G HSD WF BS2,EICHER 11.12,1
11.12 G HSD WF BSII,EICHER 11.12,1
11.12 G HSD WF BSII GB MII,EICHER 11.12,1
11.12 G HSD.,EICHER 11.12,1
11.12 HSD,EICHER 11.12,1
11.12 HSD BIII,EICHER 11.12,1
11.12 K BUS,EICHER 11.12,1
11.12 K F/L CWC PS 85KWBS3,EICHER 11.12,1
11.12 M. TRUCK B.S.III,EICHER 11.12,1
11.12 RHD G,EICHER 11.12,1
11.12 XP,EICHER 11.12,1
11.12 XP H CAB HSD,EICHER 11.12,1
11.12 XP H HSD RHD PS,EICHER 11.12,1
11.12-XP,EICHER 11.12,1
11.12.XPHHSD RHD PS 5.8 SF BS,EICHER 11.12,1
11.12G DSD,EICHER 11.12,1
11.12G HD DSD BS II,EICHER 11.12,1
11.12G HSD TRUCK,EICHER 11.12,1
11.12G HSD WF BSII,EICHER 11.12,1
11.12G TRUCK B.S.III,EICHER 11.12,1
11.12H RHD G CAB,EICHER 11.12,1
11.12H RHD G CAB FSD,EICHER 11.12,1
11.12HD,EICHER 11.12,1
11.12XP G HSD RHD PS WF,EICHER 11.12,1
11.12XP G HSD WF PS,EICHER 11.12,1
11.12XP G HSDF RHD PS WF,EICHER 11.12,1
11.12XP H HSD PS 5.8 SF BSIIIC,EICHER 11.12,1
11.12XP H HSD PS 5.8 WF,EICHER 11.12,1
11.12XP H HSD RHD PS GB,EICHER 11.12,1
11.12XP H HSD RHDPS5.8WF,EICHER 11.12,1
11.12XPHHHSDRHDPSWFBSIIIGB,EICHER 11.12,1
11.12XPHHSDRHDPS5.8SFBS111CR,EICHER 11.12,1
11.2K BUS AB,EICHER 11.12,1
1112 K F/L,EICHER 11.12,1
EICHER11.12K BUS ABP,EICHER 11.12,1
EICHER11.12KBUS ABPS,EICHER 11.12,1
11.14,EICHER 11.14,4
11.14 H CAB AND HSD,EICHER 11.14,2
11.14 H HSD,EICHER 11.14,2
- 11.14,EICHER 11.14,1
11 14,EICHER 11.14,1
11 14 H CBC RHD PS,EICHER 11.14,1
11.14 H,EICHER 11.14,1
11.14 H CAB HSD,EICHER 11.14,1
11.14 H CBC RHD MCV,EICHER 11.14,1
11.14 H HD19FT,EICHER 11.14,1
11.14 H HSD RHD,EICHER 11.14,1
11.14 H HSD RHD PS SF DW,EICHER 11.14,1
11.14 H HSD RHD WF,EICHER 11.14,1
11.14 H HSD SF,EICHER 11.14,1
11.14 HHSD RHD PS SF B3 DW,EICHER 11.14,1
11.14 HSD,EICHER 11.14,1
11.14 PS,EICHER 11.14,1
11.14 XPG FXD HSD,EICHER 11.14,1
11.14H HSD,EICHER 11.14,1
11.14H HSD RHD,EICHER 11.14,1
1114 H HSD,EICHER 11.14,1
1114 HSD SF PS,EICHER 11.14,1
1114HHSDBS3,EICHER 11.14,1
BS1114,EICHER 11.14,1
EICHER11.14,EICHER 11.14,1
20.16,EICHER 20.16,4
20.15,EICHER 20.16,2
20.16 B HSD,EICHER 20.16,2
20.16 H HSD,EICHER 20.16,2
20.16 K HSD,EICHER 20.16,2
20.16 K HSD RHD,EICHER 20.16,2
20.16 R CWC,EICHER 20.16,2
20.16 RHD,EICHER 20.16,2
20.16 RHD K SRCAB HSD,EICHER 20.16,2
20.16R,EICHER 20.16,2
20 16,EICHER 20.16,1
20 16 E BS II,EICHER 20.16,1
20 16 K HSD,EICHER 20.16,1
20 16 MCBCIII,EICHER 20.16,1
20 16 R CWC,EICHER 20.16,1
20.15 BUS,EICHER 20.16,1
20.15 M LPO F/L CWC,EICHER 20.16,1
20.15 N LPO F/L,EICHER 20.16,1
20.15 SKYLINE,EICHER 20.16,1
20.15M LPO EGRCWC10R20WS4V,EICHER 20.16,1
20.16 B FSD BS II,EICHER 20.16,1
20.16 BHSD,EICHER 20.16,1
20.16 BSII,EICHER 20.16,1
20.16 H CBC LR,EICHER 20.16,1
20.16 H CWC,EICHER 20.16,1
20.16 H CWC PS BSII,EICHER 20.16,1
20.16 H CWC PS CR N,EICHER 20.16,1
20.16 H HSD B.S.III,EICHER 20.16,1
20.16 H HSD WF RHD LR EB,EICHER 20.16,1
20.16 H TRUCK,EICHER 20.16,1
20.16 HCV TERRA 16,EICHER 20.16,1
20.16 HGV,EICHER 20.16,1
20.16 HH SD,EICHER 20.16,1
20.16 JUMBO,EICHER 20.16,1
20.16 K CBC,EICHER 20.16,1
20.16 K CBC PS LR SFT,EICHER 20.16,1
20.16 K CBC PS LR SFT HDS GB,EICHER 20.16,1
20.16 K HSD PS LR,EICHER 20.16,1
20.16 K HSD RHD WF LR,EICHER 20.16,1
20.16 KH SD RHD WFLR,EICHER 20.16,1
20.16 M C B C,EICHER 20.16,1
20.16 M HSD WF LFT 5S,EICHER 20.16,1
20.16 R CWC PS,EICHER 20.16,1
20.16 RHD B,EICHER 20.16,1
20.16 RHD B HIGH CAB BODY,EICHER 20.16,1
20.16 RHD B HIGH CAB CHASSIS,EICHER 20.16,1
20.16 RHD B STD CAB AMP BODY,EICHER 20.16,1
20.16 RHD H HRCAB HSD,EICHER 20.16,1
20.16 RHD H SRCAB CHASS,EICHER 20.16,1
20.16 RHD H STD,EICHER 20.16,1
20.16 RHD K SRCAB FSD,EICHER 20.16,1
20.16 RHD K-HIGH CSD -E 683,EICHER 20.16,1
20.16 RHD M HRCAB CHASSIS,EICHER 20.16,1
20.16 RHD M SRCAB CHASSIS,EICHER 20.16,1
20.16 RHD M SRCAB HSD,EICHER 20.16,1
20.16 RHD N H R CAB 7 CHASSIS,EICHER 20.16,1
20.16 RHD R CWC,EICHER 20.16,1
20.16 TERRA 16 E,EICHER 20.16,1
20.16 TERRA16 TIPPER,EICHER 20.16,1
20.16 TURBO RHD,EICHER 20.16,1
20.16CABIN HSD/4800 MM,EICHER 20.16,1
20.16H CWC PS BS11 CR,EICHER 20.16,1
20.16K CBC,EICHER 20.16,1
20.16M C BC .,EICHER 20.16,1
20.16MCBCPSLR,EICHER 20.16,1
20.16RHD H STANDARDRC AMP HSDBSII,EICHER 20.16,1
20.16T,EICHER 20.16,1
2016 H CBC,EICHER 20.16,1
2016 H HSD,EICHER 20.16,1
2016H HSD WF RHD,EICHER 20.16,1
2016JUMBO,EICHER 20.16,1
2016M,EICHER 20.16,1
50.16,EICHER 20.16,1
CANTER 20.16,EICHER 20.16,1
EICHER20.16,EICHER 20.16,1
EICHER20.16 BS111,EICHER 20.16,1
EICHER20.16E CAB TIPPER,EICHER 20.16,1
EICHER20.16ECAB TIPPER,EICHER 20.16,1
EICHER20.16RHDRCOWL CHASSISGOO,EICHER 20.16,1
EL 20.16 HHSD,EICHER 20.16,1
JUMBO 20.16,EICHER 20.16,1
1080XPT C CBC PTO RHD AB PS BS,EICHER AB PS,1
1090 L BUS AB PS,EICHER AB PS,1
BULLET ELECTRA,EICHER BULLET,1
BULLET ELECTRA UCE-ES,EICHER BULLET,1
S,EICHER BULLET,1
BULLET CLASSIC 350,EICHER BULLET CLASSIC,1
CLASSIC 350,EICHER BULLET CLASSIC,1
BULLET STANDARD 350 UCE,EICHER BULLET STANDARD,1
BULLET STANDARD BS II,EICHER BULLET STANDARD,1
STANDARD BULLET 350CC,EICHER BULLET STANDARD,1
10.59 RHD E CAB CHASSIS,EICHER CHASS,2
20.15 RHD N COWL CHASSIS BS2,EICHER CHASS,1
20.15 TCI RHD N COWL CHASSIS,EICHER CHASS,1
JUMBO 15.16 H COWL CHASSIS-B,EICHER CHASS,1
40.40 RHD E CAB,EICHER F CAB,1
10.60G CAB FIXED SIDE D,EICHER G CAB,2
TERRA 25G CAB TIPPER,EICHER G CAB,1
30.25 HERCULES,EICHER HERCULES,1
35.31 HERCULES RHD,EICHER HERCULES,1
EICHERHERCULES 35.31,EICHER HERCULES,1
EICHERHERCULES35.31RHDKFSD/DSD,EICHER HERCULES,1
HERCULES 35.31 RHD,EICHER HERCULES,1
35.31,EICHER HERCULES 35.31,4
,EICHER OTHER,19
VE COMMERCIAL VEHICLES LIMITED,EICHER OTHER,7
333,EICHER OTHER,5
MULTIX MX,EICHER OTHER,5
VE COMMERCIAL VEHICLES LTD,EICHER OTHER,5
1050,EICHER OTHER,3
242,EICHER OTHER,3
35.31 K,EICHER OTHER,3
35.31 K CWC,EICHER OTHER,3
3531,EICHER OTHER,3
BUS,EICHER OTHER,3
CANTER,EICHER OTHER,3
MCV,EICHER OTHER,3
10 59,EICHER OTHER,2
10. 50,EICHER OTHER,2
1059XP E HSD RHD,EICHER OTHER,2
1059XPE,EICHER OTHER,2
1075,EICHER OTHER,2
1090,EICHER OTHER,2
1095,EICHER OTHER,2
11-14,EICHER OTHER,2
1114,EICHER OTHER,2
1516,EICHER OTHER,2
2016,EICHER OTHER,2
242 XTRAC,EICHER OTHER,2
3025,EICHER OTHER,2
33.25,EICHER OTHER,2
35.31 K HSD,EICHER OTHER,2
35.51 B.S.III PLATFORM,EICHER OTHER,2
40.40 E RHD,EICHER OTHER,2
485,EICHER OTHER,2
485 SUPER DI,EICHER OTHER,2
548,EICHER OTHER,2
551,EICHER OTHER,2
5660,EICHER OTHER,2
GOODS,EICHER OTHER,2
HSD RHD,EICHER OTHER,2
LGV,EICHER OTHER,2
M G V,EICHER OTHER,2
MGV,EICHER OTHER,2
MINI TRUCK,EICHER OTHER,2
MULTIX MX WITH ROOF AND WITH,EICHER OTHER,2
NOT AVAILABLE,EICHER OTHER,2
SELECT,EICHER OTHER,2
TERRA 16 E,EICHER OTHER,2
TRUCK,EICHER OTHER,2
- 10.59 XP E HSD RHD,EICHER OTHER,1
- 242 PREMIUM,EICHER OTHER,1
-10.59 XP TRUCK,EICHER OTHER,1
...NA,EICHER OTHER,1
.10.59,EICHER OTHER,1
/10.59XP,EICHER OTHER,1
10 .59 ESL HSD,EICHER OTHER,1
10 59 XP E CAB HIGH S,EICHER OTHER,1
10 59 XP E CAB HIGH SID,EICHER OTHER,1
10 70,EICHER OTHER,1
10 90/MGV,EICHER OTHER,1
10 90M G V,EICHER OTHER,1
10 95E,EICHER OTHER,1
10-50,EICHER OTHER,1
10-59,EICHER OTHER,1
10-59 XP,EICHER OTHER,1
10-75,EICHER OTHER,1
10-75 H BUS,EICHER OTHER,1
10-80E,EICHER OTHER,1
10-80F HSD,EICHER OTHER,1
10-90 CWC CNG,EICHER OTHER,1
10.60,EICHER OTHER,1
10.60 FSD,EICHER OTHER,1
1049,EICHER OTHER,1
1049 C FSD,EICHER OTHER,1
1049 C FSD RHD,EICHER OTHER,1
10490,EICHER OTHER,1
1049C,EICHER OTHER,1
1055 C CBC,EICHER OTHER,1
1059,EICHER OTHER,1
1059 EPE HSD RHD,EICHER OTHER,1
1059 XP E HSD,EICHER OTHER,1
1059 XP E HSD NGB,EICHER OTHER,1
1059 XPE,EICHER OTHER,1
1059XP E HSD,EICHER OTHER,1
10HD H HSD RHD GB E2 PLU,EICHER OTHER,1
11 -10 HD,EICHER OTHER,1
11 10HD H HSDRHD,EICHER OTHER,1
11 12XPH CAB HSD,EICHER OTHER,1
11-10 H HSD,EICHER OTHER,1
11-10 HD H HSD RHD BSII,EICHER OTHER,1
11-10 JANGLA BODY,EICHER OTHER,1
11-10 XP,EICHER OTHER,1
11-10 XP H HSD,EICHER OTHER,1
11-10 XPH E2P,EICHER OTHER,1
11-10XP H HSD,EICHER OTHER,1
11-12 GDSD BS,EICHER OTHER,1
11-12 HSD,EICHER OTHER,1
11-12 XP,EICHER OTHER,1
11010 3 STR,EICHER OTHER,1
12/2006,EICHER OTHER,1
15.16,EICHER OTHER,1
15.16 H HSD,EICHER OTHER,1
15.16 H STD,EICHER OTHER,1
15.16 HH SD,EICHER OTHER,1
15.16 HHSD,EICHER OTHER,1
15.16H,EICHER OTHER,1
188,EICHER OTHER,1
20-16,EICHER OTHER,1
2015 HCWCPSDWBSIII-N,EICHER OTHER,1
242 EXTRA,EICHER OTHER,1
242 NC,EICHER OTHER,1
242 SQ,EICHER OTHER,1
242 SUPER STAR,EICHER OTHER,1
243-55,EICHER OTHER,1
30 25,EICHER OTHER,1
30 25 EURO,EICHER OTHER,1
30 25XP L HSD WF,EICHER OTHER,1
30-25L FSDBS II,EICHER OTHER,1
30-25XP,EICHER OTHER,1
30.25,EICHER OTHER,1
30.25 4800 MM,EICHER OTHER,1
30.25 FE,EICHER OTHER,1
30.25 FE K CWC LR LTF,EICHER OTHER,1
30.25 FE L CBC LR LFT,EICHER OTHER,1
30.25 GOODS TRUCK,EICHER OTHER,1
30.25 RHD L COWL BS2,EICHER OTHER,1
30.25 TCI RHD HIGH RC,EICHER OTHER,1
30.25 TCI RHD L,EICHER OTHER,1
30.25 TCI RHD LHIGH RC HSDB,EICHER OTHER,1
30.25 XP,EICHER OTHER,1
30.25 XP L HSD WF ABS,EICHER OTHER,1
30.25 XPK CWCRHD PS B.S.-II,EICHER OTHER,1
30.25FE K CWC PS RHD,EICHER OTHER,1
30.25FE L CBC LR,EICHER OTHER,1
30.25FE L HSD,EICHER OTHER,1
30.25XP S CWC,EICHER OTHER,1
30.25XPK CWC IND RDLT CR,EICHER OTHER,1
3009BUS,EICHER OTHER,1
3015 J,EICHER OTHER,1
3015 J SLEEPER CAB AND HSD,EICHER OTHER,1
3015 J SLP,EICHER OTHER,1
3025FE K CWC,EICHER OTHER,1
312,EICHER OTHER,1
312 NC TRACTOR,EICHER OTHER,1
32 1STR BUS,EICHER OTHER,1
33-25,EICHER OTHER,1
33.25 HSD HR SF,EICHER OTHER,1
333 TRACTOR,EICHER OTHER,1
35 31,EICHER OTHER,1
35 31 K HSD,EICHER OTHER,1
35 31 K HSD WF SFT IND,EICHER OTHER,1
35 31 M HSD TCI GB,EICHER OTHER,1
35.31 B.S.III PLATFORM,EICHER OTHER,1
35.31 CABIN KFSD,EICHER OTHER,1
35.31 HSD,EICHER OTHER,1
35.31 K CBC 82 SFT IND,EICHER OTHER,1
35.31 K CBC B.S.III PLATFORM,EICHER OTHER,1
35.31 K HSD 8X2 WF LR SFT,EICHER OTHER,1
35.31 K HSD WF SFT,EICHER OTHER,1
35.31 K HSD WFSFT,EICHER OTHER,1
35.31 KHSD,EICHER OTHER,1
35.31 T,EICHER OTHER,1
35.31K CWC,EICHER OTHER,1
35.31K FSD WF,EICHER OTHER,1
3531 K,EICHER OTHER,1
3531 K HSD,EICHER OTHER,1
3531KHSD,EICHER OTHER,1
36-31,EICHER OTHER,1
368,EICHER OTHER,1
369 PREMIUM,EICHER OTHER,1
369 TRACTOR,EICHER OTHER,1
40 40,EICHER OTHER,1
40 40 E,EICHER OTHER,1
40 40 E RHD,EICHER OTHER,1
40 40 E RHD TRACTOR PS LR ABS,EICHER OTHER,1
40 40 E RHS,EICHER OTHER,1
40 40 RHD,EICHER OTHER,1
40.35,EICHER OTHER,1
40.35 E TRACTOR INDRDLT,EICHER OTHER,1
40.40,EICHER OTHER,1
40.40 E RHD TRACTOR LR,EICHER OTHER,1
40.40 RHD TRACTOR,EICHER OTHER,1
4040,EICHER OTHER,1
4040 E,EICHER OTHER,1
4040 ERHD,EICHER OTHER,1
4040 MEGA TRAILOR,EICHER OTHER,1
439 XL,EICHER OTHER,1
480 USJ,EICHER OTHER,1
485 DC,EICHER OTHER,1
485 SUPER PLUS,EICHER OTHER,1
485 USJ,EICHER OTHER,1
548 TRAC BTS IIIA,EICHER OTHER,1
551 4WD HYDROMATIC,EICHER OTHER,1
551 V1,EICHER OTHER,1
6031 P HSDSF RHD,EICHER OTHER,1
607,EICHER OTHER,1
99,EICHER OTHER,1
AL2214,EICHER OTHER,1
BAJAJ FE AUTORICKSHAW,EICHER OTHER,1
BS 11PB,EICHER OTHER,1
BSII,EICHER OTHER,1
BUS BUS,EICHER OTHER,1
BUS STAGE CARRIAGE BS-II,EICHER OTHER,1
CAB FSD,EICHER OTHER,1
CANTER -VAN,EICHER OTHER,1
CANTER ADU HIGH SIDE DECK,EICHER OTHER,1
CANTER BUS 33 1 SEATER,EICHER OTHER,1
CANTER CAB AND FSD,EICHER OTHER,1
CANTER MITSU,EICHER OTHER,1
CANTER TROOP CARRIER,EICHER OTHER,1
CARGO/LIVE STOCK BODY/BS-II,EICHER OTHER,1
CWC RHD PS BS-II,EICHER OTHER,1
D /VAN,EICHER OTHER,1
DUAL/SLEEPER CABIN,EICHER OTHER,1
E 242,EICHER OTHER,1
E 30,EICHER OTHER,1
E-483 TCI BS-II ENGINE,EICHER OTHER,1
E2 PLAS,EICHER OTHER,1
ECIHER MOTOR,EICHER OTHER,1
EIC 10.70F,EICHER OTHER,1
EIC10 59CABXPFSDBSII,EICHER OTHER,1
EICER MOTER TATA,EICHER OTHER,1
EICHAR JUMBO15.16 H,EICHER OTHER,1
EICHER10.59,EICHER OTHER,1
EICHER10.59XP,EICHER OTHER,1
EICHER1075 E HSD RHD BS3AB NGB,EICHER OTHER,1
EICHER15.16,EICHER OTHER,1
EICHER20-15NCWEBSIII,EICHER OTHER,1
EICHER2015 BUS,EICHER OTHER,1
EICHER35.31,EICHER OTHER,1
EICTHER TRACTOR,EICHER OTHER,1
EISHER 20/16,EICHER OTHER,1
ESCORT 325,EICHER OTHER,1
ESCORT 335 JOSH,EICHER OTHER,1
ESCORT POWERTRAC 429,EICHER OTHER,1
ESCORTS E-435 TRACTOR,EICHER OTHER,1
ESCORTS TRACTORS,EICHER OTHER,1
F.T.60,EICHER OTHER,1
FARMTRAC 35,EICHER OTHER,1
FARMTRAC 45,EICHER OTHER,1
FARMTRAC 60,EICHER OTHER,1
FARMTRAC 65,EICHER OTHER,1
FARMTRAC-65,EICHER OTHER,1
FE 444 EXR TANKER,EICHER OTHER,1
FE 444 FXR 28 SEATER BUS,EICHER OTHER,1
FE 444 FXR FACE COWL,EICHER OTHER,1
FORD 3600,EICHER OTHER,1
FORD 3600 TRACTOR,EICHER OTHER,1
FORD 3620,EICHER OTHER,1
G V,EICHER OTHER,1
GENERATOR VAN,EICHER OTHER,1
GHSD TRUCK,EICHER OTHER,1
GOODS CARRIER,EICHER OTHER,1
GV,EICHER OTHER,1
H G V,EICHER OTHER,1
HCV,EICHER OTHER,1
HEAVY GOODS VEHICLE,EICHER OTHER,1
HEERA MODEL TRACTOR,EICHER OTHER,1
HF DELUXE,EICHER OTHER,1
HGV,EICHER OTHER,1
HGV GOODS,EICHER OTHER,1
HGV TIPPER,EICHER OTHER,1
HGV..,EICHER OTHER,1
HGV...,EICHER OTHER,1
HIGH SIDE DECK HSD,EICHER OTHER,1
HIND 45-TRACTOR,EICHER OTHER,1
HSD RHD PS 5.8 WF CR,EICHER OTHER,1
HSDRHD,EICHER OTHER,1
L G V,EICHER OTHER,1
L.C.V BUS,EICHER OTHER,1
LCV,EICHER OTHER,1
LCV 10.59 E HSD,EICHER OTHER,1
LGC VEHICLE,EICHER OTHER,1
LGV TRACK,EICHER OTHER,1
LGV TRANSPORT,EICHER OTHER,1
LGV VEHICLE,EICHER OTHER,1
LIVE STOCK,EICHER OTHER,1
LMVGOODSVEHICLE,EICHER OTHER,1
LTD 368 DI,EICHER OTHER,1
LTD 485 SDI,EICHER OTHER,1
LTV,EICHER OTHER,1
LTV TRUCK,EICHER OTHER,1
M 333,EICHER OTHER,1
M C TRUCK,EICHER OTHER,1
MAESTRO,EICHER OTHER,1
MCV GOODS VICHLE BS-II,EICHER OTHER,1
MCV TEMPO,EICHER OTHER,1
MGV 6 TONNE,EICHER OTHER,1
MGV BSII,EICHER OTHER,1
MGV GOOD,EICHER OTHER,1
MINI BUS,EICHER OTHER,1
MITSUBISHI CANTER,EICHER OTHER,1
MITSUBISHI CANTER BUS,EICHER OTHER,1
MITSUBISHI LMV-OB,EICHER OTHER,1
MITSUBISHI VAR,EICHER OTHER,1
MMV GOODS,EICHER OTHER,1
MMWB BUS,EICHER OTHER,1
MODEL NA,EICHER OTHER,1
MPT JAWAN,EICHER OTHER,1
MULTIX MX L,EICHER OTHER,1
MULTIX MX WHT ROOF/DOOR,EICHER OTHER,1
MULTIX MX WITH ROOF AND WITH D,EICHER OTHER,1
MULTIX MX WITH ROOFDOOR,EICHER OTHER,1
MULTIX MXL,EICHER OTHER,1
NA,EICHER OTHER,1
NA...,EICHER OTHER,1
NA....,EICHER OTHER,1
NA/BSII,EICHER OTHER,1
NA1452,EICHER OTHER,1
NAAAAA,EICHER OTHER,1
OMNI BUS-FE 444 FXR,EICHER OTHER,1
OPEN TRUCK,EICHER OTHER,1
OTHER,EICHER OTHER,1
OTHERS,EICHER OTHER,1
POWER TRAC 434,EICHER OTHER,1
POWERTRAC 445 DS,EICHER OTHER,1
PR01114XP,EICHER OTHER,1
RHD,EICHER OTHER,1
RS LTD,EICHER OTHER,1
S CWC PS RHD MDL BSII,EICHER OTHER,1
SCHOOL BUS,EICHER OTHER,1
SONALIKA DI 35,EICHER OTHER,1
SPLENDOR PLUS,EICHER OTHER,1
TANKER,EICHER OTHER,1
TATA,EICHER OTHER,1
TATA 407,EICHER OTHER,1
TATA LPT 1109/42,EICHER OTHER,1
TATA MOTORS,EICHER OTHER,1
TERA 16,EICHER OTHER,1
TERRA 16,EICHER OTHER,1
TERRA 16 E RHD,EICHER OTHER,1
TERRA 16 FBT,EICHER OTHER,1
TERRA 16 HDR,EICHER OTHER,1
TERRA 16 HDR E,EICHER OTHER,1
TERRA 16HDR,EICHER OTHER,1
TERRA 16XP E 10 FBT RHD,EICHER OTHER,1
TERRA 16XPE,EICHER OTHER,1
TERRA 25,EICHER OTHER,1
TERRA 25 FBT,EICHER OTHER,1
TERRA 25 G-FBT 14CM,EICHER OTHER,1
TERRA16 E RHD,EICHER OTHER,1
TERRA16 HDR CBCE RHD UB TR,EICHER OTHER,1
TERRA25 G FBT,EICHER OTHER,1
TIPPER,EICHER OTHER,1
TRACTOR,EICHER OTHER,1
TRACTOR 333,EICHER OTHER,1
TRACTOR 364 - NC,EICHER OTHER,1
TRACTORS,EICHER OTHER,1
TROOP CARRIER,EICHER OTHER,1
TRUCK HSD,EICHER OTHER,1
TRUCK JANGLA BODY,EICHER OTHER,1
VE 35.31K CBC,EICHER OTHER,1
VE3531KFSD,EICHER OTHER,1
XX,EICHER OTHER,1
PRO 1080XPT,EICHER PRO 1080,2
-1080 PRO,EICHER PRO 1080,1
PRO 1080,EICHER PRO 1080,1
PRO 1080 F,EICHER PRO 1080,1
PRO 1080 TRUCK,EICHER PRO 1080,1
PRO 1080 XP C CBC PTO,EICHER PRO 1080,1
PRO 1080XP C CBC PTO,EICHER PRO 1080,1
PRO 3015,EICHER PRO 3015,2
PRO 3015 J,EICHER PRO 3015,2
PRO3015 J SLP HSD,EICHER PRO 3015,2
EIC HER PRO 3015 J SLP,EICHER PRO 3015,1
PRO 3015 HSD,EICHER PRO 3015,1
PRO 3015 J HSD,EICHER PRO 3015,1
PRO 3015 J SLP HSD,EICHER PRO 3015,1
PRO 3015 J SLPCBC,EICHER PRO 3015,1
PRO 3015J CBC,EICHER PRO 3015,1
PRO 3015J SLP,EICHER PRO 3015,1
PRO3015,EICHER PRO 3015,1
PRO3015 J SLPHSD,EICHER PRO 3015,1
PRO 1059 XP E HSD,EICHER PRO SERIES,4
PRO 1059XP E HSD,EICHER PRO SERIES,3
PRO 6031 P,EICHER PRO SERIES,3
3015,EICHER PRO SERIES,2
PRO 1059 XP,EICHER PRO SERIES,2
PRO 1059XP,EICHER PRO SERIES,2
PRO 1075 F HSD,EICHER PRO SERIES,2
PRO 1110,EICHER PRO SERIES,2
PRO 1110XP H HSD SF PS,EICHER PRO SERIES,2
PRO 5016,EICHER PRO SERIES,2
PRO 5016 R CWC,EICHER PRO SERIES,2
PRO 5031 M CWC,EICHER PRO SERIES,2
PRO 5040,EICHER PRO SERIES,2
PRO1075F HSD,EICHER PRO SERIES,2
- PRO 1059XP,EICHER PRO SERIES,1
-PRO 1049 C FSD RHD,EICHER PRO SERIES,1
-SKYLINE PRO3008HBUS,EICHER PRO SERIES,1
10-80,EICHER PRO SERIES,1
1059 PRO,EICHER PRO SERIES,1
1080,EICHER PRO SERIES,1
30.15,EICHER PRO SERIES,1
3015.,EICHER PRO SERIES,1
EICHERPRO,EICHER PRO SERIES,1
PRO 10.59XP,EICHER PRO SERIES,1
PRO 10.75 H CAB,EICHER PRO SERIES,1
PRO 10.75C CBC PS,EICHER PRO SERIES,1
PRO 10.95BODY,EICHER PRO SERIES,1
PRO 1049,EICHER PRO SERIES,1
PRO 1049 C,EICHER PRO SERIES,1
PRO 1049 C FSD,EICHER PRO SERIES,1
PRO 1049 C FSD RHD GBG,EICHER PRO SERIES,1
PRO 1050 E HSD 12FT,EICHER PRO SERIES,1
PRO 1055,EICHER PRO SERIES,1
PRO 1055 CBC PS,EICHER PRO SERIES,1
PRO 1059,EICHER PRO SERIES,1
PRO 1059 XP ECBC,EICHER PRO SERIES,1
PRO 1059 XP EHSD,EICHER PRO SERIES,1
PRO 1059C HSD,EICHER PRO SERIES,1
PRO 1059XP E CBC,EICHER PRO SERIES,1
PRO 1059XP E HSD SF,EICHER PRO SERIES,1
PRO 1075 F ALC,EICHER PRO SERIES,1
PRO 1075 F CBC,EICHER PRO SERIES,1
PRO 1075 F HSD RHD,EICHER PRO SERIES,1
PRO 1090 F HSD,EICHER PRO SERIES,1
PRO 1090 FHSD RHD NGB,EICHER PRO SERIES,1
PRO 1095,EICHER PRO SERIES,1
PRO 1095 E CBC PTO AB PS,EICHER PRO SERIES,1
PRO 1095 HSD,EICHER PRO SERIES,1
PRO 1095 XP,EICHER PRO SERIES,1
PRO 1095 XP E HSD,EICHER PRO SERIES,1
PRO 1095 XP F HSD AB,EICHER PRO SERIES,1
PRO 1095 XP F HSD AB PS,EICHER PRO SERIES,1
PRO 1095XP,EICHER PRO SERIES,1
PRO 1095XP H HSD SF AB PS,EICHER PRO SERIES,1
PRO 1095XPH,EICHER PRO SERIES,1
PRO 11 10,EICHER PRO SERIES,1
PRO 11 10XP,EICHER PRO SERIES,1
PRO 11 1O XP G HSD,EICHER PRO SERIES,1
PRO 11.10,EICHER PRO SERIES,1
PRO 11.10 XP,EICHER PRO SERIES,1
PRO 11.10XP H HSD RHD,EICHER PRO SERIES,1
PRO 11.10XPG HSD,EICHER PRO SERIES,1
PRO 1110 G,EICHER PRO SERIES,1
PRO 1110 H DSDSF,EICHER PRO SERIES,1
PRO 1110 H HSD 2V,EICHER PRO SERIES,1
PRO 1110 H HSD SF,EICHER PRO SERIES,1
PRO 1110 H HSD SF NGB 19FT,EICHER PRO SERIES,1
PRO 1110 HSD,EICHER PRO SERIES,1
PRO 1110 XP H HSD,EICHER PRO SERIES,1
PRO 1110XP,EICHER PRO SERIES,1
PRO 1110XP H CAB HSD,EICHER PRO SERIES,1
PRO 1110XP H HSD,EICHER PRO SERIES,1
PRO 1110XP H MS,EICHER PRO SERIES,1
PRO 1110XP HCAB HSD B,EICHER PRO SERIES,1
PRO 1110XPH,EICHER PRO SERIES,1
PRO 1114,EICHER PRO SERIES,1
PRO 1114 H HSD SP PS,EICHER PRO SERIES,1
PRO 1114 XP,EICHER PRO SERIES,1
PRO 1114 XP H,EICHER PRO SERIES,1
PRO 1114XPBS3,EICHER PRO SERIES,1
PRO 2095XP J CAB HSD,EICHER PRO SERIES,1
PRO 2110,EICHER PRO SERIES,1
PRO 2110 H CAB HSD SL,EICHER PRO SERIES,1
PRO 3009,EICHER PRO SERIES,1
PRO 3009 L36 SEATER BUS,EICHER PRO SERIES,1
PRO 3019 J HSD,EICHER PRO SERIES,1
PRO 3019 S,EICHER PRO SERIES,1
PRO 5016 HSDWF RHD,EICHER PRO SERIES,1
PRO 5025,EICHER PRO SERIES,1
PRO 5025 K CWC RHD,EICHER PRO SERIES,1
PRO 5040 E,EICHER PRO SERIES,1
PRO 6 37S SLP,EICHER PRO SERIES,1
PRO 6025 L REF RHD,EICHER PRO SERIES,1
PRO 6025 S,EICHER PRO SERIES,1
PRO 6025T,EICHER PRO SERIES,1
PRO 6037,EICHER PRO SERIES,1
PRO 6037 S,EICHER PRO SERIES,1
PRO 6037 S CBC,EICHER PRO SERIES,1
PRO 6037 S HSD SF RHD,EICHER PRO SERIES,1
PRO 6040,EICHER PRO SERIES,1
PRO 8013,EICHER PRO SERIES,1
PRO 8049,EICHER PRO SERIES,1
PRO J SLP HSD,EICHER PRO SERIES,1
PRO.11.10,EICHER PRO SERIES,1
PRO1059 HSD,EICHER PRO SERIES,1
PRO1059 XP E CAB HSD,EICHER PRO SERIES,1
PRO1059XPBSIII,EICHER PRO SERIES,1
PRO1075 F CBC,EICHER PRO SERIES,1
PRO1075 F HSD,EICHER PRO SERIES,1
PRO1075 F HSD HB,EICHER PRO SERIES,1
PRO1095XP,EICHER PRO SERIES,1
PRO1114 H HSD 19FT,EICHER PRO SERIES,1
PRO3013 H HSD,EICHER PRO SERIES,1
PRO3013 H HSD PS NGB 19FT,EICHER PRO SERIES,1
PRO3013 HSD RHD,EICHER PRO SERIES,1
PRO6025TGRHD BS4TY16,EICHER PRO SERIES,1
PRO6031,EICHER PRO SERIES,1
SKY LINE PRO 3009 L BUS,EICHER PRO SERIES,1
SKYLINE PRO 3009,EICHER PRO SERIES,1
241,EICHER TRACTOR 241,3
241 NC,EICHER TRACTOR 241,1
241 X-TRAC,EICHER TRACTOR 241,1
241 XTRAC,EICHER TRACTOR 241,1
E 241,EICHER TRACTOR 241,1
M 241,EICHER TRACTOR 241,1
TRACTOR 241 DI,EICHER TRACTOR 241,1
380,EICHER TRACTOR 380,5
380 TRACTOR,EICHER TRACTOR 380,1
380 USJ,EICHER TRACTOR 380,1
557,EICHER TRACTOR 557,3
557 TRACTOR BSIIIA,EICHER TRACTOR 557,1
11-10,EICHER XP 1110,3
1110,EICHER XP 1110,2
1109,EICHER XP 1110,1
XP 1110,EICHER XP 1110,1
