clean_model,extracted_model
ESCORT FT 45,ESCORTS FT45
F20 4WD,ESCORTS F20 4WD
YAMAHA RX 135,YAMAHA RX135
YAMAHA RX100,YAMAHA RX100
F23 4WD,ESCORTS F23 4WD
DIGMAX2 BACKHOE LOAD,ESCORTS DIGMAX2
DIGMAX2 4X4,ESCORTS DIGMAX2 4X4
FABIA AMBIENTE (51 KW TDI),SKODA FABIA
HYDRA 14,ESCORTS HYDRA14
TRX17 OUTRIGGER 4WD_18,ESCORTS TRX17
CRANE HYDRA 14,ESCORTS HYDRA14
HYDRA 14 A,ESCORTS HYDRA14
HD85 PLUS,ESCORTS HD85 PLUS
TRX 15 49XT A,ESCORTS TRX15
JUNGLI 4X4,ESCORTS JUNGLI 4X4
TRX 15 49 XT,ESCORTS TRX15
HYDRANXT 13 PLUS OTGR 42 FT,ESCORTS HYDRANXT
F 15 OUTRIGGER,ESCORTS F15 OUTRIGGER
14TON PICKUP CARRY F15 RIGGER,ESCORTS F15
HYDROLIC MOBILE CRANE,ESCORTS OTHER
HYDRA 13 SE,ESCORTS HYDRA14
HYDRA 15,ESCORTS HYDRA14
HYDRA 1336,ESCORTS HYDRA14
ESCORT 440TONRACTOR,ESCORTS OTHER
FARMTRAC 60 SUPER MAXX,ESCORTS OTHER
YAMAHA RX 100,YAMAHA RX100
F 17 OUTRIGGER,ESCORTS OTHER
F17 OUTRIGGER,ESCORTS OTHER
F 20,ESCORTS F20
EC 5250,ESCORTS OTHER
EC 5250 STD,ESCORTS OTHER
F 15 75HP,ESCORTS F15
F 15 OUTRIGGER,ESCORTS F15 OUTRIGGER
F 23 4WD,ESCORTS F23 4WD
HYDRA 13,ESCORTS HYDRA14
YAMAHA RX 100,YAMAHA RX100
HYDRA 15 EX,ESCORTS HYDRA14
YAMAHA RXZ,YAMAHA OTHER
CHEVROLET SPARK (LT),ESCORTS OTHER
POWERTRACK 435 XL,ESCORTS OTHER
F20 4WD,ESCORTS F20 4WD
YAMAHA RX 100,YAMAHA RX100
HYDRA 14 SE,ESCORTS HYDRA14
HYDRA 1665,ESCORTS HYDRA14
445 LOAD MAXX,ESCORTS OTHER
TRX 15 50 HP,ESCORTS TRX15
DIGMAX2 4X4,ESCORTS DIGMAX2 4X4
CRANE,ESCORTS OTHER
F1621 SL WITH HELPER SEAT PLAT,ESCORTS OTHER
TRX1550 4P OUTRIGGER,ESCORTS TRX15
HYDRA 15 PLUS,ESCORTS HYDRA14
EC 5250 STD,ESCORTS OTHER
DIGMAX2,ESCORTS DIGMAX2
HYDRA 15,ESCORTS HYDRA14
HYDRA14,ESCORTS HYDRA14
445 PT,ESCORTS OTHER
HYDRA 1565,ESCORTS HYDRA14
EXCAVATOR LOADER,ESCORTS OTHER
HYDRA 1213,ESCORTS HYDRA14
MOBILE CRANE,ESCORTS OTHER
YAMAHA RX 135,YAMAHA RX135
RAJDOOT,ESCORTS OTHER
POWERTRAC,ESCORTS OTHER
ESCORT F 15,ESCORTS F15
HYDRA 1565,ESCORTS HYDRA14
TRX 2319,ESCORTS TRX
F20 4WD,ESCORTS F20 4WD
F 20 4WD,ESCORTS F20 4WD
HYDRA 12,ESCORTS HYDRA14
F20 4WD,ESCORTS F20 4WD
TRX 15 4WD WITH 18,ESCORTS TRX15
HYDRA1242/1TON CRAN,ESCORTS HYDRA14
DIGMAX SUPER,ESCORTS DIGMAX
F 2322 4WD,ESCORTS OTHER
HYDRA 15,ESCORTS HYDRA14
F15 75 HP,ESCORTS F15
F 15 OUTRIGGER WITH HELPE,ESCORTS F15 OUTRIGGER
TORO JAZZ,ESCORTS OTHER
FARMTRAC 50 F5 3 A,ESCORTS OTHER
RAJDOOT 223,ESCORTS OTHER
207 DI EX3 0L CAB D+2 FLATBED,ESCORTS OTHER
F 23 4WD,ESCORTS F23 4WD
F 1621 SL,ESCORTS OTHER
HYDRA MOBILE CRANE II,ESCORTS HYDRA14
HYDRA 15,ESCORTS HYDRA14
F 15 WITH OUTGR & CO DRVR SEAT,ESCORTS F15
RX100,YAMAHA RX100
HYDROLIC MOB CRANE,ESCORTS OTHER
F15 OUTRIGGER,ESCORTS F15 OUTRIGGER
HYDRA 12 SE,ESCORTS HYDRA14
HYDRAULIC MOB CRANE,ESCORTS HYDRA14
F17 OUTRIGGER 17TON,ESCORTS OTHER
F15 OUTRIGGER & HELPER SEAT,ESCORTS F15 OUTRIGGER
TRX 2319,ESCORTS TRX
TRX 15 4WD,ESCORTS TRX15
F15 75 HP,ESCORTS F15
YAMAHA,YAMAHA OTHER
YAMAHA RX 100,YAMAHA RX100
TRACTOR,ESCORTS OTHER
YAMAHA RX 100,YAMAHA RX100
HYDRAULIC MOBILE CRANE,ESCORTS HYDRA14
F 15 OUTRIGGER+CO DRIVER SEAT,ESCORTS F15 OUTRIGGER
HYDRA 14,ESCORTS HYDRA14
F17 OUTRIGGER,ESCORTS OTHER
TRX 15 49XT A,ESCORTS TRX15
F 15 OUTRIGGER,ESCORTS F15 OUTRIGGER
EC 3664,ESCORTS OTHER
HYDRA 1342 SE,ESCORTS HYDRA14
FARMTRAC 35TONRACTOR,ESCORTS OTHER
POWERTRAC 439,ESCORTS OTHER
JCB 3D EXCAVATOR LOADER,ESCORTS OTHER
DIGMAX2,ESCORTS DIGMAX2
HYD MOBILE CRANE,ESCORTS OTHER
POWERTRAC 439 3 A,ESCORTS OTHER
