rc_maker_desc,rc_maker_model,Mapped Name,clean_model,escorts_model,final_model
ESCORTSLTD,ESCORT FT-45,ESCORTS,ESCORT FT 45,ESCORTS FT45,ESCORTS FT45
ESCORTS LIMITED,F20 4WD WITH HELPER SEAT PLATF,ESCORTS,F20 4WD,ESCORTS F20 4WD,ESCORTS F20 4WD
ESCORTS LIMITED,YAMAHA RX 135,ESCORTS,YAMAHA RX 135,YAMAHA RX135,YAMAHA RX135
ESCORTS KUBOTA LIMITED (CONSTRUCTION EQUIPMENT),YAMAHA RX100,ESCORTS,YAMAHA RX100,YAMAHA RX100,YAMAHA RX100
ESCORTS LIMITED,F23 4WD BSIV,ESCORTS,F23 4WD,ESCORTS F23 4WD,ESCORTS F23 4WD
ESCORTS LIMITED (AGRI MACHINERY GROUP),ESCORTS-DIGMAX II BACKHOE LOAD,ESCORTS,DIGMAX2 BACKHOE LOAD,ESCORTS DIGMAX2,ESCORTS DIGMAX2
ESCORTS LIMITED (CONSTRUCTION EQUIPMENT),DIGMAX II 4X4,ESCORTS,DIGMAX2 4X4,ESCORTS DIGMAX2 4X4,ESCORTS DIGMAX2 4X4
ESCORTS LIMITED,"FABIA AMBIENTE (51 KW, TDI)-BS",ESCORTS,FABIA AMBIENTE (51 KW TDI),SKODA FABIA,SKODA FABIA
ESCORTS KUBOTA LIMITED (CONSTRUCTION EQUIPMENT,HYDRA 14,ESCORTS,HYDRA 14,ESCORTS HYDRA14,ESCORTS HYDRA14
ESCORTS KUBOTA LIMITED (CONSTRUCTION EQUIPMENT),TRX17 OUTRIGGER 4WD_18.2M BOOM,ESCORTS,TRX17 OUTRIGGER 4WD_18,ESCORTS TRX17,ESCORTS TRX17
ESCORTS KUBOTA LIMITED (CONSTRUCTION EQUIPMENT),CRANE HYDRA 14,ESCORTS,CRANE HYDRA 14,ESCORTS HYDRA14,ESCORTS HYDRA14
ESCORTS LIMITED,HYDRA 14 BSIIIA,ESCORTS,HYDRA 14 A,ESCORTS HYDRA14,ESCORTS HYDRA14
ESCORTS KUBOTA LIMITED (CONSTRUCTION EQUIPMENT),HD85 PLUS,ESCORTS,HD85 PLUS,ESCORTS HD85 PLUS,ESCORTS HD85 PLUS
ESCORTS LIMITED (AGRI MACHINERY GROUP),TRX 15 49XT BSIIIA,ESCORTS,TRX 15 49XT A,ESCORTS TRX15,ESCORTS TRX15
ESCORTS KUBOTA LIMITED (CONSTRUCTION EQUIPMENT),JUNGLI 4X4,ESCORTS,JUNGLI 4X4,ESCORTS JUNGLI 4X4,ESCORTS JUNGLI 4X4
ESCORTS KUBOTA LIMITED (CONSTRUCTION EQUIPMENT),TRX 15 49 XT,ESCORTS,TRX 15 49 XT,ESCORTS TRX15,ESCORTS TRX15
ESCORTS KUBOTA LIMITED (CONSTRUCTION EQUIPMENT),HYDRA NXT 13 PLUS OTGR - 42 FT,ESCORTS,HYDRANXT 13 PLUS OTGR 42 FT,ESCORTS HYDRANXT,ESCORTS HYDRANXT
ESCORTS KUBOTA LIMITED (CONSTRUCTION EQUIPMENT),F 15 WITH OUTRIGGER,ESCORTS,F 15 OUTRIGGER,ESCORTS F15 OUTRIGGER,ESCORTS F15 OUTRIGGER
ESCORTS KUBOTA LIMITED (CONSTRUCTION EQUIPMENT),14 TON PICKUP CARRY F15 RIGGER,ESCORTS,14TON PICKUP CARRY F15 RIGGER,ESCORTS F15,ESCORTS F15
ESCORTS KUBOTA LIMITED (CONSTRUCTION EQUIPMENT),HYDROLIC MOBILE CRANE,ESCORTS,HYDROLIC MOBILE CRANE,ESCORTS OTHER,ESCORTS OTHER
ESCORTS KUBOTA LIMITED (CONSTRUCTION EQUIPMENT),HYDRA 13 SE,ESCORTS,HYDRA 13 SE,ESCORTS HYDRA14,ESCORTS HYDRA14
ESCORTS LIMITED (AGRI MACHINERY GROUP),HYDRA 15 BSIII,ESCORTS,HYDRA 15,ESCORTS HYDRA14,ESCORTS HYDRA14
ESCORTS KUBOTA LIMITED (CONSTRUCTION EQUIPMENT),HYDRA 1336,ESCORTS,HYDRA 1336,ESCORTS HYDRA14,ESCORTS HYDRA14
ESCORTS KUBOTA LIMITED (CONSTRUCTION EQUIPMENT),ESCORT 440 TRACTOR,ESCORTS,ESCORT 440TONRACTOR,ESCORTS OTHER,ESCORTS OTHER
ESCORTS KUBOTA LIMITED (CONSTRUCTION EQUIPMENT),FARMTRAC 60 SUPER MAXX,ESCORTS,FARMTRAC 60 SUPER MAXX,ESCORTS OTHER,ESCORTS OTHER
ESCORTSLTD,YAMAHA RX 100,ESCORTS,YAMAHA RX 100,YAMAHA RX100,YAMAHA RX100
ESCORTS KUBOTA LIMITED (CONSTRUCTION EQUIPMENT),F 17 WITH OUTRIGGER,ESCORTS,F 17 OUTRIGGER,ESCORTS OTHER,ESCORTS OTHER
ESCORTS KUBOTA LIMITED (CONSTRUCTION EQUIPMENT,F17 WITH OUTRIGGER,ESCORTS,F17 OUTRIGGER,ESCORTS OTHER,ESCORTS OTHER
ESCORTS KUBOTA LIMITED (CONSTRUCTION EQUIPMENT),F 20,ESCORTS,F 20,ESCORTS F20,ESCORTS F20
ESCORTS KUBOTA LIMITED (CONSTRUCTION EQUIPMENT),EC-5250,ESCORTS,EC 5250,ESCORTS OTHER,ESCORTS OTHER
ESCORTS KUBOTA LIMITED (CONSTRUCTION EQUIPMENT,EC 5250 STD,ESCORTS,EC 5250 STD,ESCORTS OTHER,ESCORTS OTHER
ESCORTS LIMITED,F 15 75HP BSIV,ESCORTS,F 15 75HP,ESCORTS F15,ESCORTS F15
ESCORTS LIMITED,F 15 WITH OUTRIGGER WITH HELPER SEAT PLATF BSIV,ESCORTS,F 15 OUTRIGGER,ESCORTS F15 OUTRIGGER,ESCORTS F15 OUTRIGGER
ESCORTS KUBOTA LIMITED (CONSTRUCTION EQUIPMENT,F 23 4WD,ESCORTS,F 23 4WD,ESCORTS F23 4WD,ESCORTS F23 4WD
ESCORTS KUBOTA LIMITED (CONSTRUCTION EQUIPMENT),HYDRA 13,ESCORTS,HYDRA 13,ESCORTS HYDRA14,ESCORTS HYDRA14
ESCORTS R&D CENTRE,YAMAHA RX 100,ESCORTS,YAMAHA RX 100,YAMAHA RX100,YAMAHA RX100
ESCORTS KUBOTA LIMITED (CONSTRUCTION EQUIPMENT),HYDRA 15 EX,ESCORTS,HYDRA 15 EX,ESCORTS HYDRA14,ESCORTS HYDRA14
ESCORTS LIMITED,YAMAHA RXZ,ESCORTS,YAMAHA RXZ,YAMAHA OTHER,YAMAHA OTHER
ESCORTS KUBOTA LIMITED (CONSTRUCTION EQUIPMENT),CHEVROLET SPARK (LT),ESCORTS,CHEVROLET SPARK (LT),ESCORTS OTHER,ESCORTS OTHER
ESCORTS KUBOTA LIMITED (CONSTRUCTION EQUIPMENT),POWERTRACK 435 XL,ESCORTS,POWERTRACK 435 XL,ESCORTS OTHER,ESCORTS OTHER
ESCORTS LIMITED (CONSTRUCTION EQUIPMENT),F20 4WD BSIII,ESCORTS,F20 4WD,ESCORTS F20 4WD,ESCORTS F20 4WD
ESCORTS LIMITED,YAMAHA RX 100,ESCORTS,YAMAHA RX 100,YAMAHA RX100,YAMAHA RX100
ESCORTS KUBOTA LIMITED (CONSTRUCTION EQUIPMENT),HYDRA 14 SE,ESCORTS,HYDRA 14 SE,ESCORTS HYDRA14,ESCORTS HYDRA14
ESCORTS KUBOTA LIMITED (CONSTRUCTION EQUIPMENT),HYDRA 1665,ESCORTS,HYDRA 1665,ESCORTS HYDRA14,ESCORTS HYDRA14
ESCORTS LIMITED (CONSTRUCTION EQUIPMENT),445 LOAD MAXX,ESCORTS,445 LOAD MAXX,ESCORTS OTHER,ESCORTS OTHER
ESCORTS KUBOTA LIMITED (CONSTRUCTION EQUIPMENT),TRX 15 50 HP,ESCORTS,TRX 15 50 HP,ESCORTS TRX15,ESCORTS TRX15
ESCORTS KUBOTA LIMITED (CONSTRUCTION EQUIPMENT),DIGMAX II 4X4,ESCORTS,DIGMAX2 4X4,ESCORTS DIGMAX2 4X4,ESCORTS DIGMAX2 4X4
ESCORTS KUBOTA LIMITED (CONSTRUCTION EQUIPMENT),CRANE,ESCORTS,CRANE,ESCORTS OTHER,ESCORTS OTHER
ESCORTS LIMITED (AGRI MACHINERY GROUP),F1621 SL WITH HELPER SEAT PLAT,ESCORTS,F1621 SL WITH HELPER SEAT PLAT,ESCORTS OTHER,ESCORTS OTHER
ESCORTS KUBOTA LIMITED (CONSTRUCTION EQUIPMENT),TRX1550 4P WITH OUTRIGGER,ESCORTS,TRX1550 4P OUTRIGGER,ESCORTS TRX15,ESCORTS TRX15
ESCORTS KUBOTA LIMITED (CONSTRUCTION EQUIPMENT),HYDRA 15 PLUS,ESCORTS,HYDRA 15 PLUS,ESCORTS HYDRA14,ESCORTS HYDRA14
ESCORTS KUBOTA LIMITED (CONSTRUCTION EQUIPMENT),EC 5250 STD,ESCORTS,EC 5250 STD,ESCORTS OTHER,ESCORTS OTHER
ESCORTS LIMITED (CONSTRUCTION EQUIPMENT),ESCORTS-DIGMAX II,ESCORTS,DIGMAX2,ESCORTS DIGMAX2,ESCORTS DIGMAX2
ESCORTS LIMITED (CONSTRUCTION EQUIPMENT),HYDRA 15,ESCORTS,HYDRA 15,ESCORTS HYDRA14,ESCORTS HYDRA14
ESCORTS KUBOTA LIMITED (CONSTRUCTION EQUIPMENT),HYDRA14,ESCORTS,HYDRA14,ESCORTS HYDRA14,ESCORTS HYDRA14
ESCORTSLTD,"ESCORTSLTD, ESCORTS 445 PT",ESCORTS,445 PT,ESCORTS OTHER,ESCORTS OTHER
ESCORTS KUBOTA LIMITED (CONSTRUCTION EQUIPMENT,HYDRA 1565,ESCORTS,HYDRA 1565,ESCORTS HYDRA14,ESCORTS HYDRA14
ESCORT JCB LTD,EXCAVATOR LOADER,ESCORTS,EXCAVATOR LOADER,ESCORTS OTHER,ESCORTS OTHER
ESCORTS KUBOTA LIMITED (CONSTRUCTION EQUIPMENT),HYDRA 1213,ESCORTS,HYDRA 1213,ESCORTS HYDRA14,ESCORTS HYDRA14
ESCORTS KUBOTA LIMITED (CONSTRUCTION EQUIPMENT),MOBILE CRANE,ESCORTS,MOBILE CRANE,ESCORTS OTHER,ESCORTS OTHER
ESCORTS R&D CENTRE,YAMAHA RX 135,ESCORTS,YAMAHA RX 135,YAMAHA RX135,YAMAHA RX135
ESCORTSLTD,RAJDOOT,ESCORTS,RAJDOOT,ESCORTS OTHER,ESCORTS OTHER
ESCORTS R&D CENTRE,POWERTRAC,ESCORTS,POWERTRAC,ESCORTS OTHER,ESCORTS OTHER
ESCORTS KUBOTA LIMITED (CONSTRUCTION EQUIPMENT),ESCORT F-15,ESCORTS,ESCORT F 15,ESCORTS F15,ESCORTS F15
ESCORTS KUBOTA LIMITED (CONSTRUCTION EQUIPMENT),HYDRA 1565,ESCORTS,HYDRA 1565,ESCORTS HYDRA14,ESCORTS HYDRA14
ESCORTS KUBOTA LIMITED (CONSTRUCTION EQUIPMENT),TRX 2319,ESCORTS,TRX 2319,ESCORTS TRX,ESCORTS TRX
ESCORTS KUBOTA LIMITED (CONSTRUCTION EQUIPMENT),F20 4WD,ESCORTS,F20 4WD,ESCORTS F20 4WD,ESCORTS F20 4WD
ESCORTS KUBOTA LIMITED (CONSTRUCTION EQUIPMENT),F 20 4WD,ESCORTS,F 20 4WD,ESCORTS F20 4WD,ESCORTS F20 4WD
ESCORTS KUBOTA LIMITED (CONSTRUCTION EQUIPMENT),HYDRA 12,ESCORTS,HYDRA 12,ESCORTS HYDRA14,ESCORTS HYDRA14
ESCORTS LIMITED,F20 4WD BSIII,ESCORTS,F20 4WD,ESCORTS F20 4WD,ESCORTS F20 4WD
ESCORTS KUBOTA LIMITED (CONSTRUCTION EQUIPMENT),TRX 15 4WD WITH 18.2 M BOOM,ESCORTS,TRX 15 4WD WITH 18,ESCORTS TRX15,ESCORTS TRX15
ESCORTS KUBOTA LIMITED (CONSTRUCTION EQUIPMENT),HYDRA1242/1TON CRAN,ESCORTS,HYDRA1242/1TON CRAN,ESCORTS HYDRA14,ESCORTS HYDRA14
ESCORTS KUBOTA LIMITED (CONSTRUCTION EQUIPMENT),DIGMAX SUPER,ESCORTS,DIGMAX SUPER,ESCORTS DIGMAX,ESCORTS DIGMAX
ESCORTS KUBOTA LIMITED (CONSTRUCTION EQUIPMENT),F 2322 4WD,ESCORTS,F 2322 4WD,ESCORTS OTHER,ESCORTS OTHER
ESCORTS KUBOTA LIMITED (CONSTRUCTION EQUIPMENT,HYDRA 15,ESCORTS,HYDRA 15,ESCORTS HYDRA14,ESCORTS HYDRA14
ESCORTS KUBOTA LIMITED (CONSTRUCTION EQUIPMENT),"ESCORTS KUBOTA LIMITED (CONSTRUCTION EQUIPMENT), F15 75 HP",ESCORTS,F15 75 HP,ESCORTS F15,ESCORTS F15
ESCORTS LIMITED (AGRI MACHINERY GROUP),F 15 WITH OUTRIGGER WITH HELPE,ESCORTS,F 15 OUTRIGGER WITH HELPE,ESCORTS F15 OUTRIGGER,ESCORTS F15 OUTRIGGER
ESCORTS LIMITED,TORO-JAZZ,ESCORTS,TORO JAZZ,ESCORTS OTHER,ESCORTS OTHER
ESCORTSLTD,FARMTRAC 50 F5 BS3-A,ESCORTS,FARMTRAC 50 F5 3 A,ESCORTS OTHER,ESCORTS OTHER
ESCORTS LIMITED,RAJDOOT 223,ESCORTS,RAJDOOT 223,ESCORTS OTHER,ESCORTS OTHER
ESCORTS LIMITED,207 DI EX3.0L CAB D+2 FLATBED,ESCORTS,207 DI EX3 0L CAB D+2 FLATBED,ESCORTS OTHER,ESCORTS OTHER
ESCORTS KUBOTA LIMITED (CONSTRUCTION EQUIPMENT),F 23 4WD,ESCORTS,F 23 4WD,ESCORTS F23 4WD,ESCORTS F23 4WD
ESCORTS KUBOTA LIMITED (CONSTRUCTION EQUIPMENT),F 1621 SL,ESCORTS,F 1621 SL,ESCORTS OTHER,ESCORTS OTHER
ESCORTS KUBOTA LIMITED (CONSTRUCTION EQUIPMENT),HYDRA MOBILE CRANE BS II,ESCORTS,HYDRA MOBILE CRANE II,ESCORTS HYDRA14,ESCORTS HYDRA14
ESCORTS KUBOTA LIMITED (CONSTRUCTION EQUIPMENT),HYDRA 15,ESCORTS,HYDRA 15,ESCORTS HYDRA14,ESCORTS HYDRA14
ESCORTS KUBOTA LIMITED (CONSTRUCTION EQUIPMENT),F 15 WITH OUTGR & CO-DRVR SEAT,ESCORTS,F 15 WITH OUTGR & CO DRVR SEAT,ESCORTS F15,ESCORTS F15
ESCORTS R&D CENTRE,RX100,ESCORTS,RX100,YAMAHA RX100,YAMAHA RX100
ESCORTS KUBOTA LIMITED (CONSTRUCTION EQUIPMENT),HYDROLIC MOB.CRANE,ESCORTS,HYDROLIC MOB CRANE,ESCORTS OTHER,ESCORTS OTHER
ESCORTS KUBOTA LIMITED (CONSTRUCTION EQUIPMENT),F15 WITH OUTRIGGER,ESCORTS,F15 OUTRIGGER,ESCORTS F15 OUTRIGGER,ESCORTS F15 OUTRIGGER
ESCORTS KUBOTA LIMITED (CONSTRUCTION EQUIPMENT),HYDRA 12 SE,ESCORTS,HYDRA 12 SE,ESCORTS HYDRA14,ESCORTS HYDRA14
ESCORTS KUBOTA LIMITED (CONSTRUCTION EQUIPMENT),HYDRAULIC MOB. CRANE,ESCORTS,HYDRAULIC MOB CRANE,ESCORTS HYDRA14,ESCORTS HYDRA14
ESCORTS LIMITED (AGRI MACHINERY GROUP),F17 WITH OUTRIGGER 17T BSIV,ESCORTS,F17 OUTRIGGER 17TON,ESCORTS OTHER,ESCORTS OTHER
ESCORTS KUBOTA LIMITED (CONSTRUCTION EQUIPMENT),F15 OUTRIGGER & HELPER SEAT,ESCORTS,F15 OUTRIGGER & HELPER SEAT,ESCORTS F15 OUTRIGGER,ESCORTS F15 OUTRIGGER
ESCORTS KUBOTA LIMITED (CONSTRUCTION EQUIPMENT),"ESCORTS KUBOTA LIMITED (CONSTRUCTION EQUIPMENT), TRX 2319",ESCORTS,TRX 2319,ESCORTS TRX,ESCORTS TRX
ESCORTS KUBOTA LIMITED (CONSTRUCTION EQUIPMENT),TRX 15 4WD,ESCORTS,TRX 15 4WD,ESCORTS TRX15,ESCORTS TRX15
ESCORTS KUBOTA LIMITED (CONSTRUCTION EQUIPMENT),F15 75 HP,ESCORTS,F15 75 HP,ESCORTS F15,ESCORTS F15
ESCORTS R&D CENTRE,YAMAHA,ESCORTS,YAMAHA,YAMAHA OTHER,YAMAHA OTHER
ESCORTS KUBOTA LIMITED (CONSTRUCTION EQUIPMENT),YAMAHA RX 100,ESCORTS,YAMAHA RX 100,YAMAHA RX100,YAMAHA RX100
ESCORTS KUBOTA LIMITED (CONSTRUCTION EQUIPMENT),TRACTOR,ESCORTS,TRACTOR,ESCORTS OTHER,ESCORTS OTHER
ESCORTS LIMITED (AGRI MACHINERY GROUP),"ESCORTS LIMITED (AGRI MACHINERY GROUP), YAMAHA RX 100",ESCORTS,YAMAHA RX 100,YAMAHA RX100,YAMAHA RX100
ESCORTS KUBOTA LIMITED (CONSTRUCTION EQUIPMENT),HYDRAULIC MOBILE CRANE,ESCORTS,HYDRAULIC MOBILE CRANE,ESCORTS HYDRA14,ESCORTS HYDRA14
ESCORTS KUBOTA LIMITED (CONSTRUCTION EQUIPMENT),F 15 OUTRIGGER+CO DRIVER SEAT,ESCORTS,F 15 OUTRIGGER+CO DRIVER SEAT,ESCORTS F15 OUTRIGGER,ESCORTS F15 OUTRIGGER
ESCORTS KUBOTA LIMITED (CONSTRUCTION EQUIPMENT),HYDRA 14,ESCORTS,HYDRA 14,ESCORTS HYDRA14,ESCORTS HYDRA14
ESCORTS KUBOTA LIMITED (CONSTRUCTION EQUIPMENT),F17 WITH OUTRIGGER,ESCORTS,F17 OUTRIGGER,ESCORTS OTHER,ESCORTS OTHER
ESCORTS LIMITED,TRX 15 49XT BSIIIA,ESCORTS,TRX 15 49XT A,ESCORTS TRX15,ESCORTS TRX15
ESCORTS KUBOTA LIMITED (CONSTRUCTION EQUIPMENT,F 15 WITH OUTRIGGER,ESCORTS,F 15 OUTRIGGER,ESCORTS F15 OUTRIGGER,ESCORTS F15 OUTRIGGER
ESCORTS KUBOTA LIMITED (CONSTRUCTION EQUIPMENT),EC 3664,ESCORTS,EC 3664,ESCORTS OTHER,ESCORTS OTHER
ESCORTS KUBOTA LIMITED (CONSTRUCTION EQUIPMENT),HYDRA 1342 SE,ESCORTS,HYDRA 1342 SE,ESCORTS HYDRA14,ESCORTS HYDRA14
ESCORTS LIMITED,FARMTRAC-35 TRACTOR,ESCORTS,FARMTRAC 35TONRACTOR,ESCORTS OTHER,ESCORTS OTHER
ESCORTS LIMITED (CONSTRUCTION EQUIPMENT),POWERTRAC 439,ESCORTS,POWERTRAC 439,ESCORTS OTHER,ESCORTS OTHER
ESCORT JCB LTD,JCB 3D EXCAVATOR - LOADER,ESCORTS,JCB 3D EXCAVATOR LOADER,ESCORTS OTHER,ESCORTS OTHER
ESCORTS KUBOTA LIMITED (CONSTRUCTION EQUIPMENT),ESCORTS-DIGMAX II,ESCORTS,DIGMAX2,ESCORTS DIGMAX2,ESCORTS DIGMAX2
ESCORTS KUBOTA LIMITED (CONSTRUCTION EQUIPMENT),HYD.MOBILE CRANE,ESCORTS,HYD MOBILE CRANE,ESCORTS OTHER,ESCORTS OTHER
ESCORTSLTD,POWERTRAC 439 BS3-A,ESCORTS,POWERTRAC 439 3 A,ESCORTS OTHER,ESCORTS OTHER
