clean_model,final_model,count
ABARTH 595 1.4T JET 160HP,ABARTH 595,1
ABARTH PUNTO,ABARTH PUNTO,1
ABARTH PUNTO 1.4 T JET,ABARTH PUNTO,1
ABARTH PUNTO 1.4TJET3,ABARTH PUNTO,1
ABARTH PUNTO 145HP,ABARTH PUNTO,1
ABARTH PUNTO 14T JET,ABARTH PUNTO,1
G . PUNTO ABARTH PUNTO 1.,ABARTH PUNTO,1
GRANDE PUNTO ABARTH 1.4 T,ABARTH PUNTO,1
GRANDE PUNTO ABARTH PUNTO 1.4,ABARTH PUNTO,1
AAVENTURA 1.3 MULTIJET ACTIVE,FCA ACTIVE,1
AVV.URBAN CROSS 1.3 MJET ACTIV,FCA ACTIVE,1
EVO 1.3 ACTIVE,FCA ACTIVE,1
GRANDE PUNDO FIRE ACTIVE,FCA ACTIVE,1
1 AUTOMOBILES LTD,FCA AUTO,1
URBAN CROSS,FCA AVVENTURA CROSS,1
AVNENTURA 1.4 FIRE DYNAMIC,FCA DYNAMIC,1
GRANDEPUNT EVO 1.2 FIRE DYNAMI,FCA DYNAMIC,1
LENEA DYNAMIC,FCA DYNAMIC,1
LIENA PT DYNAMIC EIV,FCA DYNAMIC,1
URBAN CROSS 1.3 DYNAMIC,FCA DYNAMIC,1
AVVENTURE EMOTION,FCA EMOTION,2
AAVENTURA 1.3 MULTIJET EMOTION,FCA EMOTION,1
AVVENT URBAN CROSS 1.3EMOTION,FCA EMOTION,1
DI EMOTION PK,FCA EMOTION,1
EVO 1.3 EMOTION,FCA EMOTION,1
F P EVO EMOTION DSL,FCA EMOTION,1
F/G P 1.3 M/J EMOTION,FCA EMOTION,1
GRAND PUINTO EMOTION,FCA EMOTION,1
LINA M/J EMOTION,FCA EMOTION,1
LINCA EMOTION PACK,FCA EMOTION,1
LINE EMOTION,FCA EMOTION,1
OUNTO EMOTION,FCA EMOTION,1
PLANET EVO EMOTION 1.3 DIESEL,FCA EMOTION,1
URBAN CROSS 1.3 EMOTION,FCA EMOTION,1
FIESTA CAR EIII,FCA FIRE,1
AVV.URBANCROSS1.3MJETEMOTI,FCA MJET,1
G PUN EVO 1 3 MJETACT 90HP,FCA MJET,1
G PUN EVO 1 3 MJETDYM 90HP,FCA MJET,1
G PUN EVO 1 3 MJETDYM 90HP B,FCA MJET,1
URBAN CROSS 1.3MULTIJET ACTIVE,FCA MULTIJET,1
URBAN CROSS1.3MULTIJET DYNAMIC,FCA MULTIJET,1
CAR,FCA OTHER,2
NOT AVAILABLE,FCA OTHER,2
SIENA EL AND VARIANTS,FCA OTHER,2
TRAILHAWK O 2.0D AT,FCA OTHER,2
,FCA OTHER,1
1,FCA OTHER,1
1.4LIMITED AT,FCA OTHER,1
1.9,FCA OTHER,1
1100,FCA OTHER,1
3,FCA OTHER,1
4,FCA OTHER,1
500,FCA OTHER,1
500 LOUNGE 1248 DL,FCA OTHER,1
AAMN0250 57-680-1A3-000,FCA OTHER,1
AAMN0250F01 57 680 7A3 000,FCA OTHER,1
AAMN0250F0157-680-AA3-AGR,FCA OTHER,1
AAMN0250F0157680A3000,FCA OTHER,1
AAMN0250F03_57-680-7A3-AZ9,FCA OTHER,1
AAMN0250F0457680AA3AGR,FCA OTHER,1
AAMN0250F05 57-680-1A3-1N9,FCA OTHER,1
AAMN0256F01576807B4000,FCA OTHER,1
AAMN0375,FCA OTHER,1
AAMN045257680,FCA OTHER,1
AAON0314F0157680-ABT-2-AGN,FCA OTHER,1
AAPN0569F01 680-SBT 3 AZ1,FCA OTHER,1
AAQN0011 680-7AD-3-AD1,FCA OTHER,1
AAQN0011333333 680-7AD-3-AD1,FCA OTHER,1
ACTICE HT,FCA OTHER,1
ADVENTURE 1.6 16V,FCA OTHER,1
ADVENTURE 1.9 D,FCA OTHER,1
ADVENTURE CAR,FCA OTHER,1
ADVENTURE SPI596,FCA OTHER,1
AVEN 1.3 MUL JET EMO,FCA OTHER,1
AVV.URBAN CROSS 1.3 MJET DYNAM,FCA OTHER,1
AVV.URBAN CROSS 1.3 MJET EMOTI,FCA OTHER,1
AVV.URBAN CROSS 1.4 TJET EMOTI,FCA OTHER,1
AVVNURBNCRSS1 3MJ90HP EMO,FCA OTHER,1
BS II,FCA OTHER,1
CASE 770 SS LOADER BACKHOE,FCA OTHER,1
CHEVROLET SPARK,FCA OTHER,1
CITILINE BUS,FCA OTHER,1
F G P EVO1.3M/J EM.,FCA OTHER,1
FIAT,FCA OTHER,1
FIGO 1.4 ZXI,FCA OTHER,1
FORD FIESTA,FCA OTHER,1
FORD FIGO,FCA OTHER,1
FORD FIGO 1-4 TITANIUM,FCA OTHER,1
FORD FIGO 1.2 EXI PETROL,FCA OTHER,1
FORD FIGO 1.4 DUR.. TDCI ZXI,FCA OTHER,1
FORD FIGO ZXI,FCA OTHER,1
G.P EVO 1 3 M D,FCA OTHER,1
GRAN PU 13 MULJET EMO P,FCA OTHER,1
GRAND CHEROKEE SRT,FCA OTHER,1
LIENA 1251 CCDI,FCA OTHER,1
LMV FIAT GRANDE,FCA OTHER,1
LMV LENES,FCA OTHER,1
MASERATI GHIBLI DIESEL,FCA OTHER,1
MASERATI LEVANT SUV,FCA OTHER,1
MASERATI QPG TS,FCA OTHER,1
MERIDIAN LMTD O 9AT4X4 2.0DBS6,FCA OTHER,1
NA NA NA,FCA OTHER,1
OTHERS,FCA OTHER,1
PADMINI PRIMEIR,FCA OTHER,1
PAILO,FCA OTHER,1
PAL ELX,FCA OTHER,1
PETRA 1.6 16V ED,FCA OTHER,1
PETRA 1.9,FCA OTHER,1
PETRA DIESEL CAR,FCA OTHER,1
PETRA EL PS,FCA OTHER,1
PETRA PET EC,FCA OTHER,1
PREMIER PADMINI,FCA OTHER,1
PREMIER PADMINI DLX BU,FCA OTHER,1
PRIMIER PADAMINI,FCA OTHER,1
QUATTROPORATE DIESEL,FCA OTHER,1
SAL INV 0010053 1S 1314 33,FCA OTHER,1
SIENA,FCA OTHER,1
SIENA TDEL AND VARIANTS,FCA OTHER,1
SUPER SELECT,FCA OTHER,1
TJET PLUS,FCA OTHER,1
WRANGLER JL UNLIMITED 2.0,FCA OTHER,1
WRANGLER UNLIMITED 3.6L,FCA OTHER,1
GRAD PU 14 FIRE EMO PAC,FCA PACK,1
GRAD PU 14 FIRE EMO PACK,FCA PACK,1
GRAN PU 13 MULJET EMO PAC,FCA PACK,1
PACIO E,FCA PALIO ELX,1
PLIO ELX,FCA PALIO ELX,1
1.3 DIESEL 93PS SPORT,FCA SPORT,1
ADVENTURE 1.6 SPORT SP,FCA SPORT,1
ECOSPORT 1-5 TREND MT-MA,FCA SPORT,1
ECOSPORT TREND,FCA SPORT,1
SPORTS,FCA SPORT,1
AVVEN URB CRO1 4 TJETEMO BS,FCA TJET,1
PU 1248 MULTJET E BNWHI,FCA TJET,1
AVVENTURA 1.3 MULTIJET,FIAT AVVENTURA,5
AVVENTURA 1.3 MULTIJET ACTIVE,FIAT AVVENTURA,4
AVVENTURA 1.3,FIAT AVVENTURA,3
AVVENTURA,FIAT AVVENTURA,2
AVVENTURA 1.3 MULTI,FIAT AVVENTURA,2
AVVENTURA 1.4 FIRE DYNAMIC,FIAT AVVENTURA,2
AVVENTURA DYNAMIC,FIAT AVVENTURA,2
AVVENTURA EMOTION,FIAT AVVENTURA,2
.FIAT AVVENTURA 1.3 DYNAMIC,FIAT AVVENTURA,1
AAVENTURA 1.3 MULTIJET,FIAT AVVENTURA,1
AVENTURA 1.4,FIAT AVVENTURA,1
AVVENTURA / DYNAMIC / EURO IV,FIAT AVVENTURA,1
AVVENTURA 1 3 MULTIJET DYNAM,FIAT AVVENTURA,1
AVVENTURA 1 3 MULTIJET DYNAMIC,FIAT AVVENTURA,1
AVVENTURA 1 3 MULTIJET EMOTI,FIAT AVVENTURA,1
AVVENTURA 1 3 MULTIJET EMOTION,FIAT AVVENTURA,1
AVVENTURA 1.3 ACTIVE,FIAT AVVENTURA,1
AVVENTURA 1.3 DIESEL,FIAT AVVENTURA,1
AVVENTURA 1.3 DIESEL.,FIAT AVVENTURA,1
AVVENTURA 1.3 DYNAMIC,FIAT AVVENTURA,1
AVVENTURA 1.3 EMOTION,FIAT AVVENTURA,1
AVVENTURA 1.3 M J DYNAMIC,FIAT AVVENTURA,1
AVVENTURA 1.3 M.JET DI EMOTION,FIAT AVVENTURA,1
AVVENTURA 1.3 MALTIJET EMOTION,FIAT AVVENTURA,1
AVVENTURA 1.3 MJ EMOTION,FIAT AVVENTURA,1
AVVENTURA 1.3 MJET EMOTION,FIAT AVVENTURA,1
AVVENTURA 1.3 MJET EMOTION 90H,FIAT AVVENTURA,1
AVVENTURA 1.3 MUL ACTIVE,FIAT AVVENTURA,1
AVVENTURA 1.3 MULITJET,FIAT AVVENTURA,1
AVVENTURA 1.3 MULITJET EMOTION,FIAT AVVENTURA,1
AVVENTURA 1.3 MULTIJET D E,FIAT AVVENTURA,1
AVVENTURA 1.3 MULTIJET DI,FIAT AVVENTURA,1
AVVENTURA 1.3 MULTIJET DIESEL,FIAT AVVENTURA,1
AVVENTURA 1.3 MULTIJET DYNAMIC,FIAT AVVENTURA,1
AVVENTURA 1.3 MULTIJET EM,FIAT AVVENTURA,1
AVVENTURA 1.3 MULTIJET EMOTI,FIAT AVVENTURA,1
AVVENTURA 1.3 MULTIJET EMOTION,FIAT AVVENTURA,1
AVVENTURA 1.3MULTIJET ACTIVE,FIAT AVVENTURA,1
AVVENTURA 1.3MULTIJET EMOTION,FIAT AVVENTURA,1
AVVENTURA 1.4,FIAT AVVENTURA,1
AVVENTURA 1.4 DYNAMIC,FIAT AVVENTURA,1
AVVENTURA 1.4 FIRE,FIAT AVVENTURA,1
AVVENTURA 1.4 FIRE DYNA,FIAT AVVENTURA,1
AVVENTURA 1.4 FIRE DYNAMI,FIAT AVVENTURA,1
AVVENTURA 1.4 T-JET EMOTION,FIAT AVVENTURA,1
AVVENTURA ACTIVE,FIAT AVVENTURA,1
AVVENTURA CROSS 1.3 ACTIVE,FIAT AVVENTURA,1
AVVENTURA CROSS 1.3 EMOTION,FIAT AVVENTURA,1
AVVENTURA DYNAMIC EURO IV,FIAT AVVENTURA,1
AVVENTURA EMOT 1.3MUL,FIAT AVVENTURA,1
AVVENTURA EMOTION 1.3,FIAT AVVENTURA,1
AVVENTURA EMOTION 1.3 MUL,FIAT AVVENTURA,1
AVVENTURA EMOTION DI,FIAT AVVENTURA,1
AVVENTURA MJET EMOTION 1.3L,FIAT AVVENTURA,1
AVVENTURA MULTIJET ACTIVE,FIAT AVVENTURA,1
AVVENTURA1.4FIRE ACTIVE,FIAT AVVENTURA,1
AVVENTURAACTIVE DI,FIAT AVVENTURA,1
AVVENTURADYNAMIC PT,FIAT AVVENTURA,1
AVVENTURE 1.3,FIAT AVVENTURA,1
AVVETURE 1.3,FIAT AVVENTURA,1
F/AVVENTURA 1.3M/J EMTN,FIAT AVVENTURA,1
GRANDE PUNTO,FIAT GRANDE PUNTO,11
GRANDE PUNTO 1.3 MULTIJET,FIAT GRANDE PUNTO,5
GRANDE PUNTO ACTIVE,FIAT GRANDE PUNTO,5
GRANDE PUNTO 1.3,FIAT GRANDE PUNTO,4
GRANDE PUNTO EMOTION PACK,FIAT GRANDE PUNTO,4
GRANDE PUNTO 1248,FIAT GRANDE PUNTO,3
GRANDE PUNTO DYNAMIC DI,FIAT GRANDE PUNTO,3
GRANDE PUNTO EMOTION,FIAT GRANDE PUNTO,3
GRANDE PUNTO MULTIJET,FIAT GRANDE PUNTO,3
GRANDE PUNTO MULTIJET ACT,FIAT GRANDE PUNTO,3
FLAT GRANDE PUNTO MULTIJET CAR,FIAT GRANDE PUNTO,2
GRANDE PUNTO 1.2 FIRE DYNAMIC,FIAT GRANDE PUNTO,2
GRANDE PUNTO 1.3 ACTIVE,FIAT GRANDE PUNTO,2
GRANDE PUNTO 1.3 EMOTION,FIAT GRANDE PUNTO,2
GRANDE PUNTO 1172,FIAT GRANDE PUNTO,2
GRANDE PUNTO 1172 FIRE ACTIVE,FIAT GRANDE PUNTO,2
GRANDE PUNTO 1248 M.JET,FIAT GRANDE PUNTO,2
GRANDE PUNTO 1248 MULTIJET,FIAT GRANDE PUNTO,2
GRANDE PUNTO 1368,FIAT GRANDE PUNTO,2
GRANDE PUNTO ACTIVE MULTIJET,FIAT GRANDE PUNTO,2
GRANDE PUNTO DI ACTIVE,FIAT GRANDE PUNTO,2
GRANDE PUNTO DI DYNAMIC,FIAT GRANDE PUNTO,2
GRANDE PUNTO DI EMOTION,FIAT GRANDE PUNTO,2
GRANDE PUNTO EMO PACK,FIAT GRANDE PUNTO,2
GRANDE PUNTO EMOTION DI,FIAT GRANDE PUNTO,2
GRANDE PUNTO FIRE ACTIVE,FIAT GRANDE PUNTO,2
GRANDE PUNTO FIRE EMOTION,FIAT GRANDE PUNTO,2
GRANDE PUNTO MULTIJET ACTIVE,FIAT GRANDE PUNTO,2
GRANDE PUNTO MULTIJET DYNAMIC,FIAT GRANDE PUNTO,2
F GRANDE PUNTO 1.2 M/J DYNAMIC,FIAT GRANDE PUNTO,1
F/ GRANDE PUNTO ACTIVE 1.3,FIAT GRANDE PUNTO,1
F/GRANDE PUNTO 1.3 M/J ACTIVE,FIAT GRANDE PUNTO,1
FIATGRANDE PUNTO 1.3 MULTIJETA,FIAT GRANDE PUNTO,1
FLAT GRANDE PUNTO EMOTION,FIAT GRANDE PUNTO,1
G.P. GRANDE PUNTO PURE 1.3 DIS,FIAT GRANDE PUNTO,1
GRAN,FIAT GRANDE PUNTO,1
GRAND PUNTA 1172 FIRE,FIAT GRANDE PUNTO,1
GRANDE PUNTO 1 2 FIRE ACTIVE,FIAT GRANDE PUNTO,1
GRANDE PUNTO 1 2 FIRE DYNAMI,FIAT GRANDE PUNTO,1
GRANDE PUNTO 1 2 FIRE DYNAMIC,FIAT GRANDE PUNTO,1
GRANDE PUNTO 1 3 M E P 90HP,FIAT GRANDE PUNTO,1
GRANDE PUNTO 1 3 MULTIJET AC,FIAT GRANDE PUNTO,1
GRANDE PUNTO 1 3 MULTIJET ACTI,FIAT GRANDE PUNTO,1
GRANDE PUNTO 1 3 MULTIJET EM,FIAT GRANDE PUNTO,1
GRANDE PUNTO 1 3 MULTIJET EMOT,FIAT GRANDE PUNTO,1
GRANDE PUNTO 1 3 MUTIJET DYA,FIAT GRANDE PUNTO,1
GRANDE PUNTO 1 3 MUTIJET DYANA,FIAT GRANDE PUNTO,1
GRANDE PUNTO 1 3 MUTIJET EMO,FIAT GRANDE PUNTO,1
GRANDE PUNTO 1.2,FIAT GRANDE PUNTO,1
GRANDE PUNTO 1.2 ACTIVE,FIAT GRANDE PUNTO,1
GRANDE PUNTO 1.2 EMOTION,FIAT GRANDE PUNTO,1
GRANDE PUNTO 1.2 FIRE ACTIVE,FIAT GRANDE PUNTO,1
GRANDE PUNTO 1.2 FIRE EMO PACK,FIAT GRANDE PUNTO,1
GRANDE PUNTO 1.2 FIRE EMOTION,FIAT GRANDE PUNTO,1
GRANDE PUNTO 1.2 PT,FIAT GRANDE PUNTO,1
GRANDE PUNTO 1.3 ACTIVE EIII,FIAT GRANDE PUNTO,1
GRANDE PUNTO 1.3 DYNAMIC,FIAT GRANDE PUNTO,1
GRANDE PUNTO 1.3 EM PK 90,FIAT GRANDE PUNTO,1
GRANDE PUNTO 1.3 EMOT PK,FIAT GRANDE PUNTO,1
GRANDE PUNTO 1.3 EMOTION E4,FIAT GRANDE PUNTO,1
GRANDE PUNTO 1.3 EMOTION PACK,FIAT GRANDE PUNTO,1
GRANDE PUNTO 1.3 EMOYION E 3,FIAT GRANDE PUNTO,1
GRANDE PUNTO 1.3 M ACTIVE,FIAT GRANDE PUNTO,1
GRANDE PUNTO 1.3 M EMOTION,FIAT GRANDE PUNTO,1
GRANDE PUNTO 1.3 M JET EMOTION,FIAT GRANDE PUNTO,1
GRANDE PUNTO 1.3 M.JET ACTIVE,FIAT GRANDE PUNTO,1
GRANDE PUNTO 1.3 M/J DYN,FIAT GRANDE PUNTO,1
GRANDE PUNTO 1.3 M/J EMOTION,FIAT GRANDE PUNTO,1
GRANDE PUNTO 1.3 MJET ACTIVE,FIAT GRANDE PUNTO,1
GRANDE PUNTO 1.3 MJET EMO,FIAT GRANDE PUNTO,1
GRANDE PUNTO 1.3 MJET EMO PACK,FIAT GRANDE PUNTO,1
GRANDE PUNTO 1.3 MUL EMO PK,FIAT GRANDE PUNTO,1
GRANDE PUNTO 1.3 MUL EMOT,FIAT GRANDE PUNTO,1
GRANDE PUNTO 1.3 MUL EMOTION,FIAT GRANDE PUNTO,1
GRANDE PUNTO 1.3 MUL.DYNAMIC,FIAT GRANDE PUNTO,1
GRANDE PUNTO 1.3 MUL.EMO.PACK,FIAT GRANDE PUNTO,1
GRANDE PUNTO 1.3 MUL.EMOTION,FIAT GRANDE PUNTO,1
GRANDE PUNTO 1.3 MULT ACTIVE,FIAT GRANDE PUNTO,1
GRANDE PUNTO 1.3 MULTI DYNAMIC,FIAT GRANDE PUNTO,1
GRANDE PUNTO 1.3 MULTI SPORT,FIAT GRANDE PUNTO,1
GRANDE PUNTO 1.3 MULTIJET ABSO,FIAT GRANDE PUNTO,1
GRANDE PUNTO 1.3 MULTIJET ACT,FIAT GRANDE PUNTO,1
GRANDE PUNTO 1.3 MULTIJET ACTI,FIAT GRANDE PUNTO,1
GRANDE PUNTO 1.3 MULTIJET ACTIVE,FIAT GRANDE PUNTO,1
GRANDE PUNTO 1.3 MULTIJET DY,FIAT GRANDE PUNTO,1
GRANDE PUNTO 1.3 MULTIJET DYNA,FIAT GRANDE PUNTO,1
GRANDE PUNTO 1.3 MULTIJET DYNAMIC,FIAT GRANDE PUNTO,1
GRANDE PUNTO 1.3 MULTIJET EMO,FIAT GRANDE PUNTO,1
GRANDE PUNTO 1.3 MULTIJET EMO.,FIAT GRANDE PUNTO,1
GRANDE PUNTO 1.3 MULTIJET EMOT,FIAT GRANDE PUNTO,1
GRANDE PUNTO 1.3 MULTIJET SPOR,FIAT GRANDE PUNTO,1
GRANDE PUNTO 1.3 PURE D,FIAT GRANDE PUNTO,1
GRANDE PUNTO 1.3 SPORTZ,FIAT GRANDE PUNTO,1
GRANDE PUNTO 1.3EMOTION EUROIV,FIAT GRANDE PUNTO,1
GRANDE PUNTO 1.3M EMOTION PACK,FIAT GRANDE PUNTO,1
GRANDE PUNTO 1.3MUL ACTIVE,FIAT GRANDE PUNTO,1
GRANDE PUNTO 1.3MULTIJET ACTIV,FIAT GRANDE PUNTO,1
GRANDE PUNTO 1.3MULTIJET DY PA,FIAT GRANDE PUNTO,1
GRANDE PUNTO 1.3MULTIJET DYNAM,FIAT GRANDE PUNTO,1
GRANDE PUNTO 1.3MULTIJET EM PA,FIAT GRANDE PUNTO,1
GRANDE PUNTO 1.3MULTIJET EMOTI,FIAT GRANDE PUNTO,1
GRANDE PUNTO 1.3MULTIJET SPOR,FIAT GRANDE PUNTO,1
GRANDE PUNTO 1.4 FIRE DYNAMIC,FIAT GRANDE PUNTO,1
GRANDE PUNTO 1.4 FIRE EMO.PACK,FIAT GRANDE PUNTO,1
GRANDE PUNTO 1.4 FIRE EMOTION,FIAT GRANDE PUNTO,1
GRANDE PUNTO 1.4 FIRE EMOTION.,FIAT GRANDE PUNTO,1
GRANDE PUNTO 1172CC,FIAT GRANDE PUNTO,1
GRANDE PUNTO 1248 M. EMO.,FIAT GRANDE PUNTO,1
GRANDE PUNTO 1248 ME,FIAT GRANDE PUNTO,1
GRANDE PUNTO 1248 MULTIJET EMOP,FIAT GRANDE PUNTO,1
GRANDE PUNTO 1368 FIRE EMT,FIAT GRANDE PUNTO,1
GRANDE PUNTO 90 HP,FIAT GRANDE PUNTO,1
GRANDE PUNTO 90HP SPORT,FIAT GRANDE PUNTO,1
GRANDE PUNTO ABRATH 1.4 TJET,FIAT GRANDE PUNTO,1
GRANDE PUNTO ACT DI E IV,FIAT GRANDE PUNTO,1
GRANDE PUNTO ACTIVE 1.2,FIAT GRANDE PUNTO,1
GRANDE PUNTO ACTIVE D,FIAT GRANDE PUNTO,1
GRANDE PUNTO ACTIVE DI IV,FIAT GRANDE PUNTO,1
GRANDE PUNTO ACTIVE DI M,FIAT GRANDE PUNTO,1
GRANDE PUNTO ACTIVE DI MULTIJET,FIAT GRANDE PUNTO,1
GRANDE PUNTO ACTIVE DIESEL,FIAT GRANDE PUNTO,1
GRANDE PUNTO ACTIVE E4 MULTIJE,FIAT GRANDE PUNTO,1
GRANDE PUNTO ACTIVE EURO4,FIAT GRANDE PUNTO,1
GRANDE PUNTO ACTIVE FIRE,FIAT GRANDE PUNTO,1
GRANDE PUNTO ACTIVE HATCH BACK,FIAT GRANDE PUNTO,1
GRANDE PUNTO ACTIVE PL,FIAT GRANDE PUNTO,1
GRANDE PUNTO CAR,FIAT GRANDE PUNTO,1
GRANDE PUNTO DI EM PK,FIAT GRANDE PUNTO,1
GRANDE PUNTO DI EMOTION EIV,FIAT GRANDE PUNTO,1
GRANDE PUNTO DI EMOTION PK,FIAT GRANDE PUNTO,1
GRANDE PUNTO DYNA PL E IV,FIAT GRANDE PUNTO,1
GRANDE PUNTO DYNA. MULTI. IV,FIAT GRANDE PUNTO,1
GRANDE PUNTO DYNAMIC,FIAT GRANDE PUNTO,1
GRANDE PUNTO EMO HATCH BACKRHD,FIAT GRANDE PUNTO,1
GRANDE PUNTO EMOPACK,FIAT GRANDE PUNTO,1
GRANDE PUNTO EMOPTION,FIAT GRANDE PUNTO,1
GRANDE PUNTO EMOT DI E IV,FIAT GRANDE PUNTO,1
GRANDE PUNTO EMOTION 1.2,FIAT GRANDE PUNTO,1
GRANDE PUNTO EMOTION 1.2 PTIV,FIAT GRANDE PUNTO,1
GRANDE PUNTO EMOTION 1.3,FIAT GRANDE PUNTO,1
GRANDE PUNTO EMOTION 1.3 IV,FIAT GRANDE PUNTO,1
GRANDE PUNTO EMOTION 1.4,FIAT GRANDE PUNTO,1
GRANDE PUNTO EMOTION EURO III,FIAT GRANDE PUNTO,1
GRANDE PUNTO EMOTION M,FIAT GRANDE PUNTO,1
GRANDE PUNTO EMOTION MULTIJET,FIAT GRANDE PUNTO,1
GRANDE PUNTO EMOTION PACK IV,FIAT GRANDE PUNTO,1
GRANDE PUNTO EMOTION PK,FIAT GRANDE PUNTO,1
GRANDE PUNTO EMOTION PL PACK,FIAT GRANDE PUNTO,1
GRANDE PUNTO FIRE EMO PACK,FIAT GRANDE PUNTO,1
GRANDE PUNTO FIRE EMOTION PACK,FIAT GRANDE PUNTO,1
GRANDE PUNTO GRANDE 1.3 DIESEL,FIAT GRANDE PUNTO,1
GRANDE PUNTO GRANDE PURE 1.3,FIAT GRANDE PUNTO,1
GRANDE PUNTO M CAR,FIAT GRANDE PUNTO,1
GRANDE PUNTO M.JET,FIAT GRANDE PUNTO,1
GRANDE PUNTO M/J ACTIVE,FIAT GRANDE PUNTO,1
GRANDE PUNTO MJET EMPACK,FIAT GRANDE PUNTO,1
GRANDE PUNTO MULTIJET CAR,FIAT GRANDE PUNTO,1
GRANDE PUNTO MULTIJET EMO PACK,FIAT GRANDE PUNTO,1
GRANDE PUNTO MULTIJET EMOPACKDI,FIAT GRANDE PUNTO,1
GRANDE PUNTO MULTIJET EMOTION,FIAT GRANDE PUNTO,1
GRANDE PUNTO NEW1.3 MULTIJETACTIVE,FIAT GRANDE PUNTO,1
GRANDE PUNTO P DIESEL 1.3,FIAT GRANDE PUNTO,1
GRANDE PUNTO PURE 1 2 FIRE,FIAT GRANDE PUNTO,1
GRANDE PUNTO PURE 1.2 FIRE,FIAT GRANDE PUNTO,1
GRANDE PUNTO PURE 1.3 MULTIJET,FIAT GRANDE PUNTO,1
GRANDE PUNTO PURE1.2PETROLBSIV,FIAT GRANDE PUNTO,1
GRANDE PUNTO/ACTIVE/MULTIJET/,FIAT GRANDE PUNTO,1
GRANDE PUNTO1 3 MULTIJET DYA,FIAT GRANDE PUNTO,1
GRANDE PUNTO1 3 MULTIJET DYANA,FIAT GRANDE PUNTO,1
GRANDE PUNTO1.2 FIRE DYNAMIC,FIAT GRANDE PUNTO,1
GRANDE PUNTO1.2FIRE ACTIVE,FIAT GRANDE PUNTO,1
GRANDE PUNTO1.2FIRE DYNAMIC,FIAT GRANDE PUNTO,1
GRANDE PUNTO1.2FIRE EMOTION,FIAT GRANDE PUNTO,1
GRANDE PUNTO1.2FIREACTIVECCE3,FIAT GRANDE PUNTO,1
GRANDE PUNTO1.3 MJET DYNAMIC PK,FIAT GRANDE PUNTO,1
GRANDE PUNTO1.3 MJET EMOTION PK,FIAT GRANDE PUNTO,1
GRANDE PUNTO1.3 MULTIJET ACT,FIAT GRANDE PUNTO,1
GRANDE PUNTO1.3 MULTIJET ACTIV,FIAT GRANDE PUNTO,1
GRANDE PUNTO1.3MJETEMOTIONEIII,FIAT GRANDE PUNTO,1
GRANDE PUNTO1.3MULJETEMOTIONBS4,FIAT GRANDE PUNTO,1
GRANDE PUNTO1.3MULTIJET ACTIV,FIAT GRANDE PUNTO,1
GRANDE PUNTO1.3MULTIJET ACTIVE,FIAT GRANDE PUNTO,1
GRANDE PUNTO1.3MULTIJET DYN,FIAT GRANDE PUNTO,1
GRANDE PUNTO1.3MULTIJET EM,FIAT GRANDE PUNTO,1
GRANDE PUNTO1.3MULTIJET EMOTION,FIAT GRANDE PUNTO,1
GRANDE PUNTO1.3MULTIJETEMOPCKE3,FIAT GRANDE PUNTO,1
GRANDE PUNTO1.3MULTIJETEMOPKBS4,FIAT GRANDE PUNTO,1
GRANDE PUNTO1.3MULTIJETEMOTION,FIAT GRANDE PUNTO,1
GRANDE PUNTO1.3MULTJETACTIVEBS4,FIAT GRANDE PUNTO,1
GRANDE PUNTO1.4FIRE EMO.PACK,FIAT GRANDE PUNTO,1
GRANDE PUNTO1172FIREACTIVE,FIAT GRANDE PUNTO,1
GRANDE PUNTO1248,FIAT GRANDE PUNTO,1
GRANDE PUNTO1248 EMOPACK,FIAT GRANDE PUNTO,1
GRANDE PUNTO1248 MULTIJET,FIAT GRANDE PUNTO,1
GRANDE PUNTO1248 MULTIJET ACT.,FIAT GRANDE PUNTO,1
GRANDE PUNTO1248 MULTIJET EMOPA,FIAT GRANDE PUNTO,1
GRANDE PUNTO1248MULTIJET ACTIV,FIAT GRANDE PUNTO,1
GRANDE PUNTO1248MULTIJETEMOTION,FIAT GRANDE PUNTO,1
GRANDE PUNTO1368FIREEMOPACK,FIAT GRANDE PUNTO,1
GRANDE PUNTO1368FIREEMOTION,FIAT GRANDE PUNTO,1
GRANDE PUNTOEMOTION,FIAT GRANDE PUNTO,1
GRANDE PUNTOEMOTIONDI,FIAT GRANDE PUNTO,1
GRANDE PUNTU,FIAT GRANDE PUNTO,1
GRANDE PUTNO,FIAT GRANDE PUNTO,1
GRANDERUNTO 1172,FIAT GRANDE PUNTO,1
PUNTO GRANDE,FIAT GRANDE PUNTO,1
LINEA EMOTION,FIAT LINEA,11
LINEA,FIAT LINEA,9
LINEA ACTIVE,FIAT LINEA,7
LINEA DYNAMIC,FIAT LINEA,7
LINEA EMOTION PACK,FIAT LINEA,5
LINEA 1248CC DI EMOTION,FIAT LINEA,4
LINEA EMOTION DIESEL,FIAT LINEA,4
LINEA PT EMOTION,FIAT LINEA,4
LINEA 1.4 T JET EMOTION PLUS,FIAT LINEA,3
LINEA 1248 CC DI,FIAT LINEA,3
LINEA 1248CC DI,FIAT LINEA,3
LINEA CLASSIC,FIAT LINEA,3
LINEA CLASSIC BASE,FIAT LINEA,3
LINEA DI,FIAT LINEA,3
LINEA DI EMOTION,FIAT LINEA,3
LINEA DI EMOTION PACK,FIAT LINEA,3
LINEA MULTIJET,FIAT LINEA,3
LINEA MULTIJET ACTIVE,FIAT LINEA,3
LINEA MULTIJET CAR,FIAT LINEA,3
LINEA T JET PLUS,FIAT LINEA,3
FIAT LINEA MULTIJET EMOTION,FIAT LINEA,2
LINEA 1.3,FIAT LINEA,2
LINEA 1.4 T JET EMOTION,FIAT LINEA,2
LINEA 1248CC DI EMO PK,FIAT LINEA,2
LINEA 1251CC DI,FIAT LINEA,2
LINEA 1251CC DI EMOTION,FIAT LINEA,2
LINEA 1368,FIAT LINEA,2
LINEA 1368 CC PT,FIAT LINEA,2
LINEA 1368CC PT EMO PK,FIAT LINEA,2
LINEA ACTIVE DIESEL,FIAT LINEA,2
LINEA CLASSIC 1.3,FIAT LINEA,2
LINEA CLASSIC MULTIJET,FIAT LINEA,2
LINEA CLASSIC MULTIJET MID,FIAT LINEA,2
LINEA CLASSIC PLUS,FIAT LINEA,2
LINEA DI DYNAMIC,FIAT LINEA,2
LINEA DI EMOTION PK,FIAT LINEA,2
LINEA DYNAMIC DIESEL,FIAT LINEA,2
LINEA DYNAMIC PK,FIAT LINEA,2
LINEA EMOTION DI,FIAT LINEA,2
LINEA EMOTION EIV,FIAT LINEA,2
LINEA MILTIJET EMOTION,FIAT LINEA,2
LINEA MULTIJET DYNAMIC,FIAT LINEA,2
LINEA MULTIJET EMOTION,FIAT LINEA,2
LINEA NEW DIESEL EMOTION,FIAT LINEA,2
LINEA T JET ACTIVE,FIAT LINEA,2
LINEA T JET EMOTION,FIAT LINEA,2
LINEA T-JET EMOTION,FIAT LINEA,2
LINEA TJET PLUS,FIAT LINEA,2
14 LINEA DYNAMIC,FIAT LINEA,1
F/LINEA T JET EMOTION,FIAT LINEA,1
FIA T LINEA DYNAMIC,FIAT LINEA,1
FIAT LINEA EMOPK,FIAT LINEA,1
FIAT LINEA EMOTION,FIAT LINEA,1
FIAT LINEA M/J DYNAMIC,FIAT LINEA,1
FIATLINEA 1.4 TJET EMOTIONPLUS,FIAT LINEA,1
FIATLINEA MULTIJET DYNAMICBSIV,FIAT LINEA,1
FIATLINEA MULTIJET EMOTIONBSIV,FIAT LINEA,1
FIEAT LINEA DI CAR,FIAT LINEA,1
FLAT LINEA MULTIJET CAR,FIAT LINEA,1
FLAT LINEA MULTIJET DYNAMICBS4,FIAT LINEA,1
LINE 1370 PT,FIAT LINEA,1
LINE CLASSIC PLUS 1.3 DIESEL,FIAT LINEA,1
LINEA /ACT/EURO IV /24,FIAT LINEA,1
LINEA 1.3 DIESEL,FIAT LINEA,1
LINEA 1.3 DYNAMIC,FIAT LINEA,1
LINEA 1.3 DYNAMIC 93 PS MY 12,FIAT LINEA,1
LINEA 1.3 DYNAMIC DIESEL,FIAT LINEA,1
LINEA 1.3 EMOTION,FIAT LINEA,1
LINEA 1.3 EMOTION DI,FIAT LINEA,1
LINEA 1.4,FIAT LINEA,1
LINEA 1.4 EMOTIONAL,FIAT LINEA,1
LINEA 1.4 T JET,FIAT LINEA,1
LINEA 1.4 T JET ACTIVE,FIAT LINEA,1
LINEA 1.4 T-JET ACTIVE,FIAT LINEA,1
LINEA 1.4 T-JET ACTIVE IV,FIAT LINEA,1
LINEA 1.4 T-JET DYNAMIC,FIAT LINEA,1
LINEA 1.4 T-JET EMOTION,FIAT LINEA,1
LINEA 1.4 T-JET EMOTION IV,FIAT LINEA,1
LINEA 1.4 TJET EMO PLUS,FIAT LINEA,1
LINEA 1.4 TJET EMOTION,FIAT LINEA,1
LINEA 1.4 TJET EMOTION PACK IV,FIAT LINEA,1
LINEA 1.4 TJET EMOTION PL,FIAT LINEA,1
LINEA 1.4 TJET EMOTION PLUS IV,FIAT LINEA,1
LINEA 1.4 TJET MY13EMOTION 260,FIAT LINEA,1
LINEA 1.4 TJET16V 114PS,FIAT LINEA,1
LINEA 1.4T JET EMOTION PLUSBS4,FIAT LINEA,1
LINEA 1.4TJET EMOTIONPACK,FIAT LINEA,1
LINEA 1248 CC,FIAT LINEA,1
LINEA 1248 CC DI EMO PK,FIAT LINEA,1
LINEA 1248 CC DI EMOTIN PACK,FIAT LINEA,1
LINEA 1248 CC DI EMOTION,FIAT LINEA,1
LINEA 1248 CC MULTIJET EMOTION,FIAT LINEA,1
LINEA 1248 DI,FIAT LINEA,1
LINEA 1248 DI 1248 DYNAMIC,FIAT LINEA,1
LINEA 1248CC,FIAT LINEA,1
LINEA 1248CC DI BSI V EMO PK,FIAT LINEA,1
LINEA 1248CC DI EMO BN,FIAT LINEA,1
LINEA 1248CC DI EMO PK HH,FIAT LINEA,1
LINEA 1248CC DI EMO.,FIAT LINEA,1
LINEA 1248CC DI EMOTION V,FIAT LINEA,1
LINEA 1248CCDI EMOTION,FIAT LINEA,1
LINEA 1251,FIAT LINEA,1
LINEA 1251 CC,FIAT LINEA,1
LINEA 1251 CC DI,FIAT LINEA,1
LINEA 1251 CC DI EMOTIONMINAL,FIAT LINEA,1
LINEA 1251 CCDI,FIAT LINEA,1
LINEA 1251CC,FIAT LINEA,1
LINEA 1251CC DI ACTVE MINIMAL,FIAT LINEA,1
LINEA 1251CC DI DYNAMICINDIE,FIAT LINEA,1
LINEA 1251CC DI EMOTION PACK,FIAT LINEA,1
LINEA 1251CC DI EMOTION PK,FIAT LINEA,1
LINEA 1251CCDI EMOTIONPACK,FIAT LINEA,1
LINEA 1251DI DYNAMICMINIMAL,FIAT LINEA,1
LINEA 125ICC DI EMOTION PK,FIAT LINEA,1
LINEA 1358CC PT EMOTION,FIAT LINEA,1
LINEA 1368 CC PT EMOTION,FIAT LINEA,1
LINEA 1368 CC PT TJET,FIAT LINEA,1
LINEA 1368 PT TJET PLUS,FIAT LINEA,1
LINEA 1368CC,FIAT LINEA,1
LINEA 1368CC PT ACTIVE HH,FIAT LINEA,1
LINEA 1368CC PT DYNAMIC,FIAT LINEA,1
LINEA 1368CC PT JTJET PLUS,FIAT LINEA,1
LINEA 1368CC PT TJP,FIAT LINEA,1
LINEA 1368CCPT,FIAT LINEA,1
LINEA 1370 CC,FIAT LINEA,1
LINEA 1370 CC PT,FIAT LINEA,1
LINEA 1370 CC PT EMO PK,FIAT LINEA,1
LINEA 1370 CC PT EMOTION,FIAT LINEA,1
LINEA 1370 PT,FIAT LINEA,1
LINEA 1370 PT DYNAMIC,FIAT LINEA,1
LINEA 1370AC ACTIVE,FIAT LINEA,1
LINEA 1370C PT EMOTIONPK VOCAL,FIAT LINEA,1
LINEA 1370CC,FIAT LINEA,1
LINEA 1370CC PT,FIAT LINEA,1
LINEA 1370CC PT ACTIV I GOLD,FIAT LINEA,1
LINEA 1370CC PT EMOTION,FIAT LINEA,1
LINEA 1370CC PT EMOTION PK,FIAT LINEA,1
LINEA 1370CC PT EMOTIONPK,FIAT LINEA,1
LINEA ACT 1.3 MUL,FIAT LINEA,1
LINEA ACTIVE DI,FIAT LINEA,1
LINEA ACTIVE DI E IV,FIAT LINEA,1
LINEA ACTIVE PETROL,FIAT LINEA,1
LINEA ACTIVE PT,FIAT LINEA,1
LINEA ACTIVE WITH CAT CO,FIAT LINEA,1
LINEA CAR,FIAT LINEA,1
LINEA CLASSIC 1.4,FIAT LINEA,1
LINEA CLASSIC DI,FIAT LINEA,1
LINEA CLASSIC MALTIJET,FIAT LINEA,1
LINEA CLASSIC MJET BASE,FIAT LINEA,1
LINEA CLASSIC MULTIJET BA,FIAT LINEA,1
LINEA CLASSIC MULTIJET BAS,FIAT LINEA,1
LINEA CLASSIC MULTIJET BASE,FIAT LINEA,1
LINEA CLASSIC MULTIJET BASE BS,FIAT LINEA,1
LINEA CLASSIC PETROL,FIAT LINEA,1
LINEA CLASSIC PLUS 1.3,FIAT LINEA,1
LINEA CLASSIC PLUS D,FIAT LINEA,1
LINEA CLASSIC PLUS DIESEL-NEW,FIAT LINEA,1
LINEA CLASSIC PLUS MID TUS,FIAT LINEA,1
LINEA CLASSIC PT,FIAT LINEA,1
LINEA CLASSIC PULSE 1.3,FIAT LINEA,1
LINEA CLASSIS PETROL,FIAT LINEA,1
LINEA D1 EMOTION PACK,FIAT LINEA,1
LINEA DI ACTIVE,FIAT LINEA,1
LINEA DI ACTIVE BN,FIAT LINEA,1
LINEA DI CLASSIS E IV,FIAT LINEA,1
LINEA DI DYNAMIC PACK,FIAT LINEA,1
LINEA DI DYNAMICMINIMAL,FIAT LINEA,1
LINEA DI EMO PK,FIAT LINEA,1
LINEA DI EMO PK FL,FIAT LINEA,1
LINEA DI EMOTION BN,FIAT LINEA,1
LINEA DI EMOTION E 3,FIAT LINEA,1
LINEA DI EMOTION E III,FIAT LINEA,1
LINEA DI EMOTION E IV,FIAT LINEA,1
LINEA DI EMOTION FX AZURE,FIAT LINEA,1
LINEA DI EMOTION MY E IV,FIAT LINEA,1
LINEA DI EMOTION SEDAN,FIAT LINEA,1
LINEA DI EMUTION PACK,FIAT LINEA,1
LINEA DIDYNAMIC,FIAT LINEA,1
LINEA DIESEL,FIAT LINEA,1
LINEA DIESEL EMOTION,FIAT LINEA,1
LINEA DINAMIC,FIAT LINEA,1
LINEA DL ACTIVE,FIAT LINEA,1
LINEA DL DYNAMIC,FIAT LINEA,1
LINEA DL EMOTION PK,FIAT LINEA,1
LINEA DYN 1.3 MUL,FIAT LINEA,1
LINEA DYNAMIC 1.3 MULTIJET,FIAT LINEA,1
LINEA DYNAMIC DI,FIAT LINEA,1
LINEA DYNAMIC E 4,FIAT LINEA,1
LINEA DYNAMIC EURO III,FIAT LINEA,1
LINEA DYNAMIC MULTIJET,FIAT LINEA,1
LINEA DYNAMIC PACK,FIAT LINEA,1
LINEA DYNAMIC PACK SEDAN,FIAT LINEA,1
LINEA DYNAMIC PETROL 1.4,FIAT LINEA,1
LINEA DYNAMIC PK DI,FIAT LINEA,1
LINEA DYNAMIC//1248,FIAT LINEA,1
LINEA DYNAMIC/PET//2450,FIAT LINEA,1
LINEA DYNAMICDIESEL,FIAT LINEA,1
LINEA DYNAMICINDIE DI E IV,FIAT LINEA,1
LINEA DYNAMIK,FIAT LINEA,1
LINEA EMO PACK MULTIJET,FIAT LINEA,1
LINEA EMO PK,FIAT LINEA,1
LINEA EMO.M.JET,FIAT LINEA,1
LINEA EMOTIN PACK,FIAT LINEA,1
LINEA EMOTION 1.3,FIAT LINEA,1
LINEA EMOTION 1.3 D I,FIAT LINEA,1
LINEA EMOTION 1.3 MULTIJET,FIAT LINEA,1
LINEA EMOTION 1.4,FIAT LINEA,1
LINEA EMOTION 1248,FIAT LINEA,1
LINEA EMOTION 1248 DI,FIAT LINEA,1
LINEA EMOTION DISEAL,FIAT LINEA,1
LINEA EMOTION E 3,FIAT LINEA,1
LINEA EMOTION E 4,FIAT LINEA,1
LINEA EMOTION EIII,FIAT LINEA,1
LINEA EMOTION PACK E 4,FIAT LINEA,1
LINEA EMOTION PETROL,FIAT LINEA,1
LINEA EMOTION PK,FIAT LINEA,1
LINEA EMOTION PK DI E4,FIAT LINEA,1
LINEA EMOTION PK DI MULTIJET,FIAT LINEA,1
LINEA EMOTION PK DL EIV,FIAT LINEA,1
LINEA EMOTION PK MJET IV,FIAT LINEA,1
LINEA EMOTION PK P EIII,FIAT LINEA,1
LINEA EMOTION PK PL,FIAT LINEA,1
LINEA EMOTION PK PT,FIAT LINEA,1
LINEA EMOTION PL EURO IV,FIAT LINEA,1
LINEA EMOTION PT,FIAT LINEA,1
LINEA EMOTION SEDAN,FIAT LINEA,1
LINEA EMOTION T- JET,FIAT LINEA,1
LINEA EMOTIONDIESEL,FIAT LINEA,1
LINEA IMOTION EIV,FIAT LINEA,1
LINEA MULTI JET,FIAT LINEA,1
LINEA MULTI JET EMOTION,FIAT LINEA,1
LINEA MULTIJET ACTIVE BS,FIAT LINEA,1
LINEA MULTIJET DYANAMIC,FIAT LINEA,1
LINEA MULTIJET DYNAMIC BS,FIAT LINEA,1
LINEA MULTIJET DYNAMIC D,FIAT LINEA,1
LINEA MULTIJET DYNAMIC DIESE,FIAT LINEA,1
LINEA MULTIJET DYNAMIC DIESEL,FIAT LINEA,1
LINEA MULTIJET DYNAMICBS4,FIAT LINEA,1
LINEA MULTIJET EMO,FIAT LINEA,1
LINEA MULTIJET EMO PK,FIAT LINEA,1
LINEA MULTIJET EMOTION BS,FIAT LINEA,1
LINEA MULTIJET EMOTION M1,FIAT LINEA,1
LINEA MULTIJET EMOTION PACKBS4,FIAT LINEA,1
LINEA MULTIJET EMOTION PK,FIAT LINEA,1
LINEA MULTIJET EMOTIONPACKBSIV,FIAT LINEA,1
LINEA MULTIJETDYANAMIC,FIAT LINEA,1
LINEA MUTIJET ACTIVE,FIAT LINEA,1
LINEA MUTIJET EMOTION DIESEL,FIAT LINEA,1
LINEA NEW DIESEL DYNAMIC,FIAT LINEA,1
LINEA NEW EMOTION,FIAT LINEA,1
LINEA NEW TJET EMOTION,FIAT LINEA,1
LINEA NEW TJET EMOTION 12,FIAT LINEA,1
LINEA PETROL,FIAT LINEA,1
LINEA PETROL T JET IV,FIAT LINEA,1
LINEA PK EMO DI E IV,FIAT LINEA,1
LINEA PK EMOT DI E IV,FIAT LINEA,1
LINEA PK EMOT PL E IV,FIAT LINEA,1
LINEA PL EMOTION,FIAT LINEA,1
LINEA PL TJET,FIAT LINEA,1
LINEA PT ACTIVE,FIAT LINEA,1
LINEA PT DYNAMIC,FIAT LINEA,1
LINEA PT DYNAMIC E-IV,FIAT LINEA,1
LINEA PT EMOTION PACK,FIAT LINEA,1
LINEA PT EMOTION PK,FIAT LINEA,1
LINEA PT EMOTIONKMINGREY,FIAT LINEA,1
LINEA PT EMOTIONPK,FIAT LINEA,1
LINEA PT T JET PLUS,FIAT LINEA,1
LINEA PT TJET PLUS,FIAT LINEA,1
LINEA T JET,FIAT LINEA,1
LINEA T JET ACTIVE P,FIAT LINEA,1
LINEA T JET DYNAMIC,FIAT LINEA,1
LINEA T JET DYNAMIC 1.4,FIAT LINEA,1
LINEA T JET DYNAMIC P B,FIAT LINEA,1
LINEA T JET EMOTION 1.4,FIAT LINEA,1
LINEA T JET EMOTION 125 S,FIAT LINEA,1
LINEA T JET EMOTION CAR,FIAT LINEA,1
LINEA T JET EMOTION PETROL,FIAT LINEA,1
LINEA T.JET PLUS,FIAT LINEA,1
LINEA TJET,FIAT LINEA,1
LINEA TJET DYNAMIC,FIAT LINEA,1
LINEA TJET EMOTION PLUS,FIAT LINEA,1
LINEA TJET PLUS E IV,FIAT LINEA,1
LINEA TURBOJET,FIAT LINEA,1
LINEA/CLASSIC/DI/,FIAT LINEA,1
LINEA/EMOTION/DI/E IV/2510,FIAT LINEA,1
LINEA1.4T JET DYNAMIC,FIAT LINEA,1
LINEA1.4T JET EMO PK,FIAT LINEA,1
LINEA1248CC DI BSIVE EMO PK BN,FIAT LINEA,1
LINEA1251CC DI EMOTION,FIAT LINEA,1
LINEA1251CC DI EMOTION PACK,FIAT LINEA,1
LINEA1368CC PT TJET PLUS,FIAT LINEA,1
LINEAPLEMOTION,FIAT LINEA,1
LINEAT JET EMOTION P,FIAT LINEA,1
LINEAT JET EMOTION P BS,FIAT LINEA,1
LINES 1248,FIAT LINEA,1
NEW LINEA,FIAT LINEA,1
NEW LINEA EMOTION,FIAT LINEA,1
NEW LINEA EMOTION MULTIJET 1.3,FIAT LINEA,1
PALIO LINEA,FIAT LINEA,1
PALIO 1.2 ELX PS,FIAT PALIO,4
PALIO,FIAT PALIO,3
PALIO 1.2,FIAT PALIO,2
PALIO 1.2 AC,FIAT PALIO,2
PALIO 1.2 ELX,FIAT PALIO,2
PALIO ELX,FIAT PALIO,2
PALIO SPORTS,FIAT PALIO,2
FIAR PALIO SPORTS,FIAT PALIO,1
FIAT PALIO,FIAT PALIO,1
FIAT PALIO 1.2 AC,FIAT PALIO,1
FIAT PALIO 1.6 GTX,FIAT PALIO,1
PALIO 1.1,FIAT PALIO,1
PALIO 1.2 A/C,FIAT PALIO,1
PALIO 1.2 EL PS,FIAT PALIO,1
PALIO 1.2 ELPS,FIAT PALIO,1
PALIO 1.2 ELX P2,FIAT PALIO,1
PALIO 1.2 ELXPS,FIAT PALIO,1
PALIO 1.2 N. V. AC,FIAT PALIO,1
PALIO 1.2EL AC,FIAT PALIO,1
PALIO 1.2ELX PS,FIAT PALIO,1
PALIO 1.3,FIAT PALIO,1
PALIO 1.3 DSL,FIAT PALIO,1
PALIO 1.6,FIAT PALIO,1
PALIO 1.6 ADVENTURE SPORTS PS,FIAT PALIO,1
PALIO 1.6 GTX,FIAT PALIO,1
PALIO 1.9,FIAT PALIO,1
PALIO 1.9 D EL,FIAT PALIO,1
PALIO 1.9 D ELX,FIAT PALIO,1
PALIO 106,FIAT PALIO,1
PALIO 12 ELX PS MET CAR,FIAT PALIO,1
PALIO ADVENTURE,FIAT PALIO,1
PALIO CAR,FIAT PALIO,1
PALIO ELX PS,FIAT PALIO,1
PALIO NV,FIAT PALIO,1
PALIO S 10 E II,FIAT PALIO,1
PALIO SACHIN S10,FIAT PALIO,1
PALIO SDX,FIAT PALIO,1
PALIO1.2 ELXPS NV,FIAT PALIO,1
PALIO STILE,FIAT PALIO STILE,2
PALIO STILE 1.3 SDE,FIAT PALIO STILE,2
PALIO STILE 1.6 SPORT,FIAT PALIO STILE,2
PALIO STILE SDE,FIAT PALIO STILE,2
PALIO STILE SDX,FIAT PALIO STILE,2
PALIO STILE SLE,FIAT PALIO STILE,2
PALIO STILE SLX,FIAT PALIO STILE,2
PALIO STILE 1.1 PT SL PS,FIAT PALIO STILE,1
PALIO STILE 1.1 SLE,FIAT PALIO STILE,1
PALIO STILE 1.1 SLX,FIAT PALIO STILE,1
PALIO STILE 1.1 SLX PS,FIAT PALIO STILE,1
PALIO STILE 1.1PT SLE PS,FIAT PALIO STILE,1
PALIO STILE 1.1PT SLX,FIAT PALIO STILE,1
PALIO STILE 1.3,FIAT PALIO STILE,1
PALIO STILE 1.3 DLS,FIAT PALIO STILE,1
PALIO STILE 1.3 DSL,FIAT PALIO STILE,1
PALIO STILE 1.3 DSL SD,FIAT PALIO STILE,1
PALIO STILE 1.3 DSL SD C.,FIAT PALIO STILE,1
PALIO STILE 1.3 DSL SDE,FIAT PALIO STILE,1
PALIO STILE 1.3 DSL SDX,FIAT PALIO STILE,1
PALIO STILE 1.3 DSL SDX F RED,FIAT PALIO STILE,1
PALIO STILE 1.3 SDX,FIAT PALIO STILE,1
PALIO STILE 1.3DSL SDE,FIAT PALIO STILE,1
PALIO STILE 1.3DSL SDX,FIAT PALIO STILE,1
PALIO STILE 1.6 PT SPORT PS,FIAT PALIO STILE,1
PALIO STILE 1.6 SPORTS,FIAT PALIO STILE,1
PALIO STILE 1.6PT SPORT,FIAT PALIO STILE,1
PALIO STILE SLX 1.1,FIAT PALIO STILE,1
PALIO STILE1.1PT SLX,FIAT PALIO STILE,1
PALIOSTILE 1.3. DSL E3,FIAT PALIO STILE,1
PUNTO,FIAT PUNTO,9
PUNTO EMOTION,FIAT PUNTO,9
PUNTO 1248 MULTIJET,FIAT PUNTO,7
PUNTO ACTIVE,FIAT PUNTO,5
PUNTO ACTIVE DIESEL,FIAT PUNTO,5
PUNTO DYNAMIC,FIAT PUNTO,5
PUNTO MULTIJET,FIAT PUNTO,5
PUNTO MULTIJET ACTIVE,FIAT PUNTO,5
PUNTO 1.3,FIAT PUNTO,4
PUNTO 1172 FIRE,FIAT PUNTO,4
PUNTO 1248,FIAT PUNTO,4
PUNTO 1.3 EMOTION,FIAT PUNTO,3
PUNTO ACTIVE 1.2,FIAT PUNTO,3
PUNTO DI,FIAT PUNTO,3
PUNTO DI DYNAMIC,FIAT PUNTO,3
1248 PUNTO MULTIJET ACTIVE,FIAT PUNTO,2
F/G/PUNTO 1.3 M/J DYNAMIC,FIAT PUNTO,2
GRAND PUNTO 1.2 FIRE DYNAMIC,FIAT PUNTO,2
GRAND PUNTO DYNAMIC,FIAT PUNTO,2
PUNTO 1.2,FIAT PUNTO,2
PUNTO 1.2 DYNAMIC,FIAT PUNTO,2
PUNTO 1.3 ACTIVE,FIAT PUNTO,2
PUNTO 1.3 DL,FIAT PUNTO,2
PUNTO 1.3 DYNAMIC,FIAT PUNTO,2
PUNTO 1.3 MULTIJET,FIAT PUNTO,2
PUNTO 1.4,FIAT PUNTO,2
PUNTO 1172 FIRE EMOTION,FIAT PUNTO,2
PUNTO 1248 MJET,FIAT PUNTO,2
PUNTO 1248 MULTI JET,FIAT PUNTO,2
PUNTO 1368 FIRE,FIAT PUNTO,2
PUNTO ACTIV,FIAT PUNTO,2
PUNTO ACTIVE DI,FIAT PUNTO,2
PUNTO DI ACTIVE,FIAT PUNTO,2
PUNTO DI ACTIVE E IV,FIAT PUNTO,2
PUNTO DI ACTIVE EIV,FIAT PUNTO,2
PUNTO DI ACTIVE MY EIV,FIAT PUNTO,2
PUNTO DI EMOTION,FIAT PUNTO,2
PUNTO DYNAMIC 1.2,FIAT PUNTO,2
PUNTO DYNAMIC DIESEL,FIAT PUNTO,2
PUNTO EMOTION 1.3,FIAT PUNTO,2
PUNTO EMOTION DI,FIAT PUNTO,2
PUNTO EMOTION PACK,FIAT PUNTO,2
PUNTO FIRE ACTIVE,FIAT PUNTO,2
PUNTO FIRE EMOTION,FIAT PUNTO,2
PUNTO MULTIJET DYNAMIC,FIAT PUNTO,2
PUNTO MULTIJET EMOPACK,FIAT PUNTO,2
PUNTO MULTIJET EMOTION,FIAT PUNTO,2
F/G/PUNTO ACTIVE 1.3,FIAT PUNTO,1
F/G/PUNTO EMOTION PACK,FIAT PUNTO,1
F/G/PUNTO M/JET ACTIVE,FIAT PUNTO,1
FIAT PUNTO 1.3 76 PS DYNAMIC,FIAT PUNTO,1
FIAT PUNTO 1248 EMOPACK,FIAT PUNTO,1
FIYAT PUNTO,FIAT PUNTO,1
FLAT PUNTO DI EMOTION MY E4,FIAT PUNTO,1
G. PUNTO 1.3 MULTIJET ACTIVE,FIAT PUNTO,1
G. PUNTO 1.3 MULTIJET DYNAMIC,FIAT PUNTO,1
G. PUNTO 1.3 MULTIJET EMOTION,FIAT PUNTO,1
G. PUNTO ACTIVE,FIAT PUNTO,1
G. PUNTO E. 1.3,FIAT PUNTO,1
GANDEPUNTO,FIAT PUNTO,1
GANDEPUNTO1248,FIAT PUNTO,1
GARNDE PUNTO EMO PACK,FIAT PUNTO,1
GARNDE PUNTO MULJET EMOPACK,FIAT PUNTO,1
GR PUNTO 1.2 FIRE ACT CC,FIAT PUNTO,1
GR PUNTO 1.2FIRE DYNAMIC IV CC,FIAT PUNTO,1
GR PUNTO 1.3 MJET DYNAMIC,FIAT PUNTO,1
GR PUNTO1.2 FIRE EMOT PK IV CC,FIAT PUNTO,1
GRA PUNTO 1.3 MULTIJET EMOTION,FIAT PUNTO,1
GRA PUNTO 1.4 FIRE ACTIVE,FIAT PUNTO,1
GRA PUNTO 1.4 FIRE DYNAMIC,FIAT PUNTO,1
GRA PUNTO 1.4 FIRE EMOTION,FIAT PUNTO,1
GRADEPUNTO,FIAT PUNTO,1
GRANCE PUNTO,FIAT PUNTO,1
GRAND E PUNTO EMOTION,FIAT PUNTO,1
GRAND PUNTO,FIAT PUNTO,1
GRAND PUNTO 1.2 EMOTION,FIAT PUNTO,1
GRAND PUNTO 1.2 FIRE EMOTION.,FIAT PUNTO,1
GRAND PUNTO 1.2L,FIAT PUNTO,1
GRAND PUNTO 1.3,FIAT PUNTO,1
GRAND PUNTO 1.3 M.EMOTION,FIAT PUNTO,1
GRAND PUNTO 1.4 FIRE DYNAMIC,FIAT PUNTO,1
GRAND PUNTO 1248,FIAT PUNTO,1
GRAND PUNTO 90 HP,FIAT PUNTO,1
GRAND PUNTO ACTIVE,FIAT PUNTO,1
GRAND PUNTO DI ACTIVE,FIAT PUNTO,1
GRAND PUNTO DIESEL EMOTION,FIAT PUNTO,1
GRAND PUNTO PURE 1.3 D,FIAT PUNTO,1
GRAND PUNTO1.2 FIRE DYNAMIC PA,FIAT PUNTO,1
GRAND PUNTO1.4 FIRE EMOTION PK,FIAT PUNTO,1
GRAND PUNTO1248,FIAT PUNTO,1
GRAND PUNTO1248MULTIJETEMOPACK,FIAT PUNTO,1
GRANDPUNTO 1248CC DIESEL,FIAT PUNTO,1
GRD PUNTO 1.3 MULTIJET DYNAMIC,FIAT PUNTO,1
GRD PUNTO1.4 FIRE EMOTION PACK,FIAT PUNTO,1
GRDE PUNTO ACTIVE1.3,FIAT PUNTO,1
GRDE PUNTO PURE MULTIJET,FIAT PUNTO,1
GRENDE PUNTO 1.3,FIAT PUNTO,1
GRNDE PUNTO 1.3,FIAT PUNTO,1
GRPUNTO 1.3 MULTIJET ACTIVE,FIAT PUNTO,1
PUNTO 0,FIAT PUNTO,1
PUNTO 1 4 EMOTION PACK,FIAT PUNTO,1
PUNTO 1 4 FIRE EMOTION PACK,FIAT PUNTO,1
PUNTO 1.2 ACTIVE FIRE,FIAT PUNTO,1
PUNTO 1.2 FIRE ACTIVE,FIAT PUNTO,1
PUNTO 1.2 FIRE DYNAMIC,FIAT PUNTO,1
PUNTO 1.2 PETROL,FIAT PUNTO,1
PUNTO 1.3 16 V ACTIVE,FIAT PUNTO,1
PUNTO 1.3 76 PS ACTIVE,FIAT PUNTO,1
PUNTO 1.3 ACTIVE DIESEL,FIAT PUNTO,1
PUNTO 1.3 D1 EMOTION PREMIU,FIAT PUNTO,1
PUNTO 1.3 DI,FIAT PUNTO,1
PUNTO 1.3 DI ACTIVE,FIAT PUNTO,1
PUNTO 1.3 DI ACTIVE PREMIUM,FIAT PUNTO,1
PUNTO 1.3 DI EMOTION,FIAT PUNTO,1
PUNTO 1.3 EMOTION PACK,FIAT PUNTO,1
PUNTO 1.3 JTD 16V 93PS,FIAT PUNTO,1
PUNTO 1.3 JTD16V 93PSMY13,FIAT PUNTO,1
PUNTO 1.3 M JET DI,FIAT PUNTO,1
PUNTO 1.3 MLJET ACTIVE,FIAT PUNTO,1
PUNTO 1.3 MULT SPORTS,FIAT PUNTO,1
PUNTO 1.3 MULTIJET DYNAMIC,FIAT PUNTO,1
PUNTO 1.3 MULTIJET DYNMIC,FIAT PUNTO,1
PUNTO 1.3 MULTIJET SPORTS,FIAT PUNTO,1
PUNTO 1.3/MY13EMOTION/DI/,FIAT PUNTO,1
PUNTO 1.3JTD,FIAT PUNTO,1
PUNTO 1.3L,FIAT PUNTO,1
PUNTO 1.3MULTIJET DYNAMIC,FIAT PUNTO,1
PUNTO 1172,FIAT PUNTO,1
PUNTO 1172 FIRE ACTIVE,FIAT PUNTO,1
PUNTO 1172 FIRE DYNAMIC,FIAT PUNTO,1
PUNTO 1172 FIRE EMO,FIAT PUNTO,1
PUNTO 1248 90HP MULT,FIAT PUNTO,1
PUNTO 1248 90HP MULTIJET,FIAT PUNTO,1
PUNTO 1248 ACTIVE,FIAT PUNTO,1
PUNTO 1248 DYNAMIC,FIAT PUNTO,1
PUNTO 1248 M JET,FIAT PUNTO,1
PUNTO 1248 MJET AT,FIAT PUNTO,1
PUNTO 1248 MJET AVTIVE,FIAT PUNTO,1
PUNTO 1248 MJET DYNAMIC,FIAT PUNTO,1
PUNTO 1248 MUL ACT,FIAT PUNTO,1
PUNTO 1248 MULT ACT,FIAT PUNTO,1
PUNTO 1248 MULTIJET A.E.,FIAT PUNTO,1
PUNTO 1248 MULTIJET ACTIV,FIAT PUNTO,1
PUNTO 1248 MULTIJET ACTIVE,FIAT PUNTO,1
PUNTO 1248 MULTIJET BIV,FIAT PUNTO,1
PUNTO 1248 MULTIJET BNWHI,FIAT PUNTO,1
PUNTO 1248 MULTIJET BS1V ACTIV,FIAT PUNTO,1
PUNTO 1248 MULTIJET BS4EMOT MY,FIAT PUNTO,1
PUNTO 1248 MULTIJET DYNMI,FIAT PUNTO,1
PUNTO 1248 MULTIJET DYNMIC,FIAT PUNTO,1
PUNTO 1248 MULTIJET EMO,FIAT PUNTO,1
PUNTO 1248 MULTIJET EMOPACK,FIAT PUNTO,1
PUNTO 1248 MULTIJET EMOT,FIAT PUNTO,1
PUNTO 1248 S VI ACTIVE,FIAT PUNTO,1
PUNTO 1248.MULTIJET,FIAT PUNTO,1
PUNTO 1368 FIRE EMO PACK,FIAT PUNTO,1
PUNTO 90 HP,FIAT PUNTO,1
PUNTO 90 HP 1.3,FIAT PUNTO,1
PUNTO 90HP,FIAT PUNTO,1
PUNTO 90HP 1.3 MULTIJET,FIAT PUNTO,1
PUNTO ACT DI EIV,FIAT PUNTO,1
PUNTO ACTI 1248CC D,FIAT PUNTO,1
PUNTO ACTIVA,FIAT PUNTO,1
PUNTO ACTIVE 1.2 FIRE,FIAT PUNTO,1
PUNTO ACTIVE 1.2 PL,FIAT PUNTO,1
PUNTO ACTIVE 1.3,FIAT PUNTO,1
PUNTO ACTIVE 1.3 DIESEL,FIAT PUNTO,1
PUNTO ACTIVE 1.3 MJ DSL,FIAT PUNTO,1
PUNTO ACTIVE 1.3 MULTIJET,FIAT PUNTO,1
PUNTO ACTIVE 1.3 TUSCAN WINE,FIAT PUNTO,1
PUNTO ACTIVE 1240,FIAT PUNTO,1
PUNTO ACTIVE 1248,FIAT PUNTO,1
PUNTO ACTIVE 1248 CC,FIAT PUNTO,1
PUNTO ACTIVE DIESEJ,FIAT PUNTO,1
PUNTO ACTIVE DSL 1.3,FIAT PUNTO,1
PUNTO ACTIVE E IV,FIAT PUNTO,1
PUNTO ACTIVE EURO IV,FIAT PUNTO,1
PUNTO ACTIVE MJET,FIAT PUNTO,1
PUNTO ACTIVE MJET DI,FIAT PUNTO,1
PUNTO ACTIVE MULTIJET,FIAT PUNTO,1
PUNTO ACTIVE PETROL 1.2,FIAT PUNTO,1
PUNTO ACTIVE PT,FIAT PUNTO,1
PUNTO ACTIVE/DI/,FIAT PUNTO,1
PUNTO DI 90,FIAT PUNTO,1
PUNTO DI ACTIVE EIV PRM COL,FIAT PUNTO,1
PUNTO DI ACTIVE MY,FIAT PUNTO,1
PUNTO DI ACTIVE MY E IV PR.COL,FIAT PUNTO,1
PUNTO DI DYNAMIC E IV,FIAT PUNTO,1
PUNTO DI EMOTION CAR,FIAT PUNTO,1
PUNTO DI EMOTION PACK EIV,FIAT PUNTO,1
PUNTO DI EMOTION PK,FIAT PUNTO,1
PUNTO DIESEL,FIAT PUNTO,1
PUNTO DYNAMIC 1.2 FIRE,FIAT PUNTO,1
PUNTO DYNAMIC 1.3,FIAT PUNTO,1
PUNTO DYNAMIC 1172,FIAT PUNTO,1
PUNTO DYNAMIC 1248CC,FIAT PUNTO,1
PUNTO DYNAMIC 1248CC D,FIAT PUNTO,1
PUNTO DYNAMIC DI,FIAT PUNTO,1
PUNTO DYNAMIC EURO IV,FIAT PUNTO,1
PUNTO DYNAMIC HATCH BACK,FIAT PUNTO,1
PUNTO DYNAMIC P,FIAT PUNTO,1
PUNTO DYNAMIC/DI E IV,FIAT PUNTO,1
PUNTO DYNANIC DI,FIAT PUNTO,1
PUNTO E 3,FIAT PUNTO,1
PUNTO EMO DI,FIAT PUNTO,1
PUNTO EMO PACK 1.3 MUL,FIAT PUNTO,1
PUNTO EMO PK,FIAT PUNTO,1
PUNTO EMOPACK,FIAT PUNTO,1
PUNTO EMOPK,FIAT PUNTO,1
PUNTO EMOT PL E IV,FIAT PUNTO,1
PUNTO EMOTION 1.2 PT,FIAT PUNTO,1
PUNTO EMOTION 1.3 MULTIJET,FIAT PUNTO,1
PUNTO EMOTION 1.4 FIRE,FIAT PUNTO,1
PUNTO EMOTION 1248,FIAT PUNTO,1
PUNTO EMOTION DI E IV 2510,FIAT PUNTO,1
PUNTO EMOTION DI EIV 2510,FIAT PUNTO,1
PUNTO EMOTION DSL 1.3,FIAT PUNTO,1
PUNTO EMOTION E4,FIAT PUNTO,1
PUNTO EMOTION EURO IV,FIAT PUNTO,1
PUNTO EMOTION HATCH,FIAT PUNTO,1
PUNTO EMOTION III,FIAT PUNTO,1
PUNTO EMOTION IV,FIAT PUNTO,1
PUNTO EMOTION IV PK,FIAT PUNTO,1
PUNTO EMOTION M/JET E 3,FIAT PUNTO,1
PUNTO EMOTION MULTIJET,FIAT PUNTO,1
PUNTO EMOTION PACK 1.3,FIAT PUNTO,1
PUNTO EMOTION PACK EX,FIAT PUNTO,1
PUNTO EMOTION PACK1.3,FIAT PUNTO,1
PUNTO FIRE EMO PACK,FIAT PUNTO,1
PUNTO FIRE EMOPACK,FIAT PUNTO,1
PUNTO FIRE EMOTION E III,FIAT PUNTO,1
PUNTO M JET ACTIVE,FIAT PUNTO,1
PUNTO M JET DI EMOPACK,FIAT PUNTO,1
PUNTO M JET DI EMOTION,FIAT PUNTO,1
PUNTO M JET DYNAMIC DI,FIAT PUNTO,1
PUNTO MLJET ACTIVE,FIAT PUNTO,1
PUNTO MULTI JET,FIAT PUNTO,1
PUNTO MULTI JET EMOTION,FIAT PUNTO,1
PUNTO MULTIJET BN,FIAT PUNTO,1
PUNTO MULTIJET CAR,FIAT PUNTO,1
PUNTO MULTIJET DYNMIC,FIAT PUNTO,1
PUNTO MULTIJET SPORT,FIAT PUNTO,1
PUNTO MUTIJET,FIAT PUNTO,1
PUNTO MUTIJET EMOTION,FIAT PUNTO,1
PUNTO PK EMOT DI EIV,FIAT PUNTO,1
PUNTO PK EMOT DI EURO IV 2510,FIAT PUNTO,1
PUNTO PL EMOTION PACK,FIAT PUNTO,1
PUNTO PT ACTIVE EIV,FIAT PUNTO,1
PUNTO PURE,FIAT PUNTO,1
PUNTO PURE 1 2 FIRE,FIAT PUNTO,1
PUNTO PURE 1.2 FIRE PT,FIAT PUNTO,1
PUNTO PURE 1.2 PETROL,FIAT PUNTO,1
PUNTO PURE 1.3 MULTIJET DI,FIAT PUNTO,1
PUNTO SPORT,FIAT PUNTO,1
PUNTO SPORTS 90HP,FIAT PUNTO,1
PUNTO SPORTZ 90HB 93 PS,FIAT PUNTO,1
PUNTO.BS.4,FIAT PUNTO,1
PUNTO/ACT/DI/EURO III,FIAT PUNTO,1
PUNTO1.2/MY1.3DYNA/PL/,FIAT PUNTO,1
PUNTO1.3 JTD 16V EMOTION,FIAT PUNTO,1
PUNTO1.3 MULTIJET ACTIVE,FIAT PUNTO,1
PUNTO1.3 MULTIJET DYNAMIC PA,FIAT PUNTO,1
PUNTO1.3 MULTIJET EMOTION,FIAT PUNTO,1
PUNTO1.3 MULTIJET EMOTION PA,FIAT PUNTO,1
PUNTO1.3EMOTION PACK,FIAT PUNTO,1
PUNTO1.4 FIRE EMOTION,FIAT PUNTO,1
PUNTO1.4 FIRE EMOTION PA,FIAT PUNTO,1
PUNTO1248 MULTIJET,FIAT PUNTO,1
PUNTO1248 MULTIJET ACTIVE,FIAT PUNTO,1
PUNTO1248 MULTIJET EMOPK,FIAT PUNTO,1
PUNTO1248 MULTIJET EMTN,FIAT PUNTO,1
PUNTO1248BSIV,FIAT PUNTO,1
PUNTO1248MULTIJET EMOTION,FIAT PUNTO,1
PUNTO1248MULTIJETBS4EMOPK,FIAT PUNTO,1
GRANDE PUNTO EVO 1.3 MULTIJET,FIAT PUNTO EVO,5
GRANDE PUNTO EVO 1.3,FIAT PUNTO EVO,4
G. PUNTO EVO 1.3,FIAT PUNTO EVO,2
GRANDE PUNTO EVO,FIAT PUNTO EVO,2
GRANDE PUNTO EVO 1.2 FIRE DYNAMIC,FIAT PUNTO EVO,2
GRANDE PUNTO EVO EMOTION,FIAT PUNTO EVO,2
PUNTO - EVO MULTIJ DYNAMICS 1,FIAT PUNTO EVO,2
PUNTO EVO,FIAT PUNTO EVO,2
PUNTO EVO ACTIVE,FIAT PUNTO EVO,2
PUNTO EVO DYNAMIC,FIAT PUNTO EVO,2
F GRANDE PUNTO EVO1.3M/J,FIAT PUNTO EVO,1
F. GRANDE PUNTO EVO1.3 MULTIJET,FIAT PUNTO EVO,1
G. PUNTO 1.3 EVO DYNAMIC,FIAT PUNTO EVO,1
G. PUNTO EVO 1.3 MA,FIAT PUNTO EVO,1
G. PUNTO EVO 1.3 MULTIJET,FIAT PUNTO EVO,1
GRA PUNTO EVO1.2FIRE DYN,FIAT PUNTO EVO,1
GRAND PUNTO EVO 1.3,FIAT PUNTO EVO,1
GRANDE PUNTO 1.3 EMOTION EVO,FIAT PUNTO EVO,1
GRANDE PUNTO 1.3 M DYNAMIC EVO,FIAT PUNTO EVO,1
GRANDE PUNTO 1.3EVO MJET DYNAM,FIAT PUNTO EVO,1
GRANDE PUNTO EVO 1 2 FIRE DY,FIAT PUNTO EVO,1
GRANDE PUNTO EVO 1 2 FIRE DYNA,FIAT PUNTO EVO,1
GRANDE PUNTO EVO 1 3 M E 90H,FIAT PUNTO EVO,1
GRANDE PUNTO EVO 1 3 M E 90HP,FIAT PUNTO EVO,1
GRANDE PUNTO EVO 1 3 MULTI DYN,FIAT PUNTO EVO,1
GRANDE PUNTO EVO 1 3 MUTI EM,FIAT PUNTO EVO,1
GRANDE PUNTO EVO 1 3 MUTI EMOT,FIAT PUNTO EVO,1
GRANDE PUNTO EVO 1 3 MUTI SP,FIAT PUNTO EVO,1
GRANDE PUNTO EVO 1.2,FIAT PUNTO EVO,1
GRANDE PUNTO EVO 1.2 FIRE ACTI,FIAT PUNTO EVO,1
GRANDE PUNTO EVO 1.2 FIRE DYNA,FIAT PUNTO EVO,1
GRANDE PUNTO EVO 1.3 DYNAMIC,FIAT PUNTO EVO,1
GRANDE PUNTO EVO 1.3 M,FIAT PUNTO EVO,1
GRANDE PUNTO EVO 1.3 M D,FIAT PUNTO EVO,1
GRANDE PUNTO EVO 1.3 MJ ACTIVE,FIAT PUNTO EVO,1
GRANDE PUNTO EVO 1.3 MUL. DYNAMIC,FIAT PUNTO EVO,1
GRANDE PUNTO EVO 1.3 MULTIJET A,FIAT PUNTO EVO,1
GRANDE PUNTO EVO 1.3MULTIJET E,FIAT PUNTO EVO,1
GRANDE PUNTO EVO DI DYNAMIC,FIAT PUNTO EVO,1
GRANDE PUNTO EVO1 3,FIAT PUNTO EVO,1
GRANDE PUNTO EVO1.3 MULT ACTIV 90HP,FIAT PUNTO EVO,1
GRANDE PUNTO EVO1.3 MULT EMOTN 90HP,FIAT PUNTO EVO,1
GRANDE PUNTO EVO1.3M DYNA.,FIAT PUNTO EVO,1
GRANDE PUNTO EVO1.3MULTIJET AC,FIAT PUNTO EVO,1
HATCH GRANDE PUNTO EVO 1.3 M,FIAT PUNTO EVO,1
NEW PUNTO EVO ACTIVE,FIAT PUNTO EVO,1
NEW PUNTO EVO DI ACTIVE E IV,FIAT PUNTO EVO,1
NEW PUNTO EVO DYNAMIC,FIAT PUNTO EVO,1
PUNTO - EVO FIRE EMOTION 1.4,FIAT PUNTO EVO,1
PUNTO - EVO MULTIJ ACTIVE 1.3,FIAT PUNTO EVO,1
PUNTO - EVO MULTIJ EMOTION 1.3,FIAT PUNTO EVO,1
PUNTO 1.2 EVO,FIAT PUNTO EVO,1
PUNTO 1.2 EVO DYNAMICE PL,FIAT PUNTO EVO,1
PUNTO 1.2 EVO PL,FIAT PUNTO EVO,1
PUNTO 1.2/EVOACTIVE,FIAT PUNTO EVO,1
PUNTO 1.3 MULTIJET EVO DYNAMIC,FIAT PUNTO EVO,1
PUNTO EMOTION 1.3 MUL EVO,FIAT PUNTO EVO,1
PUNTO EVO 1.2 FIRE,FIAT PUNTO EVO,1
PUNTO EVO 1.2 FIRE DYNAMIC,FIAT PUNTO EVO,1
PUNTO EVO 1.3 ACTIVE,FIAT PUNTO EVO,1
PUNTO EVO 1.3 ACTIVE DSL,FIAT PUNTO EVO,1
PUNTO EVO 1.3 DYNAMIC,FIAT PUNTO EVO,1
PUNTO EVO 1.3 DYNAMIC DSL,FIAT PUNTO EVO,1
PUNTO EVO 1.3 EMOTION,FIAT PUNTO EVO,1
PUNTO EVO 1.3 EMOTION DSL,FIAT PUNTO EVO,1
PUNTO EVO 1.3 M JET,FIAT PUNTO EVO,1
PUNTO EVO 1.3 M/J,FIAT PUNTO EVO,1
PUNTO EVO 1.3 MJET SPORT,FIAT PUNTO EVO,1
PUNTO EVO 1.3 MULTIJET,FIAT PUNTO EVO,1
PUNTO EVO 1.3 MULTIJET ACTIVE,FIAT PUNTO EVO,1
PUNTO EVO 1.4 FIRE EMOTION,FIAT PUNTO EVO,1
PUNTO EVO 90 HP,FIAT PUNTO EVO,1
PUNTO EVO 90HP 1.3 EMOTION,FIAT PUNTO EVO,1
PUNTO EVO ACT DI,FIAT PUNTO EVO,1
PUNTO EVO ACTIVE 1.3,FIAT PUNTO EVO,1
PUNTO EVO ACTIVE DI,FIAT PUNTO EVO,1
PUNTO EVO ACTIVE PT,FIAT PUNTO EVO,1
PUNTO EVO DI,FIAT PUNTO EVO,1
PUNTO EVO DI ACTIVE NP E IV,FIAT PUNTO EVO,1
PUNTO EVO DI NP ACTIVE E I,FIAT PUNTO EVO,1
PUNTO EVO DYNAMIC DI,FIAT PUNTO EVO,1
PUNTO EVO DYNAMIC PT,FIAT PUNTO EVO,1
PUNTO EVO EMOTION,FIAT PUNTO EVO,1
PUNTO EVO EMOTION 1248,FIAT PUNTO EVO,1
PUNTO EVO EMOTION 90HP DSL,FIAT PUNTO EVO,1
PUNTO EVO EMOTION DI,FIAT PUNTO EVO,1
PUNTO EVO EMOTION DSL,FIAT PUNTO EVO,1
PUNTO EVO EMOTIOON,FIAT PUNTO EVO,1
PUNTO EVO MULTI,FIAT PUNTO EVO,1
PUNTO EVO MULTIJET ACTIVE 90HP,FIAT PUNTO EVO,1
PUNTO EVO MULTIJET DYNAMIC90HP,FIAT PUNTO EVO,1
PUNTO EVO MULTIJET EMOTION90HP,FIAT PUNTO EVO,1
PUNTO EVO PURE 1.2 FIRE ACTIVE,FIAT PUNTO EVO,1
PUNTO EVO SPORTS,FIAT PUNTO EVO,1
PUNTO EVO-1.3L ACTIV,FIAT PUNTO EVO,1
UNO,FIAT UNO,2
UNO 1.7,FIAT UNO,2
FIAT UNO 1.7 ELX,FIAT UNO,1
UNO DX FF AC,FIAT UNO,1
UNO S,FIAT UNO,1
JEEP COMPASS LTD 2.0D,JEEP COMPASS,5
JEEP COMPASS,JEEP COMPASS,3
JEEP NEW COMPASS LTD O 4X4 AT,JEEP COMPASS,3
JEEP NEW COMPASS MODEL S O1 D,JEEP COMPASS,3
JEEP NEW COMPASS MODEL S O2 D,JEEP COMPASS,3
COMPASS LGTD 4X4 AT 2.0D,JEEP COMPASS,2
JEEP COMPASS 4 2 LTD,JEEP COMPASS,2
JEEP COMPASS LTD,JEEP COMPASS,2
JEEP COMPASS LTD 1.4MARDDCTBS6,JEEP COMPASS,2
JEEP COMPASS LTD 2.0 D,JEEP COMPASS,2
JEEP COMPASS LTD O 2.0D,JEEP COMPASS,2
JEEP MERIDIAN LIMITED O AT,JEEP COMPASS,2
JEEP NEW COMPASS 5TH ANNI P AT,JEEP COMPASS,2
JEEP NEW COMPASS LONGI O D MT,JEEP COMPASS,2
JEEP NEW COMPASS LTD D O MT,JEEP COMPASS,2
JEEP NEW COMPASS MODEL S O2 AT,JEEP COMPASS,2
JEEP NEW COMPASS MODS O2 4X4AT,JEEP COMPASS,2
2V JEEP COMPASS,JEEP COMPASS,1
COMPASS LNG MAIR DDCT,JEEP COMPASS,1
COMPASS LTD 4X4 AT 2.0D,JEEP COMPASS,1
COMPASS LTD O MAIR DDCT,JEEP COMPASS,1
COMPASS NTEGL 2.0D,JEEP COMPASS,1
COMPASS NTEGL 4X4 AT 2.0D,JEEP COMPASS,1
COMPASS NTEGL MAIR DDCT,JEEP COMPASS,1
JEEP COMPAS LTDO1.4MAIRDDCTBS4,JEEP COMPASS,1
JEEP COMPASS 1.4,JEEP COMPASS,1
JEEP COMPASS 1.4 LTD AT,JEEP COMPASS,1
JEEP COMPASS 2.0,JEEP COMPASS,1
JEEP COMPASS 2.0D B4,JEEP COMPASS,1
JEEP COMPASS 2.0D L 4 4,JEEP COMPASS,1
JEEP COMPASS 2.0D LMT,JEEP COMPASS,1
JEEP COMPASS 2.0D LMT 4 4,JEEP COMPASS,1
JEEP COMPASS 2.0D LTD,JEEP COMPASS,1
JEEP COMPASS 2.0D LTD 4 4,JEEP COMPASS,1
JEEP COMPASS 4 2 O,JEEP COMPASS,1
JEEP COMPASS 4 4 2.0,JEEP COMPASS,1
JEEP COMPASS 4X2 LTD,JEEP COMPASS,1
JEEP COMPASS 4X4 LTD O,JEEP COMPASS,1
JEEP COMPASS L 1 4M DDCT,JEEP COMPASS,1
JEEP COMPASS L 1 4M DDCT BS,JEEP COMPASS,1
JEEP COMPASS L. 2D,JEEP COMPASS,1
JEEP COMPASS LMTD 4X4 2.0D,JEEP COMPASS,1
JEEP COMPASS LONG O 2.0D,JEEP COMPASS,1
JEEP COMPASS LONG O2.0D,JEEP COMPASS,1
JEEP COMPASS LONGT 2.0 D,JEEP COMPASS,1
JEEP COMPASS LONGT O 2.0 D,JEEP COMPASS,1
JEEP COMPASS LTD 1.4 MAIR DDCT,JEEP COMPASS,1
JEEP COMPASS LTD 1.4MAIR DDC,JEEP COMPASS,1
JEEP COMPASS LTD 1.4MAIR DDCT,JEEP COMPASS,1
JEEP COMPASS LTD 2 0D,JEEP COMPASS,1
JEEP COMPASS LTD 2.0,JEEP COMPASS,1
JEEP COMPASS LTD 2.0D EURO4,JEEP COMPASS,1
JEEP COMPASS LTD 4X2,JEEP COMPASS,1
JEEP COMPASS LTD 4X4 2 0D,JEEP COMPASS,1
JEEP COMPASS LTD 4X4 2 0D BS,JEEP COMPASS,1
JEEP COMPASS LTD 4X4 2.0D,JEEP COMPASS,1
JEEP COMPASS LTD EURO IV,JEEP COMPASS,1
JEEP COMPASS LTD EURO4,JEEP COMPASS,1
JEEP COMPASS LTD O 1.4MAIRDDC,JEEP COMPASS,1
JEEP COMPASS LTD O 2.0 D,JEEP COMPASS,1
JEEP COMPASS LTD O4X4 2.0D,JEEP COMPASS,1
JEEP COMPASS LTD1.4MAIRDDCTBS4,JEEP COMPASS,1
JEEP COMPASS LTD2.0D,JEEP COMPASS,1
JEEP COMPASS O,JEEP COMPASS,1
JEEP COMPASS THRAILHAWK4X4OBS6,JEEP COMPASS,1
JEEP COMPASS2.0D L 4 2BS4,JEEP COMPASS,1
JEEP COMPSS 2.OD,JEEP COMPASS,1
JEEP GRAND CHEROKEE LIMITED O,JEEP COMPASS,1
JEEP GRAND CHEROKEE SUMMIT,JEEP COMPASS,1
JEEP JEEP,JEEP COMPASS,1
JEEP MERIDIAN LIMITED AT,JEEP COMPASS,1
JEEP MERIDIAN LIMITED MT,JEEP COMPASS,1
JEEP MERIDIAN LIMITED O AT 4X4,JEEP COMPASS,1
JEEP MERIDIAN LIMITED O MT,JEEP COMPASS,1
JEEP MERIDIAN OVERLAND AT,JEEP COMPASS,1
JEEP MERIDIAN OVERLAND AT 4X4,JEEP COMPASS,1
JEEP NEW COMPASS 5TH ANNI D AT,JEEP COMPASS,1
JEEP NEW COMPASS 5TH ANNI D MT,JEEP COMPASS,1
JEEP NEW COMPASS 80 AT,JEEP COMPASS,1
JEEP NEW COMPASS BLK SHK O AT,JEEP COMPASS,1
JEEP NEW COMPASS LONGI D MT,JEEP COMPASS,1
JEEP NEW COMPASS LONGI O AT,JEEP COMPASS,1
JEEP NEW COMPASS LONGI O2 MT,JEEP COMPASS,1
JEEP NEW COMPASS LTD 80 4X4 AT,JEEP COMPASS,1
JEEP NEW COMPASS LTD 80 D MT,JEEP COMPASS,1
JEEP NEW COMPASS LTD O AT,JEEP COMPASS,1
JEEP NEW COMPASS MODEL S O1 AT,JEEP COMPASS,1
JEEP NEW COMPASS MODEL S O1AT,JEEP COMPASS,1
JEEP NEW COMPASS MODELS O2 AT,JEEP COMPASS,1
JEEP NEW COMPASS MODELS O2 MT,JEEP COMPASS,1
JEEP NEW COMPASS MODS O1 4X4AT,JEEP COMPASS,1
JEEP NEW COMPASS MODS O14X4AT,JEEP COMPASS,1
JEEP NEW COMPASS MODS O24X4AT,JEEP COMPASS,1
JEEP NEW COMPASS NE 2.0D MT,JEEP COMPASS,1
JEEP NEW COMPASS NE O 1.4P AT,JEEP COMPASS,1
JEEP NEW COMPASS NE O 2.0D MT,JEEP COMPASS,1
JEEP WEANGLER UNLIMITED 3.6L,JEEP COMPASS,1
JEEP WRANGLER JL RUBICON 2.0L,JEEP COMPASS,1
JEEP WRANGLER RUBICON 2.0L,JEEP COMPASS,1
JEEP WRANGLER UNLIMITED 2.0L,JEEP COMPASS,1
JEEP WRANGLER UNLMTD,JEEP COMPASS,1
JEEPCOMPASS LTD 2.0D,JEEP COMPASS,1
JEEPNEWCOMPAS LTDO4X42.0DATBS6,JEEP COMPASS,1
JEEPNEWCOMPASS LNGTO2.0DMTBS6,JEEP COMPASS,1
JEEPNEWCOMPASS LTDO1.4MDDCTBS6,JEEP COMPASS,1
JEEPNEWCOMPASS S 4X4 2.0DATBS6,JEEP COMPASS,1
JEEPNEWCOMPASSMODELS O1 D,JEEP COMPASS,1
JEEPWRANGLER JLUNLIMITED 2.0L,JEEP COMPASS,1
NEW JEEP COMPASS TH 4X4 O2 AT,JEEP COMPASS,1
JEEP COMPASS LIMITED 2.0D,JEEP COMPASS LIMITED,6
JEEP COMPASS LIMITED O 2.0D,JEEP COMPASS LIMITED,5
COMPASS LIMITED O 2.0D,JEEP COMPASS LIMITED,3
JEEP NEW COMPASS LIMITED O AT,JEEP COMPASS LIMITED,3
COMPASS LIMITED O 4X4 2.0D,JEEP COMPASS LIMITED,2
COMPASS LIMITED O MAIR DDCT,JEEP COMPASS LIMITED,2
JEEP COMPASS 2.0D LIMITED,JEEP COMPASS LIMITED,2
JEEP COMPASS LIMITED,JEEP COMPASS LIMITED,2
1 JEEP COMPASS LIMITED 2.0D,JEEP COMPASS LIMITED,1
1 JEEP COMPASS LIMITED 4X4 2.0,JEEP COMPASS LIMITED,1
COMPASS LIMITED 2.0D,JEEP COMPASS LIMITED,1
COMPASS LIMITED 4X4 2.0D,JEEP COMPASS LIMITED,1
COMPASS LIMITED 4X4 2.0DBSVI,JEEP COMPASS LIMITED,1
COMPASS LIMITED DDCT,JEEP COMPASS LIMITED,1
COMPASS LIMITED MAIR DDCT,JEEP COMPASS LIMITED,1
COMPASSLIMITED O 2.0D,JEEP COMPASS LIMITED,1
COMPASSLIMITED2.0D,JEEP COMPASS LIMITED,1
COMPASSLIMITEDPLUS2.0D,JEEP COMPASS LIMITED,1
COMPASSLIMITEDPLUSMAIRDDCT,JEEP COMPASS LIMITED,1
JEEP COMPASS LIMITED 1.4 MAIR,JEEP COMPASS LIMITED,1
JEEP COMPASS LIMITED 1.4MAIR D,JEEP COMPASS LIMITED,1
JEEP COMPASS LIMITED 2 0D,JEEP COMPASS LIMITED,1
JEEP COMPASS LIMITED 2 0D BS,JEEP COMPASS LIMITED,1
JEEP COMPASS LIMITED 2.0 D,JEEP COMPASS LIMITED,1
JEEP COMPASS LIMITED 2.0D BS I,JEEP COMPASS LIMITED,1
JEEP COMPASS LIMITED 4 2,JEEP COMPASS LIMITED,1
JEEP COMPASS LIMITED 4 4,JEEP COMPASS LIMITED,1
JEEP COMPASS LIMITED 4X2,JEEP COMPASS LIMITED,1
JEEP COMPASS LIMITED 4X2 2.0D,JEEP COMPASS LIMITED,1
JEEP COMPASS LIMITED 4X2 O,JEEP COMPASS LIMITED,1
JEEP COMPASS LIMITED 4X4,JEEP COMPASS LIMITED,1
JEEP COMPASS LIMITED 4X4 2.0 D,JEEP COMPASS LIMITED,1
JEEP COMPASS LIMITED 4X4 2.0D,JEEP COMPASS LIMITED,1
JEEP COMPASS LIMITED O 1.4,JEEP COMPASS LIMITED,1
JEEP COMPASS LIMITED O 1.4MA,JEEP COMPASS LIMITED,1
JEEP COMPASS LIMITED O 2.0 D,JEEP COMPASS LIMITED,1
JEEP COMPASS LIMITED OPTION 1.,JEEP COMPASS LIMITED,1
JEEP COMPASS LIMITED OPTION 2.,JEEP COMPASS LIMITED,1
JEEP COMPASS LIMITED2.0D,JEEP COMPASS LIMITED,1
JEEP COMPASS LIMITEDBSIV,JEEP COMPASS LIMITED,1
JEEP COMPASS LIMITEDPLUS 2.0D,JEEP COMPASS LIMITED,1
COMPASS LIMITED PLUS 2.0D,JEEP COMPASS LIMITED PLUS,2
COMPASS LIMITED PLUS MAIR DDCT,JEEP COMPASS LIMITED PLUS,2
COMPASS LIMITED PLUS 2 0D,JEEP COMPASS LIMITED PLUS,1
COMPASS LIMITED PLUS 4X4 2.0D,JEEP COMPASS LIMITED PLUS,1
JEEP COMPASS LIMITED PLUS 1.4M,JEEP COMPASS LIMITED PLUS,1
JEEP COMPASS LIMITED PLUS 2.0,JEEP COMPASS LIMITED PLUS,1
JEEP COMPASS LIMITED PLUS 2.0D,JEEP COMPASS LIMITED PLUS,1
JEEP COMPASS LIMITED PLUS 4X4,JEEP COMPASS LIMITED PLUS,1
JEEP COMPASS LONGITUDE,JEEP COMPASS LONGITUDE,3
COMPASS LONGITUDE 2.0D,JEEP COMPASS LONGITUDE,2
COMPASS LONGITUDE O 2.0D,JEEP COMPASS LONGITUDE,2
COMPASS LONGITUDE O MAIR DCT,JEEP COMPASS LONGITUDE,2
JEEP COMPASS LONGITUDE O,JEEP COMPASS LONGITUDE,2
JEEP COMPASS LONGITUDE O 2.0,JEEP COMPASS LONGITUDE,2
JEEP COMPASS LONGITUDE2.0D,JEEP COMPASS LONGITUDE,2
COMPASS LONGITUDE 2.0 D,JEEP COMPASS LONGITUDE,1
JEEP COMPASS 4 2 LONGITUDE O,JEEP COMPASS LONGITUDE,1
JEEP COMPASS LONGITUDE 2.0,JEEP COMPASS LONGITUDE,1
JEEP COMPASS LONGITUDE 2.0 D,JEEP COMPASS LONGITUDE,1
JEEP COMPASS LONGITUDE 2.0 D B,JEEP COMPASS LONGITUDE,1
JEEP COMPASS LONGITUDE 2.0D,JEEP COMPASS LONGITUDE,1
JEEP COMPASS LONGITUDE 2.0D BS,JEEP COMPASS LONGITUDE,1
JEEP COMPASS LONGITUDE O 2.0D,JEEP COMPASS LONGITUDE,1
JEEP COMPASS LONGITUDE2,JEEP COMPASS LONGITUDE,1
JEEP COMPASS LONGITUDE2 0DBS,JEEP COMPASS LONGITUDE,1
JEEP COMPASS LONGITUDE2 0DBSIV,JEEP COMPASS LONGITUDE,1
JEEP COMPASS LONGITUDE2.O D BS,JEEP COMPASS LONGITUDE,1
JEEP COMPASS LONGITUDEO2.0DBS4,JEEP COMPASS LONGITUDE,1
JEEP COMPASS SPORT 2.0D,JEEP COMPASS SPORT,6
COMPASS SPORT PLUS 2.0D,JEEP COMPASS SPORT,2
COMPASS SPORT PLUS MAIR,JEEP COMPASS SPORT,2
JEEP COMPASS SPORT,JEEP COMPASS SPORT,2
JEEP NEW COMPASS SPORT AT,JEEP COMPASS SPORT,2
JEEP NEW COMPASS SPORT D MT,JEEP COMPASS SPORT,2
COMPASS SPORT 2.0D,JEEP COMPASS SPORT,1
COMPASS SPORT MAIR,JEEP COMPASS SPORT,1
COMPASSSPORT2.0D,JEEP COMPASS SPORT,1
COMPASSSPORTPLUS2.0D,JEEP COMPASS SPORT,1
JEEP COMPASS 2.0D SPORTZ,JEEP COMPASS SPORT,1
JEEP COMPASS SPORT 1.4 MAIR,JEEP COMPASS SPORT,1
JEEP COMPASS SPORT 1.4MAIR,JEEP COMPASS SPORT,1
JEEP COMPASS SPORT 2 0D,JEEP COMPASS SPORT,1
JEEP COMPASS SPORT 2 0D BS I,JEEP COMPASS SPORT,1
JEEP COMPASS SPORTS,JEEP COMPASS SPORT,1
JEEP COMPASS SPORTS E IV,JEEP COMPASS SPORT,1
JEEP COMPASSSPORT1 4 MAIR,JEEP COMPASS SPORT,1
JEEP NEW COMPASS SPORT P MT,JEEP COMPASS SPORT,1
JEEPNEWCOMPASS SPORT2.0D MTBS6,JEEP COMPASS SPORT,1
