original_model,cleaned_model,extracted_model,final_model
HUNK NEW,HUNK NEW,HUNK,HUNK
NOT AVAILABLE,NOT AVAILABLE,NOT FOUND,HERO OTHER
PASSION PLUS MAC,PASSION PLUS MAC,PASSION+,PASSION+
"HERO HONDA MOTORS  LTD, SPLENDOR+ (DRUM-CAST WHEELS) B",SPLENDOR DRUM-CAST WHEELS B,SPLENDOR,SPLENDOR
CD-DELUXE SELF CAST WHEELS BSIII,CD-DELUXE SELF CAST WHEELS BSIII,HF DELUXE,HF DELUXE
CD DELUXE CAST SELF,CD DELUXE CAST SELF,HF DELUXE,HF DELUXE
HUNK ES REAR DISC BRK BSIII,HUNK ES REAR DISC BRK BSIII,HUNK,HUNK
AMBASSADOR 2000 DSL,AMBASSADOR 2000 DSL,NOT FOUND,HERO OTHER
CD DELUXE BS II  CAST WHEELS,CD DELUXE BS II CAST WHEELS,HF DELUXE,HF DELUXE
SPLENDOR - NXG,SPLENDOR - NXG,SPLENDOR NXG,SPLENDOR NXG
H.H.GLAMOUR DRUM BRAKE,GLAMOUR DRUM BRAKE,GLAMOUR,GLAMOUR
SPLENDOR PLUS 10 D KICK CAST,SPLENDOR PLUS 10 D KICK CAST,SPLENDOR+,SPLENDOR+
SPLENDOR+ I3SSLFDRMCAST L2 BS6,SPLENDOR I3SSLFDRMCAST L2 BS6,SPLENDOR,SPLENDOR
GLAMOUR-DRUM-SELF-CAST-S,GLAMOUR-DRUM-SELF-CAST-S,GLAMOUR,GLAMOUR
LANCER 1.8 LXI,LANCER 1.8 LXI,NOT FOUND,HERO OTHER
XTREME REAR DRUM BRAKE,XTREME REAR DRUM BRAKE,XTREME,XTREME
GLAMOUR- XTEC-DISC-SELF-CAST B,GLAMOUR- XTEC-DISC-SELF-CAST B,GLAMOUR XTEC,GLAMOUR XTEC
H.HONDA SPLENDOR PLUS SPOKE,SPLENDOR PLUS SPOKE,SPLENDOR+,SPLENDOR+
PPR DR SELF CAST CARBO,PPR DR SELF CAST CARBO,PASSION PRO,PASSION PRO
NEW I20 ASTA,NEW I20 ASTA,NOT FOUND,HERO OTHER
SUPER SPLENDOR CAST,SUPER SPLENDOR CAST,SPLENDOR,SPLENDOR
"HERO MOTOCORP LTD, HF DELUXE CAST",HF DELUXE CAST,HF DELUXE,HF DELUXE
SPLENDOR ISMART,SPLENDOR ISMART,SPLENDOR ISMART,SPLENDOR ISMART
OTHER,OTHER,NOT FOUND,HERO OTHER
HONDA SIEL,HONDA SIEL,NOT FOUND,HERO OTHER
PASSION PLUS DRK CCR,PASSION PLUS DRK CCR,PASSION+,PASSION+
HERO HONDA CD100 SS,CD100 SS,CD100,CD100
HF DELUX,HF DELUX,HF DELUXE,HF DELUXE
PASSION PLUS DRUM CAST WHEELS-,PASSION PLUS DRUM CAST WHEELS-,PASSION+,PASSION+
SUPER SPLENDOR DR SELF CAST,SUPER SPLENDOR DR SELF CAST,SPLENDOR,SPLENDOR
SPELENDOR - PRO,SPELENDOR - PRO,SPLENDOR PRO,SPLENDOR PRO
SPLND.,SPLND.,SPLENDOR,SPLENDOR
PLEASURE ,PLEASURE,PLEASURE,PLEASURE
GLAMOUR-DISC-SELF(CAST WHEELS),GLAMOUR-DISC-SELF CAST WHEELS,GLAMOUR DISC,GLAMOUR DISC
XTREME 160R-DISC-DISC-CAST(SE),XTREME 160R-DISC-DISC-CAST SE,CD,CD
PASSION PRO (DRUM-SELF CAST WHEELS)BSIII,PASSION PRO DRUM-SELF CAST WHEELS BSIII,PASSION PRO,PASSION PRO
H.H CD100,H.H CD100,CD100,CD100
SPLENDOR I-SMART,SPLENDOR I-SMART,SPLENDOR ISMART,SPLENDOR ISMART
SUPER SPLENDOR DRM/SLF-CASTWHL,SUPER SPLENDOR DRM/SLF-CASTWHL,SPLENDOR,SPLENDOR
HONDA CITY,HONDA CITY,NOT FOUND,HERO OTHER
PAP DRN,PAP DRN,PASSION,PASSION
JOYRST,JOYRST,JOY,JOY
SPLENDOR+ XTEC,SPLENDOR XTEC,SPLENDOR+ XTEC,SPLENDOR+ XTEC
CD DELUXE (SPOKE WHEELS),CD DELUXE SPOKE WHEELS,HF DELUXE,HF DELUXE
HERO HONDA CD DELUXE,CD DELUXE,HF DELUXE,HF DELUXE
SPLENDOR PRO SELF,SPLENDOR PRO SELF,SPLENDOR PRO,SPLENDOR PRO
SPLENDOR PLUS,SPLENDOR PLUS,SPLENDOR+,SPLENDOR+
SPLEDOR ISMART,SPLEDOR ISMART,SPLENDOR ISMART,SPLENDOR ISMART
MAESTRO EDGE 125 FI,MAESTRO EDGE 125 FI,MAESTRO EDGE 125,MAESTRO EDGE 125
SUPER SPLENDOR DRS,SUPER SPLENDOR DRS,SPLENDOR,SPLENDOR
HERO HONDA CD DELUX,CD DELUX,HF DELUXE,HF DELUXE
GLAMOUR (HE (DISC-SELF-CAST,GLAMOUR HE DISC-SELF-CAST,GLAMOUR DISC,GLAMOUR DISC
CD DWAN,CD DWAN,CD,CD
ISMART 110,ISMART 110,SMART,SMART
HERO HF DAWN DRK SCR,HERO HF DAWN DRK SCR,HF DELUXE,HF DELUXE
HF DELUX (CCR DRUM SELF),HF DELUX CCR DRUM SELF,HF DELUXE,HF DELUXE
HF- DELUXE I3S -(DRS) BSVI-PH2,HF- DELUXE I3S - DRS BSVI-PH2,HF DELUXE,HF DELUXE
SPLENDOR ISMART (DRUM-DRUM),SPLENDOR ISMART DRUM-DRUM,SPLENDOR ISMART,SPLENDOR ISMART
H H C D DELUX,H H C D DELUX,HF DELUXE,HF DELUXE
PHOTON LP,PHOTON LP,NOT FOUND,HERO OTHER
HERO HONDA,,NOT FOUND,HERO OTHER
PASSION XPRO (CAST SELF),PASSION XPRO CAST SELF,PASSION PRO,PASSION PRO
"HERO MOTOCORP LTD, HERO HONDA CD DAWN",CD DAWN,CD DAWN,CD DAWN
"HERO MOTOCORP LTD, SPLENDOR+ BLACK AND ACCENTSS",SPLENDOR BLACK AND ACCENTSS,SPLENDOR,SPLENDOR
HF DELUXE SELF CAST WHEELS- BSIII,HF DELUXE SELF CAST WHEELS- BSIII,HF DELUXE,HF DELUXE
SPLENDOR PRO SELF CAST,SPLENDOR PRO SELF CAST,SPLENDOR PRO,SPLENDOR PRO
SPELENDOR PRO,SPELENDOR PRO,SPLENDOR PRO,SPLENDOR PRO
"HERO MOTOCORP LTD, HF DELUXE",HF DELUXE,HF DELUXE,HF DELUXE
DESTINI 125 VX (SE),DESTINI 125 VX SE,DESTINI,DESTINI
PASSON PRO,PASSON PRO,PASSION PRO,PASSION PRO
SUPER SPLENDOR DS BLACK&ACCENT,SUPER SPLENDOR DS BLACK ACCENT,SPLENDOR,SPLENDOR
SPLENDOR+ DRM CST WHEEL BS4,SPLENDOR DRM CST WHEEL BS4,SPLENDOR,SPLENDOR
SPLENDER ISMART,SPLENDER ISMART,SPLENDOR ISMART,SPLENDOR ISMART
PASSION PRO(DRM-KIK SPOKWHEEL),PASSION PRO DRM-KIK SPOKWHEEL,PASSION PRO,PASSION PRO
SPLENDER PLUS M/C,SPLENDER PLUS M/C,SPLENDOR+,SPLENDOR+
SPLENDAR PLUS,SPLENDAR PLUS,SPLENDOR PLUS,SPLENDOR PLUS
"HERO HONDA MOTORS  LTD, SPLENDOR PRO",SPLENDOR PRO,SPLENDOR PRO,SPLENDOR PRO
SUPER SPLENDOR-DRUM-SELF-CAST,SUPER SPLENDOR-DRUM-SELF-CAST,SPLENDOR,SPLENDOR
HONDA DIO,HONDA DIO,NOT FOUND,HERO OTHER
SPLENDOR PRO DRUM SELF,SPLENDOR PRO DRUM SELF,SPLENDOR PRO,SPLENDOR PRO
HERO PUCH,HERO PUCH,NOT FOUND,HERO OTHER
SPELNDOR PLUS A/W ,SPELNDOR PLUS A/W,SPLENDOR PLUS,SPLENDOR PLUS
SPL I SMART,SPL I SMART,SMART,SMART
HF- DELUXE- (KICK-DRUM-CAST) B,HF- DELUXE- KICK-DRUM-CAST B,HF DELUXE,HF DELUXE
X PULSE 2004V,X PULSE 2004V,NOT FOUND,HERO OTHER
SPLENDOR+ BLK STRIPE I3S (DRS,SPLENDOR BLK STRIPE I3S DRS,SPLENDOR,SPLENDOR
SPLENDOR I3S BSIV,SPLENDOR I3S BSIV,SPLENDOR,SPLENDOR
HF-DELUXE-SELF CAST WHEELS BSIII,HF-DELUXE-SELF CAST WHEELS BSIII,HF DELUXE,HF DELUXE
SUPER SPLENDOR CAST SELF,SUPER SPLENDOR CAST SELF,SPLENDOR,SPLENDOR
SPLENDOR +    BS-III,SPLENDOR BS-III,SPLENDOR,SPLENDOR
BRIO 1.2 S MT,BRIO 1.2 S MT,NOT FOUND,HERO OTHER
SUPER SPLENDER CAST,SUPER SPLENDER CAST,SPLENDOR,SPLENDOR
X PULSE 200,X PULSE 200,XPULSE 200,XPULSE 200
SPLENDOR PLUS DRK SCR,SPLENDOR PLUS DRK SCR,SPLENDOR+,SPLENDOR+
SPLENDER PLUS SPOKES,SPLENDER PLUS SPOKES,SPLENDOR+,SPLENDOR+
SPL PRO KICK WITH SPOKE,SPL PRO KICK WITH SPOKE,SPOKE,SPOKE
SPL+,SPL,NOT FOUND,HERO OTHER
PASSION PRO DRUM SELF CAST,PASSION PRO DRUM SELF CAST,PASSION PRO,PASSION PRO
MESTRO DELUXE,MESTRO DELUXE,HF DELUXE,HF DELUXE
"HERO HONDA, PASSION PRO(DRM-KIK CASTWHEEL)",PASSION PRO DRM-KIK CASTWHEEL,PASSION PRO,PASSION PRO
VIKRAM 450 D/H,VIKRAM 450 D/H,NOT FOUND,HERO OTHER
CBZ X-TREME ES REAR DISC BRAKE BSIII,CBZ X-TREME ES REAR DISC BRAKE BSIII,XTREME,XTREME
SUPER SPL-CAST WHEEL,SUPER SPL-CAST WHEEL,CAST WHEELS,CAST WHEELS
H.H. CD DELUX ALLOY,CD DELUX ALLOY,HF DELUXE,HF DELUXE
HERO SUPER,HERO SUPER,NOT FOUND,HERO OTHER
I 10 ERA BS IV,I 10 ERA BS IV,NOT FOUND,HERO OTHER
SPLENDOR+ (SELF-DRUM-CAST,SPLENDOR SELF-DRUM-CAST,SPLENDOR,SPLENDOR
SPLENDOR+(DRUM-SPOKE WHEELS) B,SPLENDOR DRUM-SPOKE WHEELS B,SPLENDOR,SPLENDOR
KARIZMA ZMR,KARIZMA ZMR,KARIZMA,KARIZMA
HF DELUXE CAST WHEEL,HF DELUXE CAST WHEEL,HF DELUXE,HF DELUXE
"PLEASURE, BS-III",PLEASURE BS-III,PLEASURE,PLEASURE
HERO SPLENDOR+ BS-IV,HERO SPLENDOR BS-IV,SPLENDOR,SPLENDOR
HERO HONDA GLAMOUR DRUM SELF,GLAMOUR DRUM SELF,GLAMOUR,GLAMOUR
PASSION PRO SELF CAST,PASSION PRO SELF CAST,PASSION PRO,PASSION PRO
SPLENDOR+ (SELF-DR-CST)SS,SPLENDOR SELF-DR-CST SS,SPLENDOR,SPLENDOR
SPLENDOR PRO DRUM KICK CAST,SPLENDOR PRO DRUM KICK CAST,SPLENDOR PRO,SPLENDOR PRO
DLX,DLX,NOT FOUND,HERO OTHER
MAESTRO EDGE (CAST WHEEL BSIV,MAESTRO EDGE CAST WHEEL BSIV,MAESTRO EDGE,MAESTRO EDGE
SUPER SPLENDOR,SUPER SPLENDOR,SPLENDOR,SPLENDOR
SPLENDAR,SPLENDAR,SPLENDOR,SPLENDOR
GLAMOUR-DRUM-SELF(CAST WHEELS),GLAMOUR-DRUM-SELF CAST WHEELS,GLAMOUR,GLAMOUR
SPLENDOR-ISMART,SPLENDOR-ISMART,SPLENDOR ISMART,SPLENDOR ISMART
CBZ EXTREME DOUBLE DISC,CBZ EXTREME DOUBLE DISC,XTREME,XTREME
XTREME 200S (WITH ABS),XTREME 200S WITH ABS,XTREME 200S,XTREME 200S
LANCER 1.5 LXI,LANCER 1.5 LXI,NOT FOUND,HERO OTHER
SPLENDOR PLUS MW BS III,SPLENDOR PLUS MW BS III,SPLENDOR+,SPLENDOR+
SPLENDOR+ BLK STRIPE I3S (DRS),SPLENDOR BLK STRIPE I3S DRS,SPLENDOR,SPLENDOR
KC(SPLENDOR),KC SPLENDOR,SPLENDOR,SPLENDOR
PASSION PRO (DISC-SELF-CAST) B,PASSION PRO DISC-SELF-CAST B,PASSION PRO,PASSION PRO
VIKRAM 1000CG LOAD CARRIER HB,VIKRAM 1000CG LOAD CARRIER HB,NOT FOUND,HERO OTHER
HERO SPLENDOR PLUS DRUM,HERO SPLENDOR PLUS DRUM,SPLENDOR+,SPLENDOR+
GLAMOUR FI DSS,GLAMOUR FI DSS,GLAMOUR,GLAMOUR
LANCER GLX,LANCER GLX,NOT FOUND,HERO OTHER
HF DELUXE BS 3,HF DELUXE BS 3,HF DELUXE,HF DELUXE
SPL PRO CAST,SPL PRO CAST,CAST,CAST
SPLENDOR PRO (DRUM-SELF CAST W,SPLENDOR PRO DRUM-SELF CAST W,SPLENDOR PRO,SPLENDOR PRO
SUPER SPLENDOR DRS  CAST,SUPER SPLENDOR DRS CAST,SPLENDOR,SPLENDOR
HERO HONDA CBZ EXTREAME,CBZ EXTREAME,NOT FOUND,HERO OTHER
CBZ STAR,CBZ STAR,NOT FOUND,HERO OTHER
AMBITION,AMBITION,NOT FOUND,HERO OTHER
HF-DELUXE DRUM SELF CAST,HF-DELUXE DRUM SELF CAST,HF DELUXE,HF DELUXE
PASSION PRO MAC,PASSION PRO MAC,PASSION PRO,PASSION PRO
PASSION PLUS,PASSION PLUS,PASSION+,PASSION+
HERO HONDA CD DAWN DELUX,CD DAWN DELUX,HF DELUXE,HF DELUXE
SPLENDOR+ (I3S-SELF-DRUM-CAST),SPLENDOR I3S-SELF-DRUM-CAST,SPLENDOR,SPLENDOR
PAJERO SPORT AT,PAJERO SPORT AT,NOT FOUND,HERO OTHER
SPLENDOR+,SPLENDOR,SPLENDOR,SPLENDOR
ACHIVER,ACHIVER,ACHIEVER,ACHIEVER
SPLENDOR PRO CAST SELF,SPLENDOR PRO CAST SELF,SPLENDOR PRO,SPLENDOR PRO
SPLENDOR ISMART+ 110 (DSC),SPLENDOR ISMART 110 DSC,SPLENDOR ISMART,SPLENDOR ISMART
SPLENDOR I SMART,SPLENDOR I SMART,SPLENDOR ISMART,SPLENDOR ISMART
GLAMOUR,GLAMOUR,GLAMOUR,GLAMOUR
HERO HONDA CD - DELUXE,CD - DELUXE,HF DELUXE,HF DELUXE
SUPER SPLENDER DRUM/SELF (CAST,SUPER SPLENDER DRUM/SELF CAST,SPLENDOR,SPLENDOR
"HERO HONDA MOTORS  LTD, KARIZMA  ZMR",KARIZMA ZMR,KARIZMA,KARIZMA
HF-DELUXE CAST WHEEL,HF-DELUXE CAST WHEEL,HF DELUXE,HF DELUXE
CD DAWN STD,CD DAWN STD,CD DAWN,CD DAWN
SPLENDOR PRO9 BSIII SELF/CAST,SPLENDOR PRO9 BSIII SELF/CAST,SPLENDOR PRO,SPLENDOR PRO
GLAMOUR DRUMSELF CASTWHEEL BS4,GLAMOUR DRUMSELF CASTWHEEL BS4,GLAMOUR,GLAMOUR
SPLENDOR+ I3S SELFDRUMCAST BS4,SPLENDOR I3S SELFDRUMCAST BS4,SPLENDOR,SPLENDOR
H H SPLENDOR PLUS,H H SPLENDOR PLUS,SPLENDOR+,SPLENDOR+
PASSION PRO-10 DRUM SELF CAST,PASSION PRO-10 DRUM SELF CAST,PASSION PRO,PASSION PRO
MAESTRO-EDGE,MAESTRO-EDGE,MAESTRO EDGE,MAESTRO EDGE
LANCER GLXI,LANCER GLXI,NOT FOUND,HERO OTHER
HF DLX CAST SELF,HF DLX CAST SELF,HF DELUXE,HF DELUXE
IGNITOR DSS CAST,IGNITOR DSS CAST,IGNITOR,IGNITOR
SPLANDOR PLUS CAST WHEET,SPLANDOR PLUS CAST WHEET,CAST,CAST
CBZ EXTREME,CBZ EXTREME,XTREME,XTREME
PASSION PRO(DRUM-SELF CAST WHE,PASSION PRO DRUM-SELF CAST WHE,PASSION PRO,PASSION PRO
SPLENDOR PLUS SPOCK,SPLENDOR PLUS SPOCK,SPLENDOR+,SPLENDOR+
VIKRAM 750-D EURO III,VIKRAM 750-D EURO III,NOT FOUND,HERO OTHER
GLAMOUR DRS CAST,GLAMOUR DRS CAST,GLAMOUR,GLAMOUR
HERO HONDA JOY,JOY,JOY,JOY
HERO HONDA SPELNDOR,SPELNDOR,NOT FOUND,HERO OTHER
SPLENDOR  PRO,SPLENDOR PRO,SPLENDOR PRO,SPLENDOR PRO
PASSION XPRO BSIII(CAST SELF),PASSION XPRO BSIII CAST SELF,PASSION PRO,PASSION PRO
DUET,DUET,DUET,DUET
HUNK (ES),HUNK ES,HUNK,HUNK
"XTREME CAST DSS,BSIII",XTREME CAST DSS BSIII,XTREME,XTREME
HERO HONDA CD100 SL SLEEK,CD100 SL SLEEK,CD100,CD100
HF DELUXE SELF CAST WHEEL BSIV,HF DELUXE SELF CAST WHEEL BSIV,HF DELUXE,HF DELUXE
"HERO HONDA MOTORS, HERO HONDA PASSION PLUS",PASSION PLUS,PASSION+,PASSION+
PASSION XTEC SELF DRUM CAST,PASSION XTEC SELF DRUM CAST,PASSION,PASSION
PASSION PLUS DRUM CAST WHEELS-BS-II,PASSION PLUS DRUM CAST WHEELS-BS-II,PASSION+,PASSION+
GLAMOUR XTEC DS,GLAMOUR XTEC DS,GLAMOUR XTEC,GLAMOUR XTEC
SPLENDOR NXG CCR,SPLENDOR NXG CCR,SPLENDOR NXG,SPLENDOR NXG
SPLENDER DRUM,SPLENDER DRUM,SPLENDOR,SPLENDOR
SEPLENDOR PLUS,SEPLENDOR PLUS,SPLENDOR PLUS,SPLENDOR PLUS
PASSION PRO(DRM-SLF CASTWHEEL),PASSION PRO DRM-SLF CASTWHEEL,PASSION PRO,PASSION PRO
SPLENDOR PLUS DRUM SPOKE WHEEL,SPLENDOR PLUS DRUM SPOKE WHEEL,SPLENDOR+,SPLENDOR+
SPLENDER PLUS ALLOY,SPLENDER PLUS ALLOY,SPLENDOR+,SPLENDOR+
H HONDA SPLENDOR,H HONDA SPLENDOR,SPLENDOR,SPLENDOR
M/CYCLE CBZ XTREME,M/CYCLE CBZ XTREME,XTREME,XTREME
X-TREME(ES)REARDRUMBRAKE(ELECS,X-TREME ES REARDRUMBRAKE ELECS,XTREME,XTREME
HF DELUXE CAST DRS,HF DELUXE CAST DRS,HF DELUXE,HF DELUXE
DUET (TELESCOPIC FORK),DUET TELESCOPIC FORK,DUET,DUET
PASSION XPRO110 DRMSELFCST BS4,PASSION XPRO110 DRMSELFCST BS4,PASSION PRO,PASSION PRO
MAESTRO EDGE 125 (DISC CAST),MAESTRO EDGE 125 DISC CAST,MAESTRO EDGE 125,MAESTRO EDGE 125
PASSION,PASSION,PASSION,PASSION
SPLENDOR PLUS DRUM SCR,SPLENDOR PLUS DRUM SCR,SPLENDOR+,SPLENDOR+
PSN PRO,PSN PRO,NOT FOUND,HERO OTHER
HERO GLAMOUR ,HERO GLAMOUR,GLAMOUR,GLAMOUR
M/C,M/C,NOT FOUND,HERO OTHER
"HERO HONDA MOTORS  LTD, PASSION PLUS MAC",PASSION PLUS MAC,PASSION+,PASSION+
CD DELUXE DRUM SELF CAST - 10,CD DELUXE DRUM SELF CAST - 10,HF DELUXE,HF DELUXE
I10 MAGNA 1.2,I10 MAGNA 1.2,NOT FOUND,HERO OTHER
GLAMOUR FI DSS CAST,GLAMOUR FI DSS CAST,GLAMOUR,GLAMOUR
HERO PUCH STEPMATIC,HERO PUCH STEPMATIC,NOT FOUND,HERO OTHER
PASSION PRO MACK,PASSION PRO MACK,PASSION PRO,PASSION PRO
X PULSE 200T,X PULSE 200T,XPULSE 200T,XPULSE 200T
CD-DELUXE BSII,CD-DELUXE BSII,HF DELUXE,HF DELUXE
SPLENDOR PRO CCR ,SPLENDOR PRO CCR,SPLENDOR PRO,SPLENDOR PRO
SPLENDORPLUSSELFDRUMCAST BS4,SPLENDORPLUSSELFDRUMCAST BS4,SPLENDOR+,SPLENDOR+
C.D. D.L.X. CAST,C.D. D.L.X. CAST,CAST,CAST
SPLENDER PRO BS III,SPLENDER PRO BS III,SPLENDOR PRO,SPLENDOR PRO
HERO GLAMOUR,HERO GLAMOUR,GLAMOUR,GLAMOUR
CD 100 SS,CD 100 SS,CD100,CD100
GLAMOUR- DISC/SELF (WITH CAST,GLAMOUR- DISC/SELF WITH CAST,GLAMOUR DISC,GLAMOUR DISC
PASSION PRO I3S S DISCCAST B,PASSION PRO I3S S DISCCAST B,PASSION PRO,PASSION PRO
XTREME REAR DISC BREAK E/S,XTREME REAR DISC BREAK E/S,XTREME,XTREME
HF DELUXE SPOKE WHEEL BSIV,HF DELUXE SPOKE WHEEL BSIV,HF DELUXE,HF DELUXE
"HERO HONDA, CD DLX",CD DLX,CD,CD
GLAMOUR DRUM/KICK(CAST WHEELS),GLAMOUR DRUM/KICK CAST WHEELS,GLAMOUR,GLAMOUR
"HERO MOTOCORP LTD, MAESTRO EDGE",MAESTRO EDGE,MAESTRO EDGE,MAESTRO EDGE
SUPER  SPLENDOR,SUPER SPLENDOR,SPLENDOR,SPLENDOR
"HERO MOTOCORP LTD, SPL PRO",SPL PRO,NOT FOUND,HERO OTHER
PASSION PRO  C  SELF,PASSION PRO C SELF,PASSION PRO,PASSION PRO
HERO HONDA CBZ,CBZ,NOT FOUND,HERO OTHER
MAESTRO EDGE (VX) BSVI,MAESTRO EDGE VX BSVI,MAESTRO EDGE,MAESTRO EDGE
ACHIEVER 150 (DISC/SELF/CAST),ACHIEVER 150 DISC/SELF/CAST,ACHIEVER,ACHIEVER
PASSION PRO DISC-SELF-CAST-S,PASSION PRO DISC-SELF-CAST-S,PASSION PRO,PASSION PRO
H.H.SUPER SPLENDOR SELF,SUPER SPLENDOR SELF,SPLENDOR,SPLENDOR
SPLENDOR PLUS ALLOY,SPLENDOR PLUS ALLOY,SPLENDOR+,SPLENDOR+
PASSION  PRO,PASSION PRO,PASSION PRO,PASSION PRO
SUPER SPLENDOR DRS C,SUPER SPLENDOR DRS C,SPLENDOR,SPLENDOR
PASSION PRO CAST SELF,PASSION PRO CAST SELF,PASSION PRO,PASSION PRO
"HERO HONDA MOTORS  LTD, SPLENDOR PLUS SPOKES",SPLENDOR PLUS SPOKES,SPLENDOR+,SPLENDOR+
SUPER SPL,SUPER SPL,NOT FOUND,HERO OTHER
VIKRAM 450 D,VIKRAM 450 D,NOT FOUND,HERO OTHER
GLAMOUR DR BLACK & ACCENTSS,GLAMOUR DR BLACK ACCENTSS,GLAMOUR,GLAMOUR
GLAMOUR DRUMSELFCASTL2 BS6,GLAMOUR DRUMSELFCASTL2 BS6,GLAMOUR,GLAMOUR
HERO HONDA CD DAWN,CD DAWN,CD DAWN,CD DAWN
SUPER SPLENDOR(DRUM-SELF-CAST),SUPER SPLENDOR DRUM-SELF-CAST,SPLENDOR,SPLENDOR
PASSION PRO (DISC SELF-CAST WH,PASSION PRO DISC SELF-CAST WH,PASSION PRO,PASSION PRO
"HERO HONDA MOTORS  LTD, HERO HONDA CD DLX",CD DLX,CD,CD
HF DELUXE (SELF-DRUM-CAST),HF DELUXE SELF-DRUM-CAST,HF DELUXE,HF DELUXE
SPLENDOR PRO DRS,SPLENDOR PRO DRS,SPLENDOR PRO,SPLENDOR PRO
PASSION PLUS NEW,PASSION PLUS NEW,PASSION+,PASSION+
HERO HONDA PASSION PLUS (DISC),PASSION PLUS DISC,PASSION+,PASSION+
HERO HONDA PASSION PLUS,PASSION PLUS,PASSION+,PASSION+
RAJDOOT,RAJDOOT,NOT FOUND,HERO OTHER
HERO HONDA MOTER CYCLE,MOTER CYCLE,NOT FOUND,HERO OTHER
PASSION PRO(DRUM-SELF SPOKE WH,PASSION PRO DRUM-SELF SPOKE WH,PASSION PRO,PASSION PRO
SPLENDOR PLUS CCR,SPLENDOR PLUS CCR,SPLENDOR+,SPLENDOR+
SUPER SPLENDOR ALLOY WHEEL,SUPER SPLENDOR ALLOY WHEEL,SPLENDOR,SPLENDOR
HFDELUXE(KICK-DR-CST)SS,HFDELUXE KICK-DR-CST SS,HF DELUXE,HF DELUXE
"HERO HONDA MOTORS  LTD, SPLENDER",SPLENDER,SPLENDOR,SPLENDOR
HF DLX CW SELF,HF DLX CW SELF,HF DELUXE,HF DELUXE
CBZ  XTREME,CBZ XTREME,XTREME,XTREME
"HERO MOTOCORP LTD, HF DELUXE (KICK-DRUM-CAST)",HF DELUXE KICK-DRUM-CAST,HF DELUXE,HF DELUXE
CD DLX CAST SELF,CD DLX CAST SELF,CD,CD
SPL PLUS CAST TERM 3,SPL PLUS CAST TERM 3,CAST,CAST
SUPER SPELENDER ,SUPER SPELENDER,SUPER SPLENDOR,SUPER SPLENDOR
OPTIMA CX ER,OPTIMA CX ER,OPTIMA,OPTIMA
CD-DAWN,CD-DAWN,CD DAWN,CD DAWN
I SMART DRS CCR,I SMART DRS CCR,SMART,SMART
SPL PRO,SPL PRO,NOT FOUND,HERO OTHER
GLAMOUR DRUM/SELF  BSIII,GLAMOUR DRUM/SELF BSIII,GLAMOUR,GLAMOUR
SPLENDOR PLS DRM CST WHEEL,SPLENDOR PLS DRM CST WHEEL,SPLENDOR,SPLENDOR
SPLENDOR,SPLENDOR,SPLENDOR,SPLENDOR
SPLENDOR PLUS C/S I3S BSIV,SPLENDOR PLUS C/S I3S BSIV,SPLENDOR+,SPLENDOR+
SPLENDOR NXG,SPLENDOR NXG,SPLENDOR NXG,SPLENDOR NXG
PLEASURE+(ZX) BSVI,PLEASURE ZX BSVI,PLEASURE,PLEASURE
MAESTRO EDGE125 (DRUM-CAST),MAESTRO EDGE125 DRUM-CAST,MAESTRO EDGE,MAESTRO EDGE
CBZ XTREM,CBZ XTREM,NOT FOUND,HERO OTHER
CD DELUX MAC WHEEL,CD DELUX MAC WHEEL,HF DELUXE,HF DELUXE
AMBITION(SELF-DRUM),AMBITION SELF-DRUM,SELF,SELF
"HERO MOTOCORP LTD, SUPER SPL CCR SELF",SUPER SPL CCR SELF,SELF,SELF
SPLENDOR PLUS ,SPLENDOR PLUS,SPLENDOR+,SPLENDOR+
HERO PUCH - TURBO SPORT,HERO PUCH - TURBO SPORT,NOT FOUND,HERO OTHER
PASSION PRO(DRM-KIK CASTWHEEL),PASSION PRO DRM-KIK CASTWHEEL,PASSION PRO,PASSION PRO
SPLENDER PLUS A/W,SPLENDER PLUS A/W,SPLENDOR+,SPLENDOR+
SPLENDOR ISMART110,SPLENDOR ISMART110,SPLENDOR ISMART,SPLENDOR ISMART
DAWN,DAWN,CD DAWN,CD DAWN
"SCOOTERS INDIA LTD, NA",SCOOTERS INDIA LTD NA,NOT FOUND,HERO OTHER
GLAMOUR DRUM SELF BSII,GLAMOUR DRUM SELF BSII,GLAMOUR,GLAMOUR
HERO HANDA CD100,HERO HANDA CD100,CD100,CD100
SPENDAR,SPENDAR,SPLENDOR,SPLENDOR
VIKRAM 450D LOAD CARRIER(H),VIKRAM 450D LOAD CARRIER H,NOT FOUND,HERO OTHER
GLAMOUR - DRUM/SELF (WITH CAST,GLAMOUR - DRUM/SELF WITH CAST,GLAMOUR,GLAMOUR
DUET TELESCOPIC FORK BS III,DUET TELESCOPIC FORK BS III,DUET,DUET
PLEASURE+(LX BSVI,PLEASURE LX BSVI,PLEASURE,PLEASURE
PASSION PRO SELF,PASSION PRO SELF,PASSION PRO,PASSION PRO
PASSION PRO DRMSELFCAST L2 BS6,PASSION PRO DRMSELFCAST L2 BS6,PASSION PRO,PASSION PRO
PASSION PRO DRM KCK CST WHEEL,PASSION PRO DRM KCK CST WHEEL,PASSION PRO,PASSION PRO
HERO HONDA SPLENDOR,SPLENDOR,SPLENDOR,SPLENDOR
GLAMOUR-DRUM-SELF CAST BSVI,GLAMOUR-DRUM-SELF CAST BSVI,GLAMOUR,GLAMOUR
SPLENDOR + ALLOY,SPLENDOR ALLOY,SPLENDOR,SPLENDOR
"""HF DELUXE""(SELF-DRUM-CAST) BS",HF DELUXE SELF-DRUM-CAST BS,HF DELUXE,HF DELUXE
PASSION CAST WHEEL FBK,PASSION CAST WHEEL FBK,PASSION,PASSION
SPLENDOR-9,SPLENDOR-9,SPLENDOR,SPLENDOR
HERO AMBITION DRUM,HERO AMBITION DRUM,DRUM,DRUM
GLAMOUR DRUM/SELF CAST WHEEL B,GLAMOUR DRUM/SELF CAST WHEEL B,GLAMOUR,GLAMOUR
CBZ XTR 11 RR DRUM SLF,CBZ XTR 11 RR DRUM SLF,SELF,SELF
MOTORCYCLE,MOTORCYCLE,NOT FOUND,HERO OTHER
HERO HONDA SS,SS,NOT FOUND,HERO OTHER
PASSION PRO I3S S DRUMCAST B,PASSION PRO I3S S DRUMCAST B,PASSION PRO,PASSION PRO
HF DELUXE (KICK-DRUM-SPOKE,HF DELUXE KICK-DRUM-SPOKE,HF DELUXE,HF DELUXE
PASSION PLUS PRO,PASSION PLUS PRO,PASSION PRO,PASSION PRO
MAESTRO EDGE,MAESTRO EDGE,MAESTRO EDGE,MAESTRO EDGE
HF DELUXE SELF CAST WHEEL,HF DELUXE SELF CAST WHEEL,HF DELUXE,HF DELUXE
SPLENDOR PLUS CCR M,SPLENDOR PLUS CCR M,SPLENDOR+,SPLENDOR+
XTREME 160R-DDS-CAST(USB),XTREME 160R-DDS-CAST USB,XTREME 160R,XTREME 160R
SPLENDER+(DRUM-SPOKE WHEELS),SPLENDER DRUM-SPOKE WHEELS,SPLENDOR,SPLENDOR
"HERO HONDA MOTORS LTD,, PASSION PRO(DRUM-KICK CAST WHE",PASSION PRO DRUM-KICK CAST WHE,PASSION PRO,PASSION PRO
CD DLX,CD DLX,CD,CD
HF DELUXE (DRS),HF DELUXE DRS,HF DELUXE,HF DELUXE
PASSION PRO ( DRUM - SELF  CAS,PASSION PRO DRUM - SELF CAS,PASSION PRO,PASSION PRO
HF DELUXE DRUMSELFCAST BS6,HF DELUXE DRUMSELFCAST BS6,HF DELUXE,HF DELUXE
SPLENDER PLUS,SPLENDER PLUS,SPLENDOR+,SPLENDOR+
SCOOTER,SCOOTER,NOT FOUND,HERO OTHER
"HERO MOTOCORP LTD, SPLENDOR+ XTEC",SPLENDOR XTEC,SPLENDOR+ XTEC,SPLENDOR+ XTEC
GLAMOUR (DRU),GLAMOUR DRU,GLAMOUR,GLAMOUR
IMPULSE,IMPULSE,IMPULSE,IMPULSE
HERO HONDA KARIZMA,KARIZMA,KARIZMA,KARIZMA
PASS  PRO,PASS PRO,PASSION PRO,PASSION PRO
CBZ X-TREME ES BSIII,CBZ X-TREME ES BSIII,XTREME,XTREME
Not Available,NOT AVAILABLE,NOT FOUND,HERO OTHER
AUTO RICKSHAW,AUTO RICKSHAW,NOT FOUND,HERO OTHER
SPLENDOR PLUS (A),SPLENDOR PLUS A,SPLENDOR+,SPLENDOR+
SPLENDOR PLUS DRUM SELF CAST,SPLENDOR PLUS DRUM SELF CAST,SPLENDOR+,SPLENDOR+
HF DLX,HF DLX,HF DELUXE,HF DELUXE
CD DELUXE CAST WHEELS,CD DELUXE CAST WHEELS,HF DELUXE,HF DELUXE
MITSUBISHI CEDIA 2.0SELECT,MITSUBISHI CEDIA 2.0SELECT,NOT FOUND,HERO OTHER
HF DELUX KICKDRUMCAST BS4,HF DELUX KICKDRUMCAST BS4,HF DELUXE,HF DELUXE
HYDRAULIC MOBILE CRANE,HYDRAULIC MOBILE CRANE,NOT FOUND,HERO OTHER
PLEASURE SCOOTER,PLEASURE SCOOTER,PLEASURE,PLEASURE
ACHIEVER,ACHIEVER,ACHIEVER,ACHIEVER
HF DELUXE SELF SPOKE WHEELS- B,HF DELUXE SELF SPOKE WHEELS- B,HF DELUXE,HF DELUXE
"HERO MOTOCORP LTD, HF-DELUXE SPOKE WHEEL",HF-DELUXE SPOKE WHEEL,HF DELUXE,HF DELUXE
H.SPLENDOR PRO,H.SPLENDOR PRO,SPLENDOR PRO,SPLENDOR PRO
PASSION PLUS CAST WHEELS,PASSION PLUS CAST WHEELS,PASSION+,PASSION+
SPLENDOR+ XTEC (DRS),SPLENDOR XTEC DRS,SPLENDOR+ XTEC,SPLENDOR+ XTEC
PASSION PRO SELF ALLOY,PASSION PRO SELF ALLOY,PASSION PRO,PASSION PRO
"HERO MOTOCORP LTD, SPLENDOR + (SELF-DRUM-CAST)",SPLENDOR SELF-DRUM-CAST,SPLENDOR,SPLENDOR
HUNK FR DISC,HUNK FR DISC,HUNK,HUNK
MAESTRO EDGE 125 (DRUM CAST),MAESTRO EDGE 125 DRUM CAST,MAESTRO EDGE 125,MAESTRO EDGE 125
PLEASURE+(LX) BSVI,PLEASURE LX BSVI,PLEASURE,PLEASURE
HERO HONDA ST/STD,ST/STD,NOT FOUND,HERO OTHER
SPELENDER PRO,SPELENDER PRO,SPLENDOR PRO,SPLENDOR PRO
MAESTRO EDGE (CAST WHEEL) BSIV,MAESTRO EDGE CAST WHEEL BSIV,MAESTRO EDGE,MAESTRO EDGE
SPLENDOR CAST,SPLENDOR CAST,SPLENDOR,SPLENDOR
SPLINDOR PRO,SPLINDOR PRO,SPLENDOR PRO,SPLENDOR PRO
3 WHEELER LOAD CARRIER,3 WHEELER LOAD CARRIER,NOT FOUND,HERO OTHER
HF DELUXE SELF CAST WHEELS MC,HF DELUXE SELF CAST WHEELS MC,HF DELUXE,HF DELUXE
SPLENDOUR PLUS DRUM KICK START,SPLENDOUR PLUS DRUM KICK START,SPLENDOR+,SPLENDOR+
"HERO MOTOCORP LTD, SPLENDOR PLUS SELF",SPLENDOR PLUS SELF,SPLENDOR+,SPLENDOR+
DESTINI 125 (VX) BSVI,DESTINI 125 VX BSVI,DESTINI,DESTINI
VIKRAM 3 WHEELER,VIKRAM 3 WHEELER,NOT FOUND,HERO OTHER
DESTINI 125 (LX,DESTINI 125 LX,DESTINI,DESTINI
IGNITOR SELF CAST DISK,IGNITOR SELF CAST DISK,IGNITOR,IGNITOR
"HERO MOTOCORP LTD, PLEASURE - IBS",PLEASURE - IBS,PLEASURE,PLEASURE
PASSION PLUS DRK (CAST),PASSION PLUS DRK CAST,PASSION+,PASSION+
MOTOR CYCLE,MOTOR CYCLE,NOT FOUND,HERO OTHER
CD DELUXE DRK,CD DELUXE DRK,HF DELUXE,HF DELUXE
PLEASURE SELF,PLEASURE SELF,PLEASURE,PLEASURE
PASSION PRO110(DRUM-SELF-CAST,PASSION PRO110 DRUM-SELF-CAST,PASSION PRO,PASSION PRO
Destini 125 VX DRS BSIV,DESTINI 125 VX DRS BSIV,DESTINI,DESTINI
CD-DELUXE CAST,CD-DELUXE CAST,HF DELUXE,HF DELUXE
SPLENDOR PLUS DRUM,SPLENDOR PLUS DRUM,SPLENDOR+,SPLENDOR+
PASSION PRO MMC,PASSION PRO MMC,PASSION PRO,PASSION PRO
CD DAWN DELUX,CD DAWN DELUX,HF DELUXE,HF DELUXE
NYX HS 500 ER,NYX HS 500 ER,NOT FOUND,HERO OTHER
GLAMOUR F1,GLAMOUR F1,GLAMOUR,GLAMOUR
HF DELUX CAST DRS,HF DELUX CAST DRS,HF DELUXE,HF DELUXE
GLAMOUR-DRUM/SELF(WITHCASTWHEE,GLAMOUR-DRUM/SELF WITHCASTWHEE,GLAMOUR,GLAMOUR
PASSION PRO DRS,PASSION PRO DRS,PASSION PRO,PASSION PRO
HERO HONDA SPLENDOR +,SPLENDOR,SPLENDOR,SPLENDOR
HERO HONDA CD 100,CD 100,CD100,CD100
"HERO MOTOCORP LTD, GLAMOUR(HE) (DRUM-SELF-CAST)",GLAMOUR HE DRUM-SELF-CAST,GLAMOUR,GLAMOUR
SPLENDOR PLUS C,SPLENDOR PLUS C,SPLENDOR+,SPLENDOR+
HERO HONDA CD DAWN DLX,CD DAWN DLX,CD DAWN,CD DAWN
SPLENDOR PRO DRS CAST,SPLENDOR PRO DRS CAST,SPLENDOR PRO,SPLENDOR PRO
SUPER SPLENDOR(SVDRUMSELFCAST,SUPER SPLENDOR SVDRUMSELFCAST,SPLENDOR,SPLENDOR
CD DELUXE,CD DELUXE,HF DELUXE,HF DELUXE
GLAMOUR DR,GLAMOUR DR,GLAMOUR,GLAMOUR
CB XTREAM,CB XTREAM,NOT FOUND,HERO OTHER
CBZ X TREME,CBZ X TREME,NOT FOUND,HERO OTHER
,,NOT FOUND,HERO OTHER
PANTHER,PANTHER,NOT FOUND,HERO OTHER
HERO PUCH HERO MOTORS LTD,HERO PUCH HERO MOTORS LTD,NOT FOUND,HERO OTHER
PASSION PRO110 DRMSLFCST BS4,PASSION PRO110 DRMSLFCST BS4,PASSION PRO,PASSION PRO
PASSION X-PRO110(DRUMSELFCAST),PASSION X-PRO110 DRUMSELFCAST,PASSION PRO,PASSION PRO
MAESTRO DSS DX ,MAESTRO DSS DX,MAESTRO,MAESTRO
"SCOOTERS INDIA LTD, VIKRAM 3 WHEELERS",SCOOTERS INDIA LTD VIKRAM 3 WHEELERS,NOT FOUND,HERO OTHER
PASSION PRO DISK,PASSION PRO DISK,PASSION PRO,PASSION PRO
"HERO MOTOCORP LTD, SPLENDOR+ (SELF-DRUM-CAST)",SPLENDOR SELF-DRUM-CAST,SPLENDOR,SPLENDOR
SUPER SPLENDOR (SELF),SUPER SPLENDOR SELF,SPLENDOR,SPLENDOR
PASS XPRO,PASS XPRO,PASSION XPRO,PASSION XPRO
"SPLENDOR PRO, BS-III",SPLENDOR PRO BS-III,SPLENDOR PRO,SPLENDOR PRO
SPENDER PRO,SPENDER PRO,SPLENDOR PRO,SPLENDOR PRO
"HERO HONDA MOTORS  LTD, HERO HONDA SPLENDOR PRO",SPLENDOR PRO,SPLENDOR PRO,SPLENDOR PRO
SPLENDOR PLUS DRS CAST,SPLENDOR PLUS DRS CAST,SPLENDOR+,SPLENDOR+
MAESTRO-R,MAESTRO-R,MAESTRO,MAESTRO
HERO HONDA SUPER SPLENDER,SUPER SPLENDER,SPLENDOR,SPLENDOR
SUPER SPLENDOR DRMSLFCASTL2BS6,SUPER SPLENDOR DRMSLFCASTL2BS6,SPLENDOR,SPLENDOR
GLAMOUR (HE) (DRUM-SELF-CAST),GLAMOUR HE DRUM-SELF-CAST,GLAMOUR,GLAMOUR
I 20 MAGNA 1.4 DSL,I 20 MAGNA 1.4 DSL,NOT FOUND,HERO OTHER
Passion Plus Drum,PASSION PLUS DRUM,PASSION+,PASSION+
MAESTRO EDGE 125 STEALTH,MAESTRO EDGE 125 STEALTH,MAESTRO EDGE 125,MAESTRO EDGE 125
GLAMBOUR,GLAMBOUR,GLAMOUR,GLAMOUR
SPLENDOR PRO CAST,SPLENDOR PRO CAST,SPLENDOR PRO,SPLENDOR PRO
ACHIEVER DSS CAST,ACHIEVER DSS CAST,ACHIEVER,ACHIEVER
ACHIEVER 150 (DISC/SELF/CAST,ACHIEVER 150 DISC/SELF/CAST,ACHIEVER,ACHIEVER
CD-DELUXE-CAST WHEELS-BSII,CD-DELUXE-CAST WHEELS-BSII,HF DELUXE,HF DELUXE
MAESTRO EDGE (CAST WHEEL),MAESTRO EDGE CAST WHEEL,MAESTRO EDGE,MAESTRO EDGE
HF 100 2WHEEL L2 BS6,HF 100 2WHEEL L2 BS6,HF DELUXE,HF DELUXE
PASSION+,PASSION,PASSION,PASSION
MAESTRO DSS DX,MAESTRO DSS DX,MAESTRO,MAESTRO
MARUTI 800,MARUTI 800,NOT FOUND,HERO OTHER
XTREME 200R (WITH ABS),XTREME 200R WITH ABS,XTREME 200R,XTREME 200R
SUPER SPLENDOR DISC/SELF,SUPER SPLENDOR DISC/SELF,SPLENDOR,SPLENDOR
SPLENDOR+I3S SELF-DRUM-CAST SE,SPLENDOR I3S SELF-DRUM-CAST SE,SPLENDOR,SPLENDOR
"HERO MOTOCORP LTD, SPLENDOR+ (DRUM-SPOKE)BSIII",SPLENDOR DRUM-SPOKE BSIII,SPLENDOR,SPLENDOR
HERO EXTREME REAR DRUM SELF,HERO EXTREME REAR DRUM SELF,XTREME,XTREME
HERO SUPER  SPLENDOR,HERO SUPER SPLENDOR,SPLENDOR,SPLENDOR
GLAMOUR DRS CAST BS III,GLAMOUR DRS CAST BS III,GLAMOUR,GLAMOUR
SPENDOR PLUS MAC,SPENDOR PLUS MAC,SPLENDOR PLUS,SPLENDOR PLUS
PASSION PRO CAST DRS,PASSION PRO CAST DRS,PASSION PRO,PASSION PRO
SPLENDOR- NXG -SELF CAST WHEEL,SPLENDOR- NXG -SELF CAST WHEEL,SPLENDOR NXG,SPLENDOR NXG
SPLENDER PLUS ALY,SPLENDER PLUS ALY,SPLENDOR+,SPLENDOR+
"HUNK,   BS-III",HUNK BS-III,HUNK,HUNK
SPLENDOR+ (DRUM-SPOKE)BSIII,SPLENDOR DRUM-SPOKE BSIII,SPLENDOR,SPLENDOR
VIKRAM 750,VIKRAM 750,NOT FOUND,HERO OTHER
LANCER SLX DV,LANCER SLX DV,NOT FOUND,HERO OTHER
CD DELUXE KICK CAST,CD DELUXE KICK CAST,HF DELUXE,HF DELUXE
CBZ XTREME,CBZ XTREME,XTREME,XTREME
MAESTRO EDGE VX,MAESTRO EDGE VX,MAESTRO EDGE,MAESTRO EDGE
GLMOUR DSS,GLMOUR DSS,NOT FOUND,HERO OTHER
VIKRAM 750 D,VIKRAM 750 D,NOT FOUND,HERO OTHER
MAESTRO EDGE CASTWHEEL BSIV,MAESTRO EDGE CASTWHEEL BSIV,MAESTRO EDGE,MAESTRO EDGE
SPLENDOR PRO DRUM KICK SPOKE,SPLENDOR PRO DRUM KICK SPOKE,SPLENDOR PRO,SPLENDOR PRO
PASSION PRO (DRUM-SELF CAST WH,PASSION PRO DRUM-SELF CAST WH,PASSION PRO,PASSION PRO
SUPER SPLENDOR-DR-SLF-CST,SUPER SPLENDOR-DR-SLF-CST,SPLENDOR,SPLENDOR
HERO HONDA PLEASURE,PLEASURE,PLEASURE,PLEASURE
HERO SPLENDOR PRO DRUM SPOKE,HERO SPLENDOR PRO DRUM SPOKE,SPLENDOR PRO,SPLENDOR PRO
GLAMOUR - DISC/SELF (WITH CAST,GLAMOUR - DISC/SELF WITH CAST,GLAMOUR DISC,GLAMOUR DISC
GLAMOUR-DISC-SELF-CAST (SE),GLAMOUR-DISC-SELF-CAST SE,GLAMOUR DISC,GLAMOUR DISC
OPTIMA HS 500 ER,OPTIMA HS 500 ER,OPTIMA,OPTIMA
HERO HONDA PASSION,PASSION,PASSION,PASSION
SPLENDOR PRO DRM SLF CST WHEEL,SPLENDOR PRO DRM SLF CST WHEEL,SPLENDOR PRO,SPLENDOR PRO
PASSION PRO SELF CAST WHEELS,PASSION PRO SELF CAST WHEELS,PASSION PRO,PASSION PRO
PASSION PRO CW,PASSION PRO CW,PASSION PRO,PASSION PRO
PASSION PRO (DRUM SELF CAST WHEELS),PASSION PRO DRUM SELF CAST WHEELS,PASSION PRO,PASSION PRO
SPLENDOR PRO9 BS III DRMSPOKE,SPLENDOR PRO9 BS III DRMSPOKE,SPLENDOR PRO,SPLENDOR PRO
SUPER SUPLENDER,SUPER SUPLENDER,SUPER SPLENDOR,SUPER SPLENDOR
PASSION CAST,PASSION CAST,PASSION,PASSION
SUPER SPL CAST,SUPER SPL CAST,CAST,CAST
PASSION PRO (DISC-SELF-CAST,PASSION PRO DISC-SELF-CAST,PASSION PRO,PASSION PRO
PLEASURE IBS BSIV,PLEASURE IBS BSIV,PLEASURE,PLEASURE
HERO HONDA CD N,CD N,CD,CD
HUNKDSS/BLAK,HUNKDSS/BLAK,HUNK,HUNK
SPLENDER NXG,SPLENDER NXG,SPLENDOR NXG,SPLENDOR NXG
HERO HF DELUXE DRS,HERO HF DELUXE DRS,HF DELUXE,HF DELUXE
PLEASURE - IBS-CAST-DRUM-SELF BSIV,PLEASURE - IBS-CAST-DRUM-SELF BSIV,PLEASURE,PLEASURE
SUPER SPLENDER I3S,SUPER SPLENDER I3S,SPLENDOR,SPLENDOR
PASSION PRO I3S SLFDRMCAST BS4,PASSION PRO I3S SLFDRMCAST BS4,PASSION PRO,PASSION PRO
PASSION PRO SELF START,PASSION PRO SELF START,PASSION PRO,PASSION PRO
PASSION PRO DRM SLF SPK WHEEL,PASSION PRO DRM SLF SPK WHEEL,PASSION PRO,PASSION PRO
"HERO HONDA MOTORS  LTD, HERO HONDA CD-DELUXE WITH CAST",CD-DELUXE WITH CAST,HF DELUXE,HF DELUXE
PASSION PRO DSS CAST BSIV,PASSION PRO DSS CAST BSIV,PASSION PRO,PASSION PRO
SPLENDOR PLUS MAC,SPLENDOR PLUS MAC,SPLENDOR+,SPLENDOR+
GLAMOUR (HE) (DISC-SELF-CAST),GLAMOUR HE DISC-SELF-CAST,GLAMOUR DISC,GLAMOUR DISC
LGV,LGV,NOT FOUND,HERO OTHER
GLAMOUR DSS,GLAMOUR DSS,GLAMOUR,GLAMOUR
HERO PUCH EZ,HERO PUCH EZ,NOT FOUND,HERO OTHER
HF- DELUXE- (I3S SELF-DRUM-CAST) BSVI,HF- DELUXE- I3S SELF-DRUM-CAST BSVI,HF DELUXE,HF DELUXE
GLAMOR,GLAMOR,GLAMOUR,GLAMOUR
HERO PUCH AG,HERO PUCH AG,NOT FOUND,HERO OTHER
MESTRO,MESTRO,MAESTRO,MAESTRO
HERO XTREME,HERO XTREME,XTREME,XTREME
"HERO MOTOCORP LTD, PASSION PRO",PASSION PRO,PASSION PRO,PASSION PRO
XTREME DISC+SELF,XTREME DISC SELF,XTREME,XTREME
SPLENDOR I-SMART BSIII,SPLENDOR I-SMART BSIII,SPLENDOR ISMART,SPLENDOR ISMART
SPLENDOR+ SELFDRMCAST L2 BS6,SPLENDOR SELFDRMCAST L2 BS6,SPLENDOR,SPLENDOR
HERO HONDA GLAMOUR C,GLAMOUR C,GLAMOUR,GLAMOUR
SPLENDER+(DRUM-CAST WHEELS),SPLENDER DRUM-CAST WHEELS,SPLENDOR,SPLENDOR
XOOM (ZX),XOOM ZX,NOT FOUND,HERO OTHER
VIKRAM 450D AUTO RICKSHAW STG,VIKRAM 450D AUTO RICKSHAW STG,NOT FOUND,HERO OTHER
PLEASURE IBS BSIII,PLEASURE IBS BSIII,PLEASURE,PLEASURE
PASSION PRO DRUM,PASSION PRO DRUM,PASSION PRO,PASSION PRO
GLMR,GLMR,NOT FOUND,HERO OTHER
NEW SPLENDER PLUS CAST WHEEL,NEW SPLENDER PLUS CAST WHEEL,SPLENDOR+,SPLENDOR+
CBZ XTERME,CBZ XTERME,NOT FOUND,HERO OTHER
GLAMOUR DISC,GLAMOUR DISC,GLAMOUR DISC,GLAMOUR DISC
"HERO MOTOCORP LTD, GLAMOUR (HE) (DRUM-SELF-CAST)",GLAMOUR HE DRUM-SELF-CAST,GLAMOUR,GLAMOUR
SUPER SPLENDOR  (DRUM - SELF),SUPER SPLENDOR DRUM - SELF,SPLENDOR,SPLENDOR
CD 100 SS DLX,CD 100 SS DLX,CD100,CD100
PASSION X-PRO110(DISCSELFCAST,PASSION X-PRO110 DISCSELFCAST,PASSION PRO,PASSION PRO
VIKRAM 750D E III,VIKRAM 750D E III,NOT FOUND,HERO OTHER
"HERO HONDA, PASSION PLUS",PASSION PLUS,PASSION+,PASSION+
SPLENDOR + (KICK-DRUM-CAST),SPLENDOR KICK-DRUM-CAST,SPLENDOR,SPLENDOR
HUNK DSS,HUNK DSS,HUNK,HUNK
GLAMOUR-DISC/SELF(WITHCASTWHEE,GLAMOUR-DISC/SELF WITHCASTWHEE,GLAMOUR DISC,GLAMOUR DISC
PASSION - PRO (,PASSION - PRO,PASSION PRO,PASSION PRO
SPLENDUR PLUS,SPLENDUR PLUS,SPLENDOR PLUS,SPLENDOR PLUS
ASHOK LEYLAND LTD,ASHOK LEYLAND LTD,NOT FOUND,HERO OTHER
PASSION PLUS DRUM,PASSION PLUS DRUM,PASSION+,PASSION+
SPLENDOR PRO SELF ALLOY,SPLENDOR PRO SELF ALLOY,SPLENDOR PRO,SPLENDOR PRO
PASSION PRO 8 SELF CAST BS3,PASSION PRO 8 SELF CAST BS3,PASSION PRO,PASSION PRO
PASSION PRO KICK CAST,PASSION PRO KICK CAST,PASSION PRO,PASSION PRO
"HERO HONDA MOTORS  LTD, CD DAWN",CD DAWN,CD DAWN,CD DAWN
SPLENDOR +,SPLENDOR,SPLENDOR,SPLENDOR
IGNITOR,IGNITOR,IGNITOR,IGNITOR
IGNITOR DRS CCR,IGNITOR DRS CCR,IGNITOR,IGNITOR
HF DELEUXE,HF DELEUXE,HF DELUXE,HF DELUXE
ACHIVER CAST DISC SELF,ACHIVER CAST DISC SELF,SELF,SELF
GLAMOUR DISK  SELF CAST-10,GLAMOUR DISK SELF CAST-10,GLAMOUR,GLAMOUR
GLAMOUR DRUM/SELF (WITH CAST W,GLAMOUR DRUM/SELF WITH CAST W,GLAMOUR,GLAMOUR
SPLENDOR I SMART 110,SPLENDOR I SMART 110,SPLENDOR ISMART,SPLENDOR ISMART
SPLENDOR- ISMART,SPLENDOR- ISMART,SPLENDOR ISMART,SPLENDOR ISMART
MAESTRO EDGE 125 CAST DISC,MAESTRO EDGE 125 CAST DISC,MAESTRO EDGE 125,MAESTRO EDGE 125
CD DELUXE CAST,CD DELUXE CAST,HF DELUXE,HF DELUXE
H.HONDA SPLENDOR PLUS CAST,SPLENDOR PLUS CAST,SPLENDOR+,SPLENDOR+
PASSION PRO-10  DISC SELF,PASSION PRO-10 DISC SELF,PASSION PRO,PASSION PRO
"SCOOTERS INDIA LTD, SCOOTER SUNNY FR",SCOOTERS INDIA LTD SCOOTER SUNNY FR,NOT FOUND,HERO OTHER
SPELNDOR PLUS A/W,SPELNDOR PLUS A/W,SPLENDOR PLUS,SPLENDOR PLUS
"HERO MOTOCORP LTD, MAESTRO",MAESTRO,MAESTRO,MAESTRO
SUPER SPLENDOR DRMSLFCST BS4,SUPER SPLENDOR DRMSLFCST BS4,SPLENDOR,SPLENDOR
HF DELUXE (SELF-DRUM-SPOKE),HF DELUXE SELF-DRUM-SPOKE,HF DELUXE,HF DELUXE
H. H. SPLENDER PLUS,SPLENDER PLUS,SPLENDOR+,SPLENDOR+
SPLENDOR + ( DRUM - CAST WHEEL,SPLENDOR DRUM - CAST WHEEL,SPLENDOR,SPLENDOR
PASSION X PRO,PASSION X PRO,PASSION PRO,PASSION PRO
HF DELUXE AW,HF DELUXE AW,HF DELUXE,HF DELUXE
HF DELUXE,HF DELUXE,HF DELUXE,HF DELUXE
PASSION PRO CW SELF,PASSION PRO CW SELF,PASSION PRO,PASSION PRO
SPLENDOR PLUS C/W,SPLENDOR PLUS C/W,SPLENDOR+,SPLENDOR+
MESTRO EDGE,MESTRO EDGE,MAESTRO EDGE,MAESTRO EDGE
SPLENDOR + (SELF-DRUM-CAST,SPLENDOR SELF-DRUM-CAST,SPLENDOR,SPLENDOR
PASSION PRO(I3S-SELFDRM-CST)SR,PASSION PRO I3S-SELFDRM-CST SR,PASSION PRO,PASSION PRO
PLEASURE + (LX,PLEASURE LX,PLEASURE,PLEASURE
HF DELUXE DRAM CAST SELF,HF DELUXE DRAM CAST SELF,HF DELUXE,HF DELUXE
SPELNDOR NXG SLEF CST WHEL BS3,SPELNDOR NXG SLEF CST WHEL BS3,NOT FOUND,HERO OTHER
HEROHONDA CD 100 SS,HEROHONDA CD 100 SS,CD100,CD100
HF DELUXE DRS,HF DELUXE DRS,HF DELUXE,HF DELUXE
SPL I-SMART SELF CCR,SPL I-SMART SELF CCR,SMART,SMART
GLMR CAST DRS,GLMR CAST DRS,CAST,CAST
"HERO HONDA MOTORS  LTD, PASSION PRO CCR DRS",PASSION PRO CCR DRS,PASSION PRO,PASSION PRO
"HERO HONDA MOTORS, AMBASDOR",AMBASDOR,NOT FOUND,HERO OTHER
H/H.SPLENDOR PLUS,H/H.SPLENDOR PLUS,SPLENDOR+,SPLENDOR+
KARIZMA,KARIZMA,KARIZMA,KARIZMA
HERO HONDA CD 100 LX,CD 100 LX,CD100,CD100
PASSION PLUS DRKCCR,PASSION PLUS DRKCCR,PASSION+,PASSION+
CDDELUXE,CDDELUXE,HF DELUXE,HF DELUXE
HF DELUXE (I3S-SELF-DRUM-CAST),HF DELUXE I3S-SELF-DRUM-CAST,HF DELUXE,HF DELUXE
PLEASURE,PLEASURE,PLEASURE,PLEASURE
HERO HONDA SPLENDOR PLUS,SPLENDOR PLUS,SPLENDOR+,SPLENDOR+
HERO SPLENDOR PLUS,HERO SPLENDOR PLUS,SPLENDOR+,SPLENDOR+
SPLENDRA PLUS,SPLENDRA PLUS,SPLENDOR PLUS,SPLENDOR PLUS
"HERO MOTOCORP LTD, SPLENDER PLUS",SPLENDER PLUS,SPLENDOR+,SPLENDOR+
"HERO MOTOCORP LTD, SPLENDOR+ (SELF-DR-CST)SS",SPLENDOR SELF-DR-CST SS,SPLENDOR,SPLENDOR
JAZZ,JAZZ,NOT FOUND,HERO OTHER
SPLENDOR + (KICK-DRUM-SPOKE),SPLENDOR KICK-DRUM-SPOKE,SPLENDOR,SPLENDOR
H. HONDA CBZ X TREME,CBZ X TREME,NOT FOUND,HERO OTHER
SPS(DRS-CWB.RED,SPS DRS-CWB.RED,NOT FOUND,HERO OTHER
DESTINI 125 (LX),DESTINI 125 LX,DESTINI,DESTINI
PASSION PRO CCR,PASSION PRO CCR,PASSION PRO,PASSION PRO
SPLENDOR+ I3S (DRS,SPLENDOR I3S DRS,SPLENDOR,SPLENDOR
HUNK CAST,HUNK CAST,HUNK,HUNK
PASSION LTD EDITION,PASSION LTD EDITION,PASSION,PASSION
"HERO MOTOCORP LTD, MAESTRO EDGE (ZX)",MAESTRO EDGE ZX,MAESTRO EDGE,MAESTRO EDGE
"HERO MOTOCORP LTD, SUPER SPLENDOR-DISC-SELF-CAST",SUPER SPLENDOR-DISC-SELF-CAST,SPLENDOR,SPLENDOR
"HERO HONDA MOTORS  LTD, PASSION PRO",PASSION PRO,PASSION PRO,PASSION PRO
CBZ EXTREM,CBZ EXTREM,NOT FOUND,HERO OTHER
HERO HONDA  CD DWAN,CD DWAN,CD,CD
HF-DELUXE -CAST WHEELS,HF-DELUXE -CAST WHEELS,HF DELUXE,HF DELUXE
SUPER SPL SELF,SUPER SPL SELF,SELF,SELF
PASSION PRO A/W,PASSION PRO A/W,PASSION PRO,PASSION PRO
SUPER SPLENDOR DRS CAST,SUPER SPLENDOR DRS CAST,SPLENDOR,SPLENDOR
"HERO MOTOCORP LTD, MAESTRO EDGE 125 CAST DISC",MAESTRO EDGE 125 CAST DISC,MAESTRO EDGE 125,MAESTRO EDGE 125
MAESTRO EDGE 125 (DRUM CAST,MAESTRO EDGE 125 DRUM CAST,MAESTRO EDGE 125,MAESTRO EDGE 125
HUNK DISC,HUNK DISC,HUNK,HUNK
CD-DELUXE SELF SPOKE WHEELS BS,CD-DELUXE SELF SPOKE WHEELS BS,HF DELUXE,HF DELUXE
DESTINI 125 (VX BSIV,DESTINI 125 VX BSIV,DESTINI,DESTINI
MASTRO,MASTRO,MAESTRO,MAESTRO
PLEASURE + (LX),PLEASURE LX,PLEASURE,PLEASURE
HF DELUXE SPOKE WHEELS,HF DELUXE SPOKE WHEELS,HF DELUXE,HF DELUXE
PASSION X PRO  CAST DISC SELF,PASSION X PRO CAST DISC SELF,PASSION PRO,PASSION PRO
SPLENDOR+ (I3S-SLF-DR-CSTSS,SPLENDOR I3S-SLF-DR-CSTSS,SPLENDOR,SPLENDOR
HERO PASSION PRO,HERO PASSION PRO,PASSION PRO,PASSION PRO
XTREME 160R DISCDRMCASTL2 BS6,XTREME 160R DISCDRMCASTL2 BS6,CD,CD
INNOVA 2.5 LG,INNOVA 2.5 LG,NOT FOUND,HERO OTHER
HF DELUXE CAST WHEEL BSIV,HF DELUXE CAST WHEEL BSIV,HF DELUXE,HF DELUXE
HERO HONDA SPLENDER,SPLENDER,SPLENDOR,SPLENDOR
"HERO MOTOCORP LTD, SPLENDOR XTEC",SPLENDOR XTEC,SPLENDOR+ XTEC,SPLENDOR+ XTEC
SPLENDOR +(I3S-SELF-DRUM-CAST),SPLENDOR I3S-SELF-DRUM-CAST,SPLENDOR,SPLENDOR
HF DELUXE SELF SPOKE WHEELS- BSIII,HF DELUXE SELF SPOKE WHEELS- BSIII,HF DELUXE,HF DELUXE
CD DELUXE  CAST WHEEL ,CD DELUXE CAST WHEEL,HF DELUXE,HF DELUXE
CBZ EXTREME CBZG DDS CCR,CBZ EXTREME CBZG DDS CCR,XTREME,XTREME
KARIZMA BKC,KARIZMA BKC,KARIZMA,KARIZMA
HERO HONDA PASSION PRO,PASSION PRO,PASSION PRO,PASSION PRO
PASSION PRO SEL SPOCK,PASSION PRO SEL SPOCK,PASSION PRO,PASSION PRO
CD-DELUX CAST WHEELS,CD-DELUX CAST WHEELS,HF DELUXE,HF DELUXE
"HERO MOTOCORP LTD, SPLENDOR+ (I3S-SLF-DR-CST)SS",SPLENDOR I3S-SLF-DR-CST SS,SPLENDOR,SPLENDOR
HF DELUXE ECO SELF CAST WHEELS,HF DELUXE ECO SELF CAST WHEELS,HF DELUXE,HF DELUXE
SPLENDOR +(DRUM CAST WHEELS)-B,SPLENDOR DRUM CAST WHEELS -B,SPLENDOR,SPLENDOR
GLAMOUR XTEC-DISC-SELF-CAST,GLAMOUR XTEC-DISC-SELF-CAST,GLAMOUR XTEC,GLAMOUR XTEC
"HERO MOTOCORP LTD, MAESTRO EDGE125(DISC-CAST)",MAESTRO EDGE125 DISC-CAST,MAESTRO EDGE,MAESTRO EDGE
SPL I SMART CW GTR,SPL I SMART CW GTR,SMART,SMART
SPLENDOR+(I3S-SELF-DRUM-CAST)-,SPLENDOR I3S-SELF-DRUM-CAST -,SPLENDOR,SPLENDOR
H. SPLENDER ISMART,H. SPLENDER ISMART,SPLENDOR ISMART,SPLENDOR ISMART
HF DELUXE SPOKE,HF DELUXE SPOKE,HF DELUXE,HF DELUXE
SHAKTHI 3 GEAR,SHAKTHI 3 GEAR,NOT FOUND,HERO OTHER
SPLENDOR ISMART BSIII,SPLENDOR ISMART BSIII,SPLENDOR ISMART,SPLENDOR ISMART
SPLENDOR PRO SELFDRUMCAST BS4,SPLENDOR PRO SELFDRUMCAST BS4,SPLENDOR PRO,SPLENDOR PRO
HERO  HONDA,,NOT FOUND,HERO OTHER
CIVIC 1.8 S MT BS3,CIVIC 1.8 S MT BS3,NOT FOUND,HERO OTHER
CD DLX DRK CCR,CD DLX DRK CCR,CD,CD
HEROHONDA CD DLX,HEROHONDA CD DLX,CD,CD
OTHERS,OTHERS,NOT FOUND,HERO OTHER
SUPER SPELENDER,SUPER SPELENDER,SUPER SPLENDOR,SUPER SPLENDOR
SPLENDOR+ BLACK AND ACCENTSS,SPLENDOR BLACK AND ACCENTSS,SPLENDOR,SPLENDOR
GLAMOUR CAST SELF,GLAMOUR CAST SELF,GLAMOUR,GLAMOUR
JCB 3DX EXCAVATOR - LOADER,JCB 3DX EXCAVATOR - LOADER,NOT FOUND,HERO OTHER
MITSUBISHI PAJERO SPORTS,MITSUBISHI PAJERO SPORTS,NOT FOUND,HERO OTHER
SPLENDOR PLUS CAST,SPLENDOR PLUS CAST,SPLENDOR+,SPLENDOR+
"HERO HONDA MOTORS  LTD, HERO HONDA PLEASURE",PLEASURE,PLEASURE,PLEASURE
SPELENDER PLUS DRUM,SPELENDER PLUS DRUM,DRUM,DRUM
SPLENDOR PLUS SPOKE  KICKSTART,SPLENDOR PLUS SPOKE KICKSTART,SPLENDOR+,SPLENDOR+
PASSION PLUS (DRUM-SPOKE WHEEL,PASSION PLUS DRUM-SPOKE WHEEL,PASSION+,PASSION+
I SMART110,I SMART110,SMART,SMART
HERO PUCH AXL HERO MOTORS,HERO PUCH AXL HERO MOTORS,NOT FOUND,HERO OTHER
SPLENDER PRO (DRUM SELF SPOKE WHEELS) BSIII,SPLENDER PRO DRUM SELF SPOKE WHEELS BSIII,SPLENDOR PRO,SPLENDOR PRO
HERO PLEASURE IBS BS III,HERO PLEASURE IBS BS III,PLEASURE,PLEASURE
HONDA ACCORD 2.4 MT,HONDA ACCORD 2.4 MT,NOT FOUND,HERO OTHER
HERO - PUCH,HERO - PUCH,NOT FOUND,HERO OTHER
"HERO MOTOCORP LTD, SPLENDOR + BLACK AND ACCENT",SPLENDOR BLACK AND ACCENT,SPLENDOR,SPLENDOR
HF DELUXE (SELF-DRUM-CAST,HF DELUXE SELF-DRUM-CAST,HF DELUXE,HF DELUXE
SPLENDOR.PRO,SPLENDOR.PRO,SPLENDOR PRO,SPLENDOR PRO
PASSION XPRO DRS BS III,PASSION XPRO DRS BS III,PASSION PRO,PASSION PRO
CBZ  XTREME  DSS,CBZ XTREME DSS,XTREME,XTREME
PASSION + I 3S DRS BSVI-PH2,PASSION I 3S DRS BSVI-PH2,PASSION,PASSION
CBZ X TREEM,CBZ X TREEM,NOT FOUND,HERO OTHER
SPLENDER PRO (DRUM SELF SPOKE,SPLENDER PRO DRUM SELF SPOKE,SPLENDOR PRO,SPLENDOR PRO
PLEASURE PLN,PLEASURE PLN,PLEASURE,PLEASURE
SPLENDOR PLUS DRUM ,SPLENDOR PLUS DRUM,SPLENDOR+,SPLENDOR+
PLEASURE + (ZX),PLEASURE ZX,PLEASURE,PLEASURE
Hero Honda Passion,PASSION,PASSION,PASSION
"HERO MOTOCORP LTD, PLEASURE SCOOTER",PLEASURE SCOOTER,PLEASURE,PLEASURE
PASSION PRO DRUM SELF,PASSION PRO DRUM SELF,PASSION PRO,PASSION PRO
PASS PRO CAST SS,PASS PRO CAST SS,CAST,CAST
CD DELUX KICK,CD DELUX KICK,HF DELUXE,HF DELUXE
PASS PRO,PASS PRO,PASSION PRO,PASSION PRO
GLAMOUR DRUM/SELF CAST WHEEL BSIII,GLAMOUR DRUM/SELF CAST WHEEL BSIII,GLAMOUR,GLAMOUR
HF DELUXE DRK,HF DELUXE DRK,HF DELUXE,HF DELUXE
"HERO HONDA MOTORS  LTD, PASSION PRO SELF CAST",PASSION PRO SELF CAST,PASSION PRO,PASSION PRO
PASSION PRO(SELF),PASSION PRO SELF,PASSION PRO,PASSION PRO
HERO HONDA CBZ DISC,CBZ DISC,DISC,DISC
CD DELUXE ALLOY,CD DELUXE ALLOY,HF DELUXE,HF DELUXE
PASSION X-PRO110(DISCSELFCAST),PASSION X-PRO110 DISCSELFCAST,PASSION PRO,PASSION PRO
CBZ X-TREME-ES(ELECTRICSTART)B,CBZ X-TREME-ES ELECTRICSTART B,XTREME,XTREME
HF DEULXE,HF DEULXE,HF DELUXE,HF DELUXE
CD/HF DELUXE,CD/HF DELUXE,HF DELUXE,HF DELUXE
SUPER SPLENDER,SUPER SPLENDER,SPLENDOR,SPLENDOR
SPLENDOR PLUS I3S SELF BS IV,SPLENDOR PLUS I3S SELF BS IV,SPLENDOR+,SPLENDOR+
GLAMOUR FI (DISC/SELF/CAST),GLAMOUR FI DISC/SELF/CAST,GLAMOUR DISC,GLAMOUR DISC
PSN  PRO,PSN PRO,NOT FOUND,HERO OTHER
CITY ZX,CITY ZX,NOT FOUND,HERO OTHER
PLEASURE (NEW),PLEASURE NEW,PLEASURE,PLEASURE
PASSION PRO CCR DRS,PASSION PRO CCR DRS,PASSION PRO,PASSION PRO
GLAMOUR FI,GLAMOUR FI,GLAMOUR,GLAMOUR
SPLENDOR ISMART DICDRM L2 BS6,SPLENDOR ISMART DICDRM L2 BS6,SPLENDOR ISMART,SPLENDOR ISMART
GLAMOUR FI (DISC/ SELF/ CAST),GLAMOUR FI DISC/ SELF/ CAST,GLAMOUR DISC,GLAMOUR DISC
PLEASURE - IBS BSIV,PLEASURE - IBS BSIV,PLEASURE,PLEASURE
"HERO HONDA, CD DELUXE CAST WHEELS",CD DELUXE CAST WHEELS,HF DELUXE,HF DELUXE
"""PASSION PRO""(I3S-SELF-DRUM-CA",PASSION PRO I3S-SELF-DRUM-CA,PASSION PRO,PASSION PRO
PASSION PRO110(DRUM-SELF-CAST),PASSION PRO110 DRUM-SELF-CAST,PASSION PRO,PASSION PRO
SUPER SPLENDOR(SV)DRUMSELFCAST,SUPER SPLENDOR SV DRUMSELFCAST,SPLENDOR,SPLENDOR
SPL PRO DRS CAST (SPRFDRSCC),SPL PRO DRS CAST SPRFDRSCC,CAST,CAST
X-TREME(ES)REARDISCBRAKE(ELECS,X-TREME ES REARDISCBRAKE ELECS,XTREME,XTREME
GLAMOUR-DRUM-SELF-CAST,GLAMOUR-DRUM-SELF-CAST,GLAMOUR,GLAMOUR
HERO PUCH WITHOUT GEAR,HERO PUCH WITHOUT GEAR,NOT FOUND,HERO OTHER
SPL ALLOY,SPL ALLOY,NOT FOUND,HERO OTHER
CD DLX AW,CD DLX AW,CD,CD
GLAMOUR FI CAST  DISC SELF,GLAMOUR FI CAST DISC SELF,GLAMOUR DISC,GLAMOUR DISC
SPLENDER PRO DRS CAST,SPLENDER PRO DRS CAST,SPLENDOR PRO,SPLENDOR PRO
SPLENDOR PLUS DRK CAST,SPLENDOR PLUS DRK CAST,SPLENDOR+,SPLENDOR+
DESTINI 125 VX L2 BS4,DESTINI 125 VX L2 BS4,DESTINI,DESTINI
CD DELUXE.,CD DELUXE.,HF DELUXE,HF DELUXE
NEW GLAMOUR,NEW GLAMOUR,GLAMOUR,GLAMOUR
PLEASURE BSII,PLEASURE BSII,PLEASURE,PLEASURE
GLAMOUR SELF,GLAMOUR SELF,GLAMOUR,GLAMOUR
SPLENDOR PLUS SELF,SPLENDOR PLUS SELF,SPLENDOR+,SPLENDOR+
SPELNDOR,SPELNDOR,SPLENDOR,SPLENDOR
HERO PUCH POWER GXL,HERO PUCH POWER GXL,NOT FOUND,HERO OTHER
SPORTZ 1.2 BSIV,SPORTZ 1.2 BSIV,NOT FOUND,HERO OTHER
"HERO MOTOCORP LTD, SUPER SPLENDOR",SUPER SPLENDOR,SPLENDOR,SPLENDOR
CBZ XTREME DISK SELF CAST,CBZ XTREME DISK SELF CAST,XTREME,XTREME
STREET STD,STREET STD,NOT FOUND,HERO OTHER
H F DELUX,H F DELUX,HF DELUXE,HF DELUXE
PASSION PRO 10 DRS CAST,PASSION PRO 10 DRS CAST,PASSION PRO,PASSION PRO
HFDELUXE(KICK-DR-CSTSS,HFDELUXE KICK-DR-CSTSS,HF DELUXE,HF DELUXE
SPLENDER PRO SELF CAST,SPLENDER PRO SELF CAST,SPLENDOR PRO,SPLENDOR PRO
NOT KNOWN  MCYCLE,NOT KNOWN MCYCLE,NOT FOUND,HERO OTHER
PASSION PRO DRS CCR,PASSION PRO DRS CCR,PASSION PRO,PASSION PRO
HF DLX ALLOY SELF,HF DLX ALLOY SELF,HF DELUXE,HF DELUXE
SPLENDOR PRO DRS  CAST,SPLENDOR PRO DRS CAST,SPLENDOR PRO,SPLENDOR PRO
XTREME SLEF CAST FR DISK,XTREME SLEF CAST FR DISK,XTREME,XTREME
STREET SMART,STREET SMART,SMART,SMART
SCOOTERS 3WH,SCOOTERS 3WH,NOT FOUND,HERO OTHER
SPLENDOR PLUS DRUM SC WHEELSB3,SPLENDOR PLUS DRUM SC WHEELSB3,SPLENDOR+,SPLENDOR+
AMAZE 1.2 VX CVT I-VTEC,AMAZE 1.2 VX CVT I-VTEC,NOT FOUND,HERO OTHER
HERO PASSION X PRO,HERO PASSION X PRO,PASSION PRO,PASSION PRO
HERO HONDA CD DELUXE SPOKE,CD DELUXE SPOKE,HF DELUXE,HF DELUXE
HERO-PUCH,HERO-PUCH,NOT FOUND,HERO OTHER
HERO PASSION PRO - SELF ALLOY,HERO PASSION PRO - SELF ALLOY,PASSION PRO,PASSION PRO
HF DELUXE I3S DRUMSELFCAST BS6,HF DELUXE I3S DRUMSELFCAST BS6,HF DELUXE,HF DELUXE
SPLENDOR PRO (DRUM SELF CAST),SPLENDOR PRO DRUM SELF CAST,SPLENDOR PRO,SPLENDOR PRO
SPLENDOR MOTOR CYCLE,SPLENDOR MOTOR CYCLE,SPLENDOR,SPLENDOR
CND DELUXE,CND DELUXE,HF DELUXE,HF DELUXE
PASSION XPRO BS3,PASSION XPRO BS3,PASSION PRO,PASSION PRO
PASSION PRO I3S-SELF-DRUM-CAST,PASSION PRO I3S-SELF-DRUM-CAST,PASSION PRO,PASSION PRO
PLEASURE DRUM SELE,PLEASURE DRUM SELE,PLEASURE,PLEASURE
PASSION+ I3S (DRS,PASSION I3S DRS,PASSION,PASSION
SUPER SPLENDOR DRAM CAST SELF,SUPER SPLENDOR DRAM CAST SELF,SPLENDOR,SPLENDOR
CBZ..,CBZ..,NOT FOUND,HERO OTHER
PASSION PLUS DRK CAST,PASSION PLUS DRK CAST,PASSION+,PASSION+
SPL PRO CW,SPL PRO CW,NOT FOUND,HERO OTHER
IGNITOR SELF CAST DISC,IGNITOR SELF CAST DISC,IGNITOR,IGNITOR
MAESTRO EDGE (CAST WHEEL) BSII,MAESTRO EDGE CAST WHEEL BSII,MAESTRO EDGE,MAESTRO EDGE
VIKRAM P 410,VIKRAM P 410,NOT FOUND,HERO OTHER
SPLENDOR+ (DRUM-CAST WHEELS) BSIII,SPLENDOR DRUM-CAST WHEELS BSIII,SPLENDOR,SPLENDOR
PASSION PRO DRUM KICK CAST,PASSION PRO DRUM KICK CAST,PASSION PRO,PASSION PRO
HF DELUXE CAST SELF,HF DELUXE CAST SELF,HF DELUXE,HF DELUXE
SPLENDOUR PRO,SPLENDOUR PRO,SPLENDOR PRO,SPLENDOR PRO
SPLENDOR+ (DRUM-CAST WHEELS) B,SPLENDOR DRUM-CAST WHEELS B,SPLENDOR,SPLENDOR
SPL PLUS,SPL PLUS,NOT FOUND,HERO OTHER
SPLENDOR PLUS A/W,SPLENDOR PLUS A/W,SPLENDOR+,SPLENDOR+
NYX HS 500ER BOV,NYX HS 500ER BOV,NOT FOUND,HERO OTHER
SPLENDOR + BS-III,SPLENDOR BS-III,SPLENDOR,SPLENDOR
SPLENDER PRO KICK  SPOKES,SPLENDER PRO KICK SPOKES,SPLENDOR PRO,SPLENDOR PRO
HF DELUXE (DRK),HF DELUXE DRK,HF DELUXE,HF DELUXE
VIKRAM 450,VIKRAM 450,NOT FOUND,HERO OTHER
PLASURE,PLASURE,PLEASURE,PLEASURE
MITSHUBISHI LANCER,MITSHUBISHI LANCER,NOT FOUND,HERO OTHER
SPLENDOR NXG ISMART,SPLENDOR NXG ISMART,SPLENDOR ISMART,SPLENDOR ISMART
HERO PASSION XPRO CS,HERO PASSION XPRO CS,PASSION PRO,PASSION PRO
VIKRAM LOADING,VIKRAM LOADING,NOT FOUND,HERO OTHER
SUPER SPLENDOR(DRUM-SELF-CAST,SUPER SPLENDOR DRUM-SELF-CAST,SPLENDOR,SPLENDOR
"HERO MOTOCORP LTD, PASSION XPRO BSIII(CAST SELF)",PASSION XPRO BSIII CAST SELF,PASSION PRO,PASSION PRO
H F DELUXE,H F DELUXE,HF DELUXE,HF DELUXE
PASSION PRO DRM SLF CST WHEEL,PASSION PRO DRM SLF CST WHEEL,PASSION PRO,PASSION PRO
HF DELUXE I3S (DRS),HF DELUXE I3S DRS,HF DELUXE,HF DELUXE
PASSION PRO I3S S DRUMCAST BS4,PASSION PRO I3S S DRUMCAST BS4,PASSION PRO,PASSION PRO
ACHIEVER CAST (DSS),ACHIEVER CAST DSS,ACHIEVER,ACHIEVER
HERO HONDA CBZ XTREME,CBZ XTREME,XTREME,XTREME
SPLENDOUR PLUS SCR,SPLENDOUR PLUS SCR,SPLENDOR+,SPLENDOR+
16,16,NOT FOUND,HERO OTHER
PASSION PRO (DRUM SELF CAST WH,PASSION PRO DRUM SELF CAST WH,PASSION PRO,PASSION PRO
SPLENDOR + (DISC),SPLENDOR DISC,SPLENDOR,SPLENDOR
SPLINDOR PLUS,SPLINDOR PLUS,SPLENDOR PLUS,SPLENDOR PLUS
PASSION XPRO DISK,PASSION XPRO DISK,PASSION PRO,PASSION PRO
PASSION PRO (DRUM-KICK CAST WH,PASSION PRO DRUM-KICK CAST WH,PASSION PRO,PASSION PRO
HUNK,HUNK,HUNK,HUNK
"HERO MOTOCORP LTD, H F DELUXE",H F DELUXE,HF DELUXE,HF DELUXE
SUPER SPLENDER SELF,SUPER SPLENDER SELF,SPLENDOR,SPLENDOR
"HERO MOTOCORP LTD, HFDELUXE(KICK-DR-CST)SS",HFDELUXE KICK-DR-CST SS,HF DELUXE,HF DELUXE
CD 100 DLX,CD 100 DLX,CD100,CD100
PASSION X PRO DRUM SLEF CAST,PASSION X PRO DRUM SLEF CAST,PASSION PRO,PASSION PRO
"HERO HONDA, HERO HONDA CD 100",CD 100,CD100,CD100
HERO HF DELUXE,HERO HF DELUXE,HF DELUXE,HF DELUXE
SPLENDOR  PRO SELF CAST,SPLENDOR PRO SELF CAST,SPLENDOR PRO,SPLENDOR PRO
SPLENDER PRO (DRUM SELF CAST W,SPLENDER PRO DRUM SELF CAST W,SPLENDOR PRO,SPLENDOR PRO
DUET (BOTTOM LINK) BSIV,DUET BOTTOM LINK BSIV,DUET,DUET
SPLENDOR NXG C,SPLENDOR NXG C,SPLENDOR NXG,SPLENDOR NXG
HERO HONDA PAP DRUM,PAP DRUM,PASSION,PASSION
XTREME 160R 4V-PREMIUM,XTREME 160R 4V-PREMIUM,XTREME 160R,XTREME 160R
PASSION XPRO CAST SELF,PASSION XPRO CAST SELF,PASSION PRO,PASSION PRO
NEW PLEASURE (PLN),NEW PLEASURE PLN,PLEASURE,PLEASURE
SPLENDOR PRO DRUM SELF CAST,SPLENDOR PRO DRUM SELF CAST,SPLENDOR PRO,SPLENDOR PRO
MAESTRO,MAESTRO,MAESTRO,MAESTRO
CBZ  XTREAM DSK,CBZ XTREAM DSK,NOT FOUND,HERO OTHER
XTREME- 200S ABS BSIV,XTREME- 200S ABS BSIV,XTREME 200S,XTREME 200S
"HERO MOTOCORP LTD, HERO PUCH",HERO PUCH,NOT FOUND,HERO OTHER
MAESTRO - DELUXE  BSIII,MAESTRO - DELUXE BSIII,HF DELUXE,HF DELUXE
CD DLX SPOKE,CD DLX SPOKE,CD,CD
"HERO MOTOCORP LTD, HF DELUXE (I3S-SELF-DRUM-CAST)",HF DELUXE I3S-SELF-DRUM-CAST,HF DELUXE,HF DELUXE
PAJERO SPORT  AT,PAJERO SPORT AT,NOT FOUND,HERO OTHER
"HERO HONDA MOTORS  LTD, PASSION PLUS (DRUM-CAST WHEELS",PASSION PLUS DRUM-CAST WHEELS,PASSION+,PASSION+
DUET BOTTOM LINK BS III,DUET BOTTOM LINK BS III,DUET,DUET
Splendor Plus Aloy,SPLENDOR PLUS ALOY,SPLENDOR+,SPLENDOR+
PASSION PRO SELF A/W,PASSION PRO SELF A/W,PASSION PRO,PASSION PRO
HERO SUPER SPLENDOUR,HERO SUPER SPLENDOUR,SPLENDOR,SPLENDOR
SUPER  SPELENDOR,SUPER SPELENDOR,SPLENDOR,SPLENDOR
XTREME 160R-DISC-DRUM-CAST,XTREME 160R-DISC-DRUM-CAST,CD,CD
SPL PRO GTR -DRUM SELF CAST,SPL PRO GTR -DRUM SELF CAST,CAST WHEELS,CAST WHEELS
HERO HONDA CBX DISC,CBX DISC,DISC,DISC
ECO DELUXE (SELF-DRUM-CAST,ECO DELUXE SELF-DRUM-CAST,HF DELUXE,HF DELUXE
DUET (TELESCOPIC FORK) BSIII,DUET TELESCOPIC FORK BSIII,DUET,DUET
SPLENDOR PLUS SPOKE,SPLENDOR PLUS SPOKE,SPLENDOR+,SPLENDOR+
SPLENDOR PLUS DRUM CAST WHEEL,SPLENDOR PLUS DRUM CAST WHEEL,SPLENDOR+,SPLENDOR+
HERO HONDA CD-DELUXE,CD-DELUXE,HF DELUXE,HF DELUXE
AMBASSADOR MOTOR CAR,AMBASSADOR MOTOR CAR,NOT FOUND,HERO OTHER
GLAMOUR DISC/SELF,GLAMOUR DISC/SELF,GLAMOUR DISC,GLAMOUR DISC
SPLENDER SMART,SPLENDER SMART,SPLENDOR,SPLENDOR
H.HONDA SPLENDOR PLUS DRK CAST,SPLENDOR PLUS DRK CAST,SPLENDOR+,SPLENDOR+
H/H.SPLENDOR,H/H.SPLENDOR,SPLENDOR,SPLENDOR
GLAMOUR-DRUM/SELF(CAST WHEEL),GLAMOUR-DRUM/SELF CAST WHEEL,GLAMOUR,GLAMOUR
GLAMOUR (GLRMDRSCCR),GLAMOUR GLRMDRSCCR,GLAMOUR,GLAMOUR
HF DELUXE DRC CCR,HF DELUXE DRC CCR,HF DELUXE,HF DELUXE
SPLENDER PRO SELF,SPLENDER PRO SELF,SPLENDOR PRO,SPLENDOR PRO
750D AUTORICKSHAW (6P+1D,750D AUTORICKSHAW 6P 1D,NOT FOUND,HERO OTHER
SPLENDER PRO A/W,SPLENDER PRO A/W,SPLENDOR PRO,SPLENDOR PRO
SPLENDOR PRO,SPLENDOR PRO,SPLENDOR PRO,SPLENDOR PRO
VIJAI PUSHPAK,VIJAI PUSHPAK,NOT FOUND,HERO OTHER
HERO SPLENDOR PRO MOTOR CYCLE,HERO SPLENDOR PRO MOTOR CYCLE,SPLENDOR PRO,SPLENDOR PRO
PLEASURE - IBS,PLEASURE - IBS,PLEASURE,PLEASURE
SUPER SPLENDOR-DS-SLF-CST SS,SUPER SPLENDOR-DS-SLF-CST SS,SPLENDOR,SPLENDOR
XTREME 160R DISCDISCCASTL2 BS6,XTREME 160R DISCDISCCASTL2 BS6,CD,CD
SPLENDOR PRO DRS CCR,SPLENDOR PRO DRS CCR,SPLENDOR PRO,SPLENDOR PRO
GLAMOUR(HE (DRUM-SELF-CAST,GLAMOUR HE DRUM-SELF-CAST,GLAMOUR,GLAMOUR
HERO HONDA ACHIEVER,ACHIEVER,ACHIEVER,ACHIEVER
GLAMOUR - (HE) (DRUM-SELF-CAST,GLAMOUR - HE DRUM-SELF-CAST,GLAMOUR,GLAMOUR
HFDELUXE(I3S-SLF-DR-CST)SS,HFDELUXE I3S-SLF-DR-CST SS,HF DELUXE,HF DELUXE
GLAMOUR ALLOY DRS,GLAMOUR ALLOY DRS,GLAMOUR,GLAMOUR
SPLENDOR+ DRM SLF CAST WHL BS3,SPLENDOR DRM SLF CAST WHL BS3,SPLENDOR,SPLENDOR
SPLENDOR+ DRUM (CAST WHEELS),SPLENDOR DRUM CAST WHEELS,SPLENDOR,SPLENDOR
SPL PRO SHELF,SPL PRO SHELF,NOT FOUND,HERO OTHER
HF DELUXE SELF START,HF DELUXE SELF START,HF DELUXE,HF DELUXE
SPLENDOR PLUS CAST SELF,SPLENDOR PLUS CAST SELF,SPLENDOR+,SPLENDOR+
CITY ZX VTEC MT BS3,CITY ZX VTEC MT BS3,NOT FOUND,HERO OTHER
SPLENDOR+ I3S (DRS),SPLENDOR I3S DRS,SPLENDOR,SPLENDOR
PAS X PRO,PAS X PRO,NOT FOUND,HERO OTHER
HF DLX CW,HF DLX CW,HF DELUXE,HF DELUXE
SUPER SPLENDOR XTEC DS,SUPER SPLENDOR XTEC DS,SPLENDOR+ XTEC,SPLENDOR+ XTEC
CD 100,CD 100,CD100,CD100
SPLENDER PLUS DRUM,SPLENDER PLUS DRUM,SPLENDOR+,SPLENDOR+
SPLENDOR NXG  L2 BSII,SPLENDOR NXG L2 BSII,SPLENDOR NXG,SPLENDOR NXG
HERO DUET VX,HERO DUET VX,DUET,DUET
CBZ FR DISC,CBZ FR DISC,DISC,DISC
HUNK DSS   CAST,HUNK DSS CAST,HUNK,HUNK
SPL PLUS SCR,SPL PLUS SCR,NOT FOUND,HERO OTHER
H.MAESTRO,H.MAESTRO,MAESTRO,MAESTRO
HF-DELUXE SPOKE WHEEL,HF-DELUXE SPOKE WHEEL,HF DELUXE,HF DELUXE
PASSION PRO (DRUM-SELF-CAST,PASSION PRO DRUM-SELF-CAST,PASSION PRO,PASSION PRO
SLENDER NXG,SLENDER NXG,SPLENDOR NXG,SPLENDOR NXG
SPLENDER PRO (DRUM SELF CAST WHEELS) BSIII,SPLENDER PRO DRUM SELF CAST WHEELS BSIII,SPLENDOR PRO,SPLENDOR PRO
PASSION PRO DRS NEW,PASSION PRO DRS NEW,PASSION PRO,PASSION PRO
SUPER SPLENDOR-DISC-SELF-CAST,SUPER SPLENDOR-DISC-SELF-CAST,SPLENDOR,SPLENDOR
"HERO HONDA, PASSION CAST",PASSION CAST,PASSION,PASSION
"""HF DELUXE""(I3S-SELF-DRUM-CAST) BSIV",HF DELUXE I3S-SELF-DRUM-CAST BSIV,HF DELUXE,HF DELUXE
PASSION XPRO (CAST DISC SELF),PASSION XPRO CAST DISC SELF,PASSION PRO,PASSION PRO
HF- DELUXE- (SELF-DRUM-CAST) B,HF- DELUXE- SELF-DRUM-CAST B,HF DELUXE,HF DELUXE
SPLENDOR PRO(DRUM KICK SPOKE,SPLENDOR PRO DRUM KICK SPOKE,SPLENDOR PRO,SPLENDOR PRO
SPLENDOR  PLUS,SPLENDOR PLUS,SPLENDOR+,SPLENDOR+
HF-DELUXE SELF -CAST WHEELS,HF-DELUXE SELF -CAST WHEELS,HF DELUXE,HF DELUXE
M/CYCLE,M/CYCLE,NOT FOUND,HERO OTHER
MAESTRO - DELUXE,MAESTRO - DELUXE,HF DELUXE,HF DELUXE
GLAMOUR DRM,GLAMOUR DRM,GLAMOUR,GLAMOUR
DUET ( BOTTOM LINK ) BSIV,DUET BOTTOM LINK BSIV,DUET,DUET
HF DELUXE ES,HF DELUXE ES,HF DELUXE,HF DELUXE
SPLENDOR DRUM (CAST WHEELS),SPLENDOR DRUM CAST WHEELS,SPLENDOR,SPLENDOR
CD DELUXE ,CD DELUXE,HF DELUXE,HF DELUXE
"HERO HONDA MOTORS  LTD, NA",NA,NOT FOUND,HERO OTHER
GLAMOUR(HE) (DRUM-SELF-CAST),GLAMOUR HE DRUM-SELF-CAST,GLAMOUR,GLAMOUR
HF DELUXE SELF CAST WHEELS,HF DELUXE SELF CAST WHEELS,HF DELUXE,HF DELUXE
"HERO MOTOCORP LTD, SPLENDOR PLUS",SPLENDOR PLUS,SPLENDOR+,SPLENDOR+
KARIZMA S/START M/CYCLE,KARIZMA S/START M/CYCLE,KARIZMA,KARIZMA
PASSION  PLUS,PASSION PLUS,PASSION+,PASSION+
H.HONDA SPLENDOR PRO DRS CAST,SPLENDOR PRO DRS CAST,SPLENDOR PRO,SPLENDOR PRO
HERO HONDA CD 100 SS,CD 100 SS,CD100,CD100
HFDELUXE(SLF-DR-CSTSS,HFDELUXE SLF-DR-CSTSS,HF DELUXE,HF DELUXE
PASSION PLUS (DRUM-CAST WHEELS,PASSION PLUS DRUM-CAST WHEELS,PASSION+,PASSION+
HERO HONDA CD DWAN,CD DWAN,CD,CD
SPLENDOR PRO9  BSIII DRUM/CAST,SPLENDOR PRO9 BSIII DRUM/CAST,SPLENDOR PRO,SPLENDOR PRO
CND3 DELUXE CAST,CND3 DELUXE CAST,HF DELUXE,HF DELUXE
VIKRAM 510 CLASSIC,VIKRAM 510 CLASSIC,NOT FOUND,HERO OTHER
HERO HONDA SPL. PLUS,SPL. PLUS,NOT FOUND,HERO OTHER
HERO HF DELUXE DRS CCR PBK,HERO HF DELUXE DRS CCR PBK,HF DELUXE,HF DELUXE
HER GLAMOUR,HER GLAMOUR,GLAMOUR,GLAMOUR
"""HF DELUXE""(I3S-SELF-DRUM-CAST",HF DELUXE I3S-SELF-DRUM-CAST,HF DELUXE,HF DELUXE
SPLENDOR + BLACK AND ACCENT,SPLENDOR BLACK AND ACCENT,SPLENDOR,SPLENDOR
PASSION PRO CAST,PASSION PRO CAST,PASSION PRO,PASSION PRO
SPLENDOR PLUS DRK,SPLENDOR PLUS DRK,SPLENDOR+,SPLENDOR+
PHOTON LP BOV,PHOTON LP BOV,NOT FOUND,HERO OTHER
HF DELUXE ECO,HF DELUXE ECO,HF DELUXE,HF DELUXE
H.HONDA CD DAWN DELUX,CD DAWN DELUX,HF DELUXE,HF DELUXE
PASSON PRO (DRUM-SELF SPOKE WH,PASSON PRO DRUM-SELF SPOKE WH,SPOKE,SPOKE
HF DELUXE-BLK-I3S-SELFDRUMCAST,HF DELUXE-BLK-I3S-SELFDRUMCAST,HF DELUXE,HF DELUXE
H.HONDA SPLENDOR PLUS ALLOY,SPLENDOR PLUS ALLOY,SPLENDOR+,SPLENDOR+
HERO HONDA SUP SPLINDER125,SUP SPLINDER125,NOT FOUND,HERO OTHER
PAJERO SPORTS (CBU),PAJERO SPORTS CBU,NOT FOUND,HERO OTHER
"HERO MOTOCORP LTD, HF DELUXE (SELF-DRUM-CAST)",HF DELUXE SELF-DRUM-CAST,HF DELUXE,HF DELUXE
CD DELUX,CD DELUX,HF DELUXE,HF DELUXE
SPL +,SPL,NOT FOUND,HERO OTHER
HERO PUCH AG HERO MOTORS,HERO PUCH AG HERO MOTORS,NOT FOUND,HERO OTHER
SPLENDOR PRO DRS BSIII,SPLENDOR PRO DRS BSIII,SPLENDOR PRO,SPLENDOR PRO
PLEASURE + (ZX+),PLEASURE ZX,PLEASURE,PLEASURE
HF 100 (DRK),HF 100 DRK,HF DELUXE,HF DELUXE
CD DELUXE CAST WHEEL,CD DELUXE CAST WHEEL,HF DELUXE,HF DELUXE
HF DELUXE(DRK),HF DELUXE DRK,HF DELUXE,HF DELUXE
HERO HONDA PASSION +,PASSION,PASSION,PASSION
HERO HONDA DAWN,DAWN,NOT FOUND,HERO OTHER
SLPENDOR ISMART+110 DSC L2 BS4,SLPENDOR ISMART 110 DSC L2 BS4,SMART,SMART
HF DAWN,HF DAWN,HF DELUXE,HF DELUXE
KARIZMA BKC DSS,KARIZMA BKC DSS,KARIZMA,KARIZMA
VIKRAM 450 D/S,VIKRAM 450 D/S,NOT FOUND,HERO OTHER
OPTIMA CX,OPTIMA CX,OPTIMA,OPTIMA
PASSION XPRO CAST DISC SELF,PASSION XPRO CAST DISC SELF,PASSION PRO,PASSION PRO
PASSION PRO (DRUM SELF - CAST,PASSION PRO DRUM SELF - CAST,PASSION PRO,PASSION PRO
HF-DELUX-SPOKE WHEELS,HF-DELUX-SPOKE WHEELS,HF DELUXE,HF DELUXE
SPLEENDOR ISMART,SPLEENDOR ISMART,SMART,SMART
GLAMOUR DISC SELF CAST WHEEL B,GLAMOUR DISC SELF CAST WHEEL B,GLAMOUR DISC,GLAMOUR DISC
GLAMOUR (HE (DRUM-SELF-CAST,GLAMOUR HE DRUM-SELF-CAST,GLAMOUR,GLAMOUR
GLAMOUR- DRUM/SELF (WITH CAST WHEEL) BSIV,GLAMOUR- DRUM/SELF WITH CAST WHEEL BSIV,GLAMOUR,GLAMOUR
SPLENDOR PRO DRK CAST,SPLENDOR PRO DRK CAST,SPLENDOR PRO,SPLENDOR PRO
HERO HONDA SLEEK,SLEEK,NOT FOUND,HERO OTHER
XTREME SPORTS-REAR DISC BRAKE,XTREME SPORTS-REAR DISC BRAKE,XTREME,XTREME
MAESTRO EDGE (CAST WHEEL,MAESTRO EDGE CAST WHEEL,MAESTRO EDGE,MAESTRO EDGE
GLAMOUR - (HE (DRUM-SELF-CAST,GLAMOUR - HE DRUM-SELF-CAST,GLAMOUR,GLAMOUR
CD DELUXE 100 CC.,CD DELUXE 100 CC.,HF DELUXE,HF DELUXE
PASSION PLUS MMC DRK CAST,PASSION PLUS MMC DRK CAST,PASSION+,PASSION+
PASSION PRO (DRUM-KICK CAST WHEELS),PASSION PRO DRUM-KICK CAST WHEELS,PASSION PRO,PASSION PRO
OPTIMA HS 500 ER BOV,OPTIMA HS 500 ER BOV,OPTIMA,OPTIMA
SPLENDOR PRO (DRS) CCR,SPLENDOR PRO DRS CCR,SPLENDOR PRO,SPLENDOR PRO
PLEASURE DRUM SELF,PLEASURE DRUM SELF,PLEASURE,PLEASURE
GLAMOUR DISCSELFCASTL2 BS6,GLAMOUR DISCSELFCASTL2 BS6,GLAMOUR DISC,GLAMOUR DISC
MINI METRO 2 S E RICKSHAW,MINI METRO 2 S E RICKSHAW,NOT FOUND,HERO OTHER
SPL ALY SELF,SPL ALY SELF,SELF,SELF
HF DELUX  BS III,HF DELUX BS III,HF DELUXE,HF DELUXE
C D DELUX,C D DELUX,HF DELUXE,HF DELUXE
MAESTRO- EDGE,MAESTRO- EDGE,MAESTRO EDGE,MAESTRO EDGE
GLAMOUR DRUM SELF,GLAMOUR DRUM SELF,GLAMOUR,GLAMOUR
SPLENDOR DLX,SPLENDOR DLX,SPLENDOR,SPLENDOR
HEROHONDA PLEASURE,HEROHONDA PLEASURE,PLEASURE,PLEASURE
SPLENDER PLUS CCR,SPLENDER PLUS CCR,SPLENDOR+,SPLENDOR+
PASSION X-PRO 110 (DRUM-SELF-C,PASSION X-PRO 110 DRUM-SELF-C,PASSION PRO,PASSION PRO
HF100,HF100,HF DELUXE,HF DELUXE
SPLENDOR XTEC,SPLENDOR XTEC,SPLENDOR+ XTEC,SPLENDOR+ XTEC
IGNATOR,IGNATOR,IGNITOR,IGNITOR
HERO HOND A CD,HERO HOND A CD,CD,CD
SUPER SPLENDER DISC SELF,SUPER SPLENDER DISC SELF,SPLENDOR,SPLENDOR
SUPER SPLENDOR DR BLACK&ACCENT,SUPER SPLENDOR DR BLACK ACCENT,SPLENDOR,SPLENDOR
SUPER SPLENDER DRS,SUPER SPLENDER DRS,SPLENDOR,SPLENDOR
SPLENDOR PLUS (HERO HONDA),SPLENDOR PLUS,SPLENDOR+,SPLENDOR+
CD-100,CD-100,CD100,CD100
GLAMOUR FI DRUM/KICK,GLAMOUR FI DRUM/KICK,GLAMOUR,GLAMOUR
H.SPLENDOR PLUS,H.SPLENDOR PLUS,SPLENDOR+,SPLENDOR+
VIKARAM 750D,VIKARAM 750D,NOT FOUND,HERO OTHER
CITY EXI MT,CITY EXI MT,NOT FOUND,HERO OTHER
H.F.DLX,H.F.DLX,NOT FOUND,HERO OTHER
DUET (TELESCOPIC FORK,DUET TELESCOPIC FORK,DUET,DUET
CBZ SELF,CBZ SELF,SELF,SELF
"GLAMOUR,  BS-III",GLAMOUR BS-III,GLAMOUR,GLAMOUR
HERO PASSION PRO DRUM SELFCA,HERO PASSION PRO DRUM SELFCA,PASSION PRO,PASSION PRO
"HERO HONDA MOTORS  LTD, PASSION PLUS DRK (CAST)",PASSION PLUS DRK CAST,PASSION+,PASSION+
SPLENDOR PRO CAST SS,SPLENDOR PRO CAST SS,SPLENDOR PRO,SPLENDOR PRO
X-TREME(ESREARDRUMBRAKE(ELECS,X-TREME ESREARDRUMBRAKE ELECS,XTREME,XTREME
H/H SPLENDOR PLUS,H/H SPLENDOR PLUS,SPLENDOR+,SPLENDOR+
GLAMOUR FI CAST DISC SELF,GLAMOUR FI CAST DISC SELF,GLAMOUR DISC,GLAMOUR DISC
SPLENDER I SMART110 DRM SLFCST,SPLENDER I SMART110 DRM SLFCST,SPLENDOR ISMART,SPLENDOR ISMART
HUNK ES,HUNK ES,HUNK,HUNK
H/ HONDA PASSION PLUS,H/ HONDA PASSION PLUS,PASSION+,PASSION+
IGNITOR SELF CAST DRUM BS III,IGNITOR SELF CAST DRUM BS III,IGNITOR,IGNITOR
HERO SHAKTI 3G,HERO SHAKTI 3G,NOT FOUND,HERO OTHER
HERO HONDA MOTOR CYCLE,MOTOR CYCLE,NOT FOUND,HERO OTHER
PASSION PRO 110 (DRUM-SELF-CAS,PASSION PRO 110 DRUM-SELF-CAS,PASSION PRO,PASSION PRO
HERO HONDA CD-DAWN-1 (BS-II),CD-DAWN-1 BS-II,CD DAWN,CD DAWN
MITSUBUSHI   OUTLANDER 2.4,MITSUBUSHI OUTLANDER 2.4,NOT FOUND,HERO OTHER
GLAMOUR CAST DRS,GLAMOUR CAST DRS,GLAMOUR,GLAMOUR
GLAMOUR DISC SELF BSIII,GLAMOUR DISC SELF BSIII,GLAMOUR DISC,GLAMOUR DISC
CBZ XTREME  BS III,CBZ XTREME BS III,XTREME,XTREME
AMBITION DRUM,AMBITION DRUM,DRUM,DRUM
SPLENDOR PLUS DRUM KICK SPOKE,SPLENDOR PLUS DRUM KICK SPOKE,SPLENDOR+,SPLENDOR+
GLAMOUR DRUM,GLAMOUR DRUM,GLAMOUR,GLAMOUR
SPLENDOR+ (SELF-DRUM-CAST),SPLENDOR SELF-DRUM-CAST,SPLENDOR,SPLENDOR
GLAMOUR- XTEC-DRUM-SELF-CAST B,GLAMOUR- XTEC-DRUM-SELF-CAST B,GLAMOUR XTEC,GLAMOUR XTEC
MAESTRO EDGE125(DISC-CAST),MAESTRO EDGE125 DISC-CAST,MAESTRO EDGE,MAESTRO EDGE
CBZ XTREME REAR DSS CAST,CBZ XTREME REAR DSS CAST,XTREME,XTREME
PLEASURE+(VX) BSVI,PLEASURE VX BSVI,PLEASURE,PLEASURE
PLEASURE IBS DRUM SELF CAST BS,PLEASURE IBS DRUM SELF CAST BS,PLEASURE,PLEASURE
X PULSE 200 BSVI,X PULSE 200 BSVI,NOT FOUND,HERO OTHER
MAESTRO EDGE CAST WHEEL,MAESTRO EDGE CAST WHEEL,MAESTRO EDGE,MAESTRO EDGE
GLAMOUR DRS,GLAMOUR DRS,GLAMOUR,GLAMOUR
HF DELUX DRUM KIK CAST,HF DELUX DRUM KIK CAST,HF DELUXE,HF DELUXE
PASSION PRO(DRUM-SELF SPOKE WHEELS),PASSION PRO DRUM-SELF SPOKE WHEELS,PASSION PRO,PASSION PRO
PASSION PLUS DRUM(CAST WHEELS),PASSION PLUS DRUM CAST WHEELS,PASSION+,PASSION+
TVS XL SUPER HD,TVS XL SUPER HD,NOT FOUND,HERO OTHER
NYX CX ER,NYX CX ER,NOT FOUND,HERO OTHER
SANTRO LE,SANTRO LE,NOT FOUND,HERO OTHER
CD DAWN,CD DAWN,CD DAWN,CD DAWN
SPLENDER PLUS CAST WHEEL,SPLENDER PLUS CAST WHEEL,SPLENDOR+,SPLENDOR+
SPLENDOR PLUS ALLOY WHEEL,SPLENDOR PLUS ALLOY WHEEL,SPLENDOR+,SPLENDOR+
PASSION PRO(DISKSLF CASTWHEEL),PASSION PRO DISKSLF CASTWHEEL,PASSION PRO,PASSION PRO
SPLENDOR PLUS KICK CAST,SPLENDOR PLUS KICK CAST,SPLENDOR+,SPLENDOR+
PASSION X-PRO110 (DISC-SELF-CA,PASSION X-PRO110 DISC-SELF-CA,PASSION PRO,PASSION PRO
"HERO MOTOCORP LTD, HERO HONDA CD 100",CD 100,CD100,CD100
CD DELUX SELF,CD DELUX SELF,HF DELUXE,HF DELUXE
"HERO HONDA MOTORS  LTD, CD DELUXE",CD DELUXE,HF DELUXE,HF DELUXE
HF DELUX SELFDRUMCAST BS4,HF DELUX SELFDRUMCAST BS4,HF DELUXE,HF DELUXE
CD DELUX ALLOY,CD DELUX ALLOY,HF DELUXE,HF DELUXE
HF DELUXE POWER START,HF DELUXE POWER START,HF DELUXE,HF DELUXE
H.F. DELUXE,H.F. DELUXE,HF DELUXE,HF DELUXE
XTREME,XTREME,XTREME,XTREME
VIKRAM 450 DIESEL (H),VIKRAM 450 DIESEL H,NOT FOUND,HERO OTHER
CD-DELUXE SELF,CD-DELUXE SELF,HF DELUXE,HF DELUXE
SPLENDOR ISMART CAST,SPLENDOR ISMART CAST,SPLENDOR ISMART,SPLENDOR ISMART
VIKRAM 1500CG AUTORIKSHAW,VIKRAM 1500CG AUTORIKSHAW,NOT FOUND,HERO OTHER
PLEASURE IBSCASTDRUMSELF BSIV,PLEASURE IBSCASTDRUMSELF BSIV,PLEASURE,PLEASURE
HF-DELUXE ECO SELF-CAST WHEELS,HF-DELUXE ECO SELF-CAST WHEELS,HF DELUXE,HF DELUXE
HERO SPLENDOR I SMART 110 BSIV,HERO SPLENDOR I SMART 110 BSIV,SPLENDOR ISMART,SPLENDOR ISMART
HERO HONDA MCY,MCY,NOT FOUND,HERO OTHER
PLEASURE-110 (CAST WHEEL) BSIV,PLEASURE-110 CAST WHEEL BSIV,PLEASURE,PLEASURE
PASSION PRO I 3S,PASSION PRO I 3S,PASSION PRO,PASSION PRO
X PULSE 200 4V,X PULSE 200 4V,NOT FOUND,HERO OTHER
SUPSPL,SUPSPL,NOT FOUND,HERO OTHER
GLAMOUR-DISC-SELF-CAST,GLAMOUR-DISC-SELF-CAST,GLAMOUR DISC,GLAMOUR DISC
SPLENDOR PRO DRUM SELF CAST WH,SPLENDOR PRO DRUM SELF CAST WH,SPLENDOR PRO,SPLENDOR PRO
PASSION PLUS CAST,PASSION PLUS CAST,PASSION+,PASSION+
SPELENDOR PRO CLASSIS,SPELENDOR PRO CLASSIS,SPLENDOR PRO,SPLENDOR PRO
WAGON R R VXI,WAGON R R VXI,NOT FOUND,HERO OTHER
SPLENDRA PRO,SPLENDRA PRO,SPLENDOR PRO,SPLENDOR PRO
GLAMOUR FI (DISC/KICK),GLAMOUR FI DISC/KICK,GLAMOUR DISC,GLAMOUR DISC
Hero Honda Splendor Plus,SPLENDOR PLUS,SPLENDOR+,SPLENDOR+
XTREME DSS CAST,XTREME DSS CAST,XTREME,XTREME
HERO HONDA CD DLX,CD DLX,CD,CD
HERO HF DELUXE DRS CCR,HERO HF DELUXE DRS CCR,HF DELUXE,HF DELUXE
"HERO HONDA MOTORS  LTD, HERO HONDA CD100 SS",CD100 SS,CD100,CD100
"""SPLENDOR+""(I3S-SELF-DRUM-CAST",SPLENDOR I3S-SELF-DRUM-CAST,SPLENDOR,SPLENDOR
PASSION PRO DRUM SELFCASTWHEEL,PASSION PRO DRUM SELFCASTWHEEL,PASSION PRO,PASSION PRO
"HERO HONDA MOTORS  LTD, SPLENDOR PLUS CCR",SPLENDOR PLUS CCR,SPLENDOR+,SPLENDOR+
SPL PRO DRS CAST,SPL PRO DRS CAST,CAST,CAST
CD DELUXE  SELF SPOKES,CD DELUXE SELF SPOKES,HF DELUXE,HF DELUXE
"SUPER SPLENDOR, BS-III",SUPER SPLENDOR BS-III,SPLENDOR,SPLENDOR
IGNITOR SELF CAST DRUM,IGNITOR SELF CAST DRUM,IGNITOR,IGNITOR
PALIO 1.9 ELX,PALIO 1.9 ELX,NOT FOUND,HERO OTHER
"HERO MOTOCORP LTD, CBZ  XTREME DSS CAST",CBZ XTREME DSS CAST,XTREME,XTREME
SPLENDOR+ XTEC (DRS,SPLENDOR XTEC DRS,SPLENDOR+ XTEC,SPLENDOR+ XTEC
SPLENDOR PRO (SELF-DRUM-CAST),SPLENDOR PRO SELF-DRUM-CAST,SPLENDOR PRO,SPLENDOR PRO
DESTINI 125 PLATINUM EDITION,DESTINI 125 PLATINUM EDITION,DESTINI,DESTINI
HF-DELUXE - CAST WHEELS,HF-DELUXE - CAST WHEELS,HF DELUXE,HF DELUXE
MAESTRO DLX,MAESTRO DLX,MAESTRO,MAESTRO
XTREME SPORTS ES BSIII,XTREME SPORTS ES BSIII,XTREME,XTREME
SPLENDOR PLUS DMR,SPLENDOR PLUS DMR,SPLENDOR+,SPLENDOR+
"HERO HONDA MOTORS  LTD, SPLENDOR PLUS SPOKE WHEEL",SPLENDOR PLUS SPOKE WHEEL,SPLENDOR+,SPLENDOR+
PLEASURE BSIII,PLEASURE BSIII,PLEASURE,PLEASURE
HF DELUXE (I3S-SELF-DRUM-CAST,HF DELUXE I3S-SELF-DRUM-CAST,HF DELUXE,HF DELUXE
C D DLX,C D DLX,NOT FOUND,HERO OTHER
SAPLENDOR PRO,SAPLENDOR PRO,SPLENDOR PRO,SPLENDOR PRO
SPL PLUS DRUM,SPL PLUS DRUM,DRUM,DRUM
VIKRAM 1500 CNG,VIKRAM 1500 CNG,NOT FOUND,HERO OTHER
HERO HF DELUXE (N) DRS CCR,HERO HF DELUXE N DRS CCR,HF DELUXE,HF DELUXE
HERO HONDA SPLENDOR PLUS CAST,SPLENDOR PLUS CAST,SPLENDOR+,SPLENDOR+
CD DELUXE DRS CAST,CD DELUXE DRS CAST,HF DELUXE,HF DELUXE
"GLAMOUR CAST DRS, BS-III",GLAMOUR CAST DRS BS-III,GLAMOUR,GLAMOUR
XTREME 160R-DISC-DISC-CAST,XTREME 160R-DISC-DISC-CAST,CD,CD
Hero Honda CD 100 SS,CD 100 SS,CD100,CD100
CBZ X TREME DSS,CBZ X TREME DSS,NOT FOUND,HERO OTHER
"HERO HONDA MOTORS  LTD, PLEASURE",PLEASURE,PLEASURE,PLEASURE
68....,68....,NOT FOUND,HERO OTHER
DESTINI 125 (VX),DESTINI 125 VX,DESTINI,DESTINI
HERO PASSION XPRO CAST DISC,HERO PASSION XPRO CAST DISC,PASSION PRO,PASSION PRO
H.F DELUXE,H.F DELUXE,HF DELUXE,HF DELUXE
PASSION PRO DRS CAST,PASSION PRO DRS CAST,PASSION PRO,PASSION PRO
GLAMOUR-DISC-SELF- CAST BSVI,GLAMOUR-DISC-SELF- CAST BSVI,GLAMOUR DISC,GLAMOUR DISC
KC (SPLENDOR),KC SPLENDOR,SPLENDOR,SPLENDOR
PASSION PRO ( CCR),PASSION PRO CCR,PASSION PRO,PASSION PRO
SPLENDOR+ DISC (CAST WHEELS),SPLENDOR DISC CAST WHEELS,SPLENDOR,SPLENDOR
GLAMOUR FI BSS,GLAMOUR FI BSS,GLAMOUR,GLAMOUR
SPLINDOR PRO DRS,SPLINDOR PRO DRS,NOT FOUND,HERO OTHER
CBZ XTREME DSS CAST,CBZ XTREME DSS CAST,XTREME,XTREME
GLAMOUR-DRUM/SELF(WITHCASTWHEELS)BSII,GLAMOUR-DRUM/SELF WITHCASTWHEELS BSII,GLAMOUR,GLAMOUR
"HERO HONDA MOTORS  LTD, SUPER SPLENDER",SUPER SPLENDER,SPLENDOR,SPLENDOR
"HERO HONDA MOTORS  LTD, SPLENDER PLUS",SPLENDER PLUS,SPLENDOR+,SPLENDOR+
XTREME REAR DISC BRAKE ES BS,XTREME REAR DISC BRAKE ES BS,XTREME,XTREME
CD 100SS,CD 100SS,CD100,CD100
CBZ  X TREME/DSS,CBZ X TREME/DSS,NOT FOUND,HERO OTHER
SPELENDOR PLUS,SPELENDOR PLUS,SPLENDOR+,SPLENDOR+
HERO HONDA DLX,DLX,NOT FOUND,HERO OTHER
HH CD100SS,HH CD100SS,CD100,CD100
PASSION  X-PRO,PASSION X-PRO,PASSION PRO,PASSION PRO
DLX ALLOY & SELF,DLX ALLOY SELF,SELF,SELF
"HERO MOTOCORP LTD, GLAMOUR FI",GLAMOUR FI,GLAMOUR,GLAMOUR
SPLENDOR PLUS DRUM EURO II,SPLENDOR PLUS DRUM EURO II,SPLENDOR+,SPLENDOR+
SPLENDOR+ KICKDRUMCAST BS4,SPLENDOR KICKDRUMCAST BS4,SPLENDOR,SPLENDOR
SPLND NXG,SPLND NXG,SPLENDOR NXG,SPLENDOR NXG
SPLENDOR PLUS ALLOY CAST,SPLENDOR PLUS ALLOY CAST,SPLENDOR+,SPLENDOR+
MAESTRO EDGE125 (DRUM-CAST,MAESTRO EDGE125 DRUM-CAST,MAESTRO EDGE,MAESTRO EDGE
SPL PLUS AW,SPL PLUS AW,NOT FOUND,HERO OTHER
SPLENDOR I-SMART 110,SPLENDOR I-SMART 110,SPLENDOR ISMART,SPLENDOR ISMART
GLAMOUR DISC&SELF START,GLAMOUR DISC SELF START,GLAMOUR DISC,GLAMOUR DISC
SPLENDRO NXG,SPLENDRO NXG,SPLENDOR NXG,SPLENDOR NXG
"""SPLENDOR+""(SELF-DRUM-CAST BS",SPLENDOR SELF-DRUM-CAST BS,SPLENDOR,SPLENDOR
KARIZMA MMC,KARIZMA MMC,KARIZMA,KARIZMA
PASSION PRO TR BSIII,PASSION PRO TR BSIII,PASSION PRO,PASSION PRO
SPLENDOR+ (SELF-DR-CSTSS,SPLENDOR SELF-DR-CSTSS,SPLENDOR,SPLENDOR
"HERO MOTOCORP LTD, PASSION XPRO",PASSION XPRO,PASSION PRO,PASSION PRO
MAESTRO EDGE SHEET METLWHL BS3,MAESTRO EDGE SHEET METLWHL BS3,MAESTRO EDGE,MAESTRO EDGE
SPLENDER M/CYCLE,SPLENDER M/CYCLE,SPLENDOR,SPLENDOR
MAESTRO EDGE (ZX) BSVI,MAESTRO EDGE ZX BSVI,MAESTRO EDGE,MAESTRO EDGE
HF DELUXE DRMSLF ALL BLK BSIV,HF DELUXE DRMSLF ALL BLK BSIV,HF DELUXE,HF DELUXE
CIVIC 1.8 S MT,CIVIC 1.8 S MT,NOT FOUND,HERO OTHER
PASSION PRO DISC,PASSION PRO DISC,PASSION PRO,PASSION PRO
HERO SHAKTI 2G,HERO SHAKTI 2G,NOT FOUND,HERO OTHER
PASSION.PRO,PASSION.PRO,PASSION PRO,PASSION PRO
PASSON PRO (DRUM-SELF SPOKE WHEELS)BSIII,PASSON PRO DRUM-SELF SPOKE WHEELS BSIII,SPOKE WHEELS,SPOKE WHEELS
HF DLX DRS CAST,HF DLX DRS CAST,HF DELUXE,HF DELUXE
MAESTRO DELUXE,MAESTRO DELUXE,HF DELUXE,HF DELUXE
HERO HONDA CD-DELUXE WITH SPOK,CD-DELUXE WITH SPOK,HF DELUXE,HF DELUXE
PASSION PRO DRUM SEIL CAST WHE,PASSION PRO DRUM SEIL CAST WHE,PASSION PRO,PASSION PRO
DUET (TELESCOPIC FORK) BSIV,DUET TELESCOPIC FORK BSIV,DUET,DUET
C.B.Z STAR MOTOR CYCLE,C.B.Z STAR MOTOR CYCLE,NOT FOUND,HERO OTHER
SPLENDER PRO,SPLENDER PRO,SPLENDOR PRO,SPLENDOR PRO
HERO AUTOMATIC,HERO AUTOMATIC,NOT FOUND,HERO OTHER
CD DLX CCR SELF,CD DLX CCR SELF,CD,CD
PASSION PRO(DRM-SLF SPOKWHEEL),PASSION PRO DRM-SLF SPOKWHEEL,PASSION PRO,PASSION PRO
PASSION +,PASSION,PASSION,PASSION
CBZ/XTEME,CBZ/XTEME,NOT FOUND,HERO OTHER
SUPER SPL DRS CAST,SUPER SPL DRS CAST,CAST,CAST
HF DELUX ECO,HF DELUX ECO,HF DELUXE,HF DELUXE
H.HONDA SPLENDOR PRO DRK CAST,SPLENDOR PRO DRK CAST,SPLENDOR PRO,SPLENDOR PRO
SPLENDOR PLUS BSIII MAC,SPLENDOR PLUS BSIII MAC,SPLENDOR+,SPLENDOR+
HERO HONDA SUPER SPLENDOR,SUPER SPLENDOR,SPLENDOR,SPLENDOR
SPLENDOR ISMART DRS CAST,SPLENDOR ISMART DRS CAST,SPLENDOR ISMART,SPLENDOR ISMART
PASSION PRO (DRUM-KICK SPOKE W,PASSION PRO DRUM-KICK SPOKE W,PASSION PRO,PASSION PRO
HERO HONDA GLAMOUR,GLAMOUR,GLAMOUR,GLAMOUR
DUET VX CANDY BLAZING,DUET VX CANDY BLAZING,DUET,DUET
"HERO MOTOCORP LTD, SPLENDOR PRO",SPLENDOR PRO,SPLENDOR PRO,SPLENDOR PRO
GLAMOUR-DISC/SELF (CAST WHEEL),GLAMOUR-DISC/SELF CAST WHEEL,GLAMOUR DISC,GLAMOUR DISC
CD-100SS-DLX,CD-100SS-DLX,CD100,CD100
SPL PRO CAST SELF,SPL PRO CAST SELF,SELF,SELF
SPLENDOR ISMART+ 110 (DSC,SPLENDOR ISMART 110 DSC,SPLENDOR ISMART,SPLENDOR ISMART
KARIZMA BSIII,KARIZMA BSIII,KARIZMA,KARIZMA
HONDA  CITY 1.5 GXI,HONDA CITY 1.5 GXI,NOT FOUND,HERO OTHER
"HERO HONDA MOTORS  LTD, CD DLX",CD DLX,CD,CD
HFDELUXEI3SSELFDRUMCASTBSIV,HFDELUXEI3SSELFDRUMCASTBSIV,HF DELUXE,HF DELUXE
GLAMOUR ALLOY,GLAMOUR ALLOY,GLAMOUR,GLAMOUR
SPLENDOR PRO DRUM KICK CAST WH,SPLENDOR PRO DRUM KICK CAST WH,SPLENDOR PRO,SPLENDOR PRO
CD DELUXE ALLOY CAST,CD DELUXE ALLOY CAST,HF DELUXE,HF DELUXE
"HERO MOTOCORP LTD, HF DELUXE CAST SELF",HF DELUXE CAST SELF,HF DELUXE,HF DELUXE
DUET TELESCOPIC FORK BSIV,DUET TELESCOPIC FORK BSIV,DUET,DUET
CD DELUX (SELF- CAST WHEELS),CD DELUX SELF- CAST WHEELS,HF DELUXE,HF DELUXE
SPLENDOR+ (DRS,SPLENDOR DRS,SPLENDOR,SPLENDOR
MAESTRO EDGE - CAST WHEEL BSII,MAESTRO EDGE - CAST WHEEL BSII,MAESTRO EDGE,MAESTRO EDGE
GLAMOUR - DRUM/SELF BSIII,GLAMOUR - DRUM/SELF BSIII,GLAMOUR,GLAMOUR
CD DLX SW,CD DLX SW,CD,CD
SUPER SPLENDOR  (DISC - SELF),SUPER SPLENDOR DISC - SELF,SPLENDOR,SPLENDOR
CD-DELUX SELF SPOKE WHEELS,CD-DELUX SELF SPOKE WHEELS,HF DELUXE,HF DELUXE
CITY ZX EXI MT BSIII,CITY ZX EXI MT BSIII,NOT FOUND,HERO OTHER
MAESTRO EDGE (ZX),MAESTRO EDGE ZX,MAESTRO EDGE,MAESTRO EDGE
CD100,CD100,CD100,CD100
HF DELUXE SELF SPOKE WHEELS,HF DELUXE SELF SPOKE WHEELS,HF DELUXE,HF DELUXE
GLAMOUR DISK SELF FI CAST,GLAMOUR DISK SELF FI CAST,GLAMOUR,GLAMOUR
PASSION X PRO DRS CCR,PASSION X PRO DRS CCR,PASSION PRO,PASSION PRO
HERO MAJESTIC,HERO MAJESTIC,NOT FOUND,HERO OTHER
PSN-PRO DRS CCR,PSN-PRO DRS CCR,NOT FOUND,HERO OTHER
"""PASSION PRO""(I3S-SELF-DRUM-CAST) BSIV",PASSION PRO I3S-SELF-DRUM-CAST BSIV,PASSION PRO,PASSION PRO
68...,68...,NOT FOUND,HERO OTHER
HERO HONDA CD  DAWN,CD DAWN,CD DAWN,CD DAWN
SPLENDOR  NXG,SPLENDOR NXG,SPLENDOR NXG,SPLENDOR NXG
C B  Z   XTREME,C B Z XTREME,XTREME,XTREME
GLAMOUR D S W C WHEEL BSIV,GLAMOUR D S W C WHEEL BSIV,GLAMOUR,GLAMOUR
SPLENDER PRO (DRUM KICK CAST W,SPLENDER PRO DRUM KICK CAST W,SPLENDOR PRO,SPLENDOR PRO
HF DELUXE CANVAS,HF DELUXE CANVAS,HF DELUXE,HF DELUXE
SPLENDER,SPLENDER,SPLENDOR,SPLENDOR
SPLENDOR+ SELFDRUMCAST BS4,SPLENDOR SELFDRUMCAST BS4,SPLENDOR,SPLENDOR
H F DELUXE ECO,H F DELUXE ECO,HF DELUXE,HF DELUXE
SPLENDOR NXG ALLOY,SPLENDOR NXG ALLOY,SPLENDOR NXG,SPLENDOR NXG
HERO GIZMO,HERO GIZMO,NOT FOUND,HERO OTHER
CD DAWN ,CD DAWN,CD DAWN,CD DAWN
MAESTRO EDGE125 DRMCAST L2 BS6,MAESTRO EDGE125 DRMCAST L2 BS6,MAESTRO EDGE,MAESTRO EDGE
PAJERO SPORTS CKD,PAJERO SPORTS CKD,NOT FOUND,HERO OTHER
C B Z XTREME,C B Z XTREME,XTREME,XTREME
XTREME SPORTS DOUBLE,XTREME SPORTS DOUBLE,XTREME,XTREME
HERO PASSION PRO DRUM SELFCAST,HERO PASSION PRO DRUM SELFCAST,PASSION PRO,PASSION PRO
SUPAR SPLENDOR,SUPAR SPLENDOR,SPLENDOR,SPLENDOR
HERO HONDA CD100,CD100,CD100,CD100
SPLENDOR  PLUS SPOCK,SPLENDOR PLUS SPOCK,SPLENDOR+,SPLENDOR+
SPLENDOR PLUS MMC DRK,SPLENDOR PLUS MMC DRK,SPLENDOR+,SPLENDOR+
D/VAN THREE WHEELER,D/VAN THREE WHEELER,NOT FOUND,HERO OTHER
SPLENDOR NXG DRUM CCR,SPLENDOR NXG DRUM CCR,SPLENDOR NXG,SPLENDOR NXG
"IGNITOR CAST DRS, BSIII",IGNITOR CAST DRS BSIII,IGNITOR,IGNITOR
PASSION PRO (DRUM-SELF-CAST),PASSION PRO DRUM-SELF-CAST,PASSION PRO,PASSION PRO
PLEASURE + (VX),PLEASURE VX,PLEASURE,PLEASURE
"HERO MOTOCORP LTD, SPLENDOR+ (I3S-SELF-DRUM-CAST)",SPLENDOR I3S-SELF-DRUM-CAST,SPLENDOR,SPLENDOR
SPLENDOR +(I3S-SELF-DRUM-CAST,SPLENDOR I3S-SELF-DRUM-CAST,SPLENDOR,SPLENDOR
SPLENDER PLUSE,SPLENDER PLUSE,SPLENDOR+,SPLENDOR+
HERO HONDA CD DOWN,CD DOWN,CD,CD
AMBITION-SELF DISC,AMBITION-SELF DISC,SELF,SELF
VIKRAM 750 DI,VIKRAM 750 DI,NOT FOUND,HERO OTHER
DESTINI 125 VX L2 BS6,DESTINI 125 VX L2 BS6,DESTINI,DESTINI
GLAMOUR - DISC/SELF (WITH CAST WHEEL) BSIII,GLAMOUR - DISC/SELF WITH CAST WHEEL BSIII,GLAMOUR DISC,GLAMOUR DISC
SPLENDOR PRO (DRUM-SELF SPOKE,SPLENDOR PRO DRUM-SELF SPOKE,SPLENDOR PRO,SPLENDOR PRO
DUET VX,DUET VX,DUET,DUET
HF DELUXE ,HF DELUXE,HF DELUXE,HF DELUXE
VIJAY SUPER GP-150,VIJAY SUPER GP-150,NOT FOUND,HERO OTHER
SPLENDOR PLUS MOTORCYCLE,SPLENDOR PLUS MOTORCYCLE,SPLENDOR+,SPLENDOR+
HF DELUXE (KICK-DRUM-SPOKE),HF DELUXE KICK-DRUM-SPOKE,HF DELUXE,HF DELUXE
GIZMO,GIZMO,NOT FOUND,HERO OTHER
SPLENDOR PLUS DRUM SCR SPOKE,SPLENDOR PLUS DRUM SCR SPOKE,SPLENDOR+,SPLENDOR+
VIKRAM 750 D  EUR0 II,VIKRAM 750 D EUR0 II,NOT FOUND,HERO OTHER
SPLENDOR+ (I3S-SLF-DR-CST)SS,SPLENDOR I3S-SLF-DR-CST SS,SPLENDOR,SPLENDOR
HERO DUET BS 3,HERO DUET BS 3,DUET,DUET
IGNITOR (SELF CAST DISC,IGNITOR SELF CAST DISC,IGNITOR,IGNITOR
PASSION PLUS CCR,PASSION PLUS CCR,PASSION+,PASSION+
CD  DLX,CD DLX,CD,CD
SPLENDOR PLUS DRUM (CW),SPLENDOR PLUS DRUM CW,SPLENDOR+,SPLENDOR+
"HERO HONDA MOTORS  LTD, AMBITION",AMBITION,NOT FOUND,HERO OTHER
PLEASURE - IBS-CAST-DRUM-SELF,PLEASURE - IBS-CAST-DRUM-SELF,PLEASURE,PLEASURE
HF DELUXE SELF CAST I3S BSIV,HF DELUXE SELF CAST I3S BSIV,HF DELUXE,HF DELUXE
"HERO HONDA MOTORS, PANTHER",PANTHER,NOT FOUND,HERO OTHER
MAESTRO EDGE 125 CAST DRUM,MAESTRO EDGE 125 CAST DRUM,MAESTRO EDGE 125,MAESTRO EDGE 125
GLAMOUR XTEC-DRUM-SELF-CAST,GLAMOUR XTEC-DRUM-SELF-CAST,GLAMOUR XTEC,GLAMOUR XTEC
PASSION PLUS DISC CAST WHEELS-,PASSION PLUS DISC CAST WHEELS-,PASSION+,PASSION+
SPLENDOR MCY,SPLENDOR MCY,SPLENDOR,SPLENDOR
SPLENDOR + (SELF-DRUM-CAST),SPLENDOR SELF-DRUM-CAST,SPLENDOR,SPLENDOR
HF DELEUXE SHELF,HF DELEUXE SHELF,HF DELUXE,HF DELUXE
SPLENDER PLUS SR ,SPLENDER PLUS SR,SPLENDOR+,SPLENDOR+
PASSION X-PRO110(DRUMSELFCAST,PASSION X-PRO110 DRUMSELFCAST,PASSION PRO,PASSION PRO
PLEASURE110 (CAST WHEEL),PLEASURE110 CAST WHEEL,PLEASURE,PLEASURE
HF DELUXE SELF,HF DELUXE SELF,HF DELUXE,HF DELUXE
HERO HONDA CD 100SS,CD 100SS,CD100,CD100
X PULSE 200T BSIV,X PULSE 200T BSIV,NOT FOUND,HERO OTHER
HERO PUCH SHAKTI2G HERO MOTORS,HERO PUCH SHAKTI2G HERO MOTORS,NOT FOUND,HERO OTHER
SPLENDOR PLUS CCR BSIII,SPLENDOR PLUS CCR BSIII,SPLENDOR+,SPLENDOR+
SUPER SPLENDOR DRUM SELF CAST,SUPER SPLENDOR DRUM SELF CAST,SPLENDOR,SPLENDOR
HERO PUCH 3G,HERO PUCH 3G,NOT FOUND,HERO OTHER
HERO SPLENDOR PRO DRUM,HERO SPLENDOR PRO DRUM,SPLENDOR PRO,SPLENDOR PRO
HERO SPLENDOR PRO DRUM SELF,HERO SPLENDOR PRO DRUM SELF,SPLENDOR PRO,SPLENDOR PRO
GLAMOUR FI (DISC/SELF),GLAMOUR FI DISC/SELF,GLAMOUR DISC,GLAMOUR DISC
SPLENDER PRO DRUM SELF,SPLENDER PRO DRUM SELF,SPLENDOR PRO,SPLENDOR PRO
HERO MAESTRO,HERO MAESTRO,MAESTRO,MAESTRO
H.H CD 100 SS,H.H CD 100 SS,CD100,CD100
MAESTRO  DELUXE,MAESTRO DELUXE,HF DELUXE,HF DELUXE
HF DELUXE SELF DRUM CAST BSIV,HF DELUXE SELF DRUM CAST BSIV,HF DELUXE,HF DELUXE
MCY,MCY,NOT FOUND,HERO OTHER
HERO HONDA SPLENDER PLUS,SPLENDER PLUS,SPLENDOR+,SPLENDOR+
CBZ X TREME DSK,CBZ X TREME DSK,NOT FOUND,HERO OTHER
PASSION PRO (DISC-SELF-CAST),PASSION PRO DISC-SELF-CAST,PASSION PRO,PASSION PRO
HF DELUXE-BLK (SELF-DRUM-CAST),HF DELUXE-BLK SELF-DRUM-CAST,HF DELUXE,HF DELUXE
PASSION PRO DRUM-SELF-CAST-S,PASSION PRO DRUM-SELF-CAST-S,PASSION PRO,PASSION PRO
PASSION PRO DRUM KICK CAST WH.,PASSION PRO DRUM KICK CAST WH.,PASSION PRO,PASSION PRO
"HERO HONDA MOTORS  LTD, SPLENDOR PLUS",SPLENDOR PLUS,SPLENDOR+,SPLENDOR+
"HERO MOTOCORP LTD, PASSION PRO I3S-SELF-DRUM-CAST",PASSION PRO I3S-SELF-DRUM-CAST,PASSION PRO,PASSION PRO
SPLENDOR PRO ,SPLENDOR PRO,SPLENDOR PRO,SPLENDOR PRO
HEROHONDA,HEROHONDA,NOT FOUND,HERO OTHER
HERO MESTRO,HERO MESTRO,NOT FOUND,HERO OTHER
HERO HONDA AMBITION,AMBITION,NOT FOUND,HERO OTHER
MAESTRO EDGE (ZX,MAESTRO EDGE ZX,MAESTRO EDGE,MAESTRO EDGE
SPL,SPL,NOT FOUND,HERO OTHER
HONDA CITY ZX GXI MT,HONDA CITY ZX GXI MT,NOT FOUND,HERO OTHER
HONDA CITY LPG,HONDA CITY LPG,NOT FOUND,HERO OTHER
HERO HONDA MOTER CYCEL,MOTER CYCEL,NOT FOUND,HERO OTHER
MAESTRO DILUXE,MAESTRO DILUXE,MAESTRO,MAESTRO
CD HONDA,CD HONDA,CD,CD
SUPER SPLENDOR - DRUM/SELF (WI,SUPER SPLENDOR - DRUM/SELF WI,SPLENDOR,SPLENDOR
SPLENDOR PLUS SW,SPLENDOR PLUS SW,SPLENDOR+,SPLENDOR+
SPL PLUS CAST WHEEL,SPL PLUS CAST WHEEL,CAST WHEELS,CAST WHEELS
MAESTRO DELUX SCOOTER,MAESTRO DELUX SCOOTER,HF DELUXE,HF DELUXE
PASSION XPRO,PASSION XPRO,PASSION PRO,PASSION PRO
PASSION PRO,PASSION PRO,PASSION PRO,PASSION PRO
HERO PUCH SAKTHI,HERO PUCH SAKTHI,NOT FOUND,HERO OTHER
SPENDOR ISMART,SPENDOR ISMART,SMART,SMART
PLEASURE+ LX L2 BS6,PLEASURE LX L2 BS6,PLEASURE,PLEASURE
SPLENDER + (I3S-SELF-DRUM CAST,SPLENDER I3S-SELF-DRUM CAST,SPLENDOR,SPLENDOR
C D - DAWN,C D - DAWN,CD DAWN,CD DAWN
PASSION XPRO BSIII(CAST SELF,PASSION XPRO BSIII CAST SELF,PASSION PRO,PASSION PRO
PASSION PRO MCY,PASSION PRO MCY,PASSION PRO,PASSION PRO
SUPER SPLENDOR DISC - KICK,SUPER SPLENDOR DISC - KICK,SPLENDOR,SPLENDOR
H. H. PASSION PLUS,PASSION PLUS,PASSION+,PASSION+
CEDIA 2.0,CEDIA 2.0,NOT FOUND,HERO OTHER
PASSION PRO (DRUM-SELF SPOKE W,PASSION PRO DRUM-SELF SPOKE W,PASSION PRO,PASSION PRO
HONDA CIVIC 1.8 V MT,HONDA CIVIC 1.8 V MT,NOT FOUND,HERO OTHER
SPL PLUS DRK SPOKE,SPL PLUS DRK SPOKE,SPOKE,SPOKE
GLAMOUR- DRUM/SELF (WITH CAST,GLAMOUR- DRUM/SELF WITH CAST,GLAMOUR,GLAMOUR
SPLENDOR  ISMART,SPLENDOR ISMART,SPLENDOR ISMART,SPLENDOR ISMART
HERO PANTHER 60 (WITH C.C.),HERO PANTHER 60 WITH C.C.,NOT FOUND,HERO OTHER
HONDA CITY 1.5 SMT,HONDA CITY 1.5 SMT,NOT FOUND,HERO OTHER
"HERO MOTOCORP LTD, MAESTRO EDGE (CAST WHEEL)",MAESTRO EDGE CAST WHEEL,MAESTRO EDGE,MAESTRO EDGE
DUET (TELESCOPIC FORK BSIII,DUET TELESCOPIC FORK BSIII,DUET,DUET
HF DELUXE CAST,HF DELUXE CAST,HF DELUXE,HF DELUXE
Splendor,SPLENDOR,SPLENDOR,SPLENDOR
SANTRO,SANTRO,NOT FOUND,HERO OTHER
CBZ X-TREME(ES),CBZ X-TREME ES,XTREME,XTREME
GLAMOUR DISC/SELF (WITH CAST W,GLAMOUR DISC/SELF WITH CAST W,GLAMOUR DISC,GLAMOUR DISC
HF DLX I3S AHO,HF DLX I3S AHO,HF DELUXE,HF DELUXE
68,68,NOT FOUND,HERO OTHER
HF DELUXE BLACKDRUMSELFCASTBS6,HF DELUXE BLACKDRUMSELFCASTBS6,HF DELUXE,HF DELUXE
"HERO HONDA MOTORS  LTD, PASSION PLUS",PASSION PLUS,PASSION+,PASSION+
SPLENDOR+ (I3S-SELF-DRUM-CAST,SPLENDOR I3S-SELF-DRUM-CAST,SPLENDOR,SPLENDOR
SPLENDOR+ (DRS),SPLENDOR DRS,SPLENDOR,SPLENDOR
HONDA CBZ EXTREME,HONDA CBZ EXTREME,XTREME,XTREME
SPLENDOR PLUS CAST WHEEL,SPLENDOR PLUS CAST WHEEL,SPLENDOR+,SPLENDOR+
CBZ X-TREME-KS(KICKSTART)BSII,CBZ X-TREME-KS KICKSTART BSII,XTREME,XTREME
JOY,JOY,JOY,JOY
HF DELUXE DRUMKICKCAST BS6,HF DELUXE DRUMKICKCAST BS6,HF DELUXE,HF DELUXE
"HERO MOTOCORP LTD, PASSION PRO DRM SLF CST WHEEL",PASSION PRO DRM SLF CST WHEEL,PASSION PRO,PASSION PRO
PASSION XPRO (CAST DISK SELF),PASSION XPRO CAST DISK SELF,PASSION PRO,PASSION PRO
PASSION XPRO CAST,PASSION XPRO CAST,PASSION PRO,PASSION PRO
HF DELEXE,HF DELEXE,HF DELUXE,HF DELUXE
PASSION+ I3S (DRS),PASSION I3S DRS,PASSION,PASSION
PASSION PRO ( DISC - SELF  CAS,PASSION PRO DISC - SELF CAS,PASSION PRO,PASSION PRO
"HERO HONDA MOTORS  LTD, HERO HONDA",,NOT FOUND,HERO OTHER
KARIZMA DSS CAST CR,KARIZMA DSS CAST CR,KARIZMA,KARIZMA
VIKRAM 410,VIKRAM 410,NOT FOUND,HERO OTHER
HF DELUXE (KICK-DRUM-CAST,HF DELUXE KICK-DRUM-CAST,HF DELUXE,HF DELUXE
SCOOTER SUNNY FR,SCOOTER SUNNY FR,NOT FOUND,HERO OTHER
PASSION PRO (DRUM SELF-CAST WH,PASSION PRO DRUM SELF-CAST WH,PASSION PRO,PASSION PRO
HFDELUXE(SLF-DR-CST)SS,HFDELUXE SLF-DR-CST SS,HF DELUXE,HF DELUXE
CBZ  XTREME DSS,CBZ XTREME DSS,XTREME,XTREME
"HERO HONDA, SPLENDOR PLUS",SPLENDOR PLUS,SPLENDOR+,SPLENDOR+
CBZ,CBZ,NOT FOUND,HERO OTHER
HONDA AMAZE 1.2 S MT IVTEC,HONDA AMAZE 1.2 S MT IVTEC,NOT FOUND,HERO OTHER
HF DELUX KICKDRUMSPOKE BS4,HF DELUX KICKDRUMSPOKE BS4,HF DELUXE,HF DELUXE
CD DLX CAST SS,CD DLX CAST SS,CD,CD
SPLENDOR NXGCCR,SPLENDOR NXGCCR,SPLENDOR NXG,SPLENDOR NXG
"HERO HONDA MOTORS  LTD, HERO HONDA SPLENDOR",SPLENDOR,SPLENDOR,SPLENDOR
NYX E5,NYX E5,NOT FOUND,HERO OTHER
MITSUBISHI PAJERO 2.8 SFX,MITSUBISHI PAJERO 2.8 SFX,NOT FOUND,HERO OTHER
HF DELUXE-BLK (I3S-SELF DRUM-C,HF DELUXE-BLK I3S-SELF DRUM-C,HF DELUXE,HF DELUXE
"SPL PRO,DRM/KICK,SPK W",SPL PRO DRM/KICK SPK W,KICK,KICK
PASSION PRO DRK CAST,PASSION PRO DRK CAST,PASSION PRO,PASSION PRO
GLAMOUR DRUM SELF CAST WHEEL(G,GLAMOUR DRUM SELF CAST WHEEL G,GLAMOUR,GLAMOUR
CD DELUX SPOCK WHEEL,CD DELUX SPOCK WHEEL,HF DELUXE,HF DELUXE
HF-DELUXE-SELF CAST WHEELS BSI,HF-DELUXE-SELF CAST WHEELS BSI,HF DELUXE,HF DELUXE
PASSION PRO(DRUM-KICK CAST WHEELS)BSIII,PASSION PRO DRUM-KICK CAST WHEELS BSIII,PASSION PRO,PASSION PRO
PASSION PRO MOTOR CYCLE,PASSION PRO MOTOR CYCLE,PASSION PRO,PASSION PRO
"HERO HONDA MOTORS  LTD, HERO HONDA PASSION",PASSION,PASSION,PASSION
HF DELUXE SELF CAST WHEELS- BS,HF DELUXE SELF CAST WHEELS- BS,HF DELUXE,HF DELUXE
DESTINI 125 (VX) BSIV,DESTINI 125 VX BSIV,DESTINI,DESTINI
PASSION PRO  BS II,PASSION PRO BS II,PASSION PRO,PASSION PRO
HF DELUX DRS CAST,HF DELUX DRS CAST,HF DELUXE,HF DELUXE
PAJERO 2.8 SFX,PAJERO 2.8 SFX,NOT FOUND,HERO OTHER
SS,SS,NOT FOUND,HERO OTHER
PASSION PRO (DRUM-SELF-CAST) B,PASSION PRO DRUM-SELF-CAST B,PASSION PRO,PASSION PRO
CBZ X-TREM,CBZ X-TREM,NOT FOUND,HERO OTHER
HERO HONDA SPLENDOR NXG,SPLENDOR NXG,SPLENDOR NXG,SPLENDOR NXG
XTREME 160R-DISC-DRUM-CAST BSV,XTREME 160R-DISC-DRUM-CAST BSV,CD,CD
VIKRAM 3 WHEELERS,VIKRAM 3 WHEELERS,NOT FOUND,HERO OTHER
PASSION - PRO,PASSION - PRO,PASSION PRO,PASSION PRO
SPLENDER PLUS ALLOY WH,SPLENDER PLUS ALLOY WH,SPLENDOR+,SPLENDOR+
PASSION PLUS MMC DRK CCR,PASSION PLUS MMC DRK CCR,PASSION+,PASSION+
SPLENDOR PLUS BS II,SPLENDOR PLUS BS II,SPLENDOR+,SPLENDOR+
CDN3 DLX,CDN3 DLX,CD,CD
PLEASURE + VX,PLEASURE VX,PLEASURE,PLEASURE
CBZ*,CBZ,NOT FOUND,HERO OTHER
"HERO HONDA MOTORS  LTD, SPLENDOR",SPLENDOR,SPLENDOR,SPLENDOR
HF 100SS,HF 100SS,HF DELUXE,HF DELUXE
SUPER SPLENDAR,SUPER SPLENDAR,SUPER SPLENDOR,SUPER SPLENDOR
"HERO MOTOCORP LTD, SPLENDOR +(I3S-SELF-DRUM-CAST)",SPLENDOR I3S-SELF-DRUM-CAST,SPLENDOR,SPLENDOR
HF DELUXE (KICK-DRUM-CAST),HF DELUXE KICK-DRUM-CAST,HF DELUXE,HF DELUXE
HF- DELUXE- (I3S SELF-DRUM-CAS,HF- DELUXE- I3S SELF-DRUM-CAS,HF DELUXE,HF DELUXE
GLAMOUR MOTORCYCLE,GLAMOUR MOTORCYCLE,GLAMOUR,GLAMOUR
MAESTRO EDGE (VX),MAESTRO EDGE VX,MAESTRO EDGE,MAESTRO EDGE
NOT KNOWN,NOT KNOWN,NOT FOUND,HERO OTHER
HERO PUCH 2G,HERO PUCH 2G,NOT FOUND,HERO OTHER
CD DAWN DLX,CD DAWN DLX,CD DAWN,CD DAWN
HF-DELUX,HF-DELUX,HF DELUXE,HF DELUXE
"HERO HONDA MOTORS  LTD, CD DELUX",CD DELUX,HF DELUXE,HF DELUXE
HERO HONDA   PASSION PRO,PASSION PRO,PASSION PRO,PASSION PRO
DUET ,DUET,DUET,DUET
MITSUBISHI PAJERO,MITSUBISHI PAJERO,NOT FOUND,HERO OTHER
HF DELUXE DRS CAST,HF DELUXE DRS CAST,HF DELUXE,HF DELUXE
PASSION PRO I3S-SELF-DISC-CAST,PASSION PRO I3S-SELF-DISC-CAST,PASSION PRO,PASSION PRO
MAESTRO - DLX,MAESTRO - DLX,MAESTRO,MAESTRO
"HERO MOTOCORP LTD, SPLENDER ISMART",SPLENDER ISMART,SPLENDOR ISMART,SPLENDOR ISMART
"HERO MOTOCORP LTD, HF DELUXE SELF CAST WHEELS- BS",HF DELUXE SELF CAST WHEELS- BS,HF DELUXE,HF DELUXE
PAJERO SPORTS,PAJERO SPORTS,NOT FOUND,HERO OTHER
PLESURE(SHEET METAL),PLESURE SHEET METAL,NOT FOUND,HERO OTHER
HF-DELUXE,HF-DELUXE,HF DELUXE,HF DELUXE
Hero Honda Cd100 Ss,CD100 SS,CD100,CD100
CBZ X -TREME (ES)  BSIII,CBZ X -TREME ES BSIII,NOT FOUND,HERO OTHER
GLAMOUR CAST D/S,GLAMOUR CAST D/S,GLAMOUR,GLAMOUR
PLEASURE110 (SHEET METAL),PLEASURE110 SHEET METAL,PLEASURE,PLEASURE
SPLENDOR PRO 10 DRUM SELF CAST,SPLENDOR PRO 10 DRUM SELF CAST,SPLENDOR PRO,SPLENDOR PRO
GLAMOUR DSS CAST,GLAMOUR DSS CAST,GLAMOUR,GLAMOUR
SPLENDOR-NXG-ISMART,SPLENDOR-NXG-ISMART,SPLENDOR ISMART,SPLENDOR ISMART
MOPED,MOPED,NOT FOUND,HERO OTHER
SPL PLUS CCR,SPL PLUS CCR,NOT FOUND,HERO OTHER
"HERO MOTOCORP LTD, PASSION PRO DRS CAST",PASSION PRO DRS CAST,PASSION PRO,PASSION PRO
PASSION PLUS SPOCK,PASSION PLUS SPOCK,PASSION+,PASSION+
ACHIEVER DRUM,ACHIEVER DRUM,ACHIEVER,ACHIEVER
HUNK DSS CCR,HUNK DSS CCR,HUNK,HUNK
"HERO HONDA MOTORS  LTD, SUPER SPL SELF",SUPER SPL SELF,SELF,SELF
"HERO MOTOCORP LTD, SUPER SPLENDOR-DR-SLF-CST",SUPER SPLENDOR-DR-SLF-CST,SPLENDOR,SPLENDOR
PASSION PRO D SL CST,PASSION PRO D SL CST,PASSION PRO,PASSION PRO
SPLENDOR + (DRUM SELF - CAST W,SPLENDOR DRUM SELF - CAST W,SPLENDOR,SPLENDOR
HONDA CITY 1.5 S MT,HONDA CITY 1.5 S MT,NOT FOUND,HERO OTHER
HF DELUXE DRUM KIK CAST,HF DELUXE DRUM KIK CAST,HF DELUXE,HF DELUXE
SPLENDOR PLUS DRUM KICK MMC,SPLENDOR PLUS DRUM KICK MMC,SPLENDOR+,SPLENDOR+
XTREME SPORTS-REAR DRUM BRAKE(,XTREME SPORTS-REAR DRUM BRAKE,XTREME,XTREME
GLAMOUR - (HE) (DISC-SELF-CAST,GLAMOUR - HE DISC-SELF-CAST,GLAMOUR DISC,GLAMOUR DISC
HERO SMART,HERO SMART,SMART,SMART
SUPER SPLENDOR DRMSLF CST I3S,SUPER SPLENDOR DRMSLF CST I3S,SPLENDOR,SPLENDOR
SPLENDOUR,SPLENDOUR,SPLENDOR,SPLENDOR
SPLENDOR PRO CCR,SPLENDOR PRO CCR,SPLENDOR PRO,SPLENDOR PRO
MAESTRO DELUXE SCOOTER,MAESTRO DELUXE SCOOTER,HF DELUXE,HF DELUXE
MAESTRO EDGE VX CANDY,MAESTRO EDGE VX CANDY,MAESTRO EDGE,MAESTRO EDGE
NEW SPLENDOR PLUSE,NEW SPLENDOR PLUSE,SPLENDOR+,SPLENDOR+
Hero Honda CD 100 Delux,CD 100 DELUX,HF DELUXE,HF DELUXE
SPLENDOR PRO 10 DR SELF CAST,SPLENDOR PRO 10 DR SELF CAST,SPLENDOR PRO,SPLENDOR PRO
PASSION PRO (DRUM SELF - CAST WHEELS) BSIII,PASSION PRO DRUM SELF - CAST WHEELS BSIII,PASSION PRO,PASSION PRO
PAJERO SPORTS 2.5,PAJERO SPORTS 2.5,NOT FOUND,HERO OTHER
HF DELUXE SELF MAG WHEEL,HF DELUXE SELF MAG WHEEL,HF DELUXE,HF DELUXE
PASSION PRO DSS,PASSION PRO DSS,PASSION PRO,PASSION PRO
HFDELUXE-BLK(SLF-DR-CAST)SS,HFDELUXE-BLK SLF-DR-CAST SS,HF DELUXE,HF DELUXE
I SMART,I SMART,SMART,SMART
MAESTRO EDGE 125 (DISC CAST) B,MAESTRO EDGE 125 DISC CAST B,MAESTRO EDGE 125,MAESTRO EDGE 125
ACHIEVER DISC SELF CAST,ACHIEVER DISC SELF CAST,ACHIEVER,ACHIEVER
HERO PUCH SHAKTI AG,HERO PUCH SHAKTI AG,NOT FOUND,HERO OTHER
MCCYLE,MCCYLE,NOT FOUND,HERO OTHER
HERO HF DLX CW GTR,HERO HF DLX CW GTR,HF DELUXE,HF DELUXE
HF  DELUXE,HF DELUXE,HF DELUXE,HF DELUXE
Glamor,GLAMOR,GLAMOUR,GLAMOUR
PASSION PRO DSS AALOY,PASSION PRO DSS AALOY,PASSION PRO,PASSION PRO
SUP SPLINDOR DRUM,SUP SPLINDOR DRUM,DRUM,DRUM
HERO HONDA HUNK,HUNK,HUNK,HUNK
"HERO MOTOCORP LTD, KARIZMA",KARIZMA,KARIZMA,KARIZMA
H. SPLENDER PLUS,H. SPLENDER PLUS,SPLENDOR+,SPLENDOR+
PAWSSION PLUS DRUM,PAWSSION PLUS DRUM,DRUM,DRUM
SLP PRO SCR,SLP PRO SCR,NOT FOUND,HERO OTHER
HF-DELUX SELF-CAST WHEELS,HF-DELUX SELF-CAST WHEELS,HF DELUXE,HF DELUXE
"HERO HONDA MOTORS  LTD, HERO HONDA CD 100",CD 100,CD100,CD100
ACTIVA,ACTIVA,NOT FOUND,HERO OTHER
"VIKRAM 750D, 8 STR, BS-III",VIKRAM 750D 8 STR BS-III,NOT FOUND,HERO OTHER
PASSION PRO(DRUM SELF - SPOKE,PASSION PRO DRUM SELF - SPOKE,PASSION PRO,PASSION PRO
SPLENDER I SMART,SPLENDER I SMART,SPLENDOR ISMART,SPLENDOR ISMART
HF DELUXE CAST WHEELS,HF DELUXE CAST WHEELS,HF DELUXE,HF DELUXE
PASSION PRO ,PASSION PRO,PASSION PRO,PASSION PRO
SPLENDER PLUS SELF,SPLENDER PLUS SELF,SPLENDOR+,SPLENDOR+
SPLENDOR NXG DRS CCR,SPLENDOR NXG DRS CCR,SPLENDOR NXG,SPLENDOR NXG
SPLENDOR PLUS SPOKES,SPLENDOR PLUS SPOKES,SPLENDOR+,SPLENDOR+
SUPER SPLENDOR XTEC DR,SUPER SPLENDOR XTEC DR,SPLENDOR+ XTEC,SPLENDOR+ XTEC
