clean_model,extracted_model
SWARAJMAZDASUPERTCIIIWSHDECKZT,ISUZU SWARAJMAZDA SUPER
SARTAJ GS 3335HG 72 HSD12F BS6,ISUZU SARTAJ GS
S7 4240 SCHOOL BUS,ISUZU S7 4240 SCHOOL BUS
SARTAJ 3335 MAXI CAB STD,ISUZU SARTAJ MAXI CAB
MU-X 3.0L 4WD AT,ISUZU MU-X 3.0L 4WD
ZT54 S TC III,ISUZU ZT54 TC
NEW SWARAJMAZDA BUS,ISUZU SWARAJMAZDA BUS
SCHOOL BUS,ISUZU SCHOOL BUS
MU-X 3.0L 2WD AT,ISUZU MU-X 3.0L 2WD
SWARAJ TRUCK,ISUZU SWARAJMAZDA
MU-7 BS4,ISUZU MU-7
WT50TC-IIID BUS,ISUZU WT50 TC BUS
WT50TC LMB BUS STANDARD,ISUZU WT50 TC LMB BUS
D-MAX SPACECAB BS4,ISUZU D-MAX SPACECAB
D-MAX,ISUZU D-MAX
ZT54 S XM III SHD(PS)SUP12.9XM,ISUZU ZT54
S7 4240 SCHOOL BUS  43SEAT,ISUZU S7 4240 SCHOOL BUS
T3500 ZT54ETCIIIDEL WB BSIII,ISUZU T3500
D-MAX FLATDECK BS IV,ISUZU D-MAX FLATDECK
S-CAB 2WD HR Z,ISUZU S-CAB 2WD
D-MAX FLATDECK,ISUZU D-MAX FLATDECK
ZT 54TCA(SUPER),ISUZU ZT54 TC SUPER
SWARAJMAZDA  ZT 54 BC,ISUZU ZT54
COSMO WV26 TCIVD,ISUZU COSMO
ZT54SM NG AL WB,ISUZU ZT54 SM
SML T 3500 BS III,ISUZU T3500
ZT 54 AB TC,ISUZU ZT54 TC
SAMRATSMTCIII SHDZT54SM TCIII,ISUZU SAMRAT
SAMRAT2815CABCHASSISTIPPER,ISUZU SAMRAT 2815 TIPPER
D-MAX CAB,ISUZU D-MAX
ZT 54 NG,ISUZU ZT54
D-MAX REG. FD HR 4X2 (4JA1),ISUZU D-MAX
SWARAJMAZDA 3335MM,ISUZU SWARAJMAZDA
ZT54ABTCIII TIPPER,ISUZU ZT54 TC
ZT54EDLWBSCHOOLBUS33SEATER,ISUZU ZT54
SML T 3500,ISUZU T3500
WV26SDSCHOOLBUS27SEAT,ISUZU BUS
EXECUTIVE 2815 BUS BS IV,ISUZU BUS
SWARAJMAZDA  SAMRAT,ISUZU SAMRAT
S74240SDXBUS31 SEATER,ISUZU BUS
SWARAZ MAZDA WV26 EXE,ISUZU OTHER
S73335 SDX BUS  23 SEATER,ISUZU BUS
ZT54M NG SHD LWB,ISUZU ZT54
GENERATOR VAN,ISUZU OTHER
WV 26 S TC,ISUZU OTHER
MU-X 3.0L 2WD AT 4JJ1 BS,ISUZU MU-X 3.0L 2WD
SAMRATW/OCARGOBOXELWB,ISUZU SAMRAT
MU-7 BSIII,ISUZU MU-7
SWARAJ ZT54SM TC,ISUZU ZT54 TC
EXELX ACBUS29SEATERHBSEAT,ISUZU BUS
SWARAIMAZDA MAXI CAB,ISUZU OTHER
ECOMAXSCHOOLBUS20SEATERLR,ISUZU BUS
SAMRAT4240GSNGTCCABCHASSIS17F,ISUZU SAMRAT
D-MAX CREW HR (4JA1,ISUZU D-MAX
SARTAJGS3335HG72CABCHASSIS14F,ISUZU SARTAJ GS
WV-26 EXE TC III BUS,ISUZU BUS
SUPREME,ISUZU OTHER
D-MAX CAB CHASSIS WB3050,ISUZU D-MAX
SARTAJ HG72 TC3 WV26S TC3 B12,ISUZU SARTAJ
ZT54E TC,ISUZU ZT54 TC
ZT54M NG SHD,ISUZU ZT54
SARTAJ3335GSNGTCHIGHDECK14F,ISUZU SARTAJ GS
SAMRAT4760HD19HIGHDECKELWB B,ISUZU SAMRAT
T /3500 ZT 54 SUPER,ISUZU ZT54
ZT 54TC,ISUZU ZT54 TC
SML BS 3,ISUZU OTHER
D-MAX CREW (4JA1,ISUZU D-MAX
SML WV26STC,ISUZU OTHER
ZT54 TC III LWB SHD BSIII,ISUZU ZT54 TC
ZT54SMBSIII,ISUZU ZT54 SM
WV26 NG A,ISUZU OTHER
SUPREME ZT54E D LWB DRIVE AWAY,ISUZU ZT54
SAMRATSTEELHIGHDECK,ISUZU SAMRAT
SUPERGS4240HSD17F,ISUZU OTHER
,ISUZU OTHER
SARTAJGSHG753335HSD14F,ISUZU SARTAJ GS
D-MAX,ISUZU D-MAX
MU-X 3.0L 2WD AT,ISUZU MU-X 3.0L 2WD
SAMRATGSXT2815FSTIPPER,ISUZU SAMRAT 2815 TIPPER
LTD T35007ZT54ES TC,ISUZU T3500
SWARAJMAZDA SARTAJ 5252XM,ISUZU SARTAJ
WV26SM NG 72 B,ISUZU OTHER
PRESTIGEGS2815HSD10F,ISUZU OTHER
ISUZUMU-X3.0L4WDAT,ISUZU MU-X 3.0L 4WD
EXECUTIVELX3335ACBUS21SEATER,ISUZU BUS
"S7, STANDARD SCHOOL BUS",ISUZU S7 SCHOOL BUS
BUS,ISUZU BUS
WV26S SARTAJ CITY BUS,ISUZU SARTAJ
BUS. SCHOOL,ISUZU BUS
EXECUTIVE LX AC BUS 20 SEATER,ISUZU BUS
SAMRAT TRUCK ZT54MTCIIIHD19ELW,ISUZU SAMRAT
WV 26S TC,ISUZU OTHER
SARTAJ SCHOOL BUS,ISUZU SARTAJ
ZT54EDELWBSCHOOLBUS47SEAT,ISUZU ZT54
MU-7 BS IV,ISUZU MU-7
SAMRAT4760GSNGTC21FCARGO6CYL,ISUZU SAMRAT
WV 26STC,ISUZU OTHER
D-MAX 2WD FD HR 2.0,ISUZU D-MAX
SAMRATGS4760HSD21F10.7,ISUZU SAMRAT
EXECUTIVELXACSCHOOLBUS43SEATER,ISUZU BUS
WV26S TC-III D,ISUZU OTHER
SAMRATGSXT3335LSD14F,ISUZU SAMRAT
ZT54TC ELWB BUS STD,ISUZU ZT54 TC
SWARAJMAZDASUPREMETCIIIZT54ETC,ISUZU ZT54 TC
SML SARTAJ BS III,ISUZU SARTAJ
MU-7,ISUZU MU-7
ZT54..,ISUZU ZT54
WV26S TC 111,ISUZU OTHER
S74240SDXBUS33SEATER,ISUZU BUS
WV 26STC III SHD 12,ISUZU OTHER
ZT54MS NG A,ISUZU ZT54
ECOMAXACBUS13SEATER,ISUZU BUS
D-MAX CAB CHASSIS V2 (4JA1) BS,ISUZU D-MAX
S7 NEXT 5100,ISUZU OTHER
V-CROSS,ISUZU OTHER
WV265,ISUZU OTHER
SML SAMRAT (EURO III),ISUZU SAMRAT
SAMRAT 2815 TIPPER XM BSIII,ISUZU SAMRAT 2815 TIPPER
SAMRATGSXT4760HSD21FWC,ISUZU SAMRAT
S7 NG COWL CHASSIS,ISUZU OTHER
WV26SM NG SHD,ISUZU OTHER
S7 5100 SCHOOL BUS 53 SEATER,ISUZU S7 SCHOOL BUS
W V 26 TCIII D BUS,ISUZU BUS
ZT54SMNGTC4240DRIVEAWAYCHASSIS,ISUZU ZT54 TC
SAMRATGSXT5100CABCHASSIS24F,ISUZU SAMRAT
SUPREMEGS3335CABCHASSIS14F,ISUZU OTHER
SWARAJMAZDA TRUCK,ISUZU SWARAJMAZDA
,ISUZU OTHER
ZT54ETCIIIDELWB,ISUZU ZT54 TC
SWARAJMAZDAT3500BSIII,ISUZU T3500
S75100SCHOOLBUS53SEATER,ISUZU BUS
PRESTIGE 4WD,ISUZU OTHER
S7 BUS,ISUZU BUS
COSMO 2815 MAXICAB13SEATER,ISUZU COSMO
D-MAX CREW HR 4JA1 BS4,ISUZU D-MAX
D-MAX CREW HR (4JA1),ISUZU D-MAX
SARTAJ 3335 STD BUS,ISUZU SARTAJ 3335
WT49ESTC D III,ISUZU OTHER
S75100COWLCHASSIS,ISUZU OTHER
SAMRATXT13124300CABCHASSIS,ISUZU SAMRAT
SML T 3500 BS3,ISUZU T3500
SWARAJMAZDA ZT 54 TCB,ISUZU ZT54 TC
WV 26 S TC EURO III,ISUZU OTHER
WV 27U - SALOON,ISUZU OTHER
D-MAX 2WD FD HR 2.0,ISUZU D-MAX
WV265/TC,ISUZU OTHER
HIROIFOH4370BUS33SEATER,ISUZU BUS
SAMRAT XM,ISUZU SAMRAT
SARTAJ TCIII WV26S TCIIID BUSS,ISUZU SARTAJ
MAXI CAB,ISUZU OTHER
WV26S NG SM DC,ISUZU SWARAJMAZDA
ZT54 SM B EL WB,ISUZU ZT54
ZT54ABDLWBDRIVEAWAYCHASSIS,ISUZU ZT54 AB
WV26S TC III SHD,ISUZU OTHER
ZT54M NG SMHD,ISUZU ZT54 SM
D-MAX,ISUZU D-MAX
ZT 54 TC LWB SHD BS3,ISUZU ZT54 TC
WV26 SMTC SATRAJ BS3,ISUZU OTHER
SUPREME 4760 EL WB STD BUS,ISUZU BUS
ZT54ABDLWBSCHOOLBUS33SEATER,ISUZU ZT54 AB
ZT 54E,ISUZU ZT54
SUPER 12 9 XM BSIII 3940STHI,ISUZU OTHER
MU-7 BS4,ISUZU MU-7
D-MAX CAB CHASSIS,ISUZU D-MAX
WT48DSCHOOLBUS22SEATER,ISUZU BUS
S73335NGTCSCHOOLBUS33SEATER,ISUZU BUS
ZT54ELWBSCHOOLBUS33SEAT,ISUZU ZT54
D-MAX 2WD CBC HR,ISUZU D-MAX
ZT54EDTNELWBSCHBUS37SEAT,ISUZU ZT54
WV 26STC - III,ISUZU OTHER
SML TRUCK,ISUZU TRUCK
WV26SDNGTCCOWLCHASSIS,ISUZU OTHER
SML WT49ESTC D,ISUZU OTHER
S-CAB 2WD CBC HR,ISUZU S-CAB 2WD
SAMRATGS3335REEFERTRUCK14F,ISUZU SAMRAT
SML SAMRAT XM,ISUZU SAMRAT
WV26STC III SHD,ISUZU OTHER
MOTORCAR,ISUZU OTHER
WV 26STC-III SMDC,ISUZU OTHER
SAMRATXT1312430020FHSD,ISUZU SAMRAT
PRESTIGE TCIII WT 50 TCIII L,ISUZU WT50 TC BUS
SAMRAT4760GSNGTCCABCHASSIS21F,ISUZU SAMRAT
BUS.,ISUZU BUS
WV 26STC-III,ISUZU OTHER
D-MAX PICKUP TRUCK,ISUZU D-MAX
SAMRAT4240GSNGTCHIGHDECK19F,ISUZU SAMRAT
MU-7,ISUZU MU-7
SARTAJGSHG72STEELHIGHDECKSHD14,ISUZU SARTAJ GS
D-MAX CREW (4JA1),ISUZU D-MAX
MU-7 (AT),ISUZU MU-7
SAMRATGS2815CABCHASSIS10F10.2,ISUZU SAMRAT 2815
LCV-   BS-II,ISUZU OTHER
HIROIFOHNONAC5300WBBUS63SEATER,ISUZU BUS
ZT54 SM TC III,ISUZU ZT54 TC
S7 5100 SDX BUS 39 SEATER,ISUZU BUS
SAMRATGS4760CABCHASSIS21F10.7,ISUZU SAMRAT
SARTAJ 5252XM EURO III,ISUZU SARTAJ
ZT54 SM NG IV B ELWB,ISUZU ZT54
ZT54SM TCIII SHD(PS)SAMRAT XM,ISUZU SAMRAT
COSMO TC III WV 26A TC III PO,ISUZU COSMO
SUPER 12 XM,ISUZU OTHER
WT50TC-III D BUS,ISUZU WT50 TC BUS
ZT54E TC III LWB SCHOL BUS,ISUZU ZT54 TC
WV26 NG A LWB,ISUZU OTHER
ZT54SM TC D ELWB IV,ISUZU ZT54 TC
SARTAJ HG72 TCIII STEEL HDEK,ISUZU SARTAJ
SML SARTAJ 7200,ISUZU SARTAJ
V CROSS,ISUZU OTHER
ZT54MNG LWB,ISUZU ZT54
SAMRAT4760GSNGTC21FCARGOBOX,ISUZU SAMRAT
SML T 3500 BSIII,ISUZU T3500
WV 26 SM NG EURO-IV,ISUZU SWARAJMAZDA
V-CROSS,ISUZU OTHER
SAMRATGSXT2815CABCHASSISTIPPER,ISUZU SAMRAT 2815 TIPPER
T3500 ZT54 SUPER,ISUZU T3500
SWARAJ 735 FE,ISUZU SWARAJMAZDA
SARTAJ 5252 XM  SMHD CARGO BOX,ISUZU SARTAJ
SWARAJMAZDA ZT 54E TC,ISUZU ZT54 TC
WV 26 SM NG,ISUZU SWARAJMAZDA
ZT54ELWBSCHOOLBUS32SEATER,ISUZU ZT54
TIPPER ZT54AB TC III,ISUZU ZT54 TC
GOODS VEHICLE,ISUZU OTHER
LCV  TRUCK BS- II,ISUZU TRUCK
EXECUTIVELXACBUS29SEATER,ISUZU BUS
SPL +,ISUZU OTHER
SALOON,ISUZU OTHER
D-MAX,ISUZU D-MAX
GOODS VEHICLE,ISUZU OTHER
SUPERABGS2815CARGOBOX,ISUZU OTHER
WV26SNGTCSCHOOLBUS27SEAT,ISUZU BUS
SML S7 STD SCHOOL,ISUZU OTHER
SWARAJMAZDA T3500 WT,ISUZU T3500
S-CAB 2WD HR BS6,ISUZU S-CAB 2WD
SML T3500BSIII,ISUZU T3500
MU-X 3.0L 2WD AT M1 BS4,ISUZU MU-X 3.0L 2WD
D-MAX 2WD CBC HR 2.0,ISUZU D-MAX
SARTAJ3335GSNGTCCABCHASSIS14F,ISUZU SARTAJ GS
SUPER 12 9 XM BSIII 3940 WCB,ISUZU OTHER
SAWRAJ MAZADA TRUCK,ISUZU TRUCK
SAMRATGSXT2815LSD12F,ISUZU SAMRAT 2815
WV26S TC SARTAJ SCHOOL BUS,ISUZU SARTAJ
ZT54ETC III,ISUZU ZT54 TC
SAMRAT4240GSNGTCCABCHASSIS19F,ISUZU SAMRAT
SARTAJ 5252XM (EURO III),ISUZU SARTAJ
SML SARTAJ (EURO III),ISUZU SARTAJ
ZT54SM TC III SHD LWB,ISUZU ZT54 TC
EXECUTIVELX5100XTACBUS37SEATER,ISUZU BUS
ZT54 E TC D ELWB BUS,ISUZU ZT54 TC
ZT 54 SM TC,ISUZU ZT54 TC
SWARAJMAZDA  SUPER,ISUZU SWARAJMAZDA SUPER
D-MAX CREW (4JA1),ISUZU D-MAX
S7 CNG BUS,ISUZU BUS
SAMRATGSXT2815LSD12F,ISUZU SAMRAT 2815
WV26DTCIII STD BUS MAXI CAB,ISUZU BUS
SWARAJMAZDA SARTAZ,ISUZU SWARAJMAZDA
SWARAJMAZDA ZT54,ISUZU ZT54
HIROIFOH5300BUSNONAC41SEATER,ISUZU BUS
ZT54TC III A BSIII,ISUZU ZT54 TC
WV26SMNG72BSIV,ISUZU OTHER
SUPREME2815WITHCARGOBOX,ISUZU OTHER
SAMRATGSXT2815CABCHASSIS10F,ISUZU SAMRAT 2815
MU-X 2WD AT,ISUZU MU-X
SAMRAT STEEL HIGH DECK,ISUZU SAMRAT
SAMRAT  HD19 XM,ISUZU SAMRAT
ZT54SM TC-III TIPPER SAMRAT XM,ISUZU SAMRAT
WT50-D-NG  COWL CHASSIS,ISUZU WT50
D-MAX SPACECAB,ISUZU D-MAX SPACECAB
D-MAXCREW(4JA1),ISUZU D-MAX
S-CAB 2WD HR,ISUZU S-CAB 2WD
ISUZUMU-X3.0L2WDAT,ISUZU MU-X 3.0L 2WD
S7 STANDARD BUS,ISUZU BUS
WV26S TC III,ISUZU OTHER
V-CROSS 4WD MT Z,ISUZU OTHER
MU-7 AT,ISUZU MU-7
D-MAX SPACE CAB BS4,ISUZU D-MAX SPACECAB
D-MAX FLAT DECK,ISUZU D-MAX FLATDECK
SMZZT 54TRU,ISUZU ZT54 SM
D-MAX SPACECAB FLATDECK,ISUZU D-MAX FLATDECK
SCHOOL BUS 42 STR,ISUZU SCHOOL BUS
SARTAJ 59 XM CARGO BOX,ISUZU SARTAJ
SWARAJMAZDA,ISUZU SWARAJMAZDA
SARTAJ3335GSNGTC7200HD14F,ISUZU SARTAJ GS
834XM COMMERCIAL,ISUZU OTHER
SAMRATGS4240CABCHASSIS17F10.7,ISUZU SAMRAT
WV26TCDLWBAMB,ISUZU OTHER
SARTAJ 5252 TRUCK,ISUZU SARTAJ
D-MAX CAB CHAS 4JA1,ISUZU D-MAX
WV26SDNG  COWL CHASSIS,ISUZU OTHER
D-MAXCREW(4JA1,ISUZU D-MAX
MAZDA BUS,ISUZU BUS
WV26S TCIII D,ISUZU OTHER
S75100NGTCSCHOOLBUS53SEATER,ISUZU BUS
ZT54SM TCIII SHD,ISUZU ZT54 TC
SAMRATXT1312394017FHSD,ISUZU SAMRAT
WT50TC III D,ISUZU WT50 TC BUS
WV 26 STC III DSML,ISUZU OTHER
OTHER,ISUZU OTHER
D-MAX CREW CAB,ISUZU D-MAX
SARTAJ 5252 XM SMHD BSIII,ISUZU SARTAJ
S7 4240 SCHOOL 2DOOR BUS 39STR,ISUZU BUS
SWAEAJ MAZDA,ISUZU OTHER
D-MAX SPACECAB,ISUZU D-MAX SPACECAB
WV26,ISUZU OTHER
S74240NGTCSCHOOLBUS43SEATER,ISUZU BUS
PRESTIGEGS2815HSD12F,ISUZU OTHER
S7BUSSTANDARD41SEATER,ISUZU BUS
SWARAJMAZDA WV 26-S,ISUZU SWARAJMAZDA
SML BS-III,ISUZU OTHER
WV26S OV GH NG SMDC,ISUZU OTHER
SUPER12.9 XM4300STEELHIGH DECK,ISUZU TRUCK
MU-7(CKD ),ISUZU MU-7
ISUZA D-MAX FLATDECK,ISUZU D-MAX FLATDECK
HI-LANDER 2WD MT,ISUZU OTHER
MU-X 3.0L 2WD AT,ISUZU MU-X 3.0L 2WD
SWARAJ WV 26TC,ISUZU SWARAJMAZDA
D-MAX FLATDECK HR (4JA1,ISUZU D-MAX FLATDECK
ZT 54 (TRUCK),ISUZU ZT54
D-MAXCREWHR(4JA1,ISUZU D-MAX
ZT54AB TC 111 SB TIPPER,ISUZU ZT54 TC
SWARAJMAZDA COSMO TC III,ISUZU COSMO
WV26S TC,ISUZU OTHER
O/B,ISUZU OTHER
SML SUPREME TC,ISUZU OTHER
LGV,ISUZU OTHER
SML ZT54AB TC III,ISUZU ZT54 TC
SAMRATGS3335LSD14F10.7,ISUZU SAMRAT
TRUK EURI III WB 3335 MM,ISUZU OTHER
SUPER12.9XT4300STEELHIGHDECK,ISUZU TRUCK
SML SAMRAT,ISUZU SAMRAT
ZT54SM TC-,ISUZU ZT54 TC
S7 STAFF BUS BSIII,ISUZU BUS
EXECUTIVELX5100XTBUS53SEATER,ISUZU BUS
SWARAJMAZDA  SAMRAT  3940,ISUZU SAMRAT
SWARAJ MAZADA T-3500,ISUZU SWARAJMAZDA
SAMRATGSHD19CARGOBOX,ISUZU SAMRAT
WB26STCIIISM DC E-III,ISUZU OTHER
S73335SCHOOLBUS31SEATER,ISUZU BUS
SAMRATGS4760HD19CARGOBOX,ISUZU SAMRAT
SML SUPREME,ISUZU OTHER
COSMO  WV 26  D SB 19S,ISUZU COSMO
ZT54EDELWBSCHOOLBUS37SEATER,ISUZU ZT54
SWARAJ MAZSA,ISUZU SWARAJMAZDA
SWARAJMAZDA COSMO TRUCK,ISUZU COSMO
SARTAJ,ISUZU SARTAJ
ZT54TC SHD,ISUZU ZT54 TC
T3500 WV26DTCIII BSIII,ISUZU T3500
SWARAJMAZDA MINI BUS,ISUZU SWARAJMAZDA BUS
SARTAJ 5252 XM,ISUZU SARTAJ
SUPER 3940 STEEL HIGH DECK LW,ISUZU TRUCK
SWARAJMAZDA ZT 54,ISUZU ZT54
ZT54E DELWB SUPREM BUS STD BS3,ISUZU ZT54
SAMRAT,ISUZU SAMRAT
SML IZUSU,ISUZU OTHER
SML ISUZU4300MM,ISUZU OTHER
4WD BT ESB WATER TANKER,ISUZU OTHER
WV26STCIIISHD 14,ISUZU OTHER
D-MAX SPACE CAB FLAT DECK,ISUZU D-MAX FLATDECK
ZT54ELTCSHD,ISUZU ZT54 TC
"SARTAJHG72W/OCARGOBOX,B12",ISUZU SARTAJ
SARTAJ 5252 XM SMHD,ISUZU SARTAJ
ZT54ELTC-III SHD SUPREME,ISUZU ZT54 TC
SAMRATGS2815FSTIPPER,ISUZU SAMRAT 2815 TIPPER
WV 26 S D N G,ISUZU OTHER
SAMRAT 4760 HD 19 ELWB,ISUZU SAMRAT
MU-X  3.0L 2WD AT,ISUZU MU-X 3.0L 2WD
MU-7,ISUZU MU-7
SAMRATGSSTEELHIGHDECKLWB,ISUZU SAMRAT
SWARAJMAZDA  BS III,ISUZU SWARAJMAZDA
SML SUPREME BS III,ISUZU OTHER
WV26SDTNSCHOOLBUS26SEAT,ISUZU BUS
D-MAX FLATDECK HR (4JA1),ISUZU D-MAX FLATDECK
SUPREME-4760 ELWB STD,ISUZU OTHER
WV 26STC 111 S M DC,ISUZU OTHER
S7 3335 SCHOOL BUS BS IV,ISUZU S7 SCHOOL BUS
MU-X 3.0L 2WD AT,ISUZU MU-X 3.0L 2WD
ZT54SM,ISUZU ZT54 SM
SAMRATGS4240HSD19F10.7WC,ISUZU SAMRAT
SML T3500 BS4,ISUZU T3500
SWARAJMAZDA,ISUZU SWARAJMAZDA
LWB 17 FT MODEL,ISUZU OTHER
ZT54EDTNLWBSCHOOLBUS33SEATER,ISUZU ZT54
SARTAJ GS3940 HG75 HSD 17F BS6,ISUZU SARTAJ GS
SARTAJGS59XMCABCHASSIS,ISUZU SARTAJ GS
SWARAJMAZDA SUPER,ISUZU SWARAJMAZDA SUPER
SWARJAMAZDA,ISUZU OTHER
ZT54 SM TC III HD,ISUZU ZT54 TC
SAMRAT TC-III BSIII,ISUZU SAMRAT
SARTAJ 5252 XM CAB CHASSIS,ISUZU SARTAJ
WV 26 STCI III SH D 12,ISUZU OTHER
D-MAX FLATDECK (4JA1,ISUZU D-MAX FLATDECK
SARTAJ HG72 W/O CRGBOX B12 BS4,ISUZU SARTAJ
SWARAJ 105,ISUZU SWARAJMAZDA
EXECUTIVELX3335ACBUS16SEATER,ISUZU BUS
SML S7 SCHOOL BUS 3940,ISUZU S7 SCHOOL BUS
WV26G TC III,ISUZU OTHER
SUPERGS4760CABCHASSIS21F,ISUZU OTHER
SWARAJMAZDA T-3500/ZT 54,ISUZU ZT54
V CROSS,ISUZU OTHER
WT50DSCHOOLBUS32SEATER,ISUZU WT50
D-MAX FLATDECK HR (4JA1),ISUZU D-MAX FLATDECK
WT50DSCHOOLBUS32SEAT,ISUZU WT50
WV26S,ISUZU OTHER
S75100NGTCSCHOOLBUS51SEAT,ISUZU BUS
D-MAX CAB CHASSIS HR (4JA1),ISUZU D-MAX
WV26STC-IIISNDC,ISUZU OTHER
S73335ABSCHOOLBUS31SEATER,ISUZU BUS
ZT54NG LWB,ISUZU ZT54
SML BUS,ISUZU BUS
NOT AVAILABLE,ISUZU OTHER
SML SUPER E III,ISUZU OTHER
SUPER4760W/OCARGOBOXELWB,ISUZU OTHER
SAMRAT2815TIPPER,ISUZU SAMRAT 2815 TIPPER
D-MAX 2WD FD HR,ISUZU D-MAX
S75100NGTCBUS39SEATERSDX,ISUZU BUS
VCROSS AUV,ISUZU OTHER
SAMRAT BSIII,ISUZU SAMRAT
SML WV26,ISUZU OTHER
SARTAJ WV26 STC,ISUZU SARTAJ
WV26STCIII,ISUZU OTHER
WV26STCIII D STD BSIII,ISUZU OTHER
ZT54M NG IV 19 HD LWB,ISUZU ZT54
EXECUTIVELXACBUS20SEATER,ISUZU BUS
MU-7,ISUZU MU-7
D-MAX SINGLE CAB CLOSE BODY,ISUZU D-MAX
S-CAB 2WD SR,ISUZU S-CAB 2WD
D-MAX SPACECAB,ISUZU D-MAX SPACECAB
BUS T3500/ZT54 SUPER,ISUZU T3500
V-CROSS 4JK1E4C-L,ISUZU OTHER
WV26S TC SM DC,ISUZU SWARAJMAZDA
SUPREMEABMETRO2815LSD10FNC,ISUZU OTHER
SAMRAT4240GSNGTCHIGHDECK19F,ISUZU SAMRAT
WV 26 TC,ISUZU OTHER
SUPERAB2815TIPPER,ISUZU TRUCK
D-MAX CAB CHASSIS CKD,ISUZU D-MAX
D-MAX CAB CHASSIS,ISUZU D-MAX
MU-7 BS3,ISUZU MU-7
D-MAX V-CROSS,ISUZU D-MAX
MU-7,ISUZU MU-7
WV26SM NG 72 SMDC,ISUZU OTHER
WV26SDTNSCHOOLBUS26SEATER,ISUZU BUS
CAR,ISUZU OTHER
SUPREME ZT54E,ISUZU ZT54
SARTAJ HG 72 SHD 14 BS IV,ISUZU SARTAJ
SML SARTAJ EUROIII,ISUZU SARTAJ
S7 XM 5100 SCHOOL BUS BSIII,ISUZU S7 SCHOOL BUS
SML SUPER ZT54,ISUZU ZT54 SM
PRESTIGE4WDW/OCARGOBOX4WDBTB,ISUZU OTHER
MU-X 3.0L 2WD AT,ISUZU MU-X 3.0L 2WD
SUPER3335GSNGTCHIGHDECK14F,ISUZU TRUCK
EDU INST BUS,ISUZU BUS
S73335SCHOOLBUS33SEATER,ISUZU BUS
S-CAB 2WD HR,ISUZU S-CAB 2WD
WT49ESTC DIII,ISUZU OTHER
COSMO TC III WITH CARGO BOX,ISUZU COSMO
WV26S TC III SHD 12 SARTAJ XM,ISUZU SARTAJ
S7NGSCHOOLBUS31SEATER,ISUZU BUS
SUPER 4240M,ISUZU OTHER
SML SARTAJ,ISUZU SARTAJ
D-MAX CAB CHASSIS V2 (4JA1 BS,ISUZU D-MAX
SAMRAT TC III ZT 54 SM TC II,ISUZU SAMRAT
SARTAJ BS 3,ISUZU SARTAJ
SARTAJ GS3335 HG72CABCHS12FBS6,ISUZU SARTAJ GS
S7 5100 COWL CHASSIS,ISUZU OTHER
D-MAX CREW,ISUZU D-MAX
SARTAJ TC III,ISUZU SARTAJ
SARTAJ 5252 XM SHD,ISUZU SARTAJ
WV26TC III D BUS STD,ISUZU BUS
D-MAX SPACECAB FLATDECK,ISUZU D-MAX FLATDECK
SAMRAT CNG TRUCK,ISUZU SAMRAT
WV26 S SARTAJ SWARAJMAZDA,ISUZU SARTAJ
SML SAMRAT 14FT ZT54SMT,ISUZU SAMRAT
WT50BLW STD,ISUZU WT50
SML S7,ISUZU OTHER
BUS,ISUZU BUS
SARTAJ5252GSNGTCHSD10F,ISUZU SARTAJ GS
D-MAX,ISUZU D-MAX
TRUCK,ISUZU TRUCK
D-MAX FLAT DECK,ISUZU D-MAX FLATDECK
ZT54AB TC III SB TIPPER,ISUZU ZT54 TC
ZT 54 MNG,ISUZU ZT54
SUPREMEGS3335CABCHASSIS14F,ISUZU OTHER
SARTAJ5252 XM,ISUZU SARTAJ
S75100BUS26SEATERRECLINING,ISUZU BUS
SML WV 26S,ISUZU OTHER
MINI TRUCK,ISUZU TRUCK
SML S7 BUS BS3,ISUZU BUS
MU-7(CKD,ISUZU MU-7
EXECUTIVELXACBUS22SEATER,ISUZU BUS
HIROIFOH4370BUSAC35SEATER,ISUZU BUS
MU-7 AT BS IV,ISUZU MU-7
SAMRATGSXT4760CABCHASSIS21F,ISUZU SAMRAT
PRESTIGE 3940 LWB,ISUZU OTHER
SARTAJ GS3940 HG75CABCHS17FBS6,ISUZU SARTAJ GS
WV26S IV,ISUZU OTHER
V-CROSS HIGH+,ISUZU OTHER
LCV,ISUZU OTHER
S7 SCHOOL BUS 3940,ISUZU S7 SCHOOL BUS
SML WV 6,ISUZU OTHER
ZT54EL TC III SHD SUPREME XM,ISUZU ZT54 TC
EXECUTIVELX3335ACBUS23SEATER,ISUZU BUS
D-MAX BS4,ISUZU D-MAX
SML STD. TRUCK BS-III,ISUZU TRUCK
WV 26 S NG,ISUZU OTHER
SARTAJ 3335 STD BS,ISUZU SARTAJ 3335
ZT 54 ES TC III,ISUZU ZT54 TC
D-MAX CREW HR (4JA1,ISUZU D-MAX
WT 50TC III,ISUZU WT50 TC BUS
SML SAMRAT TRUCK,ISUZU SAMRAT
D-MAX S-CAB,ISUZU D-MAX
SWARAJMAZDA SUPER TC III,ISUZU SWARAJMAZDA SUPER
S 7XM 3555 BSIII,ISUZU OTHER
BUS,ISUZU BUS
D-MAX FLATDECK CKD-,ISUZU D-MAX FLATDECK
MU-X 3.0L 4WD AT,ISUZU MU-X 3.0L 4WD
TRUCK OPEN BODY,ISUZU TRUCK
D-MAX 2WD FD HR,ISUZU D-MAX
ZT54TCIII A (DS),ISUZU ZT54 TC
SAMRAT (EURO IV),ISUZU SAMRAT
ZT54TC III D ELWB SCHOOL BUS,ISUZU ZT54 TC
V-CROSS PASSENGER VEHICLE M BS,ISUZU OTHER
S73335 ACSDX BUS 21 SEATER,ISUZU BUS
SML SAMRAT XM(WB 3335MM),ISUZU SAMRAT
ZT54ETCIII,ISUZU ZT54 TC
SAMRAT4240STEELHIGHDECKLBW BS4,ISUZU SAMRAT
D-MAX FLATDECK HR (4JA1),ISUZU D-MAX FLATDECK
ZT54EDELWBDRIVEAWAYCHASSIS,ISUZU ZT54
STD. TRUCK BS III,ISUZU TRUCK
S-CAB2WDHR,ISUZU S-CAB 2WD
MU-X 3.0L 2WD AT,ISUZU MU-X 3.0L 2WD
WV26 EXE TC III BUS,ISUZU BUS
S-CAB 2WD HR,ISUZU S-CAB 2WD
D-MAX FLATDECK HR 4JA1,ISUZU D-MAX FLATDECK
SWARAJMAZDA ZT 54E,ISUZU ZT54
WT49ESTCIIID-MAXICAB ON 2815,ISUZU D-MAX
SARTAJGSHG72STEELHIGHDECKSHD12,ISUZU SARTAJ GS
SAMRATNGW/OCARGOZT54SMNGIV19HD,ISUZU SAMRAT
WV26S TC III SMDC SARTAJ XM,ISUZU SARTAJ
SAMRATGS4240LSD17F,ISUZU SAMRAT
WV 26 S TC,ISUZU OTHER
T-3500 BSIII(ZT54ETCIIIDELWB),ISUZU ZT54 TC
D-MAX CREW 4JA1,ISUZU D-MAX
LMV OMNI BUS STD,ISUZU BUS
SWARAJMAZDA WV 26 S SARTAJ,ISUZU SARTAJ
S7 4240 SCHOOL BUS 43 SEATER B,ISUZU S7 4240 SCHOOL BUS
S7 5100ACSCHOOL BUS 51 SEATER,ISUZU S7 SCHOOL BUS
SUPER XM,ISUZU OTHER
METRO3335GSNGTCHIGHDECK14F,ISUZU TRUCK
SARTAJGS3335HG72CABCHASSIS14F,ISUZU SARTAJ GS
ZT54E TC D ELWB  BUS STD,ISUZU ZT54 TC
SWARAJMAZDA 2754,ISUZU SWARAJMAZDA
SUTLAJ LEX IE 337 LE,ISUZU OTHER
SAMRATGSXT2815LSD10F6.142RAR,ISUZU SAMRAT 2815
D-MAX FLATDECK (CKD),ISUZU D-MAX FLATDECK
WV26 TC BS111 D,ISUZU OTHER
ZT54 E TC IV D EWB,ISUZU ZT54 TC
S7NGSCHOOL BUS 51 SEATER,ISUZU S7 SCHOOL BUS
SAMRAT4760HD19HIGHDECKELWB,ISUZU SAMRAT
SAMRAT CARGO ZT 54 SM HD,ISUZU SAMRAT
S73335NGTCBUS23SEATSDX,ISUZU BUS
V CROSS BS IV,ISUZU OTHER
,ISUZU OTHER
SWARAJMAZDA BUS,ISUZU SWARAJMAZDA BUS
D-MAX E-FLATDECK,ISUZU D-MAX FLATDECK
ZT 54 E,ISUZU ZT54
SARTAJGS3335HG72HSD14F,ISUZU SARTAJ GS
WV26S SARTAJ,ISUZU SARTAJ
D-MAX SPACECAB (),ISUZU D-MAX SPACECAB
ZT54TCIII DELWB SDLX,ISUZU ZT54 TC
SM T3500 WV26STCIIID BUS BS3,ISUZU T3500
ZT54M NG,ISUZU ZT54
SUPREME 4760 ELWB BUS STD,ISUZU BUS
V-CROSS HIGH,ISUZU OTHER
"SARTAJHG72WITHCARGOBOX,A12",ISUZU SARTAJ
WT50DSCHOOLBUS25SEAT,ISUZU WT50
WV26STC,ISUZU OTHER
SARTAJGS5252XMHSD10F,ISUZU SARTAJ GS
SARTAJ 5252 XM BSIII CARGO BOX,ISUZU SARTAJ
ZT 54 E TC III D,ISUZU ZT54 TC
SARTAJ TC3 WITHCRGBOX WV26STC3,ISUZU SARTAJ
S73335ABBUSSTANDARD25SEATER,ISUZU BUS
SAMRATGS4240HSD19F10.7,ISUZU SAMRAT
METRO3335GSNGTCCABCHASSIS14F,ISUZU OTHER
BUS,ISUZU BUS
ZT54 ALWB SUPER CARGO BOX BS3,ISUZU ZT54
D-MAX CREW 4JA1,ISUZU D-MAX
..WV26,ISUZU OTHER
SUPER4240W/OCARGOBOXLWB,ISUZU OTHER
0WV26,ISUZU OTHER
SARTAJ HG 72,ISUZU SARTAJ
SARTAJGSHG753940HSD17F,ISUZU SARTAJ GS
D-MAX FLATDECK HR 4JA1,ISUZU D-MAX FLATDECK
ZT54E TC III D ELWB,ISUZU ZT54 TC
ZT54EDLWBDRIVEAWAYCHASSIS,ISUZU ZT54
S74240SDXBUS31SEATER,ISUZU BUS
ZT54AB TC III,ISUZU ZT54 TC
,ISUZU OTHER
D-MAX SPACECAB,ISUZU D-MAX SPACECAB
SML BUS,ISUZU BUS
SARTAJ HG72 STLHIDCKSHD12XMBS4,ISUZU SARTAJ
V-CROSS,ISUZU OTHER
SWARAJMAZDA T35,ISUZU SWARAJMAZDA
D/MAX FLATDECK HR  4JA1,ISUZU TRUCK
ISUZUD-MAXFLATDECKHR 4JA1BS4,ISUZU D-MAX FLATDECK
D-MAX CAB CHASSIS HR (4JA1) BS,ISUZU D-MAX
SARTAJ 5252XMSHDCARGO BOX,ISUZU SARTAJ
SML L M V FES,ISUZU OTHER
SARTAJ5252XMWITH CARGOBOX,ISUZU SARTAJ
EXECUTIVELXACBUS31SEATER,ISUZU BUS
WV 26STCD BUS,ISUZU BUS
D-MAX CAB CHASSIS HR (4JA1),ISUZU D-MAX
SML SARTAJ HG 72 14 FT,ISUZU SARTAJ
WT 50 TC - III,ISUZU WT50 TC BUS
D-MAX CREW 4JA1,ISUZU D-MAX
SAMRATBH535100SCHOOLBUS53SEAT,ISUZU SAMRAT
SARTAJ 5252 HIGH DECK,ISUZU SARTAJ
MU-7 AT,ISUZU MU-7
PRESTIGEGS2815TIPPER100CFT,ISUZU TRUCK
MU-X 3.0L 4WD AT,ISUZU MU-X 3.0L 4WD
WT49ESTC D III 2815MM,ISUZU OTHER
V-CROSS 4WD AT Z PRESTIGE,ISUZU OTHER
SML SUPER TC-,ISUZU OTHER
ZT54SM TC III,ISUZU ZT54 TC
SUPREME XM,ISUZU OTHER
ZT54 SM TC III B ELWB (PS),ISUZU ZT54 TC
ZT54 MNG SHD LWB,ISUZU ZT54
EXECUTIVE BUS,ISUZU BUS
ZT 54M NG IV GH SHD,ISUZU ZT54
ZT 54SM TCIII SA TIPPER,ISUZU ZT54 TC
T3500-U,ISUZU T3500
2)D-MAX SPACECAB (CKD),ISUZU D-MAX SPACECAB
SWARAJMAZDA SCHOOL BUS,ISUZU SCHOOL BUS
WT 50 LWB,ISUZU WT50
WV265TCIIISHD12(XM),ISUZU OTHER
ZT54AB TC III SB,ISUZU ZT54 TC
ZT54E BUS,ISUZU ZT54
"SARTAJ HG 72 TCIII SHD, WV26",ISUZU SARTAJ
D-MAX CREW,ISUZU D-MAX
WV-26-S-TC-III-D,ISUZU OTHER
SARTAJGS3335HG72CABCHASSIS12F,ISUZU SARTAJ GS
SML SAMRAT BSIII,ISUZU SAMRAT
ZT54TC III DELWB SEMI DLX,ISUZU ZT54 TC
SML S7 STD BUS BSIII (3X2) 2DR,ISUZU BUS
"SARTAJHG72W/OCARGOBOX,B14XM",ISUZU SARTAJ
ZT54AB C IIID ELWB BS3,ISUZU ZT54 AB
ZT SMTC 111 HD19,ISUZU OTHER
ZT54SM NG IV 19 HD LWB,ISUZU ZT54 SM
V-CROSS HIGH M1 BS4,ISUZU OTHER
METRO3335GSNGTCHD14F,ISUZU OTHER
ZV 26STC SMDC,ISUZU OTHER
V-CROSS-PASSENGER VEHICLE-M-BS,ISUZU OTHER
D-MAX V CROSS,ISUZU D-MAX
SARTAJ 5252,ISUZU SARTAJ
WV 26S,ISUZU OTHER
ZT54EDELWBSCHOOLBUS37SEAT,ISUZU ZT54
SARTAJGS5252XMCABCHASSIS10F,ISUZU SARTAJ GS
D-MAX CREW (4JA1),ISUZU D-MAX
S74240ACSCHOOLBUS41SEATER,ISUZU BUS
V-CROSS 4WD AT Z PRESTIGE,ISUZU OTHER
ZT54EDHIGHBACKSEATBUS33SEATER,ISUZU ZT54
S7 SCHOOL BUS 3940 BSIII,ISUZU S7 SCHOOL BUS
LCV EURO 2 BUS,ISUZU BUS
ZT54 SMTC III,ISUZU ZT54 TC
SWARAJMAZDA PREMIUM,ISUZU SWARAJMAZDA
D-MAX CAB (4JK1),ISUZU D-MAX
ZT54...,ISUZU ZT54
D-MAX FLATDECK (4JA1,ISUZU D-MAX FLATDECK
D-MAX FLATDECK 4JA1,ISUZU D-MAX FLATDECK
SUPREME2815CARGOBOXSA,ISUZU OTHER
EXECUTIVELX3335ACBUS23SEATER,ISUZU BUS
V-CROSS,ISUZU OTHER
SARTAJ3940GSNGTCHSD17F,ISUZU SARTAJ GS
HI-LANDER 2WD MT,ISUZU OTHER
ZT54EDLWBSCHOOLBUS42SEATER,ISUZU ZT54
SUPREMEABMETRO3335CABCHASSIS,ISUZU OTHER
MU-X 2WD AT,ISUZU MU-X
D-MAX 2WD FD HR BS6,ISUZU D-MAX
SUPER 12 9 XM BSIII 4300 SHD,ISUZU OTHER
MCV,ISUZU OTHER
ECOMAX AC BUS 13 SEATER BS I,ISUZU BUS
SAWRAJ MAZDA SAMRAT,ISUZU SAMRAT
ZT54 NG SHD LWB,ISUZU ZT54
SARTAJ3335GSNGTCHIGHDECK14F,ISUZU SARTAJ GS
SWARAJ MAZATA,ISUZU SWARAJMAZDA
SWARAJMAZDA WV 26TC,ISUZU SWARAJMAZDA
SAMRAT ZT54SMTCIII BS III,ISUZU SAMRAT
SML 7200,ISUZU OTHER
SAMRAT HD 19TCIII HIGH DECK,ISUZU SAMRAT
WT50 TC III LWB STD,ISUZU WT50 TC BUS
OTHERS,ISUZU OTHER
,ISUZU OTHER
SARTAJGS3335HG72HSD14F,ISUZU SARTAJ GS
SML VEHICLE,ISUZU OTHER
"WV26TCIIID,EURO-III",ISUZU OTHER
SUPERABGSXT2815FSTIPPER,ISUZU TRUCK
,ISUZU OTHER
SUPREME  ZT 54E  LWD,ISUZU ZT54
ZT54EDELWB NG EURO-III,ISUZU ZT54
SML ZT54,ISUZU ZT54 SM
SAMRATGSXT3335HSD14F,ISUZU SAMRAT
D-MAX SPACECAB (CKD ),ISUZU D-MAX SPACECAB
MU-7,ISUZU MU-7
S7 SCHOOL BUS,ISUZU S7 SCHOOL BUS
SAMRATGS4240CABCHASSIS19F10.7,ISUZU SAMRAT
HIROIFOH5300NONAC45SEATER,ISUZU OTHER
SWARAJMAZDA WV 26S STC,ISUZU SWARAJMAZDA
D-MAX CREW HR (4JA1),ISUZU D-MAX
WV26DSCHOOLBUS19SEAT,ISUZU BUS
SARTAJ 5252 XMSHD CARGO BOX,ISUZU SARTAJ
EXECUTIVELX4240DRIVEAWAYCHASIS,ISUZU OTHER
ZT54SMD4760SMSCHOOLBUS37SEATER,ISUZU ZT54 SM
S7 BUS SHELL BS IV,ISUZU BUS
MU-7 (AT),ISUZU MU-7
SML WV265 BSIII,ISUZU OTHER
WV26SDSCHOOLBUS27SEATER,ISUZU BUS
S75100SCHOOLBUSSTD60SEATER,ISUZU BUS
ZT54SMNGTCELWBDRIVEAWAYCHASSIS,ISUZU ZT54 TC
MU-X 3.0L 4WD AT 4JJ1 BS,ISUZU MU-X 3.0L 4WD
ZT54M NG IV SHD,ISUZU ZT54
WV26SDSCHOOLBUS27SEATER,ISUZU BUS
WV 26 STC,ISUZU OTHER
SARTAJ TRUCK,ISUZU SARTAJ
D-MAX FLATDECK BS IV,ISUZU D-MAX FLATDECK
SML T 3500,ISUZU T3500
SARTAJ5252 XM WH SHD CARGO B,ISUZU SARTAJ
WV26 SM NG 72 EUROIV,ISUZU SWARAJMAZDA
SAMRATXT1312430019FHSD,ISUZU SAMRAT
WV26SM NG 72 SHD,ISUZU OTHER
S7 SDX BUS,ISUZU BUS
V-CROSS-PASSENGER VEHICLE-M BS,ISUZU OTHER
S7 STANDARD SCHOOL BUS BS-III,ISUZU S7 SCHOOL BUS
SML BUS,ISUZU BUS
D-MAX FLTDCK HR 4JA1 GDSN1 BS4,ISUZU D-MAX
V-CROSS,ISUZU OTHER
WT50-D-NG,ISUZU WT50
ZT54EDTNLWBSCHOOLBUS41SEATER,ISUZU ZT54
WV 26 EXE TC III COM BUILT VEH,ISUZU OTHER
SAMRATGSSTEELHIGHDECK,ISUZU SAMRAT
SUPER TRUCK,ISUZU TRUCK
ZT54 NG A,ISUZU ZT54
EXECUTIVE LX BS4,ISUZU OTHER
SWARAJMAZDA SARTAJ EIII,ISUZU SARTAJ
SAMRATXT1212430020FHSD,ISUZU SAMRAT
D-MAX FLATDECK CKD-,ISUZU D-MAX FLATDECK
S73335NGTCSCHOOLBUS31SEATER,ISUZU BUS
WV 26 SM NG EURO IV,ISUZU SWARAJMAZDA
SARTAJGSHG72STEELHIGHDECKSHD12,ISUZU SARTAJ GS
WT 50 TC III D BUS,ISUZU WT50 TC BUS
GOODS CARRIER,ISUZU OTHER
S7 SCHOOL BUS 3335 BSIII,ISUZU S7 SCHOOL BUS
D-MAX2WDFDHR,ISUZU D-MAX
S7SCHOOLBUSDOUBLEDOOR49SEATER,ISUZU BUS
SML SMART 14ZT 54SM,ISUZU ZT54 SM
MU-7(CKD BSIII),ISUZU MU-7
SML ZT54,ISUZU ZT54 SM
MU-7 BS4,ISUZU MU-7
SWARAJMAZDA WT 50 L,ISUZU WT50
EXELXACBUS 20 RECLINING SEAT,ISUZU BUS
SML 41SEATS,ISUZU OTHER
SAMRATGSXT2815DSTIPPER,ISUZU SAMRAT 2815 TIPPER
SWARAJMAZDA T 3500,ISUZU T3500
ZT54ABTCIII,ISUZU ZT54 TC
TRACTOR,ISUZU OTHER
ZT54XM NG ALWB,ISUZU ZT54
SUPREME 3940,ISUZU OTHER
D-MAX CAB CHASSIS HR (4JA1) BS,ISUZU D-MAX
HIROIFOHBUSAC4370WB33SEATER,ISUZU BUS
V-CROSS HIGH,ISUZU OTHER
ZT54 ETC III DE LWB,ISUZU ZT54 TC
IS12TE 4HK 1XS,ISUZU OTHER
IS 12 TE CAB WITHCASHER3,ISUZU OTHER
ZT54ETCIIIDELWB STD BUS,ISUZU ZT54 TC
WV 265 TC BSIII,ISUZU OTHER
SARTAJ5252 XM WH SHD CARGO BOX,ISUZU SARTAJ
V-CROSS  BS-IV,ISUZU OTHER
ZT54ML NG SHD,ISUZU ZT54
PRESTIGE BUS,ISUZU BUS
S7 BUS STANDARD BSIII,ISUZU BUS
T3500-WT50LWB (DELUXE),ISUZU T3500
ECOMAXGSSCHOOLBUS20SEATERLR,ISUZU BUS
WV 26 TCE EX III,ISUZU OTHER
SAMRATGSXT3335HSD14F6.142RAR,ISUZU SAMRAT
SARTAJGS5252XMHSD10F,ISUZU SARTAJ GS
WV20 6 STC III,ISUZU OTHER
S7 SAFF BUS,ISUZU BUS
SWARAJMAZDA LGV,ISUZU SWARAJMAZDA
WV26DTCIII STD BUS BS3,ISUZU BUS
EIB,ISUZU OTHER
S74240SCHOOLBUS48SEATER,ISUZU BUS
SAMRAT CAB CHASSIS,ISUZU SAMRAT
D-MAXFLATDECKHR(4JA1),ISUZU D-MAX FLATDECK
SML SUPER TC,ISUZU OTHER
V-CROSS HIGH,ISUZU OTHER
MU-X  4X2,ISUZU MU-X
WV26S TC 3 D BUS,ISUZU BUS
WV26SM NG 72 SHD,ISUZU OTHER
SARTAJ HG 72 TC,ISUZU SARTAJ
W V26S BUS,ISUZU BUS
D-MAX 2WD FD HR 2.0,ISUZU D-MAX
SUPREME ZT54ED ELWB DRIVE AWAY,ISUZU ZT54
D-MAX CREW CAB CAB,ISUZU D-MAX
V-CROSS,ISUZU OTHER
S7 STDSCHOOL BUSBSIII,ISUZU S7 SCHOOL BUS
WT505,ISUZU WT50
WV 26 S TC III SHD 14,ISUZU OTHER
SWARAJ 855 TRACTOR,ISUZU SWARAJMAZDA
SWARAJ 834 XM,ISUZU SWARAJMAZDA
WT 49 LWB (TRUCK),ISUZU TRUCK
WT 50TC-III,ISUZU WT50 TC BUS
S7STD SCHOOL BUS-BS-III,ISUZU S7 SCHOOL BUS
S7 5100 SCHOOLBUS  53 SEAT,ISUZU S7 SCHOOL BUS
S73335ACSDX21SEATER,ISUZU OTHER
SUPERABNEXT3335ACBUS21SEATER,ISUZU BUS
WV 26ST BUS,ISUZU BUS
ZT54E TC III D ELWB BUS,ISUZU ZT54 TC
D-MAX FLATDECK CKD,ISUZU D-MAX FLATDECK
D-MAX FLATDECK HR (4 JA1),ISUZU D-MAX FLATDECK
WT49DDRIVEAWAYCHASSIS,ISUZU OTHER
MU-X 3.0L 4WD AT,ISUZU MU-X 3.0L 4WD
SARTAJ 5252 XM WITH CARGO BOX,ISUZU SARTAJ
S7 NEXT 5100,ISUZU OTHER
SAMRAT HD 19 TC,ISUZU SAMRAT
STD BUS,ISUZU BUS
ZT 54M NG IV GH SHD,ISUZU ZT54
SAMRATGSHD19CARGOBOX,ISUZU SAMRAT
V-CROSS 4WD AT Z PRESTIGE,ISUZU OTHER
S 7 BUS STANDARD BSIII,ISUZU BUS
MU-X  3.0L 4WD AT,ISUZU MU-X 3.0L 4WD
6,ISUZU OTHER
SML STD TRUCK BS-III,ISUZU TRUCK
SML T3500 BS IV,ISUZU T3500
NEW SWARAJMAZDA,ISUZU SWARAJMAZDA
SWARAJMAZDA ZT 54E TCIII,ISUZU ZT54 TC
ZT54ENGTCDELWBSCHOOLBUS47SEAT,ISUZU ZT54 TC
PRESTIGE 3940 LWB BUS STD,ISUZU BUS
D-MAX REG CABCHASSIS SR 4JA1,ISUZU D-MAX
SML S 7 STANDARD BUS BS III,ISUZU BUS
SUPERAB2815WITHCARGOBOX,ISUZU OTHER
SML EURO III/IV,ISUZU OTHER
SARTAJ5252XMNGHSD10F,ISUZU SARTAJ
PRESTIGE TC IIIWT50TC III D,ISUZU WT50 TC BUS
ZT54 SM TC III HD,ISUZU ZT54 TC
SARTAJGS3335HG72HSD12F,ISUZU SARTAJ GS
57*M 5100 TD BUS BS3,ISUZU BUS
SWARAJMAZDA SAMRAT,ISUZU SAMRAT
ZT54 SM TC,ISUZU ZT54 TC
SARTAJGS59XMCABCHASSIS,ISUZU SARTAJ GS
S-CAB- 2WD HR,ISUZU S-CAB 2WD
SML WT49ESTCIIID BS3,ISUZU OTHER
WV26SNGTCDSCHOOLBUS27SEATER,ISUZU BUS
D-MAX FLATDECK HR 4JA1-,ISUZU D-MAX FLATDECK
D-MAX CREW CAB GOODS VEHICLE-B,ISUZU D-MAX
SML IS 12 TE,ISUZU OTHER
WV 26 S XM III SHD,ISUZU OTHER
S73335SDXBUS23SEATER,ISUZU BUS
D-MAX CAB CHASSIS V2 (4JA1) BS,ISUZU D-MAX
D-MAX CREW (4JA1,ISUZU D-MAX
WT50TC III LWB,ISUZU WT50 TC BUS
S7 BUS STANDARD BS III WB 51,ISUZU BUS
SARTAJGS59XMHSD11.5F,ISUZU SARTAJ GS
MAXICAB,ISUZU OTHER
V CROSS HIGH BS4,ISUZU OTHER
V-CROSS 4JK1E4C-L,ISUZU OTHER
MU-7 (CKD-BS4),ISUZU MU-7
MGV SAMRAT 17 HIGH ECK E3,ISUZU SAMRAT
SMZT54SMDELWBSCHOOLBUS52SEATER,ISUZU ZT54 SM
SML,ISUZU OTHER
VCGTY,ISUZU OTHER
EXE 2815 BUS BS IV,ISUZU BUS
WV26 IV,ISUZU OTHER
SML EURO III,ISUZU OTHER
"SARTAJHG72STEELHIGHDECK,SHD14",ISUZU SARTAJ
ZT 54E TC III DELWB,ISUZU ZT54 TC
SARTAJ 5252 XM CARGO BS III,ISUZU SARTAJ
S75100BUSSHELL,ISUZU BUS
SUPER CNG TRUCK,ISUZU TRUCK
ZT54SM NG SHD LWB,ISUZU ZT54 SM
D-MAX 2WD CBC HR,ISUZU D-MAX
SWARAJMAZDA T3500\ZT54SUPER,ISUZU T3500
S-CAB 2WD HR,ISUZU S-CAB 2WD
SML ZT54SM TC BS IV(WB 2,ISUZU ZT54 TC
WT50TCIIIAFES BSIII,ISUZU WT50 TC BUS
LVC BSIII,ISUZU OTHER
SAMRAT4240GSNGTCHD19F11.1,ISUZU SAMRAT
SWARAJMAZDA/ MAXICAB,ISUZU SWARAJMAZDA
S7 4240 SCHOOL BUS,ISUZU S7 4240 SCHOOL BUS
SAMRATGS4760HSD21F10.7WC,ISUZU SAMRAT
MU-X AT,ISUZU MU-X
SUPER3335GSNGTCCABCHASSIS14F,ISUZU OTHER
S MAZDA SUPER 12TC III,ISUZU OTHER
WV26STCSM SARTAJ,ISUZU SARTAJ
SML BSIII,ISUZU OTHER
D-MAX2WDFDHR2.0,ISUZU D-MAX
D-MAX SPACECAB ARCK DECK,ISUZU D-MAX SPACECAB
SWARAJMAZDA  BUS,ISUZU SWARAJMAZDA BUS
LCV TRUCK BS- II,ISUZU TRUCK
S7 4240 BSIII 43,ISUZU OTHER
ZT54 ETC III DE LWB,ISUZU ZT54 TC
SUPER4240GSNGTCHIGHDECK19F,ISUZU TRUCK
SML BSIII,ISUZU OTHER
D-MAX CAB CHASSIS V2,ISUZU D-MAX
SAMRATGS3335HSD14F10.7,ISUZU SAMRAT
SARTAJ,ISUZU SARTAJ
ZT54M NG SMHD LWB,ISUZU ZT54 SM
WV26DTCIII STD BUS,ISUZU BUS
T /3500 ZT 54 SUPER,ISUZU ZT54
SARTAJ 59 XM SHD CARGO BOX,ISUZU SARTAJ
SAMRAT ZT54 SM TCIII 19A ELWB,ISUZU SAMRAT
SAMRATGS3335CABCHASSIS14F10.7,ISUZU SAMRAT
SARTAJ 3335 BUS STANDARD BS,ISUZU SARTAJ 3335
D-MAX CREW 4JA1,ISUZU D-MAX
SWARAJMAZDA LT 134 PR,ISUZU SWARAJMAZDA
SAMRAT4760GSNGTC21FCARGO8CYL,ISUZU SAMRAT
MAX FLAT DECK,ISUZU TRUCK
SAMRAT4760GSNGTCCABCHASSIS21F,ISUZU SAMRAT
ZT54 AB TC USB,ISUZU ZT54 TC
WV 26 S NG SMDC,ISUZU OTHER
MU-7 (AT),ISUZU MU-7
EXECUTIVE 2815 BUS B,ISUZU BUS
SWARAJMAZDA WT 48 E,ISUZU SWARAJMAZDA
ZT54TC III D ELWB BUS 37SEATER,ISUZU ZT54 TC
LMV,ISUZU OTHER
WV26S TC III SHD TRUCK,ISUZU TRUCK
SWARAJMAZDA LTD,ISUZU SWARAJMAZDA
ZT 54SM TC III,ISUZU ZT54 TC
D-MAX CREW HR (4JA1 GSDN1 BS4,ISUZU D-MAX
T 3500 WT-49-ESD,ISUZU T3500
SARTAJ 5252 XM WITH SMDH C BOX,ISUZU SARTAJ
SWARAJMAZDA ZT 54 BUS,ISUZU ZT54
EXECUTIVE TC III WV 26 EXE T,ISUZU OTHER
SAMRAT4240STEELHIGHDECKLWB,ISUZU SAMRAT
SUPREMEMETRO4240GSNGTCHIGHDECK,ISUZU TRUCK
SAMRATGS4240REEFERTRUCK19F,ISUZU SAMRAT
COSMOWV26DDRIVEAWAYCHASSIS,ISUZU COSMO
SAMRAT HD 19 TC III HIGH DECK,ISUZU SAMRAT
WV26SDDRIVEAWAYCHASSIS,ISUZU OTHER
T-3500 WV 26S TCIII SHD 14,ISUZU OTHER
SWARAJMAZDA WV 26 TC,ISUZU SWARAJMAZDA
WV26S TC D BUS,ISUZU BUS
ZT54M NG IV GH SHD,ISUZU ZT54
ZT54ELTC,ISUZU ZT54 TC
SAMRAT5100GSNGTCCABCHASSIS24F,ISUZU SAMRAT
WV26TC,ISUZU OTHER
SARTAJGSHG753335CABCHASSIS14F,ISUZU SARTAJ GS
735 FE,ISUZU OTHER
SUPREME4240STEELHIGHDECKLWB,ISUZU TRUCK
SUPREME TC IV ZT54ETC IV LWB,ISUZU ZT54 TC
TRUCK TIPPER,ISUZU TRUCK
WV26SDHIGHBACKSEATBUS21SEATER,ISUZU BUS
SML ISZU WT 49,ISUZU OTHER
SAMRAT4240GSNGTCHIGHDECK17F,ISUZU SAMRAT
SAMRATGS4760HSD19F10.7,ISUZU SAMRAT
ECOMAXNONACBUS13SEATER,ISUZU BUS
MU-7 AT,ISUZU MU-7
SUPREME TC III,ISUZU OTHER
0ZT54,ISUZU ZT54
MU-7,ISUZU MU-7
D-MAX,ISUZU D-MAX
ZT54 SMTC III HDS ELWB,ISUZU ZT54 TC
SWARAJMAZDA T 3500 BSIII,ISUZU T3500
D-MAX CAB CHAS 4JA1 BS,ISUZU D-MAX
WV26S TC-A SARTAJ CB BSIII,ISUZU SARTAJ
SML,ISUZU OTHER
WT49ESTC D III STD BUS BS3,ISUZU BUS
ZT54TCIII,ISUZU ZT54 TC
WV26S NG SAMDC,ISUZU OTHER
S74240 SCHOOL BUS 43 SEATER,ISUZU S7 4240 SCHOOL BUS
SWARAJMAZDA TIPPER,ISUZU SWARAJMAZDA
WV26STC IV,ISUZU OTHER
STD. BUS BODY,ISUZU BUS
17FT ZT54SMTCIIIA LWB T BSIII,ISUZU ZT54 TC
WT50DHBSEATBUS21SEAT,ISUZU WT50
IS12TE COWL CHASSIS W W S BS3,ISUZU OTHER
SWARAJMAZDA BS III,ISUZU SWARAJMAZDA
SAMRAT SM TC III CARGO BOX ZT,ISUZU SAMRAT
MU-X  3.0L 2WD AT,ISUZU MU-X 3.0L 2WD
SAWRAJ MAZDA,ISUZU OTHER
D-MAX FLATDECK HR4JA1 B,ISUZU D-MAX FLATDECK
ZT54TC IIIB,ISUZU ZT54 TC
D-MAX E FLATDECK(BS4),ISUZU D-MAX FLATDECK
SWARAJMAZDA SUPER NG ZT54 NG,ISUZU ZT54
SAMRAT,ISUZU SAMRAT
ZT54SM TC,ISUZU ZT54 TC
ZT54AB TCIII,ISUZU ZT54 TC
SARTAJ 5252 XM WITH CARGO BOX,ISUZU SARTAJ
D-MAX CREW HR (4JA1) GSDN1 BS4,ISUZU D-MAX
SAMRATGSXT3335LSD12F,ISUZU SAMRAT
WT49 NG A LWB,ISUZU OTHER
V-CROSS 2WD AT Z,ISUZU OTHER
SWARAJMAZDA T3500,ISUZU T3500
SAMRAT TRUCK  MODEL 54SMU,ISUZU SAMRAT
ZT54EDELWB,ISUZU ZT54
V-CROSS,ISUZU OTHER
S74240SCHOOLBUS43SEATER,ISUZU BUS
WV/26,ISUZU OTHER
ZT54SLF NG,ISUZU ZT54
S-CAB,ISUZU S-CAB
SWARAJMAZDA WT50TC BUS,ISUZU WT50 TC BUS
S 7 STANDARD BUS,ISUZU BUS
SARTAJ5252XM EURO1V,ISUZU SARTAJ
SML S 7 BSIII,ISUZU OTHER
SML T3500 STD BUS BS3,ISUZU T3500
SWARAJMAZDA ZT 54E TC III,ISUZU ZT54 TC
D-MAX CAB CHASSIS,ISUZU D-MAX
SARTAJ 5252XM WITH SHD,ISUZU SARTAJ
WV 26S TC III SMDC,ISUZU OTHER
SARTAJ 5252 XM SHD BSIII,ISUZU SARTAJ
V-CROSS-PASSENGER VEHICLE-M1 B,ISUZU OTHER
ZT54SMTC-III B ELWB PS XM,ISUZU ZT54 TC
5,ISUZU OTHER
SML BS 4,ISUZU OTHER
LMV OMNI BUS DELUXE,ISUZU BUS
ZT54ENGTCDELWBSCHOOLBUS47SEAT,ISUZU ZT54 TC
SWARAJMAZDA 3500,ISUZU SWARAJMAZDA
D-MAX CREW (4JA1),ISUZU D-MAX
ZT54 E TC III D ELWB,ISUZU ZT54 TC
WV26S TCIII SHD 14 (XM),ISUZU OTHER
S7 SCHOOL BUS,ISUZU S7 SCHOOL BUS
D-MAX CAB CHASSIS HR (4JA1,ISUZU D-MAX
SWARAJ MANDA BS II,ISUZU SWARAJMAZDA
WV26S TCIII SMDC SARTAJ XM,ISUZU SARTAJ
SAMRAT4760GSNGTCHIGHDECK21F,ISUZU SAMRAT
D-MAX FLATDECK (CKD),ISUZU D-MAX FLATDECK
D-MAX CAB CHASSIS V2 (4JA1),ISUZU D-MAX
D-MAXFLATDECKHR(4JA1,ISUZU D-MAX FLATDECK
D-MAXCREWHR(4JA1),ISUZU D-MAX
SUPER 12 XM BSIII 4300 STEEL,ISUZU OTHER
ZT 54 NG SHD LWB,ISUZU ZT54
SARTAJ 14,ISUZU SARTAJ
D-MAX 2WD CBC HR 2.0,ISUZU D-MAX
SARTAJ XM (EURO III),ISUZU SARTAJ
SML SUPER,ISUZU OTHER
SARTAJ 59 XM SHD CARGO BOX BS3,ISUZU SARTAJ
SARTAJ5252XMNGTCHSD10F,ISUZU SARTAJ
V-CROSS,ISUZU OTHER
D-MAX CREW (4JA1 GOODS N1 BS4,ISUZU D-MAX
WV26SDTNSCHOOLBUS21SEAT,ISUZU BUS
ZT54ETCIIIELWB,ISUZU ZT54 TC
WV26S TC  III  SHD  14,ISUZU OTHER
M G V,ISUZU OTHER
ZT 54 E TC,ISUZU ZT54 TC
SUPER4240GSNGTCHD19F,ISUZU OTHER
SMAL WV 26 STC 3,ISUZU OTHER
MU-X 3.0L 4WD AT M1 BS4,ISUZU MU-X 3.0L 4WD
WV26S TC III D BUS,ISUZU BUS
SWARAJ MAZADA ZT54MSS TCIII SH,ISUZU ZT54 TC
WV 26 STC SARTAJ,ISUZU SARTAJ
ZT54SL,ISUZU ZT54
SML SARTAJ EURO III,ISUZU SARTAJ
SARTAJ 3335 STD BUS,ISUZU SARTAJ 3335
S7 STANDARD BUS 3940 BS III,ISUZU BUS
ZT54 B TC ELWB,ISUZU ZT54 TC
D-MAX CREW HR (4JA1),ISUZU D-MAX
V-CROSS HIGH+,ISUZU OTHER
SAMRAT TRUCK,ISUZU SAMRAT
D-MAX CREW HR (4JA1),ISUZU D-MAX
SAMRATGS2815CABCHASSISTIPPER,ISUZU SAMRAT 2815 TIPPER
WV26SM,ISUZU OTHER
SML T3500,ISUZU T3500
SUPER AB 2815 TIPPER BS IV,ISUZU TRUCK
MU-7 CKD,ISUZU MU-7
V-CROSS 4WD AT Z PRESTIGE,ISUZU OTHER
ISUZD D-MAX,ISUZU D-MAX
SUPERAB2815CABCHASSISTIPPER,ISUZU TRUCK
PRESTIGEGS2515CABCHASSISTIPPER,ISUZU TRUCK
ZT54EDLWBSCHOOLBUS42SEATER,ISUZU ZT54
SARTAJ3940GSNGTCCABCHASSIS17F,ISUZU SARTAJ GS
SARTAJ GS 5252XM HSD 10F BS6,ISUZU SARTAJ GS
SARTAJ TC III WV 26S TC III,ISUZU SARTAJ
SML SAMRAT ZT54SM TC-IV,ISUZU SAMRAT
ZT54ABDELWBSCHOOLBUS41SEATER,ISUZU ZT54 AB
SARTAJ (EURO III),ISUZU SARTAJ
ZT 54 SM TC 3N,ISUZU ZT54 TC
WV 26 SM NG SHD,ISUZU SWARAJMAZDA
SML SUPER EURO III,ISUZU OTHER
SML BUS BSIII,ISUZU BUS
ZT54M NG AL. BOX,ISUZU ZT54
WV26S TC III SHD 14 SARTAJ XM,ISUZU SARTAJ
WT 49-T 3500,ISUZU T3500
T 3500,ISUZU T3500
SMART 4760,ISUZU OTHER
PRESTIGEGS2815LSD12F,ISUZU OTHER
S7 4240 SCHOOL BUS BS4,ISUZU S7 4240 SCHOOL BUS
SML PRESTIGE WT49ESTC,ISUZU OTHER
ZT54TC III SHD,ISUZU ZT54 TC
WV 26 STC III,ISUZU OTHER
S 7 BUS,ISUZU BUS
MU-X 3.0L 4WD AT,ISUZU MU-X 3.0L 4WD
SARTAJ 59 XM  SHD CARGO BOX,ISUZU SARTAJ
WV 26 TC/III D FES,ISUZU OTHER
D-MAX FLATDECK BS4,ISUZU D-MAX FLATDECK
NA 110,ISUZU OTHER
WV26526,ISUZU OTHER
D-MAX FLATDECK,ISUZU D-MAX FLATDECK
BUS,ISUZU BUS
D-MAX E-FLATDECK WB3050,ISUZU D-MAX FLATDECK
SARTAJ 4WD TC III,ISUZU SARTAJ
WT 50 TC LWB,ISUZU WT50 TC BUS
"WV26S TC,SARTAJ HG 72.BSIII",ISUZU SARTAJ
WV26..,ISUZU OTHER
SUPER 12XM  4760,ISUZU OTHER
WV 26SM NG 72SHDBSIV,ISUZU OTHER
EXECUTIVELX5100XTACBUS39SEATER,ISUZU BUS
D-MAX FLATDECK HR (4JA1,ISUZU D-MAX FLATDECK
WT 50 TC III,ISUZU WT50 TC BUS
D-MAX E-FLATDECK,ISUZU D-MAX FLATDECK
LCV TRUCK  BS- II,ISUZU TRUCK
SWARAJMAZDA SARTAJ EURO II,ISUZU SARTAJ
SAMRATGS4240HSD17F10.7,ISUZU SAMRAT
WV26SCD SARTAJBUS,ISUZU SARTAJ
SARTAJ 5252XM,ISUZU SARTAJ
S7 BUS  4240MM,ISUZU BUS
SAMRAT HIGH DECK,ISUZU SAMRAT
V CROSS BS IV,ISUZU OTHER
ZT54 SHD,ISUZU ZT54
ZT54 SM NG IV SHD LWB,ISUZU ZT54
,ISUZU OTHER
SUPER12.9XMBSIII,ISUZU OTHER
SML WT50 TC,ISUZU WT50 TC BUS
D-MAX SPACE CAB ARCH DEC,ISUZU D-MAX SPACECAB
D-MAX FLATDECK (4JA1),ISUZU D-MAX FLATDECK
D-MAX  HR 4JA1,ISUZU D-MAX
MU-X 3 0 L 4WD AT,ISUZU MU-X
FR 1318,ISUZU OTHER
SARTAJ HG  72,ISUZU SARTAJ
ZT54ABDLWBSCHOOLBUS42SEATER,ISUZU ZT54 AB
S73335SCHOOLBUS31SEATER,ISUZU BUS
ZT 54SM TC,ISUZU ZT54 TC
WV26TC III D BUS STANDARD,ISUZU BUS
V-CROSS HIGH,ISUZU OTHER
ZT54CSHD,ISUZU ZT54
SML S7 BUS  4240,ISUZU BUS
SARTAJ 5252 XM WITHCARGOBOXBS3,ISUZU SARTAJ
SWARAJMAZDA IS 12T,ISUZU SWARAJMAZDA
D-MAXCABCHASSISV2(4JA1,ISUZU D-MAX
SWARAJMAZDA ZT 54 ED,ISUZU ZT54
SWARAJMAZDASPRMZT54ETCIIIDELWB,ISUZU ZT54 TC
SWARAJ 735,ISUZU SWARAJMAZDA
S-CAB- 2WD HR,ISUZU S-CAB 2WD
V CROSS,ISUZU OTHER
T3500-WT50LWB (STANDARD),ISUZU T3500
ZT 54 SM NG A ELWB,ISUZU ZT54
S75100SDXBUS37+1+1SEATER,ISUZU BUS
D-MAX E FLATDECK CKD,ISUZU D-MAX FLATDECK
SML WV 26STC  SCH BUS,ISUZU BUS
SARTAJGSHG753335HSD12F,ISUZU SARTAJ GS
MU-7,ISUZU MU-7
SARTAJ5252GSNGTCCABCHASSIS10F,ISUZU SARTAJ GS
ZT54,ISUZU ZT54
WT50DNGTCCOWLCHASSIS,ISUZU WT50 TC BUS
V-CROSS M1 BS4,ISUZU OTHER
SARTAJ 5252XM CRGBOX BS4,ISUZU SARTAJ
LMV OMNI BUS  SEMI DELUXE,ISUZU BUS
ZT 54 ETC D ELWB,ISUZU ZT54 TC
ZT54E,ISUZU ZT54
"SARTAJHG72STEELHIGHDECK,SHD12",ISUZU SARTAJ
SAMRATXT13123940CABCHASSISPTO,ISUZU SAMRAT
S7 STANDERED SCHOOL BUS BSIII,ISUZU S7 SCHOOL BUS
SML WT50TCIIILWB BSIII,ISUZU WT50 TC BUS
WV26 S TC,ISUZU OTHER
WV 26 S DTC,ISUZU OTHER
BUS,ISUZU BUS
ZT54EDLWBSCHOOLBUS42SEAT,ISUZU ZT54
SARTAJ WV26S TC III,ISUZU SARTAJ
ZT54ABTC III D LWB,ISUZU ZT54 TC
SAMRATGS3335CABCHASSISTIPPER,ISUZU SAMRAT
D-MAX CREW 4JA1,ISUZU D-MAX
SARTAJ BS 3,ISUZU SARTAJ
SML BS III,ISUZU OTHER
ZT54ABDDRIVEAWAYCHASSIS,ISUZU ZT54 AB
WV26S NG SMDC,ISUZU OTHER
SARTAJ GS 3335HG 72HSD14F BS6,ISUZU SARTAJ GS
SML,ISUZU OTHER
WV 26STC 111 S M DC,ISUZU OTHER
ML,ISUZU OTHER
WV 26S IV GH NG,ISUZU OTHER
V-CROSS-PASSENGER VEHICLE-M,ISUZU OTHER
SARTAJ 5252 XM,ISUZU SARTAJ
SAMRAT 4760,ISUZU SAMRAT
S7 BUS BSIII,ISUZU BUS
ZT54 RA,ISUZU ZT54
SAMRAT TC III ZT 54 SM TC III,ISUZU SAMRAT
V-CROSS HIGH PASSENGER VEHICLE,ISUZU OTHER
WV26 SM NG72 SMDC IV,ISUZU SWARAJMAZDA
EXECUTIVE TC III WV 26 EXE TC,ISUZU OTHER
SAMRAT4760GSNGTCHIGHDECK20F,ISUZU SAMRAT
SUPER AB TRUCK,ISUZU TRUCK
SUPREMEGS3335HSD14F,ISUZU OTHER
SUPER SPL,ISUZU OTHER
SAMRAT4240WITHCARGOBOXLWB,ISUZU SAMRAT
V-CROSS PASS - VEHICLE M1,ISUZU OTHER
SM ZT54SM TC IIIA,ISUZU ZT54 TC
D-MAX SPACE,ISUZU D-MAX SPACECAB
WT50 TC LWB,ISUZU WT50 TC BUS
WV 26 S D N G,ISUZU OTHER
EXECUTIVE TCIII WV 26 EXE TCII,ISUZU OTHER
SAMRATGSXT4240HSD17F,ISUZU SAMRAT
SAWRAJ MAZDA SAMRAT( EURAO 111,ISUZU SAMRAT
WV26 STC III,ISUZU OTHER
SARTAJ HG 72 TC III,ISUZU SARTAJ
SARTAJ 5252 XM  SMHD CARGO BOX,ISUZU SARTAJ
S7 SCL BUS DOUBLEDOOR BS4,ISUZU BUS
D-MAX 2WD FD HR 2.0 -PH2,ISUZU D-MAX
D-MAX CAB CHASSIS V2 (4JA1,ISUZU D-MAX
ECOMAXACBUS14 SEATER,ISUZU BUS
BUS..,ISUZU BUS
SARTAJ 5252 XM BSIII,ISUZU SARTAJ
ZT 54,ISUZU ZT54
SAMRAT HD19TCIII  ZT54SMTCIII,ISUZU SAMRAT
SUPREME TCIII D ELWB BUS,ISUZU BUS
S7 SCHOOL BUS BSIII,ISUZU S7 SCHOOL BUS
SARTAJ HG 72 HIGH DECK 12 FT,ISUZU SARTAJ
EXCUTIVE TC III,ISUZU OTHER
T.3500-U,ISUZU OTHER
S7 STANDARD SCHOOL BUS BS IV,ISUZU S7 SCHOOL BUS
SARTAJ3335GSNGTC7200CABCHASSIS,ISUZU SARTAJ GS
MINI BUS,ISUZU BUS
MU-X 3.0L 4WD AT,ISUZU MU-X 3.0L 4WD
SARTAJ 3335 STD,ISUZU SARTAJ 3335
ZT54 SM TC 3 HD 19 LEWB PS,ISUZU ZT54 TC
S 7 4240 SDX STANDARD BUS,ISUZU BUS
HIROIFOH5300BUSDRIVEAWAYCHASIS,ISUZU BUS
