rc_maker_desc,rc_maker_model,Mapped Name,clean_model,jlr_model,final_model
M/S JAGUAR LANDROVER LTD,DISCOVERY3.0 I T/CDIESEL4WD5DO,JAGUAR,DISCOVERY3.0L I T/CDIESEL4WD5DO,LAND ROVER DISCOVERY,LAND ROVER DISCOVERY
JAGUAR LAND ROVER INDIA LIMITED,RANGE ROVER VELAR R-DY BASE,JAGUAR,RANGE ROVER VELAR TRIM TRIM,LAND ROVER RANGE ROVER VELAR,LAND ROVER RANGE ROVER VELAR
M/S JAGUAR LANDROVER LTD,RR VELAR 2.0IT/184KW PETROL4WD5D R-DY S 5S BSVI,JAGUAR,RANGE ROVER VELAR 2.0IT/184KW PETROL4WD5D TRIM S,LAND ROVER RANGE ROVER VELAR,LAND ROVER RANGE ROVER VELAR
JAGUAR LAND ROVER INDIA LIMITED,JAGUAR XE 2.0L DSL PRESTIGE,JAGUAR,XE 2.0L DSL TRIM,JAGUAR XE,JAGUAR XE
JAGUAR LAND ROVER INDIA LIMITED,RANGE ROVER SPORT 3.0L DSL SE,JAGUAR,RANGE ROVER SPORT 3.0L DSL TRIM,LAND ROVER RANGE ROVER SPORT,LAND ROVER RANGE ROVER SPORT
JAGUAR LAND ROVER INDIA LIMITED,RR 3.0L V6 LWB VOGUE,JAGUAR,RR 3.0L V6 LWB TRIM,LAND ROVER RANGE ROVER,LAND ROVER RANGE ROVER
JAGUAR LAND ROVER INDIA LIMITED,DISCOVERY SPORT 2.0D 4WD HSE,JAGUAR,DISCOVERY SPORT 2.0D 4WD TRIM,LAND ROVER DISCOVERY SPORT,LAND ROVER DISCOVERY SPORT
JAGUAR LAND ROVER INDIA LIMITED,JAGUAR XF 2.0L PETROL PRESTIGE,JAGUAR,XF 2.0L PETROL TRIM,JAGUAR XF,JAGUAR XF
M/S JAGUAR LANDROVER LTD,L R R R EVOQUE2.0 I TD4 132 KW,JAGUAR,RANGE ROVER EVOQUE2.0L I TD4 132 KW,LAND ROVER RANGE ROVER EVOQUE,LAND ROVER RANGE ROVER EVOQUE
JAGUAR LAND ROVER INDIA LIMITED,DISCOVERY 2.0L DIESEL HSE,JAGUAR,DISCOVERY 2.0L DIESEL TRIM,LAND ROVER DISCOVERY,LAND ROVER DISCOVERY
JAGUAR LAND ROVER INDIA LIMITED,RANGE ROVER SPORT 3.0 TDV6 HSE,JAGUAR,RANGE ROVER SPORT 3.0 TDV6 TRIM,LAND ROVER RANGE ROVER SPORT,LAND ROVER RANGE ROVER SPORT
JAGUAR LAND ROVER INDIA LIMITED,RANGE ROVER EVOQUE HSE,JAGUAR,RANGE ROVER EVOQUE TRIM,LAND ROVER RANGE ROVER EVOQUE,LAND ROVER RANGE ROVER EVOQUE
JAGUAR LAND ROVER INDIA LIMITED,DISCOVERY SPORT HSE,JAGUAR,DISCOVERY SPORT TRIM,LAND ROVER DISCOVERY SPORT,LAND ROVER DISCOVERY SPORT
JAGUAR LAND ROVER INDIA LIMITED,LAND ROVER RANGE ROVER 3.0L,JAGUAR,RANGE ROVER 3.0L,LAND ROVER RANGE ROVER,LAND ROVER RANGE ROVER
JAGUAR LAND ROVER INDIA LIMITED,F-PACE,JAGUAR,FPACE,JAGUAR F-PACE,JAGUAR F-PACE
JAGUAR LAND ROVER INDIA LIMITED,RANGEROVER SPORT5.0L,JAGUAR,RANGE ROVER SPORT5.0L,LAND ROVER RANGE ROVER SPORT,LAND ROVER RANGE ROVER SPORT
JAGUAR LAND ROVER INDIA LIMITED,RANGE ROVER SPORT 3.0,JAGUAR,RANGE ROVER SPORT 3.0,LAND ROVER RANGE ROVER SPORT,LAND ROVER RANGE ROVER SPORT
JAGUAR CARS LTD,JAGUAR XF 3.0L DIESEL PREMIUM ,JAGUAR,XF 3.0L DIESEL PREMIUM,JAGUAR XF,JAGUAR XF
JAGUAR LAND ROVER INDIA LIMITED,"JAGUAR LAND ROVER INDIA LIMITED, RANGE ROVER SPORT HSE",JAGUAR,RANGE ROVER SPORT TRIM,LAND ROVER RANGE ROVER SPORT,LAND ROVER RANGE ROVER SPORT
JAGUAR LAND ROVER INDIA LIMITED,FREE LANDER 2TD4 2.2 D SE,JAGUAR,FREE LANDER 2TD4 2.2 D TRIM,JLR OTHER,JLR OTHER
M/S JAGUAR LANDROVER LTD,RANGAROVERSPORT3.0 I TDV6DIESE,JAGUAR,RANGAROVERSPORT3.0L I TDV6DIESE,JLR OTHER,JLR OTHER
JAGUAR LAND ROVER INDIA LIMITED,LAND ROVER RANGE ROVER EVOQUE ,JAGUAR,RANGE ROVER EVOQUE,LAND ROVER RANGE ROVER EVOQUE,LAND ROVER RANGE ROVER EVOQUE
JAGUAR LAND ROVER INDIA LIMITED,R.R EVOQUE SD4,JAGUAR,R.R EVOQUE SD4,LAND ROVER OTHER,LAND ROVER OTHER
JAGUAR LAND ROVER INDIA LIMITED,FREELANDER 2.2D SE,JAGUAR,FREELANDER 2.2D TRIM,JLR OTHER,JLR OTHER
JAGUAR LAND ROVER INDIA LIMITED,RANGE ROVER VOGUE 3.0L,JAGUAR,RANGE ROVER TRIM 3.0L,LAND ROVER RANGE ROVER,LAND ROVER RANGE ROVER
JAGUAR LAND ROVER INDIA LIMITED,RANGE ROVER EVOQUE,JAGUAR,RANGE ROVER EVOQUE,LAND ROVER RANGE ROVER EVOQUE,LAND ROVER RANGE ROVER EVOQUE
JAGUAR LAND ROVER INDIA LIMITED,JAGUAR XE 2.0L D PORTFOLIO,JAGUAR,XE 2.0L D TRIM,JAGUAR XE,JAGUAR XE
JAGUAR LAND ROVER INDIA LIMITED,JAGUAR XE 02.0L PRESTIGE,JAGUAR,XE 02.0L TRIM,JAGUAR XE,JAGUAR XE
JAGUAR LAND ROVER INDIA LIMITED,DEFENDER 5.0P,JAGUAR,DEFENDER 5.0P,LAND ROVER DEFENDER,LAND ROVER DEFENDER
JAGUAR CARS LTD,JAGUAR XF 2.2L DIESEL LUXURY B,JAGUAR,XF 2.2L DIESEL LUXURY B,JAGUAR XF,JAGUAR XF
JAGUAR LAND ROVER INDIA LIMITED,LRRR EVOQUE CONVERT HSE DY,JAGUAR,LRRANGE ROVER EVOQUE CONVERT TRIM DY,LAND ROVER RANGE ROVER EVOQUE,LAND ROVER RANGE ROVER EVOQUE
JAGUAR LAND ROVER INDIA LIMITED,FREELANDER2 2.2L TD4 SE,JAGUAR,FREELANDER2 2.2L TD4 TRIM,JLR OTHER,JLR OTHER
JAGUAR LAND ROVER INDIA LIMITED,RR EVOQUE 2.0L D R-DYNAMIC SE,JAGUAR,RANGE ROVER EVOQUE 2.0L D TRIM NAMIC TRIM,LAND ROVER RANGE ROVER EVOQUE,LAND ROVER RANGE ROVER EVOQUE
JAGUAR LAND ROVER INDIA LIMITED,RANGE ROVER 3.0 L DIESEL,JAGUAR,RANGE ROVER 3.0 L DIESEL,LAND ROVER RANGE ROVER,LAND ROVER RANGE ROVER
JAGUAR LAND ROVER INDIA LIMITED,FREELANDER 2.2 D SE,JAGUAR,FREELANDER 2.2 D TRIM,JLR OTHER,JLR OTHER
JAGUAR LAND ROVER INDIA LIMITED,EVOQUE SD4,JAGUAR,EVOQUE SD4,LAND ROVER OTHER,LAND ROVER OTHER
JAGUAR LAND ROVER INDIA LIMITED,JAGUAR XF 2.0L DSL PORTFOLIO,JAGUAR,XF 2.0L DSL TRIM,JAGUAR XF,JAGUAR XF
JAGUAR LAND ROVER INDIA LIMITED,JAGUAR F-3.0 CONVERT,JAGUAR,F-3.0 CONVERT,JLR OTHER,JLR OTHER
JAGUAR LAND ROVER INDIA LIMITED,RR EVOQUE 2.0L D S,JAGUAR,RANGE ROVER EVOQUE 2.0L D S,LAND ROVER RANGE ROVER EVOQUE,LAND ROVER RANGE ROVER EVOQUE
JAGUAR LAND ROVER INDIA LIMITED,JAGUAR XE 2.0 Diesel S,JAGUAR,XE 2.0L DIESEL S,JAGUAR XE,JAGUAR XE
JAGUAR LAND ROVER INDIA LIMITED,JAGUAR XJ 3.0L XJ50,JAGUAR,XJ 3.0L XJ50,JAGUAR XJ,JAGUAR XJ
JAGUAR LAND ROVER INDIA LIMITED,R ROVER EVOQUE 2.0L,JAGUAR,R ROVER EVOQUE 2.0L,LAND ROVER OTHER,LAND ROVER OTHER
JAGUAR LAND ROVER INDIA LIMITED,DISCOVERY 4.3 HSE,JAGUAR,DISCOVERY 4.3 TRIM,LAND ROVER DISCOVERY,LAND ROVER DISCOVERY
JAGUAR LAND ROVER INDIA LIMITED,FREELANDER 2 SD4 2.2L AUTO. SE,JAGUAR,FREELANDER 2 SD4 2.2L AUTO. TRIM,JLR OTHER,JLR OTHER
JAGUAR LAND ROVER INDIA LIMITED,RANGE ROVER VELAR 2.0D DY HSE,JAGUAR,RANGE ROVER VELAR 2.0D DY TRIM,LAND ROVER RANGE ROVER VELAR,LAND ROVER RANGE ROVER VELAR
JAGUAR LAND ROVER INDIA LIMITED,RANGE ROVER EVOQUE 2.0P DY NSE,JAGUAR,RANGE ROVER EVOQUE 2.0P DY NSE,LAND ROVER RANGE ROVER EVOQUE,LAND ROVER RANGE ROVER EVOQUE
JAGUAR LAND ROVER INDIA LIMITED,RANGE ROVER 3.0 L,JAGUAR,RANGE ROVER 3.0 L,LAND ROVER RANGE ROVER,LAND ROVER RANGE ROVER
JAGUAR LAND ROVER INDIA LIMITED,DISCOVERY SPORT 2.0L TD4 SE,JAGUAR,DISCOVERY SPORT 2.0L TD4 TRIM,LAND ROVER DISCOVERY SPORT,LAND ROVER DISCOVERY SPORT
JAGUAR LAND ROVER INDIA LIMITED,RANGE ROVER SPORT S,JAGUAR,RANGE ROVER SPORT S,LAND ROVER RANGE ROVER SPORT,LAND ROVER RANGE ROVER SPORT
M/S JAGUAR LANDROVER LTD,RANGE ROVER SPORT 3.0L SDV6 BSIV,JAGUAR,RANGE ROVER SPORT 3.0L SDV6 BSIV,LAND ROVER RANGE ROVER SPORT,LAND ROVER RANGE ROVER SPORT
JAGUAR LAND ROVER INDIA LIMITED,RANGE ROVER SPORT 3.0D DY HSE,JAGUAR,RANGE ROVER SPORT 3.0D DY TRIM,LAND ROVER RANGE ROVER SPORT,LAND ROVER RANGE ROVER SPORT
JAGUAR LAND ROVER INDIA LIMITED,LANDROVERDISCOVERYSPORT2.0,JAGUAR,LANDROVERDISCOVERYSPORT2.0,LAND ROVER DISCOVERY SPORT,LAND ROVER DISCOVERY SPORT
JAGUAR LAND ROVER INDIA LIMITED,DISCOVERY,JAGUAR,DISCOVERY,LAND ROVER DISCOVERY,LAND ROVER DISCOVERY
JAGUAR LAND ROVER INDIA LIMITED,DISCOVERY 4,JAGUAR,DISCOVERY 4,LAND ROVER DISCOVERY,LAND ROVER DISCOVERY
JAGUAR LAND ROVER INDIA LIMITED,RANGE ROVER SPORT TDV6 SE,JAGUAR,RANGE ROVER SPORT TDV6 TRIM,LAND ROVER RANGE ROVER SPORT,LAND ROVER RANGE ROVER SPORT
JAGUAR LAND ROVER INDIA LIMITED,FREELANDER 2 TD4.2.2 D.A/T SE,JAGUAR,FREELANDER 2 TD4.2.2 D.A/T TRIM,JLR OTHER,JLR OTHER
JAGUAR LAND ROVER INDIA LIMITED,RANGE ROVER 4.4 TDV8 VOUGE SE,JAGUAR,RANGE ROVER 4.4 TDV8 VOUGE TRIM,LAND ROVER RANGE ROVER,LAND ROVER RANGE ROVER
JAGUAR LAND ROVER INDIA LIMITED,LAND ROVER UR,JAGUAR,LAND ROVER UR,JLR OTHER,JLR OTHER
JAGUAR LAND ROVER INDIA LIMITED,JAGUAR XF 3.0L BSIV,JAGUAR,XF 3.0L BSIV,JAGUAR XF,JAGUAR XF
JAGUAR LAND ROVER INDIA LIMITED,JAGUAR F PACE 2.0L ,JAGUAR,F PACE 2.0L,JAGUAR F-PACE,JAGUAR F-PACE
JAGUAR LAND ROVER INDIA LIMITED,JAGUAR XJ 3.0,JAGUAR,XJ 3.0,JAGUAR XJ,JAGUAR XJ
JAGUAR LAND ROVER INDIA LIMITED,RANGE ROVER 4.4,JAGUAR,RANGE ROVER 4.4,LAND ROVER RANGE ROVER,LAND ROVER RANGE ROVER
JAGUAR LAND ROVER INDIA LIMITED,RANGE ROVER 4.4P LWB AB,JAGUAR,RANGE ROVER 4.4P LWB AB,LAND ROVER RANGE ROVER,LAND ROVER RANGE ROVER
JAGUAR LAND ROVER INDIA LIMITED,LR RR EVOQUE 2.0LTD4 132KW SE,JAGUAR,LR RANGE ROVER EVOQUE 2.0LTD4 TRIM,LAND ROVER RANGE ROVER EVOQUE,LAND ROVER RANGE ROVER EVOQUE
JAGUAR LAND ROVER INDIA LIMITED,DISCOVERY SPORT 2.2L SD4 HSE L,JAGUAR,DISCOVERY SPORT 2.2L SD4 TRIM L,LAND ROVER DISCOVERY SPORT,LAND ROVER DISCOVERY SPORT
JAGUAR LAND ROVER INDIA LIMITED,DISCOVERY SPORT 2.0L SI4 177 H,JAGUAR,DISCOVERY SPORT 2.0L SI4 177 H,LAND ROVER DISCOVERY SPORT,LAND ROVER DISCOVERY SPORT
JAGUAR LAND ROVER INDIA LIMITED,FREELANDER 2 HSE,JAGUAR,FREELANDER 2 TRIM,JLR OTHER,JLR OTHER
JAGUAR LAND ROVER INDIA LIMITED,RANGE ROVER SPORT SDV6 SE,JAGUAR,RANGE ROVER SPORT SDV6 TRIM,LAND ROVER RANGE ROVER SPORT,LAND ROVER RANGE ROVER SPORT
JAGUAR LAND ROVER INDIA LIMITED,RANGE ROVER EVOQUE SD4 2.2L,JAGUAR,RANGE ROVER EVOQUE SD4 2.2L,LAND ROVER RANGE ROVER EVOQUE,LAND ROVER RANGE ROVER EVOQUE
JAGUAR LAND ROVER INDIA LIMITED,RANGE ROVER SPORT 3.0L DSL HSE,JAGUAR,RANGE ROVER SPORT 3.0L DSL TRIM,LAND ROVER RANGE ROVER SPORT,LAND ROVER RANGE ROVER SPORT
JAGUAR LAND ROVER INDIA LIMITED,JAGUAR XF 2.2L DIESEL EXECUTIV,JAGUAR,XF 2.2L DIESEL EXECUTIV,JAGUAR XE,JAGUAR XE
JAGUAR LAND ROVER INDIA LIMITED,RANGE ROVER 3.0L TDV,JAGUAR,RANGE ROVER 3.0L TDV,LAND ROVER RANGE ROVER,LAND ROVER RANGE ROVER
JAGUAR LAND ROVER INDIA LIMITED,RANGE ROVER VELAR SE,JAGUAR,RANGE ROVER VELAR TRIM,LAND ROVER RANGE ROVER VELAR,LAND ROVER RANGE ROVER VELAR
JAGUAR LAND ROVER INDIA LIMITED,RANGE ROVER EVOQUE SD4 HSE DYM,JAGUAR,RANGE ROVER EVOQUE SD4 TRIM DYM,LAND ROVER RANGE ROVER EVOQUE,LAND ROVER RANGE ROVER EVOQUE
JAGUAR LAND ROVER INDIA LIMITED,DISCOVERY SPORT 2.2L TD4 DSL,JAGUAR,DISCOVERY SPORT 2.2L TD4 DSL,LAND ROVER DISCOVERY SPORT,LAND ROVER DISCOVERY SPORT
JAGUAR LAND ROVER INDIA LIMITED,RR SPORT 3.0P HSE,JAGUAR,RANGE ROVER SPORT 3.0P TRIM,LAND ROVER RANGE ROVER SPORT,LAND ROVER RANGE ROVER SPORT
JAGUAR LAND ROVER INDIA LIMITED,"FREELANDER 2 TD4, 2.2D HSE",JAGUAR,FREELANDER 2 TD4 2.2D TRIM,JLR OTHER,JLR OTHER
JAGUAR LAND ROVER INDIA LIMITED,TATA ACE EX,JAGUAR,TATA ACE EX,JLR OTHER,JLR OTHER
JAGUAR LAND ROVER INDIA LIMITED,F PACE 3.0 D AWD R SPORT,JAGUAR,F PACE 3.0 D AWD R SPORT,JAGUAR F-PACE,JAGUAR F-PACE
JAGUAR LAND ROVER INDIA LIMITED,JAGUARXF2.0LPETROLPORTFOLI,JAGUAR,JAGUARXF2.0LPETROLPORTFOLI,JAGUAR XF,JAGUAR XF
JAGUAR LAND ROVER INDIA LIMITED,XF 2.2 LUXURY,JAGUAR,XF 2.2 LUXURY,JAGUAR XF,JAGUAR XF
JAGUAR LAND ROVER INDIA LIMITED,4.4L SDV8 LWB AUTOBI,JAGUAR,4.4L SDV8 LWB AUTOBI,JLR OTHER,JLR OTHER
JAGUAR LAND ROVER INDIA LIMITED,RR EVOQUE 2.0I TD4 4X4 5D PURE,JAGUAR,RANGE ROVER EVOQUE 2.0I TD4 4X4 5D TRIM,LAND ROVER RANGE ROVER EVOQUE,LAND ROVER RANGE ROVER EVOQUE
JAGUAR LAND ROVER INDIA LIMITED,JAGUAR F-TYPE 2.0 P COUPE R-DY,JAGUAR,F-TYPE 2.0 P COUPE TRIM,JAGUAR F-TYPE,JAGUAR F-TYPE
JAGUAR LAND ROVER INDIA LIMITED,JAGUAR XF3.0L,JAGUAR,XF3.0L,JAGUAR XF,JAGUAR XF
JAGUAR LAND ROVER INDIA LIMITED,RANGE ROVER EVOQUE SD4,JAGUAR,RANGE ROVER EVOQUE SD4,LAND ROVER RANGE ROVER EVOQUE,LAND ROVER RANGE ROVER EVOQUE
JAGUAR LAND ROVER INDIA LIMITED,RANGE ROVER EVOQUE 2.0 I Si4,JAGUAR,RANGE ROVER EVOQUE 2.0L I SI4,LAND ROVER RANGE ROVER EVOQUE,LAND ROVER RANGE ROVER EVOQUE
JAGUAR LAND ROVER INDIA LIMITED,FREELANDER 2 SD4 2.2 L,JAGUAR,FREELANDER 2 SD4 2.2 L,JLR OTHER,JLR OTHER
JAGUAR LAND ROVER INDIA LIMITED,R. ROVER VOGUE 3.0L,JAGUAR,R. ROVER TRIM 3.0L,JLR OTHER,JLR OTHER
JAGUAR LAND ROVER INDIA LIMITED,RANGE ROVER 3.0L,JAGUAR,RANGE ROVER 3.0L,LAND ROVER RANGE ROVER,LAND ROVER RANGE ROVER
JAGUAR LAND ROVER INDIA LIMITED,RANGE ROVER 3.0P LWB AUTOBIOGR,JAGUAR,RANGE ROVER 3.0P LWB AUTOBIOGR,LAND ROVER RANGE ROVER,LAND ROVER RANGE ROVER
JAGUAR LAND ROVER INDIA LIMITED,DISCOVERY 2.0 L PETROL HSE,JAGUAR,DISCOVERY 2.0 L PETROL TRIM,LAND ROVER DISCOVERY,LAND ROVER DISCOVERY
JAGUAR LAND ROVER INDIA LIMITED,RR SPORT 3.0L SDV6 DIESEL  SE,JAGUAR,RANGE ROVER SPORT 3.0L SDV6 DIESEL TRIM,LAND ROVER RANGE ROVER SPORT,LAND ROVER RANGE ROVER SPORT
JAGUAR LAND ROVER INDIA LIMITED,FREE LANDER 2 TD4 2.2 AT,JAGUAR,FREE LANDER 2 TD4 2.2 AT,JLR OTHER,JLR OTHER
JAGUAR LAND ROVER INDIA LIMITED,RANGE ROVER 4.4L TDV8,JAGUAR,RANGE ROVER 4.4L TDV8,LAND ROVER RANGE ROVER,LAND ROVER RANGE ROVER
JAGUAR LAND ROVER INDIA LIMITED,JAGUR XF 2.2L,JAGUAR,JAGUR XF 2.2L,JAGUAR XF,JAGUAR XF
JAGUAR LAND ROVER INDIA LIMITED,RR EVOQUE P R-DYNAMIC SE,JAGUAR,RANGE ROVER EVOQUE P TRIM NAMIC TRIM,LAND ROVER RANGE ROVER EVOQUE,LAND ROVER RANGE ROVER EVOQUE
JAGUAR LAND ROVER INDIA LIMITED,DISCOVERY SPORT 2.0L TD4,JAGUAR,DISCOVERY SPORT 2.0L TD4,LAND ROVER DISCOVERY SPORT,LAND ROVER DISCOVERY SPORT
JAGUAR LAND ROVER INDIA LIMITED,JAGUAR XF 3 0 D,JAGUAR,XF 3 0 D,JAGUAR XF,JAGUAR XF
JAGUAR LAND ROVER INDIA LIMITED,RANGE ROVER EVOQUE SD4 DYNAMI,JAGUAR,RANGE ROVER EVOQUE SD4 DYNAMI,LAND ROVER RANGE ROVER EVOQUE,LAND ROVER RANGE ROVER EVOQUE
JAGUAR LAND ROVER INDIA LIMITED,RANGE ROVER 3.6 TDV8 DIESEL,JAGUAR,RANGE ROVER 3.6 TDV8 DIESEL,LAND ROVER RANGE ROVER,LAND ROVER RANGE ROVER
JAGUAR LAND ROVER INDIA LIMITED,RANGE ROVER 4.4P LWB SV,JAGUAR,RANGE ROVER 4.4P LWB SV,LAND ROVER RANGE ROVER,LAND ROVER RANGE ROVER
JAGUAR LAND ROVER INDIA LIMITED,RANGE ROVER EVOQUE PRE SD4BS4,JAGUAR,RANGE ROVER EVOQUE PRE SD4BS4,LAND ROVER RANGE ROVER EVOQUE,LAND ROVER RANGE ROVER EVOQUE
JAGUAR LAND ROVER INDIA LIMITED,RANGE ROVER SPORT TDV6,JAGUAR,RANGE ROVER SPORT TDV6,LAND ROVER RANGE ROVER SPORT,LAND ROVER RANGE ROVER SPORT
JAGUAR LAND ROVER INDIA LIMITED,TATA ACE EX BS3,JAGUAR,TATA ACE EX BS3,JLR OTHER,JLR OTHER
M/S JAGUAR LANDROVER LTD,DEFENDER 2.0LPETROL 4WDAUTO5 DOOR HSE 5STR BSVI,JAGUAR,DEFENDER 2.0LPETROL 4WDAUTO5 DOOR TRIM 5STR,LAND ROVER DEFENDER,LAND ROVER DEFENDER
JAGUAR LAND ROVER INDIA LIMITED,LR DISCOVERY SPORT LE,JAGUAR,LR DISCOVERY SPORT LE,LAND ROVER DISCOVERY SPORT,LAND ROVER DISCOVERY SPORT
JAGUAR LAND ROVER INDIA LIMITED,R R 3.0 D LWB TDV6 V,JAGUAR,R R 3.0 D LWB TDV6 V,JLR OTHER,JLR OTHER
JAGUAR LAND ROVER INDIA LIMITED,XF 2.2L,JAGUAR,XF 2.2L,JAGUAR XF,JAGUAR XF
JAGUAR LAND ROVER INDIA LIMITED,RANGE ROVER VELAR 2.0D RDYN S,JAGUAR,RANGE ROVER VELAR 2.0D RDYN S,LAND ROVER RANGE ROVER VELAR,LAND ROVER RANGE ROVER VELAR
JAGUAR LAND ROVER INDIA LIMITED,DEFENDER110 3.0D AWD ATHSE BS6,JAGUAR,DEFENDER110 3.0D AWD ATHSE BS6,LAND ROVER DEFENDER,LAND ROVER DEFENDER
JAGUAR LAND ROVER INDIA LIMITED,JAGUAR XF 2.2 L DIESEL LUXURY,JAGUAR,XF 2.2 L DIESEL LUXURY,JAGUAR XF,JAGUAR XF
JAGUAR LAND ROVER INDIA LIMITED,FREE LANDER 2.2L,JAGUAR,FREE LANDER 2.2L,JLR OTHER,JLR OTHER
M/S JAGUAR LANDROVER LTD,JAGUAR F-PACE 2.0IT/C 150KW DA,JAGUAR,FPACE 2.0IT/C DA,JAGUAR F-PACE,JAGUAR F-PACE
JAGUAR LAND ROVER INDIA LIMITED,FREELANDER 2 HSE SD4,JAGUAR,FREELANDER 2 TRIM SD4,JLR OTHER,JLR OTHER
JAGUAR LAND ROVER INDIA LIMITED,JAGUAR XF 2.0 L DIE,JAGUAR,XF 2.0 L DIE,JAGUAR XF,JAGUAR XF
JAGUAR LAND ROVER INDIA LIMITED,JAGUAR  XF3.0LDIESEL,JAGUAR,XF3.0LDIESEL,JAGUAR XF,JAGUAR XF
JAGUAR LAND ROVER INDIA LIMITED,RR EVOQUE SD4 PURE 4X4 5D5S2.2,JAGUAR,RANGE ROVER EVOQUE SD4 TRIM 4X4 5D5S2.2,LAND ROVER RANGE ROVER EVOQUE,LAND ROVER RANGE ROVER EVOQUE
JAGUAR LAND ROVER INDIA LIMITED,RANGE ROVER SPORT 3.0D DYN HSE,JAGUAR,RANGE ROVER SPORT 3.0D DYN TRIM,LAND ROVER RANGE ROVER SPORT,LAND ROVER RANGE ROVER SPORT
JAGUAR LAND ROVER INDIA LIMITED,RANGE ROVER EVOQUE SD4 SE 4X4,JAGUAR,RANGE ROVER EVOQUE SD4 TRIM 4X4,LAND ROVER RANGE ROVER EVOQUE,LAND ROVER RANGE ROVER EVOQUE
JAGUAR LAND ROVER INDIA LIMITED,JAGUAR XF2.2 L,JAGUAR,XF2.2 L,JAGUAR XF,JAGUAR XF
JAGUAR LAND ROVER INDIA LIMITED,LANDROVER FRELANDER 2TD4 2.2 L,JAGUAR,LANDROVER FRELANDER 2TD4 2.2 L,JLR OTHER,JLR OTHER
JAGUAR LAND ROVER INDIA LIMITED,DEFENDER 3DR 2.0P SE,JAGUAR,DEFENDER 3DR 2.0P TRIM,LAND ROVER DEFENDER,LAND ROVER DEFENDER
JAGUAR LAND ROVER INDIA LIMITED,LAND CRUISER TDV8 4.5,JAGUAR,LAND CRUISER TDV8 4.5,JLR OTHER,JLR OTHER
JAGUAR LAND ROVER INDIA LIMITED,"XJ3.0L PORTFOLIO,BSIV",JAGUAR,XJ3.0L TRIM BSIV,JAGUAR XJ,JAGUAR XJ
JAGUAR LAND ROVER INDIA LIMITED,RANGE ROVER EVOQUE 2.2 LTR SD4,JAGUAR,RANGE ROVER EVOQUE 2.2 LTR SD4,LAND ROVER RANGE ROVER EVOQUE,LAND ROVER RANGE ROVER EVOQUE
JAGUAR LAND ROVER INDIA LIMITED,RANGE ROVER EVOQUE SD4 PURE,JAGUAR,RANGE ROVER EVOQUE SD4 TRIM,LAND ROVER RANGE ROVER EVOQUE,LAND ROVER RANGE ROVER EVOQUE
JAGUAR LAND ROVER INDIA LIMITED,JAGUAR XE 2.0L DIESEL PRESTIGE,JAGUAR,XE 2.0L DIESEL TRIM,JAGUAR XE,JAGUAR XE
JAGUAR LAND ROVER INDIA LIMITED,DISCOVERY SPORT2.0TD4LX4X4HSE7,JAGUAR,DISCOVERY SPORT2.0TD4LX4X4HSE7,LAND ROVER DISCOVERY SPORT,LAND ROVER DISCOVERY SPORT
JAGUAR LAND ROVER INDIA LIMITED,RANGE ROVER VELAR R-DY. SE,JAGUAR,RANGE ROVER VELAR TRIM . TRIM,LAND ROVER RANGE ROVER VELAR,LAND ROVER RANGE ROVER VELAR
M/S JAGUAR LANDROVER LTD,DEFENDER3.0 DIESEL 4WD AUTO 5D,JAGUAR,DEFENDER3.0L DIESEL 4WD AUTO 5D,LAND ROVER DEFENDER,LAND ROVER DEFENDER
JAGUAR LAND ROVER INDIA LIMITED,JAGUR XJ 3.0,JAGUAR,JAGUR XJ 3.0,JAGUAR XJ,JAGUAR XJ
JAGUAR LAND ROVER INDIA LIMITED,JAGUAR XF2 0L DIE PRTFOLIO B,JAGUAR,XF2 0L DIE PRTFOLIO B,JAGUAR XF,JAGUAR XF
JAGUAR LAND ROVER INDIA LIMITED,DISCOVERY SPORT 2.0L P R-DY SE,JAGUAR,DISCOVERY SPORT 2.0L P TRIM TRIM,LAND ROVER DISCOVERY SPORT,LAND ROVER DISCOVERY SPORT
JAGUAR LAND ROVER INDIA LIMITED,JAGUAR,JAGUAR,JAGUAR,JLR OTHER,JLR OTHER
JAGUAR LAND ROVER INDIA LIMITED,TATA MAGIC,JAGUAR,TATA MAGIC,JLR OTHER,JLR OTHER
JAGUAR LAND ROVER INDIA LIMITED,JAGUAR 3.0,JAGUAR,3.0,JLR OTHER,JLR OTHER
JAGUAR LAND ROVER INDIA LIMITED,JAGUAR XKR 5.0L V8 SC,JAGUAR,XKR 5.0L V8 SC,JAGUAR XK,JAGUAR XK
JAGUAR LAND ROVER INDIA LIMITED,DISCOVERY 3.0L PETROL HSE,JAGUAR,DISCOVERY 3.0L PETROL TRIM,LAND ROVER DISCOVERY,LAND ROVER DISCOVERY
JAGUAR LAND ROVER INDIA LIMITED,LAND ROVER RR EVOQUE SD4 SE,JAGUAR,LAND ROVER RANGE ROVER EVOQUE SD4 TRIM,LAND ROVER RANGE ROVER EVOQUE,LAND ROVER RANGE ROVER EVOQUE
JAGUAR LAND ROVER INDIA LIMITED,DISCOVERY SPORT 2.2L SD4,JAGUAR,DISCOVERY SPORT 2.2L SD4,LAND ROVER DISCOVERY SPORT,LAND ROVER DISCOVERY SPORT
JAGUAR LAND ROVER INDIA LIMITED,LAND ROVER FREELANDER,JAGUAR,LAND ROVER FREELANDER,JLR OTHER,JLR OTHER
JAGUAR LAND ROVER INDIA LIMITED,"JAGUAR LAND ROVER INDIA LIMITED, FREELANDER 2.2L",JAGUAR,FREELANDER 2.2L,JLR OTHER,JLR OTHER
JAGUAR LAND ROVER INDIA LIMITED,RANGE ROVER ,JAGUAR,RANGE ROVER,LAND ROVER RANGE ROVER,LAND ROVER RANGE ROVER
JAGUAR LAND ROVER INDIA LIMITED,EVOQUE AWDAT2.0DSL4X4RDYNSEBS6,JAGUAR,EVOQUE AWDAT2.0DSL4X4RDYNSEBS6,LAND ROVER OTHER,LAND ROVER OTHER
JAGUAR LAND ROVER INDIA LIMITED,JAGUAR XF 3.0L,JAGUAR,XF 3.0L,JAGUAR XF,JAGUAR XF
M/S JAGUAR LANDROVER LTD,RANGAROVERSPORT3.0 I TDV6DIESEL SE 5SEATER BSIV,JAGUAR,RANGAROVERSPORT3.0L I TDV6DIESEL TRIM 5SEATER BSIV,JLR OTHER,JLR OTHER
JAGUAR LAND ROVER INDIA LIMITED,RANGE ROVER EVOQUE SE,JAGUAR,RANGE ROVER EVOQUE TRIM,LAND ROVER RANGE ROVER EVOQUE,LAND ROVER RANGE ROVER EVOQUE
JAGUAR LAND ROVER INDIA LIMITED,RANGE ROVER 3.6 V8 DIESEL HSE,JAGUAR,RANGE ROVER 3.6L V8 DIESEL TRIM,LAND ROVER RANGE ROVER,LAND ROVER RANGE ROVER
JAGUAR LAND ROVER INDIA LIMITED,RANGE ROVER3.0,JAGUAR,RANGE ROVER3.0,LAND ROVER RANGE ROVER,LAND ROVER RANGE ROVER
JAGUAR LAND ROVER INDIA LIMITED,XJ,JAGUAR,XJ,JAGUAR XJ,JAGUAR XJ
JAGUAR LAND ROVER INDIA LIMITED,ROVER EVOQUE SD4 PRESTIGE,JAGUAR,ROVER EVOQUE SD4 TRIM,LAND ROVER OTHER,LAND ROVER OTHER
JAGUAR LAND ROVER INDIA LIMITED,RANGE ROVER,JAGUAR,RANGE ROVER,LAND ROVER RANGE ROVER,LAND ROVER RANGE ROVER
JAGUAR LAND ROVER INDIA LIMITED,FREELANDER 2.2 TD4,JAGUAR,FREELANDER 2.2L TD4,JLR OTHER,JLR OTHER
JAGUAR LAND ROVER INDIA LIMITED,RANGE ROVER EVOQUE S,JAGUAR,RANGE ROVER EVOQUE S,LAND ROVER RANGE ROVER EVOQUE,LAND ROVER RANGE ROVER EVOQUE
JAGUAR LAND ROVER INDIA LIMITED,RANGE ROVER VELAR 2.0D R-DYN S,JAGUAR,RANGE ROVER VELAR 2.0D TRIM N S,LAND ROVER RANGE ROVER VELAR,LAND ROVER RANGE ROVER VELAR
JAGUAR LAND ROVER INDIA LIMITED,LPT 407 EX/34 BS III,JAGUAR,LPT 407 EX/34 BS III,JLR OTHER,JLR OTHER
JAGUAR LAND ROVER INDIA LIMITED,RANGEROVER 4.4 L D,JAGUAR,RANGE ROVER 4.4 L D,LAND ROVER RANGE ROVER,LAND ROVER RANGE ROVER
JAGUAR LAND ROVER INDIA LIMITED,JAGUAR XF 2.0 L,JAGUAR,XF 2.0 L,JAGUAR XF,JAGUAR XF
JAGUAR LAND ROVER INDIA LIMITED,DISCOVERY SPORTAWDAT2.0RDSEBS6,JAGUAR,DISCOVERY SPORTAWDAT2.0RDSEBS6,LAND ROVER DISCOVERY SPORT,LAND ROVER DISCOVERY SPORT
JAGUAR LAND ROVER INDIA LIMITED,LAND ROVER FREELANDER 2.2  SE,JAGUAR,LAND ROVER FREELANDER 2.2 TRIM,JLR OTHER,JLR OTHER
JAGUAR LAND ROVER INDIA LIMITED,JAGUAR BRAND,JAGUAR,BRAND,JLR OTHER,JLR OTHER
M/S JAGUAR LANDROVER LTD,JAGUAR F-PACE 2.0LT/C184KWPAWD,JAGUAR,FPACE 2.0LT/C184KWPAWD,JAGUAR F-PACE,JAGUAR F-PACE
JAGUAR LAND ROVER INDIA LIMITED,JAGUAR XF 3.0L DSL PREMIUM LUX,JAGUAR,XF 3.0L DSL PREMIUM LUX,JAGUAR XF,JAGUAR XF
M/S JAGUAR LANDROVER LTD,RANGEROVERVELAR2.0IT/C132KWD4W,JAGUAR,RANGE ROVERVELAR2.0IT/C132KWD4W,LAND ROVER RANGE ROVER VELAR,LAND ROVER RANGE ROVER VELAR
M/S JAGUAR LANDROVER INDIA LTD,RANGA ROVER 3.OD TDV6 AWD5DRSW,JAGUAR,RANGA ROVER 3.OD TDV6 AWD5DRSW,JLR OTHER,JLR OTHER
JAGUAR LAND ROVER INDIA LIMITED,FREELANDER,JAGUAR,FREELANDER,JLR OTHER,JLR OTHER
JAGUAR LAND ROVER INDIA LIMITED,LANDROVER FRELNDR 2SD4 2.2L SE,JAGUAR,LANDROVER FRELNDR 2SD4 2.2L TRIM,JLR OTHER,JLR OTHER
JAGUAR LAND ROVER INDIA LIMITED,DISCOVERY SPORT 2.0D 4WD SE,JAGUAR,DISCOVERY SPORT 2.0D 4WD TRIM,LAND ROVER DISCOVERY SPORT,LAND ROVER DISCOVERY SPORT
JAGUAR LAND ROVER INDIA LIMITED,"JAGUAR LAND ROVER INDIA LIMITED, FREELANDER 2 TD4 2.2D SE",JAGUAR,FREELANDER 2 TD4 2.2D TRIM,JLR OTHER,JLR OTHER
JAGUAR LAND ROVER INDIA LIMITED,RANGE ROVER 3.0D SWB HSE,JAGUAR,RANGE ROVER 3.0D SWB TRIM,LAND ROVER RANGE ROVER,LAND ROVER RANGE ROVER
JAGUAR LAND ROVER INDIA LIMITED,LAND ROVER RR EVOQUE 2.0LSI4,JAGUAR,LAND ROVER RANGE ROVER EVOQUE 2.0LSI4,LAND ROVER RANGE ROVER EVOQUE,LAND ROVER RANGE ROVER EVOQUE
JAGUAR LAND ROVER INDIA LIMITED,XF 2.2L DIESEL LUXURY,JAGUAR,XF 2.2L DIESEL LUXURY,JAGUAR XF,JAGUAR XF
JAGUAR LAND ROVER INDIA LIMITED,RANGEROVER EVOQUE SD4IMP,JAGUAR,RANGE ROVER EVOQUE SD4IMP,LAND ROVER RANGE ROVER EVOQUE,LAND ROVER RANGE ROVER EVOQUE
JAGUAR LAND ROVER INDIA LIMITED,LMV. JAGUAR XJ,JAGUAR,LMV. XJ,JAGUAR XJ,JAGUAR XJ
JAGUAR LAND ROVER INDIA LIMITED,FREELANDER 2 TD 4,JAGUAR,FREELANDER 2 TD 4,JLR OTHER,JLR OTHER
JAGUAR LAND ROVER INDIA LIMITED,LANDROVER R R E 2.0 ITD4132KWD,JAGUAR,LANDROVER R R E 2.0L ITD4132KWD,JLR OTHER,JLR OTHER
JAGUAR LAND ROVER INDIA LIMITED,DISCOVERY 3.0I T/C D,JAGUAR,DISCOVERY 3.0I T/C D,LAND ROVER DISCOVERY,LAND ROVER DISCOVERY
JAGUAR LAND ROVER INDIA LIMITED,RANGE ROVER EVOQ SD4BS4,JAGUAR,RANGE ROVER EVOQ SD4BS4,LAND ROVER RANGE ROVER,LAND ROVER RANGE ROVER
JAGUAR LAND ROVER INDIA LIMITED,RANGE ROVER SPORT TDV6 HSE,JAGUAR,RANGE ROVER SPORT TDV6 TRIM,LAND ROVER RANGE ROVER SPORT,LAND ROVER RANGE ROVER SPORT
M/S JAGUAR LANDROVER LTD,RANGE ROVER SPORT 3.0L SDV6 BS,JAGUAR,RANGE ROVER SPORT 3.0L SDV6 BS,LAND ROVER RANGE ROVER SPORT,LAND ROVER RANGE ROVER SPORT
JAGUAR LAND ROVER INDIA LIMITED,FREELANDER 2TD 4,JAGUAR,FREELANDER 2TD 4,JLR OTHER,JLR OTHER
JAGUAR LAND ROVER INDIA LIMITED,JAGUAR F-PACE 2.0L PRESTIGE,JAGUAR,FPACE 2.0L TRIM,JAGUAR F-PACE,JAGUAR F-PACE
JAGUAR LAND ROVER INDIA LIMITED,RANGE ROVER 4.4 DSL,JAGUAR,RANGE ROVER 4.4L DSL,LAND ROVER RANGE ROVER,LAND ROVER RANGE ROVER
JAGUAR LAND ROVER INDIA LIMITED,LAND ROVER FREELANDER 2 SD4 2.,JAGUAR,LAND ROVER FREELANDER 2 SD4 2.,JLR OTHER,JLR OTHER
JAGUAR LAND ROVER INDIA LIMITED,FREELANDER 2 TD4 2.2 DSL AT S,JAGUAR,FREELANDER 2 TD4 2.2L DSL AT S,JLR OTHER,JLR OTHER
JAGUAR LAND ROVER INDIA LIMITED,ROVER ROVER 5.0L SC,JAGUAR,ROVER ROVER 5.0L SC,JLR OTHER,JLR OTHER
JAGUAR LAND ROVER INDIA LIMITED,JAGUAR XF 3.0L DIESEL PREMIUM,JAGUAR,XF 3.0L DIESEL PREMIUM,JAGUAR XF,JAGUAR XF
JAGUAR LAND ROVER INDIA LIMITED,LAND ROVER DISCOVERY SPORT 2.0,JAGUAR,LAND ROVER DISCOVERY SPORT 2.0,LAND ROVER DISCOVERY SPORT,LAND ROVER DISCOVERY SPORT
JAGUAR LAND ROVER INDIA LIMITED,JAGUAR XF 3.0L  BS-IV,JAGUAR,XF 3.0L BS-IV,JAGUAR XF,JAGUAR XF
JAGUAR LAND ROVER INDIA LIMITED,JAGUARXF 3.0L DIESEL,JAGUAR,JAGUARXF 3.0L DIESEL,JAGUAR XF,JAGUAR XF
JAGUAR LAND ROVER INDIA LIMITED,FREELANDER 2 TD4 2.2 DSL AT SE,JAGUAR,FREELANDER 2 TD4 2.2L DSL AT TRIM,JLR OTHER,JLR OTHER
JAGUAR LAND ROVER INDIA LIMITED,RANGE ROVER 3.0 TDV6 EU4 VOGUE,JAGUAR,RANGE ROVER 3.0 TDV6 EU4 TRIM,LAND ROVER RANGE ROVER,LAND ROVER RANGE ROVER
JAGUAR LAND ROVER INDIA LIMITED,DISCOVERY 2.0P R-DYNAMIC HSE,JAGUAR,DISCOVERY 2.0P TRIM NAMIC TRIM,LAND ROVER DISCOVERY,LAND ROVER DISCOVERY
JAGUAR LAND ROVER INDIA LIMITED,ROVER EXOQUE 2.2L BS4,JAGUAR,ROVER EXOQUE 2.2L BS4,JLR OTHER,JLR OTHER
JAGUAR LAND ROVER INDIA LIMITED,RANGE ROVER EVOQUE SD4PRESTIGE,JAGUAR,RANGE ROVER EVOQUE SD4PRESTIGE,LAND ROVER RANGE ROVER EVOQUE,LAND ROVER RANGE ROVER EVOQUE
JAGUAR LAND ROVER INDIA LIMITED,RANGE ROVER SPORT5L,JAGUAR,RANGE ROVER SPORT5L,LAND ROVER RANGE ROVER SPORT,LAND ROVER RANGE ROVER SPORT
JAGUAR LAND ROVER INDIA LIMITED,EVOQUE SD 4,JAGUAR,EVOQUE SD 4,LAND ROVER OTHER,LAND ROVER OTHER
JAGUAR LAND ROVER INDIA LIMITED,JAGUAR XF,JAGUAR,XF,JAGUAR XF,JAGUAR XF
JAGUAR LAND ROVER INDIA LIMITED,RR SPORT2.0L14TC4WDAT5DSE BS6,JAGUAR,RANGE ROVER SPORT2.0L14TC4WDAT5DSE BS6,LAND ROVER RANGE ROVER SPORT,LAND ROVER RANGE ROVER SPORT
JAGUAR LAND ROVER INDIA LIMITED,FREELANDER 2 SE TD4 2.2L,JAGUAR,FREELANDER 2 TRIM TD4 2.2L,JLR OTHER,JLR OTHER
JAGUAR LAND ROVER INDIA LIMITED,RANGE ROVER SPORT 3.0P DY HSE,JAGUAR,RANGE ROVER SPORT 3.0P DY TRIM,LAND ROVER RANGE ROVER SPORT,LAND ROVER RANGE ROVER SPORT
JAGUAR LAND ROVER INDIA LIMITED,LAND ROV FREELA 2 2.2L SD4 HS,JAGUAR,LAND ROV FREELA 2 2.2L SD4 HS,JLR OTHER,JLR OTHER
JAGUAR LAND ROVER INDIA LIMITED,XE 2.0L PETROL,JAGUAR,XE 2.0L PETROL,JAGUAR XE,JAGUAR XE
JAGUAR LAND ROVER INDIA LIMITED,XF2.2L D,JAGUAR,XF2.2L D,JAGUAR XF,JAGUAR XF
JAGUAR LAND ROVER INDIA LIMITED,RANGE ROVER EVOQUE 2.2L SD4,JAGUAR,RANGE ROVER EVOQUE 2.2L SD4,LAND ROVER RANGE ROVER EVOQUE,LAND ROVER RANGE ROVER EVOQUE
JAGUAR LAND ROVER INDIA LIMITED,RANGE ROVER 4.4 TDV8 DIESEL,JAGUAR,RANGE ROVER 4.4 TDV8 DIESEL,LAND ROVER RANGE ROVER,LAND ROVER RANGE ROVER
JAGUAR LAND ROVER INDIA LIMITED,"JAGUAR LAND ROVER INDIA LIMITED, RANGE ROVER EVOQUE SD4",JAGUAR,RANGE ROVER EVOQUE SD4,LAND ROVER RANGE ROVER EVOQUE,LAND ROVER RANGE ROVER EVOQUE
M/S JAGUAR LANDROVER LTD,RANGEROVERVELAR2.0IT/C221KW4WD,JAGUAR,RANGE ROVERVELAR2.0IT/C221KW4WD,LAND ROVER RANGE ROVER VELAR,LAND ROVER RANGE ROVER VELAR
JAGUAR LAND ROVER INDIA LIMITED,JAGUAR XJ 2.0L PETROL PORTFOLI,JAGUAR,XJ 2.0L PETROL PORTFOLI,JAGUAR XJ,JAGUAR XJ
M/S JAGUAR LANDROVER LTD,RR EVOQUEAWDAUTO2.0I132 KWDIES,JAGUAR,RANGE ROVER EVOQUEAWDAUTO2.0I132 KWDIES,LAND ROVER RANGE ROVER EVOQUE,LAND ROVER RANGE ROVER EVOQUE
JAGUAR LAND ROVER INDIA LIMITED,LANDROVER DISCOVERY,JAGUAR,LANDROVER DISCOVERY,LAND ROVER DISCOVERY,LAND ROVER DISCOVERY
M/S JAGUAR LANDROVER LTD,DISCOVERY3.0IV6PETROL4WDAUTO5DOORHSE7SEATE BSIV,JAGUAR,DISCOVERY3.0IV6PETROL4WDAUTO5DOORHSE7SEATE BSIV,LAND ROVER DISCOVERY,LAND ROVER DISCOVERY
JAGUAR LAND ROVER INDIA LIMITED,RANGEROVER 3.0LVOGUE,JAGUAR,RANGE ROVER 3.0LVOGUE,LAND ROVER RANGE ROVER VOGUE,LAND ROVER RANGE ROVER VOGUE
JAGUAR LAND ROVER INDIA LIMITED,DISCOVERY SPORT2.0DSL HSE 7ST,JAGUAR,DISCOVERY SPORT2.0DSL TRIM 7ST,LAND ROVER DISCOVERY SPORT,LAND ROVER DISCOVERY SPORT
JAGUAR LAND ROVER INDIA LIMITED,JAGUAR XE 2.0L PETROL PRESTIGE,JAGUAR,XE 2.0L PETROL TRIM,JAGUAR XE,JAGUAR XE
M/S JAGUAR LANDROVER LTD,RRE AWD AUTO 2.0L183KW P 4X4 R,JAGUAR,RRE AWD AUTO 2.0L183KW P 4X4 R,JLR OTHER,JLR OTHER
JAGUAR LAND ROVER INDIA LIMITED,JAGUAR2.2L DIESEL LUXURY,JAGUAR,JAGUAR2.2L DIESEL LUXURY,JLR OTHER,JLR OTHER
JAGUAR LAND ROVER INDIA LIMITED,DISCOVERY 3.0L P HSE 7SEATER,JAGUAR,DISCOVERY 3.0L P TRIM 7SEATER,LAND ROVER DISCOVERY,LAND ROVER DISCOVERY
JAGUAR LAND ROVER INDIA LIMITED,RANGE ROVER 3.0 T/C,JAGUAR,RANGE ROVER 3.0 T/C,LAND ROVER RANGE ROVER,LAND ROVER RANGE ROVER
JAGUAR LAND ROVER INDIA LIMITED,JAGUAR XF 2.2L,JAGUAR,XF 2.2L,JAGUAR XF,JAGUAR XF
JAGUAR LAND ROVER INDIA LIMITED,TATA SUPERACE,JAGUAR,TATA SUPERACE,JLR OTHER,JLR OTHER
JAGUAR LAND ROVER INDIA LIMITED,FREELANDER2 2.2D SE,JAGUAR,FREELANDER2 2.2D TRIM,JLR OTHER,JLR OTHER
JAGUAR LAND ROVER INDIA LIMITED,RANGE ROVER SPORT 3.0L S/C SE,JAGUAR,RANGE ROVER SPORT 3.0L S/C TRIM,LAND ROVER RANGE ROVER SPORT,LAND ROVER RANGE ROVER SPORT
JAGUAR CARS LTD,DISCOVERY SPORT2.0L RDY SE BS6,JAGUAR,DISCOVERY SPORT2.0L RDY TRIM BS6,LAND ROVER DISCOVERY SPORT,LAND ROVER DISCOVERY SPORT
JAGUAR LAND ROVER INDIA LIMITED,JAGUAR XF 2.0L PETROL PORTFOLI,JAGUAR,XF 2.0L PETROL PORTFOLI,JAGUAR XF,JAGUAR XF
JAGUAR LAND ROVER INDIA LIMITED,RANGE ROVER SPORT SE,JAGUAR,RANGE ROVER SPORT TRIM,LAND ROVER RANGE ROVER SPORT,LAND ROVER RANGE ROVER SPORT
JAGUAR LAND ROVER INDIA LIMITED,JAGUAR XF 3.0 L,JAGUAR,XF 3.0 L,JAGUAR XF,JAGUAR XF
M/S JAGUAR LANDROVER LTD,DEFENDER 2.0L PETROL 4WDAUTO 5,JAGUAR,DEFENDER 2.0L PETROL 4WDAUTO 5,LAND ROVER DEFENDER,LAND ROVER DEFENDER
JAGUAR LAND ROVER INDIA LIMITED,LR RR EVOQUE HSE DYNAMIC,JAGUAR,LR RANGE ROVER EVOQUE TRIM DYNAMIC,LAND ROVER RANGE ROVER EVOQUE,LAND ROVER RANGE ROVER EVOQUE
JAGUAR LAND ROVER INDIA LIMITED,FREELANDER 2 TD 4 2.2L,JAGUAR,FREELANDER 2 TD 4 2.2L,JLR OTHER,JLR OTHER
JAGUAR LAND ROVER INDIA LIMITED,JAGUAR XE 2.0L DIESEL PURE,JAGUAR,XE 2.0L DIESEL TRIM,JAGUAR XE,JAGUAR XE
JAGUAR LAND ROVER INDIA LIMITED,JAGUAR XF 2.0L DSL PURE BSIV,JAGUAR,XF 2.0L DSL TRIM BSIV,JAGUAR XF,JAGUAR XF
JAGUAR LAND ROVER INDIA LIMITED,LR DISCOVERY SPORT HSE,JAGUAR,LR DISCOVERY SPORT TRIM,LAND ROVER DISCOVERY SPORT,LAND ROVER DISCOVERY SPORT
JAGUAR LAND ROVER INDIA LIMITED,DISCOVERY 4 3.0L TD V6 SE,JAGUAR,DISCOVERY 4 3.0L TD V6 TRIM,LAND ROVER DISCOVERY,LAND ROVER DISCOVERY
JAGUAR LAND ROVER INDIA LIMITED,RANGE ROVER 3.0 TDV6 VOGUE,JAGUAR,RANGE ROVER 3.0 TDV6 TRIM,LAND ROVER RANGE ROVER,LAND ROVER RANGE ROVER
JAGUAR LAND ROVER INDIA LIMITED,FREELANDER 2 TD4 2.2D,JAGUAR,FREELANDER 2 TD4 2.2D,JLR OTHER,JLR OTHER
JAGUAR LAND ROVER INDIA LIMITED,RANGE ROVER EVO. SD4 PURE,JAGUAR,RANGE ROVER EVO. SD4 TRIM,LAND ROVER RANGE ROVER,LAND ROVER RANGE ROVER
JAGUAR LAND ROVER INDIA LIMITED,DISCOVERY 3.0L PETROL HSE LUX,JAGUAR,DISCOVERY 3.0L PETROL TRIM LUX,LAND ROVER DISCOVERY,LAND ROVER DISCOVERY
JAGUAR LAND ROVER INDIA LIMITED,RANGEROVER V 2.0 IT/C 184KW P,JAGUAR,RANGE ROVER V 2.0L IT/C P,LAND ROVER RANGE ROVER,LAND ROVER RANGE ROVER
JAGUAR LAND ROVER INDIA LIMITED,JAGUAR F-TYPE 3.0L V6 SC,JAGUAR,F-TYPE 3.0L V6 SC,JAGUAR F-TYPE,JAGUAR F-TYPE
JAGUAR LAND ROVER INDIA LIMITED,R ROVER EVOQUE SD 4,JAGUAR,R ROVER EVOQUE SD 4,LAND ROVER OTHER,LAND ROVER OTHER
JAGUAR LAND ROVER INDIA LIMITED,JAGUAR XKR,JAGUAR,XKR,JAGUAR XK,JAGUAR XK
JAGUAR LAND ROVER INDIA LIMITED,RANGE ROVER LWB VOGUE SE,JAGUAR,RANGE ROVER LWB TRIM TRIM,LAND ROVER RANGE ROVER,LAND ROVER RANGE ROVER
M/S JAGUAR LANDROVER LTD,JAGUAR I-PACE HSE BSVI,JAGUAR,IPACE TRIM,JAGUAR I-PACE,JAGUAR I-PACE
JAGUAR LAND ROVER INDIA LIMITED,RANGE ROVER EVOQU SD4 DYNAMC5D,JAGUAR,RANGE ROVER EVOQU SD4 DYNAMC5D,LAND ROVER RANGE ROVER,LAND ROVER RANGE ROVER
JAGUAR LAND ROVER INDIA LIMITED,JAGUAR XFR (5.0L V8 S/C) EIV,JAGUAR,XFR (5.0L V8 S/C) EIV,JAGUAR XF,JAGUAR XF
JAGUAR LAND ROVER INDIA LIMITED,DISCOVERY 43.0 TD V6 SE BSIV,JAGUAR,DISCOVERY 43.0 TD V6 TRIM BSIV,LAND ROVER DISCOVERY,LAND ROVER DISCOVERY
JAGUAR LAND ROVER INDIA LIMITED,RANGE ROVER SPORT 5.0L V8,JAGUAR,RANGE ROVER SPORT 5.0L V8,LAND ROVER RANGE ROVER SPORT,LAND ROVER RANGE ROVER SPORT
JAGUAR LAND ROVER INDIA LIMITED,RANGE ROVER3.0L TDV6 VOGUE SE,JAGUAR,RANGE ROVER3.0L TDV6 TRIM TRIM,LAND ROVER RANGE ROVER,LAND ROVER RANGE ROVER
JAGUAR LAND ROVER INDIA LIMITED,LR RR EVOQUE 2.0LTD4 SE DY,JAGUAR,LR RANGE ROVER EVOQUE 2.0LTD4 TRIM DY,LAND ROVER RANGE ROVER EVOQUE,LAND ROVER RANGE ROVER EVOQUE
JAGUAR LAND ROVER INDIA LIMITED,RANGE ROVER VELAR R-DY. S,JAGUAR,RANGE ROVER VELAR TRIM . S,LAND ROVER RANGE ROVER VELAR,LAND ROVER RANGE ROVER VELAR
JAGUAR LAND ROVER INDIA LIMITED,FREELANDER 2.2D,JAGUAR,FREELANDER 2.2D,JLR OTHER,JLR OTHER
JAGUAR LAND ROVER INDIA LIMITED,JAGUAR XF 2.2L D LUXURY,JAGUAR,XF 2.2L D LUXURY,JAGUAR XF,JAGUAR XF
JAGUAR LAND ROVER INDIA LIMITED,F-PACE 2.0 L I4D,JAGUAR,FPACE 2.0 L I4D,JAGUAR F-PACE,JAGUAR F-PACE
JAGUAR LAND ROVER INDIA LIMITED,JAGUAR F-PACE 2.0L,JAGUAR,FPACE 2.0L,JAGUAR F-PACE,JAGUAR F-PACE
JAGUAR LAND ROVER INDIA LIMITED,RANGE ROVER EVOQUE SD4 PURE5DR,JAGUAR,RANGE ROVER EVOQUE SD4 TRIM 5DR,LAND ROVER RANGE ROVER EVOQUE,LAND ROVER RANGE ROVER EVOQUE
JAGUAR LAND ROVER INDIA LIMITED,VELAR2.0I TC PTR 4WD 5DRDYNMSE,JAGUAR,VELAR2.0I TC PTR 4WD 5DRDYNMSE,LAND ROVER OTHER,LAND ROVER OTHER
JAGUAR LAND ROVER INDIA LIMITED,RANGE ROVER EVOQUE SD4 DYNAMIC,JAGUAR,RANGE ROVER EVOQUE SD4 DYNAMIC,LAND ROVER RANGE ROVER EVOQUE,LAND ROVER RANGE ROVER EVOQUE
JAGUAR LAND ROVER INDIA LIMITED,LR RR EVOQUE 2.0LTD4 E. S ED,JAGUAR,LR RANGE ROVER EVOQUE 2.0LTD4 E. S ED,LAND ROVER RANGE ROVER EVOQUE,LAND ROVER RANGE ROVER EVOQUE
JAGUAR LAND ROVER INDIA LIMITED,RANGE ROVER EVOQUE SD4 DYN 5DR,JAGUAR,RANGE ROVER EVOQUE SD4 DYN 5DR,LAND ROVER RANGE ROVER EVOQUE,LAND ROVER RANGE ROVER EVOQUE
JAGUAR LAND ROVER INDIA LIMITED,RANGE ROVER 2.7,JAGUAR,RANGE ROVER 2.7,LAND ROVER RANGE ROVER,LAND ROVER RANGE ROVER
JAGUAR LAND ROVER INDIA LIMITED,XF 3.0L DIESEL PREMIUM LUXURY,JAGUAR,XF 3.0L DIESEL PREMIUM LUXURY,JAGUAR XF,JAGUAR XF
JAGUAR LAND ROVER INDIA LIMITED,SPORTS 3.0,JAGUAR,SPORTS 3.0,JLR OTHER,JLR OTHER
JAGUAR LAND ROVER INDIA LIMITED,DISCOVERY SPORT2.0L RDY SE BS6,JAGUAR,DISCOVERY SPORT2.0L RDY TRIM BS6,LAND ROVER DISCOVERY SPORT,LAND ROVER DISCOVERY SPORT
JAGUAR LAND ROVER INDIA LIMITED,FREELANDER 2 TD4 2.2D SE,JAGUAR,FREELANDER 2 TD4 2.2D TRIM,JLR OTHER,JLR OTHER
JAGUAR LAND ROVER INDIA LIMITED,RANGE ROVER 3.0L TDV6 LWB DIES,JAGUAR,RANGE ROVER 3.0L TDV6 LWB DIES,LAND ROVER RANGE ROVER,LAND ROVER RANGE ROVER
JAGUAR LAND ROVER INDIA LIMITED,JAGUAR XF 3.0 L LUXURY,JAGUAR,XF 3.0 L LUXURY,JAGUAR XF,JAGUAR XF
JAGUAR LAND ROVER INDIA LIMITED,LRDS DSL HSE TD4 5 STR,JAGUAR,LRDS DSL TRIM TD4 5 STR,JLR OTHER,JLR OTHER
JAGUAR LAND ROVER INDIA LIMITED,DISCOVERY SPORT 2.2L,JAGUAR,DISCOVERY SPORT 2.2L,LAND ROVER DISCOVERY SPORT,LAND ROVER DISCOVERY SPORT
JAGUAR LAND ROVER INDIA LIMITED,1,JAGUAR,1,JLR OTHER,JLR OTHER
JAGUAR LAND ROVER INDIA LIMITED,JAGUAR XF 2.2L DIESEL,JAGUAR,XF 2.2L DIESEL,JAGUAR XF,JAGUAR XF
M/S JAGUAR LANDROVER LTD,RANGEROVERSPORT4.4LSDV8250KWDA,JAGUAR,RANGE ROVERSPORT4.4LSDV8250KWDA,LAND ROVER RANGE ROVER SPORT,LAND ROVER RANGE ROVER SPORT
JAGUAR LAND ROVER INDIA LIMITED,FREELANDER2 2.2L SE,JAGUAR,FREELANDER2 2.2L TRIM,JLR OTHER,JLR OTHER
M/S JAGUAR LANDROVER LTD,JAGUAR XF 2.0L DIESEL PORTFOLI,JAGUAR,XF 2.0L DIESEL PORTFOLI,JAGUAR XF,JAGUAR XF
JAGUAR LAND ROVER INDIA LIMITED,DISCOVERY4 3.0 V6,JAGUAR,DISCOVERY4 3.0L V6,LAND ROVER DISCOVERY,LAND ROVER DISCOVERY
JAGUAR LAND ROVER INDIA LIMITED,DEFENDER X,JAGUAR,DEFENDER X,LAND ROVER DEFENDER,LAND ROVER DEFENDER
JAGUAR LAND ROVER INDIA LIMITED,DISCOVERY SPORT 2.2L TD4,JAGUAR,DISCOVERY SPORT 2.2L TD4,LAND ROVER DISCOVERY SPORT,LAND ROVER DISCOVERY SPORT
JAGUAR LAND ROVER INDIA LIMITED,"JAGUAR LAND ROVER INDIA LIMITED, RANGEROVER V 2.0 IT/C 184KW P",JAGUAR,RANGE ROVER V 2.0L IT/C P,LAND ROVER RANGE ROVER,LAND ROVER RANGE ROVER
JAGUAR LAND ROVER INDIA LIMITED,DS-SALCA2AB9GL961042,JAGUAR,DS-SALCA2AB9GL961042,JLR OTHER,JLR OTHER
JAGUAR LAND ROVER INDIA LIMITED,RANGE ROVER SPORT,JAGUAR,RANGE ROVER SPORT,LAND ROVER RANGE ROVER SPORT,LAND ROVER RANGE ROVER SPORT
JAGUAR LAND ROVER INDIA LIMITED,RANGE ROVER LWB AUTOBIOGRAPHY,JAGUAR,RANGE ROVER LWB AUTOBIOGRAPHY,LAND ROVER RANGE ROVER,LAND ROVER RANGE ROVER
M/S JAGUAR LANDROVER LTD,DIS SPORT AWD AUTO 2.0L 132KW,JAGUAR,DIS SPORT AWD AUTO 2.0L,JLR OTHER,JLR OTHER
JAGUAR LAND ROVER INDIA LIMITED,JAGUAR XF 2.2L DSL LUXURY,JAGUAR,XF 2.2L DSL LUXURY,JAGUAR XF,JAGUAR XF
JAGUAR LAND ROVER INDIA LIMITED,RANGE ROVER 4.4L TD V8,JAGUAR,RANGE ROVER 4.4L TD V8,LAND ROVER RANGE ROVER,LAND ROVER RANGE ROVER
JAGUAR LAND ROVER INDIA LIMITED,RANGE ROVER EVOQUE SD4 BS IV,JAGUAR,RANGE ROVER EVOQUE SD4 BS IV,LAND ROVER RANGE ROVER EVOQUE,LAND ROVER RANGE ROVER EVOQUE
JAGUAR LAND ROVER INDIA LIMITED,DISCOVERY 4 DTV6,JAGUAR,DISCOVERY 4 DTV6,LAND ROVER DISCOVERY,LAND ROVER DISCOVERY
JAGUAR LAND ROVER INDIA LIMITED,RANGE ROVER SPORT3.0,JAGUAR,RANGE ROVER SPORT3.0,LAND ROVER RANGE ROVER SPORT,LAND ROVER RANGE ROVER SPORT
JAGUAR LAND ROVER INDIA LIMITED,DISCOVERY SPORT 2.0L R-DY SE,JAGUAR,DISCOVERY SPORT 2.0L TRIM TRIM,LAND ROVER DISCOVERY SPORT,LAND ROVER DISCOVERY SPORT
JAGUAR LAND ROVER INDIA LIMITED,RANGE ROVER SPORT 3.0D SWB AB,JAGUAR,RANGE ROVER SPORT 3.0D SWB AB,LAND ROVER RANGE ROVER SPORT,LAND ROVER RANGE ROVER SPORT
JAGUAR LAND ROVER INDIA LIMITED,,JAGUAR,,JLR OTHER,JLR OTHER
JAGUAR LAND ROVER INDIA LIMITED,DEFENDER FIRST EDITION,JAGUAR,DEFENDER FIRST EDITION,LAND ROVER DEFENDER,LAND ROVER DEFENDER
JAGUAR LAND ROVER INDIA LIMITED,LAND ROVER SPORT TDV8 SC,JAGUAR,LAND ROVER SPORT TDV8 SC,JLR OTHER,JLR OTHER
JAGUAR LAND ROVER INDIA LIMITED,JAGUAR XF 2.2 L,JAGUAR,XF 2.2 L,JAGUAR XF,JAGUAR XF
JAGUAR LAND ROVER INDIA LIMITED,JAHUAR XE 2.0L PORTFOLIO,JAGUAR,JAHUAR XE 2.0L TRIM,JAGUAR XE,JAGUAR XE
JAGUAR LAND ROVER INDIA LIMITED,R.ROVER SPORT SDV6,JAGUAR,R.ROVER SPORT SDV6,JLR OTHER,JLR OTHER
JAGUAR LAND ROVER INDIA LIMITED,JAGUAR XJ 3.0 L DIESEL PORTFOL,JAGUAR,XJ 3.0 L DIESEL PORTFOL,JAGUAR XJ,JAGUAR XJ
JAGUAR LAND ROVER INDIA LIMITED,RANGE ROVER VELAR 2.0L R D HSE,JAGUAR,RANGE ROVER VELAR 2.0L R D TRIM,LAND ROVER RANGE ROVER VELAR,LAND ROVER RANGE ROVER VELAR
M/S JAGUAR LANDROVER LTD,RR VELAR 2.0IT/184KW PETROL4WD,JAGUAR,RANGE ROVER VELAR 2.0IT/184KW PETROL4WD,LAND ROVER RANGE ROVER VELAR,LAND ROVER RANGE ROVER VELAR
JAGUAR LAND ROVER INDIA LIMITED,JAGUAR XE S,JAGUAR,XE S,JAGUAR XE,JAGUAR XE
JAGUAR LAND ROVER INDIA LIMITED,XF 2.2L DIESEL LUXURY.BSIV,JAGUAR,XF 2.2L DIESEL LUXURY.BSIV,JAGUAR XF,JAGUAR XF
JAGUAR LAND ROVER INDIA LIMITED,RANGE ROVER 4.4L,JAGUAR,RANGE ROVER 4.4L,LAND ROVER RANGE ROVER,LAND ROVER RANGE ROVER
JAGUAR LAND ROVER INDIA LIMITED,RANGE  ROVER,JAGUAR,RANGE ROVER,LAND ROVER RANGE ROVER,LAND ROVER RANGE ROVER
JAGUAR LAND ROVER INDIA LIMITED,DISCOVERY 3.0L PETROL SE,JAGUAR,DISCOVERY 3.0L PETROL TRIM,LAND ROVER DISCOVERY,LAND ROVER DISCOVERY
JAGUAR LAND ROVER INDIA LIMITED,JAGUAR XF3.0L DIESEL,JAGUAR,XF3.0L DIESEL,JAGUAR XF,JAGUAR XF
JAGUAR LAND ROVER INDIA LIMITED,RANGE ROVER VOGUE SE,JAGUAR,RANGE ROVER TRIM TRIM,LAND ROVER RANGE ROVER,LAND ROVER RANGE ROVER
JAGUAR LAND ROVER INDIA LIMITED,JAGUAR XJ 3.0L PORTFOLIO,JAGUAR,XJ 3.0L TRIM,JAGUAR XJ,JAGUAR XJ
JAGUAR LAND ROVER INDIA LIMITED,JAGUAR XF 2.0L DIESEL PRESTIGE,JAGUAR,XF 2.0L DIESEL TRIM,JAGUAR XF,JAGUAR XF
JAGUAR LAND ROVER INDIA LIMITED,DISCOVERY3.0L DIESEL,JAGUAR,DISCOVERY3.0L DIESEL,LAND ROVER DISCOVERY,LAND ROVER DISCOVERY
JAGUAR LAND ROVER INDIA LIMITED,RANGE ROVER SPORT 3.0D SE,JAGUAR,RANGE ROVER SPORT 3.0D TRIM,LAND ROVER RANGE ROVER SPORT,LAND ROVER RANGE ROVER SPORT
JAGUAR LAND ROVER INDIA LIMITED,DISCOVERY SPORT DIESEL,JAGUAR,DISCOVERY SPORT DIESEL,LAND ROVER DISCOVERY SPORT,LAND ROVER DISCOVERY SPORT
JAGUAR LAND ROVER INDIA LIMITED,RANGE ROVER EVOQUE HSE SD4,JAGUAR,RANGE ROVER EVOQUE TRIM SD4,LAND ROVER RANGE ROVER EVOQUE,LAND ROVER RANGE ROVER EVOQUE
JAGUAR LAND ROVER INDIA LIMITED,LR RR EVOQUE 2.0LTD4 HSE DY,JAGUAR,LR RANGE ROVER EVOQUE 2.0LTD4 TRIM DY,LAND ROVER RANGE ROVER EVOQUE,LAND ROVER RANGE ROVER EVOQUE
JAGUAR LAND ROVER INDIA LIMITED,RANGE ROVER EVOQUE DIESEL HSE,JAGUAR,RANGE ROVER EVOQUE DIESEL TRIM,LAND ROVER RANGE ROVER EVOQUE,LAND ROVER RANGE ROVER EVOQUE
JAGUAR LAND ROVER INDIA LIMITED,RANGE ROVER EVOQUE FIRST ED.,JAGUAR,RANGE ROVER EVOQUE FIRST ED.,LAND ROVER RANGE ROVER EVOQUE,LAND ROVER RANGE ROVER EVOQUE
JAGUAR LAND ROVER INDIA LIMITED,DISCOVERY SPORT 2.0L,JAGUAR,DISCOVERY SPORT 2.0L,LAND ROVER DISCOVERY SPORT,LAND ROVER DISCOVERY SPORT
JAGUAR LAND ROVER INDIA LIMITED,JAGUAR F-PACE SVR,JAGUAR,FPACE SVR,JAGUAR F-PACE,JAGUAR F-PACE
JAGUAR LAND ROVER INDIA LIMITED,JAGUAR XF 2.0L PRESTIGE,JAGUAR,XF 2.0L TRIM,JAGUAR XF,JAGUAR XF
JAGUAR LAND ROVER INDIA LIMITED,JAGUAR XF 3.0L BS-IV,JAGUAR,XF 3.0L BS-IV,JAGUAR XF,JAGUAR XF
JAGUAR LAND ROVER INDIA LIMITED,JAGUAR XF 2.0L,JAGUAR,XF 2.0L,JAGUAR XF,JAGUAR XF
JAGUAR LAND ROVER INDIA LIMITED,JAGUAR XF 2.2L D LUXU,JAGUAR,XF 2.2L D LUXU,JAGUAR XF,JAGUAR XF
JAGUAR LAND ROVER INDIA LIMITED,VELAR2.0L T/CPTR4WD5DRDYNS5BS6,JAGUAR,VELAR2.0L T/CPTR4WD5DRDYNS5BS6,LAND ROVER OTHER,LAND ROVER OTHER
JAGUAR LAND ROVER INDIA LIMITED,DISCOVERY 3.0L PETROL FIRST ED,JAGUAR,DISCOVERY 3.0L PETROL FIRST ED,LAND ROVER DISCOVERY,LAND ROVER DISCOVERY
JAGUAR LAND ROVER INDIA LIMITED,JAGUAR XJ 3.0L V6,JAGUAR,XJ 3.0L V6,JAGUAR XJ,JAGUAR XJ
M/S JAGUAR LANDROVER LTD,RR EVOQUE AWD AUTO2.0I132KWD4X4R-DY SE5STR BSVI,JAGUAR,RANGE ROVER EVOQUE AWD AUTO2.0I132KWD4X4R-DY TRIM 5STR,LAND ROVER RANGE ROVER EVOQUE,LAND ROVER RANGE ROVER EVOQUE
JAGUAR LAND ROVER INDIA LIMITED,RANGE ROVER 3.0P LWB SE,JAGUAR,RANGE ROVER 3.0P LWB TRIM,LAND ROVER RANGE ROVER,LAND ROVER RANGE ROVER
JAGUAR LAND ROVER INDIA LIMITED,"FREELANDER 2 TD4,2.2 D.A/T SE",JAGUAR,FREELANDER 2 TD4 2.2 D.A/T TRIM,JLR OTHER,JLR OTHER
JAGUAR LAND ROVER INDIA LIMITED,RANGE ROVER 3.0 PETROL LWB  VOGUE SE BSVI,JAGUAR,RANGE ROVER 3.0L PETROL LWB TRIM TRIM,LAND ROVER RANGE ROVER,LAND ROVER RANGE ROVER
JAGUAR LAND ROVER INDIA LIMITED,DISCOVERY SPORT 2.2L SD4 D HSE,JAGUAR,DISCOVERY SPORT 2.2L SD4 D TRIM,LAND ROVER DISCOVERY SPORT,LAND ROVER DISCOVERY SPORT
JAGUAR LAND ROVER INDIA LIMITED,"JAGUAR LAND ROVER INDIA LIMITED, LR RR EVOQUE 2.0LTD4 E. S ED",JAGUAR,LR RANGE ROVER EVOQUE 2.0LTD4 E. S ED,LAND ROVER RANGE ROVER EVOQUE,LAND ROVER RANGE ROVER EVOQUE
JAGUAR LAND ROVER INDIA LIMITED,DISCOVERY 3.0L HSE LUXURY,JAGUAR,DISCOVERY 3.0L TRIM LUXURY,LAND ROVER DISCOVERY,LAND ROVER DISCOVERY
JAGUAR LAND ROVER INDIA LIMITED,RANGE ROVER SPORT 5.0L S/C V8,JAGUAR,RANGE ROVER SPORT 5.0L S/C V8,LAND ROVER RANGE ROVER SPORT,LAND ROVER RANGE ROVER SPORT
JAGUAR LAND ROVER INDIA LIMITED,RANGE ROVER 4.4L TDV8  BS4,JAGUAR,RANGE ROVER 4.4L TDV8 BS4,LAND ROVER RANGE ROVER,LAND ROVER RANGE ROVER
M/S JAGUAR LANDROVER LTD,DIS SPOR AWDAUTO 2.0L132KW DI,JAGUAR,DIS SPOR AWDAUTO 2.0L132KW DI,JLR OTHER,JLR OTHER
JAGUAR LAND ROVER INDIA LIMITED,LPT 1613/48 BSIII,JAGUAR,LPT 1613/48 BSIII,JLR OTHER,JLR OTHER
JAGUAR LAND ROVER INDIA LIMITED,JAGUAR XE 2.0L PETROL PORTFOLI,JAGUAR,XE 2.0L PETROL PORTFOLI,JAGUAR XE,JAGUAR XE
JAGUAR LAND ROVER INDIA LIMITED,JAGUAR XE SE,JAGUAR,XE TRIM,JAGUAR XE,JAGUAR XE
JAGUAR LAND ROVER INDIA LIMITED,JAGUAR XE 2.0L PETROL PRESTIG,JAGUAR,XE 2.0L PETROL PRESTIG,JAGUAR XE,JAGUAR XE
JAGUAR LAND ROVER INDIA LIMITED,LANDROVER R R E 2.0 ITD4132KW,JAGUAR,LANDROVER R R E 2.0L ITD4132KW,JLR OTHER,JLR OTHER
JAGUAR LAND ROVER INDIA LIMITED,RANGE ROVER 4.4 L D,JAGUAR,RANGE ROVER 4.4 L D,LAND ROVER RANGE ROVER,LAND ROVER RANGE ROVER
JAGUAR LAND ROVER INDIA LIMITED,RANGEROVER EVOQUE 2.2LSD4 DSL,JAGUAR,RANGE ROVER EVOQUE 2.2LSD4 DSL,LAND ROVER RANGE ROVER EVOQUE,LAND ROVER RANGE ROVER EVOQUE
M/S JAGUAR LANDROVER LTD,DISCOVERY3.0IT/CDIESEL4WD5DOOR,JAGUAR,DISCOVERY3.0IT/CDIESEL4WD5DOOR,LAND ROVER DISCOVERY,LAND ROVER DISCOVERY
JAGUAR LAND ROVER INDIA LIMITED,FREELANDER 2 SD4 2.2 L DIESEL,JAGUAR,FREELANDER 2 SD4 2.2 L DIESEL,JLR OTHER,JLR OTHER
JAGUAR LAND ROVER INDIA LIMITED,RANGE ROVER 3.0P SWB HSE,JAGUAR,RANGE ROVER 3.0P SWB TRIM,LAND ROVER RANGE ROVER,LAND ROVER RANGE ROVER
JAGUAR LAND ROVER INDIA LIMITED,RANGE ROVER EVOQUE 2.0P RDYNSE,JAGUAR,RANGE ROVER EVOQUE 2.0P RDYNSE,LAND ROVER RANGE ROVER EVOQUE,LAND ROVER RANGE ROVER EVOQUE
JAGUAR LAND ROVER INDIA LIMITED,JAGUAR XF 2.0L DSL PRESTIGE,JAGUAR,XF 2.0L DSL TRIM,JAGUAR XF,JAGUAR XF
JAGUAR LAND ROVER INDIA LIMITED,JAGURA F PACE 2.0,JAGUAR,JAGURA F PACE 2.0,JAGUAR F-PACE,JAGUAR F-PACE
JAGUAR LAND ROVER INDIA LIMITED,JAGUAR XF 3.OL,JAGUAR,XF 3.OL,JAGUAR XF,JAGUAR XF
JAGUAR LAND ROVER INDIA LIMITED,RR SPORT 2.0P HSE,JAGUAR,RANGE ROVER SPORT 2.0P TRIM,LAND ROVER RANGE ROVER SPORT,LAND ROVER RANGE ROVER SPORT
JAGUAR LAND ROVER INDIA LIMITED,FREE LANDER 2 TD4 2.2 HSE,JAGUAR,FREE LANDER 2 TD4 2.2 TRIM,JLR OTHER,JLR OTHER
JAGUAR LAND ROVER INDIA LIMITED,JAGUAR XJ 5.0L,JAGUAR,XJ 5.0L,JAGUAR XJ,JAGUAR XJ
JAGUAR LAND ROVER INDIA LIMITED,FREELANDER 2,JAGUAR,FREELANDER 2,JLR OTHER,JLR OTHER
JAGUAR LAND ROVER INDIA LIMITED,EV 2.2L D 5PUR ISL TIH,JAGUAR,EV 2.2L D 5PUR ISL TIH,JLR OTHER,JLR OTHER
JAGUAR LAND ROVER INDIA LIMITED,DISCOVERY SPORT 2.2L HSE 7S,JAGUAR,DISCOVERY SPORT 2.2L TRIM 7S,LAND ROVER DISCOVERY SPORT,LAND ROVER DISCOVERY SPORT
JAGUAR LAND ROVER INDIA LIMITED,JAGUAR XJ 3.0L DIESEL PREMIUM,JAGUAR,XJ 3.0L DIESEL PREMIUM,JAGUAR XJ,JAGUAR XJ
JAGUAR LAND ROVER INDIA LIMITED,RANGE ROVER EVOQUE PETROL SE,JAGUAR,RANGE ROVER EVOQUE PETROL TRIM,LAND ROVER RANGE ROVER EVOQUE,LAND ROVER RANGE ROVER EVOQUE
JAGUAR LAND ROVER INDIA LIMITED,RANGE R. E. 2.2 L DIESEL SD4,JAGUAR,RANGE R. E. 2.2 L DIESEL SD4,LAND ROVER OTHER,LAND ROVER OTHER
JAGUAR LAND ROVER INDIA LIMITED,DISCOVERY 2.0L DIESEL HSE LUX.,JAGUAR,DISCOVERY 2.0L DIESEL TRIM LUX.,LAND ROVER DISCOVERY,LAND ROVER DISCOVERY
JAGUAR LAND ROVER INDIA LIMITED,XF LUXURY,JAGUAR,XF LUXURY,JAGUAR XF,JAGUAR XF
JAGUAR LAND ROVER INDIA LIMITED,LANDROVER DISC SPRT 2.0L HSE7,JAGUAR,LANDROVER DISC SPRT 2.0L TRIM 7,JLR OTHER,JLR OTHER
JAGUAR LAND ROVER INDIA LIMITED,JAGUAR XF 3.0L PRE LUX IMP DIS,JAGUAR,XF 3.0L PRE LUX IMP DIS,JAGUAR XF,JAGUAR XF
JAGUAR LAND ROVER INDIA LIMITED,LANDROVER FRELNDR 2TD4 2.2L SE,JAGUAR,LANDROVER FRELNDR 2TD4 2.2L TRIM,JLR OTHER,JLR OTHER
M/S JAGUAR LANDROVER LTD,RANGEROVERVELAR2.0IT/C184KWP4W,JAGUAR,RANGE ROVERVELAR2.0IT/C184KWP4W,LAND ROVER RANGE ROVER VELAR,LAND ROVER RANGE ROVER VELAR
JAGUAR LAND ROVER INDIA LIMITED,DISCOVERY SPORT SE,JAGUAR,DISCOVERY SPORT TRIM,LAND ROVER DISCOVERY SPORT,LAND ROVER DISCOVERY SPORT
JAGUAR LAND ROVER INDIA LIMITED,LAND ROVER DISCOVERY SPORT,JAGUAR,LAND ROVER DISCOVERY SPORT,LAND ROVER DISCOVERY SPORT,LAND ROVER DISCOVERY SPORT
JAGUAR LAND ROVER INDIA LIMITED,DISCOVE 4 3.0L TD V6 HSE,JAGUAR,DISCOVE 4 3.0L TD V6 TRIM,JLR OTHER,JLR OTHER
M/S JAGUAR LANDROVER LTD,RANGE ROVER 3.0 DIESEL LWB BSI,JAGUAR,RANGE ROVER 3.0L DIESEL LWB BSI,LAND ROVER RANGE ROVER,LAND ROVER RANGE ROVER
JAGUAR LAND ROVER INDIA LIMITED,FREELANDER 2 SD4 2.2 L SE,JAGUAR,FREELANDER 2 SD4 2.2 L TRIM,JLR OTHER,JLR OTHER
JAGUAR LAND ROVER INDIA LIMITED,RR SPORT 3.0D HSE DY,JAGUAR,RANGE ROVER SPORT 3.0D TRIM DY,LAND ROVER RANGE ROVER SPORT,LAND ROVER RANGE ROVER SPORT
M/S JAGUAR LANDROVER LTD,DEFENDER 3.0L P400 P AWD 110A 5D X 5 S BSVI-PH2,JAGUAR,DEFENDER 3.0L P400 P AWD 110A 5D X-PH2,LAND ROVER DEFENDER,LAND ROVER DEFENDER
JAGUAR LAND ROVER INDIA LIMITED,5,JAGUAR,5,JLR OTHER,JLR OTHER
JAGUAR LAND ROVER INDIA LIMITED,XF 2.2L LUXURY,JAGUAR,XF 2.2L LUXURY,JAGUAR XF,JAGUAR XF
M/S JAGUAR LANDROVER LTD,RANGE ROVER 4.4 DIESEL LWB BSI,JAGUAR,RANGE ROVER 4.4L DIESEL LWB BSI,LAND ROVER RANGE ROVER,LAND ROVER RANGE ROVER
JAGUAR LAND ROVER INDIA LIMITED,RANGE ROVER VELAR 2.OP R-DYN S,JAGUAR,RANGE ROVER VELAR 2.OP TRIM N S,LAND ROVER RANGE ROVER VELAR,LAND ROVER RANGE ROVER VELAR
JAGUAR LAND ROVER INDIA LIMITED,RR SPORT 2.0P SE,JAGUAR,RANGE ROVER SPORT 2.0P TRIM,LAND ROVER RANGE ROVER SPORT,LAND ROVER RANGE ROVER SPORT
JAGUAR LAND ROVER INDIA LIMITED,RANGE ROVER EVOQUE DYN BSIV,JAGUAR,RANGE ROVER EVOQUE DYN BSIV,LAND ROVER RANGE ROVER EVOQUE,LAND ROVER RANGE ROVER EVOQUE
JAGUAR LAND ROVER INDIA LIMITED,TATA SUMO,JAGUAR,TATA SUMO,JLR OTHER,JLR OTHER
JAGUAR LAND ROVER INDIA LIMITED,JAGUAR XF 3.0L DIESEL PRE LUX,JAGUAR,XF 3.0L DIESEL PRE LUX,JAGUAR XF,JAGUAR XF
JAGUAR LAND ROVER INDIA LIMITED,JAGUAR XJ 2.0L PET PORTFOLIO,JAGUAR,XJ 2.0L PET TRIM,JAGUAR XJ,JAGUAR XJ
JAGUAR LAND ROVER INDIA LIMITED,RANGE ROVER VELAR 2.0P R-DYN S,JAGUAR,RANGE ROVER VELAR 2.0P TRIM N S,LAND ROVER RANGE ROVER VELAR,LAND ROVER RANGE ROVER VELAR
JAGUAR LAND ROVER INDIA LIMITED,DEFENDER S,JAGUAR,DEFENDER S,LAND ROVER DEFENDER,LAND ROVER DEFENDER
JAGUAR LAND ROVER INDIA LIMITED,"JAGUAR LAND ROVER INDIA LIMITED, JAGUAR F PACE 3.0LTDV6 D AWD A",JAGUAR,F PACE 3.0LTDV6 D AWD A,JAGUAR F-PACE,JAGUAR F-PACE
JAGUAR LAND ROVER INDIA LIMITED,DISCOVERY 3.0L HSE,JAGUAR,DISCOVERY 3.0L TRIM,LAND ROVER DISCOVERY,LAND ROVER DISCOVERY
JAGUAR LAND ROVER INDIA LIMITED,JAGUAR F PACE 3.0LV6,JAGUAR,F PACE 3.0LV6,JAGUAR F-PACE,JAGUAR F-PACE
JAGUAR LAND ROVER INDIA LIMITED,2 SD4 2.2L DIESEL AUTOMATIC SE,JAGUAR,2 SD4 2.2L DIESEL AUTOMATIC TRIM,JLR OTHER,JLR OTHER
JAGUAR LAND ROVER INDIA LIMITED,JAGUAR XE 2.0L PRESTIGE,JAGUAR,XE 2.0L TRIM,JAGUAR XE,JAGUAR XE
JAGUAR LAND ROVER INDIA LIMITED,R R 4.4 LWB AUTOBIOGRAPHY BS4,JAGUAR,R R 4.4 LWB AUTOBIOGRAPHY BS4,JLR OTHER,JLR OTHER
JAGUAR LAND ROVER INDIA LIMITED,"JAGUAR LAND ROVER INDIA LIMITED, RANGE ROVER VELAR 2.0D RDYN S",JAGUAR,RANGE ROVER VELAR 2.0D RDYN S,LAND ROVER RANGE ROVER VELAR,LAND ROVER RANGE ROVER VELAR
JAGUAR LAND ROVER INDIA LIMITED,JAGUAR XE 2.0,JAGUAR,XE 2.0,JAGUAR XE,JAGUAR XE
JAGUAR LAND ROVER INDIA LIMITED,RANGE ROVER SPORT 5.0L V8 S/C,JAGUAR,RANGE ROVER SPORT 5.0L V8 S/C,LAND ROVER RANGE ROVER SPORT,LAND ROVER RANGE ROVER SPORT
JAGUAR LAND ROVER INDIA LIMITED,RANGE ROVER EVOQUE SD4 ,JAGUAR,RANGE ROVER EVOQUE SD4,LAND ROVER RANGE ROVER EVOQUE,LAND ROVER RANGE ROVER EVOQUE
JAGUAR LAND ROVER INDIA LIMITED,RANGE ROVER EVOQUE SD 4,JAGUAR,RANGE ROVER EVOQUE SD 4,LAND ROVER RANGE ROVER EVOQUE,LAND ROVER RANGE ROVER EVOQUE
JAGUAR LAND ROVER INDIA LIMITED,JAGUAR XJ,JAGUAR,XJ,JAGUAR XJ,JAGUAR XJ
JAGUAR LAND ROVER INDIA LIMITED,DEFENDER HSE,JAGUAR,DEFENDER TRIM,LAND ROVER DEFENDER,LAND ROVER DEFENDER
JAGUAR LAND ROVER INDIA LIMITED,JAGUAR XJ 3.0 L DIESEL,JAGUAR,XJ 3.0 L DIESEL,JAGUAR XJ,JAGUAR XJ
JAGUAR LAND ROVER INDIA LIMITED,LR DISCOVERY SPORT SE,JAGUAR,LR DISCOVERY SPORT TRIM,LAND ROVER DISCOVERY SPORT,LAND ROVER DISCOVERY SPORT
JAGUAR LAND ROVER INDIA LIMITED,JAGUAR XF 2.0L PET PORTFOLIO,JAGUAR,XF 2.0L PET TRIM,JAGUAR XF,JAGUAR XF
JAGUAR LAND ROVER INDIA LIMITED,RANGE ROVER EVOQUE 2.2LT,JAGUAR,RANGE ROVER EVOQUE 2.2LT,LAND ROVER RANGE ROVER EVOQUE,LAND ROVER RANGE ROVER EVOQUE
JAGUAR LAND ROVER INDIA LIMITED,ROVER 3.0 L V6,JAGUAR,ROVER 3.0 L V6,JLR OTHER,JLR OTHER
JAGUAR LAND ROVER INDIA LIMITED,"JAGUAR LAND ROVER INDIA LIMITED, DISCOVERY SPORT 2.0P R-DYN SE",JAGUAR,DISCOVERY SPORT 2.0P TRIM N TRIM,LAND ROVER DISCOVERY SPORT,LAND ROVER DISCOVERY SPORT
JAGUAR LAND ROVER INDIA LIMITED,JAGUAR F PACE 3 0L V6 TDV6 BS4,JAGUAR,F PACE 3 0L V6 TDV6 BS4,JAGUAR F-PACE,JAGUAR F-PACE
JAGUAR LAND ROVER INDIA LIMITED,RANGE ROVER 4.4L TD VOGUE,JAGUAR,RANGE ROVER 4.4L TD TRIM,LAND ROVER RANGE ROVER,LAND ROVER RANGE ROVER
JAGUAR LAND ROVER INDIA LIMITED,RANGE ROVER 3.0L TD V6,JAGUAR,RANGE ROVER 3.0L TD V6,LAND ROVER RANGE ROVER,LAND ROVER RANGE ROVER
JAGUAR LAND ROVER INDIA LIMITED,RANGE ROVER SPORT HSE,JAGUAR,RANGE ROVER SPORT TRIM,LAND ROVER RANGE ROVER SPORT,LAND ROVER RANGE ROVER SPORT
JAGUAR LAND ROVER INDIA LIMITED,JAGUAR XF 5.0,JAGUAR,XF 5.0,JAGUAR XF,JAGUAR XF
JAGUAR LAND ROVER INDIA LIMITED,"XJ3.0L P/LUXURY, BSIV",JAGUAR,XJ3.0L P/LUXURY BSIV,JAGUAR XJ,JAGUAR XJ
M/S JAGUAR LANDROVER LTD,DIS SPR AWD AUT2.0L 183KW P4X4,JAGUAR,DIS SPR AWD AUT2.0L P4X4,JLR OTHER,JLR OTHER
JAGUAR LAND ROVER INDIA LIMITED,RANGE ROVRR EVOQUE SD4 PURE,JAGUAR,RANGE ROVRANGE ROVER EVOQUE SD4 TRIM,LAND ROVER RANGE ROVER EVOQUE,LAND ROVER RANGE ROVER EVOQUE
JAGUAR LAND ROVER INDIA LIMITED,DISCOVERY SPORT 2.0LSI4 HSE,JAGUAR,DISCOVERY SPORT 2.0LSI4 TRIM,LAND ROVER DISCOVERY SPORT,LAND ROVER DISCOVERY SPORT
JAGUAR LAND ROVER INDIA LIMITED,EV 2.2 LD 5 PUR FW TIG STD,JAGUAR,EV 2.2 LD 5 PUR FW TIG STD,JLR OTHER,JLR OTHER
JAGUAR LAND ROVER INDIA LIMITED,FREELANDER 2 TD4 2 2D SE,JAGUAR,FREELANDER 2 TD4 2 2D TRIM,JLR OTHER,JLR OTHER
JAGUAR LAND ROVER INDIA LIMITED,LR RR EVOQUE 2.0LTD4 HSE,JAGUAR,LR RANGE ROVER EVOQUE 2.0LTD4 TRIM,LAND ROVER RANGE ROVER EVOQUE,LAND ROVER RANGE ROVER EVOQUE
JAGUAR LAND ROVER INDIA LIMITED,JAGUAR F PACE 2.0L PRESTIGE,JAGUAR,F PACE 2.0L TRIM,JAGUAR F-PACE,JAGUAR F-PACE
M/S JAGUAR LANDROVER LTD,JAGUAR XF 2.0L PETROL PORTFOLI,JAGUAR,XF 2.0L PETROL PORTFOLI,JAGUAR XF,JAGUAR XF
JAGUAR LAND ROVER INDIA LIMITED,RR SPORT 3.0D HSE,JAGUAR,RANGE ROVER SPORT 3.0D TRIM,LAND ROVER RANGE ROVER SPORT,LAND ROVER RANGE ROVER SPORT
JAGUAR LAND ROVER INDIA LIMITED,RANGE ROVER 3.0D LWB HSE,JAGUAR,RANGE ROVER 3.0D LWB TRIM,LAND ROVER RANGE ROVER,LAND ROVER RANGE ROVER
JAGUAR LAND ROVER INDIA LIMITED,LAND ROVER RANGE ROVER,JAGUAR,RANGE ROVER,LAND ROVER RANGE ROVER,LAND ROVER RANGE ROVER
JAGUAR LAND ROVER INDIA LIMITED,DISCOVERY SPORT 2.0 LSI4 P HSE,JAGUAR,DISCOVERY SPORT 2.0 LSI4 P TRIM,LAND ROVER DISCOVERY SPORT,LAND ROVER DISCOVERY SPORT
JAGUAR LAND ROVER INDIA LIMITED,DEFENDER 3.0D LWB HSE,JAGUAR,DEFENDER 3.0D LWB TRIM,LAND ROVER DEFENDER,LAND ROVER DEFENDER
JAGUAR LAND ROVER INDIA LIMITED,DISCOVERY SPORT 2.2L TD4 SE 05,JAGUAR,DISCOVERY SPORT 2.2L TD4 TRIM 05,LAND ROVER DISCOVERY SPORT,LAND ROVER DISCOVERY SPORT
M/S JAGUAR LANDROVER LTD,RR SPORT2.0LT/C221KW P 4WD 5DO,JAGUAR,RANGE ROVER SPORT2.0LT/C221KW P 4WD,LAND ROVER RANGE ROVER SPORT,LAND ROVER RANGE ROVER SPORT
JAGUAR LAND ROVER INDIA LIMITED,LR RR EVOQUE 2.0L TD4 SE DY.,JAGUAR,LR RANGE ROVER EVOQUE 2.0L TD4 TRIM DY.,LAND ROVER RANGE ROVER EVOQUE,LAND ROVER RANGE ROVER EVOQUE
JAGUAR LAND ROVER INDIA LIMITED,DEFENDER 2.0 P HSE,JAGUAR,DEFENDER 2.0 P TRIM,LAND ROVER DEFENDER,LAND ROVER DEFENDER
JAGUAR LAND ROVER INDIA LIMITED,DISCOVERY SPORT 2.0L DIESEL S,JAGUAR,DISCOVERY SPORT 2.0L DIESEL S,LAND ROVER DISCOVERY SPORT,LAND ROVER DISCOVERY SPORT
JAGUAR LAND ROVER INDIA LIMITED,RANGE ROVER LWB VOGUE,JAGUAR,RANGE ROVER LWB TRIM,LAND ROVER RANGE ROVER,LAND ROVER RANGE ROVER
JAGUAR LAND ROVER INDIA LIMITED,RANGE ROVER SPORTS TD V6 SE,JAGUAR,RANGE ROVER SPORTS TD V6 TRIM,LAND ROVER RANGE ROVER SPORT,LAND ROVER RANGE ROVER SPORT
JAGUAR LAND ROVER INDIA LIMITED,RANGE ROVER 4.4 TDV8,JAGUAR,RANGE ROVER 4.4 TDV8,LAND ROVER RANGE ROVER,LAND ROVER RANGE ROVER
JAGUAR LAND ROVER INDIA LIMITED,LAND ROVER,JAGUAR,LAND ROVER,JLR OTHER,JLR OTHER
JAGUAR LAND ROVER INDIA LIMITED,DISCOVERY SPORT 2.0D R-DYN SE,JAGUAR,DISCOVERY SPORT 2.0D TRIM N TRIM,LAND ROVER DISCOVERY SPORT,LAND ROVER DISCOVERY SPORT
M/S JAGUAR LANDROVER LTD,RR EVOQUE AWD AUTO2.0L132KWD4X,JAGUAR,RANGE ROVER EVOQUE AWD AUTO2.0L132KWD4X,LAND ROVER RANGE ROVER EVOQUE,LAND ROVER RANGE ROVER EVOQUE
JAGUAR LAND ROVER INDIA LIMITED,RS 3.OL NB TDA STD PCM,JAGUAR,RS 3.OL NB TDA STD PCM,JLR OTHER,JLR OTHER
JAGUAR LAND ROVER INDIA LIMITED,"JAGUAR LAND ROVER INDIA LIMITED, ROVER SPORT 3.6T D8",JAGUAR,ROVER SPORT 3.6T D8,JLR OTHER,JLR OTHER
JAGUAR LAND ROVER INDIA LIMITED,JAGUAR F PACE R SPOR,JAGUAR,F PACE R SPOR,JAGUAR F-PACE,JAGUAR F-PACE
JAGUAR LAND ROVER INDIA LIMITED,DISCOVERY SPORT 2.0 DSL SE 5S,JAGUAR,DISCOVERY SPORT 2.0L DSL TRIM 5S,LAND ROVER DISCOVERY SPORT,LAND ROVER DISCOVERY SPORT
M/S JAGUAR LANDROVER LTD,RR SPORT2.L T/C221KWPETROL4WD5,JAGUAR,RANGE ROVER SPORT2.L T/C221KWPETROL4WD5,LAND ROVER RANGE ROVER SPORT,LAND ROVER RANGE ROVER SPORT
JAGUAR LAND ROVER INDIA LIMITED,DISCOVERY 3.0L SE,JAGUAR,DISCOVERY 3.0L TRIM,LAND ROVER DISCOVERY,LAND ROVER DISCOVERY
JAGUAR LAND ROVER INDIA LIMITED,Not Available,JAGUAR,NOT AVAILABLE,JLR OTHER,JLR OTHER
M/S JAGUAR LANDROVER LTD,RR SPORT2.LT/C221KWPETROL4WD5D,JAGUAR,RANGE ROVER SPORT2.LT/C221KWPETROL4WD5D,LAND ROVER RANGE ROVER SPORT,LAND ROVER RANGE ROVER SPORT
JAGUAR LAND ROVER INDIA LIMITED,LPS 3518,JAGUAR,LPS 3518,JLR OTHER,JLR OTHER
JAGUAR LAND ROVER INDIA LIMITED,RANGE ROVER SPORTS 4.2 S/C V8,JAGUAR,RANGE ROVER SPORTS 4.2 S/C V8,LAND ROVER RANGE ROVER SPORT,LAND ROVER RANGE ROVER SPORT
JAGUAR LAND ROVER INDIA LIMITED,LL RR EVOQUE 2.0I SI4 SE,JAGUAR,LL RANGE ROVER EVOQUE 2.0I SI4 TRIM,LAND ROVER RANGE ROVER EVOQUE,LAND ROVER RANGE ROVER EVOQUE
JAGUAR LAND ROVER INDIA LIMITED,RANGE ROVER 5.0 L SC,JAGUAR,RANGE ROVER 5.0 L SC,LAND ROVER RANGE ROVER,LAND ROVER RANGE ROVER
JAGUAR LAND ROVER INDIA LIMITED,FREELANDER 2 TD4,JAGUAR,FREELANDER 2 TD4,JLR OTHER,JLR OTHER
M/S JAGUAR LAND ROVER INDIA LTD,JAGUAR XJ 3.0L DIESEL XJ50 BSI,JAGUAR,XJ 3.0L DIESEL XJ50 BSI,JAGUAR XJ,JAGUAR XJ
JAGUAR LAND ROVER INDIA LIMITED,JAGUAR 2.2L DIESEL LUXURY,JAGUAR,2.2L DIESEL LUXURY,JLR OTHER,JLR OTHER
JAGUAR LAND ROVER INDIA LIMITED,RANGE ROVER EVOQUE 2.0L,JAGUAR,RANGE ROVER EVOQUE 2.0L,LAND ROVER RANGE ROVER EVOQUE,LAND ROVER RANGE ROVER EVOQUE
JAGUAR LAND ROVER INDIA LIMITED,JAGUAR F PACE 2.0L,JAGUAR,F PACE 2.0L,JAGUAR F-PACE,JAGUAR F-PACE
JAGUAR LAND ROVER INDIA LIMITED,RR SPORT3.0LTDV64WDS,JAGUAR,RANGE ROVER SPORT3.0LTDV4WDS,LAND ROVER RANGE ROVER SPORT,LAND ROVER RANGE ROVER SPORT
JAGUAR LAND ROVER INDIA LIMITED,"RANGE ROVER SPORT, 3.0L S/C HS",JAGUAR,RANGE ROVER SPORT 3.0L S/C HS,LAND ROVER RANGE ROVER SPORT,LAND ROVER RANGE ROVER SPORT
JAGUAR LAND ROVER INDIA LIMITED,EV 2.2 D SPUR FW TIF STD,JAGUAR,EV 2.2 D SPUR FW TIF STD,JLR OTHER,JLR OTHER
JAGUAR CARS LTD,JAGUAR XF 2.2L DIESEL LUXURY,JAGUAR,XF 2.2L DIESEL LUXURY,JAGUAR XF,JAGUAR XF
JAGUAR LAND ROVER INDIA LIMITED,RANGE ROVERSPORT 3.0 TD VS,JAGUAR,RANGE ROVERSPORT 3.0 TD VS,LAND ROVER RANGE ROVER SPORT,LAND ROVER RANGE ROVER SPORT
JAGUAR LAND ROVER INDIA LIMITED,JAGUAR XJ 3.0 L,JAGUAR,XJ 3.0 L,JAGUAR XJ,JAGUAR XJ
JAGUAR LAND ROVER INDIA LIMITED,RANGE ROVER 3.0P SWB SE,JAGUAR,RANGE ROVER 3.0P SWB TRIM,LAND ROVER RANGE ROVER,LAND ROVER RANGE ROVER
JAGUAR LAND ROVER INDIA LIMITED,JAGUAR XF2 0L DIE PRTFOLIO BS4,JAGUAR,XF2 0L DIE PRTFOLIO BS4,JAGUAR XF,JAGUAR XF
JAGUAR LAND ROVER INDIA LIMITED,RANGE ROVER VELAR R-DY S,JAGUAR,RANGE ROVER VELAR TRIM S,LAND ROVER RANGE ROVER VELAR,LAND ROVER RANGE ROVER VELAR
M/S JAGUAR LANDROVER LTD,JAGUAR XF 2.0L DIESEL PRESTIGE,JAGUAR,XF 2.0L DIESEL TRIM,JAGUAR XF,JAGUAR XF
JAGUAR LAND ROVER INDIA LIMITED,JAGUAR F-PACE 2.0P R-DYN S,JAGUAR,FPACE 2.0P TRIM N S,JAGUAR F-PACE,JAGUAR F-PACE
JAGUAR LAND ROVER INDIA LIMITED,DISCOVERY 4 TDV6,JAGUAR,DISCOVERY 4 TDV6,LAND ROVER DISCOVERY,LAND ROVER DISCOVERY
JAGUAR LAND ROVER INDIA LIMITED,FREE LANDER 2 TD4 2.2 SE,JAGUAR,FREE LANDER 2 TD4 2.2 TRIM,JLR OTHER,JLR OTHER
JAGUAR LAND ROVER INDIA LIMITED,RANGE ROVER 3.0 LWB,JAGUAR,RANGE ROVER 3.0 LWB,LAND ROVER RANGE ROVER,LAND ROVER RANGE ROVER
JAGUAR LAND ROVER INDIA LIMITED,RANGE ROVER SPORT 2.0L T/C P 4,JAGUAR,RANGE ROVER SPORT 2.0L T/C P 4,LAND ROVER RANGE ROVER SPORT,LAND ROVER RANGE ROVER SPORT
JAGUAR LAND ROVER INDIA LIMITED,JAGUAR I-PACE HSE,JAGUAR,IPACE TRIM,JAGUAR I-PACE,JAGUAR I-PACE
JAGUAR LAND ROVER INDIA LIMITED,JAGUAR XF6,JAGUAR,XF6,JAGUAR XF,JAGUAR XF
JAGUAR LAND ROVER INDIA LIMITED,DISCOVERY SPORT 2.0P R-DYN SE,JAGUAR,DISCOVERY SPORT 2.0P TRIM N TRIM,LAND ROVER DISCOVERY SPORT,LAND ROVER DISCOVERY SPORT
JAGUAR LAND ROVER INDIA LIMITED,JAGUAR XJ 3.0L DIESEL,JAGUAR,XJ 3.0L DIESEL,JAGUAR XJ,JAGUAR XJ
JAGUAR LAND ROVER INDIA LIMITED,LANDROVER DISC SPR2.2LSD4HSELX,JAGUAR,LANDROVER DISC SPR2.2LSD4HSELX,JLR OTHER,JLR OTHER
JAGUAR LAND ROVER INDIA LIMITED,JAGUAR XF2 0L DIESEL PRESTIGE,JAGUAR,XF2 0L DIESEL TRIM,JAGUAR XF,JAGUAR XF
JAGUAR LAND ROVER INDIA LIMITED,JAGUARXF(5.0L V8),JAGUAR,JAGUARXF(5.0L V8),JAGUAR XF,JAGUAR XF
JAGUAR LAND ROVER INDIA LIMITED,RANGE ROVER 4.4 SWB,JAGUAR,RANGE ROVER 4.4 SWB,LAND ROVER RANGE ROVER,LAND ROVER RANGE ROVER
JAGUAR LAND ROVER INDIA LIMITED,"JAGUAR LAND ROVER INDIA LIMITED, JAGUAR",JAGUAR,JAGUAR,JLR OTHER,JLR OTHER
JAGUAR LAND ROVER INDIA LIMITED,RANGE ROVER VELAR R-DY HSE,JAGUAR,RANGE ROVER VELAR TRIM TRIM,LAND ROVER RANGE ROVER VELAR,LAND ROVER RANGE ROVER VELAR
JAGUAR LAND ROVER INDIA LIMITED,JAGUAR XF 2.2L DIESEL LUXURY,JAGUAR,XF 2.2L DIESEL LUXURY,JAGUAR XF,JAGUAR XF
JAGUAR LAND ROVER INDIA LIMITED,RANGE ROVER SPORT 5.0 SVR,JAGUAR,RANGE ROVER SPORT 5.0 SVR,LAND ROVER RANGE ROVER SPORT,LAND ROVER RANGE ROVER SPORT
JAGUAR LAND ROVER INDIA LIMITED,JAGUAR XJ 3.0L,JAGUAR,XJ 3.0L,JAGUAR XJ,JAGUAR XJ
JAGUAR LAND ROVER INDIA LIMITED,FREELANDER 2 SE TD4,JAGUAR,FREELANDER 2 TRIM TD4,JLR OTHER,JLR OTHER
JAGUAR LAND ROVER INDIA LIMITED,"FREELANDER 2.2D SE,BSIV",JAGUAR,FREELANDER 2.2D TRIM BSIV,JLR OTHER,JLR OTHER
JAGUAR LAND ROVER INDIA LIMITED,JAGUAR XF 2.2L LUXURY,JAGUAR,XF 2.2L LUXURY,JAGUAR XF,JAGUAR XF
JAGUAR LAND ROVER INDIA LIMITED,RANGE ROVER 3.0D LWB AB,JAGUAR,RANGE ROVER 3.0D LWB AB,LAND ROVER RANGE ROVER,LAND ROVER RANGE ROVER
JAGUAR LAND ROVER INDIA LIMITED,LAND ROVER FREELANDER 2.2  S,JAGUAR,LAND ROVER FREELANDER 2.2 S,JLR OTHER,JLR OTHER
JAGUAR LAND ROVER INDIA LIMITED,JAGUAR XF 2.0L DIESE PORTFOLIO,JAGUAR,XF 2.0L DIESE TRIM,JAGUAR XF,JAGUAR XF
JAGUAR LAND ROVER INDIA LIMITED,RANGEROVER SPORT TDV8 (3628CC,JAGUAR,RANGE ROVER SPORT TDV8 (3628CC,LAND ROVER RANGE ROVER SPORT,LAND ROVER RANGE ROVER SPORT
M/S JAGUAR LANDROVER LTD,JAGUARF-PACE2.0LI4D132KWDAWD5D,JAGUAR,JAGUARFPACE2.0LI4D132KWDAWD5D,JAGUAR F-PACE,JAGUAR F-PACE
JAGUAR LAND ROVER INDIA LIMITED,TATA INDIGO,JAGUAR,TATA INDIGO,JLR OTHER,JLR OTHER
JAGUAR LAND ROVER INDIA LIMITED,RANGE ROVER4.4TDV8,JAGUAR,RANGE ROVER4.4TDV8,LAND ROVER RANGE ROVER,LAND ROVER RANGE ROVER
JAGUAR LAND ROVER INDIA LIMITED,LAND ROVER  DISCOVERY SPORT 2.,JAGUAR,LAND ROVER DISCOVERY SPORT 2.,LAND ROVER DISCOVERY SPORT,LAND ROVER DISCOVERY SPORT
JAGUAR LAND ROVER INDIA LIMITED,JAGUAR XF 2.0L DIESEL PORTFOLI,JAGUAR,XF 2.0L DIESEL PORTFOLI,JAGUAR XF,JAGUAR XF
JAGUAR LAND ROVER INDIA LIMITED,RANGE ROVER 4.4TDV8,JAGUAR,RANGE ROVER 4.4TDV8,LAND ROVER RANGE ROVER,LAND ROVER RANGE ROVER
JAGUAR LAND ROVER INDIA LIMITED,DISCOVER SPORT 2.0L SI4 HSE,JAGUAR,DISCOVER SPORT 2.0L SI4 TRIM,JLR OTHER,JLR OTHER
JAGUAR LAND ROVER INDIA LIMITED,JAGUAR XE 2.0L DIESEL PORTFOLI,JAGUAR,XE 2.0L DIESEL PORTFOLI,JAGUAR XE,JAGUAR XE
JAGUAR LAND ROVER INDIA LIMITED,RANGE ROVER EVOQUE PURE,JAGUAR,RANGE ROVER EVOQUE TRIM,LAND ROVER RANGE ROVER EVOQUE,LAND ROVER RANGE ROVER EVOQUE
JAGUAR LAND ROVER INDIA LIMITED,RANGE  ROVER  EVOQUE SD4,JAGUAR,RANGE ROVER EVOQUE SD4,LAND ROVER RANGE ROVER EVOQUE,LAND ROVER RANGE ROVER EVOQUE
JAGUAR LAND ROVER INDIA LIMITED,LAND ROVER RANGE ROVER EVOQUE,JAGUAR,RANGE ROVER EVOQUE,LAND ROVER RANGE ROVER EVOQUE,LAND ROVER RANGE ROVER EVOQUE
JAGUAR LAND ROVER INDIA LIMITED,JAGUAR XF 2.2 DIESEL,JAGUAR,XF 2.2L DIESEL,JAGUAR XF,JAGUAR XF
JAGUAR LAND ROVER INDIA LIMITED,EVOQUE,JAGUAR,EVOQUE,LAND ROVER OTHER,LAND ROVER OTHER
JAGUAR CARS LTD,JAGUAR XF 3.0L DIESEL PREMIUM LUXURY BSIV,JAGUAR,XF 3.0L DIESEL PREMIUM LUXURY BSIV,JAGUAR XF,JAGUAR XF
JAGUAR LAND ROVER INDIA LIMITED,FREELANDER 2 2.2D SE,JAGUAR,FREELANDER 2 2.2D TRIM,JLR OTHER,JLR OTHER
JAGUAR LAND ROVER INDIA LIMITED,JJAGUAR F-PACE 2.0L I4D 132KW,JAGUAR,JFPACE 2.0L I4D,JAGUAR F-PACE,JAGUAR F-PACE
JAGUAR LAND ROVER INDIA LIMITED,RANGE ROVER VOGUE,JAGUAR,RANGE ROVER TRIM,LAND ROVER RANGE ROVER,LAND ROVER RANGE ROVER
JAGUAR LAND ROVER INDIA LIMITED,JAGUAR XE,JAGUAR,XE,JAGUAR XE,JAGUAR XE
JAGUAR LAND ROVER INDIA LIMITED,RANGE ROVER EVOQUE BS IV,JAGUAR,RANGE ROVER EVOQUE BS IV,LAND ROVER RANGE ROVER EVOQUE,LAND ROVER RANGE ROVER EVOQUE
M/S JAGUAR LANDROVER LTD,DEFENDER2.0 P 4WD AUTO 5D FIRS,JAGUAR,DEFENDER2.0 P 4WD AUTO 5D FIRS,LAND ROVER DEFENDER,LAND ROVER DEFENDER
JAGUAR LAND ROVER INDIA LIMITED,FREELANDER 2.2D S,JAGUAR,FREELANDER 2.2D S,JLR OTHER,JLR OTHER
JAGUAR LAND ROVER INDIA LIMITED,FREE LANDER 2 TD4 2.2 DSE,JAGUAR,FREE LANDER 2 TD4 2.2 DSE,JLR OTHER,JLR OTHER
JAGUAR LAND ROVER INDIA LIMITED,RR SPORT2.0L 14TC4WDAT5DHSEBS6,JAGUAR,RANGE ROVER SPORT2.0L 14TC4WDAT5DHSEBS6,LAND ROVER RANGE ROVER SPORT,LAND ROVER RANGE ROVER SPORT
JAGUAR LAND ROVER INDIA LIMITED,RANAGE ROVER EVOQUE SD4,JAGUAR,RANAGE ROVER EVOQUE SD4,LAND ROVER OTHER,LAND ROVER OTHER
JAGUAR LAND ROVER INDIA LIMITED,FREELANDER 2.2 D,JAGUAR,FREELANDER 2.2 D,JLR OTHER,JLR OTHER
M/S JAGUAR LANDROVER LTD,RANGEROVERVELAR2.0 IT/C150KWD4,JAGUAR,RANGE ROVERVELAR2.0L IT/C150KWD4,LAND ROVER RANGE ROVER VELAR,LAND ROVER RANGE ROVER VELAR
JAGUAR LAND ROVER INDIA LIMITED,"XF 3.0L P/LUXURY, BSIV",JAGUAR,XF 3.0L P/LUXURY BSIV,JAGUAR XF,JAGUAR XF
JAGUAR CARS LTD,JAGUAR XF 3.0L DIESEL PREMIUM,JAGUAR,XF 3.0L DIESEL PREMIUM,JAGUAR XF,JAGUAR XF
JAGUAR LAND ROVER INDIA LIMITED,LPS 4018 BSIII,JAGUAR,LPS 4018 BSIII,JLR OTHER,JLR OTHER
JAGUAR LAND ROVER INDIA LIMITED,RANGE ROVER VELAR HSE,JAGUAR,RANGE ROVER VELAR TRIM,LAND ROVER RANGE ROVER VELAR,LAND ROVER RANGE ROVER VELAR
M/S JAGUAR LANDROVER LTD,J F-PACE 2.0 IT/C 184KW PETROL,JAGUAR,J FPACE 2.0L IT/C PETROL,JAGUAR F-PACE,JAGUAR F-PACE
M/S JAGUAR LANDROVER LTD,RROVER SPORT 3.0L D 5D SE DYNA,JAGUAR,RROVER SPORT 3.0L D 5D TRIM DYNA,JLR OTHER,JLR OTHER
JAGUAR LAND ROVER INDIA LIMITED,JAGUAR F PACE 2 0L I4D DIE BS4,JAGUAR,F PACE 2 0L I4D DIE BS4,JAGUAR F-PACE,JAGUAR F-PACE
JAGUAR LAND ROVER INDIA LIMITED,JAGUARF-PACE 2.0Ii4D132KWAWDAP,JAGUAR,JAGUARFPACE 2.0II4D132KWAWDAP,JAGUAR F-PACE,JAGUAR F-PACE
JAGUAR LAND ROVER INDIA LIMITED,JAGUAR XJ 5.0L V8 S/C,JAGUAR,XJ 5.0L V8 S/C,JAGUAR XJ,JAGUAR XJ
JAGUAR LAND ROVER INDIA LIMITED,RANGE ROVER EVOQUE R-DY. SE,JAGUAR,RANGE ROVER EVOQUE TRIM . TRIM,LAND ROVER RANGE ROVER EVOQUE,LAND ROVER RANGE ROVER EVOQUE
JAGUAR LAND ROVER INDIA LIMITED,FREELANDER2 2.2D HSE,JAGUAR,FREELANDER2 2.2D TRIM,JLR OTHER,JLR OTHER
JAGUAR LAND ROVER INDIA LIMITED,RANGE ROVER 3.0D LWB SE,JAGUAR,RANGE ROVER 3.0D LWB TRIM,LAND ROVER RANGE ROVER,LAND ROVER RANGE ROVER
JAGUAR LAND ROVER INDIA LIMITED,JAGUAR XE 2.0L PETROL PURE,JAGUAR,XE 2.0L PETROL TRIM,JAGUAR XE,JAGUAR XE
JAGUAR LAND ROVER INDIA LIMITED,JAGUAR I-PACE SE,JAGUAR,IPACE TRIM,JAGUAR I-PACE,JAGUAR I-PACE
JAGUAR LAND ROVER INDIA LIMITED,RANGE ROVER EVOQUE 2.0D S,JAGUAR,RANGE ROVER EVOQUE 2.0D S,LAND ROVER RANGE ROVER EVOQUE,LAND ROVER RANGE ROVER EVOQUE
JAGUAR LAND ROVER INDIA LIMITED,JAGUAR XJ 3.0L PORTFOLI,JAGUAR,XJ 3.0L PORTFOLI,JAGUAR XJ,JAGUAR XJ
JAGUAR LAND ROVER INDIA LIMITED,JAGUAR XF 2.0L PETROL LUXURY,JAGUAR,XF 2.0L PETROL LUXURY,JAGUAR XF,JAGUAR XF
JAGUAR LAND ROVER INDIA LIMITED,JAGUAR F-PACE 2.0D R-DYN S,JAGUAR,FPACE 2.0D TRIM N S,JAGUAR F-PACE,JAGUAR F-PACE
JAGUAR LAND ROVER INDIA LIMITED,JAGUAR FPACE 2.0I I4DAWDATPERS,JAGUAR,FPACE 2.0I I4DAWDATPERS,JAGUAR F-PACE,JAGUAR F-PACE
JAGUAR LAND ROVER INDIA LIMITED,JAGUAR XF 2.OL PETROL,JAGUAR,XF 2.OL PETROL,JAGUAR XF,JAGUAR XF
JAGUAR LAND ROVER INDIA LIMITED,RANGE ROVER SPORT TDV6 IMP,JAGUAR,RANGE ROVER SPORT TDV6 IMP,LAND ROVER RANGE ROVER SPORT,LAND ROVER RANGE ROVER SPORT
JAGUAR LAND ROVER INDIA LIMITED,JAGUAR XF 2.0L DIESEL PURE,JAGUAR,XF 2.0L DIESEL TRIM,JAGUAR XF,JAGUAR XF
JAGUAR LAND ROVER INDIA LIMITED,JAGUAR F-PACE 2.0L I4D 132KW D,JAGUAR,FPACE 2.0L I4D D,JAGUAR F-PACE,JAGUAR F-PACE
JAGUAR LAND ROVER INDIA LIMITED,JAGUAR XF 3.0L PREMIUM LUXURY,JAGUAR,XF 3.0L PREMIUM LUXURY,JAGUAR XF,JAGUAR XF
M/S JAGUAR LANDROVER LTD,RR EVOQUE AWD AUTO2.0I132KWD4X,JAGUAR,RANGE ROVER EVOQUE AWD AUTO2.0I132KWD4X,LAND ROVER RANGE ROVER EVOQUE,LAND ROVER RANGE ROVER EVOQUE
JAGUAR LAND ROVER INDIA LIMITED,SV AUTOBIOGRAPHY,JAGUAR,SV AUTOBIOGRAPHY,JLR OTHER,JLR OTHER
JAGUAR LAND ROVER INDIA LIMITED,JAGUAR F-PACE 2.0L P PRESTIGE,JAGUAR,FPACE 2.0L P TRIM,JAGUAR F-PACE,JAGUAR F-PACE
JAGUAR LAND ROVER INDIA LIMITED,DISCOVERY SPORT HSE 7 S,JAGUAR,DISCOVERY SPORT TRIM 7 S,LAND ROVER DISCOVERY SPORT,LAND ROVER DISCOVERY SPORT
JAGUAR LAND ROVER INDIA LIMITED,RANGE ROVER SPORTS SE,JAGUAR,RANGE ROVER SPORTS TRIM,LAND ROVER RANGE ROVER SPORT,LAND ROVER RANGE ROVER SPORT
JAGUAR LAND ROVER INDIA LIMITED,JAGUAR X J 3.0,JAGUAR,X J 3.0,JLR OTHER,JLR OTHER
JAGUAR LAND ROVER INDIA LIMITED,RANGE ROVER VELAR 2.0P DYN HSE,JAGUAR,RANGE ROVER VELAR 2.0P DYN TRIM,LAND ROVER RANGE ROVER VELAR,LAND ROVER RANGE ROVER VELAR
JAGUAR LAND ROVER INDIA LIMITED,RANGE ROVER EVOQUE 2.0D RDYNSE,JAGUAR,RANGE ROVER EVOQUE 2.0D RDYNSE,LAND ROVER RANGE ROVER EVOQUE,LAND ROVER RANGE ROVER EVOQUE
JAGUAR LAND ROVER INDIA LIMITED,EV 2.2L D,JAGUAR,EV 2.2L D,JLR OTHER,JLR OTHER
JAGUAR LAND ROVER INDIA LIMITED,RANGE ROVER SPORTS 2.7 V6,JAGUAR,RANGE ROVER SPORTS 2.7L V6,LAND ROVER RANGE ROVER SPORT,LAND ROVER RANGE ROVER SPORT
JAGUAR LAND ROVER INDIA LIMITED,DISCOVERY SPORT2.2L TD4 DSLHSE,JAGUAR,DISCOVERY SPORT2.2L TD4 DSLHSE,LAND ROVER DISCOVERY SPORT,LAND ROVER DISCOVERY SPORT
JAGUAR LAND ROVER INDIA LIMITED,"JAGUAR F-PACE 2,0D R-DYN S",JAGUAR,FPACE 2 0D TRIM N S,JAGUAR F-PACE,JAGUAR F-PACE
JAGUAR LAND ROVER INDIA LIMITED,DEFENDER SE,JAGUAR,DEFENDER TRIM,LAND ROVER DEFENDER,LAND ROVER DEFENDER
JAGUAR LAND ROVER INDIA LIMITED,FREELANDER 2.2D HSE BS IV,JAGUAR,FREELANDER 2.2D TRIM BS IV,JLR OTHER,JLR OTHER
JAGUAR LAND ROVER INDIA LIMITED,R ROVER SPORT 3.0 L,JAGUAR,R ROVER SPORT 3.0 L,JLR OTHER,JLR OTHER
JAGUAR LAND ROVER INDIA LIMITED,RANGE ROVER EVOQUE SD4 BS-IV,JAGUAR,RANGE ROVER EVOQUE SD4 BS-IV,LAND ROVER RANGE ROVER EVOQUE,LAND ROVER RANGE ROVER EVOQUE
JAGUAR LAND ROVER INDIA LIMITED,FREELANDER 2.2D SE BS IV,JAGUAR,FREELANDER 2.2D TRIM BS IV,JLR OTHER,JLR OTHER
JAGUAR LAND ROVER INDIA LIMITED,JAGUAR F-TYPE 2.0P COUP R-DYN,JAGUAR,F-TYPE 2.0P COUP TRIM N,JAGUAR F-TYPE,JAGUAR F-TYPE
JAGUAR LAND ROVER INDIA LIMITED,RANGE ROVER SPORT SDV6,JAGUAR,RANGE ROVER SPORT SDV6,LAND ROVER RANGE ROVER SPORT,LAND ROVER RANGE ROVER SPORT
JAGUAR LAND ROVER INDIA LIMITED,RANGE ROVER SPORT 3.0L TDV6,JAGUAR,RANGE ROVER SPORT 3.0L TDV6,LAND ROVER RANGE ROVER SPORT,LAND ROVER RANGE ROVER SPORT
JAGUAR LAND ROVER INDIA LIMITED,RANGE ROVER3.0 TDV 6,JAGUAR,RANGE ROVER3.0 TDV 6,LAND ROVER RANGE ROVER,LAND ROVER RANGE ROVER
JAGUAR LAND ROVER INDIA LIMITED,DEFENDER110 2.0SI4 AWD HSE BS6,JAGUAR,DEFENDER110 2.0SI4 AWD TRIM BS6,LAND ROVER DEFENDER,LAND ROVER DEFENDER
JAGUAR LAND ROVER INDIA LIMITED,RANGE ROVER SPORT 3.,JAGUAR,RANGE ROVER SPORT 3.,LAND ROVER RANGE ROVER SPORT,LAND ROVER RANGE ROVER SPORT
JAGUAR LAND ROVER INDIA LIMITED,JAYGAR XF 2.2,JAGUAR,JAYGAR XF 2.2,JAGUAR XF,JAGUAR XF
