clean_model,extracted_model
DISCOVERY3.0L I T/CDIESEL4WD5DO,LAND ROVER DISCOVERY
RANGE ROVER VELAR TRIM TRIM,LAND ROVER RANGE ROVER VELAR
RANGE ROVER VELAR 2.0IT/184KW PETROL4WD5D TRIM S,LAND ROVER RANGE ROVER VELAR
XE 2.0L DSL TRIM,JAGUAR XE
RANGE ROVER SPORT 3.0L DSL TRIM,LAND ROVER RANGE ROVER SPORT
RR 3.0L V6 LWB TRIM,LAND ROVER RANGE ROVER
DISCOVERY SPORT 2.0D 4WD TRIM,LAND ROVER DISCOVERY SPORT
XF 2.0L PETROL TRIM,JAGUAR XF
RANGE ROVER EVOQUE2.0L I TD4 132 KW,LAND ROVER RANGE ROVER EVOQUE
DISCOVERY 2.0L DIESEL TRIM,LAND ROVER DISCOVERY
RANGE ROVER SPORT 3.0 TDV6 TRIM,LAND ROVER RANGE ROVER SPORT
RANGE ROVER EVOQUE TRIM,LAND ROVER RANGE ROVER EVOQUE
DISCOVERY SPORT TRIM,LAND ROVER DISCOVERY SPORT
RANGE ROVER 3.0L,LAND ROVER RANGE ROVER
FPACE,JAGUAR F-PACE
RANGE ROVER SPORT5.0L,LAND ROVER RANGE ROVER SPORT
RANGE ROVER SPORT 3.0,LAND ROVER RANGE ROVER SPORT
XF 3.0L DIESEL PREMIUM,JAGUAR XF
RANGE ROVER SPORT TRIM,LAND ROVER RANGE ROVER SPORT
FREE LANDER 2TD4 2.2 D TRIM,JLR OTHER
RANGAROVERSPORT3.0L I TDV6DIESE,JLR OTHER
RANGE ROVER EVOQUE,LAND ROVER RANGE ROVER EVOQUE
R.R EVOQUE SD4,LAND ROVER OTHER
FREELANDER 2.2D TRIM,JLR OTHER
RANGE ROVER TRIM 3.0L,LAND ROVER RANGE ROVER
RANGE ROVER EVOQUE,LAND ROVER RANGE ROVER EVOQUE
XE 2.0L D TRIM,JAGUAR XE
XE 02.0L TRIM,JAGUAR XE
DEFENDER 5.0P,LAND ROVER DEFENDER
XF 2.2L DIESEL LUXURY B,JAGUAR XF
LRRANGE ROVER EVOQUE CONVERT TRIM DY,LAND ROVER RANGE ROVER EVOQUE
FREELANDER2 2.2L TD4 TRIM,JLR OTHER
RANGE ROVER EVOQUE 2.0L D TRIM NAMIC TRIM,LAND ROVER RANGE ROVER EVOQUE
RANGE ROVER 3.0 L DIESEL,LAND ROVER RANGE ROVER
FREELANDER 2.2 D TRIM,JLR OTHER
EVOQUE SD4,LAND ROVER OTHER
XF 2.0L DSL TRIM,JAGUAR XF
F-3.0 CONVERT,JLR OTHER
RANGE ROVER EVOQUE 2.0L D S,LAND ROVER RANGE ROVER EVOQUE
XE 2.0L DIESEL S,JAGUAR XE
XJ 3.0L XJ50,JAGUAR XJ
R ROVER EVOQUE 2.0L,LAND ROVER OTHER
DISCOVERY 4.3 TRIM,LAND ROVER DISCOVERY
FREELANDER 2 SD4 2.2L AUTO. TRIM,JLR OTHER
RANGE ROVER VELAR 2.0D DY TRIM,LAND ROVER RANGE ROVER VELAR
RANGE ROVER EVOQUE 2.0P DY NSE,LAND ROVER RANGE ROVER EVOQUE
RANGE ROVER 3.0 L,LAND ROVER RANGE ROVER
DISCOVERY SPORT 2.0L TD4 TRIM,LAND ROVER DISCOVERY SPORT
RANGE ROVER SPORT S,LAND ROVER RANGE ROVER SPORT
RANGE ROVER SPORT 3.0L SDV6 BSIV,LAND ROVER RANGE ROVER SPORT
RANGE ROVER SPORT 3.0D DY TRIM,LAND ROVER RANGE ROVER SPORT
LANDROVERDISCOVERYSPORT2.0,LAND ROVER DISCOVERY SPORT
DISCOVERY,LAND ROVER DISCOVERY
DISCOVERY 4,LAND ROVER DISCOVERY
RANGE ROVER SPORT TDV6 TRIM,LAND ROVER RANGE ROVER SPORT
FREELANDER 2 TD4.2.2 D.A/T TRIM,JLR OTHER
RANGE ROVER 4.4 TDV8 VOUGE TRIM,LAND ROVER RANGE ROVER
LAND ROVER UR,JLR OTHER
XF 3.0L BSIV,JAGUAR XF
F PACE 2.0L,JAGUAR F-PACE
XJ 3.0,JAGUAR XJ
RANGE ROVER 4.4,LAND ROVER RANGE ROVER
RANGE ROVER 4.4P LWB AB,LAND ROVER RANGE ROVER
LR RANGE ROVER EVOQUE 2.0LTD4 TRIM,LAND ROVER RANGE ROVER EVOQUE
DISCOVERY SPORT 2.2L SD4 TRIM L,LAND ROVER DISCOVERY SPORT
DISCOVERY SPORT 2.0L SI4 177 H,LAND ROVER DISCOVERY SPORT
FREELANDER 2 TRIM,JLR OTHER
RANGE ROVER SPORT SDV6 TRIM,LAND ROVER RANGE ROVER SPORT
RANGE ROVER EVOQUE SD4 2.2L,LAND ROVER RANGE ROVER EVOQUE
RANGE ROVER SPORT 3.0L DSL TRIM,LAND ROVER RANGE ROVER SPORT
XF 2.2L DIESEL EXECUTIV,JAGUAR XE
RANGE ROVER 3.0L TDV,LAND ROVER RANGE ROVER
RANGE ROVER VELAR TRIM,LAND ROVER RANGE ROVER VELAR
RANGE ROVER EVOQUE SD4 TRIM DYM,LAND ROVER RANGE ROVER EVOQUE
DISCOVERY SPORT 2.2L TD4 DSL,LAND ROVER DISCOVERY SPORT
RANGE ROVER SPORT 3.0P TRIM,LAND ROVER RANGE ROVER SPORT
FREELANDER 2 TD4 2.2D TRIM,JLR OTHER
TATA ACE EX,JLR OTHER
F PACE 3.0 D AWD R SPORT,JAGUAR F-PACE
JAGUARXF2.0LPETROLPORTFOLI,JAGUAR XF
XF 2.2 LUXURY,JAGUAR XF
4.4L SDV8 LWB AUTOBI,JLR OTHER
RANGE ROVER EVOQUE 2.0I TD4 4X4 5D TRIM,LAND ROVER RANGE ROVER EVOQUE
F-TYPE 2.0 P COUPE TRIM,JAGUAR F-TYPE
XF3.0L,JAGUAR XF
RANGE ROVER EVOQUE SD4,LAND ROVER RANGE ROVER EVOQUE
RANGE ROVER EVOQUE 2.0L I SI4,LAND ROVER RANGE ROVER EVOQUE
FREELANDER 2 SD4 2.2 L,JLR OTHER
R. ROVER TRIM 3.0L,JLR OTHER
RANGE ROVER 3.0L,LAND ROVER RANGE ROVER
RANGE ROVER 3.0P LWB AUTOBIOGR,LAND ROVER RANGE ROVER
DISCOVERY 2.0 L PETROL TRIM,LAND ROVER DISCOVERY
RANGE ROVER SPORT 3.0L SDV6 DIESEL TRIM,LAND ROVER RANGE ROVER SPORT
FREE LANDER 2 TD4 2.2 AT,JLR OTHER
RANGE ROVER 4.4L TDV8,LAND ROVER RANGE ROVER
JAGUR XF 2.2L,JAGUAR XF
RANGE ROVER EVOQUE P TRIM NAMIC TRIM,LAND ROVER RANGE ROVER EVOQUE
DISCOVERY SPORT 2.0L TD4,LAND ROVER DISCOVERY SPORT
XF 3 0 D,JAGUAR XF
RANGE ROVER EVOQUE SD4 DYNAMI,LAND ROVER RANGE ROVER EVOQUE
RANGE ROVER 3.6 TDV8 DIESEL,LAND ROVER RANGE ROVER
RANGE ROVER 4.4P LWB SV,LAND ROVER RANGE ROVER
RANGE ROVER EVOQUE PRE SD4BS4,LAND ROVER RANGE ROVER EVOQUE
RANGE ROVER SPORT TDV6,LAND ROVER RANGE ROVER SPORT
TATA ACE EX BS3,JLR OTHER
DEFENDER 2.0LPETROL 4WDAUTO5 DOOR TRIM 5STR,LAND ROVER DEFENDER
LR DISCOVERY SPORT LE,LAND ROVER DISCOVERY SPORT
R R 3.0 D LWB TDV6 V,JLR OTHER
XF 2.2L,JAGUAR XF
RANGE ROVER VELAR 2.0D RDYN S,LAND ROVER RANGE ROVER VELAR
DEFENDER110 3.0D AWD ATHSE BS6,LAND ROVER DEFENDER
XF 2.2 L DIESEL LUXURY,JAGUAR XF
FREE LANDER 2.2L,JLR OTHER
FPACE 2.0IT/C DA,JAGUAR F-PACE
FREELANDER 2 TRIM SD4,JLR OTHER
XF 2.0 L DIE,JAGUAR XF
XF3.0LDIESEL,JAGUAR XF
RANGE ROVER EVOQUE SD4 TRIM 4X4 5D5S2.2,LAND ROVER RANGE ROVER EVOQUE
RANGE ROVER SPORT 3.0D DYN TRIM,LAND ROVER RANGE ROVER SPORT
RANGE ROVER EVOQUE SD4 TRIM 4X4,LAND ROVER RANGE ROVER EVOQUE
XF2.2 L,JAGUAR XF
LANDROVER FRELANDER 2TD4 2.2 L,JLR OTHER
DEFENDER 3DR 2.0P TRIM,LAND ROVER DEFENDER
LAND CRUISER TDV8 4.5,JLR OTHER
XJ3.0L TRIM BSIV,JAGUAR XJ
RANGE ROVER EVOQUE 2.2 LTR SD4,LAND ROVER RANGE ROVER EVOQUE
RANGE ROVER EVOQUE SD4 TRIM,LAND ROVER RANGE ROVER EVOQUE
XE 2.0L DIESEL TRIM,JAGUAR XE
DISCOVERY SPORT2.0TD4LX4X4HSE7,LAND ROVER DISCOVERY SPORT
RANGE ROVER VELAR TRIM . TRIM,LAND ROVER RANGE ROVER VELAR
DEFENDER3.0L DIESEL 4WD AUTO 5D,LAND ROVER DEFENDER
JAGUR XJ 3.0,JAGUAR XJ
XF2 0L DIE PRTFOLIO B,JAGUAR XF
DISCOVERY SPORT 2.0L P TRIM TRIM,LAND ROVER DISCOVERY SPORT
JAGUAR,JLR OTHER
TATA MAGIC,JLR OTHER
3.0,JLR OTHER
XKR 5.0L V8 SC,JAGUAR XK
DISCOVERY 3.0L PETROL TRIM,LAND ROVER DISCOVERY
LAND ROVER RANGE ROVER EVOQUE SD4 TRIM,LAND ROVER RANGE ROVER EVOQUE
DISCOVERY SPORT 2.2L SD4,LAND ROVER DISCOVERY SPORT
LAND ROVER FREELANDER,JLR OTHER
FREELANDER 2.2L,JLR OTHER
RANGE ROVER,LAND ROVER RANGE ROVER
EVOQUE AWDAT2.0DSL4X4RDYNSEBS6,LAND ROVER OTHER
XF 3.0L,JAGUAR XF
RANGAROVERSPORT3.0L I TDV6DIESEL TRIM 5SEATER BSIV,JLR OTHER
RANGE ROVER EVOQUE TRIM,LAND ROVER RANGE ROVER EVOQUE
RANGE ROVER 3.6L V8 DIESEL TRIM,LAND ROVER RANGE ROVER
RANGE ROVER3.0,LAND ROVER RANGE ROVER
XJ,JAGUAR XJ
ROVER EVOQUE SD4 TRIM,LAND ROVER OTHER
RANGE ROVER,LAND ROVER RANGE ROVER
FREELANDER 2.2L TD4,JLR OTHER
RANGE ROVER EVOQUE S,LAND ROVER RANGE ROVER EVOQUE
RANGE ROVER VELAR 2.0D TRIM N S,LAND ROVER RANGE ROVER VELAR
LPT 407 EX/34 BS III,JLR OTHER
RANGE ROVER 4.4 L D,LAND ROVER RANGE ROVER
XF 2.0 L,JAGUAR XF
DISCOVERY SPORTAWDAT2.0RDSEBS6,LAND ROVER DISCOVERY SPORT
LAND ROVER FREELANDER 2.2 TRIM,JLR OTHER
BRAND,JLR OTHER
FPACE 2.0LT/C184KWPAWD,JAGUAR F-PACE
XF 3.0L DSL PREMIUM LUX,JAGUAR XF
RANGE ROVERVELAR2.0IT/C132KWD4W,LAND ROVER RANGE ROVER VELAR
RANGA ROVER 3.OD TDV6 AWD5DRSW,JLR OTHER
FREELANDER,JLR OTHER
LANDROVER FRELNDR 2SD4 2.2L TRIM,JLR OTHER
DISCOVERY SPORT 2.0D 4WD TRIM,LAND ROVER DISCOVERY SPORT
FREELANDER 2 TD4 2.2D TRIM,JLR OTHER
RANGE ROVER 3.0D SWB TRIM,LAND ROVER RANGE ROVER
LAND ROVER RANGE ROVER EVOQUE 2.0LSI4,LAND ROVER RANGE ROVER EVOQUE
XF 2.2L DIESEL LUXURY,JAGUAR XF
RANGE ROVER EVOQUE SD4IMP,LAND ROVER RANGE ROVER EVOQUE
LMV. XJ,JAGUAR XJ
FREELANDER 2 TD 4,JLR OTHER
LANDROVER R R E 2.0L ITD4132KWD,JLR OTHER
DISCOVERY 3.0I T/C D,LAND ROVER DISCOVERY
RANGE ROVER EVOQ SD4BS4,LAND ROVER RANGE ROVER
RANGE ROVER SPORT TDV6 TRIM,LAND ROVER RANGE ROVER SPORT
RANGE ROVER SPORT 3.0L SDV6 BS,LAND ROVER RANGE ROVER SPORT
FREELANDER 2TD 4,JLR OTHER
FPACE 2.0L TRIM,JAGUAR F-PACE
RANGE ROVER 4.4L DSL,LAND ROVER RANGE ROVER
LAND ROVER FREELANDER 2 SD4 2.,JLR OTHER
FREELANDER 2 TD4 2.2L DSL AT S,JLR OTHER
ROVER ROVER 5.0L SC,JLR OTHER
XF 3.0L DIESEL PREMIUM,JAGUAR XF
LAND ROVER DISCOVERY SPORT 2.0,LAND ROVER DISCOVERY SPORT
XF 3.0L BS-IV,JAGUAR XF
JAGUARXF 3.0L DIESEL,JAGUAR XF
FREELANDER 2 TD4 2.2L DSL AT TRIM,JLR OTHER
RANGE ROVER 3.0 TDV6 EU4 TRIM,LAND ROVER RANGE ROVER
DISCOVERY 2.0P TRIM NAMIC TRIM,LAND ROVER DISCOVERY
ROVER EXOQUE 2.2L BS4,JLR OTHER
RANGE ROVER EVOQUE SD4PRESTIGE,LAND ROVER RANGE ROVER EVOQUE
RANGE ROVER SPORT5L,LAND ROVER RANGE ROVER SPORT
EVOQUE SD 4,LAND ROVER OTHER
XF,JAGUAR XF
RANGE ROVER SPORT2.0L14TC4WDAT5DSE BS6,LAND ROVER RANGE ROVER SPORT
FREELANDER 2 TRIM TD4 2.2L,JLR OTHER
RANGE ROVER SPORT 3.0P DY TRIM,LAND ROVER RANGE ROVER SPORT
LAND ROV FREELA 2 2.2L SD4 HS,JLR OTHER
XE 2.0L PETROL,JAGUAR XE
XF2.2L D,JAGUAR XF
RANGE ROVER EVOQUE 2.2L SD4,LAND ROVER RANGE ROVER EVOQUE
RANGE ROVER 4.4 TDV8 DIESEL,LAND ROVER RANGE ROVER
RANGE ROVER EVOQUE SD4,LAND ROVER RANGE ROVER EVOQUE
RANGE ROVERVELAR2.0IT/C221KW4WD,LAND ROVER RANGE ROVER VELAR
XJ 2.0L PETROL PORTFOLI,JAGUAR XJ
RANGE ROVER EVOQUEAWDAUTO2.0I132 KWDIES,LAND ROVER RANGE ROVER EVOQUE
LANDROVER DISCOVERY,LAND ROVER DISCOVERY
DISCOVERY3.0IV6PETROL4WDAUTO5DOORHSE7SEATE BSIV,LAND ROVER DISCOVERY
RANGE ROVER 3.0LVOGUE,LAND ROVER RANGE ROVER VOGUE
DISCOVERY SPORT2.0DSL TRIM 7ST,LAND ROVER DISCOVERY SPORT
XE 2.0L PETROL TRIM,JAGUAR XE
RRE AWD AUTO 2.0L183KW P 4X4 R,JLR OTHER
JAGUAR2.2L DIESEL LUXURY,JLR OTHER
DISCOVERY 3.0L P TRIM 7SEATER,LAND ROVER DISCOVERY
RANGE ROVER 3.0 T/C,LAND ROVER RANGE ROVER
XF 2.2L,JAGUAR XF
TATA SUPERACE,JLR OTHER
FREELANDER2 2.2D TRIM,JLR OTHER
RANGE ROVER SPORT 3.0L S/C TRIM,LAND ROVER RANGE ROVER SPORT
DISCOVERY SPORT2.0L RDY TRIM BS6,LAND ROVER DISCOVERY SPORT
XF 2.0L PETROL PORTFOLI,JAGUAR XF
RANGE ROVER SPORT TRIM,LAND ROVER RANGE ROVER SPORT
XF 3.0 L,JAGUAR XF
DEFENDER 2.0L PETROL 4WDAUTO 5,LAND ROVER DEFENDER
LR RANGE ROVER EVOQUE TRIM DYNAMIC,LAND ROVER RANGE ROVER EVOQUE
FREELANDER 2 TD 4 2.2L,JLR OTHER
XE 2.0L DIESEL TRIM,JAGUAR XE
XF 2.0L DSL TRIM BSIV,JAGUAR XF
LR DISCOVERY SPORT TRIM,LAND ROVER DISCOVERY SPORT
DISCOVERY 4 3.0L TD V6 TRIM,LAND ROVER DISCOVERY
RANGE ROVER 3.0 TDV6 TRIM,LAND ROVER RANGE ROVER
FREELANDER 2 TD4 2.2D,JLR OTHER
RANGE ROVER EVO. SD4 TRIM,LAND ROVER RANGE ROVER
DISCOVERY 3.0L PETROL TRIM LUX,LAND ROVER DISCOVERY
RANGE ROVER V 2.0L IT/C P,LAND ROVER RANGE ROVER
F-TYPE 3.0L V6 SC,JAGUAR F-TYPE
R ROVER EVOQUE SD 4,LAND ROVER OTHER
XKR,JAGUAR XK
RANGE ROVER LWB TRIM TRIM,LAND ROVER RANGE ROVER
IPACE TRIM,JAGUAR I-PACE
RANGE ROVER EVOQU SD4 DYNAMC5D,LAND ROVER RANGE ROVER
XFR (5.0L V8 S/C) EIV,JAGUAR XF
DISCOVERY 43.0 TD V6 TRIM BSIV,LAND ROVER DISCOVERY
RANGE ROVER SPORT 5.0L V8,LAND ROVER RANGE ROVER SPORT
RANGE ROVER3.0L TDV6 TRIM TRIM,LAND ROVER RANGE ROVER
LR RANGE ROVER EVOQUE 2.0LTD4 TRIM DY,LAND ROVER RANGE ROVER EVOQUE
RANGE ROVER VELAR TRIM . S,LAND ROVER RANGE ROVER VELAR
FREELANDER 2.2D,JLR OTHER
XF 2.2L D LUXURY,JAGUAR XF
FPACE 2.0 L I4D,JAGUAR F-PACE
FPACE 2.0L,JAGUAR F-PACE
RANGE ROVER EVOQUE SD4 TRIM 5DR,LAND ROVER RANGE ROVER EVOQUE
VELAR2.0I TC PTR 4WD 5DRDYNMSE,LAND ROVER OTHER
RANGE ROVER EVOQUE SD4 DYNAMIC,LAND ROVER RANGE ROVER EVOQUE
LR RANGE ROVER EVOQUE 2.0LTD4 E. S ED,LAND ROVER RANGE ROVER EVOQUE
RANGE ROVER EVOQUE SD4 DYN 5DR,LAND ROVER RANGE ROVER EVOQUE
RANGE ROVER 2.7,LAND ROVER RANGE ROVER
XF 3.0L DIESEL PREMIUM LUXURY,JAGUAR XF
SPORTS 3.0,JLR OTHER
DISCOVERY SPORT2.0L RDY TRIM BS6,LAND ROVER DISCOVERY SPORT
FREELANDER 2 TD4 2.2D TRIM,JLR OTHER
RANGE ROVER 3.0L TDV6 LWB DIES,LAND ROVER RANGE ROVER
XF 3.0 L LUXURY,JAGUAR XF
LRDS DSL TRIM TD4 5 STR,JLR OTHER
DISCOVERY SPORT 2.2L,LAND ROVER DISCOVERY SPORT
1,JLR OTHER
XF 2.2L DIESEL,JAGUAR XF
RANGE ROVERSPORT4.4LSDV8250KWDA,LAND ROVER RANGE ROVER SPORT
FREELANDER2 2.2L TRIM,JLR OTHER
XF 2.0L DIESEL PORTFOLI,JAGUAR XF
DISCOVERY4 3.0L V6,LAND ROVER DISCOVERY
DEFENDER X,LAND ROVER DEFENDER
DISCOVERY SPORT 2.2L TD4,LAND ROVER DISCOVERY SPORT
RANGE ROVER V 2.0L IT/C P,LAND ROVER RANGE ROVER
DS-SALCA2AB9GL961042,JLR OTHER
RANGE ROVER SPORT,LAND ROVER RANGE ROVER SPORT
RANGE ROVER LWB AUTOBIOGRAPHY,LAND ROVER RANGE ROVER
DIS SPORT AWD AUTO 2.0L,JLR OTHER
XF 2.2L DSL LUXURY,JAGUAR XF
RANGE ROVER 4.4L TD V8,LAND ROVER RANGE ROVER
RANGE ROVER EVOQUE SD4 BS IV,LAND ROVER RANGE ROVER EVOQUE
DISCOVERY 4 DTV6,LAND ROVER DISCOVERY
RANGE ROVER SPORT3.0,LAND ROVER RANGE ROVER SPORT
DISCOVERY SPORT 2.0L TRIM TRIM,LAND ROVER DISCOVERY SPORT
RANGE ROVER SPORT 3.0D SWB AB,LAND ROVER RANGE ROVER SPORT
,JLR OTHER
DEFENDER FIRST EDITION,LAND ROVER DEFENDER
LAND ROVER SPORT TDV8 SC,JLR OTHER
XF 2.2 L,JAGUAR XF
JAHUAR XE 2.0L TRIM,JAGUAR XE
R.ROVER SPORT SDV6,JLR OTHER
XJ 3.0 L DIESEL PORTFOL,JAGUAR XJ
RANGE ROVER VELAR 2.0L R D TRIM,LAND ROVER RANGE ROVER VELAR
RANGE ROVER VELAR 2.0IT/184KW PETROL4WD,LAND ROVER RANGE ROVER VELAR
XE S,JAGUAR XE
XF 2.2L DIESEL LUXURY.BSIV,JAGUAR XF
RANGE ROVER 4.4L,LAND ROVER RANGE ROVER
RANGE ROVER,LAND ROVER RANGE ROVER
DISCOVERY 3.0L PETROL TRIM,LAND ROVER DISCOVERY
XF3.0L DIESEL,JAGUAR XF
RANGE ROVER TRIM TRIM,LAND ROVER RANGE ROVER
XJ 3.0L TRIM,JAGUAR XJ
XF 2.0L DIESEL TRIM,JAGUAR XF
DISCOVERY3.0L DIESEL,LAND ROVER DISCOVERY
RANGE ROVER SPORT 3.0D TRIM,LAND ROVER RANGE ROVER SPORT
DISCOVERY SPORT DIESEL,LAND ROVER DISCOVERY SPORT
RANGE ROVER EVOQUE TRIM SD4,LAND ROVER RANGE ROVER EVOQUE
LR RANGE ROVER EVOQUE 2.0LTD4 TRIM DY,LAND ROVER RANGE ROVER EVOQUE
RANGE ROVER EVOQUE DIESEL TRIM,LAND ROVER RANGE ROVER EVOQUE
RANGE ROVER EVOQUE FIRST ED.,LAND ROVER RANGE ROVER EVOQUE
DISCOVERY SPORT 2.0L,LAND ROVER DISCOVERY SPORT
FPACE SVR,JAGUAR F-PACE
XF 2.0L TRIM,JAGUAR XF
XF 3.0L BS-IV,JAGUAR XF
XF 2.0L,JAGUAR XF
XF 2.2L D LUXU,JAGUAR XF
VELAR2.0L T/CPTR4WD5DRDYNS5BS6,LAND ROVER OTHER
DISCOVERY 3.0L PETROL FIRST ED,LAND ROVER DISCOVERY
XJ 3.0L V6,JAGUAR XJ
RANGE ROVER EVOQUE AWD AUTO2.0I132KWD4X4R-DY TRIM 5STR,LAND ROVER RANGE ROVER EVOQUE
RANGE ROVER 3.0P LWB TRIM,LAND ROVER RANGE ROVER
FREELANDER 2 TD4 2.2 D.A/T TRIM,JLR OTHER
RANGE ROVER 3.0L PETROL LWB TRIM TRIM,LAND ROVER RANGE ROVER
DISCOVERY SPORT 2.2L SD4 D TRIM,LAND ROVER DISCOVERY SPORT
LR RANGE ROVER EVOQUE 2.0LTD4 E. S ED,LAND ROVER RANGE ROVER EVOQUE
DISCOVERY 3.0L TRIM LUXURY,LAND ROVER DISCOVERY
RANGE ROVER SPORT 5.0L S/C V8,LAND ROVER RANGE ROVER SPORT
RANGE ROVER 4.4L TDV8 BS4,LAND ROVER RANGE ROVER
DIS SPOR AWDAUTO 2.0L132KW DI,JLR OTHER
LPT 1613/48 BSIII,JLR OTHER
XE 2.0L PETROL PORTFOLI,JAGUAR XE
XE TRIM,JAGUAR XE
XE 2.0L PETROL PRESTIG,JAGUAR XE
LANDROVER R R E 2.0L ITD4132KW,JLR OTHER
RANGE ROVER 4.4 L D,LAND ROVER RANGE ROVER
RANGE ROVER EVOQUE 2.2LSD4 DSL,LAND ROVER RANGE ROVER EVOQUE
DISCOVERY3.0IT/CDIESEL4WD5DOOR,LAND ROVER DISCOVERY
FREELANDER 2 SD4 2.2 L DIESEL,JLR OTHER
RANGE ROVER 3.0P SWB TRIM,LAND ROVER RANGE ROVER
RANGE ROVER EVOQUE 2.0P RDYNSE,LAND ROVER RANGE ROVER EVOQUE
XF 2.0L DSL TRIM,JAGUAR XF
JAGURA F PACE 2.0,JAGUAR F-PACE
XF 3.OL,JAGUAR XF
RANGE ROVER SPORT 2.0P TRIM,LAND ROVER RANGE ROVER SPORT
FREE LANDER 2 TD4 2.2 TRIM,JLR OTHER
XJ 5.0L,JAGUAR XJ
FREELANDER 2,JLR OTHER
EV 2.2L D 5PUR ISL TIH,JLR OTHER
DISCOVERY SPORT 2.2L TRIM 7S,LAND ROVER DISCOVERY SPORT
XJ 3.0L DIESEL PREMIUM,JAGUAR XJ
RANGE ROVER EVOQUE PETROL TRIM,LAND ROVER RANGE ROVER EVOQUE
RANGE R. E. 2.2 L DIESEL SD4,LAND ROVER OTHER
DISCOVERY 2.0L DIESEL TRIM LUX.,LAND ROVER DISCOVERY
XF LUXURY,JAGUAR XF
LANDROVER DISC SPRT 2.0L TRIM 7,JLR OTHER
XF 3.0L PRE LUX IMP DIS,JAGUAR XF
LANDROVER FRELNDR 2TD4 2.2L TRIM,JLR OTHER
RANGE ROVERVELAR2.0IT/C184KWP4W,LAND ROVER RANGE ROVER VELAR
DISCOVERY SPORT TRIM,LAND ROVER DISCOVERY SPORT
LAND ROVER DISCOVERY SPORT,LAND ROVER DISCOVERY SPORT
DISCOVE 4 3.0L TD V6 TRIM,JLR OTHER
RANGE ROVER 3.0L DIESEL LWB BSI,LAND ROVER RANGE ROVER
FREELANDER 2 SD4 2.2 L TRIM,JLR OTHER
RANGE ROVER SPORT 3.0D TRIM DY,LAND ROVER RANGE ROVER SPORT
DEFENDER 3.0L P400 P AWD 110A 5D X-PH2,LAND ROVER DEFENDER
5,JLR OTHER
XF 2.2L LUXURY,JAGUAR XF
RANGE ROVER 4.4L DIESEL LWB BSI,LAND ROVER RANGE ROVER
RANGE ROVER VELAR 2.OP TRIM N S,LAND ROVER RANGE ROVER VELAR
RANGE ROVER SPORT 2.0P TRIM,LAND ROVER RANGE ROVER SPORT
RANGE ROVER EVOQUE DYN BSIV,LAND ROVER RANGE ROVER EVOQUE
TATA SUMO,JLR OTHER
XF 3.0L DIESEL PRE LUX,JAGUAR XF
XJ 2.0L PET TRIM,JAGUAR XJ
RANGE ROVER VELAR 2.0P TRIM N S,LAND ROVER RANGE ROVER VELAR
DEFENDER S,LAND ROVER DEFENDER
F PACE 3.0LTDV6 D AWD A,JAGUAR F-PACE
DISCOVERY 3.0L TRIM,LAND ROVER DISCOVERY
F PACE 3.0LV6,JAGUAR F-PACE
2 SD4 2.2L DIESEL AUTOMATIC TRIM,JLR OTHER
XE 2.0L TRIM,JAGUAR XE
R R 4.4 LWB AUTOBIOGRAPHY BS4,JLR OTHER
RANGE ROVER VELAR 2.0D RDYN S,LAND ROVER RANGE ROVER VELAR
XE 2.0,JAGUAR XE
RANGE ROVER SPORT 5.0L V8 S/C,LAND ROVER RANGE ROVER SPORT
RANGE ROVER EVOQUE SD4,LAND ROVER RANGE ROVER EVOQUE
RANGE ROVER EVOQUE SD 4,LAND ROVER RANGE ROVER EVOQUE
XJ,JAGUAR XJ
DEFENDER TRIM,LAND ROVER DEFENDER
XJ 3.0 L DIESEL,JAGUAR XJ
LR DISCOVERY SPORT TRIM,LAND ROVER DISCOVERY SPORT
XF 2.0L PET TRIM,JAGUAR XF
RANGE ROVER EVOQUE 2.2LT,LAND ROVER RANGE ROVER EVOQUE
ROVER 3.0 L V6,JLR OTHER
DISCOVERY SPORT 2.0P TRIM N TRIM,LAND ROVER DISCOVERY SPORT
F PACE 3 0L V6 TDV6 BS4,JAGUAR F-PACE
RANGE ROVER 4.4L TD TRIM,LAND ROVER RANGE ROVER
RANGE ROVER 3.0L TD V6,LAND ROVER RANGE ROVER
RANGE ROVER SPORT TRIM,LAND ROVER RANGE ROVER SPORT
XF 5.0,JAGUAR XF
XJ3.0L P/LUXURY BSIV,JAGUAR XJ
DIS SPR AWD AUT2.0L P4X4,JLR OTHER
RANGE ROVRANGE ROVER EVOQUE SD4 TRIM,LAND ROVER RANGE ROVER EVOQUE
DISCOVERY SPORT 2.0LSI4 TRIM,LAND ROVER DISCOVERY SPORT
EV 2.2 LD 5 PUR FW TIG STD,JLR OTHER
FREELANDER 2 TD4 2 2D TRIM,JLR OTHER
LR RANGE ROVER EVOQUE 2.0LTD4 TRIM,LAND ROVER RANGE ROVER EVOQUE
F PACE 2.0L TRIM,JAGUAR F-PACE
XF 2.0L PETROL PORTFOLI,JAGUAR XF
RANGE ROVER SPORT 3.0D TRIM,LAND ROVER RANGE ROVER SPORT
RANGE ROVER 3.0D LWB TRIM,LAND ROVER RANGE ROVER
RANGE ROVER,LAND ROVER RANGE ROVER
DISCOVERY SPORT 2.0 LSI4 P TRIM,LAND ROVER DISCOVERY SPORT
DEFENDER 3.0D LWB TRIM,LAND ROVER DEFENDER
DISCOVERY SPORT 2.2L TD4 TRIM 05,LAND ROVER DISCOVERY SPORT
RANGE ROVER SPORT2.0LT/C221KW P 4WD,LAND ROVER RANGE ROVER SPORT
LR RANGE ROVER EVOQUE 2.0L TD4 TRIM DY.,LAND ROVER RANGE ROVER EVOQUE
DEFENDER 2.0 P TRIM,LAND ROVER DEFENDER
DISCOVERY SPORT 2.0L DIESEL S,LAND ROVER DISCOVERY SPORT
RANGE ROVER LWB TRIM,LAND ROVER RANGE ROVER
RANGE ROVER SPORTS TD V6 TRIM,LAND ROVER RANGE ROVER SPORT
RANGE ROVER 4.4 TDV8,LAND ROVER RANGE ROVER
LAND ROVER,JLR OTHER
DISCOVERY SPORT 2.0D TRIM N TRIM,LAND ROVER DISCOVERY SPORT
RANGE ROVER EVOQUE AWD AUTO2.0L132KWD4X,LAND ROVER RANGE ROVER EVOQUE
RS 3.OL NB TDA STD PCM,JLR OTHER
ROVER SPORT 3.6T D8,JLR OTHER
F PACE R SPOR,JAGUAR F-PACE
DISCOVERY SPORT 2.0L DSL TRIM 5S,LAND ROVER DISCOVERY SPORT
RANGE ROVER SPORT2.L T/C221KWPETROL4WD5,LAND ROVER RANGE ROVER SPORT
DISCOVERY 3.0L TRIM,LAND ROVER DISCOVERY
NOT AVAILABLE,JLR OTHER
RANGE ROVER SPORT2.LT/C221KWPETROL4WD5D,LAND ROVER RANGE ROVER SPORT
LPS 3518,JLR OTHER
RANGE ROVER SPORTS 4.2 S/C V8,LAND ROVER RANGE ROVER SPORT
LL RANGE ROVER EVOQUE 2.0I SI4 TRIM,LAND ROVER RANGE ROVER EVOQUE
RANGE ROVER 5.0 L SC,LAND ROVER RANGE ROVER
FREELANDER 2 TD4,JLR OTHER
XJ 3.0L DIESEL XJ50 BSI,JAGUAR XJ
2.2L DIESEL LUXURY,JLR OTHER
RANGE ROVER EVOQUE 2.0L,LAND ROVER RANGE ROVER EVOQUE
F PACE 2.0L,JAGUAR F-PACE
RANGE ROVER SPORT3.0LTDV4WDS,LAND ROVER RANGE ROVER SPORT
RANGE ROVER SPORT 3.0L S/C HS,LAND ROVER RANGE ROVER SPORT
EV 2.2 D SPUR FW TIF STD,JLR OTHER
XF 2.2L DIESEL LUXURY,JAGUAR XF
RANGE ROVERSPORT 3.0 TD VS,LAND ROVER RANGE ROVER SPORT
XJ 3.0 L,JAGUAR XJ
RANGE ROVER 3.0P SWB TRIM,LAND ROVER RANGE ROVER
XF2 0L DIE PRTFOLIO BS4,JAGUAR XF
RANGE ROVER VELAR TRIM S,LAND ROVER RANGE ROVER VELAR
XF 2.0L DIESEL TRIM,JAGUAR XF
FPACE 2.0P TRIM N S,JAGUAR F-PACE
DISCOVERY 4 TDV6,LAND ROVER DISCOVERY
FREE LANDER 2 TD4 2.2 TRIM,JLR OTHER
RANGE ROVER 3.0 LWB,LAND ROVER RANGE ROVER
RANGE ROVER SPORT 2.0L T/C P 4,LAND ROVER RANGE ROVER SPORT
IPACE TRIM,JAGUAR I-PACE
XF6,JAGUAR XF
DISCOVERY SPORT 2.0P TRIM N TRIM,LAND ROVER DISCOVERY SPORT
XJ 3.0L DIESEL,JAGUAR XJ
LANDROVER DISC SPR2.2LSD4HSELX,JLR OTHER
XF2 0L DIESEL TRIM,JAGUAR XF
JAGUARXF(5.0L V8),JAGUAR XF
RANGE ROVER 4.4 SWB,LAND ROVER RANGE ROVER
JAGUAR,JLR OTHER
RANGE ROVER VELAR TRIM TRIM,LAND ROVER RANGE ROVER VELAR
XF 2.2L DIESEL LUXURY,JAGUAR XF
RANGE ROVER SPORT 5.0 SVR,LAND ROVER RANGE ROVER SPORT
XJ 3.0L,JAGUAR XJ
FREELANDER 2 TRIM TD4,JLR OTHER
FREELANDER 2.2D TRIM BSIV,JLR OTHER
XF 2.2L LUXURY,JAGUAR XF
RANGE ROVER 3.0D LWB AB,LAND ROVER RANGE ROVER
LAND ROVER FREELANDER 2.2 S,JLR OTHER
XF 2.0L DIESE TRIM,JAGUAR XF
RANGE ROVER SPORT TDV8 (3628CC,LAND ROVER RANGE ROVER SPORT
JAGUARFPACE2.0LI4D132KWDAWD5D,JAGUAR F-PACE
TATA INDIGO,JLR OTHER
RANGE ROVER4.4TDV8,LAND ROVER RANGE ROVER
LAND ROVER DISCOVERY SPORT 2.,LAND ROVER DISCOVERY SPORT
XF 2.0L DIESEL PORTFOLI,JAGUAR XF
RANGE ROVER 4.4TDV8,LAND ROVER RANGE ROVER
DISCOVER SPORT 2.0L SI4 TRIM,JLR OTHER
XE 2.0L DIESEL PORTFOLI,JAGUAR XE
RANGE ROVER EVOQUE TRIM,LAND ROVER RANGE ROVER EVOQUE
RANGE ROVER EVOQUE SD4,LAND ROVER RANGE ROVER EVOQUE
RANGE ROVER EVOQUE,LAND ROVER RANGE ROVER EVOQUE
XF 2.2L DIESEL,JAGUAR XF
EVOQUE,LAND ROVER OTHER
XF 3.0L DIESEL PREMIUM LUXURY BSIV,JAGUAR XF
FREELANDER 2 2.2D TRIM,JLR OTHER
JFPACE 2.0L I4D,JAGUAR F-PACE
RANGE ROVER TRIM,LAND ROVER RANGE ROVER
XE,JAGUAR XE
RANGE ROVER EVOQUE BS IV,LAND ROVER RANGE ROVER EVOQUE
DEFENDER2.0 P 4WD AUTO 5D FIRS,LAND ROVER DEFENDER
FREELANDER 2.2D S,JLR OTHER
FREE LANDER 2 TD4 2.2 DSE,JLR OTHER
RANGE ROVER SPORT2.0L 14TC4WDAT5DHSEBS6,LAND ROVER RANGE ROVER SPORT
RANAGE ROVER EVOQUE SD4,LAND ROVER OTHER
FREELANDER 2.2 D,JLR OTHER
RANGE ROVERVELAR2.0L IT/C150KWD4,LAND ROVER RANGE ROVER VELAR
XF 3.0L P/LUXURY BSIV,JAGUAR XF
XF 3.0L DIESEL PREMIUM,JAGUAR XF
LPS 4018 BSIII,JLR OTHER
RANGE ROVER VELAR TRIM,LAND ROVER RANGE ROVER VELAR
J FPACE 2.0L IT/C PETROL,JAGUAR F-PACE
RROVER SPORT 3.0L D 5D TRIM DYNA,JLR OTHER
F PACE 2 0L I4D DIE BS4,JAGUAR F-PACE
JAGUARFPACE 2.0II4D132KWAWDAP,JAGUAR F-PACE
XJ 5.0L V8 S/C,JAGUAR XJ
RANGE ROVER EVOQUE TRIM . TRIM,LAND ROVER RANGE ROVER EVOQUE
FREELANDER2 2.2D TRIM,JLR OTHER
RANGE ROVER 3.0D LWB TRIM,LAND ROVER RANGE ROVER
XE 2.0L PETROL TRIM,JAGUAR XE
IPACE TRIM,JAGUAR I-PACE
RANGE ROVER EVOQUE 2.0D S,LAND ROVER RANGE ROVER EVOQUE
XJ 3.0L PORTFOLI,JAGUAR XJ
XF 2.0L PETROL LUXURY,JAGUAR XF
FPACE 2.0D TRIM N S,JAGUAR F-PACE
FPACE 2.0I I4DAWDATPERS,JAGUAR F-PACE
XF 2.OL PETROL,JAGUAR XF
RANGE ROVER SPORT TDV6 IMP,LAND ROVER RANGE ROVER SPORT
XF 2.0L DIESEL TRIM,JAGUAR XF
FPACE 2.0L I4D D,JAGUAR F-PACE
XF 3.0L PREMIUM LUXURY,JAGUAR XF
RANGE ROVER EVOQUE AWD AUTO2.0I132KWD4X,LAND ROVER RANGE ROVER EVOQUE
SV AUTOBIOGRAPHY,JLR OTHER
FPACE 2.0L P TRIM,JAGUAR F-PACE
DISCOVERY SPORT TRIM 7 S,LAND ROVER DISCOVERY SPORT
RANGE ROVER SPORTS TRIM,LAND ROVER RANGE ROVER SPORT
X J 3.0,JLR OTHER
RANGE ROVER VELAR 2.0P DYN TRIM,LAND ROVER RANGE ROVER VELAR
RANGE ROVER EVOQUE 2.0D RDYNSE,LAND ROVER RANGE ROVER EVOQUE
EV 2.2L D,JLR OTHER
RANGE ROVER SPORTS 2.7L V6,LAND ROVER RANGE ROVER SPORT
DISCOVERY SPORT2.2L TD4 DSLHSE,LAND ROVER DISCOVERY SPORT
FPACE 2 0D TRIM N S,JAGUAR F-PACE
DEFENDER TRIM,LAND ROVER DEFENDER
FREELANDER 2.2D TRIM BS IV,JLR OTHER
R ROVER SPORT 3.0 L,JLR OTHER
RANGE ROVER EVOQUE SD4 BS-IV,LAND ROVER RANGE ROVER EVOQUE
FREELANDER 2.2D TRIM BS IV,JLR OTHER
F-TYPE 2.0P COUP TRIM N,JAGUAR F-TYPE
RANGE ROVER SPORT SDV6,LAND ROVER RANGE ROVER SPORT
RANGE ROVER SPORT 3.0L TDV6,LAND ROVER RANGE ROVER SPORT
RANGE ROVER3.0 TDV 6,LAND ROVER RANGE ROVER
DEFENDER110 2.0SI4 AWD TRIM BS6,LAND ROVER DEFENDER
RANGE ROVER SPORT 3.,LAND ROVER RANGE ROVER SPORT
JAYGAR XF 2.2,JAGUAR XF
