rc_maker_desc,rc_maker_model,Mapped Name,clean_model,kia_model,final_model
KIA INDIA PRIVATE LIMITED,"KIA INDIA PRIVATE LIMITED, CARENS G1.4 6MT LUXURY 7",KIA,CARENS G1.4 6MT LUXURY 7,CARENS LUXURY,CARENS LUXURY
KIA INDIA PVT LTD,CARENS D1.5CRDIVGT6MTLUXRY7BS6,KIA,CARENS D1.5CRDIVGT6MTLUXRY7BS6,CARENS,CARENS
KIA MOTORS INDIA PVT LTD,SELTOS G1.5 6MT HTX,KIA,SELTOS G1.5 6MT HTX,SELTOS HTX,SELTOS HTX
KIA MOTORS INDIA PVT LTD,SONET G1.0T 7DCT GTX PLUS,KIA,SONET G1.0T 7DCT GTX PLUS,SONET GTX PLUS,SONET GTX PLUS
KIA INDIA PRIVATE LIMITED,SELTOS G1.5 6MT HTK PLUS,KIA,SELTOS G1.5 6MT HTK PLUS,SELTOS HTK PLUS,SELTOS HTK PLUS
M/S. KIA INDIA PVT LTD.,KIA CARNIVAL D2.2 8AT LIMOUSIN,KIA,CARNIVAL D2.2 8AT LIMOUSIN,CARENS,CARENS
KIA INDIA PRIVATE LIMITED,"KIA INDIA PRIVATE LIMITED, SONET G1.2 5MT HTE",KIA,SONET G1.2 5MT HTE,SONET HTE,SONET HTE
KIA INDIA PRIVATE LIMITED,SELTOS D1.5 6AT HTK PLUS,KIA,SELTOS D1.5 6AT HTK PLUS,SELTOS HTK PLUS,SELTOS HTK PLUS
M/S. KIA INDIA PVT LTD.,KIA CARENS D1.5 CRDI VGT 6MT L,KIA,CARENS D1.5 CRDI VGT 6MT L,CARENS,CARENS
KIA INDIA PRIVATE LIMITED,SELTOS G1.5 6MT HTE,KIA,SELTOS G1.5 6MT HTE,SELTOS HTE,SELTOS HTE
KIA INDIA PRIVATE LIMITED,"KIA INDIA PRIVATE LIMITED, SELTOS G1.5 IVT HTX",KIA,SELTOS G1.5 IVT HTX,SELTOS HTX,SELTOS HTX
KIA INDIA PRIVATE LIMITED,"KIA INDIA PRIVATE LIMITED, SONET G1.0T 7DCT HTX AE",KIA,SONET G1.0T 7DCT HTX AE,SONET HTX,SONET HTX
KIA MOTORS INDIA PVT LTD,SELTOS D1.5 6MT HTX PLUS,KIA,SELTOS D1.5 6MT HTX PLUS,SELTOS HTX PLUS,SELTOS HTX PLUS
KIA MOTORS INDIA PVT LTD,KIA SELTOS D1.5CRVGT6MTHTEBS6,KIA,SELTOS D1.5CRVGT6MTHTEBS6,SELTOS HTE,SELTOS HTE
M/S.KIA MOTORS INDIA PVT LTD,KIASONETG1.0T-GDI SMARTSTREAM IMT GTX PLUS BSVI,KIA,KIASONETG1.0T-GDI SMARTSTREAM IMT GTX PLUS BSVI,SONET GTX PLUS,SONET GTX PLUS
M/S. KIA INDIA PVT LTD.,KIA SELTOS SMARTSTRE G1.5 6MT,KIA,SELTOS SMARTSTRE G1.5 6MT,SELTOS,SELTOS
Kia India Private Limited,Seltos D1.5 6mt Hte,KIA,SELTOS D1.5 6MT HTE,SELTOS HTE,SELTOS HTE
M/S.KIA MOTORS INDIA PVT LTD,KIASONETG1.0T-GDI-SMARTSTREAM7DCT HTX BSVI,KIA,KIASONETG1.0T-GDI-SMARTSTREAM7DCT HTX BSVI,SONET HTX,SONET HTX
"M/S. KIA INDIA PVT LTD.,",KIA CARENS SMARTS G1.5T GDI 7DCT LUXURY+7 BSVI-PH2,KIA,CARENS SMARTS G1.5T GDI 7DCT LUXURY 7 BSVI-PH2,CARENS LUXURY,CARENS LUXURY
KIA INDIA PRIVATE LIMITED,"KIA INDIA PRIVATE LIMITED, SONET G1.0T IMT HTX",KIA,SONET G1.0T IMT HTX,SONET HTX,SONET HTX
KIA INDIA PRIVATE LIMITED,SONET D1.5 6AT HTX,KIA,SONET D1.5 6AT HTX,SONET HTX,SONET HTX
KIA INDIA PRIVATE LIMITED,SELTOS G1.4 7DCT X LINE,KIA,SELTOS G1.4 7DCT X LINE,SELTOS X LINE,SELTOS X LINE
"M/S. KIA INDIA PVT LTD.,",KIACARENS SMARTS G1.5T-GDI7DCT,KIA,KIACARENS SMARTS G1.5T-GDI7DCT,CARENS,CARENS
KIA INDIA PRIVATE LIMITED,SONET D1.5CRDI WGT6MTHTK BS6,KIA,SONET D1.5CRDI WGT6MTHTK BS6,SONET HTK,SONET HTK
KIA INDIA PRIVATE LIMITED,"KIA INDIA PRIVATE LIMITED, CARENS D1.5 6MT PRESTIGEPLUS 7",KIA,CARENS D1.5 6MT PRESTIGEPLUS 7,CARENS PRESTIGE PLUS,CARENS PRESTIGE PLUS
KIA INDIA PRIVATE LIMITED,SONET D1.5 6AT HTK PLUS,KIA,SONET D1.5 6AT HTK PLUS,SONET HTK PLUS,SONET HTK PLUS
KIA INDIA PRIVATE LIMITED,CARENS G1.5T DCT LUXURYPLUS6,KIA,CARENS G1.5T DCT LUXURYPLUS6,CARENS LUXURY PLUS,CARENS LUXURY PLUS
M/S.KIA MOTORS INDIA PVT LTD,KIA SELTOS D1.5 CRDI VGT6ATHTK,KIA,SELTOS D1.5 CRDI VGT6ATHTK,SELTOS HTK,SELTOS HTK
M/S.KIA MOTORS INDIA PVT LTD,KIA SONET D1.5 CRDI VGT 6AT GT,KIA,SONET D1.5 CRDI VGT 6AT GT,SONET,SONET
KIA INDIA PRIVATE LIMITED,"KIA INDIA PRIVATE LIMITED, SONET G1.0T IMT HTX AE",KIA,SONET G1.0T IMT HTX AE,SONET HTX,SONET HTX
"M/S. KIA INDIA PVT LTD.,",KIA SELTOS SMARTSTREAM G1.5 6M,KIA,SELTOS SMARTSTREAM G1.5 6M,SELTOS,SELTOS
M/S. KIA INDIA PVT LTD.,KIASONETG1.0T-GDISMRTSTRAM7DCT,KIA,KIASONETG1.0T-GDISMRTSTRAM7DCT,SONET,SONET
KIA INDIA PRIVATE LIMITED,"KIA INDIA PRIVATE LIMITED, CARENS G1.5 6MT PREMIUM 7",KIA,CARENS G1.5 6MT PREMIUM 7,CARENS PREMIUM,CARENS PREMIUM
KIA INDIA PRIVATE LIMITED,SELTOS G1.5 IMT HTK PLUS,KIA,SELTOS G1.5 IMT HTK PLUS,SELTOS HTK PLUS,SELTOS HTK PLUS
Kia India Private Limited,Carens G1.5 6mt Prestige 7,KIA,CARENS G1.5 6MT PRESTIGE 7,CARENS PRESTIGE,CARENS PRESTIGE
KIA INDIA PRIVATE LIMITED,CARENS D1.5 6MT LUXURYPLUS 6,KIA,CARENS D1.5 6MT LUXURYPLUS 6,CARENS LUXURY PLUS,CARENS LUXURY PLUS
KIA INDIA PRIVATE LIMITED,SELTOS SS G1.5 6MT HTX AE BS6,KIA,SELTOS SS G1.5 6MT HTX AE BS6,SELTOS HTX,SELTOS HTX
KIA INDIA PRIVATE LIMITED,SONET D1.5 IMT HTX,KIA,SONET D1.5 IMT HTX,SONET HTX,SONET HTX
KIA INDIA PRIVATE LIMITED,CARENS G1.5 6MT PRESTIGE O 7,KIA,CARENS G1.5 6MT PRESTIGE O 7,CARENS PRESTIGE,CARENS PRESTIGE
KIA SELTOS D1.5 CRDI VGT 6MT HTX PLUS BSVI,M/S.KIA MOTORS INDIA PVT LTD,KIA,M/S.,O,O
KIA INDIA PRIVATE LIMITED,SONET G1.0TGDISSTRMIMT GTX+BS6,KIA,SONET G1.0TGDISSTRMIMT GTX BS6,SONET GTX,SONET GTX
KIA INDIA PRIVATE LIMITED,CARENS G1.4 6MT LUXURYPLUS 6,KIA,CARENS G1.4 6MT LUXURYPLUS 6,CARENS LUXURY PLUS,CARENS LUXURY PLUS
KIA INDIA PRIVATE LIMITED,SONET D1.5 6MT HTK(O),KIA,SONET D1.5 6MT HTK O,SONET HTK,SONET HTK
"M/S. KIA INDIA PVT LTD.,",KIA SONET G1.0T-GDI SMARTSTREAM IMT HTX BSVI,KIA,SONET G1.0T-GDI SMARTSTREAM IMT HTX BSVI,SONET HTX,SONET HTX
KIA INDIA PRIVATE LIMITED,SONET G1.0TGDISSTRMIMT HTX BS6,KIA,SONET G1.0TGDISSTRMIMT HTX BS6,SONET HTX,SONET HTX
M/S.KIA MOTORS INDIA PVT LTD,KIA SELTOS D1.5 CRDI VGT6ATHTKPLUS BSVI,KIA,SELTOS D1.5 CRDI VGT6ATHTKPLUS BSVI,SELTOS HTK,SELTOS HTK
KIA MOTORS INDIA PVT LTD,SONET D1.5CRDI VGT6AT GTX+BS6,KIA,SONET D1.5CRDI VGT6AT GTX BS6,SONET GTX,SONET GTX
KIA INDIA PRIVATE LIMITED,CARENS D1.5 6AT LUXURYPLUS 6,KIA,CARENS D1.5 6AT LUXURYPLUS 6,CARENS LUXURY PLUS,CARENS LUXURY PLUS
KIA INDIA PRIVATE LIMITED,SELTOS G1.5 IVT HTX AE,KIA,SELTOS G1.5 IVT HTX AE,SELTOS HTX,SELTOS HTX
M/S. KIA INDIA PVT LTD.,KIA SONET D1.5 CRDI VGT 6AT GT,KIA,SONET D1.5 CRDI VGT 6AT GT,SONET,SONET
KIA INDIA PVT LTD,CARENS D1.5CRDIVGT6MTPRSTG7BS6,KIA,CARENS D1.5CRDIVGT6MTPRSTG7BS6,CARENS,CARENS
KIA INDIA PRIVATE LIMITED,SONET D1.5CRDI WGT6MT GTX+BS6,KIA,SONET D1.5CRDI WGT6MT GTX BS6,SONET GTX,SONET GTX
KIA INDIA PRIVATE LIMITED,KIA SELTOS SS G1.5 6MT HTK+BS6,KIA,SELTOS SS G1.5 6MT HTK BS6,SELTOS HTK,SELTOS HTK
M/S.KIA MOTORS INDIA PVT LTD,KIA SONET D1.5 CRDI WGT 6MT GT,KIA,SONET D1.5 CRDI WGT 6MT GT,SONET,SONET
"M/S. KIA INDIA PVT LTD.,",KIA CARENS SMARTSTREAM G1.5 6MT PRESTIGE 7 BSVI,KIA,CARENS SMARTSTREAM G1.5 6MT PRESTIGE 7 BSVI,CARENS PRESTIGE,CARENS PRESTIGE
"M/S. KIA INDIA PVT LTD.,",KIA SONET SMARTSTR EAM G1.2 5MT HTK(O) BSVI-PH2,KIA,SONET SMARTSTR EAM G1.2 5MT HTK O BSVI-PH2,SONET HTK,SONET HTK
M/S.KIA MOTORS INDIA PVT LTD,KIASONETG1.0T-GDI SMARTSTREAM7,KIA,KIASONETG1.0T-GDI SMARTSTREAM7,SONET,SONET
KIA INDIA PRIVATE LIMITED,SONET D1.5 6AT X LINE,KIA,SONET D1.5 6AT X LINE,SONET,SONET
KIA INDIA PRIVATE LIMITED,KIACARNIVAL D2.28AT PRESITGE 9,KIA,KIACARNIVAL D2.28AT PRESITGE 9,CARENS,CARENS
KIA MOTORS CORPN,OTHERS,KIA,OTHERS,O,O
"M/S. KIA INDIA PVT LTD.,",KIACARENSSMARTSTREAMG1.4T-GDI7DCT PRESTI+7 BSVI,KIA,KIACARENSSMARTSTREAMG1.4T-GDI7DCT PRESTI 7 BSVI,CARENS,CARENS
M/S. KIA INDIA PVT LTD.,KIA SONET D1.5 CRDI VGT 6AT X,KIA,SONET D1.5 CRDI VGT 6AT X,SONET,SONET
KIA SELTOS D1.5 CRDI VGT 6AT GTX PLUS BSVI,M/S.KIA MOTORS INDIA PVT LTD,KIA,M/S.,O,O
KIA INDIA PVT LTD,CARENS SSG1.4TGDI6MTPRESTG7BS6,KIA,CARENS SSG1.4TGDI6MTPRESTG7BS6,CARENS,CARENS
M/S. KIA INDIA PVT LTD.,KIA SELTOS SMARTSTREAM G1.5 IV,KIA,SELTOS SMARTSTREAM G1.5 IV,SELTOS,SELTOS
KIA INDIA PRIVATE LIMITED,CARENS D1.5 6AT LUXURYPLUS 7,KIA,CARENS D1.5 6AT LUXURYPLUS 7,CARENS LUXURY PLUS,CARENS LUXURY PLUS
KIA INDIA PRIVATE LIMITED,"SELTOS G1.5, 6MT",KIA,SELTOS G1.5 6MT,SELTOS,SELTOS
KIA INDIA PRIVATE LIMITED,CARENS G1.5 6MT PRESTIGE 7,KIA,CARENS G1.5 6MT PRESTIGE 7,CARENS PRESTIGE,CARENS PRESTIGE
M/S. KIA INDIA PVT LTD.,KIA CARNIVAL D2.2 8AT PRESTIGE,KIA,CARNIVAL D2.2 8AT PRESTIGE,CARENS PRESTIGE,CARENS PRESTIGE
M/S. KIA INDIA PVT LTD.,KIA SELTOSSMARTSTREAM G1.4T-GD,KIA,SELTOSSMARTSTREAM G1.4T-GD,SELTOS,SELTOS
"M/S. KIA INDIA PVT LTD.,",KIA SELTOS D 1.5 CRDI VGT 6AT GTX PLUS BSVI,KIA,SELTOS D 1.5 CRDI VGT 6AT GTX PLUS BSVI,SELTOS GTX PLUS,SELTOS GTX PLUS
KIA MOTORS INDIA PVT LTD,SELTOS D1.5 6MT HTE,KIA,SELTOS D1.5 6MT HTE,SELTOS HTE,SELTOS HTE
KIA INDIA PRIVATE LIMITED,"KIA INDIA PRIVATE LIMITED, CARENS G1.5 6MT PRESTIGE 7",KIA,CARENS G1.5 6MT PRESTIGE 7,CARENS PRESTIGE,CARENS PRESTIGE
KIA INDIA PRIVATE LIMITED,SELTOS G1.4 7DCT GTX PLUS,KIA,SELTOS G1.4 7DCT GTX PLUS,SELTOS GTX PLUS,SELTOS GTX PLUS
KIA INDIA PRIVATE LIMITED,SELTOS D1.5 IMT HTK,KIA,SELTOS D1.5 IMT HTK,SELTOS HTK,SELTOS HTK
M/S.KIA MOTORS INDIA PVT LTD,KIA SELTOS D1.5 CRDI VGT 6MT HTX PLUS BSVI,KIA,SELTOS D1.5 CRDI VGT 6MT HTX PLUS BSVI,SELTOS HTX PLUS,SELTOS HTX PLUS
"M/S. KIA INDIA PVT LTD.,",KIASONETG1.0T-GDI SMARTS IMT H,KIA,KIASONETG1.0T-GDI SMARTS IMT H,SONET,SONET
KIA INDIA PRIVATE LIMITED,EV6 GT-LINE,KIA,EV6 GT-LINE,EV6,EV6
KIA INDIA PVT LTD,SELTOS D1.5CRDI VGT6ATHTX BS6,KIA,SELTOS D1.5CRDI VGT6ATHTX BS6,SELTOS HTX,SELTOS HTX
KIA INDIA PRIVATE LIMITED,CARENS G1.5T DCT LUXURYPLUS7,KIA,CARENS G1.5T DCT LUXURYPLUS7,CARENS LUXURY PLUS,CARENS LUXURY PLUS
KIA INDIA PRIVATE LIMITED,KIA SELTOS D1.5CRVGT6MTHTX+BS6,KIA,SELTOS D1.5CRVGT6MTHTX BS6,SELTOS HTX,SELTOS HTX
M/S. KIA INDIA PVT LTD.,KIA SELTOS D 1.5 CRDI VGT 6AT ,KIA,SELTOS D 1.5 CRDI VGT 6AT,SELTOS,SELTOS
M/S.KIA MOTORS INDIA PVT LTD,KIA SELTOS SMARTSTREAM G1.5 6M,KIA,SELTOS SMARTSTREAM G1.5 6M,SELTOS,SELTOS
KIA INDIA PRIVATE LIMITED,"KIA INDIA PRIVATE LIMITED, SONET G1.0T IMT HTK PLUS",KIA,SONET G1.0T IMT HTK PLUS,SONET HTK PLUS,SONET HTK PLUS
KIA INDIA PRIVATE LIMITED,"KIA INDIA PRIVATE LIMITED, SELTOS D1.5 6MT HTK PLUS",KIA,SELTOS D1.5 6MT HTK PLUS,SELTOS HTK PLUS,SELTOS HTK PLUS
M/S.KIA MOTORS INDIA PVT LTD,KIASONETG1.0T-GDI SMARTSTREAM,KIA,KIASONETG1.0T-GDI SMARTSTREAM,SONET,SONET
M/S. KIA INDIA PVT LTD.,KIACARENS SMARTSTREAM G1.4T-GD,KIA,KIACARENS SMARTSTREAM G1.4T-GD,CARENS,CARENS
KIA INDIA PRIVATE LIMITED,SELTOS G1.5T IMT HTX PLUS,KIA,SELTOS G1.5T IMT HTX PLUS,SELTOS HTX PLUS,SELTOS HTX PLUS
"M/S. KIA INDIA PVT LTD.,",KIA CARENS D1.5 CRDI VGT 6MT PRESTIGE 7 BSVI,KIA,CARENS D1.5 CRDI VGT 6MT PRESTIGE 7 BSVI,CARENS PRESTIGE,CARENS PRESTIGE
M/S.KIA MOTORS INDIA PVT LTD,KIA CARNIVAL D2.2 8AT PRESTIGE,KIA,CARNIVAL D2.2 8AT PRESTIGE,CARENS PRESTIGE,CARENS PRESTIGE
KIA INDIA PRIVATE LIMITED,"KIA INDIA PRIVATE LIMITED, CARENS D1.5 6AT LUXURYPLUS 7",KIA,CARENS D1.5 6AT LUXURYPLUS 7,CARENS LUXURY PLUS,CARENS LUXURY PLUS
KIA INDIA PRIVATE LIMITED,CARENS G1.5 6MT PREMIUM 7,KIA,CARENS G1.5 6MT PREMIUM 7,CARENS PREMIUM,CARENS PREMIUM
"M/S. KIA INDIA PVT LTD.,",KIA CARENS D1.5 CRDI VGT 6MT P,KIA,CARENS D1.5 CRDI VGT 6MT P,CARENS,CARENS
KIA INDIA PRIVATE LIMITED,"KIA INDIA PRIVATE LIMITED, SELTOS D1.5 6MT HTK",KIA,SELTOS D1.5 6MT HTK,SELTOS HTK,SELTOS HTK
"M/S. KIA INDIA PVT LTD.,",KIA SELTOS D1.5 CRDI VGT IMT H,KIA,SELTOS D1.5 CRDI VGT IMT H,SELTOS,SELTOS
KIA INDIA PRIVATE LIMITED,SELTOS G1.5 6MT HTX AE,KIA,SELTOS G1.5 6MT HTX AE,SELTOS HTX,SELTOS HTX
KIA INDIA PRIVATE LIMITED,KIA SELTOS,KIA,SELTOS,SELTOS,SELTOS
KIA INDIA PRIVATE LIMITED,SELTOS D1.5 IMT HTX,KIA,SELTOS D1.5 IMT HTX,SELTOS HTX,SELTOS HTX
"M/S. KIA INDIA PVT LTD.,",KIA SONET D1.5 CRDI WGT 6 MT H,KIA,SONET D1.5 CRDI WGT 6 MT H,SONET,SONET
KIA MOTORS INDIA PVT LTD,SONET D1.5 6MT HTX,KIA,SONET D1.5 6MT HTX,SONET HTX,SONET HTX
M/S.KIA MOTORS INDIA PVT LTD,KIA SELTOS SMARTSTREAM G 1.5 6,KIA,SELTOS SMARTSTREAM G 1.5 6,SELTOS,SELTOS
KIA INDIA PRIVATE LIMITED,CARENS G1.4 6MT PREMIUM 7,KIA,CARENS G1.4 6MT PREMIUM 7,CARENS PREMIUM,CARENS PREMIUM
Kia India Private Limited,Carens D1.5 6mt Premium O 7,KIA,CARENS D1.5 6MT PREMIUM O 7,CARENS PREMIUM,CARENS PREMIUM
"M/S. KIA INDIA PVT LTD.,",KIA CARENS D1.5 CRDI VGT 6MT PRESTIGE + 7 BSVI,KIA,CARENS D1.5 CRDI VGT 6MT PRESTIGE 7 BSVI,CARENS PRESTIGE,CARENS PRESTIGE
KIA INDIA PRIVATE LIMITED,SONET G1.2SMARTSTRM5MT HTKBS6,KIA,SONET G1.2SMARTSTRM5MT HTKBS6,SONET HTK,SONET HTK
KIA INDIA PRIVATE LIMITED,CARENS G1.5 IMT LUXURYPLUS7,KIA,CARENS G1.5 IMT LUXURYPLUS7,CARENS LUXURY PLUS,CARENS LUXURY PLUS
KIA INDIA PRIVATE LIMITED,KIA CARNIVAL D2.28AT PREMIUM 8,KIA,CARNIVAL D2.28AT PREMIUM 8,CARENS PREMIUM,CARENS PREMIUM
M/S. KIA INDIA PVT LTD.,KIACARENSSMARTSTREAMG1.4T-GDI7,KIA,KIACARENSSMARTSTREAMG1.4T-GDI7,CARENS,CARENS
"M/S. KIA INDIA PVT LTD.,",KIA CARENS D1.5 CRDI VGT 6MT LUXURY +7 BSVI,KIA,CARENS D1.5 CRDI VGT 6MT LUXURY 7 BSVI,CARENS LUXURY,CARENS LUXURY
KIA INDIA PRIVATE LIMITED,SONET G1.2SMARTSTRM5MT HTEBS6,KIA,SONET G1.2SMARTSTRM5MT HTEBS6,SONET HTE,SONET HTE
M/S.KIA MOTORS INDIA PVT LTD,KIA SONET D1.5 CRDI VGT 6AT HT,KIA,SONET D1.5 CRDI VGT 6AT HT,SONET,SONET
KIA INDIA PRIVATE LIMITED,SELTOS G1.5 6MT HTX,KIA,SELTOS G1.5 6MT HTX,SELTOS HTX,SELTOS HTX
KIA INDIA PRIVATE LIMITED,SELTOS HTX PLUS 1.5 ,KIA,SELTOS HTX PLUS 1.5,SELTOS HTX PLUS,SELTOS HTX PLUS
KIA INDIA PRIVATE LIMITED,SELTOS G1.5 IVT HTK PLUS,KIA,SELTOS G1.5 IVT HTK PLUS,SELTOS HTK PLUS,SELTOS HTK PLUS
KIA MOTORS INDIA PVT LTD,KIA SELTOS D1.5CRVGT6MTHTXBS6,KIA,SELTOS D1.5CRVGT6MTHTXBS6,SELTOS HTX,SELTOS HTX
KIA MOTORS INDIA PVT LTD,SELTOS D1.5 6AT GTX PLUS,KIA,SELTOS D1.5 6AT GTX PLUS,SELTOS GTX PLUS,SELTOS GTX PLUS
M/S.KIA MOTORS INDIA PVT LTD,KIASONET SMARTSTREAM G1.2 5MT ,KIA,KIASONET SMARTSTREAM G1.2 5MT,SONET,SONET
KIA INDIA PRIVATE LIMITED,SELTOS D1.5 IMT HTE,KIA,SELTOS D1.5 IMT HTE,SELTOS HTE,SELTOS HTE
KIA INDIA PRIVATE LIMITED,SELTOS SS G1.4T GDI6MT GTXOBS6,KIA,SELTOS SS G1.4T GDI6MT GTXOBS6,SELTOS GTX,SELTOS GTX
"M/S. KIA INDIA PVT LTD.,",KIA SELTOS D1.5 CRDI VGT 6AT G,KIA,SELTOS D1.5 CRDI VGT 6AT G,SELTOS,SELTOS
M/S.KIA MOTORS INDIA PVT LTD,KIA SONET D1.5 CRDI WGT 6MT GTX PLUS BSVI,KIA,SONET D1.5 CRDI WGT 6MT GTX PLUS BSVI,SONET GTX PLUS,SONET GTX PLUS
KIA INDIA PRIVATE LIMITED,SONET D1.5 6AT GTX PLUS,KIA,SONET D1.5 6AT GTX PLUS,SONET GTX PLUS,SONET GTX PLUS
KIA MOTORS INDIA PVT LTD,SELTOS D1.5 6MT HTK,KIA,SELTOS D1.5 6MT HTK,SELTOS HTK,SELTOS HTK
M/S.KIA MOTORS INDIA PVT LTD,KIA SELTOS D1.5 CRDI VGT 6MT HTK BSVI,KIA,SELTOS D1.5 CRDI VGT 6MT HTK BSVI,SELTOS HTK,SELTOS HTK
KIA INDIA PRIVATE LIMITED,CARENSD1.56AT PRESTIGEPLUS O 7,KIA,CARENSD1.56AT PRESTIGEPLUS O 7,CARENS PRESTIGE PLUS,CARENS PRESTIGE PLUS
KIA INDIA PRIVATE LIMITED,CARENS G1.4 6MT LUXURY 7,KIA,CARENS G1.4 6MT LUXURY 7,CARENS LUXURY,CARENS LUXURY
KIA INDIA PRIVATE LIMITED,"KIA INDIA PRIVATE LIMITED, CARENS D1.5 6MT PREMIUM 7",KIA,CARENS D1.5 6MT PREMIUM 7,CARENS PREMIUM,CARENS PREMIUM
KIA INDIA PRIVATE LIMITED,SONET D1.5 IMT HTK,KIA,SONET D1.5 IMT HTK,SONET HTK,SONET HTK
"M/S. KIA INDIA PVT LTD.,",KIACARENSSMARTSTREAMG1.4T-GDI7DCT LUXURY+6 BSVI,KIA,KIACARENSSMARTSTREAMG1.4T-GDI7DCT LUXURY 6 BSVI,CARENS LUXURY,CARENS LUXURY
KIA INDIA PRIVATE LIMITED,CARENS G1.5 IMT PRESTIGE 7,KIA,CARENS G1.5 IMT PRESTIGE 7,CARENS PRESTIGE,CARENS PRESTIGE
M/S. KIA INDIA PVT LTD.,KIA SELTOS D 1.5 CRDI VGT 6AT,KIA,SELTOS D 1.5 CRDI VGT 6AT,SELTOS,SELTOS
KIA INDIA PRIVATE LIMITED,CARENS G1.5 6MT PREMIUM O 7,KIA,CARENS G1.5 6MT PREMIUM O 7,CARENS PREMIUM,CARENS PREMIUM
M/S. KIA INDIA PVT LTD.,KIASONETG1.0T-GDI SMARTS IMT H,KIA,KIASONETG1.0T-GDI SMARTS IMT H,SONET,SONET
M/S.KIA MOTORS INDIA PVT LTD,KIA SELTOS SMARTSTREAM G1.5 IMT HTK PLUS BSVI,KIA,SELTOS SMARTSTREAM G1.5 IMT HTK PLUS BSVI,SELTOS HTK PLUS,SELTOS HTK PLUS
KIA INDIA PRIVATE LIMITED,CARENS G1.4 6MT PRESTIGE 7,KIA,CARENS G1.4 6MT PRESTIGE 7,CARENS PRESTIGE,CARENS PRESTIGE
KIA INDIA PRIVATE LIMITED,"KIA INDIA PRIVATE LIMITED, CARENS D1.5 6MT LUXURY 7",KIA,CARENS D1.5 6MT LUXURY 7,CARENS LUXURY,CARENS LUXURY
KIA INDIA PRIVATE LIMITED,KIACARNIVAL D2.28AT PRESTIGE 7,KIA,KIACARNIVAL D2.28AT PRESTIGE 7,CARENS PRESTIGE,CARENS PRESTIGE
KIA INDIA PRIVATE LIMITED,SONET G1.2 5MT HTK PLUS,KIA,SONET G1.2 5MT HTK PLUS,SONET HTK PLUS,SONET HTK PLUS
KIA INDIA PRIVATE LIMITED,SONET D1.5 IMT HTK PLUS,KIA,SONET D1.5 IMT HTK PLUS,SONET HTK PLUS,SONET HTK PLUS
M/S.KIA MOTORS INDIA PVT LTD,KIA CARNIVAL D2.2 8AT PREMIUM,KIA,CARNIVAL D2.2 8AT PREMIUM,CARENS PREMIUM,CARENS PREMIUM
M/S.KIA MOTORS INDIA PVT LTD,KIASONET SMARTSTREAM G1.2 5MT,KIA,KIASONET SMARTSTREAM G1.2 5MT,SONET,SONET
M/S.KIA MOTORS INDIA PVT LTD,KIA SELTOS D1.5 CRDI VGT 6AT GTX PLUS BSVI,KIA,SELTOS D1.5 CRDI VGT 6AT GTX PLUS BSVI,SELTOS GTX PLUS,SELTOS GTX PLUS
KIA INDIA PVT LTD,SELTOS SS G1.4T GDI7DCTXL BS6,KIA,SELTOS SS G1.4T GDI7DCTXL BS6,SELTOS,SELTOS
KIA INDIA PRIVATE LIMITED,CARENS D1.5 6AT LUXURY(O 7,KIA,CARENS D1.5 6AT LUXURY O 7,CARENS LUXURY,CARENS LUXURY
KIA INDIA PRIVATE LIMITED,"KIA INDIA PRIVATE LIMITED, CARENS G1.4 DCT LUXURYPLUS 7",KIA,CARENS G1.4 DCT LUXURYPLUS 7,CARENS LUXURY PLUS,CARENS LUXURY PLUS
KIA INDIA PRIVATE LIMITED,"KIA INDIA PRIVATE LIMITED, SONET D1.5 6MT HTX AE",KIA,SONET D1.5 6MT HTX AE,SONET HTX,SONET HTX
KIA INDIA PRIVATE LIMITED,"KIA INDIA PRIVATE LIMITED, SONET D1.5 6AT HTX",KIA,SONET D1.5 6AT HTX,SONET HTX,SONET HTX
KIA SELTOS D1.5 CRDI VGT 6MT HTK PLUS BSVI,M/S.KIA MOTORS INDIA PVT LTD,KIA,M/S.,O,O
KIA INDIA PVT LTD,CARENS SSG1.4GDI6MTPRMUM7 BS6,KIA,CARENS SSG1.4GDI6MTPRMUM7 BS6,CARENS,CARENS
KIA MOTORS INDIA PVT LTD,SONET G1.0T IMT HTX,KIA,SONET G1.0T IMT HTX,SONET HTX,SONET HTX
KIA INDIA PRIVATE LIMITED,KIACARNIVALD2.28ATPRESTIGE6,KIA,KIACARNIVALD2.28ATPRESTIGE6,CARENS PRESTIGE,CARENS PRESTIGE
"M/S. KIA INDIA PVT LTD.,",KIA CARNIVAL D2.2 8AT LIMOUSINE PLUS 7 BSVI,KIA,CARNIVAL D2.2 8AT LIMOUSINE PLUS 7 BSVI,CARENS,CARENS
KIA INDIA PRIVATE LIMITED,"KIA INDIA PRIVATE LIMITED, SELTOS D1.5 6AT HTX",KIA,SELTOS D1.5 6AT HTX,SELTOS HTX,SELTOS HTX
KIA MOTORS CORPN,KIASELTOSSMARTSTREAMG1.4T-GDI7,KIA,KIASELTOSSMARTSTREAMG1.4T-GDI7,SELTOS,SELTOS
KIA MOTORS INDIA PVT LTD,SONET D1.5 6AT GTX PLUS,KIA,SONET D1.5 6AT GTX PLUS,SONET GTX PLUS,SONET GTX PLUS
"M/S. KIA INDIA PVT LTD.,",KIA SELTOS D1.5 CRDI VGT 6AT GTX+ BSVI-PH2,KIA,SELTOS D1.5 CRDI VGT 6AT GTX BSVI-PH2,SELTOS GTX,SELTOS GTX
KIA MOTORS INDIA PVT LTD,KIA SELTOS SS G1.5 6MT HTK BS6,KIA,SELTOS SS G1.5 6MT HTK BS6,SELTOS HTK,SELTOS HTK
KIA INDIA PRIVATE LIMITED,"KIA INDIA PRIVATE LIMITED, SONET D1.5 6AT GTX PLUS",KIA,SONET D1.5 6AT GTX PLUS,SONET GTX PLUS,SONET GTX PLUS
KIA INDIA PRIVATE LIMITED,SONET G1.2 5MT HTK(O,KIA,SONET G1.2 5MT HTK O,SONET HTK,SONET HTK
"M/S. KIA INDIA PVT LTD.,",KIA CARENS D1.5 CRDI VGT 6AT L,KIA,CARENS D1.5 CRDI VGT 6AT L,CARENS,CARENS
M/S. KIA INDIA PVT LTD.,KIA SELTOS SMARTSTREAM G1.5 6M,KIA,SELTOS SMARTSTREAM G1.5 6M,SELTOS,SELTOS
"M/S. KIA INDIA PVT LTD.,",KIA SONET SMARTSTREAM G1.2 5MT HTK PLUS BSVI-PH2,KIA,SONET SMARTSTREAM G1.2 5MT HTK PLUS BSVI-PH2,SONET HTK PLUS,SONET HTK PLUS
"M/S. KIA INDIA PVT LTD.,",KIA SELTOS D 1.5 CRDI VGT 6AT HTK  PLUS BSVI,KIA,SELTOS D 1.5 CRDI VGT 6AT HTK PLUS BSVI,SELTOS HTK,SELTOS HTK
KIA INDIA PRIVATE LIMITED,SELTOS D1.5 6AT GTX PLUS (S),KIA,SELTOS D1.5 6AT GTX PLUS S,SELTOS GTX PLUS,SELTOS GTX PLUS
M/S.KIA MOTORS INDIA PVT LTD,KIA SONET D1.5 CRDI WGT 6MT HTX BSVI,KIA,SONET D1.5 CRDI WGT 6MT HTX BSVI,SONET HTX,SONET HTX
KIA INDIA PRIVATE LIMITED,SELTOS G1.5 IVT HTX,KIA,SELTOS G1.5 IVT HTX,SELTOS HTX,SELTOS HTX
KIA INDIA PRIVATE LIMITED,"KIA INDIA PRIVATE LIMITED, CARENS D1.5 6AT LUXURYPLUS 6",KIA,CARENS D1.5 6AT LUXURYPLUS 6,CARENS LUXURY PLUS,CARENS LUXURY PLUS
KIA INDIA PRIVATE LIMITED,"KIA INDIA PRIVATE LIMITED, CARENS D1.5 6MT LUXURYPLUS 7",KIA,CARENS D1.5 6MT LUXURYPLUS 7,CARENS LUXURY PLUS,CARENS LUXURY PLUS
KIA INDIA PRIVATE LIMITED,CARENS G1.5 6MT PRESTIGE O 6,KIA,CARENS G1.5 6MT PRESTIGE O 6,CARENS PRESTIGE,CARENS PRESTIGE
M/S.KIA MOTORS INDIA PVT LTD,KIASONETG1.0T-GDI SMARTSTREAM7DCT HTK PLUS BSVI,KIA,KIASONETG1.0T-GDI SMARTSTREAM7DCT HTK PLUS BSVI,SONET HTK PLUS,SONET HTK PLUS
"M/S. KIA INDIA PVT LTD.,",KIACARENS SMARTSTREAM G1.4T-GDI6MT PREST+7 BSVI,KIA,KIACARENS SMARTSTREAM G1.4T-GDI6MT PREST 7 BSVI,CARENS,CARENS
KIA INDIA PRIVATE LIMITED,"KIA INDIA PRIVATE LIMITED, CARENS G1.4 6MT LUXURYPLUS 7",KIA,CARENS G1.4 6MT LUXURYPLUS 7,CARENS LUXURY PLUS,CARENS LUXURY PLUS
KIA INDIA PRIVATE LIMITED,SELTOS D1.5CRDI VGT6MTHTXAEBS6,KIA,SELTOS D1.5CRDI VGT6MTHTXAEBS6,SELTOS HTX,SELTOS HTX
"M/S. KIA INDIA PVT LTD.,",KIA CARNIVAL D2.2 8AT LIMOUSIN,KIA,CARNIVAL D2.2 8AT LIMOUSIN,CARENS,CARENS
KIA MOTORS INDIA PVT LTD,KIA SELTOS D1.5CRVGT6ATHTK+BS6,KIA,SELTOS D1.5CRVGT6ATHTK BS6,SELTOS HTK,SELTOS HTK
M/S.KIA MOTORS INDIA PVT LTD,KIA SONET- D1.5 CRDI VGT 6AT HTX BSVI,KIA,SONET- D1.5 CRDI VGT 6AT HTX BSVI,SONET HTX,SONET HTX
KIA INDIA PRIVATE LIMITED,CARENS D1.5 IMT LUXURYPLUS7,KIA,CARENS D1.5 IMT LUXURYPLUS7,CARENS LUXURY PLUS,CARENS LUXURY PLUS
KIA INDIA PRIVATE LIMITED,CARENS G1.5 6MT PDRIVE7,KIA,CARENS G1.5 6MT PDRIVE7,CARENS,CARENS
KIA INDIA PRIVATE LIMITED,"KIA INDIA PRIVATE LIMITED, SELTOS D1.5 6MT HTX PLUS",KIA,SELTOS D1.5 6MT HTX PLUS,SELTOS HTX PLUS,SELTOS HTX PLUS
M/S. KIA INDIA PVT LTD.,KIA SONET G1.0T-GDI SMARTSTEAM,KIA,SONET G1.0T-GDI SMARTSTEAM,SONET,SONET
"M/S. KIA INDIA PVT LTD.,",KIA SONET G1.0TGDI SMARTSTREAM,KIA,SONET G1.0TGDI SMARTSTREAM,SONET,SONET
M/S.KIA MOTORS INDIA PVT LTD,KIA-SELTOSSMARTSTREAMG1.4T-GDI,KIA,KIA-SELTOSSMARTSTREAMG1.4T-GDI,SELTOS,SELTOS
M/S. KIA INDIA PVT LTD.,KIA CARENS D1.5 CRDI VGT IMT P,KIA,CARENS D1.5 CRDI VGT IMT P,CARENS,CARENS
M/S.KIA MOTORS INDIA PVT LTD,KIA SONET D1.5 CRDI WGT 6MT HT,KIA,SONET D1.5 CRDI WGT 6MT HT,SONET,SONET
KIA INDIA PRIVATE LIMITED,SONET G1.0TGDISSTRMIMT HTX+BS6,KIA,SONET G1.0TGDISSTRMIMT HTX BS6,SONET HTX,SONET HTX
KIA INDIA PRIVATE LIMITED,"KIA INDIA PRIVATE LIMITED, SELTOS D1.5 6AT X LINE",KIA,SELTOS D1.5 6AT X LINE,SELTOS X LINE,SELTOS X LINE
KIA INDIA PRIVATE LIMITED,CARENS D1.5 IMT MDRIVE7,KIA,CARENS D1.5 IMT MDRIVE7,CARENS,CARENS
KIA INDIA PRIVATE LIMITED,SONET D1.5 6MT HTX,KIA,SONET D1.5 6MT HTX,SONET HTX,SONET HTX
KIA INDIA PRIVATE LIMITED,SONET G1.0TGDISSTRM7DCTHTK+BS6,KIA,SONET G1.0TGDISSTRM7DCTHTK BS6,SONET HTK,SONET HTK
M/S.KIA MOTORS INDIA PVT LTD,KIASELTOSSMARTSTREMG1.4T-GDI6M,KIA,KIASELTOSSMARTSTREMG1.4T-GDI6M,SELTOS,SELTOS
"M/S. KIA INDIA PVT LTD.,",KIA SONET D1.5 CRDI WGT 6 MT G,KIA,SONET D1.5 CRDI WGT 6 MT G,SONET,SONET
KIA INDIA PRIVATE LIMITED,"KIA INDIA PRIVATE LIMITED, SELTOS G1.5 6MT HTK",KIA,SELTOS G1.5 6MT HTK,SELTOS HTK,SELTOS HTK
KIA INDIA PVT LTD,CARENS D1.5CRDIVGT6MTPRST+7BS6,KIA,CARENS D1.5CRDIVGT6MTPRST 7BS6,CARENS,CARENS
KIA INDIA PVT LTD,CARENS SSG1.5 6MT PRMIUM7 BS6,KIA,CARENS SSG1.5 6MT PRMIUM7 BS6,CARENS,CARENS
KIA INDIA PRIVATE LIMITED,SONET D1.5 CRDI VGT 6AT HTXBS6,KIA,SONET D1.5 CRDI VGT 6AT HTXBS6,SONET HTX,SONET HTX
KIA INDIA PRIVATE LIMITED,SONET G1.0 IMT GTX PLUS,KIA,SONET G1.0 IMT GTX PLUS,SONET GTX PLUS,SONET GTX PLUS
KIA INDIA PRIVATE LIMITED,CARENS D1.5 6AT LUXURY(O) 7,KIA,CARENS D1.5 6AT LUXURY O 7,CARENS LUXURY,CARENS LUXURY
KIA MOTORS INDIA PVT LTD,SELTOS G1.5 6MT HTK PLUS,KIA,SELTOS G1.5 6MT HTK PLUS,SELTOS HTK PLUS,SELTOS HTK PLUS
KIA INDIA PRIVATE LIMITED,SONET G1.2 5MT HTK,KIA,SONET G1.2 5MT HTK,SONET HTK,SONET HTK
KIA INDIA PRIVATE LIMITED,SELTOS D1.5 6AT HTX,KIA,SELTOS D1.5 6AT HTX,SELTOS HTX,SELTOS HTX
M/S. KIA INDIA PVT LTD.,KIA CARENS D1.5 CRDI VGT 6AT L,KIA,CARENS D1.5 CRDI VGT 6AT L,CARENS,CARENS
KIA MOTORS CORPN,KIA SELTOS D1.5 CRDI VGT 6AT H,KIA,SELTOS D1.5 CRDI VGT 6AT H,SELTOS,SELTOS
KIA INDIA PRIVATE LIMITED,SELTOS D1.5 6MT HTE,KIA,SELTOS D1.5 6MT HTE,SELTOS HTE,SELTOS HTE
M/S.KIA MOTORS INDIA PVT LTD,KIA SELTOS SMARTSTREAM G1.56MT,KIA,SELTOS SMARTSTREAM G1.56MT,SELTOS,SELTOS
KIA INDIA PRIVATE LIMITED,KIA SELTOS SS G1.4TGD6MTGTKBS6,KIA,SELTOS SS G1.4TGD6MTGTKBS6,SELTOS,SELTOS
KIA INDIA PVT LTD,CARENS SSG1.5 6MT PRSTGE7 BS6,KIA,CARENS SSG1.5 6MT PRSTGE7 BS6,CARENS,CARENS
"M/S. KIA INDIA PVT LTD.,",KIACARENS SMARTS G1.5 T GDI 7D,KIA,KIACARENS SMARTS G1.5 T GDI 7D,CARENS,CARENS
KIA INDIA PRIVATE LIMITED,CARENS D1.5 6MT PRESTIGE 7,KIA,CARENS D1.5 6MT PRESTIGE 7,CARENS PRESTIGE,CARENS PRESTIGE
KIA INDIA PRIVATE LIMITED,"KIA INDIA PRIVATE LIMITED, SELTOS D1.5 IMT HTK PLUS",KIA,SELTOS D1.5 IMT HTK PLUS,SELTOS HTK PLUS,SELTOS HTK PLUS
KIA INDIA PRIVATE LIMITED,SELTOS SSG 1.4T GDI7DCTGTX+BS6,KIA,SELTOS SSG 1.4T GDI7DCTGTX BS6,SELTOS GTX,SELTOS GTX
KIA MOTORS CORPN,KIA SELTOS D1.5 CRDI VGT 6AT G,KIA,SELTOS D1.5 CRDI VGT 6AT G,SELTOS,SELTOS
KIA MOTORS INDIA PVT LTD,SONET D1.5CRDI WGT6MT HTK+BS6,KIA,SONET D1.5CRDI WGT6MT HTK BS6,SONET HTK,SONET HTK
KIA MOTORS INDIA PVT LTD,SELTOS D1.5CRDI VGT6ATGTX+BS6,KIA,SELTOS D1.5CRDI VGT6ATGTX BS6,SELTOS GTX,SELTOS GTX
M/S.KIA MOTORS INDIA PVT LTD,KIA-SELTOSSMARTSTREAMG1.4T-GDI6MTGTX+ BSVI,KIA,KIA-SELTOSSMARTSTREAMG1.4T-GDI6MTGTX BSVI,SELTOS GTX,SELTOS GTX
KIA INDIA PRIVATE LIMITED,CARENS G1.4 DCT PRESTIGEPLUS 7,KIA,CARENS G1.4 DCT PRESTIGEPLUS 7,CARENS PRESTIGE PLUS,CARENS PRESTIGE PLUS
KIA INDIA PRIVATE LIMITED,"KIA INDIA PRIVATE LIMITED, CARENS G1.4 6MT PRESTIGE 7",KIA,CARENS G1.4 6MT PRESTIGE 7,CARENS PRESTIGE,CARENS PRESTIGE
KIA INDIA PRIVATE LIMITED,CARENS G1.5 IMT LUXURYPLUS6,KIA,CARENS G1.5 IMT LUXURYPLUS6,CARENS LUXURY PLUS,CARENS LUXURY PLUS
M/S.KIA MOTORS INDIA PVT LTD,KIA CARNIVAL D2.2 8AT PREMIUM 7 BSVI,KIA,CARNIVAL D2.2 8AT PREMIUM 7 BSVI,CARENS PREMIUM,CARENS PREMIUM
KIA INDIA PRIVATE LIMITED,SONET D1.5CRDI WGT6MT HTX+BS6,KIA,SONET D1.5CRDI WGT6MT HTX BS6,SONET HTX,SONET HTX
KIA INDIA PRIVATE LIMITED,SELTOS D1.5 6MT HTX,KIA,SELTOS D1.5 6MT HTX,SELTOS HTX,SELTOS HTX
KIA INDIA PVT LTD,CARNIVAL D2.2 8AT LMOUSNE+7BS6,KIA,CARNIVAL D2.2 8AT LMOUSNE 7BS6,CARENS,CARENS
"M/S. KIA INDIA PVT LTD.,",KIA SONET D1.5 CRDI WGT 6 MT HTX BSVI,KIA,SONET D1.5 CRDI WGT 6 MT HTX BSVI,SONET HTX,SONET HTX
KIA MOTORS CORPN,KIA SELTOS D1.5 CRDI VGT 6MT H,KIA,SELTOS D1.5 CRDI VGT 6MT H,SELTOS,SELTOS
"M/S. KIA INDIA PVT LTD.,",KIA SELTOS D1.5 CRDI VGT 6AT H,KIA,SELTOS D1.5 CRDI VGT 6AT H,SELTOS,SELTOS
M/S.KIA MOTORS INDIA PVT LTD,KIA SELTOS SMARTSTREAMG1.4-GDI 7DCTGTXPLUS BSVI,KIA,SELTOS SMARTSTREAMG1.4-GDI 7DCTGTXPLUS BSVI,SELTOS GTX,SELTOS GTX
KIA INDIA PRIVATE LIMITED,SONET D1.5CRDI WGT6MTHTE BS6,KIA,SONET D1.5CRDI WGT6MTHTE BS6,SONET HTE,SONET HTE
KIA INDIA PRIVATE LIMITED,CARENS D1.5 IMT PRESTIGE7,KIA,CARENS D1.5 IMT PRESTIGE7,CARENS PRESTIGE,CARENS PRESTIGE
KIA INDIA PRIVATE LIMITED,SONET G1.0T IMT HTK PLUS,KIA,SONET G1.0T IMT HTK PLUS,SONET HTK PLUS,SONET HTK PLUS
KIA INDIA PRIVATE LIMITED,"KIA INDIA PRIVATE LIMITED, SELTOS G1.5 6MT HTK PLUS",KIA,SELTOS G1.5 6MT HTK PLUS,SELTOS HTK PLUS,SELTOS HTK PLUS
M/S.KIA MOTORS INDIA PVT LTD,KIA SELTOS D1.5 CRDI VGT 6MT H,KIA,SELTOS D1.5 CRDI VGT 6MT H,SELTOS,SELTOS
KIA INDIA PRIVATE LIMITED,SELTOS D1.5 IMT HTK PLUS,KIA,SELTOS D1.5 IMT HTK PLUS,SELTOS HTK PLUS,SELTOS HTK PLUS
KIA CARENS D1.5 CRDI VGT 6MT PRESTIGE + 7 BSVI,"M/S. KIA INDIA PVT LTD.,",KIA,M/S.,NOT FOUND,KIA OTHER
M/S. KIA INDIA PVT LTD.,KIASONET G1.0T-GDI SMARTSTREAM,KIA,KIASONET G1.0T-GDI SMARTSTREAM,SONET,SONET
"M/S. KIA INDIA PVT LTD.,",KIA SELTOS D1.5 CRDI VGT IMT HTK PLUS BSVI-PH2,KIA,SELTOS D1.5 CRDI VGT IMT HTK PLUS BSVI-PH2,SELTOS HTK PLUS,SELTOS HTK PLUS
"M/S. KIA INDIA PVT LTD.,",KIA CARENS D1.5 CRDI VGT 6MT L,KIA,CARENS D1.5 CRDI VGT 6MT L,CARENS,CARENS
M/S.KIA MOTORS INDIA PVT LTD,KIA SELTOS D1.5 CRDI VGT 6MT HTX AE BSVI,KIA,SELTOS D1.5 CRDI VGT 6MT HTX AE BSVI,SELTOS HTX,SELTOS HTX
KIA INDIA PVT LTD,SONET D1.5CRDI WGT6MTHTXAE BS6,KIA,SONET D1.5CRDI WGT6MTHTXAE BS6,SONET HTX,SONET HTX
KIA MOTORS CORPN,CARNIVAL(RHD) BSIV,KIA,CARNIVAL RHD BSIV,CARENS,CARENS
M/S.KIA MOTORS INDIA PVT LTD,KIASONETG1.0T-GDI-SMARTSTREAM 7DCT HTKPLUS BSVI,KIA,KIASONETG1.0T-GDI-SMARTSTREAM 7DCT HTKPLUS BSVI,SONET HTK,SONET HTK
KIA INDIA PRIVATE LIMITED,KIA SELTOS D1.5CRVGT6MTHTXBS6,KIA,SELTOS D1.5CRVGT6MTHTXBS6,SELTOS HTX,SELTOS HTX
"M/S. KIA INDIA PVT LTD.,",KIA SONETG1.0T-GDI SMARTSTREAM,KIA,SONETG1.0T-GDI SMARTSTREAM,SONET,SONET
KIA INDIA PRIVATE LIMITED,CARENS D1.5 IMT LUXURYPLUS6,KIA,CARENS D1.5 IMT LUXURYPLUS6,CARENS LUXURY PLUS,CARENS LUXURY PLUS
KIA INDIA PRIVATE LIMITED,SONET D1.5 6MT HTX AE,KIA,SONET D1.5 6MT HTX AE,SONET HTX,SONET HTX
KIA INDIA PVT LTD,SONET G1.0TGDI SS IMTHTXAE BS6,KIA,SONET G1.0TGDI SS IMTHTXAE BS6,SONET HTX,SONET HTX
KIA INDIA PRIVATE LIMITED,"KIA INDIA PRIVATE LIMITED, SONET G1.0T 7DCT X LINE",KIA,SONET G1.0T 7DCT X LINE,SONET,SONET
KIA INDIA PRIVATE LIMITED,"KIA INDIA PRIVATE LIMITED, SONET G1.2 5MT HTK",KIA,SONET G1.2 5MT HTK,SONET HTK,SONET HTK
KIA INDIA PRIVATE LIMITED,CARNIVAL D2.2 8AT PRESTGE7SBS6,KIA,CARNIVAL D2.2 8AT PRESTGE7SBS6,CARENS,CARENS
M/S.KIA MOTORS INDIA PVT LTD,KIA SELTOS D1.5 CRDI VGT 6AT G,KIA,SELTOS D1.5 CRDI VGT 6AT G,SELTOS,SELTOS
M/S.KIA MOTORS INDIA PVT LTD,KIA SELTOS SMARTSTREAMG1.4T-GD,KIA,SELTOS SMARTSTREAMG1.4T-GD,SELTOS,SELTOS
"M/S. KIA INDIA PVT LTD.,",KIACARENS SMARTSTREAM G1.4T-GD,KIA,KIACARENS SMARTSTREAM G1.4T-GD,CARENS,CARENS
KIA MOTORS INDIA PVT LTD,KIACARNIVALD2.28AT LIMOUSINE 7,KIA,KIACARNIVALD2.28AT LIMOUSINE 7,CARENS,CARENS
KIA MOTORS INDIA PVT LTD,SONET G1.2SMARTSTRM5MT HTK+BS6,KIA,SONET G1.2SMARTSTRM5MT HTK BS6,SONET HTK,SONET HTK
KIA INDIA PRIVATE LIMITED,CARENS G1.5T DCT LUXURY (O 7,KIA,CARENS G1.5T DCT LUXURY O 7,CARENS LUXURY,CARENS LUXURY
KIA INDIA PRIVATE LIMITED,"KIA INDIA PRIVATE LIMITED, SELTOS G1.5 6MT HTE",KIA,SELTOS G1.5 6MT HTE,SELTOS HTE,SELTOS HTE
KIA INDIA PRIVATE LIMITED,SONET G1.2SMARTSTRM5MT HTK+BS6,KIA,SONET G1.2SMARTSTRM5MT HTK BS6,SONET HTK,SONET HTK
KIA INDIA PRIVATE LIMITED,SONET D1.5 6MT HTK PLUS,KIA,SONET D1.5 6MT HTK PLUS,SONET HTK PLUS,SONET HTK PLUS
KIA SELTOS D1.5 CRDI VGT 6MT HTX PLUS BSVI,KIA SELTOS D1.5 CRDI VGT 6MT H,KIA,SELTOS D1.5 CRDI VGT 6MT H,SELTOS,SELTOS
KIA INDIA PRIVATE LIMITED,CARENS D1.5 6AT LUXURYPLUS7,KIA,CARENS D1.5 6AT LUXURYPLUS7,CARENS LUXURY PLUS,CARENS LUXURY PLUS
KIA INDIA PRIVATE LIMITED,SONET G1.2 5MT HTE,KIA,SONET G1.2 5MT HTE,SONET HTE,SONET HTE
"M/S. KIA INDIA PVT LTD.,",KIA SONET D1.5 CRDI WGT 6 MT HTE BSVI,KIA,SONET D1.5 CRDI WGT 6 MT HTE BSVI,SONET HTE,SONET HTE
KIA INDIA PRIVATE LIMITED,CARENS D1.5 6MT LUXURY 7,KIA,CARENS D1.5 6MT LUXURY 7,CARENS LUXURY,CARENS LUXURY
KIA MOTORS INDIA PVT LTD,SONET G1.2SMARTSTRM5MT HTEBS6,KIA,SONET G1.2SMARTSTRM5MT HTEBS6,SONET HTE,SONET HTE
M/S.KIA MOTORS INDIA PVT LTD,KIASONETG1.0T-GDI SMARTSTREAM IMT HTX BSVI,KIA,KIASONETG1.0T-GDI SMARTSTREAM IMT HTX BSVI,SONET HTX,SONET HTX
"M/S. KIA INDIA PVT LTD.,",KIA SONET D1.5 CRDI VGT 6AT HTX BSVI,KIA,SONET D1.5 CRDI VGT 6AT HTX BSVI,SONET HTX,SONET HTX
KIA INDIA PRIVATE LIMITED,CARENS D1.5 IMT PRESTIGEPLUS7,KIA,CARENS D1.5 IMT PRESTIGEPLUS7,CARENS PRESTIGE PLUS,CARENS PRESTIGE PLUS
KIA INDIA PRIVATE LIMITED,SONET D1.5 6MT GRAVITY,KIA,SONET D1.5 6MT GRAVITY,SONET,SONET
M/S.KIA MOTORS INDIA PVT LTD,KIASONET SMARTSTREAM G1.2 5MT HTK BSVI,KIA,KIASONET SMARTSTREAM G1.2 5MT HTK BSVI,SONET HTK,SONET HTK
KIA INDIA PRIVATE LIMITED,"KIA INDIA PRIVATE LIMITED, CARENS G1.4 DCT LUXURYPLUS 6",KIA,CARENS G1.4 DCT LUXURYPLUS 6,CARENS LUXURY PLUS,CARENS LUXURY PLUS
KIA INDIA PRIVATE LIMITED,SELTOS G1.5T 7DCT GTX PLUS (S),KIA,SELTOS G1.5T 7DCT GTX PLUS S,SELTOS GTX PLUS,SELTOS GTX PLUS
KIA INDIA PRIVATE LIMITED,SONET G1.0T 7DCT HTK PLUS,KIA,SONET G1.0T 7DCT HTK PLUS,SONET HTK PLUS,SONET HTK PLUS
KIA INDIA PRIVATE LIMITED,SELTOS G1.5 6MT HTK,KIA,SELTOS G1.5 6MT HTK,SELTOS HTK,SELTOS HTK
M/S.KIA MOTORS INDIA PVT LTD,KIA SELTOS SMARTSTREAM G1.5 6MT HTK BSVI,KIA,SELTOS SMARTSTREAM G1.5 6MT HTK BSVI,SELTOS HTK,SELTOS HTK
M/S. KIA INDIA PVT LTD.,KIA SELTOS D1.5 CRDI VGT 6AT X,KIA,SELTOS D1.5 CRDI VGT 6AT X,SELTOS,SELTOS
KIA INDIA PRIVATE LIMITED,KIA SELTOS D1.5CRVGT6MTHTK BS6,KIA,SELTOS D1.5CRVGT6MTHTK BS6,SELTOS HTK,SELTOS HTK
M/S. KIA INDIA PVT LTD.,KIA CARENS SMARTSTREAM G1.5 6M,KIA,CARENS SMARTSTREAM G1.5 6M,CARENS,CARENS
KIA INDIA PRIVATE LIMITED,CARENS G1.4 DCT LUXURYPLUS 7,KIA,CARENS G1.4 DCT LUXURYPLUS 7,CARENS LUXURY PLUS,CARENS LUXURY PLUS
M/S.KIA MOTORS INDIA PVT LTD,KIA SELTOS SMARTSTREAMG1.4-GDI,KIA,SELTOS SMARTSTREAMG1.4-GDI,SELTOS,SELTOS
KIA INDIA PRIVATE LIMITED,CARENS G1.5T DCT LUXURY (O) 7,KIA,CARENS G1.5T DCT LUXURY O 7,CARENS LUXURY,CARENS LUXURY
KIA INDIA PRIVATE LIMITED,CARENS D1.5 6MT PREMIUM O 7,KIA,CARENS D1.5 6MT PREMIUM O 7,CARENS PREMIUM,CARENS PREMIUM
M/S.KIA MOTORS INDIA PVT LTD,KIA SELTOS D1.5 CRDI VGT 6MT HTK PLUS BSVI,KIA,SELTOS D1.5 CRDI VGT 6MT HTK PLUS BSVI,SELTOS HTK PLUS,SELTOS HTK PLUS
KIA MOTORS INDIA PVT LTD,SONET D1.5 CRDI VGT 6AT HTXBS6,KIA,SONET D1.5 CRDI VGT 6AT HTXBS6,SONET HTX,SONET HTX
M/S. KIA INDIA PVT LTD.,KIA SELTOS SMARTSTREAMG1.4T-GD,KIA,SELTOS SMARTSTREAMG1.4T-GD,SELTOS,SELTOS
M/S. KIA INDIA PVT LTD.,KIA SONET G1.0T-GDI SMARTSTREA,KIA,SONET G1.0T-GDI SMARTSTREA,SONET,SONET
KIA INDIA PRIVATE LIMITED,KIACARNIVALD2.28ATLIMOUSINE+,KIA,KIACARNIVALD2.28ATLIMOUSINE,CARENS,CARENS
M/S.KIA MOTORS INDIA PVT LTD,KIASELTOSSMARTSTREMG1.4T-GDI6MTGTXPLUSBSVI,KIA,KIASELTOSSMARTSTREMG1.4T-GDI6MTGTXPLUSBSVI,SELTOS GTX,SELTOS GTX
M/S.KIA MOTORS INDIA PVT LTD,KIA SELTOS SMARTSTREAM G1.56MTHTKPLUSBSVI,KIA,SELTOS SMARTSTREAM G1.56MTHTKPLUSBSVI,SELTOS HTK,SELTOS HTK
KIA INDIA PRIVATE LIMITED,SELTOS D1.5 CRDI VGT,KIA,SELTOS D1.5 CRDI VGT,SELTOS,SELTOS
M/S. KIA INDIA PVT LTD.,KIA SONET G1.0T-GDI SMARTS IMT,KIA,SONET G1.0T-GDI SMARTS IMT,SONET,SONET
KIA INDIA PRIVATE LIMITED,SELTOS G1.5 6MT GRAVITY,KIA,SELTOS G1.5 6MT GRAVITY,SELTOS,SELTOS
"M/S. KIA INDIA PVT LTD.,",KIA SONET G1.0TGDI SMARTSTREAM 7DCT GTX+ BSVI-PH2,KIA,SONET G1.0TGDI SMARTSTREAM 7DCT GTX BSVI-PH2,SONET GTX,SONET GTX
KIA INDIA PRIVATE LIMITED,CARENS D1.5 6AT LUXURYPLUS6,KIA,CARENS D1.5 6AT LUXURYPLUS6,CARENS LUXURY PLUS,CARENS LUXURY PLUS
M/S.KIA MOTORS INDIA PVT LTD,KIASONETG1.0T-GDI-SMARTSTREAM7,KIA,KIASONETG1.0T-GDI-SMARTSTREAM7,SONET,SONET
KIA INDIA PRIVATE LIMITED,KIA SELTOS D1.5CRVGT6MTHTK+BS6,KIA,SELTOS D1.5CRVGT6MTHTK BS6,SELTOS HTK,SELTOS HTK
M/S.KIA MOTORS INDIA PVT LTD,KIA SELTOS SMARTSTREAM G1.5 6MT HTX BSVI,KIA,SELTOS SMARTSTREAM G1.5 6MT HTX BSVI,SELTOS HTX,SELTOS HTX
M/S.KIA MOTORS INDIA PVT LTD,KIASONETG1.0T-GDI SMARTSTREAM ,KIA,KIASONETG1.0T-GDI SMARTSTREAM,SONET,SONET
M/S. KIA INDIA PVT LTD.,KIA CARENS D1.5 CRDI VGT IMT L,KIA,CARENS D1.5 CRDI VGT IMT L,CARENS,CARENS
"M/S. KIA INDIA PVT LTD.,",KIA CARENS SMARTSTREAM G1.5 6MT PRESTIGE7 BSVI-PH2,KIA,CARENS SMARTSTREAM G1.5 6MT PRESTIGE7 BSVI-PH2,CARENS PRESTIGE,CARENS PRESTIGE
M/S. KIA INDIA PVT LTD.,KIA CARENS D1.5 CRDI VGT 6MT P,KIA,CARENS D1.5 CRDI VGT 6MT P,CARENS,CARENS
KIA INDIA PRIVATE LIMITED,CARENS D1.5 IMT PREMIUM7,KIA,CARENS D1.5 IMT PREMIUM7,CARENS PREMIUM,CARENS PREMIUM
KIA INDIA PRIVATE LIMITED,SONET G1.0T IMT HTX PLUS,KIA,SONET G1.0T IMT HTX PLUS,SONET HTX PLUS,SONET HTX PLUS
KIA INDIA PRIVATE LIMITED,SELTOS G1.4 6MT GTK,KIA,SELTOS G1.4 6MT GTK,SELTOS,SELTOS
KIA INDIA PRIVATE LIMITED,KIA SELTOS D1.5CRVGT6ATHTK+BS6,KIA,SELTOS D1.5CRVGT6ATHTK BS6,SELTOS HTK,SELTOS HTK
"M/S. KIA INDIA PVT LTD.,",KIA SONET D1.5 CRDI VGT IMT HTX BSVI-PH2,KIA,SONET D1.5 CRDI VGT IMT HTX BSVI-PH2,SONET HTX,SONET HTX
KIA INDIA PRIVATE LIMITED,SELTOS G1.5T 7DCT GTX PLUS,KIA,SELTOS G1.5T 7DCT GTX PLUS,SELTOS GTX PLUS,SELTOS GTX PLUS
KIA INDIA PRIVATE LIMITED,KIACARNIVALD2.28AT LIMOUSINE 7,KIA,KIACARNIVALD2.28AT LIMOUSINE 7,CARENS,CARENS
KIA INDIA PRIVATE LIMITED,KIA SELTOS SS G1.4TGDI6MGTXBS6,KIA,SELTOS SS G1.4TGDI6MGTXBS6,SELTOS GTX,SELTOS GTX
KIA INDIA PRIVATE LIMITED,"KIA INDIA PRIVATE LIMITED, SELTOS D1.5 6AT HTK PLUS",KIA,SELTOS D1.5 6AT HTK PLUS,SELTOS HTK PLUS,SELTOS HTK PLUS
KIA INDIA PRIVATE LIMITED,SELTOS D1.5 6MT HTX AE,KIA,SELTOS D1.5 6MT HTX AE,SELTOS HTX,SELTOS HTX
KIA INDIA PRIVATE LIMITED,"KIA INDIA PRIVATE LIMITED, SONET G1.0T IMT HTX PLUS",KIA,SONET G1.0T IMT HTX PLUS,SONET HTX PLUS,SONET HTX PLUS
KIA INDIA PRIVATE LIMITED,SONET G1.0T 7DCT GTX PLUS,KIA,SONET G1.0T 7DCT GTX PLUS,SONET GTX PLUS,SONET GTX PLUS
KIA MOTORS INDIA PVT LTD,SONET D1.5CRDI WGT6MT HTX BS6,KIA,SONET D1.5CRDI WGT6MT HTX BS6,SONET HTX,SONET HTX
M/S.KIA MOTORS INDIA PVT LTD,KIA SONET D1.5 CRDI VGT 6AT GTX PLUS BSVI,KIA,SONET D1.5 CRDI VGT 6AT GTX PLUS BSVI,SONET GTX PLUS,SONET GTX PLUS
KIA MOTORS INDIA PVT LTD,SONET D1.5CRDI WGT6MT HTX+BS6,KIA,SONET D1.5CRDI WGT6MT HTX BS6,SONET HTX,SONET HTX
M/S KIA MOTORS INDIA PVT. LTD.,KIA SELTOS D1.5 CRDI VGT 6AT GTX PLUS BSVI,KIA,SELTOS D1.5 CRDI VGT 6AT GTX PLUS BSVI,SELTOS GTX PLUS,SELTOS GTX PLUS
KIA INDIA PRIVATE LIMITED,"KIA INDIA PRIVATE LIMITED, SONET G1.2 5MT HTK PLUS",KIA,SONET G1.2 5MT HTK PLUS,SONET HTK PLUS,SONET HTK PLUS
KIA MOTORS INDIA PVT LTD,SELTOS D1.5 6MT HTK PLUS,KIA,SELTOS D1.5 6MT HTK PLUS,SELTOS HTK PLUS,SELTOS HTK PLUS
KIA SELTOS SMARTSTREAM G1.5IVTHTXBSVI,M/S.KIA MOTORS INDIA PVT LTD,KIA,M/S.,O,O
"M/S. KIA INDIA PVT LTD.,",KIA CARENS SMARTS G1.5T GDI 7D,KIA,CARENS SMARTS G1.5T GDI 7D,CARENS,CARENS
KIA INDIA PRIVATE LIMITED,QYAN01D15M62W06,KIA,QYAN01D15M62W06,6,6
"M/S. KIA INDIA PVT LTD.,",KIA SELTOS SMARTSTRE G1.5T-GDI,KIA,SELTOS SMARTSTRE G1.5T-GDI,SELTOS,SELTOS
KIA MOTORS INDIA PVT LTD,SONET G1.0TGDISSTRMIMT HTK+BS6,KIA,SONET G1.0TGDISSTRMIMT HTK BS6,SONET HTK,SONET HTK
KIA INDIA PRIVATE LIMITED,SONET D1.5CRDI WGT6MT HTX BS6,KIA,SONET D1.5CRDI WGT6MT HTX BS6,SONET HTX,SONET HTX
"M/S. KIA INDIA PVT LTD.,",KIA SELTOSSMARTSTREAM G1.4T-GDI 7DCT XLINE BSVI,KIA,SELTOSSMARTSTREAM G1.4T-GDI 7DCT XLINE BSVI,SELTOS X LINE,SELTOS X LINE
M/S.KIA MOTORS INDIA PVT LTD,KIA SONET D1.5 CRDI WGT 6MT HTE BSVI,KIA,SONET D1.5 CRDI WGT 6MT HTE BSVI,SONET HTE,SONET HTE
KIA INDIA PRIVATE LIMITED,"KIA INDIA PRIVATE LIMITED, SELTOS D1.5 6MT HTE",KIA,SELTOS D1.5 6MT HTE,SELTOS HTE,SELTOS HTE
KIA SELTOS D1.5 CRDI VGT IMT HTK PLUS BSVI,"M/S. KIA INDIA PVT LTD.,",KIA,M/S.,NOT FOUND,KIA OTHER
M/S.KIA MOTORS INDIA PVT LTD,KIA SELTOS SMARTSTREAM G1.5IVT,KIA,SELTOS SMARTSTREAM G1.5IVT,SELTOS,SELTOS
KIA INDIA PRIVATE LIMITED,CARENS G1.5 6MT PREMIUM7,KIA,CARENS G1.5 6MT PREMIUM7,CARENS PREMIUM,CARENS PREMIUM
KIA INDIA PRIVATE LIMITED,"KIA INDIA PRIVATE LIMITED, CARENS G1.4 6MT PREMIUM 7",KIA,CARENS G1.4 6MT PREMIUM 7,CARENS PREMIUM,CARENS PREMIUM
KIA INDIA PRIVATE LIMITED,"KIA INDIA PRIVATE LIMITED, SELTOS G1.4 6MT GTX PLUS",KIA,SELTOS G1.4 6MT GTX PLUS,SELTOS GTX PLUS,SELTOS GTX PLUS
KIA INDIA PRIVATE LIMITED,"KIA INDIA PRIVATE LIMITED, CARENS D1.5 6MT PRESTIGE 7",KIA,CARENS D1.5 6MT PRESTIGE 7,CARENS PRESTIGE,CARENS PRESTIGE
M/S.KIA MOTORS INDIA PVT LTD,KIA SELTOS D1.5 CRDIVGT6ATHTXP,KIA,SELTOS D1.5 CRDIVGT6ATHTXP,SELTOS HTX,SELTOS HTX
KIA INDIA PRIVATE LIMITED,KIA CARNIVAL D2.28AT PREMIUM 7,KIA,CARNIVAL D2.28AT PREMIUM 7,CARENS PREMIUM,CARENS PREMIUM
KIA INDIA PRIVATE LIMITED,CARENS G1.5 6MT MDRIVE7,KIA,CARENS G1.5 6MT MDRIVE7,CARENS,CARENS
KIA INDIA PRIVATE LIMITED,"KIA INDIA PRIVATE LIMITED, SONET G1.0T 7DCT HTX",KIA,SONET G1.0T 7DCT HTX,SONET HTX,SONET HTX
"M/S. KIA INDIA PVT LTD.,",KIA CARNIVAL D2.2 8AT PRESTIGE 7 BSVI,KIA,CARNIVAL D2.2 8AT PRESTIGE 7 BSVI,CARENS PRESTIGE,CARENS PRESTIGE
KIA INDIA PRIVATE LIMITED,SONET D1.5 IMT HTX PLUS,KIA,SONET D1.5 IMT HTX PLUS,SONET HTX PLUS,SONET HTX PLUS
KIA MOTORS INDIA PVT LTD,SONET G1.0TGDISSTRMIMT HTX BS6,KIA,SONET G1.0TGDISSTRMIMT HTX BS6,SONET HTX,SONET HTX
KIA INDIA PRIVATE LIMITED,SONET D1.5 6MT HTK,KIA,SONET D1.5 6MT HTK,SONET HTK,SONET HTK
KIA INDIA PRIVATE LIMITED,SONET D1.5CRDI WGT6MT HTK+BS6,KIA,SONET D1.5CRDI WGT6MT HTK BS6,SONET HTK,SONET HTK
KIA INDIA PRIVATE LIMITED,"KIA INDIA PRIVATE LIMITED, SELTOS G1.5 IMT HTK PLUS",KIA,SELTOS G1.5 IMT HTK PLUS,SELTOS HTK PLUS,SELTOS HTK PLUS
KIA INDIA PRIVATE LIMITED,SONET D1.5CRDI VGT6AT HTK+BS6,KIA,SONET D1.5CRDI VGT6AT HTK BS6,SONET HTK,SONET HTK
KIA INDIA PRIVATE LIMITED,KYAN00D15M62W00,KIA,KYAN00D15M62W00,6,6
KIA INDIA PRIVATE LIMITED,SELTOS G1.5T IMT HTK PLUS,KIA,SELTOS G1.5T IMT HTK PLUS,SELTOS HTK PLUS,SELTOS HTK PLUS
KIA INDIA PRIVATE LIMITED,KIA SELTOS SS G1.5IVT HTX BS6,KIA,SELTOS SS G1.5IVT HTX BS6,SELTOS HTX,SELTOS HTX
KIA INDIA PRIVATE LIMITED,"KIA INDIA PRIVATE LIMITED, SONET G1.0T 7DCT GTX PLUS",KIA,SONET G1.0T 7DCT GTX PLUS,SONET GTX PLUS,SONET GTX PLUS
KIA INDIA PRIVATE LIMITED,SELTOS D1.5 6AT X LINE (S),KIA,SELTOS D1.5 6AT X LINE S,SELTOS X LINE,SELTOS X LINE
KIA INDIA PRIVATE LIMITED,SELTOS D1.5 6MT HTX PLUS,KIA,SELTOS D1.5 6MT HTX PLUS,SELTOS HTX PLUS,SELTOS HTX PLUS
"M/S. KIA INDIA PVT LTD.,",KIA SELTOS D1.5 CRDI VGT 6AT GTX PLUS BSVI-PH2,KIA,SELTOS D1.5 CRDI VGT 6AT GTX PLUS BSVI-PH2,SELTOS GTX PLUS,SELTOS GTX PLUS
KIA INDIA PRIVATE LIMITED,KIA SELTOS D1.5CRVGT6MTHTEBS6,KIA,SELTOS D1.5CRVGT6MTHTEBS6,SELTOS HTE,SELTOS HTE
KIA INDIA PRIVATE LIMITED,KIA SELTOS SS G1.5 6MT HTX BS6,KIA,SELTOS SS G1.5 6MT HTX BS6,SELTOS HTX,SELTOS HTX
KIA MOTORS INDIA PVT LTD,KIA SELTOS SS G1.5 6MT HTX BS6,KIA,SELTOS SS G1.5 6MT HTX BS6,SELTOS HTX,SELTOS HTX
KIA INDIA PRIVATE LIMITED,CARENS G1.5T DCTPRESTIGEPLUSO7,KIA,CARENS G1.5T DCTPRESTIGEPLUSO7,CARENS PRESTIGE PLUS,CARENS PRESTIGE PLUS
KIA INDIA PRIVATE LIMITED,"KIA INDIA PRIVATE LIMITED, SELTOS G1.4 7DCT GTX PLUS",KIA,SELTOS G1.4 7DCT GTX PLUS,SELTOS GTX PLUS,SELTOS GTX PLUS
KIA INDIA PRIVATE LIMITED,SELTOS D1.5 6MT HTK PLUS,KIA,SELTOS D1.5 6MT HTK PLUS,SELTOS HTK PLUS,SELTOS HTK PLUS
M/S. KIA INDIA PVT LTD.,KIA SONET D1.5 CRDI WGT 6 MT H,KIA,SONET D1.5 CRDI WGT 6 MT H,SONET,SONET
KIA INDIA PRIVATE LIMITED,SONET D1.5 6MT HTX PLUS,KIA,SONET D1.5 6MT HTX PLUS,SONET HTX PLUS,SONET HTX PLUS
M/S.KIA MOTORS INDIA PVT LTD,KIA SELTOS D1.5 CRDI VGT 6MT HTX BSVI,KIA,SELTOS D1.5 CRDI VGT 6MT HTX BSVI,SELTOS HTX,SELTOS HTX
KIA INDIA PRIVATE LIMITED,"KIA INDIA PRIVATE LIMITED, SONET D1.5 6MT HTX PLUS",KIA,SONET D1.5 6MT HTX PLUS,SONET HTX PLUS,SONET HTX PLUS
M/S. KIA INDIA PVT LTD.,KIA SELTOS D1.5 CRDI VGT IMT-H,KIA,SELTOS D1.5 CRDI VGT IMT-H,SELTOS,SELTOS
KIA MOTORS INDIA PVT LTD,KIA SELTOS D1.5CRVGT6MTHTX+BS6,KIA,SELTOS D1.5CRVGT6MTHTX BS6,SELTOS HTX,SELTOS HTX
KIA INDIA PRIVATE LIMITED,SONET D1.5 6AT HTX AE,KIA,SONET D1.5 6AT HTX AE,SONET HTX,SONET HTX
M/S. KIA INDIA PVT LTD.,KIA EV6 GT-LINE AWD BOV,KIA,EV6 GT-LINE AWD BOV,EV6,EV6
KIA INDIA PRIVATE LIMITED,SELTOS G1.5T 7DCT X LINE (S),KIA,SELTOS G1.5T 7DCT X LINE S,SELTOS X LINE,SELTOS X LINE
KIA INDIA PRIVATE LIMITED,SONET G1.0T IMT HTX,KIA,SONET G1.0T IMT HTX,SONET HTX,SONET HTX
M/S. KIA INDIA PVT LTD.,KIA SONETG1.0T-GDI SMARTSTREAM,KIA,SONETG1.0T-GDI SMARTSTREAM,SONET,SONET
Kia India Private Limited,Carens D1.5 Imt Mdrive7,KIA,CARENS D1.5 IMT MDRIVE7,CARENS,CARENS
KIA MOTORS INDIA PVT LTD,SONET G1.2 5MT HTK,KIA,SONET G1.2 5MT HTK,SONET HTK,SONET HTK
"M/S. KIA INDIA PVT LTD.,",KIA SONET D1.5 CRDI VGT 6AT GT,KIA,SONET D1.5 CRDI VGT 6AT GT,SONET,SONET
KIA INDIA PRIVATE LIMITED,"KIA INDIA PRIVATE LIMITED, KIACARNIVALD2.28ATLIMOUSINE+",KIA,KIACARNIVALD2.28ATLIMOUSINE,CARENS,CARENS
KIA INDIA PRIVATE LIMITED,CARENS D1.5 6MT M DRIVE 7,KIA,CARENS D1.5 6MT M DRIVE 7,CARENS,CARENS
KIA INDIA PRIVATE LIMITED,SELTOS D1.5 6AT GTX PLUS,KIA,SELTOS D1.5 6AT GTX PLUS,SELTOS GTX PLUS,SELTOS GTX PLUS
KIA INDIA PRIVATE LIMITED,SONET G1.0T IMT HTX AE,KIA,SONET G1.0T IMT HTX AE,SONET HTX,SONET HTX
KIA INDIA PRIVATE LIMITED,"KIA INDIA PRIVATE LIMITED, SELTOS D1.5 6AT GTX PLUS",KIA,SELTOS D1.5 6AT GTX PLUS,SELTOS GTX PLUS,SELTOS GTX PLUS
KIA INDIA PRIVATE LIMITED,CARNIVAL D2.2 8AT LMOUSNE7SBS6,KIA,CARNIVAL D2.2 8AT LMOUSNE7SBS6,CARENS,CARENS
M/S.KIA MOTORS INDIA PVT LTD,KIA SELTOS D1.5 CRDI VGT 6MT HTE BSVI,KIA,SELTOS D1.5 CRDI VGT 6MT HTE BSVI,SELTOS HTE,SELTOS HTE
"M/S. KIA INDIA PVT LTD.,",KIA SELTOS SMARTSTRE G1.5 IVT HTX BSVI-PH2,KIA,SELTOS SMARTSTRE G1.5 IVT HTX BSVI-PH2,SELTOS HTX,SELTOS HTX
KIA INDIA PRIVATE LIMITED,CARENS D1.5 6MT PRESTIGEPLUS 7,KIA,CARENS D1.5 6MT PRESTIGEPLUS 7,CARENS PRESTIGE PLUS,CARENS PRESTIGE PLUS
KIA MOTORS INDIA PVT LTD,SONET G1.2SMARTSTRM5MT HTKBS6,KIA,SONET G1.2SMARTSTRM5MT HTKBS6,SONET HTK,SONET HTK
KIA INDIA PRIVATE LIMITED,CARENS G1.5 IMT PREMIUM7,KIA,CARENS G1.5 IMT PREMIUM7,CARENS PREMIUM,CARENS PREMIUM
"M/S. KIA INDIA PVT LTD.,",KIA SELTOS D1.5 CRDI VGT 6MT HTX BSVI-PH2,KIA,SELTOS D1.5 CRDI VGT 6MT HTX BSVI-PH2,SELTOS HTX,SELTOS HTX
KIA INDIA PRIVATE LIMITED,SELTOS G1.4 6MT GTX(O,KIA,SELTOS G1.4 6MT GTX O,SELTOS GTX,SELTOS GTX
KIA MOTORS INDIA PVT LTD,KIA SELTOS D1.5CRVGT6MTHTK+BS6,KIA,SELTOS D1.5CRVGT6MTHTK BS6,SELTOS HTK,SELTOS HTK
KIA INDIA PRIVATE LIMITED,SONET G1.0TGDISSTRM7DCTGTX+BS6,KIA,SONET G1.0TGDISSTRM7DCTGTX BS6,SONET GTX,SONET GTX
KIA INDIA PRIVATE LIMITED,SELTOS G1.4 6MT GTX,KIA,SELTOS G1.4 6MT GTX,SELTOS GTX,SELTOS GTX
KIA INDIA PRIVATE LIMITED,"KIA INDIA PRIVATE LIMITED, SELTOS D1.5 6MT HTX",KIA,SELTOS D1.5 6MT HTX,SELTOS HTX,SELTOS HTX
KIASONETG1.0T-GDI SMARTSTREAM IMT HTX BSVI,KIASONETG1.0T-GDI SMARTSTREAM ,KIA,KIASONETG1.0T-GDI SMARTSTREAM,SONET,SONET
KIA INDIA PRIVATE LIMITED,SONET D1.5 IMT GTX PLUS,KIA,SONET D1.5 IMT GTX PLUS,SONET GTX PLUS,SONET GTX PLUS
KIA INDIA PRIVATE LIMITED,KIA SELTOS SS G1.5 6MT HTK BS6,KIA,SELTOS SS G1.5 6MT HTK BS6,SELTOS HTK,SELTOS HTK
KIA MOTORS CORPN,"KIA MOTORS CORPN, KIA SELTOS D1.5 CRDI VGT 6MT H",KIA,MOTORS CORPN SELTOS D1.5 CRDI VGT 6MT H,SELTOS,SELTOS
M/S. KIA INDIA PVT LTD.,KIA SELTOS D1.5 CRDI VGT 6AT H,KIA,SELTOS D1.5 CRDI VGT 6AT H,SELTOS,SELTOS
KIA INDIA PRIVATE LIMITED,SELTOS G1.4 6MT GTX(O),KIA,SELTOS G1.4 6MT GTX O,SELTOS GTX,SELTOS GTX
KIA INDIA PRIVATE LIMITED,"KIA INDIA PRIVATE LIMITED, SELTOS G1.4 7DCT X LINE",KIA,SELTOS G1.4 7DCT X LINE,SELTOS X LINE,SELTOS X LINE
KIASONETG1.0T-GDI SMARTSTREAM IMT HTX BSVI,M/S.KIA MOTORS INDIA PVT LTD,KIA,M/S.,O,O
KIA INDIA PRIVATE LIMITED,SONET D1.5 6MT GTX PLUS,KIA,SONET D1.5 6MT GTX PLUS,SONET GTX PLUS,SONET GTX PLUS
KIA MOTORS INDIA PVT LTD,KIA SELTOS D1.5CRVGT6ATHTX+BS6,KIA,SELTOS D1.5CRVGT6ATHTX BS6,SELTOS HTX,SELTOS HTX
"M/S. KIA INDIA PVT LTD.,",KIA SONET D1.5 CRDI VGT 6AT GTX PLUS BSVI,KIA,SONET D1.5 CRDI VGT 6AT GTX PLUS BSVI,SONET GTX PLUS,SONET GTX PLUS
"M/S. KIA INDIA PVT LTD.,",KIA SELTOS D 1.5 CRDI VGT 6AT ,KIA,SELTOS D 1.5 CRDI VGT 6AT,SELTOS,SELTOS
KIA MOTORS INDIA PVT LTD,SONET D1.5 6MT HTK PLUS,KIA,SONET D1.5 6MT HTK PLUS,SONET HTK PLUS,SONET HTK PLUS
KIA INDIA PVT LTD,CARENS D1.5CRDIVGT6ATBS6LXRY+7,KIA,CARENS D1.5CRDIVGT6ATBS6LXRY 7,CARENS,CARENS
KIA INDIA PRIVATE LIMITED,SONET G1.0T 7DCT HTX,KIA,SONET G1.0T 7DCT HTX,SONET HTX,SONET HTX
KIA INDIA PRIVATE LIMITED,SELTOS D1.5 IMT HTX PLUS,KIA,SELTOS D1.5 IMT HTX PLUS,SELTOS HTX PLUS,SELTOS HTX PLUS
KIA INDIA PRIVATE LIMITED,SONET D1.5CRDI VGT6AT GTX+BS6,KIA,SONET D1.5CRDI VGT6AT GTX BS6,SONET GTX,SONET GTX
"M/S. KIA INDIA PVT LTD.,",KIA CARENS D1.5 CRDI VGT 6AT LUXURY PLUS 7 BSVI,KIA,CARENS D1.5 CRDI VGT 6AT LUXURY PLUS 7 BSVI,CARENS LUXURY PLUS,CARENS LUXURY PLUS
KIA INDIA PRIVATE LIMITED,SELTOS D1.5 6AT GTX,KIA,SELTOS D1.5 6AT GTX,SELTOS GTX,SELTOS GTX
KIA INDIA PRIVATE LIMITED,CARENS G1.5 IMT PRESTIGEPLUS7,KIA,CARENS G1.5 IMT PRESTIGEPLUS7,CARENS PRESTIGE PLUS,CARENS PRESTIGE PLUS
M/S. KIA INDIA PVT LTD.,KIA SELTOS D1.5 CRDI VGT IMT H,KIA,SELTOS D1.5 CRDI VGT IMT H,SELTOS,SELTOS
KIA INDIA PRIVATE LIMITED,SONET D1.5 6MT HTE,KIA,SONET D1.5 6MT HTE,SONET HTE,SONET HTE
KIA MOTORS INDIA PVT LTD,SELTOS D1.5 6MT HTX,KIA,SELTOS D1.5 6MT HTX,SELTOS HTX,SELTOS HTX
"M/S. KIA INDIA PVT LTD.,",KIA SONET G1.0T-GDI SMARTSTREAM 7DCT HTX BSVI-PH2,KIA,SONET G1.0T-GDI SMARTSTREAM 7DCT HTX BSVI-PH2,SONET HTX,SONET HTX
KIA INDIA PRIVATE LIMITED,SELTOS G1.5T 7DCT GTX,KIA,SELTOS G1.5T 7DCT GTX,SELTOS GTX,SELTOS GTX
KIA INDIA PRIVATE LIMITED,KIA SELTOS SS G1.5 6MT HTE BS6,KIA,SELTOS SS G1.5 6MT HTE BS6,SELTOS HTE,SELTOS HTE
KIA INDIA PRIVATE LIMITED,CARENS D1.5 6MT LUXURYPLUS 7,KIA,CARENS D1.5 6MT LUXURYPLUS 7,CARENS LUXURY PLUS,CARENS LUXURY PLUS
KIA INDIA PRIVATE LIMITED,SONET G1.2 5MT HTKPLUS,KIA,SONET G1.2 5MT HTKPLUS,SONET HTK,SONET HTK
KIA INDIA PRIVATE LIMITED,CARENS D1.5 6MT GRAVITY,KIA,CARENS D1.5 6MT GRAVITY,CARENS,CARENS
"M/S. KIA INDIA PVT LTD.,",KIA SONET G1.0T-GDI SMARTSTREA,KIA,SONET G1.0T-GDI SMARTSTREA,SONET,SONET
KIA INDIA PRIVATE LIMITED,CARENS G1.5T DCT X-LINE 6,KIA,CARENS G1.5T DCT X-LINE 6,CARENS,CARENS
KIA INDIA PRIVATE LIMITED,"KIA INDIA PRIVATE LIMITED, SONET D1.5 6AT X LINE",KIA,SONET D1.5 6AT X LINE,SONET,SONET
KIA INDIA PRIVATE LIMITED,"KIA INDIA PRIVATE LIMITED, CARENS G1.4 6MT PRESTIGEPLUS 7",KIA,CARENS G1.4 6MT PRESTIGEPLUS 7,CARENS PRESTIGE PLUS,CARENS PRESTIGE PLUS
KIA INDIA PRIVATE LIMITED,SONET G1.2 5MT HTK(O),KIA,SONET G1.2 5MT HTK O,SONET HTK,SONET HTK
KIA MOTORS INDIA PVT LTD,SONET D1.5CRDI WGT6MT GTX+BS6,KIA,SONET D1.5CRDI WGT6MT GTX BS6,SONET GTX,SONET GTX
KIA INDIA PRIVATE LIMITED,KIA SELTOS D1.5CRVGT6ATHTX+BS6,KIA,SELTOS D1.5CRVGT6ATHTX BS6,SELTOS HTX,SELTOS HTX
KIA INDIA PRIVATE LIMITED,SELTOS D1.5 6MT HTK (O),KIA,SELTOS D1.5 6MT HTK O,SELTOS HTK,SELTOS HTK
KIA INDIA PRIVATE LIMITED,CARENS G1.5 6MT GRAVITY,KIA,CARENS G1.5 6MT GRAVITY,CARENS,CARENS
"M/S. KIA INDIA PVT LTD.,",KIACARENS SMARTSTREAM G1.4T-GDI6MT PREST 7 BSVI,KIA,KIACARENS SMARTSTREAM G1.4T-GDI6MT PREST 7 BSVI,CARENS,CARENS
M/S.KIA MOTORS INDIA PVT LTD,KIASONET SMARTSTREAM G1.2 5MT HTK PLUS BSVI,KIA,KIASONET SMARTSTREAM G1.2 5MT HTK PLUS BSVI,SONET HTK PLUS,SONET HTK PLUS
KIA INDIA PRIVATE LIMITED,SONET G1.0T IMT GTX PLUS,KIA,SONET G1.0T IMT GTX PLUS,SONET GTX PLUS,SONET GTX PLUS
M/S. KIA INDIA PVT LTD.,KIA SONET SMARTSTREAM G1.2 5MT,KIA,SONET SMARTSTREAM G1.2 5MT,SONET,SONET
M/S. KIA INDIA PVT LTD.,KIA SELTOS SMARTSTRE G1.5 IVT,KIA,SELTOS SMARTSTRE G1.5 IVT,SELTOS,SELTOS
KIA INDIA PRIVATE LIMITED,"KIA INDIA PRIVATE LIMITED, SONET D1.5 6MT HTK",KIA,SONET D1.5 6MT HTK,SONET HTK,SONET HTK
KIA MOTORS INDIA PVT LTD,SELTOS G1.4 7DCT GTX PLUS,KIA,SELTOS G1.4 7DCT GTX PLUS,SELTOS GTX PLUS,SELTOS GTX PLUS
M/S. KIA INDIA PVT LTD.,KIA SELTOS SMARTSTRE G1.5T-GDI,KIA,SELTOS SMARTSTRE G1.5T-GDI,SELTOS,SELTOS
KIA INDIA PRIVATE LIMITED,"KIA INDIA PRIVATE LIMITED, CARENS D1.5 6MT LUXURYPLUS 6",KIA,CARENS D1.5 6MT LUXURYPLUS 6,CARENS LUXURY PLUS,CARENS LUXURY PLUS
KIA INDIA PRIVATE LIMITED,CARENS D1.5 6MT LUXURY PLUS 7,KIA,CARENS D1.5 6MT LUXURY PLUS 7,CARENS LUXURY PLUS,CARENS LUXURY PLUS
KIA INDIA PRIVATE LIMITED,SONET D1.5 IMT HTE,KIA,SONET D1.5 IMT HTE,SONET HTE,SONET HTE
M/S.KIA MOTORS INDIA PVT LTD,KIA CARNIVAL D2.2 8AT LIMOUSIN,KIA,CARNIVAL D2.2 8AT LIMOUSIN,CARENS,CARENS
KIA INDIA PRIVATE LIMITED,SELTOS D1.5 6AT X LINE,KIA,SELTOS D1.5 6AT X LINE,SELTOS X LINE,SELTOS X LINE
KIA MOTORS INDIA PVT LTD,SONET G1.0TGDISSTRMIMT GTX+BS6,KIA,SONET G1.0TGDISSTRMIMT GTX BS6,SONET GTX,SONET GTX
M/S.KIA MOTORS INDIA PVT LTD,KIA SELTOS SMARTSTREAM G1.5 IM,KIA,SELTOS SMARTSTREAM G1.5 IM,SELTOS,SELTOS
KIA MOTORS INDIA PVT LTD,SONET D1.5 6MT GTX PLUS,KIA,SONET D1.5 6MT GTX PLUS,SONET GTX PLUS,SONET GTX PLUS
"M/S. KIA INDIA PVT LTD.,",KIA CARENS D1.5 CRDI VGT IMT LUXURY PLUS 7 BSVI-PH,KIA,CARENS D1.5 CRDI VGT IMT LUXURY PLUS 7 BSVI-PH,CARENS LUXURY PLUS,CARENS LUXURY PLUS
KIA INDIA PRIVATE LIMITED,CARENS G1.5 IMT LUXURY7,KIA,CARENS G1.5 IMT LUXURY7,CARENS LUXURY,CARENS LUXURY
KIA INDIA PRIVATE LIMITED,"KIA INDIA PRIVATE LIMITED, SONET D1.5 6MT GTX PLUS",KIA,SONET D1.5 6MT GTX PLUS,SONET GTX PLUS,SONET GTX PLUS
KIA INDIA PRIVATE LIMITED,"KIA INDIA PRIVATE LIMITED, CARENS G1.4 DCT PRESTIGEPLUS 7",KIA,CARENS G1.4 DCT PRESTIGEPLUS 7,CARENS PRESTIGE PLUS,CARENS PRESTIGE PLUS
KIA INDIA PRIVATE LIMITED,SELTOS G1.4 6MT GTX PLUS,KIA,SELTOS G1.4 6MT GTX PLUS,SELTOS GTX PLUS,SELTOS GTX PLUS
KIA INDIA PRIVATE LIMITED,CARENS D1.5 6AT X-LINE 6,KIA,CARENS D1.5 6AT X-LINE 6,CARENS,CARENS
M/S.KIA MOTORS INDIA PVT LTD,KIA SELTOS SMARTSTREAM G1.5IVTHTXBSVI,KIA,SELTOS SMARTSTREAM G1.5IVTHTXBSVI,SELTOS HTX,SELTOS HTX
M/S.KIA MOTORS INDIA PVT LTD,KIA SELTOS SMARTSTREAM G1.4T-G,KIA,SELTOS SMARTSTREAM G1.4T-G,SELTOS,SELTOS
KIA INDIA PRIVATE LIMITED,SELTOS SS G1.5 IVT HTX AE BS6,KIA,SELTOS SS G1.5 IVT HTX AE BS6,SELTOS HTX,SELTOS HTX
"M/S. KIA INDIA PVT LTD.,",KIA SONET D1.5 CRDI WGT 6 MT HTX AE BSVI,KIA,SONET D1.5 CRDI WGT 6 MT HTX AE BSVI,SONET HTX,SONET HTX
KIA INDIA PRIVATE LIMITED,SONET G1.0T 7DCT HTX AE,KIA,SONET G1.0T 7DCT HTX AE,SONET HTX,SONET HTX
KIA INDIA PRIVATE LIMITED,SONET G1.0T 7DCT X LINE,KIA,SONET G1.0T 7DCT X LINE,SONET,SONET
KIA INDIA PRIVATE LIMITED,"KIA INDIA PRIVATE LIMITED, SONET D1.5 6MT HTK PLUS",KIA,SONET D1.5 6MT HTK PLUS,SONET HTK PLUS,SONET HTK PLUS
M/S. KIA INDIA PVT LTD.,KIACARENS SMARTS G1.5T-GDI IMT,KIA,KIACARENS SMARTS G1.5T-GDI IMT,CARENS,CARENS
KIA INDIA PRIVATE LIMITED,KIA SELTOS SSG1.4TGDI6MGTX+BS6,KIA,SELTOS SSG1.4TGDI6MGTX BS6,SELTOS GTX,SELTOS GTX
KIA INDIA PRIVATE LIMITED,"KIA INDIA PRIVATE LIMITED, KIACARNIVALD2.28AT LIMOUSINE 7",KIA,KIACARNIVALD2.28AT LIMOUSINE 7,CARENS,CARENS
"M/S. KIA INDIA PVT LTD.,",KIA SONET SMARTSTREAM G1.2 5MT,KIA,SONET SMARTSTREAM G1.2 5MT,SONET,SONET
KIA INDIA PRIVATE LIMITED,CARENS D1.5 6MT PREMIUM 7,KIA,CARENS D1.5 6MT PREMIUM 7,CARENS PREMIUM,CARENS PREMIUM
KIA INDIA PVT LTD,CARENS SSG1.4T GDI7DCPRES+7BS6,KIA,CARENS SSG1.4T GDI7DCPRES 7BS6,CARENS,CARENS
M/S. KIA INDIA PVT LTD.,KIA SONET D1.5 CRDI VGT IMT HT,KIA,SONET D1.5 CRDI VGT IMT HT,SONET,SONET
KIA INDIA PRIVATE LIMITED,SELTOS G1.4 7DCT GTX,KIA,SELTOS G1.4 7DCT GTX,SELTOS GTX,SELTOS GTX
M/S. KIA INDIA PVT LTD.,KIA SONET D1.5 CRDI VGT 6AT HT,KIA,SONET D1.5 CRDI VGT 6AT HT,SONET,SONET
KIA INDIA PRIVATE LIMITED,CARENS G1.5 6MT PRESTIGE7,KIA,CARENS G1.5 6MT PRESTIGE7,CARENS PRESTIGE,CARENS PRESTIGE
KIA MOTORS INDIA PVT LTD,SONET G1.2 5MT HTK PLUS,KIA,SONET G1.2 5MT HTK PLUS,SONET HTK PLUS,SONET HTK PLUS
KIA INDIA PRIVATE LIMITED,SONET G1.2 5MT GRAVITY,KIA,SONET G1.2 5MT GRAVITY,SONET,SONET
KIA INDIA PRIVATE LIMITED,CARENS G1.4 DCT LUXURYPLUS 6,KIA,CARENS G1.4 DCT LUXURYPLUS 6,CARENS LUXURY PLUS,CARENS LUXURY PLUS
KIA INDIA PRIVATE LIMITED,CARENS G1.5T DCT PRESTIGEPLUS7,KIA,CARENS G1.5T DCT PRESTIGEPLUS7,CARENS PRESTIGE PLUS,CARENS PRESTIGE PLUS
"M/S. KIA INDIA PVT LTD.,",KIA SELTOS D 1.5 CRDI VGT 6AT X LINE BSVI,KIA,SELTOS D 1.5 CRDI VGT 6AT X LINE BSVI,SELTOS X LINE,SELTOS X LINE
KIA INDIA PRIVATE LIMITED,CARENS G1.4 6MT LUXURYPLUS 7,KIA,CARENS G1.4 6MT LUXURYPLUS 7,CARENS LUXURY PLUS,CARENS LUXURY PLUS
KIA INDIA PRIVATE LIMITED,SELTOS G1.5T 7DCT X LINE,KIA,SELTOS G1.5T 7DCT X LINE,SELTOS X LINE,SELTOS X LINE
"M/S. KIA INDIA PVT LTD.,",KIA CARENS D1.5 CRDI VGT IMT LUXURY 7 BSVI-PH2,KIA,CARENS D1.5 CRDI VGT IMT LUXURY 7 BSVI-PH2,CARENS LUXURY,CARENS LUXURY
KIA INDIA PRIVATE LIMITED,SELTOS D1.5 6AT HTX PLUS,KIA,SELTOS D1.5 6AT HTX PLUS,SELTOS HTX PLUS,SELTOS HTX PLUS
KIA INDIA PRIVATE LIMITED,"KIA INDIA PRIVATE LIMITED, SONET D1.5 6MT HTX",KIA,SONET D1.5 6MT HTX,SONET HTX,SONET HTX
KIA INDIA PRIVATE LIMITED,EV6 GT-LINE AWD,KIA,EV6 GT-LINE AWD,EV6,EV6
"M/S. KIA INDIA PVT LTD.,",KIA CARENS D1.5 CRDI VGT 6AT X-LINE 6 BSVI-PH2,KIA,CARENS D1.5 CRDI VGT 6AT X-LINE 6 BSVI-PH2,CARENS,CARENS
"M/S. KIA INDIA PVT LTD.,",KIA CARENS SMARTSTREAM G1.5 6M,KIA,CARENS SMARTSTREAM G1.5 6M,CARENS,CARENS
KIA INDIA PRIVATE LIMITED,SELTOS D1.5CRDI VGT6ATGTX+BS6,KIA,SELTOS D1.5CRDI VGT6ATGTX BS6,SELTOS GTX,SELTOS GTX
"M/S. KIA INDIA PVT LTD.,",KIA CARENS D1.5 CRDI VGT IMT P,KIA,CARENS D1.5 CRDI VGT IMT P,CARENS,CARENS
KIA INDIA PRIVATE LIMITED,"KIA INDIA PRIVATE LIMITED, SELTOS G1.5 6MT HTX",KIA,SELTOS G1.5 6MT HTX,SELTOS HTX,SELTOS HTX
KIA INDIA PRIVATE LIMITED,SELTOS D1.5 6MT HTK,KIA,SELTOS D1.5 6MT HTK,SELTOS HTK,SELTOS HTK
KIA INDIA PRIVATE LIMITED,SELTOS G1.5T 7DCT HTX PLUS,KIA,SELTOS G1.5T 7DCT HTX PLUS,SELTOS HTX PLUS,SELTOS HTX PLUS
KIA INDIA PRIVATE LIMITED,SELTOS G1.5 IVT GRAVITY,KIA,SELTOS G1.5 IVT GRAVITY,SELTOS,SELTOS
KIA INDIA PRIVATE LIMITED,CARENS D1.5 IMT LUXURY7,KIA,CARENS D1.5 IMT LUXURY7,CARENS LUXURY,CARENS LUXURY
KIA INDIA PRIVATE LIMITED,"KIA INDIA PRIVATE LIMITED, SONET G1.0T IMT GTX PLUS",KIA,SONET G1.0T IMT GTX PLUS,SONET GTX PLUS,SONET GTX PLUS
M/S. KIA INDIA PVT LTD.,KIA SELTOS D1.5 CRDI VGT 6AT G,KIA,SELTOS D1.5 CRDI VGT 6AT G,SELTOS,SELTOS
KIA INDIA PRIVATE LIMITED,CARENS G1.4 6MT PRESTIGEPLUS 7,KIA,CARENS G1.4 6MT PRESTIGEPLUS 7,CARENS PRESTIGE PLUS,CARENS PRESTIGE PLUS
M/S.KIA MOTORS INDIA PVT LTD,KIA SONET- D1.5 CRDI VGT 6AT H,KIA,SONET- D1.5 CRDI VGT 6AT H,SONET,SONET
KIA MOTORS INDIA PVT LTD,SELTOS D1.5 6AT HTK PLUS,KIA,SELTOS D1.5 6AT HTK PLUS,SELTOS HTK PLUS,SELTOS HTK PLUS
KIA MOTORS INDIA PVT LTD,SONET G1.0TGDISSTRM7DCTHTK+BS6,KIA,SONET G1.0TGDISSTRM7DCTHTK BS6,SONET HTK,SONET HTK
M/S.KIA MOTORS INDIA PVT LTD,KIA CARNIVAL D2.2 8AT PREMIUM 8 BSVI,KIA,CARNIVAL D2.2 8AT PREMIUM 8 BSVI,CARENS PREMIUM,CARENS PREMIUM
M/S.KIA MOTORS INDIA PVT LTD,KIA SONET D1.5 CRDI WGT 6MT HTK PLUS BSVI,KIA,SONET D1.5 CRDI WGT 6MT HTK PLUS BSVI,SONET HTK PLUS,SONET HTK PLUS
KIA MOTORS INDIA PVT LTD,SONET G1.0T IMT GTX PLUS,KIA,SONET G1.0T IMT GTX PLUS,SONET GTX PLUS,SONET GTX PLUS
KIA SELTOS SMARTSTREAM G1.5 IMT HTK PLUS BSVI,KIA SELTOS SMARTSTREAM G1.5 IM,KIA,SELTOS SMARTSTREAM G1.5 IM,SELTOS,SELTOS
KIA INDIA PRIVATE LIMITED,"KIA INDIA PRIVATE LIMITED, EV6 GT-LINE AWD",KIA,EV6 GT-LINE AWD,EV6,EV6
KIA MOTORS INDIA PVT LTD,KIA SELTOS SS G1.5 6MT HTK+BS6,KIA,SELTOS SS G1.5 6MT HTK BS6,SELTOS HTK,SELTOS HTK
"M/S. KIA INDIA PVT LTD.,",KIA SELTOS SMARTSTRE G1.5 6MT ,KIA,SELTOS SMARTSTRE G1.5 6MT,SELTOS,SELTOS
