original_model,cleaned_model,extracted_model,final_model
"KIA INDIA PRIVATE LIMITED, CARENS G1.4 6MT LUXURY 7",CARENS G1.4 6MT LUXURY 7,CARENS LUXURY,CARENS LUXURY
CARENS D1.5CRDIVGT6MTLUXRY7BS6,CARENS D1.5CRDIVGT6MTLUXRY7BS6,CARENS,CARENS
SELTOS G1.5 6MT HTX,SELTOS G1.5 6MT HTX,SELTOS HTX,SELTOS HTX
SONET G1.0T 7DCT GTX PLUS,SONET G1.0T 7DCT GTX PLUS,SONET GTX PLUS,SONET GTX PLUS
SELTOS G1.5 6MT HTK PLUS,SELTOS G1.5 6MT HTK PLUS,SELTOS HTK PLUS,SELTOS HTK PLUS
KIA CARNIVAL D2.2 8AT LIMOUSIN,CARNIVAL D2.2 8AT LIMOUSIN,CARENS,CARENS
"KIA INDIA PRIVATE LIMITED, SONET G1.2 5MT HTE",SONET G1.2 5MT HTE,SONET HTE,SONET HTE
SELTOS D1.5 6AT HTK PLUS,SELTOS D1.5 6AT HTK PLUS,SELTOS HTK PLUS,SELTOS HTK PLUS
KIA CARENS D1.5 CRDI VGT 6MT L,CARENS D1.5 CRDI VGT 6MT L,CARENS,CARENS
SELTOS G1.5 6MT HTE,SELTOS G1.5 6MT HTE,SELTOS HTE,SELTOS HTE
"KIA INDIA PRIVATE LIMITED, SELTOS G1.5 IVT HTX",SELTOS G1.5 IVT HTX,SELTOS HTX,SELTOS HTX
"KIA INDIA PRIVATE LIMITED, SONET G1.0T 7DCT HTX AE",SONET G1.0T 7DCT HTX AE,SONET HTX,SONET HTX
SELTOS D1.5 6MT HTX PLUS,SELTOS D1.5 6MT HTX PLUS,SELTOS HTX PLUS,SELTOS HTX PLUS
KIA SELTOS D1.5CRVGT6MTHTEBS6,SELTOS D1.5CRVGT6MTHTEBS6,SELTOS HTE,SELTOS HTE
KIASONETG1.0T-GDI SMARTSTREAM IMT GTX PLUS BSVI,KIASONETG1.0T-GDI SMARTSTREAM IMT GTX PLUS BSVI,SONET GTX PLUS,SONET GTX PLUS
KIA SELTOS SMARTSTRE G1.5 6MT,SELTOS SMARTSTRE G1.5 6MT,SELTOS,SELTOS
Seltos D1.5 6mt Hte,SELTOS D1.5 6MT HTE,SELTOS HTE,SELTOS HTE
KIASONETG1.0T-GDI-SMARTSTREAM7DCT HTX BSVI,KIASONETG1.0T-GDI-SMARTSTREAM7DCT HTX BSVI,SONET HTX,SONET HTX
KIA CARENS SMARTS G1.5T GDI 7DCT LUXURY+7 BSVI-PH2,CARENS SMARTS G1.5T GDI 7DCT LUXURY 7 BSVI-PH2,CARENS LUXURY,CARENS LUXURY
"KIA INDIA PRIVATE LIMITED, SONET G1.0T IMT HTX",SONET G1.0T IMT HTX,SONET HTX,SONET HTX
SONET D1.5 6AT HTX,SONET D1.5 6AT HTX,SONET HTX,SONET HTX
SELTOS G1.4 7DCT X LINE,SELTOS G1.4 7DCT X LINE,SELTOS X LINE,SELTOS X LINE
KIACARENS SMARTS G1.5T-GDI7DCT,KIACARENS SMARTS G1.5T-GDI7DCT,CARENS,CARENS
SONET D1.5CRDI WGT6MTHTK BS6,SONET D1.5CRDI WGT6MTHTK BS6,SONET HTK,SONET HTK
"KIA INDIA PRIVATE LIMITED, CARENS D1.5 6MT PRESTIGEPLUS 7",CARENS D1.5 6MT PRESTIGEPLUS 7,CARENS PRESTIGE PLUS,CARENS PRESTIGE PLUS
SONET D1.5 6AT HTK PLUS,SONET D1.5 6AT HTK PLUS,SONET HTK PLUS,SONET HTK PLUS
CARENS G1.5T DCT LUXURYPLUS6,CARENS G1.5T DCT LUXURYPLUS6,CARENS LUXURY PLUS,CARENS LUXURY PLUS
KIA SELTOS D1.5 CRDI VGT6ATHTK,SELTOS D1.5 CRDI VGT6ATHTK,SELTOS HTK,SELTOS HTK
KIA SONET D1.5 CRDI VGT 6AT GT,SONET D1.5 CRDI VGT 6AT GT,SONET,SONET
"KIA INDIA PRIVATE LIMITED, SONET G1.0T IMT HTX AE",SONET G1.0T IMT HTX AE,SONET HTX,SONET HTX
KIA SELTOS SMARTSTREAM G1.5 6M,SELTOS SMARTSTREAM G1.5 6M,SELTOS,SELTOS
KIASONETG1.0T-GDISMRTSTRAM7DCT,KIASONETG1.0T-GDISMRTSTRAM7DCT,SONET,SONET
"KIA INDIA PRIVATE LIMITED, CARENS G1.5 6MT PREMIUM 7",CARENS G1.5 6MT PREMIUM 7,CARENS PREMIUM,CARENS PREMIUM
SELTOS G1.5 IMT HTK PLUS,SELTOS G1.5 IMT HTK PLUS,SELTOS HTK PLUS,SELTOS HTK PLUS
Carens G1.5 6mt Prestige 7,CARENS G1.5 6MT PRESTIGE 7,CARENS PRESTIGE,CARENS PRESTIGE
CARENS D1.5 6MT LUXURYPLUS 6,CARENS D1.5 6MT LUXURYPLUS 6,CARENS LUXURY PLUS,CARENS LUXURY PLUS
SELTOS SS G1.5 6MT HTX AE BS6,SELTOS SS G1.5 6MT HTX AE BS6,SELTOS HTX,SELTOS HTX
SONET D1.5 IMT HTX,SONET D1.5 IMT HTX,SONET HTX,SONET HTX
CARENS G1.5 6MT PRESTIGE O 7,CARENS G1.5 6MT PRESTIGE O 7,CARENS PRESTIGE,CARENS PRESTIGE
M/S.KIA MOTORS INDIA PVT LTD,M/S.,O,O
SONET G1.0TGDISSTRMIMT GTX+BS6,SONET G1.0TGDISSTRMIMT GTX BS6,SONET GTX,SONET GTX
CARENS G1.4 6MT LUXURYPLUS 6,CARENS G1.4 6MT LUXURYPLUS 6,CARENS LUXURY PLUS,CARENS LUXURY PLUS
SONET D1.5 6MT HTK(O),SONET D1.5 6MT HTK O,SONET HTK,SONET HTK
KIA SONET G1.0T-GDI SMARTSTREAM IMT HTX BSVI,SONET G1.0T-GDI SMARTSTREAM IMT HTX BSVI,SONET HTX,SONET HTX
SONET G1.0TGDISSTRMIMT HTX BS6,SONET G1.0TGDISSTRMIMT HTX BS6,SONET HTX,SONET HTX
KIA SELTOS D1.5 CRDI VGT6ATHTKPLUS BSVI,SELTOS D1.5 CRDI VGT6ATHTKPLUS BSVI,SELTOS HTK,SELTOS HTK
SONET D1.5CRDI VGT6AT GTX+BS6,SONET D1.5CRDI VGT6AT GTX BS6,SONET GTX,SONET GTX
CARENS D1.5 6AT LUXURYPLUS 6,CARENS D1.5 6AT LUXURYPLUS 6,CARENS LUXURY PLUS,CARENS LUXURY PLUS
SELTOS G1.5 IVT HTX AE,SELTOS G1.5 IVT HTX AE,SELTOS HTX,SELTOS HTX
CARENS D1.5CRDIVGT6MTPRSTG7BS6,CARENS D1.5CRDIVGT6MTPRSTG7BS6,CARENS,CARENS
SONET D1.5CRDI WGT6MT GTX+BS6,SONET D1.5CRDI WGT6MT GTX BS6,SONET GTX,SONET GTX
KIA SELTOS SS G1.5 6MT HTK+BS6,SELTOS SS G1.5 6MT HTK BS6,SELTOS HTK,SELTOS HTK
KIA SONET D1.5 CRDI WGT 6MT GT,SONET D1.5 CRDI WGT 6MT GT,SONET,SONET
KIA CARENS SMARTSTREAM G1.5 6MT PRESTIGE 7 BSVI,CARENS SMARTSTREAM G1.5 6MT PRESTIGE 7 BSVI,CARENS PRESTIGE,CARENS PRESTIGE
KIA SONET SMARTSTR EAM G1.2 5MT HTK(O) BSVI-PH2,SONET SMARTSTR EAM G1.2 5MT HTK O BSVI-PH2,SONET HTK,SONET HTK
KIASONETG1.0T-GDI SMARTSTREAM7,KIASONETG1.0T-GDI SMARTSTREAM7,SONET,SONET
SONET D1.5 6AT X LINE,SONET D1.5 6AT X LINE,SONET,SONET
KIACARNIVAL D2.28AT PRESITGE 9,KIACARNIVAL D2.28AT PRESITGE 9,CARENS,CARENS
OTHERS,OTHERS,O,O
KIACARENSSMARTSTREAMG1.4T-GDI7DCT PRESTI+7 BSVI,KIACARENSSMARTSTREAMG1.4T-GDI7DCT PRESTI 7 BSVI,CARENS,CARENS
KIA SONET D1.5 CRDI VGT 6AT X,SONET D1.5 CRDI VGT 6AT X,SONET,SONET
CARENS SSG1.4TGDI6MTPRESTG7BS6,CARENS SSG1.4TGDI6MTPRESTG7BS6,CARENS,CARENS
KIA SELTOS SMARTSTREAM G1.5 IV,SELTOS SMARTSTREAM G1.5 IV,SELTOS,SELTOS
CARENS D1.5 6AT LUXURYPLUS 7,CARENS D1.5 6AT LUXURYPLUS 7,CARENS LUXURY PLUS,CARENS LUXURY PLUS
"SELTOS G1.5, 6MT",SELTOS G1.5 6MT,SELTOS,SELTOS
CARENS G1.5 6MT PRESTIGE 7,CARENS G1.5 6MT PRESTIGE 7,CARENS PRESTIGE,CARENS PRESTIGE
KIA CARNIVAL D2.2 8AT PRESTIGE,CARNIVAL D2.2 8AT PRESTIGE,CARENS PRESTIGE,CARENS PRESTIGE
KIA SELTOSSMARTSTREAM G1.4T-GD,SELTOSSMARTSTREAM G1.4T-GD,SELTOS,SELTOS
KIA SELTOS D 1.5 CRDI VGT 6AT GTX PLUS BSVI,SELTOS D 1.5 CRDI VGT 6AT GTX PLUS BSVI,SELTOS GTX PLUS,SELTOS GTX PLUS
SELTOS D1.5 6MT HTE,SELTOS D1.5 6MT HTE,SELTOS HTE,SELTOS HTE
"KIA INDIA PRIVATE LIMITED, CARENS G1.5 6MT PRESTIGE 7",CARENS G1.5 6MT PRESTIGE 7,CARENS PRESTIGE,CARENS PRESTIGE
SELTOS G1.4 7DCT GTX PLUS,SELTOS G1.4 7DCT GTX PLUS,SELTOS GTX PLUS,SELTOS GTX PLUS
SELTOS D1.5 IMT HTK,SELTOS D1.5 IMT HTK,SELTOS HTK,SELTOS HTK
KIA SELTOS D1.5 CRDI VGT 6MT HTX PLUS BSVI,SELTOS D1.5 CRDI VGT 6MT HTX PLUS BSVI,SELTOS HTX PLUS,SELTOS HTX PLUS
KIASONETG1.0T-GDI SMARTS IMT H,KIASONETG1.0T-GDI SMARTS IMT H,SONET,SONET
EV6 GT-LINE,EV6 GT-LINE,EV6,EV6
SELTOS D1.5CRDI VGT6ATHTX BS6,SELTOS D1.5CRDI VGT6ATHTX BS6,SELTOS HTX,SELTOS HTX
CARENS G1.5T DCT LUXURYPLUS7,CARENS G1.5T DCT LUXURYPLUS7,CARENS LUXURY PLUS,CARENS LUXURY PLUS
KIA SELTOS D1.5CRVGT6MTHTX+BS6,SELTOS D1.5CRVGT6MTHTX BS6,SELTOS HTX,SELTOS HTX
KIA SELTOS D 1.5 CRDI VGT 6AT ,SELTOS D 1.5 CRDI VGT 6AT,SELTOS,SELTOS
"KIA INDIA PRIVATE LIMITED, SONET G1.0T IMT HTK PLUS",SONET G1.0T IMT HTK PLUS,SONET HTK PLUS,SONET HTK PLUS
"KIA INDIA PRIVATE LIMITED, SELTOS D1.5 6MT HTK PLUS",SELTOS D1.5 6MT HTK PLUS,SELTOS HTK PLUS,SELTOS HTK PLUS
KIASONETG1.0T-GDI SMARTSTREAM,KIASONETG1.0T-GDI SMARTSTREAM,SONET,SONET
KIACARENS SMARTSTREAM G1.4T-GD,KIACARENS SMARTSTREAM G1.4T-GD,CARENS,CARENS
SELTOS G1.5T IMT HTX PLUS,SELTOS G1.5T IMT HTX PLUS,SELTOS HTX PLUS,SELTOS HTX PLUS
KIA CARENS D1.5 CRDI VGT 6MT PRESTIGE 7 BSVI,CARENS D1.5 CRDI VGT 6MT PRESTIGE 7 BSVI,CARENS PRESTIGE,CARENS PRESTIGE
"KIA INDIA PRIVATE LIMITED, CARENS D1.5 6AT LUXURYPLUS 7",CARENS D1.5 6AT LUXURYPLUS 7,CARENS LUXURY PLUS,CARENS LUXURY PLUS
CARENS G1.5 6MT PREMIUM 7,CARENS G1.5 6MT PREMIUM 7,CARENS PREMIUM,CARENS PREMIUM
KIA CARENS D1.5 CRDI VGT 6MT P,CARENS D1.5 CRDI VGT 6MT P,CARENS,CARENS
"KIA INDIA PRIVATE LIMITED, SELTOS D1.5 6MT HTK",SELTOS D1.5 6MT HTK,SELTOS HTK,SELTOS HTK
KIA SELTOS D1.5 CRDI VGT IMT H,SELTOS D1.5 CRDI VGT IMT H,SELTOS,SELTOS
SELTOS G1.5 6MT HTX AE,SELTOS G1.5 6MT HTX AE,SELTOS HTX,SELTOS HTX
KIA SELTOS,SELTOS,SELTOS,SELTOS
SELTOS D1.5 IMT HTX,SELTOS D1.5 IMT HTX,SELTOS HTX,SELTOS HTX
KIA SONET D1.5 CRDI WGT 6 MT H,SONET D1.5 CRDI WGT 6 MT H,SONET,SONET
SONET D1.5 6MT HTX,SONET D1.5 6MT HTX,SONET HTX,SONET HTX
KIA SELTOS SMARTSTREAM G 1.5 6,SELTOS SMARTSTREAM G 1.5 6,SELTOS,SELTOS
CARENS G1.4 6MT PREMIUM 7,CARENS G1.4 6MT PREMIUM 7,CARENS PREMIUM,CARENS PREMIUM
Carens D1.5 6mt Premium O 7,CARENS D1.5 6MT PREMIUM O 7,CARENS PREMIUM,CARENS PREMIUM
KIA CARENS D1.5 CRDI VGT 6MT PRESTIGE + 7 BSVI,CARENS D1.5 CRDI VGT 6MT PRESTIGE 7 BSVI,CARENS PRESTIGE,CARENS PRESTIGE
SONET G1.2SMARTSTRM5MT HTKBS6,SONET G1.2SMARTSTRM5MT HTKBS6,SONET HTK,SONET HTK
CARENS G1.5 IMT LUXURYPLUS7,CARENS G1.5 IMT LUXURYPLUS7,CARENS LUXURY PLUS,CARENS LUXURY PLUS
KIA CARNIVAL D2.28AT PREMIUM 8,CARNIVAL D2.28AT PREMIUM 8,CARENS PREMIUM,CARENS PREMIUM
KIACARENSSMARTSTREAMG1.4T-GDI7,KIACARENSSMARTSTREAMG1.4T-GDI7,CARENS,CARENS
KIA CARENS D1.5 CRDI VGT 6MT LUXURY +7 BSVI,CARENS D1.5 CRDI VGT 6MT LUXURY 7 BSVI,CARENS LUXURY,CARENS LUXURY
SONET G1.2SMARTSTRM5MT HTEBS6,SONET G1.2SMARTSTRM5MT HTEBS6,SONET HTE,SONET HTE
KIA SONET D1.5 CRDI VGT 6AT HT,SONET D1.5 CRDI VGT 6AT HT,SONET,SONET
SELTOS HTX PLUS 1.5 ,SELTOS HTX PLUS 1.5,SELTOS HTX PLUS,SELTOS HTX PLUS
SELTOS G1.5 IVT HTK PLUS,SELTOS G1.5 IVT HTK PLUS,SELTOS HTK PLUS,SELTOS HTK PLUS
KIA SELTOS D1.5CRVGT6MTHTXBS6,SELTOS D1.5CRVGT6MTHTXBS6,SELTOS HTX,SELTOS HTX
SELTOS D1.5 6AT GTX PLUS,SELTOS D1.5 6AT GTX PLUS,SELTOS GTX PLUS,SELTOS GTX PLUS
KIASONET SMARTSTREAM G1.2 5MT ,KIASONET SMARTSTREAM G1.2 5MT,SONET,SONET
SELTOS D1.5 IMT HTE,SELTOS D1.5 IMT HTE,SELTOS HTE,SELTOS HTE
SELTOS SS G1.4T GDI6MT GTXOBS6,SELTOS SS G1.4T GDI6MT GTXOBS6,SELTOS GTX,SELTOS GTX
KIA SELTOS D1.5 CRDI VGT 6AT G,SELTOS D1.5 CRDI VGT 6AT G,SELTOS,SELTOS
KIA SONET D1.5 CRDI WGT 6MT GTX PLUS BSVI,SONET D1.5 CRDI WGT 6MT GTX PLUS BSVI,SONET GTX PLUS,SONET GTX PLUS
SONET D1.5 6AT GTX PLUS,SONET D1.5 6AT GTX PLUS,SONET GTX PLUS,SONET GTX PLUS
SELTOS D1.5 6MT HTK,SELTOS D1.5 6MT HTK,SELTOS HTK,SELTOS HTK
KIA SELTOS D1.5 CRDI VGT 6MT HTK BSVI,SELTOS D1.5 CRDI VGT 6MT HTK BSVI,SELTOS HTK,SELTOS HTK
CARENSD1.56AT PRESTIGEPLUS O 7,CARENSD1.56AT PRESTIGEPLUS O 7,CARENS PRESTIGE PLUS,CARENS PRESTIGE PLUS
CARENS G1.4 6MT LUXURY 7,CARENS G1.4 6MT LUXURY 7,CARENS LUXURY,CARENS LUXURY
"KIA INDIA PRIVATE LIMITED, CARENS D1.5 6MT PREMIUM 7",CARENS D1.5 6MT PREMIUM 7,CARENS PREMIUM,CARENS PREMIUM
SONET D1.5 IMT HTK,SONET D1.5 IMT HTK,SONET HTK,SONET HTK
KIACARENSSMARTSTREAMG1.4T-GDI7DCT LUXURY+6 BSVI,KIACARENSSMARTSTREAMG1.4T-GDI7DCT LUXURY 6 BSVI,CARENS LUXURY,CARENS LUXURY
CARENS G1.5 IMT PRESTIGE 7,CARENS G1.5 IMT PRESTIGE 7,CARENS PRESTIGE,CARENS PRESTIGE
KIA SELTOS D 1.5 CRDI VGT 6AT,SELTOS D 1.5 CRDI VGT 6AT,SELTOS,SELTOS
CARENS G1.5 6MT PREMIUM O 7,CARENS G1.5 6MT PREMIUM O 7,CARENS PREMIUM,CARENS PREMIUM
KIA SELTOS SMARTSTREAM G1.5 IMT HTK PLUS BSVI,SELTOS SMARTSTREAM G1.5 IMT HTK PLUS BSVI,SELTOS HTK PLUS,SELTOS HTK PLUS
CARENS G1.4 6MT PRESTIGE 7,CARENS G1.4 6MT PRESTIGE 7,CARENS PRESTIGE,CARENS PRESTIGE
"KIA INDIA PRIVATE LIMITED, CARENS D1.5 6MT LUXURY 7",CARENS D1.5 6MT LUXURY 7,CARENS LUXURY,CARENS LUXURY
KIACARNIVAL D2.28AT PRESTIGE 7,KIACARNIVAL D2.28AT PRESTIGE 7,CARENS PRESTIGE,CARENS PRESTIGE
SONET G1.2 5MT HTK PLUS,SONET G1.2 5MT HTK PLUS,SONET HTK PLUS,SONET HTK PLUS
SONET D1.5 IMT HTK PLUS,SONET D1.5 IMT HTK PLUS,SONET HTK PLUS,SONET HTK PLUS
KIA CARNIVAL D2.2 8AT PREMIUM,CARNIVAL D2.2 8AT PREMIUM,CARENS PREMIUM,CARENS PREMIUM
KIASONET SMARTSTREAM G1.2 5MT,KIASONET SMARTSTREAM G1.2 5MT,SONET,SONET
KIA SELTOS D1.5 CRDI VGT 6AT GTX PLUS BSVI,SELTOS D1.5 CRDI VGT 6AT GTX PLUS BSVI,SELTOS GTX PLUS,SELTOS GTX PLUS
SELTOS SS G1.4T GDI7DCTXL BS6,SELTOS SS G1.4T GDI7DCTXL BS6,SELTOS,SELTOS
CARENS D1.5 6AT LUXURY(O 7,CARENS D1.5 6AT LUXURY O 7,CARENS LUXURY,CARENS LUXURY
"KIA INDIA PRIVATE LIMITED, CARENS G1.4 DCT LUXURYPLUS 7",CARENS G1.4 DCT LUXURYPLUS 7,CARENS LUXURY PLUS,CARENS LUXURY PLUS
"KIA INDIA PRIVATE LIMITED, SONET D1.5 6MT HTX AE",SONET D1.5 6MT HTX AE,SONET HTX,SONET HTX
"KIA INDIA PRIVATE LIMITED, SONET D1.5 6AT HTX",SONET D1.5 6AT HTX,SONET HTX,SONET HTX
CARENS SSG1.4GDI6MTPRMUM7 BS6,CARENS SSG1.4GDI6MTPRMUM7 BS6,CARENS,CARENS
SONET G1.0T IMT HTX,SONET G1.0T IMT HTX,SONET HTX,SONET HTX
KIACARNIVALD2.28ATPRESTIGE6,KIACARNIVALD2.28ATPRESTIGE6,CARENS PRESTIGE,CARENS PRESTIGE
KIA CARNIVAL D2.2 8AT LIMOUSINE PLUS 7 BSVI,CARNIVAL D2.2 8AT LIMOUSINE PLUS 7 BSVI,CARENS,CARENS
"KIA INDIA PRIVATE LIMITED, SELTOS D1.5 6AT HTX",SELTOS D1.5 6AT HTX,SELTOS HTX,SELTOS HTX
KIASELTOSSMARTSTREAMG1.4T-GDI7,KIASELTOSSMARTSTREAMG1.4T-GDI7,SELTOS,SELTOS
KIA SELTOS D1.5 CRDI VGT 6AT GTX+ BSVI-PH2,SELTOS D1.5 CRDI VGT 6AT GTX BSVI-PH2,SELTOS GTX,SELTOS GTX
KIA SELTOS SS G1.5 6MT HTK BS6,SELTOS SS G1.5 6MT HTK BS6,SELTOS HTK,SELTOS HTK
"KIA INDIA PRIVATE LIMITED, SONET D1.5 6AT GTX PLUS",SONET D1.5 6AT GTX PLUS,SONET GTX PLUS,SONET GTX PLUS
SONET G1.2 5MT HTK(O,SONET G1.2 5MT HTK O,SONET HTK,SONET HTK
KIA CARENS D1.5 CRDI VGT 6AT L,CARENS D1.5 CRDI VGT 6AT L,CARENS,CARENS
KIA SONET SMARTSTREAM G1.2 5MT HTK PLUS BSVI-PH2,SONET SMARTSTREAM G1.2 5MT HTK PLUS BSVI-PH2,SONET HTK PLUS,SONET HTK PLUS
KIA SELTOS D 1.5 CRDI VGT 6AT HTK  PLUS BSVI,SELTOS D 1.5 CRDI VGT 6AT HTK PLUS BSVI,SELTOS HTK,SELTOS HTK
SELTOS D1.5 6AT GTX PLUS (S),SELTOS D1.5 6AT GTX PLUS S,SELTOS GTX PLUS,SELTOS GTX PLUS
KIA SONET D1.5 CRDI WGT 6MT HTX BSVI,SONET D1.5 CRDI WGT 6MT HTX BSVI,SONET HTX,SONET HTX
SELTOS G1.5 IVT HTX,SELTOS G1.5 IVT HTX,SELTOS HTX,SELTOS HTX
"KIA INDIA PRIVATE LIMITED, CARENS D1.5 6AT LUXURYPLUS 6",CARENS D1.5 6AT LUXURYPLUS 6,CARENS LUXURY PLUS,CARENS LUXURY PLUS
"KIA INDIA PRIVATE LIMITED, CARENS D1.5 6MT LUXURYPLUS 7",CARENS D1.5 6MT LUXURYPLUS 7,CARENS LUXURY PLUS,CARENS LUXURY PLUS
CARENS G1.5 6MT PRESTIGE O 6,CARENS G1.5 6MT PRESTIGE O 6,CARENS PRESTIGE,CARENS PRESTIGE
KIASONETG1.0T-GDI SMARTSTREAM7DCT HTK PLUS BSVI,KIASONETG1.0T-GDI SMARTSTREAM7DCT HTK PLUS BSVI,SONET HTK PLUS,SONET HTK PLUS
KIACARENS SMARTSTREAM G1.4T-GDI6MT PREST+7 BSVI,KIACARENS SMARTSTREAM G1.4T-GDI6MT PREST 7 BSVI,CARENS,CARENS
"KIA INDIA PRIVATE LIMITED, CARENS G1.4 6MT LUXURYPLUS 7",CARENS G1.4 6MT LUXURYPLUS 7,CARENS LUXURY PLUS,CARENS LUXURY PLUS
SELTOS D1.5CRDI VGT6MTHTXAEBS6,SELTOS D1.5CRDI VGT6MTHTXAEBS6,SELTOS HTX,SELTOS HTX
KIA SELTOS D1.5CRVGT6ATHTK+BS6,SELTOS D1.5CRVGT6ATHTK BS6,SELTOS HTK,SELTOS HTK
KIA SONET- D1.5 CRDI VGT 6AT HTX BSVI,SONET- D1.5 CRDI VGT 6AT HTX BSVI,SONET HTX,SONET HTX
CARENS D1.5 IMT LUXURYPLUS7,CARENS D1.5 IMT LUXURYPLUS7,CARENS LUXURY PLUS,CARENS LUXURY PLUS
CARENS G1.5 6MT PDRIVE7,CARENS G1.5 6MT PDRIVE7,CARENS,CARENS
"KIA INDIA PRIVATE LIMITED, SELTOS D1.5 6MT HTX PLUS",SELTOS D1.5 6MT HTX PLUS,SELTOS HTX PLUS,SELTOS HTX PLUS
KIA SONET G1.0T-GDI SMARTSTEAM,SONET G1.0T-GDI SMARTSTEAM,SONET,SONET
KIA SONET G1.0TGDI SMARTSTREAM,SONET G1.0TGDI SMARTSTREAM,SONET,SONET
KIA-SELTOSSMARTSTREAMG1.4T-GDI,KIA-SELTOSSMARTSTREAMG1.4T-GDI,SELTOS,SELTOS
KIA CARENS D1.5 CRDI VGT IMT P,CARENS D1.5 CRDI VGT IMT P,CARENS,CARENS
KIA SONET D1.5 CRDI WGT 6MT HT,SONET D1.5 CRDI WGT 6MT HT,SONET,SONET
SONET G1.0TGDISSTRMIMT HTX+BS6,SONET G1.0TGDISSTRMIMT HTX BS6,SONET HTX,SONET HTX
"KIA INDIA PRIVATE LIMITED, SELTOS D1.5 6AT X LINE",SELTOS D1.5 6AT X LINE,SELTOS X LINE,SELTOS X LINE
CARENS D1.5 IMT MDRIVE7,CARENS D1.5 IMT MDRIVE7,CARENS,CARENS
SONET G1.0TGDISSTRM7DCTHTK+BS6,SONET G1.0TGDISSTRM7DCTHTK BS6,SONET HTK,SONET HTK
KIASELTOSSMARTSTREMG1.4T-GDI6M,KIASELTOSSMARTSTREMG1.4T-GDI6M,SELTOS,SELTOS
KIA SONET D1.5 CRDI WGT 6 MT G,SONET D1.5 CRDI WGT 6 MT G,SONET,SONET
"KIA INDIA PRIVATE LIMITED, SELTOS G1.5 6MT HTK",SELTOS G1.5 6MT HTK,SELTOS HTK,SELTOS HTK
CARENS D1.5CRDIVGT6MTPRST+7BS6,CARENS D1.5CRDIVGT6MTPRST 7BS6,CARENS,CARENS
CARENS SSG1.5 6MT PRMIUM7 BS6,CARENS SSG1.5 6MT PRMIUM7 BS6,CARENS,CARENS
SONET D1.5 CRDI VGT 6AT HTXBS6,SONET D1.5 CRDI VGT 6AT HTXBS6,SONET HTX,SONET HTX
SONET G1.0 IMT GTX PLUS,SONET G1.0 IMT GTX PLUS,SONET GTX PLUS,SONET GTX PLUS
CARENS D1.5 6AT LUXURY(O) 7,CARENS D1.5 6AT LUXURY O 7,CARENS LUXURY,CARENS LUXURY
SONET G1.2 5MT HTK,SONET G1.2 5MT HTK,SONET HTK,SONET HTK
SELTOS D1.5 6AT HTX,SELTOS D1.5 6AT HTX,SELTOS HTX,SELTOS HTX
KIA SELTOS D1.5 CRDI VGT 6AT H,SELTOS D1.5 CRDI VGT 6AT H,SELTOS,SELTOS
KIA SELTOS SMARTSTREAM G1.56MT,SELTOS SMARTSTREAM G1.56MT,SELTOS,SELTOS
KIA SELTOS SS G1.4TGD6MTGTKBS6,SELTOS SS G1.4TGD6MTGTKBS6,SELTOS,SELTOS
CARENS SSG1.5 6MT PRSTGE7 BS6,CARENS SSG1.5 6MT PRSTGE7 BS6,CARENS,CARENS
KIACARENS SMARTS G1.5 T GDI 7D,KIACARENS SMARTS G1.5 T GDI 7D,CARENS,CARENS
CARENS D1.5 6MT PRESTIGE 7,CARENS D1.5 6MT PRESTIGE 7,CARENS PRESTIGE,CARENS PRESTIGE
"KIA INDIA PRIVATE LIMITED, SELTOS D1.5 IMT HTK PLUS",SELTOS D1.5 IMT HTK PLUS,SELTOS HTK PLUS,SELTOS HTK PLUS
SELTOS SSG 1.4T GDI7DCTGTX+BS6,SELTOS SSG 1.4T GDI7DCTGTX BS6,SELTOS GTX,SELTOS GTX
SONET D1.5CRDI WGT6MT HTK+BS6,SONET D1.5CRDI WGT6MT HTK BS6,SONET HTK,SONET HTK
SELTOS D1.5CRDI VGT6ATGTX+BS6,SELTOS D1.5CRDI VGT6ATGTX BS6,SELTOS GTX,SELTOS GTX
KIA-SELTOSSMARTSTREAMG1.4T-GDI6MTGTX+ BSVI,KIA-SELTOSSMARTSTREAMG1.4T-GDI6MTGTX BSVI,SELTOS GTX,SELTOS GTX
CARENS G1.4 DCT PRESTIGEPLUS 7,CARENS G1.4 DCT PRESTIGEPLUS 7,CARENS PRESTIGE PLUS,CARENS PRESTIGE PLUS
"KIA INDIA PRIVATE LIMITED, CARENS G1.4 6MT PRESTIGE 7",CARENS G1.4 6MT PRESTIGE 7,CARENS PRESTIGE,CARENS PRESTIGE
CARENS G1.5 IMT LUXURYPLUS6,CARENS G1.5 IMT LUXURYPLUS6,CARENS LUXURY PLUS,CARENS LUXURY PLUS
KIA CARNIVAL D2.2 8AT PREMIUM 7 BSVI,CARNIVAL D2.2 8AT PREMIUM 7 BSVI,CARENS PREMIUM,CARENS PREMIUM
SONET D1.5CRDI WGT6MT HTX+BS6,SONET D1.5CRDI WGT6MT HTX BS6,SONET HTX,SONET HTX
SELTOS D1.5 6MT HTX,SELTOS D1.5 6MT HTX,SELTOS HTX,SELTOS HTX
CARNIVAL D2.2 8AT LMOUSNE+7BS6,CARNIVAL D2.2 8AT LMOUSNE 7BS6,CARENS,CARENS
KIA SONET D1.5 CRDI WGT 6 MT HTX BSVI,SONET D1.5 CRDI WGT 6 MT HTX BSVI,SONET HTX,SONET HTX
KIA SELTOS D1.5 CRDI VGT 6MT H,SELTOS D1.5 CRDI VGT 6MT H,SELTOS,SELTOS
KIA SELTOS SMARTSTREAMG1.4-GDI 7DCTGTXPLUS BSVI,SELTOS SMARTSTREAMG1.4-GDI 7DCTGTXPLUS BSVI,SELTOS GTX,SELTOS GTX
SONET D1.5CRDI WGT6MTHTE BS6,SONET D1.5CRDI WGT6MTHTE BS6,SONET HTE,SONET HTE
CARENS D1.5 IMT PRESTIGE7,CARENS D1.5 IMT PRESTIGE7,CARENS PRESTIGE,CARENS PRESTIGE
SONET G1.0T IMT HTK PLUS,SONET G1.0T IMT HTK PLUS,SONET HTK PLUS,SONET HTK PLUS
"KIA INDIA PRIVATE LIMITED, SELTOS G1.5 6MT HTK PLUS",SELTOS G1.5 6MT HTK PLUS,SELTOS HTK PLUS,SELTOS HTK PLUS
SELTOS D1.5 IMT HTK PLUS,SELTOS D1.5 IMT HTK PLUS,SELTOS HTK PLUS,SELTOS HTK PLUS
"M/S. KIA INDIA PVT LTD.,",M/S.,NOT FOUND,KIA OTHER
KIASONET G1.0T-GDI SMARTSTREAM,KIASONET G1.0T-GDI SMARTSTREAM,SONET,SONET
KIA SELTOS D1.5 CRDI VGT IMT HTK PLUS BSVI-PH2,SELTOS D1.5 CRDI VGT IMT HTK PLUS BSVI-PH2,SELTOS HTK PLUS,SELTOS HTK PLUS
KIA SELTOS D1.5 CRDI VGT 6MT HTX AE BSVI,SELTOS D1.5 CRDI VGT 6MT HTX AE BSVI,SELTOS HTX,SELTOS HTX
SONET D1.5CRDI WGT6MTHTXAE BS6,SONET D1.5CRDI WGT6MTHTXAE BS6,SONET HTX,SONET HTX
CARNIVAL(RHD) BSIV,CARNIVAL RHD BSIV,CARENS,CARENS
KIASONETG1.0T-GDI-SMARTSTREAM 7DCT HTKPLUS BSVI,KIASONETG1.0T-GDI-SMARTSTREAM 7DCT HTKPLUS BSVI,SONET HTK,SONET HTK
KIA SONETG1.0T-GDI SMARTSTREAM,SONETG1.0T-GDI SMARTSTREAM,SONET,SONET
CARENS D1.5 IMT LUXURYPLUS6,CARENS D1.5 IMT LUXURYPLUS6,CARENS LUXURY PLUS,CARENS LUXURY PLUS
SONET D1.5 6MT HTX AE,SONET D1.5 6MT HTX AE,SONET HTX,SONET HTX
SONET G1.0TGDI SS IMTHTXAE BS6,SONET G1.0TGDI SS IMTHTXAE BS6,SONET HTX,SONET HTX
"KIA INDIA PRIVATE LIMITED, SONET G1.0T 7DCT X LINE",SONET G1.0T 7DCT X LINE,SONET,SONET
"KIA INDIA PRIVATE LIMITED, SONET G1.2 5MT HTK",SONET G1.2 5MT HTK,SONET HTK,SONET HTK
CARNIVAL D2.2 8AT PRESTGE7SBS6,CARNIVAL D2.2 8AT PRESTGE7SBS6,CARENS,CARENS
KIA SELTOS SMARTSTREAMG1.4T-GD,SELTOS SMARTSTREAMG1.4T-GD,SELTOS,SELTOS
KIACARNIVALD2.28AT LIMOUSINE 7,KIACARNIVALD2.28AT LIMOUSINE 7,CARENS,CARENS
SONET G1.2SMARTSTRM5MT HTK+BS6,SONET G1.2SMARTSTRM5MT HTK BS6,SONET HTK,SONET HTK
CARENS G1.5T DCT LUXURY (O 7,CARENS G1.5T DCT LUXURY O 7,CARENS LUXURY,CARENS LUXURY
"KIA INDIA PRIVATE LIMITED, SELTOS G1.5 6MT HTE",SELTOS G1.5 6MT HTE,SELTOS HTE,SELTOS HTE
SONET D1.5 6MT HTK PLUS,SONET D1.5 6MT HTK PLUS,SONET HTK PLUS,SONET HTK PLUS
CARENS D1.5 6AT LUXURYPLUS7,CARENS D1.5 6AT LUXURYPLUS7,CARENS LUXURY PLUS,CARENS LUXURY PLUS
SONET G1.2 5MT HTE,SONET G1.2 5MT HTE,SONET HTE,SONET HTE
KIA SONET D1.5 CRDI WGT 6 MT HTE BSVI,SONET D1.5 CRDI WGT 6 MT HTE BSVI,SONET HTE,SONET HTE
CARENS D1.5 6MT LUXURY 7,CARENS D1.5 6MT LUXURY 7,CARENS LUXURY,CARENS LUXURY
KIASONETG1.0T-GDI SMARTSTREAM IMT HTX BSVI,KIASONETG1.0T-GDI SMARTSTREAM IMT HTX BSVI,SONET HTX,SONET HTX
KIA SONET D1.5 CRDI VGT 6AT HTX BSVI,SONET D1.5 CRDI VGT 6AT HTX BSVI,SONET HTX,SONET HTX
CARENS D1.5 IMT PRESTIGEPLUS7,CARENS D1.5 IMT PRESTIGEPLUS7,CARENS PRESTIGE PLUS,CARENS PRESTIGE PLUS
SONET D1.5 6MT GRAVITY,SONET D1.5 6MT GRAVITY,SONET,SONET
KIASONET SMARTSTREAM G1.2 5MT HTK BSVI,KIASONET SMARTSTREAM G1.2 5MT HTK BSVI,SONET HTK,SONET HTK
"KIA INDIA PRIVATE LIMITED, CARENS G1.4 DCT LUXURYPLUS 6",CARENS G1.4 DCT LUXURYPLUS 6,CARENS LUXURY PLUS,CARENS LUXURY PLUS
SELTOS G1.5T 7DCT GTX PLUS (S),SELTOS G1.5T 7DCT GTX PLUS S,SELTOS GTX PLUS,SELTOS GTX PLUS
SONET G1.0T 7DCT HTK PLUS,SONET G1.0T 7DCT HTK PLUS,SONET HTK PLUS,SONET HTK PLUS
SELTOS G1.5 6MT HTK,SELTOS G1.5 6MT HTK,SELTOS HTK,SELTOS HTK
KIA SELTOS SMARTSTREAM G1.5 6MT HTK BSVI,SELTOS SMARTSTREAM G1.5 6MT HTK BSVI,SELTOS HTK,SELTOS HTK
KIA SELTOS D1.5 CRDI VGT 6AT X,SELTOS D1.5 CRDI VGT 6AT X,SELTOS,SELTOS
KIA SELTOS D1.5CRVGT6MTHTK BS6,SELTOS D1.5CRVGT6MTHTK BS6,SELTOS HTK,SELTOS HTK
KIA CARENS SMARTSTREAM G1.5 6M,CARENS SMARTSTREAM G1.5 6M,CARENS,CARENS
CARENS G1.4 DCT LUXURYPLUS 7,CARENS G1.4 DCT LUXURYPLUS 7,CARENS LUXURY PLUS,CARENS LUXURY PLUS
KIA SELTOS SMARTSTREAMG1.4-GDI,SELTOS SMARTSTREAMG1.4-GDI,SELTOS,SELTOS
CARENS G1.5T DCT LUXURY (O) 7,CARENS G1.5T DCT LUXURY O 7,CARENS LUXURY,CARENS LUXURY
CARENS D1.5 6MT PREMIUM O 7,CARENS D1.5 6MT PREMIUM O 7,CARENS PREMIUM,CARENS PREMIUM
KIA SELTOS D1.5 CRDI VGT 6MT HTK PLUS BSVI,SELTOS D1.5 CRDI VGT 6MT HTK PLUS BSVI,SELTOS HTK PLUS,SELTOS HTK PLUS
KIA SONET G1.0T-GDI SMARTSTREA,SONET G1.0T-GDI SMARTSTREA,SONET,SONET
KIACARNIVALD2.28ATLIMOUSINE+,KIACARNIVALD2.28ATLIMOUSINE,CARENS,CARENS
KIASELTOSSMARTSTREMG1.4T-GDI6MTGTXPLUSBSVI,KIASELTOSSMARTSTREMG1.4T-GDI6MTGTXPLUSBSVI,SELTOS GTX,SELTOS GTX
KIA SELTOS SMARTSTREAM G1.56MTHTKPLUSBSVI,SELTOS SMARTSTREAM G1.56MTHTKPLUSBSVI,SELTOS HTK,SELTOS HTK
SELTOS D1.5 CRDI VGT,SELTOS D1.5 CRDI VGT,SELTOS,SELTOS
KIA SONET G1.0T-GDI SMARTS IMT,SONET G1.0T-GDI SMARTS IMT,SONET,SONET
SELTOS G1.5 6MT GRAVITY,SELTOS G1.5 6MT GRAVITY,SELTOS,SELTOS
KIA SONET G1.0TGDI SMARTSTREAM 7DCT GTX+ BSVI-PH2,SONET G1.0TGDI SMARTSTREAM 7DCT GTX BSVI-PH2,SONET GTX,SONET GTX
CARENS D1.5 6AT LUXURYPLUS6,CARENS D1.5 6AT LUXURYPLUS6,CARENS LUXURY PLUS,CARENS LUXURY PLUS
KIASONETG1.0T-GDI-SMARTSTREAM7,KIASONETG1.0T-GDI-SMARTSTREAM7,SONET,SONET
KIA SELTOS D1.5CRVGT6MTHTK+BS6,SELTOS D1.5CRVGT6MTHTK BS6,SELTOS HTK,SELTOS HTK
KIA SELTOS SMARTSTREAM G1.5 6MT HTX BSVI,SELTOS SMARTSTREAM G1.5 6MT HTX BSVI,SELTOS HTX,SELTOS HTX
KIASONETG1.0T-GDI SMARTSTREAM ,KIASONETG1.0T-GDI SMARTSTREAM,SONET,SONET
KIA CARENS D1.5 CRDI VGT IMT L,CARENS D1.5 CRDI VGT IMT L,CARENS,CARENS
KIA CARENS SMARTSTREAM G1.5 6MT PRESTIGE7 BSVI-PH2,CARENS SMARTSTREAM G1.5 6MT PRESTIGE7 BSVI-PH2,CARENS PRESTIGE,CARENS PRESTIGE
CARENS D1.5 IMT PREMIUM7,CARENS D1.5 IMT PREMIUM7,CARENS PREMIUM,CARENS PREMIUM
SONET G1.0T IMT HTX PLUS,SONET G1.0T IMT HTX PLUS,SONET HTX PLUS,SONET HTX PLUS
SELTOS G1.4 6MT GTK,SELTOS G1.4 6MT GTK,SELTOS,SELTOS
KIA SONET D1.5 CRDI VGT IMT HTX BSVI-PH2,SONET D1.5 CRDI VGT IMT HTX BSVI-PH2,SONET HTX,SONET HTX
SELTOS G1.5T 7DCT GTX PLUS,SELTOS G1.5T 7DCT GTX PLUS,SELTOS GTX PLUS,SELTOS GTX PLUS
KIA SELTOS SS G1.4TGDI6MGTXBS6,SELTOS SS G1.4TGDI6MGTXBS6,SELTOS GTX,SELTOS GTX
"KIA INDIA PRIVATE LIMITED, SELTOS D1.5 6AT HTK PLUS",SELTOS D1.5 6AT HTK PLUS,SELTOS HTK PLUS,SELTOS HTK PLUS
SELTOS D1.5 6MT HTX AE,SELTOS D1.5 6MT HTX AE,SELTOS HTX,SELTOS HTX
"KIA INDIA PRIVATE LIMITED, SONET G1.0T IMT HTX PLUS",SONET G1.0T IMT HTX PLUS,SONET HTX PLUS,SONET HTX PLUS
SONET D1.5CRDI WGT6MT HTX BS6,SONET D1.5CRDI WGT6MT HTX BS6,SONET HTX,SONET HTX
KIA SONET D1.5 CRDI VGT 6AT GTX PLUS BSVI,SONET D1.5 CRDI VGT 6AT GTX PLUS BSVI,SONET GTX PLUS,SONET GTX PLUS
"KIA INDIA PRIVATE LIMITED, SONET G1.2 5MT HTK PLUS",SONET G1.2 5MT HTK PLUS,SONET HTK PLUS,SONET HTK PLUS
SELTOS D1.5 6MT HTK PLUS,SELTOS D1.5 6MT HTK PLUS,SELTOS HTK PLUS,SELTOS HTK PLUS
KIA CARENS SMARTS G1.5T GDI 7D,CARENS SMARTS G1.5T GDI 7D,CARENS,CARENS
QYAN01D15M62W06,QYAN01D15M62W06,6,6
KIA SELTOS SMARTSTRE G1.5T-GDI,SELTOS SMARTSTRE G1.5T-GDI,SELTOS,SELTOS
SONET G1.0TGDISSTRMIMT HTK+BS6,SONET G1.0TGDISSTRMIMT HTK BS6,SONET HTK,SONET HTK
KIA SELTOSSMARTSTREAM G1.4T-GDI 7DCT XLINE BSVI,SELTOSSMARTSTREAM G1.4T-GDI 7DCT XLINE BSVI,SELTOS X LINE,SELTOS X LINE
KIA SONET D1.5 CRDI WGT 6MT HTE BSVI,SONET D1.5 CRDI WGT 6MT HTE BSVI,SONET HTE,SONET HTE
"KIA INDIA PRIVATE LIMITED, SELTOS D1.5 6MT HTE",SELTOS D1.5 6MT HTE,SELTOS HTE,SELTOS HTE
KIA SELTOS SMARTSTREAM G1.5IVT,SELTOS SMARTSTREAM G1.5IVT,SELTOS,SELTOS
CARENS G1.5 6MT PREMIUM7,CARENS G1.5 6MT PREMIUM7,CARENS PREMIUM,CARENS PREMIUM
"KIA INDIA PRIVATE LIMITED, CARENS G1.4 6MT PREMIUM 7",CARENS G1.4 6MT PREMIUM 7,CARENS PREMIUM,CARENS PREMIUM
"KIA INDIA PRIVATE LIMITED, SELTOS G1.4 6MT GTX PLUS",SELTOS G1.4 6MT GTX PLUS,SELTOS GTX PLUS,SELTOS GTX PLUS
"KIA INDIA PRIVATE LIMITED, CARENS D1.5 6MT PRESTIGE 7",CARENS D1.5 6MT PRESTIGE 7,CARENS PRESTIGE,CARENS PRESTIGE
KIA SELTOS D1.5 CRDIVGT6ATHTXP,SELTOS D1.5 CRDIVGT6ATHTXP,SELTOS HTX,SELTOS HTX
KIA CARNIVAL D2.28AT PREMIUM 7,CARNIVAL D2.28AT PREMIUM 7,CARENS PREMIUM,CARENS PREMIUM
CARENS G1.5 6MT MDRIVE7,CARENS G1.5 6MT MDRIVE7,CARENS,CARENS
"KIA INDIA PRIVATE LIMITED, SONET G1.0T 7DCT HTX",SONET G1.0T 7DCT HTX,SONET HTX,SONET HTX
KIA CARNIVAL D2.2 8AT PRESTIGE 7 BSVI,CARNIVAL D2.2 8AT PRESTIGE 7 BSVI,CARENS PRESTIGE,CARENS PRESTIGE
SONET D1.5 IMT HTX PLUS,SONET D1.5 IMT HTX PLUS,SONET HTX PLUS,SONET HTX PLUS
SONET D1.5 6MT HTK,SONET D1.5 6MT HTK,SONET HTK,SONET HTK
"KIA INDIA PRIVATE LIMITED, SELTOS G1.5 IMT HTK PLUS",SELTOS G1.5 IMT HTK PLUS,SELTOS HTK PLUS,SELTOS HTK PLUS
SONET D1.5CRDI VGT6AT HTK+BS6,SONET D1.5CRDI VGT6AT HTK BS6,SONET HTK,SONET HTK
KYAN00D15M62W00,KYAN00D15M62W00,6,6
SELTOS G1.5T IMT HTK PLUS,SELTOS G1.5T IMT HTK PLUS,SELTOS HTK PLUS,SELTOS HTK PLUS
KIA SELTOS SS G1.5IVT HTX BS6,SELTOS SS G1.5IVT HTX BS6,SELTOS HTX,SELTOS HTX
"KIA INDIA PRIVATE LIMITED, SONET G1.0T 7DCT GTX PLUS",SONET G1.0T 7DCT GTX PLUS,SONET GTX PLUS,SONET GTX PLUS
SELTOS D1.5 6AT X LINE (S),SELTOS D1.5 6AT X LINE S,SELTOS X LINE,SELTOS X LINE
KIA SELTOS D1.5 CRDI VGT 6AT GTX PLUS BSVI-PH2,SELTOS D1.5 CRDI VGT 6AT GTX PLUS BSVI-PH2,SELTOS GTX PLUS,SELTOS GTX PLUS
KIA SELTOS SS G1.5 6MT HTX BS6,SELTOS SS G1.5 6MT HTX BS6,SELTOS HTX,SELTOS HTX
CARENS G1.5T DCTPRESTIGEPLUSO7,CARENS G1.5T DCTPRESTIGEPLUSO7,CARENS PRESTIGE PLUS,CARENS PRESTIGE PLUS
"KIA INDIA PRIVATE LIMITED, SELTOS G1.4 7DCT GTX PLUS",SELTOS G1.4 7DCT GTX PLUS,SELTOS GTX PLUS,SELTOS GTX PLUS
SONET D1.5 6MT HTX PLUS,SONET D1.5 6MT HTX PLUS,SONET HTX PLUS,SONET HTX PLUS
KIA SELTOS D1.5 CRDI VGT 6MT HTX BSVI,SELTOS D1.5 CRDI VGT 6MT HTX BSVI,SELTOS HTX,SELTOS HTX
"KIA INDIA PRIVATE LIMITED, SONET D1.5 6MT HTX PLUS",SONET D1.5 6MT HTX PLUS,SONET HTX PLUS,SONET HTX PLUS
KIA SELTOS D1.5 CRDI VGT IMT-H,SELTOS D1.5 CRDI VGT IMT-H,SELTOS,SELTOS
SONET D1.5 6AT HTX AE,SONET D1.5 6AT HTX AE,SONET HTX,SONET HTX
KIA EV6 GT-LINE AWD BOV,EV6 GT-LINE AWD BOV,EV6,EV6
SELTOS G1.5T 7DCT X LINE (S),SELTOS G1.5T 7DCT X LINE S,SELTOS X LINE,SELTOS X LINE
Carens D1.5 Imt Mdrive7,CARENS D1.5 IMT MDRIVE7,CARENS,CARENS
"KIA INDIA PRIVATE LIMITED, KIACARNIVALD2.28ATLIMOUSINE+",KIACARNIVALD2.28ATLIMOUSINE,CARENS,CARENS
CARENS D1.5 6MT M DRIVE 7,CARENS D1.5 6MT M DRIVE 7,CARENS,CARENS
SONET G1.0T IMT HTX AE,SONET G1.0T IMT HTX AE,SONET HTX,SONET HTX
"KIA INDIA PRIVATE LIMITED, SELTOS D1.5 6AT GTX PLUS",SELTOS D1.5 6AT GTX PLUS,SELTOS GTX PLUS,SELTOS GTX PLUS
CARNIVAL D2.2 8AT LMOUSNE7SBS6,CARNIVAL D2.2 8AT LMOUSNE7SBS6,CARENS,CARENS
KIA SELTOS D1.5 CRDI VGT 6MT HTE BSVI,SELTOS D1.5 CRDI VGT 6MT HTE BSVI,SELTOS HTE,SELTOS HTE
KIA SELTOS SMARTSTRE G1.5 IVT HTX BSVI-PH2,SELTOS SMARTSTRE G1.5 IVT HTX BSVI-PH2,SELTOS HTX,SELTOS HTX
CARENS D1.5 6MT PRESTIGEPLUS 7,CARENS D1.5 6MT PRESTIGEPLUS 7,CARENS PRESTIGE PLUS,CARENS PRESTIGE PLUS
CARENS G1.5 IMT PREMIUM7,CARENS G1.5 IMT PREMIUM7,CARENS PREMIUM,CARENS PREMIUM
KIA SELTOS D1.5 CRDI VGT 6MT HTX BSVI-PH2,SELTOS D1.5 CRDI VGT 6MT HTX BSVI-PH2,SELTOS HTX,SELTOS HTX
SELTOS G1.4 6MT GTX(O,SELTOS G1.4 6MT GTX O,SELTOS GTX,SELTOS GTX
SONET G1.0TGDISSTRM7DCTGTX+BS6,SONET G1.0TGDISSTRM7DCTGTX BS6,SONET GTX,SONET GTX
SELTOS G1.4 6MT GTX,SELTOS G1.4 6MT GTX,SELTOS GTX,SELTOS GTX
"KIA INDIA PRIVATE LIMITED, SELTOS D1.5 6MT HTX",SELTOS D1.5 6MT HTX,SELTOS HTX,SELTOS HTX
SONET D1.5 IMT GTX PLUS,SONET D1.5 IMT GTX PLUS,SONET GTX PLUS,SONET GTX PLUS
"KIA MOTORS CORPN, KIA SELTOS D1.5 CRDI VGT 6MT H",MOTORS CORPN SELTOS D1.5 CRDI VGT 6MT H,SELTOS,SELTOS
SELTOS G1.4 6MT GTX(O),SELTOS G1.4 6MT GTX O,SELTOS GTX,SELTOS GTX
"KIA INDIA PRIVATE LIMITED, SELTOS G1.4 7DCT X LINE",SELTOS G1.4 7DCT X LINE,SELTOS X LINE,SELTOS X LINE
SONET D1.5 6MT GTX PLUS,SONET D1.5 6MT GTX PLUS,SONET GTX PLUS,SONET GTX PLUS
KIA SELTOS D1.5CRVGT6ATHTX+BS6,SELTOS D1.5CRVGT6ATHTX BS6,SELTOS HTX,SELTOS HTX
CARENS D1.5CRDIVGT6ATBS6LXRY+7,CARENS D1.5CRDIVGT6ATBS6LXRY 7,CARENS,CARENS
SONET G1.0T 7DCT HTX,SONET G1.0T 7DCT HTX,SONET HTX,SONET HTX
SELTOS D1.5 IMT HTX PLUS,SELTOS D1.5 IMT HTX PLUS,SELTOS HTX PLUS,SELTOS HTX PLUS
KIA CARENS D1.5 CRDI VGT 6AT LUXURY PLUS 7 BSVI,CARENS D1.5 CRDI VGT 6AT LUXURY PLUS 7 BSVI,CARENS LUXURY PLUS,CARENS LUXURY PLUS
SELTOS D1.5 6AT GTX,SELTOS D1.5 6AT GTX,SELTOS GTX,SELTOS GTX
CARENS G1.5 IMT PRESTIGEPLUS7,CARENS G1.5 IMT PRESTIGEPLUS7,CARENS PRESTIGE PLUS,CARENS PRESTIGE PLUS
SONET D1.5 6MT HTE,SONET D1.5 6MT HTE,SONET HTE,SONET HTE
KIA SONET G1.0T-GDI SMARTSTREAM 7DCT HTX BSVI-PH2,SONET G1.0T-GDI SMARTSTREAM 7DCT HTX BSVI-PH2,SONET HTX,SONET HTX
SELTOS G1.5T 7DCT GTX,SELTOS G1.5T 7DCT GTX,SELTOS GTX,SELTOS GTX
KIA SELTOS SS G1.5 6MT HTE BS6,SELTOS SS G1.5 6MT HTE BS6,SELTOS HTE,SELTOS HTE
CARENS D1.5 6MT LUXURYPLUS 7,CARENS D1.5 6MT LUXURYPLUS 7,CARENS LUXURY PLUS,CARENS LUXURY PLUS
SONET G1.2 5MT HTKPLUS,SONET G1.2 5MT HTKPLUS,SONET HTK,SONET HTK
CARENS D1.5 6MT GRAVITY,CARENS D1.5 6MT GRAVITY,CARENS,CARENS
CARENS G1.5T DCT X-LINE 6,CARENS G1.5T DCT X-LINE 6,CARENS,CARENS
"KIA INDIA PRIVATE LIMITED, SONET D1.5 6AT X LINE",SONET D1.5 6AT X LINE,SONET,SONET
"KIA INDIA PRIVATE LIMITED, CARENS G1.4 6MT PRESTIGEPLUS 7",CARENS G1.4 6MT PRESTIGEPLUS 7,CARENS PRESTIGE PLUS,CARENS PRESTIGE PLUS
SONET G1.2 5MT HTK(O),SONET G1.2 5MT HTK O,SONET HTK,SONET HTK
SELTOS D1.5 6MT HTK (O),SELTOS D1.5 6MT HTK O,SELTOS HTK,SELTOS HTK
CARENS G1.5 6MT GRAVITY,CARENS G1.5 6MT GRAVITY,CARENS,CARENS
KIACARENS SMARTSTREAM G1.4T-GDI6MT PREST 7 BSVI,KIACARENS SMARTSTREAM G1.4T-GDI6MT PREST 7 BSVI,CARENS,CARENS
KIASONET SMARTSTREAM G1.2 5MT HTK PLUS BSVI,KIASONET SMARTSTREAM G1.2 5MT HTK PLUS BSVI,SONET HTK PLUS,SONET HTK PLUS
SONET G1.0T IMT GTX PLUS,SONET G1.0T IMT GTX PLUS,SONET GTX PLUS,SONET GTX PLUS
KIA SONET SMARTSTREAM G1.2 5MT,SONET SMARTSTREAM G1.2 5MT,SONET,SONET
KIA SELTOS SMARTSTRE G1.5 IVT,SELTOS SMARTSTRE G1.5 IVT,SELTOS,SELTOS
"KIA INDIA PRIVATE LIMITED, SONET D1.5 6MT HTK",SONET D1.5 6MT HTK,SONET HTK,SONET HTK
"KIA INDIA PRIVATE LIMITED, CARENS D1.5 6MT LUXURYPLUS 6",CARENS D1.5 6MT LUXURYPLUS 6,CARENS LUXURY PLUS,CARENS LUXURY PLUS
CARENS D1.5 6MT LUXURY PLUS 7,CARENS D1.5 6MT LUXURY PLUS 7,CARENS LUXURY PLUS,CARENS LUXURY PLUS
SONET D1.5 IMT HTE,SONET D1.5 IMT HTE,SONET HTE,SONET HTE
SELTOS D1.5 6AT X LINE,SELTOS D1.5 6AT X LINE,SELTOS X LINE,SELTOS X LINE
KIA SELTOS SMARTSTREAM G1.5 IM,SELTOS SMARTSTREAM G1.5 IM,SELTOS,SELTOS
KIA CARENS D1.5 CRDI VGT IMT LUXURY PLUS 7 BSVI-PH,CARENS D1.5 CRDI VGT IMT LUXURY PLUS 7 BSVI-PH,CARENS LUXURY PLUS,CARENS LUXURY PLUS
CARENS G1.5 IMT LUXURY7,CARENS G1.5 IMT LUXURY7,CARENS LUXURY,CARENS LUXURY
"KIA INDIA PRIVATE LIMITED, SONET D1.5 6MT GTX PLUS",SONET D1.5 6MT GTX PLUS,SONET GTX PLUS,SONET GTX PLUS
"KIA INDIA PRIVATE LIMITED, CARENS G1.4 DCT PRESTIGEPLUS 7",CARENS G1.4 DCT PRESTIGEPLUS 7,CARENS PRESTIGE PLUS,CARENS PRESTIGE PLUS
SELTOS G1.4 6MT GTX PLUS,SELTOS G1.4 6MT GTX PLUS,SELTOS GTX PLUS,SELTOS GTX PLUS
CARENS D1.5 6AT X-LINE 6,CARENS D1.5 6AT X-LINE 6,CARENS,CARENS
KIA SELTOS SMARTSTREAM G1.5IVTHTXBSVI,SELTOS SMARTSTREAM G1.5IVTHTXBSVI,SELTOS HTX,SELTOS HTX
KIA SELTOS SMARTSTREAM G1.4T-G,SELTOS SMARTSTREAM G1.4T-G,SELTOS,SELTOS
SELTOS SS G1.5 IVT HTX AE BS6,SELTOS SS G1.5 IVT HTX AE BS6,SELTOS HTX,SELTOS HTX
KIA SONET D1.5 CRDI WGT 6 MT HTX AE BSVI,SONET D1.5 CRDI WGT 6 MT HTX AE BSVI,SONET HTX,SONET HTX
SONET G1.0T 7DCT HTX AE,SONET G1.0T 7DCT HTX AE,SONET HTX,SONET HTX
SONET G1.0T 7DCT X LINE,SONET G1.0T 7DCT X LINE,SONET,SONET
"KIA INDIA PRIVATE LIMITED, SONET D1.5 6MT HTK PLUS",SONET D1.5 6MT HTK PLUS,SONET HTK PLUS,SONET HTK PLUS
KIACARENS SMARTS G1.5T-GDI IMT,KIACARENS SMARTS G1.5T-GDI IMT,CARENS,CARENS
KIA SELTOS SSG1.4TGDI6MGTX+BS6,SELTOS SSG1.4TGDI6MGTX BS6,SELTOS GTX,SELTOS GTX
"KIA INDIA PRIVATE LIMITED, KIACARNIVALD2.28AT LIMOUSINE 7",KIACARNIVALD2.28AT LIMOUSINE 7,CARENS,CARENS
CARENS D1.5 6MT PREMIUM 7,CARENS D1.5 6MT PREMIUM 7,CARENS PREMIUM,CARENS PREMIUM
CARENS SSG1.4T GDI7DCPRES+7BS6,CARENS SSG1.4T GDI7DCPRES 7BS6,CARENS,CARENS
KIA SONET D1.5 CRDI VGT IMT HT,SONET D1.5 CRDI VGT IMT HT,SONET,SONET
SELTOS G1.4 7DCT GTX,SELTOS G1.4 7DCT GTX,SELTOS GTX,SELTOS GTX
CARENS G1.5 6MT PRESTIGE7,CARENS G1.5 6MT PRESTIGE7,CARENS PRESTIGE,CARENS PRESTIGE
SONET G1.2 5MT GRAVITY,SONET G1.2 5MT GRAVITY,SONET,SONET
CARENS G1.4 DCT LUXURYPLUS 6,CARENS G1.4 DCT LUXURYPLUS 6,CARENS LUXURY PLUS,CARENS LUXURY PLUS
CARENS G1.5T DCT PRESTIGEPLUS7,CARENS G1.5T DCT PRESTIGEPLUS7,CARENS PRESTIGE PLUS,CARENS PRESTIGE PLUS
KIA SELTOS D 1.5 CRDI VGT 6AT X LINE BSVI,SELTOS D 1.5 CRDI VGT 6AT X LINE BSVI,SELTOS X LINE,SELTOS X LINE
CARENS G1.4 6MT LUXURYPLUS 7,CARENS G1.4 6MT LUXURYPLUS 7,CARENS LUXURY PLUS,CARENS LUXURY PLUS
SELTOS G1.5T 7DCT X LINE,SELTOS G1.5T 7DCT X LINE,SELTOS X LINE,SELTOS X LINE
KIA CARENS D1.5 CRDI VGT IMT LUXURY 7 BSVI-PH2,CARENS D1.5 CRDI VGT IMT LUXURY 7 BSVI-PH2,CARENS LUXURY,CARENS LUXURY
SELTOS D1.5 6AT HTX PLUS,SELTOS D1.5 6AT HTX PLUS,SELTOS HTX PLUS,SELTOS HTX PLUS
"KIA INDIA PRIVATE LIMITED, SONET D1.5 6MT HTX",SONET D1.5 6MT HTX,SONET HTX,SONET HTX
EV6 GT-LINE AWD,EV6 GT-LINE AWD,EV6,EV6
KIA CARENS D1.5 CRDI VGT 6AT X-LINE 6 BSVI-PH2,CARENS D1.5 CRDI VGT 6AT X-LINE 6 BSVI-PH2,CARENS,CARENS
"KIA INDIA PRIVATE LIMITED, SELTOS G1.5 6MT HTX",SELTOS G1.5 6MT HTX,SELTOS HTX,SELTOS HTX
SELTOS G1.5T 7DCT HTX PLUS,SELTOS G1.5T 7DCT HTX PLUS,SELTOS HTX PLUS,SELTOS HTX PLUS
SELTOS G1.5 IVT GRAVITY,SELTOS G1.5 IVT GRAVITY,SELTOS,SELTOS
CARENS D1.5 IMT LUXURY7,CARENS D1.5 IMT LUXURY7,CARENS LUXURY,CARENS LUXURY
"KIA INDIA PRIVATE LIMITED, SONET G1.0T IMT GTX PLUS",SONET G1.0T IMT GTX PLUS,SONET GTX PLUS,SONET GTX PLUS
CARENS G1.4 6MT PRESTIGEPLUS 7,CARENS G1.4 6MT PRESTIGEPLUS 7,CARENS PRESTIGE PLUS,CARENS PRESTIGE PLUS
KIA SONET- D1.5 CRDI VGT 6AT H,SONET- D1.5 CRDI VGT 6AT H,SONET,SONET
KIA CARNIVAL D2.2 8AT PREMIUM 8 BSVI,CARNIVAL D2.2 8AT PREMIUM 8 BSVI,CARENS PREMIUM,CARENS PREMIUM
KIA SONET D1.5 CRDI WGT 6MT HTK PLUS BSVI,SONET D1.5 CRDI WGT 6MT HTK PLUS BSVI,SONET HTK PLUS,SONET HTK PLUS
"KIA INDIA PRIVATE LIMITED, EV6 GT-LINE AWD",EV6 GT-LINE AWD,EV6,EV6
KIA SELTOS SMARTSTRE G1.5 6MT ,SELTOS SMARTSTRE G1.5 6MT,SELTOS,SELTOS
