rc_maker_desc,rc_maker_model,Mapped Name,clean_model,landrover_model,final_model
LAND ROVER,FREE LANDER 2 TD4 2.2 DIESEL AUTOMATIC SE,LAND ROVER,FREELANDER 2 TD4 2.2 DIESEL AUTOMATIC SE,LAND ROVER FREELANDER TD4,LAND ROVER FREELANDER TD4
LAND ROVER,RANGE ROVER 4.4 L,LAND ROVER,RANGE ROVER 4.4 L,LAND ROVER RANGE ROVER 4.4,LAND ROVER RANGE ROVER 4.4
LAND ROVER,RR EVOQUE SD4DYNAMIC4X4 5D5S2.2LD AE BSIV,LAND ROVER,RANGE ROVER EVOQUE SD4DYNAMIC4X4 5D5S2.2LD AE BSIV,LAND ROVER RANGE ROVER EVOQUE DYNAMIC,LAND ROVER RANGE ROVER EVOQUE DYNAMIC
LAND ROVER,RR EVOQUE SD4 PURE 4X4 5D5S2.2,LAND ROVER,RANGE ROVER EVOQUE SD4 PURE 4X4 5D5S2.2,LAND ROVER RANGE ROVER EVOQUE PURE,LAND ROVER RANGE ROVER EVOQUE PURE
LAND ROVER,DISCOVERY 4,LAND ROVER,DISCOVERY 4,LAND ROVER DISCOVERY,LAND ROVER DISCOVERY
LAND ROVER,RR EVOQUE SD4 PURE 4X4 5D5S2.2LD AE BSIV,LAND ROVER,RANGE ROVER EVOQUE SD4 PURE 4X4 5D5S2.2LD AE BSIV,LAND ROVER RANGE ROVER EVOQUE PURE,LAND ROVER RANGE ROVER EVOQUE PURE
LAND ROVER,RANGE ROVER SPORT 3LT TDV 6,LAND ROVER,RANGE ROVER SPORT 3LT TDV 6,LAND ROVER RANGE ROVER SPORT TDV6,LAND ROVER RANGE ROVER SPORT TDV6
LAND ROVER,RR EVOQUE SD4 PURE4X4 3DCOUPE2.2LD AE BSIV,LAND ROVER,RANGE ROVER EVOQUE SD4 PURE4X4 3DCOUPE2.2LD AE BSIV,LAND ROVER RANGE ROVER EVOQUE PURE,LAND ROVER RANGE ROVER EVOQUE PURE
LAND ROVER,RR EVOQUE SD4DYNAMIC4X4 5D5S2.,LAND ROVER,RANGE ROVER EVOQUE SD4DYNAMIC4X4 5D5S2,LAND ROVER RANGE ROVER EVOQUE DYNAMIC,LAND ROVER RANGE ROVER EVOQUE DYNAMIC
LAND ROVER,RANGE ROVER 5.0L,LAND ROVER,RANGE ROVER 5.0L,LAND ROVER RANGE ROVER 5.0,LAND ROVER RANGE ROVER 5.0
