clean_model,extracted_model
FREELANDER 2 TD4 2.2 DIESEL AUTOMATIC SE,LAND ROVER FREELANDER TD4
RANGE ROVER 4.4 L,LAND ROVER RANGE ROVER 4.4
RANGE ROVER EVOQUE SD4DYNAMIC4X4 5D5S2.2LD AE BSIV,LAND ROVER RANGE ROVER EVOQUE DYNAMIC
RANGE ROVER EVOQUE SD4 PURE 4X4 5D5S2.2,LAND ROVER RANGE ROVER EVOQUE PURE
DISCOVERY 4,LAND ROVER DISCOVERY
RANGE ROVER EVOQUE SD4 PURE 4X4 5D5S2.2LD AE BSIV,LAND ROVER RANGE ROVER EVOQUE PURE
RANGE ROVER SPORT 3LT TDV 6,LAND ROVER RANGE ROVER SPORT TDV6
RANGE ROVER EVOQUE SD4 PURE4X4 3DCOUPE2.2LD AE BSIV,LAND ROVER RANGE ROVER EVOQUE PURE
RANGE ROVER EVOQUE SD4DYNAMIC4X4 5D5S2,LAND ROVER RANGE ROVER EVOQUE DYNAMIC
RANGE ROVER 5.0L,LAND ROVER RANGE ROVER 5.0
