clean_model,extracted_model
C220CDI BE,MERCEDES C220
A200CDI.,MERCEDES A200
GLS 350D 4MATIC,MERCEDES GLS350
ML250CDI,MERCEDES ML250
ML350CDI 4MATIC BLUE EFFICIEN,MERCEDES ML350
W212 E350CDI AT,MERCEDES E350
C 250CDI BS-IV,MERCEDES C250
MERCEDES-AMG C 43 4MATIC COUPE,MERCEDES AMG C43
W212 E250,MERCEDES E250
S 350D L BSIV,MERCEDES S350
S350DL,MERCEDES S350
W204 C200CGI WITH A.T. BSIV,MERCEDES C200
SELECT,MERCEDES OTHER
C 220CDI,MERCEDES C220
W210 - E230,MERCEDES E230
ML350CDIR,MERCEDES ML350
E 200CGI,MERCEDES E200
V213 E350D,MERCEDES E350
GL63AMG,MERCEDES AMG GL63
MAYBACH S 560 BSIV,MERCEDES MAYBACH S560
GLE250D,MERCEDES GLE250
S350CDIL,MERCEDES S350
C250D,MERCEDES C250
W212 E250CDI,MERCEDES E250
C220,MERCEDES C220
E200,MERCEDES E200
W212 E 250CDI,MERCEDES E250
W204 C200CGI A/T BS4,MERCEDES C200
AMG C 43 4MATIC BSIV,MERCEDES AMG C43
C 300 CABRIOLET BSIV,MERCEDES C300
ML 250CDI 4MATIC WITH B E,MERCEDES ML250
GLC300CKD,MERCEDES GLC300
B180CDI,MERCEDES B180
E 200 BE,MERCEDES E200
E200 ABS BSVI,MERCEDES E200
MERCEDES-MAYBACH S580 4MATIC,MERCEDES MAYBACH S580
GLA200CDI,MERCEDES GLA200
GLE 250D,MERCEDES GLE250
CKD W204,MERCEDES OTHER
GL-350CDI,MERCEDES OTHER
C 220CDI,MERCEDES C220
S350CDIL,MERCEDES S350
C200K CAR,MERCEDES C200
E 320,MERCEDES E320
C250D,MERCEDES C250
ML 350CDI 4MATIC,MERCEDES ML350
E220CDI AT,MERCEDES E220
GLA 200D,MERCEDES GLA200
SALOON,MERCEDES OTHER
ML 350CDIR,MERCEDES ML350
E 250CDI,MERCEDES E250
A 200CDI,MERCEDES A200
S350CDI,MERCEDES S350
E200 BLUE EFFICIENCY WITH A/T,MERCEDES E200
C 220D BSVI,MERCEDES C220
C 250CDI,MERCEDES C250
E 220CDI,MERCEDES E220
W212 E 250 WITH AT,MERCEDES E250
S 500 L,MERCEDES S500
E-250,MERCEDES OTHER
E 350D,MERCEDES E350
GLE 400D 4MATIC LWB BSVI,MERCEDES GLE400
GLE 250D 4MATIC BSIV,MERCEDES GLE250
GL 350CDI 4 MATIC WITH BLUE E,MERCEDES GL350
GLA200D BSIV,MERCEDES GLA200
GLC 220D 4 MATIC,MERCEDES GLC220
GLA200,MERCEDES GLA200
C230,MERCEDES C230
CLS 250CDI,MERCEDES CLS250
M-BENZ-GLA-220D BSIV,MERCEDES OTHER
E250CDI,MERCEDES E250
GLS 400 4MATIC,MERCEDES GLS400
C 230,MERCEDES C230
GLC 220D 4MA TIC,MERCEDES GLC220
GLS 350D 4MATIC,MERCEDES GLS350
ML 250CDI,MERCEDES ML250
CLS 300D BSVI,MERCEDES CLS300
MERCEDES-AMG GLE53 4M+ COUPE,MERCEDES AMG GLE53
GL350CDILX,MERCEDES GL350
S 450 4MATIC,MERCEDES S450
MECREDES_BENZ_C220CDI,MERCEDES C220
V 220D EXCLUSIVE BSIV,MERCEDES OTHER
E 200CGI,MERCEDES E200
CLA 200D BSIV,MERCEDES CLA200
GL 350CDI 7 SPEED A T AND CC,MERCEDES GL350
AMG GLE 43 4MATIC COUPE BSIV,MERCEDES AMG GLE43
GLA 200D,MERCEDES GLA200
MERCEDESBENZ E 220CDI,MERCEDES E220
C 220CDI,MERCEDES C220
GLC 220D 4MATIC,MERCEDES GLC220
S 500,MERCEDES S500
W212E 250,MERCEDES OTHER
GLC 220D 4 MATIC,MERCEDES GLC220
E-250CDI,MERCEDES OTHER
S350CDI SEDAN LONG RHD BSIV,MERCEDES S350
GLE 250D 017688 BS IV,MERCEDES GLE250
GLA200CDI BSIV,MERCEDES GLA200
B 180 SPORTS TOURER,MERCEDES B180
C200 M1 BS6,MERCEDES C200
CLA45 AMG 4MATIC BLUEEFF,MERCEDES AMG CLA45
GLC 300D 4MATIC COUPE,MERCEDES GLC300
E250CDI,MERCEDES E250
GLS 450 4MATIC,MERCEDES GLS450
C 200CGI,MERCEDES C200
MERC BENZ GL350CDIBE4MATIC,MERCEDES GL350
S350D L BSIV,MERCEDES S350
CKD X 166 GL 350CDI BE,MERCEDES GL350
GLA200CDI SPORTS,MERCEDES GLA200
A 180,MERCEDES A180
S350D L,MERCEDES S350
AMG C63 S,MERCEDES AMG C63
S320CDI,MERCEDES S320
V 220D L,MERCEDES OTHER
GL 350CDI,MERCEDES GL350
E250CDI MER BENZ EIV,MERCEDES E250
E 280,MERCEDES E280
W212 E250CDI WITH AUTOMATIC TRANSMISSION BSIV,MERCEDES E250
E 220D BSIV,MERCEDES E220
CLA 200D,MERCEDES CLA200
E200 BSIV,MERCEDES E200
E 200,MERCEDES E200
GLC 220D,MERCEDES GLC220
W204 C200 BLUE EFFI WITH AT,MERCEDES C200
W212 E250 WITH AT,MERCEDES E250
EQC 400 4MATIC,MERCEDES OTHER
GLS 400D 4 MATIC BSVI-PH2,MERCEDES GLS400
GLE 250D BS IV,MERCEDES GLE250
GLE 250D,MERCEDES GLE250
MERCEDIES BENZ C 220CDI,MERCEDES C220
24,MERCEDES OTHER
E 200 BS4,MERCEDES E200
ML 350CDI,MERCEDES ML350
E280,MERCEDES E280
GLS350D 4MATIC,MERCEDES GLS350
S 350CDI,MERCEDES S350
V221 S500L,MERCEDES S500
GLA 200 BS4,MERCEDES GLA200
AMG C 63  S,MERCEDES AMG C63
MERC BENZ C 220CDI BSIII,MERCEDES C220
300D,MERCEDES OTHER
CLA200 BSIV,MERCEDES CLA200
GL 350CDI,MERCEDES GL350
E220.CDI,MERCEDES E220
E220CDI EURO 4,MERCEDES E220
E 270CDI,MERCEDES E270
MERCEDESBENZ GL 350CDI,MERCEDES GL350
300 SEL,MERCEDES OTHER
E 220CDI,MERCEDES E220
S320CDIL,MERCEDES S320
GLA 200D EURO IV,MERCEDES GLA200
"MER-BENZ W212 E250CDI, BS-IV",MERCEDES E250
C 200 BS4,MERCEDES C200
W212 E350CDI WITHATBS3 DIESEL,MERCEDES E350
GLE 250CDI,MERCEDES GLE250
C 200 BE AT,MERCEDES C200
MERCEDEZBENZ ML250CDIBSIV,MERCEDES ML250
E 350CDI,MERCEDES E350
W203 C220CDI WITH MANUAL TR.,MERCEDES C220
C-200CGI,MERCEDES OTHER
A 180 BS IV,MERCEDES A180
G 400D,MERCEDES OTHER
MERCEDES AMG GLE 43 4MATIC,MERCEDES AMG GLE43
E220D BS IV,MERCEDES E220
MECEDES BENZ E220CDI,MERCEDES E220
GLC 220D 4MATIC BS IV,MERCEDES GLC220
BANZ C230,MERCEDES C230
CLA 200CDI,MERCEDES CLA200
C200 BE,MERCEDES C200
C 250CDI  AVANTGARDE,MERCEDES C250
W204 C250CDI,MERCEDES C250
W211 E220CDI WITH AT BSIII,MERCEDES E220
AMG GLE 53 4MATIC COUPE BSVI,MERCEDES AMG GLE53
W204 C200 KOMPRESSOR MT BSIII,MERCEDES C200
GL 350CDI,MERCEDES GL350
MERC BENZ E200CGI,MERCEDES E200
GLC220D 4M AUTO,MERCEDES GLC220
GLS 350,MERCEDES GLS350
S350CDI L,MERCEDES S350
A 180CDI,MERCEDES A180
BENZ,MERCEDES OTHER
G4 E 250CDICKD,MERCEDES E250
B180 SPORTS TOURER,MERCEDES B180
CLA200D,MERCEDES CLA200
S 350CDI,MERCEDES S350
C200K,MERCEDES C200
GLC 300 4MATIC BSIV,MERCEDES GLC300
GLE 250D 4 MATIC,MERCEDES GLE250
E-250CDI,MERCEDES OTHER
MERCEDESBENZ-V221-S320CDI L (WAT)-BSIII,MERCEDES S320
E250CDI FL,MERCEDES E250
BANZ E220,MERCEDES E220
W212 E250CDI EURO IV,MERCEDES E250
E 250CDI 7SPEED AT,MERCEDES E250
C 200. BSIV,MERCEDES C200
C 200CDI,MERCEDES C200
GLE 400D 4MATIC LWB,MERCEDES GLE400
C-180,MERCEDES OTHER
GLC 220D 4M BS,MERCEDES GLC220
PASS CAR MERCEDES BENZ,MERCEDES OTHER
E200CGI,MERCEDES E200
C200,MERCEDES C200
E 280CDI,MERCEDES E280
E-250CDI,MERCEDES OTHER
GLA 200CDI BS IV,MERCEDES GLA200
C220D BSIV,MERCEDES C220
ML 350CDI,MERCEDES ML350
E 250,MERCEDES E250
NA,MERCEDES OTHER
MERCEDES-MAYBACH S 580 4MATIC,MERCEDES MAYBACH S580
S-CLASS-S 500L,MERCEDES S500
GLA 200CDI SUV RHD BSIII,MERCEDES GLA200
180 {IMP},MERCEDES OTHER
GLE 350D 4MATIC,MERCEDES GLE350
E 350,MERCEDES E350
C 220D BS4,MERCEDES C220
GL350CDIL,MERCEDES GL350
MERCEDS BENZ CLA 200,MERCEDES CLA200
S 350CDIL BSIV,MERCEDES S350
E 200,MERCEDES E200
CLA 200CDI BSIV,MERCEDES CLA200
GLE 250D  4MATIC,MERCEDES GLE250
BOLERO SLX MDI 2WD,MERCEDES OTHER
ML 250CDI,MERCEDES ML250
GLS 400 4MATIC BS IV,MERCEDES GLS400
E 200,MERCEDES E200
S 350L,MERCEDES S350
GLA200D,MERCEDES GLA200
E250CDI,MERCEDES E250
W212 E250 AT SEAT4 BSIV,MERCEDES E250
GLE 350D 4MATIC BS4,MERCEDES GLE350
BHARATBENZ 914 4X2 3760 WB BSI,MERCEDES OTHER
E350CDI,MERCEDES E350
ML 350CDI,MERCEDES ML350
GLS350D BS4,MERCEDES GLS350
GLC 220D 4MATIC BS IV,MERCEDES GLC220
W212 E250CDI WITH AUTOMATIC T,MERCEDES E250
S 560 MAYBACH SKD,MERCEDES MAYBACH S560
GLC300 4MATIC,MERCEDES GLC300
ML-250CDI,MERCEDES OTHER
E 350CDI,MERCEDES E350
GLS350D 4MATIC EIV 7SA,MERCEDES GLS350
GL 350CDI BS IV,MERCEDES GL350
GLE 250D 4MATIC BS IV,MERCEDES GLE250
E 250CDI AT,MERCEDES E250
C 230 PETROL,MERCEDES C230
B200CDI SPORT,MERCEDES B200
LODGY DCI RXZ,MERCEDES OTHER
250CDI,MERCEDES OTHER
W212 E220CDI AT BSIV,MERCEDES E220
S 500 L BLUE EFFICIENCY,MERCEDES S500
RENAULT PULSE RXL DCI BSIV,MERCEDES OTHER
W164 ML 350CDI WITH AT BS IV,MERCEDES ML350
E 220D,MERCEDES E220
0500 RSD 2436,MERCEDES OTHER
MER BENZ E220CDI SEDAN BSIVAT,MERCEDES E220
CLS 350CDI,MERCEDES CLS350
GLE 350D  4 MATIC,MERCEDES GLE350
GL350CDI AT,MERCEDES GL350
ML 250CDI,MERCEDES ML250
C 200 BE AVANT,MERCEDES C200
RENAULT PULSE RXZ DCI BS IV,MERCEDES OTHER
CLA200D,MERCEDES CLA200
CLA200D BSIV,MERCEDES CLA200
V221 S350CDI L WITH A.T,MERCEDES S350
GLE 350D 4MATIC,MERCEDES GLE350
MERCEDES AMG GLC43 4MATIC COUPE BSIV,MERCEDES AMG GLC43
MERCEDEZ BENZ,MERCEDES OTHER
GLA45 AMG 4MATIC BSIV,MERCEDES AMG GLA45
GLA 200CDI,MERCEDES GLA200
W204C250CDI BE BS IV,MERCEDES C250
S350L,MERCEDES S350
GLA 45 AMG,MERCEDES AMG GLA45
GLA 220D 4MATIC,MERCEDES GLA220
CLA 200D,MERCEDES CLA200
GLS 350D,MERCEDES GLS350
E250CDI,MERCEDES E250
MER BENZ C250CDI BS IV,MERCEDES C250
CLA 200D,MERCEDES CLA200
C220CDI,MERCEDES C220
C220D WITH BLACK SUN ROOF BS,MERCEDES C220
E350,MERCEDES E350
GLE 350D,MERCEDES GLE350
GLC 220D,MERCEDES GLC220
S 350D W/V222 CKD,MERCEDES S350
GLA200D,MERCEDES GLA200
W204 C250,MERCEDES C250
E 200CGI,MERCEDES E200
E 220CDI,MERCEDES E220
"E250CDI AT,BSIV",MERCEDES E250
S 400 L BSIV,MERCEDES S400
CLA200,MERCEDES CLA200
C200 BE,MERCEDES C200
GLS 350D 4MATIC,MERCEDES GLS350
C 200K,MERCEDES C200
GL 350CDI,MERCEDES GL350
S 350CDIL FL,MERCEDES S350
C 250CDI BE,MERCEDES C250
,MERCEDES OTHER
E 350 CD,MERCEDES E350
C250CDI BS IV,MERCEDES C250
NOT AVAILABLE,MERCEDES OTHER
C220D,MERCEDES C220
GL350CDIL,MERCEDES GL350
15,MERCEDES OTHER
AANN0334-000,MERCEDES OTHER
GLE 350D,MERCEDES GLE350
PASS. CAR,MERCEDES OTHER
GL 350CDI AT 4MATIC,MERCEDES GL350
S 350CDIL,MERCEDES S350
C 200 K EIII,MERCEDES C200
GLA200D,MERCEDES GLA200
V 220DE,MERCEDES OTHER
C 250CDI 051825,MERCEDES C250
A 180CDI,MERCEDES A180
C220D,MERCEDES C220
BHARATH BENZ 1214R 4X2 3760 WB,MERCEDES OTHER
S 500,MERCEDES S500
GLB 220D,MERCEDES OTHER
A 180 BS IV,MERCEDES A180
MERC BENZ GL 350CDI 4MATIC,MERCEDES GL350
GLS 350D 4 MATIC,MERCEDES GLS350
14,MERCEDES OTHER
W164-ML320CDI WITHAUTOMATICTR,MERCEDES ML320
A180CDI,MERCEDES A180
MARCEDES BENZ,MERCEDES OTHER
GLE 450 4MATIC LWB,MERCEDES GLE450
OTHERS,MERCEDES OTHER
E CLASS  E350CDI,MERCEDES E350
E220CDI,MERCEDES E220
E 200CGI EURO IV,MERCEDES E200
S 350CDIL  **,MERCEDES S350
G63 AMG WITH AT BSIV,MERCEDES AMG OTHER
250D,MERCEDES OTHER
GL 350CDI 4MATIC WBE BSIV,MERCEDES GL350
GLS400 4MATIC,MERCEDES GLS400
ML250CDI 4 MATIC,MERCEDES ML250
E 250CDI W212 AT,MERCEDES E250
GLS 400D 4MATIC,MERCEDES GLS400
E220D EURO IV,MERCEDES E220
GLA 200 SPORT UV RHD,MERCEDES GLA200
MERCEDES-AMG A35 4M LIMOUSINE,MERCEDES AMG A35
W211-E280CDI WITH A T BSIII,MERCEDES E280
GLA200,MERCEDES GLA200
A180,MERCEDES A180
W204 C220CDI BLUE EFFICIENCY,MERCEDES C220
E220D BSIV,MERCEDES E220
S350CDIL,MERCEDES S350
A 200D LIMOUSINE BSVI,MERCEDES A200
GLE250D 4MATIC E IV 9,MERCEDES GLE250
E 200 BS IV,MERCEDES E200
W204 C250 ATBSIII,MERCEDES C250
C250CDI AG,MERCEDES C250
BENZC250,MERCEDES C250
MERCEDED BENZ E 350,MERCEDES E350
W212 E250CDI AT BSIV,MERCEDES E250
AALN0098 000,MERCEDES OTHER
C 250D,MERCEDES C250
GLA200D,MERCEDES GLA200
MERCEDS BENZ GLE 250D 4MATIC,MERCEDES GLE250
GLA 200CDI,MERCEDES GLA200
W212 E250CDI,MERCEDES E250
CKD W204 C220CDIBE,MERCEDES C220
E 220D,MERCEDES E220
A 160,MERCEDES A160
S 500 BEL AT,MERCEDES S500
MERCEDES-AMG GLA 35 4MATIC,MERCEDES AMG GLA35
MER BENZ GL 350CDIBE4MATIC,MERCEDES GL350
GLA200D,MERCEDES GLA200
W212 E250CDI AUTOMATIC TRANS,MERCEDES E250
GL350CDI,MERCEDES GL350
GLE E-250D,MERCEDES OTHER
S350CDI L,MERCEDES S350
E-250CDI,MERCEDES OTHER
CLA 200CDI,MERCEDES CLA200
C 250,MERCEDES C250
32,MERCEDES OTHER
GLC 220D 4MATIC,MERCEDES GLC220
S CLASS S 320CDI L,MERCEDES S320
ML.350,MERCEDES OTHER
C250CDI WITH AUTO TRNS. BS IV,MERCEDES C250
GLA200CDI,MERCEDES GLA200
C 200CGI,MERCEDES C200
GLA200CDI,MERCEDES GLA200
C 220D,MERCEDES C220
ML350CDI 4MATIC BLUE EFFICIEN,MERCEDES ML350
S350CDIL FL,MERCEDES S350
GL350CDI LX,MERCEDES GL350
GLA200CDI,MERCEDES GLA200
E 250CDI,MERCEDES E250
S 350 DL EURO IV 7S,MERCEDES S350
W210-E250 (AUTOMATIC)CAR,MERCEDES E250
C200K,MERCEDES C200
M-BENZ GLA 200,MERCEDES GLA200
M-BENZ-C-220-D-027527 (BS4),MERCEDES OTHER
GLC 220D,MERCEDES GLC220
S 350CDI,MERCEDES S350
MER BENZ E 200CGI WITH AT BIV,MERCEDES E200
C-220CDI,MERCEDES OTHER
GL350CDI AT,MERCEDES GL350
W212 E250CDI AUTOMATIC TRANS,MERCEDES E250
GLS 200CDI,MERCEDES GLS200
MERCEDES-AMG GLC 43 4M COUPE,MERCEDES AMG GLC43
GLA200CDI SPORT UTILITY VEHIC,MERCEDES GLA200
M.BENZ GL350CDI 7SAT,MERCEDES GL350
C 220D,MERCEDES C220
E200 AVALWB,MERCEDES E200
S 350CDI L,MERCEDES S350
W212 E350CDI WITH AT BSIVM,MERCEDES E350
200AUTO,MERCEDES OTHER
G63AMG,MERCEDES AMG OTHER
E 200 BLUE EFFICIENCY AT,MERCEDES E200
R 350,MERCEDES OTHER
E270CDI,MERCEDES E270
GLA200CDI BSIV,MERCEDES GLA200
M.BENZ GL350CDI 7SAT,MERCEDES GL350
W211-E270CDI WITH A.T,MERCEDES E270
MERBNZ  C 220CDI BE AUTOMATIC,MERCEDES C220
C220CDI,MERCEDES C220
C 300D BS IV,MERCEDES C300
E 200CGI,MERCEDES E200
W212 E250CDI,MERCEDES E250
W204 C220CDI WITH MANUAL TRAN,MERCEDES C220
GL350CDI 4MATIC WITH BLUE EFF,MERCEDES GL350
MERCEDES-AMG GLE 63S 4M+ COUPE,MERCEDES AMG GLE63
300D,MERCEDES OTHER
W164 ML 350CDI (IMPORTED),MERCEDES ML350
SWIFT DZIRE VXI,MERCEDES OTHER
GLC 220D,MERCEDES GLC220
B 180CDI,MERCEDES B180
A 180CDI RHD BSIV,MERCEDES A180
W204 C 220,MERCEDES C220
W204 C200 BLUE EFFI. WITH A T,MERCEDES C200
CLA 200CDI BS4,MERCEDES CLA200
GLS400D 4MATIC BSVI,MERCEDES GLS400
C 220CDI,MERCEDES C220
W164 ML350CDI AT BSIV MUA,MERCEDES ML350
BHARAT BENZ 914R 4X2 3760 WB B,MERCEDES OTHER
CKD W204 C250,MERCEDES C250
C 200CGI BS4,MERCEDES C200
C 220CDI,MERCEDES C220
GLS 600 4MATIC MAYBACH BSVI,MERCEDES GLS600
CKD W204 C200CGI,MERCEDES C200
W221 E200CGI,MERCEDES E200
B180 SPORTS T E4,MERCEDES E4
BHARATBENZ 1617RD-16 BSVI-PH2,MERCEDES OTHER
A 200CDI,MERCEDES A200
S 350CDI,MERCEDES S350
C200 BE BS-IV,MERCEDES C200
GL,MERCEDES OTHER
GLA220D 4MATIC,MERCEDES GLA220
A 180CDI,MERCEDES A180
B180 BSIV,MERCEDES B180
C-220CDI,MERCEDES OTHER
C 220CDI,MERCEDES C220
C200CGI,MERCEDES C200
CL350CDIBE,MERCEDES OTHER
MECEDES BENZ E220CDI,MERCEDES E220
S500L,MERCEDES S500
C 220D,MERCEDES C220
E280CDI,MERCEDES E280
E-220,MERCEDES OTHER
W204 C 220CDI WITH AT BSIV,MERCEDES C220
S 350CDIL,MERCEDES S350
GLA 200CDI,MERCEDES GLA200
CLA 200D BSIV,MERCEDES CLA200
B180BLUE EFFICIENCY SPORTS TOURER RHD BSIV,MERCEDES B180
MERCEDE BENZ C220D,MERCEDES C220
RENAULT FLUENCE LZBTOT,MERCEDES OTHER
S 450 EURO 4  BS4,MERCEDES S450
GLA 200,MERCEDES GLA200
GL 350CDI,MERCEDES GL350
BHARATBENZ 1214R,MERCEDES OTHER
GL 350 DI,MERCEDES GL350
C 200,MERCEDES C200
W212 E200CGI WITH AT,MERCEDES E200
C 220CDI BS4,MERCEDES C220
S 500 L 7SPEED AT,MERCEDES S500
ML350CDI AT,MERCEDES ML350
W212 E250CDI WITH AUTOMATIC T,MERCEDES E250
CLA CLASS 200D SPORTS 650 U,MERCEDES OTHER
C250CDI BE AVANT MERCEBEN NM,MERCEDES C250
E 200,MERCEDES E200
BENZ,MERCEDES OTHER
SLK 200 KOMPRESSOR AT BSIII,MERCEDES OTHER
GLC 220D 4MATIC,MERCEDES GLC220
S 300 L,MERCEDES S300
GLE 450 AMG 4MATIC,MERCEDES AMG GLE450
S350CDI L AT,MERCEDES S350
E220CDI-SEDAN,MERCEDES E220
C 250CDI ELEGANCE,MERCEDES C250
BCISS B180 SPORT,MERCEDES B180
GLE 350D 4M BS,MERCEDES GLE350
ML 250CDI CKD,MERCEDES ML250
C200CGI,MERCEDES C200
GL 63 AMG,MERCEDES AMG GL63
S 350CDI,MERCEDES S350
CLA 200CDI,MERCEDES CLA200
GLA 200CDI,MERCEDES GLA200
ML 250CDI 4 MATIC,MERCEDES ML250
GL 350CDI,MERCEDES GL350
MERC BENZ C200 K,MERCEDES C200
W212 E350CDI,MERCEDES E350
E 200,MERCEDES E200
GLE300D 4MATIC LWB BS6,MERCEDES GLE300
CKD W-212 E220CDI,MERCEDES E220
B 180CDI BS IV,MERCEDES B180
W204 C250 WITH AT BSIII,MERCEDES C250
E350D M1 BS6,MERCEDES E350
CLA200D BSIV,MERCEDES CLA200
ML 350,MERCEDES ML350
C220CDI,MERCEDES C220
C200 BE EURO IV,MERCEDES C200
C200,MERCEDES C200
GLS 350D BSIV,MERCEDES GLS350
W164 ML 350  AT,MERCEDES ML350
RENAULT DUSTER RXZ,MERCEDES OTHER
E 220CDI,MERCEDES E220
E 250,MERCEDES E250
W204 C250CDI (AT) BS IV,MERCEDES C250
GLE300D 4MATIC LWB BSVI,MERCEDES GLE300
C200CGI,MERCEDES C200
B 180,MERCEDES B180
C300 CABRIOLET BSVI BSVI,MERCEDES C300
E 200 BE PETROL,MERCEDES E200
2523 C,MERCEDES OTHER
C220CDI.,MERCEDES C220
GLS  450D 4MATIC BSVI-PH2,MERCEDES GLS450
GL350CDI BE4 MATIC E4,MERCEDES E4
CLA200,MERCEDES CLA200
W212 E 200CGI,MERCEDES E200
C220CDI,MERCEDES C220
W204 C250CDI BLUE EFFI. A T,MERCEDES C250
C 200 K,MERCEDES C200
CKDW204 C220CDIBE CLASSIC,MERCEDES C220
E350CDI,MERCEDES E350
MB E 250,MERCEDES E250
W204 C220 BLUE EFFICIENCY,MERCEDES C220
C 200 BE 051206,MERCEDES C200
GLA 220D,MERCEDES GLA220
C200CGI,MERCEDES C200
CKD W-204 C250,MERCEDES C250
B180BLUE EFFICIENCY SPORTS TOU,MERCEDES B180
S 450 BSIV,MERCEDES S450
C200BE,MERCEDES C200
GL 350,MERCEDES GL350
W204 C200 BLUE EFFI. WITH A/T,MERCEDES C200
W212 E200CGI,MERCEDES E200
AMG GLE 43 4MATIC CO,MERCEDES AMG GLE43
ML 250CDI CKD,MERCEDES ML250
W211-E 280CDI WITH AUTO. TRA,MERCEDES E280
C220CDI AT BSIV,MERCEDES C220
GLE 250D EURO IV SUV,MERCEDES GLE250
B180CDI,MERCEDES B180
W204 C250CDI WITH AT BSIV,MERCEDES C250
C 250CDI BLUEFFICIENCY,MERCEDES C250
C220CDI BLUE EFFICIENCY,MERCEDES C220
CKD W212 E350CDI,MERCEDES E350
E 350CDI,MERCEDES E350
A 180CDI,MERCEDES A180
A 180 CBU,MERCEDES A180
E-350,MERCEDES OTHER
W-164,MERCEDES OTHER
1.8,MERCEDES OTHER
W210 E220 SEDAN,MERCEDES E220
E 200CGI,MERCEDES E200
GLC220D,MERCEDES GLC220
E 350D BSVI,MERCEDES E350
E280,MERCEDES E280
CKD W166 ML 250CDI,MERCEDES ML250
E 200 BSIV,MERCEDES E200
S500L BSIV,MERCEDES S500
GLA200,MERCEDES GLA200
CLA 200CDI,MERCEDES CLA200
M-BENZGLE-250-D BS IV,MERCEDES OTHER
C220 EURO IV,MERCEDES C220
V 220,MERCEDES OTHER
ML250CDI 4MATIC BLUE EFFI,MERCEDES ML250
350CDI,MERCEDES OTHER
E 200,MERCEDES E200
A180CDI,MERCEDES A180
GLE 350D,MERCEDES GLE350
MER BENZ E250CDI,MERCEDES E250
C 200 BSVI-PH2,MERCEDES C200
C220CDI,MERCEDES C220
GLC 300 4MATIC,MERCEDES GLC300
A 180,MERCEDES A180
S 350D L,MERCEDES S350
RENAULT FLUENCE LZBB06,MERCEDES OTHER
GL 350 CD 1BE 4 MATIC WITH 7 S,MERCEDES GL350
S 350D,MERCEDES S350
C 200 K PETROL,MERCEDES C200
GL350CDI,MERCEDES GL350
C 200 K,MERCEDES C200
SLK 350,MERCEDES OTHER
W212 E350CDI WITH AT,MERCEDES E350
C 200,MERCEDES C200
C220D,MERCEDES C220
GLA 220D 4MATIC,MERCEDES GLA220
GL 350CDI CKD,MERCEDES GL350
S320CDIL,MERCEDES S320
BUS 0500R/RF 1830 BSIII,MERCEDES OTHER
B 200CDI,MERCEDES B200
R350,MERCEDES OTHER
C 220D BS IV,MERCEDES C220
ML250DI,MERCEDES ML250
C 220CDI BLUE EFFICIENCY,MERCEDES C220
E220D,MERCEDES E220
GLC 220D,MERCEDES GLC220
MEERCEDES BENZ C220CDI,MERCEDES C220
E-200CGI,MERCEDES OTHER
E250,MERCEDES E250
CLA200CDI,MERCEDES CLA200
GLE 250D,MERCEDES GLE250
W204 C250CDI BLUE EFFICIENCY AT BSIV,MERCEDES C250
E350D,MERCEDES E350
GLA 200CDI 000323,MERCEDES GLA200
CLS 350,MERCEDES CLS350
S 320CDIL,MERCEDES S320
W221 S350CDI L WITH AT BS IV,MERCEDES S350
A 200 LIMOUSINE,MERCEDES A200
GLE 250D,MERCEDES GLE250
CLA 200 WITH BLACK ROOF BS IV,MERCEDES CLA200
E 250,MERCEDES E250
RENAULT DUSTER RXL BS IV,MERCEDES OTHER
GLA 200,MERCEDES GLA200
S 320,MERCEDES S320
W204 C200CGI WITH AT BSIV,MERCEDES C200
W204 C250 WITH AUTO TRANS,MERCEDES C250
E 220CDI AT BSIV,MERCEDES E220
W204 C200 AT,MERCEDES C200
E-63-AMG BSIV,MERCEDES AMG OTHER
W204 C250CDI AT,MERCEDES C250
GLS350D 4MATIC BSIV,MERCEDES GLS350
C220D,MERCEDES C220
A200D,MERCEDES A200
W212 E350CDI W AT,MERCEDES E350
CLA 200 SPORT,MERCEDES CLA200
RENAULT KWID RXT BS IV,MERCEDES OTHER
W204 C200CGI WITH AT BS IV,MERCEDES C200
CLA 200,MERCEDES CLA200
W204 C200CGI BS IV,MERCEDES C200
V221 S500L WITH A.T BSIV,MERCEDES S500
CKD W-204,MERCEDES OTHER
C 200CGI,MERCEDES C200
MERCEDESS BENZ GLS350D 4MATIC,MERCEDES GLS350
S 450 4MATIC,MERCEDES S450
E-250CDI ELEGANCE,MERCEDES OTHER
S 350D,MERCEDES S350
GLC 300 4 MATIC,MERCEDES GLC300
E 350D,MERCEDES E350
R 350,MERCEDES OTHER
E 250CDI,MERCEDES E250
M-BENZ GL350CDI,MERCEDES GL350
E 350CDI BSIV,MERCEDES E350
W212 E350CDI WITH AT BSIV,MERCEDES E350
C-250  CPI,MERCEDES OTHER
C220D,MERCEDES C220
V220DL EXCLUSIVE 6SEATER BSVI,MERCEDES OTHER
CBU W-176 A200CDI,MERCEDES A200
GLS 350D,MERCEDES GLS350
E250CD,MERCEDES E250
S 350CDI BSIV,MERCEDES S350
GLC 220D 4MATIC BSVI-PH2,MERCEDES GLC220
S-500BEL,MERCEDES OTHER
W204 C200 BE,MERCEDES C200
GLA200D BSIV,MERCEDES GLA200
E250 BS IV,MERCEDES E250
C180,MERCEDES C180
V 221 S 350,MERCEDES S350
ML250CDI,MERCEDES ML250
GLA 200CDI,MERCEDES GLA200
MER BENZC220CDI,MERCEDES C220
EQC 400 4MATIC BSVI,MERCEDES OTHER
W212 E 250CDI AT,MERCEDES E250
GLA200CDI,MERCEDES GLA200
MERCEDESBENZ E 250CDI,MERCEDES E250
GL350CDI BE,MERCEDES GL350
ML 250CDI,MERCEDES ML250
S 300 L,MERCEDES S300
NOT AVAILABLE,MERCEDES OTHER
CLA 200CDI BS IV,MERCEDES CLA200
E 220D BS IV,MERCEDES E220
W212 E200CGI WITH AUTO TRANS,MERCEDES E200
GLA 220D,MERCEDES GLA220
MECREDES BENZ C220CDI,MERCEDES C220
E 200 BSIV,MERCEDES E200
MERCEDES-AMG GLA 35 4MATIC,MERCEDES AMG GLA35
E-220CDI,MERCEDES OTHER
W204 C 250 WITH AT,MERCEDES C250
ML250CDI 4MATIC BLUE EFFICIEN,MERCEDES ML250
ML250CDI 4 MATIC BSIV,MERCEDES ML250
DAIMLER BHARATBENZ 2523C 6X4 4,MERCEDES OTHER
B 200D SPORTS FACELIFT,MERCEDES B200
ML 250CDI 4MATIC WITH BLUE,MERCEDES ML250
S-350CDIL,MERCEDES OTHER
A180,MERCEDES A180
W204 C220CDI BLUE EFFICIENCY AT BSIV,MERCEDES C220
S350CDIL FL,MERCEDES S350
E220CDI,MERCEDES E220
AAMN0143-001,MERCEDES OTHER
GLA 200CDI,MERCEDES GLA200
GLE 350D 4MATIC BSIV,MERCEDES GLE350
C200CGI,MERCEDES C200
W212E350CDI AT,MERCEDES E350
B180,MERCEDES B180
MERTCEDES BENZ C 200 BE,MERCEDES C200
GLA200D SPORTS,MERCEDES GLA200
GLS350D 4MATIC EURO IV WITH 9,MERCEDES GLS350
GLE 250D BSIV,MERCEDES GLE250
S 350,MERCEDES S350
B 180CDI,MERCEDES B180
E220D - BSIV,MERCEDES E220
ML-250CDI,MERCEDES OTHER
S650,MERCEDES S650
MERCEDESS BENZ S350D L,MERCEDES S350
E350,MERCEDES E350
GLA200CDI,MERCEDES GLA200
B200,MERCEDES B200
GLS 350D BS4,MERCEDES GLS350
E 220CDI,MERCEDES E220
S 350CDI,MERCEDES S350
MERCEDES-MAYBACH S 560 BSVI,MERCEDES MAYBACH S560
W164 ML350CDI AT BS IV,MERCEDES ML350
S 350 L,MERCEDES S350
C220CDIBE,MERCEDES C220
26,MERCEDES OTHER
A200CDI RHD BSIV,MERCEDES A200
CLA 200,MERCEDES CLA200
ML 350CDI,MERCEDES ML350
MRCE BENZ C200 BSIII,MERCEDES C200
M-BENZ C200,MERCEDES C200
B180CDI,MERCEDES B180
A180 EURO IV TM 7G,MERCEDES A180
GLA 200CDI,MERCEDES GLA200
S 400 L,MERCEDES S400
GLS 350D 4MATIC,MERCEDES GLS350
C 220D BSVI,MERCEDES C220
GL350CDI,MERCEDES GL350
GL350CDI AT,MERCEDES GL350
GLA200CDI,MERCEDES GLA200
GLE 350D 4MATIC,MERCEDES GLE350
W-212 E-250CDI CBU,MERCEDES OTHER
C200K AUTO,MERCEDES C200
MERCZ BENZ W211 E 63,MERCEDES E63
S 300L,MERCEDES S300
GLE 250D 4MATIC,MERCEDES GLE250
CLA 200CDI BS,MERCEDES CLA200
MERCEDESBENZ E270CDI,MERCEDES E270
ML 250CDI,MERCEDES ML250
E 220D,MERCEDES E220
GLA200D BSIV,MERCEDES GLA200
EQS 580 4MATIC,MERCEDES OTHER
W212 E250,MERCEDES E250
W212 E 250CDI,MERCEDES E250
GLC 220D,MERCEDES GLC220
MENZ GL 350CDIBE 4MATIC,MERCEDES GL350
C 300D BSIV,MERCEDES C300
E280CDI,MERCEDES E280
GLA200D BSIV,MERCEDES GLA200
R350CDI,MERCEDES OTHER
C 250,MERCEDES C250
PASSENGER CAR,MERCEDES OTHER
GLC 220D 4MATIC,MERCEDES GLC220
C 220CDI WITHAT,MERCEDES C220
C200CGI ELEGANCE,MERCEDES C200
CBU W-204 E250CDI,MERCEDES E250
E 220,MERCEDES E220
C 220D,MERCEDES C220
"E 200CGI, BS IV",MERCEDES E200
W204 C200 BLUE EFFI WITH AT,MERCEDES C200
C250CDI EIV,MERCEDES C250
C220DI,MERCEDES C220
CKD W166 ML250CDI,MERCEDES ML250
C220CDI BE,MERCEDES C220
C200 BLUE EFFICIENCY,MERCEDES C200
C 200 K,MERCEDES C200
S350CDI L BS4,MERCEDES S350
MERCEDES-AMG SL 55 4MATIC+,MERCEDES AMG OTHER
C 200CGI CLASSIC,MERCEDES C200
GLE250D,MERCEDES GLE250
GLC220D 4MATIC BSVI,MERCEDES GLC220
C 250CDI,MERCEDES C250
C 220CDI BE,MERCEDES C220
CLA 200,MERCEDES CLA200
ML 350CDI,MERCEDES ML350
GLA200CDI,MERCEDES GLA200
S320,MERCEDES S320
E350CDI,MERCEDES E350
C 250CDI,MERCEDES C250
CLA 200CDI,MERCEDES CLA200
GLC220D 4MATIC BSVI,MERCEDES GLC220
GLA 200D SPORTS AUT,MERCEDES GLA200
E200CGI,MERCEDES E200
W204 C200  B E,MERCEDES C200
W212  E250CDI,MERCEDES E250
BHARATBENZ3123R,MERCEDES OTHER
V220D BSVI,MERCEDES OTHER
W204C200BLUE EFFICIENCY ATBSIV,MERCEDES C200
A180CDI BS IV,MERCEDES A180
V221 - S350CDI  L  AT BSIV,MERCEDES S350
E250CDI,MERCEDES E250
W210-E200 CAR,MERCEDES E200
RENAULT DUSTER RXL BS IV,MERCEDES OTHER
C220D,MERCEDES C220
GLE 250D 4MATIC BS4,MERCEDES GLE250
S 350D,MERCEDES S350
ML 350,MERCEDES ML350
B 180 SPORTS TOURER,MERCEDES B180
C 220CDI CLASSIC,MERCEDES C220
E 280CDI,MERCEDES E280
B 200CDI,MERCEDES B200
W204 C220CDI,MERCEDES C220
S 350D,MERCEDES S350
S350 FLCDIL W221 MERCEDES BENZ,MERCEDES S350
W212 E250CDI WITH AT BS IV,MERCEDES E250
ML320,MERCEDES ML320
E 200 B E WITH AT,MERCEDES E200
S350CDIL AT BSIV,MERCEDES S350
ML 350CDI EURO3,MERCEDES ML350
MAYBACH S 600,MERCEDES MAYBACH S600
E 350,MERCEDES E350
E 350D BS IV,MERCEDES E350
GLA 200D BSIV,MERCEDES GLA200
CBU W204,MERCEDES OTHER
GLA200 SPORT,MERCEDES GLA200
GL 350 DI,MERCEDES GL350
E220CDI,MERCEDES E220
E 250CDI,MERCEDES E250
C 220D BSVI-PH2,MERCEDES C220
GLC 220D 4M BS4,MERCEDES GLC220
GLS 450D 4MATIC,MERCEDES GLS450
MERCEDES-MAYBACH S 560,MERCEDES MAYBACH S560
W212 E250CDI WITH AT,MERCEDES E250
W204 C220CDI BLUE EFFICIENCY,MERCEDES C220
S500,MERCEDES S500
C220CDI BE AVANT,MERCEDES C220
GLA 200D,MERCEDES GLA200
CKD X 166 GL 350CDI BE,MERCEDES GL350
E250CDI W212,MERCEDES E250
C-220CDI,MERCEDES OTHER
C200 BE AUTOMATIC,MERCEDES C200
ML350CDI,MERCEDES ML350
M-BENZ GLC 300 4MATIC BS IV,MERCEDES GLC300
GLE 400 4MATIC,MERCEDES GLE400
E 230,MERCEDES E230
GLS 400 4MATIC BSIV,MERCEDES GLS400
CLASSIC,MERCEDES OTHER
E-350CDI,MERCEDES OTHER
W204 C200 BLUE,MERCEDES C200
C 220CDI,MERCEDES C220
W211 E230 WITH AT BSIII SEAT5,MERCEDES E230
CLA 200 BS4,MERCEDES CLA200
GLS350D,MERCEDES GLS350
C 220D FL BS6,MERCEDES C220
GLA200CDI SPORT UTILITY VEHIC,MERCEDES GLA200
C 250D BSIV,MERCEDES C250
GLA 200CDI BSIV,MERCEDES GLA200
C250,MERCEDES C250
W212 E 250CDI,MERCEDES E250
S 320CDIL,MERCEDES S320
W212 E250CDI,MERCEDES E250
W212 E350,MERCEDES E350
E220CDI,MERCEDES E220
CKD W212 E 200CGI,MERCEDES E200
W204 C250CDI WITH AT BS IV,MERCEDES C250
C 220CDI D CKD,MERCEDES C220
A 180,MERCEDES A180
W204 C250CDI WITH AUTO TRANS,MERCEDES C250
GL350CDI EIV,MERCEDES GL350
GLC220D 4 MATIC,MERCEDES GLC220
A 180CDI,MERCEDES A180
E 250CDI AVANTGARDE,MERCEDES E250
CLA 200 BS IV,MERCEDES CLA200
W204 C200 KOMP.WITH AUTO. TRANSMISION-BS III,MERCEDES C200
E 220D,MERCEDES E220
W212 E350 AVANT,MERCEDES E350
CKD W166 ML350CDI,MERCEDES ML350
W204 C200 KOMP.WITH AUTO. TRAN,MERCEDES C200
CKD W204 C250CDI,MERCEDES C250
A 200 LIMOUSINE,MERCEDES A200
E 400 CABRIOLET,MERCEDES E400
C 220D BSIV,MERCEDES C220
S350CDIL,MERCEDES S350
GLE 350D 4,MERCEDES GLE350
MERCEDES-AMG E53 4M+ CABRIOLET,MERCEDES AMG E53
W212 E250CDI,MERCEDES E250
GLA 200D BS4,MERCEDES GLA200
S 350 L,MERCEDES S350
MERCEDES AMG G63,MERCEDES AMG OTHER
E220CDI BS-IV,MERCEDES E220
C 220D,MERCEDES C220
ML 320B CDI,MERCEDES ML320
W212  E200,MERCEDES E200
MERBENZ S350CDIL,MERCEDES S350
GLS350D,MERCEDES GLS350
ML 350CDI 005549,MERCEDES ML350
W204 C200CGI AT TRANS BS IV,MERCEDES C200
B200CDI,MERCEDES B200
MERCEDED BENZ  E200 PETROL,MERCEDES E200
GLA 200,MERCEDES GLA200
GLE 350D CKD,MERCEDES GLE350
CKD X166 GL350CDI BE,MERCEDES GL350
W212 E220CDI AT BSIV,MERCEDES E220
V221 - S350CDI  L  AUTOMATIC T,MERCEDES S350
CLS350,MERCEDES CLS350
S 500BEL,MERCEDES S500
C250CDI,MERCEDES C250
ML350CDI,MERCEDES ML350
CLA 200D SPORTS CKD,MERCEDES CLA200
CAR,MERCEDES OTHER
W212 E350 WITH AUTO TRANS,MERCEDES E350
W204 C250CDI,MERCEDES C250
GLE 300D 4 MATIC LWB BSVI-PH2,MERCEDES GLE300
C 180,MERCEDES C180
AANN0291 000,MERCEDES OTHER
GL350CDI4MATIC BLUE EFFICIENCY,MERCEDES GL350
W212 E 250CDI WITH AUTOMATIC,MERCEDES E250
EECO 5 STR,MERCEDES OTHER
MERCEDEDES BENZ S 350,MERCEDES S350
GL350CDIGL,MERCEDES GL350
E200 BLUE EFFICIENCY WITH AT B,MERCEDES E200
B 200D,MERCEDES B200
E 220CDI  AT,MERCEDES E220
GLE 350D,MERCEDES GLE350
E250CDI EIV,MERCEDES E250
E 220CDI WITH AUTO TRANS,MERCEDES E220
CKD W204 C220,MERCEDES C220
GLA 200,MERCEDES GLA200
A 180CDI,MERCEDES A180
30,MERCEDES OTHER
CKD W-212 E250CDI,MERCEDES E250
C 200 BE AT BS IV,MERCEDES C200
C220CDI,MERCEDES C220
CKD W -212,MERCEDES OTHER
RENAULT DUSTER RXZ DCI BS IV,MERCEDES OTHER
ML250CDI  4MATIC,MERCEDES ML250
W212 E350CDI (BS-II),MERCEDES E350
W204 C250CDI BLUE EFFICIENCY,MERCEDES C250
A 200 LIMOUSINE BSVI-PH2,MERCEDES A200
E 350CDI AT,MERCEDES E350
GL 350CDI CKD MERCEDES BENZ,MERCEDES GL350
C 200CDI,MERCEDES C200
C 200 BE,MERCEDES C200
GLS 350D,MERCEDES GLS350
CLA 200 EURO IV,MERCEDES CLA200
C200,MERCEDES C200
E CABRIOLET 350BS IV,MERCEDES OTHER
GLC 220D 4MATIC BSVI,MERCEDES GLC220
CKD-W-212 E220CDI,MERCEDES E220
C220D AVA N CKD,MERCEDES C220
E400 CAB,MERCEDES E400
GLA 200D BS IV,MERCEDES GLA200
MERC BENZ E220CDI,MERCEDES E220
C220CDI,MERCEDES C220
W204C220CDI WITH AUTOMATIC TRANSMISION BSIII,MERCEDES C220
E200CGI,MERCEDES E200
ML 350CDI CKD,MERCEDES ML350
C-200 K,MERCEDES OTHER
E 400 CABRIOLET BSIII,MERCEDES E400
MERCEDED BENZ GLA 200 PETROL,MERCEDES GLA200
E 280CDI,MERCEDES E280
W212 ML 2.50CDI,MERCEDES ML2
E,MERCEDES OTHER
E 200CGI,MERCEDES E200
S400 L,MERCEDES S400
C250D,MERCEDES C250
B200D BS IV,MERCEDES B200
M-BENZ C 250 BS IV,MERCEDES C250
B E CLASS,MERCEDES OTHER
C200CGI,MERCEDES C200
CBU W-204,MERCEDES OTHER
E220CDI,MERCEDES E220
ML 250CDI 4 MATIC PASSENGER C,MERCEDES ML250
S350CDI L BSIV,MERCEDES S350
CLA200D,MERCEDES CLA200
C 200CDI SEDAN,MERCEDES C200
A 200CDI SPORT,MERCEDES A200
CKD X166 GL350CDI,MERCEDES GL350
C200,MERCEDES C200
GLE250D 4MATIC,MERCEDES GLE250
E 220CDI BS-IV,MERCEDES E220
GLA200 BSIV,MERCEDES GLA200
B 180,MERCEDES B180
C 220D,MERCEDES C220
MERCECES BENZ  A  180CDI,MERCEDES A180
E 250CDI MER BENZ EIV,MERCEDES E250
CKDW212 E 350,MERCEDES E350
GL350CDI,MERCEDES GL350
C200GCI BS IV,MERCEDES C200
GL 350CDI,MERCEDES GL350
ML250CDI 4MATIC WITH BLUE EFF,MERCEDES ML250
CKD W-204 C200CGI,MERCEDES C200
B 180CDI BLUE E SPORTS AT,MERCEDES B180
E 200CGI,MERCEDES E200
E 200CGI CKD,MERCEDES E200
GLE 250 D4 MATIC,MERCEDES GLE250
S500L,MERCEDES S500
GLE250D 4 MATIC E IV,MERCEDES GLE250
W204 C220CDI WITH MT BSIII,MERCEDES C220
C220CDI BSIV,MERCEDES C220
CLA200CDI,MERCEDES CLA200
ML 250CDI,MERCEDES ML250
C 200 BSVI,MERCEDES C200
ML 250CDI,MERCEDES ML250
E 350CDI,MERCEDES E350
MER BENZ C220CDI AT BSIV,MERCEDES C220
GLC 300 4MATIC,MERCEDES GLC300
S 350 DL,MERCEDES S350
W212 E200CGI BSIV,MERCEDES E200
CLA200D SPORTS,MERCEDES CLA200
E220CDI,MERCEDES E220
CKD W166 ML 250CDI,MERCEDES ML250
W212 E250CDI AUTOMATIC,MERCEDES E250
W204 C220CDI WITH AT BSIV,MERCEDES C220
E 220,MERCEDES E220
E250CDI BS4,MERCEDES E250
E250CDI AVAN,MERCEDES E250
GL C200 BSVI,MERCEDES C200
B200CDI BSIV,MERCEDES B200
GLB 220D BSVI-PH2,MERCEDES OTHER
C250CDI BE,MERCEDES C250
BENZ,MERCEDES OTHER
E 250CDI,MERCEDES E250
GLA 200CDI BS IV,MERCEDES GLA200
GLE 300D 4MATIC LWB,MERCEDES GLE300
CLA 200D,MERCEDES CLA200
WV 221 S 500,MERCEDES S500
C200CGI E IV,MERCEDES C200
CKD-W-204-C-200CGI,MERCEDES OTHER
E 220D BSIV,MERCEDES E220
S 350CDI,MERCEDES S350
S 500 L BSIII,MERCEDES S500
C220D BSIV,MERCEDES C220
W204 C250CDI WITH A.T. BSIV,MERCEDES C250
C220,MERCEDES C220
W221 S350CDI L AT BS III,MERCEDES S350
GLE 350D,MERCEDES GLE350
CLA 200D,MERCEDES CLA200
MERCEDSES BENZ S350CDIL,MERCEDES S350
S350D BSVI,MERCEDES S350
BEZS C 250CDIBE,MERCEDES C250
C200K,MERCEDES C200
W204 C220CDI WITH AUTOTRA BS3,MERCEDES C220
EQB 300 4MATIC,MERCEDES OTHER
E 220CDI,MERCEDES E220
W204 C200 B E,MERCEDES C200
W204C200 KOMPR.WITH MANUAL TRA,MERCEDES C200
S 350D L,MERCEDES S350
"C220CDI B/EFFICIENCY AT,BSIV",MERCEDES C220
CLA 200CGI,MERCEDES CLA200
C-200CGI BS-IV,MERCEDES OTHER
E250CDI,MERCEDES E250
W203 C200 KOMPRESSOR,MERCEDES C200
CKD W-204 C220CDIBE,MERCEDES C220
W164 ML350CDI AT BSIV,MERCEDES ML350
BENZ,MERCEDES OTHER
W212 E250CDI WITH AT TRANBSIV,MERCEDES E250
C250CDI BE EURO IV,MERCEDES C250
C 250D,MERCEDES C250
GLE 250D,MERCEDES GLE250
W204 C 250 AT BS III,MERCEDES C250
E220D ABS BSVI,MERCEDES E220
C 200 BE AVANT,MERCEDES C200
GLE 350D 4M BSIV,MERCEDES GLE350
GLC300 BS4,MERCEDES GLC300
CLA 200CDI,MERCEDES CLA200
GL350CDI,MERCEDES GL350
C 300 CABRIOLET,MERCEDES C300
C 220 BS IV,MERCEDES C220
LIMAUSINE,MERCEDES OTHER
350,MERCEDES OTHER
W212 E250CDI CBU,MERCEDES E250
C 200CGI BS-IV,MERCEDES C200
S350D L BSIV,MERCEDES S350
SKD X-156 GLA200D,MERCEDES GLA200
B180CDI,MERCEDES B180
MARUTI WAGON R VXI BS4,MERCEDES OTHER
320CDI,MERCEDES OTHER
MERCEEDES BENZ CKD W204,MERCEDES OTHER
GL 350CDI A/T,MERCEDES GL350
GLA 200D WITH BLACK ROOF BS I,MERCEDES GLA200
S 350CDIL,MERCEDES S350
B 180CDI,MERCEDES B180
CKD W204 C220CDIBE AVANTGARDE,MERCEDES C220
GLC220D BSIV,MERCEDES GLC220
E220D,MERCEDES E220
SLK 350 RHD,MERCEDES OTHER
E450 4MATIC,MERCEDES E450
GLA200D 006561 BS4,MERCEDES GLA200
BENZ,MERCEDES OTHER
AMG GLE 43 4MATIC COUPE BSIV,MERCEDES AMG GLE43
W204 C 200  WITH AT,MERCEDES C200
C220CDI W204,MERCEDES C220
GLE250D 4MATIC,MERCEDES GLE250
GLC 300 4MATIC COUPE,MERCEDES GLC300
MERCEDES MAYBACH S 500,MERCEDES MAYBACH S500
CKD W212 E250CDI AVAN,MERCEDES E250
MERCEDESBENZ C250CDI,MERCEDES C250
C220CDI,MERCEDES C220
GL 350,MERCEDES GL350
MB E240,MERCEDES E240
C200KPETROL A/T,MERCEDES C200
W212 E 220CDI,MERCEDES E220
B 180,MERCEDES B180
W164 ML350CDI AT BSIV,MERCEDES ML350
CLA 200CDI PASS VEH M1 BS3,MERCEDES CLA200
GLA 200CDI BSIII,MERCEDES GLA200
W212 E250 CD,MERCEDES E250
C 200 K CAR EIII,MERCEDES C200
MERCEDESBENZ E250CDI,MERCEDES E250
C 200CGI,MERCEDES C200
ML250CDI,MERCEDES ML250
W204 C200CGI AT,MERCEDES C200
E 350 EIV,MERCEDES E350
C 200CGI,MERCEDES C200
E220CDI,MERCEDES E220
GLC220D 4MATIC EURO IV,MERCEDES GLC220
C220CDI,MERCEDES C220
C200 BS-IV,MERCEDES C200
GLE250D 4MATIC,MERCEDES GLE250
E 280CDI,MERCEDES E280
C 220D 7 SPEED,MERCEDES C220
C250CDIBE,MERCEDES C250
C 220CDI AT,MERCEDES C220
CLA200CDI BSIV,MERCEDES CLA200
E200 EURO 4 AT,MERCEDES E200
560 SEL,MERCEDES OTHER
GLA220D 4MATIC,MERCEDES GLA220
BENZ,MERCEDES OTHER
W212  E250CDI,MERCEDES E250
GLC300 4MATIC,MERCEDES GLC300
BUS,MERCEDES OTHER
C250CDI ELEG BS IV,MERCEDES C250
GLE300D 4MATIC LWB BSVI,MERCEDES GLE300
GLS350D 4 MATI,MERCEDES GLS350
SKDX156GLA220D4M,MERCEDES GLA220
GLS 350CDI,MERCEDES GLS350
GLC 220D 4MATIC BSIV,MERCEDES GLC220
GLC 300 4MATIC BSIV,MERCEDES GLC300
S320L,MERCEDES S320
GLC 220CDI,MERCEDES GLC220
RENAULT PULSE RXL DCI BSIV,MERCEDES OTHER
C 320CDI,MERCEDES C320
GL350CDI 4MATIC BLUE EFFICIENCY BSIV,MERCEDES GL350
G 350D,MERCEDES OTHER
W212 E250CDI WITH AUTO.TRANS.,MERCEDES E250
GL350CDI BE,MERCEDES GL350
ML 250CDI EIV,MERCEDES ML250
A180 STYLE,MERCEDES A180
GLA 200CDI BSI,MERCEDES GLA200
GLE 250 D4 MATIC,MERCEDES GLE250
SKD X-156 GLA 200D SPORTS,MERCEDES GLA200
GLS 350D 4MATIC,MERCEDES GLS350
GLS350D 4MATIC BSIV,MERCEDES GLS350
W210-E250 (AUTOMATIC)CAR,MERCEDES E250
GL350CDI,MERCEDES GL350
W204 C220CDIWITH AUTOTRANS BS3,MERCEDES C220
ML 320,MERCEDES ML320
E 280,MERCEDES E280
GLA200CDI BSIV,MERCEDES GLA200
S 400 L,MERCEDES S400
GL 350CDII,MERCEDES GL350
GLS 350 BS4,MERCEDES GLS350
ML 250CDI,MERCEDES ML250
W211-E200 KOMPRESSOR AT BSIII,MERCEDES E200
W212 E200CGI WITH A.T.,MERCEDES E200
C 220D,MERCEDES C220
GLE 300D 4MATIC LWB,MERCEDES GLE300
GLA 200CDIS,MERCEDES GLA200
MERCIDES BENZ E 200CGI,MERCEDES E200
S 350CDIL,MERCEDES S350
GL350CDI4M/WITH BLUE EFFI.BSIV,MERCEDES GL350
MERZ B180CDI,MERCEDES B180
CKD W212 E250CDI,MERCEDES E250
E 220D BS4,MERCEDES E220
GLA 350D,MERCEDES GLA350
MERCEDES-AMG A 45 S,MERCEDES AMG A45
GL 350CDI GRAND LX,MERCEDES GL350
B200CDI BS IV,MERCEDES B200
E 220CDI 019684,MERCEDES E220
GLS 350D 4MATIC,MERCEDES GLS350
,MERCEDES OTHER
C220CDI STYLE CBU,MERCEDES C220
A200-CDI SPORTS,MERCEDES A200
E220D M1 BS6,MERCEDES E220
GL 350CDI,MERCEDES GL350
S 500L,MERCEDES S500
CKD W-204 C220,MERCEDES C220
SLK 350 AT,MERCEDES OTHER
A 200CDI,MERCEDES A200
GLA 200D BS IV,MERCEDES GLA200
M CLASS,MERCEDES OTHER
C180,MERCEDES C180
GLS350D4M,MERCEDES GLS350
SL 500,MERCEDES OTHER
C 220CDI BSIV,MERCEDES C220
CLA200CDI,MERCEDES CLA200
E250CDI AVAN,MERCEDES E250
C CLASS C 200,MERCEDES C200
C 220CDI,MERCEDES C220
W164 ML350CDI AT E4,MERCEDES E4
MERCEDIES E 220CDI,MERCEDES E220
MERCEDEZS BENZ GLA 200,MERCEDES GLA200
C-220CDI,MERCEDES OTHER
CKD W212,MERCEDES OTHER
E 250CDI,MERCEDES E250
W210-E230MANUAL W/O CATA.,MERCEDES E230
MAYBACH S 500,MERCEDES MAYBACH S500
C 220D,MERCEDES C220
BENZ,MERCEDES OTHER
MERCEDES-AMG E 63 S 4MATIC+,MERCEDES AMG E63
W204 C200CGI WITH AT BS4,MERCEDES C200
B180CDI BLUE EFFI.SPORTS BSIV,MERCEDES B180
CKD X166 GL 350CDI,MERCEDES GL350
A180CDI,MERCEDES A180
MERCEDES-AMG GT 63 S 4MATIC+,MERCEDES AMG S4
CKD W116 ML250CDI,MERCEDES ML250
C220D,MERCEDES C220
NOT AVAILABLE,MERCEDES OTHER
CLA 200,MERCEDES CLA200
MERCEDESBENZ S350,MERCEDES S350
W212 E350CDI WITH A.T.,MERCEDES E350
ML 320CDI,MERCEDES ML320
C200 K,MERCEDES C200
GLA 200CDI CKD,MERCEDES GLA200
C 250,MERCEDES C250
GLE 350D 4 MATIC,MERCEDES GLE350
C 220D,MERCEDES C220
C220CDI BE,MERCEDES C220
CAR,MERCEDES OTHER
E250CDI,MERCEDES E250
MERCEDS BENZ B180,MERCEDES B180
W211-E280 WITH AUTOMATIC TRANS,MERCEDES E280
M-BENZ GLS 350D 4MATIC BSIV,MERCEDES GLS350
W204 C220CDI BE AT,MERCEDES C220
MERCEDESBENZ GLS350D,MERCEDES GLS350
C250CDI,MERCEDES C250
E350 BS-IV,MERCEDES E350
C-250 CPI,MERCEDES OTHER
S350CDIL,MERCEDES S350
ML250CDI,MERCEDES ML250
C 300D,MERCEDES C300
C 220D BSIV,MERCEDES C220
"A 180CDI RHD,BSIV",MERCEDES A180
GLA 200,MERCEDES GLA200
MAYBACH S 500,MERCEDES MAYBACH S500
A200CDI BSIV,MERCEDES A200
ML350CDI,MERCEDES ML350
220D,MERCEDES OTHER
CKD W204 C250CDI ELEGANCE,MERCEDES C250
C 220,MERCEDES C220
GLC 220D 4M SPORTS CKD,MERCEDES GLC220
E 220D BSVI,MERCEDES E220
E-250,MERCEDES OTHER
B 180 SPORTS TOURER CBU,MERCEDES B180
GLE 250D MATIC,MERCEDES GLE250
E 250CDI,MERCEDES E250
W212 E350 WITH AT BS IV,MERCEDES E350
W204 C200CGI AT BS IV,MERCEDES C200
A 200D LIMOUSINE,MERCEDES A200
GLA 200CDI SPORT,MERCEDES GLA200
C250CDI,MERCEDES C250
"ML 250CDI, BSIV",MERCEDES ML250
GL 350CDI,MERCEDES GL350
C 220D BS IV,MERCEDES C220
CKD W212 E220CDI,MERCEDES E220
SKD W166,MERCEDES OTHER
GL 350CDI AT,MERCEDES GL350
GLA 200D,MERCEDES GLA200
GLE 250D,MERCEDES GLE250
W212 E 350CDI WITH AUTOMATIC,MERCEDES E350
S400 L BSIV,MERCEDES S400
E200,MERCEDES E200
E350CDI,MERCEDES E350
MERCEDES MAYBACH S560 BSVI,MERCEDES MAYBACH S560
E-250CDI,MERCEDES OTHER
W211 E 220CDI WITH A.T.,MERCEDES E220
S 350D L BS IV,MERCEDES S350
W164ML350CDIATBS4 MUA IMPORTED,MERCEDES ML350
GL 350CDI 4MATIC BE,MERCEDES GL350
S 350CDI,MERCEDES S350
A-180,MERCEDES OTHER
ML250CDI,MERCEDES ML250
C220CDI,MERCEDES C220
GL 350CDI BE,MERCEDES GL350
S350CDI BSIV,MERCEDES S350
C 250CDI AVANTGARDE BE,MERCEDES C250
E220D,MERCEDES E220
25,MERCEDES OTHER
GLE 250D 4 MATIC BSIV,MERCEDES GLE250
M.BENZ GL-350,MERCEDES OTHER
GLE 250 D4 MATIC,MERCEDES GLE250
GL350CDI 4MATIC,MERCEDES GL350
W-210-220CDI,MERCEDES OTHER
E 200 AT,MERCEDES E200
MERCEDES-AMG A 45 S 4MATIC+,MERCEDES S4
GLE350D BS IV,MERCEDES GLE350
C 200 CKD,MERCEDES C200
ML-350CDI,MERCEDES OTHER
ML-63,MERCEDES OTHER
ML 250,MERCEDES ML250
MAYBACH S 500,MERCEDES MAYBACH S500
W210D,MERCEDES OTHER
W/V 221 S320CDIL,MERCEDES S320
GLC220D  4 MATIC,MERCEDES GLC220
C 200,MERCEDES C200
E 220CDI AVANTGARDE,MERCEDES E220
V221 S 500  BEL WITH AT,MERCEDES S500
S 350D BS VI,MERCEDES S350
W204 C250CDI BE WITH A/T,MERCEDES C250
GLE 350D 4MATIC BS IV,MERCEDES GLE350
GLC300 4MATIC E4,MERCEDES E4
GLS 63 4MATIC COUPE,MERCEDES GLS63
S 350,MERCEDES S350
S 350CDIL EIV,MERCEDES S350
S500BEL,MERCEDES S500
ML250,MERCEDES ML250
GLS 350D 4 MATIC,MERCEDES GLS350
C 300 CABRIOLET,MERCEDES C300
MERCEDESBENZ R350 IMPORTED BIV,MERCEDES OTHER
MERCEDESBENZA180,MERCEDES A180
CLA 200CDI CKD,MERCEDES CLA200
E 220CDI,MERCEDES E220
GLA 200 SPORTS,MERCEDES GLA200
GL 350CDI,MERCEDES GL350
S350D BSVI,MERCEDES S350
AAON0160-000,MERCEDES OTHER
MEREEDES BENZ,MERCEDES OTHER
GLA200CDI SPORT UTILITY VEHICLE RHD BSIV,MERCEDES GLA200
S-350,MERCEDES OTHER
A180 BLUE EFFICIENCY RHD AT BS,MERCEDES A180
E 200CGI BS-IV,MERCEDES E200
GLS 350D BSIV,MERCEDES GLS350
W212 E350CDI WITH AUTO TRANS,MERCEDES E350
C250CDI 4,MERCEDES C250
E 200 BS-IV,MERCEDES E200
C250D  M1 BS4,MERCEDES C250
BHARATHBENZ 3723R 10X4 BSIII,MERCEDES OTHER
W212 E250CDI AUTOMATIC TRANSMISSION  BSIV,MERCEDES E250
E 220D BS IV,MERCEDES E220
CLA200,MERCEDES CLA200
MERCEDEZS BENZ C 250CDI BS-IV,MERCEDES C250
C63AMG,MERCEDES AMG C63
C 200 BE,MERCEDES C200
C220D,MERCEDES C220
C 200CDI BS-IV,MERCEDES C200
S 350D,MERCEDES S350
CLA200CDI SPORTZ,MERCEDES CLA200
CLA 200CDI,MERCEDES CLA200
ML 350,MERCEDES ML350
C220CDI BSIV,MERCEDES C220
B 180CDI,MERCEDES B180
A 180 BLUE EFFICI WITH AUTO,MERCEDES A180
B 180CDI CBU,MERCEDES B180
C220D,MERCEDES C220
W212 E220CDI AT BSIV,MERCEDES E220
ML 350CDI AUTOM,MERCEDES ML350
GL 350CDI,MERCEDES GL350
M-BENZ-GLC-220-D,MERCEDES OTHER
C250CDI,MERCEDES C250
CLS 350,MERCEDES CLS350
S350,MERCEDES S350
W212 E200CGI WITH A.T,MERCEDES E200
S 500,MERCEDES S500
E220,MERCEDES E220
GL350CDIBE,MERCEDES GL350
S 350D L,MERCEDES S350
C200 BSIV,MERCEDES C200
CKD W-212 E250CDI AVAN,MERCEDES E250
E-220,MERCEDES OTHER
W203-C200CDI,MERCEDES C200
E-280,MERCEDES OTHER
ML 250CDI,MERCEDES ML250
E 350CDI AVANTGARDE,MERCEDES E350
S 500 L,MERCEDES S500
GLA 200D BS4,MERCEDES GLA200
W212  E200CGI WITH AT,MERCEDES E200
BENZS350,MERCEDES S350
E200,MERCEDES E200
S 400 L EURO IV,MERCEDES S400
MARCEDES BENZ S 320CDI,MERCEDES S320
GL350CDI WITH AUTO.TRANS.,MERCEDES GL350
CLA 200CDI,MERCEDES CLA200
GLS350D 4MATIC BSIV,MERCEDES GLS350
GLB 200,MERCEDES OTHER
C 200BE BSIV,MERCEDES C200
ML250CDI EURO IV,MERCEDES ML250
ML250CDI 4MATIC BLUE EFFICIENCY AT BSIV,MERCEDES ML250
E350CDI,MERCEDES E350
GLE 250D 4MATIC,MERCEDES GLE250
"E 220CDI BLUE EFFICENCY,BSIV",MERCEDES E220
C200K,MERCEDES C200
W212 E250CDI,MERCEDES E250
GLE 250D CKD,MERCEDES GLE250
E250CDI,MERCEDES E250
GLA200CDI,MERCEDES GLA200
C 200,MERCEDES C200
E 200 BSIV,MERCEDES E200
C 200 BS IV,MERCEDES C200
C 220D BS6,MERCEDES C220
MERCDES BENZ E 280,MERCEDES E280
GLA200D,MERCEDES GLA200
GL 350CDI CKD,MERCEDES GL350
MERCEDES AMG GLC43 4MATIC COUP,MERCEDES AMG GLC43
GLE 250D 4MATIC,MERCEDES GLE250
C 200,MERCEDES C200
W204 C250CDI WITH AT BSIV,MERCEDES C250
CKD W212 E250CDI,MERCEDES E250
S350CDI,MERCEDES S350
E250CDI,MERCEDES E250
GLC 220D 4MATIC BSIV,MERCEDES GLC220
B180CDI BE,MERCEDES B180
GLC 220D 4MATIC,MERCEDES GLC220
MERCEDES-AMG E 53 4MATIC,MERCEDES AMG E53
C 63 AMG,MERCEDES AMG C63
EQB 350 4MATIC,MERCEDES OTHER
GLE250D 4MATIC,MERCEDES GLE250
E 350,MERCEDES E350
GLA 200D,MERCEDES GLA200
W164 ML 350 AT,MERCEDES ML350
E 220D,MERCEDES E220
B 200CDI BSIV,MERCEDES B200
GLA 200D,MERCEDES GLA200
C-220D BSIV,MERCEDES OTHER
GLA220D 4MATIC BSIV,MERCEDES GLA220
C200 BLUEFFICIENCY,MERCEDES C200
GLA 200CDI,MERCEDES GLA200
E220D BSIV,MERCEDES E220
CLA200 BSIV,MERCEDES CLA200
V221 S350L,MERCEDES S350
B180,MERCEDES B180
GL350CD14M/WITH BLUE EFFI,MERCEDES GL350
350CDI,MERCEDES OTHER
S 400D 4MATIC,MERCEDES S400
S 450,MERCEDES S450
MERCEDESBENZ-V221-S320CDI L (W,MERCEDES S320
C250CDI AT,MERCEDES C250
A180,MERCEDES A180
E350CDI,MERCEDES E350
MERCEDES-AMG G 63,MERCEDES AMG OTHER
C 200 BSIV,MERCEDES C200
GLA 200,MERCEDES GLA200
R 500 L RHD,MERCEDES OTHER
A 200CDI BS IV,MERCEDES A200
GL350CDI 4MATIC,MERCEDES GL350
E 200,MERCEDES E200
C220CDI,MERCEDES C220
E 350CGI,MERCEDES E350
C-220CDI,MERCEDES OTHER
E350D BSIV,MERCEDES E350
ML250CDI 4MATIC,MERCEDES ML250
C 200K  BS-III,MERCEDES C200
GLE 250 D4MATIC,MERCEDES GLE250
S500,MERCEDES S500
E350,MERCEDES E350
SLK 350,MERCEDES OTHER
33,MERCEDES OTHER
CAR ML350CDI,MERCEDES ML350
ML350CDI 4MATIC WITH BLUE EFF,MERCEDES ML350
GLS350D 4MATIC PASSNGCAR M1BS4,MERCEDES GLS350
S350D L EURO IV,MERCEDES S350
E 250CDI EIV,MERCEDES E250
GLE 250 D4 MATIC,MERCEDES GLE250
C220D BSIV,MERCEDES C220
W212 E250CDI EIV,MERCEDES E250
E200CGI AT,MERCEDES E200
GLS 350D,MERCEDES GLS350
E270CDI,MERCEDES E270
CKD W-212 E 250CDI AVAN,MERCEDES E250
W204 C220CDI BLUE EFFIC A/T,MERCEDES C220
C 200CGI BS IV,MERCEDES C200
MERCEDES MAYBACH S,MERCEDES MAYBACH OTHER
W204 C200 BLUE EFFICIENCY AT,MERCEDES C200
GLA 220D BSVI,MERCEDES GLA220
W204 C250CDI BLUE EFFI.A T,MERCEDES C250
W204 C 220CDI BE AT,MERCEDES C220
C200 B. E.,MERCEDES C200
GLA  200CDI,MERCEDES GLA200
GLA,MERCEDES OTHER
GLE 350D 4MATIC,MERCEDES GLE350
CKD W212 E220CDI,MERCEDES E220
E200CGI WITH AUTOMATIC TRANSM,MERCEDES E200
ML250CDI,MERCEDES ML250
C 220CDI,MERCEDES C220
GLC 220D 4 MATIC,MERCEDES GLC220
GL420CDI,MERCEDES GL420
ML 250CDI 4MATIC,MERCEDES ML250
CKD W-204 C200BE AVANT,MERCEDES C200
BENZ,MERCEDES OTHER
CKD W204 C 200CGI,MERCEDES C200
GLC 220D BSIV,MERCEDES GLC220
GLE450 AMG COUPE,MERCEDES AMG GLE450
S 350D,MERCEDES S350
C 200,MERCEDES C200
AMG G63 EURO IV,MERCEDES AMG OTHER
ML350CDI,MERCEDES ML350
ML250CDI,MERCEDES ML250
C 200CGI,MERCEDES C200
W212 E350 WITH AT,MERCEDES E350
C 250CDI BE,MERCEDES C250
C250D BSIV,MERCEDES C250
ATEGO 818 L 4X2 MERCEDES BENZ,MERCEDES OTHER
C 300D BSVI,MERCEDES C300
V 220D E C E CAR,MERCEDES OTHER
GLA 200CDI BS4,MERCEDES GLA200
MERCEDES-MAYBACH GLS600 4MATIC,MERCEDES GLS600
CLA 200CDI,MERCEDES CLA200
CKD W212 E350,MERCEDES E350
GLA  200CDI,MERCEDES GLA200
S 500 L WITH A.T.,MERCEDES S500
GLC220 D4 MATIC,MERCEDES GLC220
CLA200CDI BSIV,MERCEDES CLA200
B180,MERCEDES B180
GLA 200D WITH BLACK ROOF BS IV,MERCEDES GLA200
W212 E250CDI WITH AT,MERCEDES E250
S 400D 4 MATIC BSVI,MERCEDES S400
C230,MERCEDES C230
GLE 250D 4MATIC,MERCEDES GLE250
GL350CDI,MERCEDES GL350
E280,MERCEDES E280
E 250CDI AVANTGARDE,MERCEDES E250
200,MERCEDES OTHER
W212 E250CDI AT,MERCEDES E250
GLA 200 BSVI,MERCEDES GLA200
E 250CDI,MERCEDES E250
E 350CDI,MERCEDES E350
GL350CDI BE,MERCEDES GL350
C 250CDI,MERCEDES C250
G63 AMG,MERCEDES AMG OTHER
E 200 BE WITH 7 SPEED AT,MERCEDES E200
MERCDES BENZ C200CGI,MERCEDES C200
E1 2001/116 0431 555 000,MERCEDES E1
CLA 200D EURO IV,MERCEDES CLA200
BENZW212/E200,MERCEDES E200
W211 E200 KOMPRESSOR,MERCEDES E200
S350CDIL FL,MERCEDES S350
E 200 BE,MERCEDES E200
S350CDIL,MERCEDES S350
C220D,MERCEDES C220
MERCEDES,MERCEDES OTHER
W212 E250CDI AT,MERCEDES E250
GLA200CDI BS,MERCEDES GLA200
B 180CDI,MERCEDES B180
W210-E230 (AUTOMATIC)CAR,MERCEDES E230
ML350CDI,MERCEDES ML350
GLA200CDI,MERCEDES GLA200
GLE 350D,MERCEDES GLE350
A 200CDI,MERCEDES A200
GLS 400D 4MATIC,MERCEDES GLS400
ML-350CDI,MERCEDES OTHER
MER BENZ GLC 2200,MERCEDES GLC2200
CLA200D CKD,MERCEDES CLA200
GLC 200,MERCEDES GLC200
S350CDI,MERCEDES S350
C220,MERCEDES C220
GL350CDI,MERCEDES GL350
A-180CDI,MERCEDES OTHER
CKD W-204 C220CDIBE CLASSIC,MERCEDES C220
GL350CDI,MERCEDES GL350
CKD W212 E 250CDI,MERCEDES E250
,MERCEDES OTHER
MERCEDS BENZ B180,MERCEDES B180
C 200 BE,MERCEDES C200
GLS 400D 4 MATIC BSVI-PH2,MERCEDES GLS400
MERCEDESBENZ C250CDI BSIV AT,MERCEDES C250
W212 E250CDI WITH AUTO TRANS,MERCEDES E250
S 500L,MERCEDES S500
CAR,MERCEDES OTHER
W204 C220CDI BE AT BSIV,MERCEDES C220
