clean_model,extracted_model
HECTOR DIESEL 2.0 MANUAL SMART,MG HECTOR DIESEL SMART
ZS EV (A) EXCLUSIVE,MG ZS EV EXCLUSIVE
GLOSTER DIESEL 4X4 6 SEAT SAVVY,MG GLOSTER 4X4 6 SEATER
GLOSTER 4X2 7S SAVVY,MG GLOSTER 4X2 7 SEATER
HECTOR+ DSL 2.0MT SHARP BS6,MG HECTOR DIESEL SHARP
HECTOR PLUS 7SEAT DIESEL SUPERBS6,MG HECTOR PLUS 7 SEATER
GLOSTER DIESEL 4X4 7 SEAT SAVVY,MG GLOSTER 4X4 7 SEATER
HECTOR SAVVYPRO AUTOMATIC,MG HECTOR SAVVY
ASTOR VTI-TECH AUTOMATIC SAVVY,MG ASTOR AUTOMATIC SAVVY
HECTOR PLUS 7 SEAT DIESEL SMARTBS6,MG HECTOR PLUS 7 SEATER
HECTOR SMART PRO DSL MANUAL,MG HECTOR DIESEL SMART
HECTOR DSL 2.0MT SMART BS6,MG HECTOR DIESEL SMART
HECTOR DIESEL 2.0MT SHARP,MG HECTOR DIESEL SHARP
HECTOR SHARP PRO AUTOMATIC,MG HECTOR SHARP
HECTOR DIESEL 2.0MT SHARP,MG HECTOR DIESEL SHARP
ZS EV EXCLUSIVE BOV,MG ZS EV EXCLUSIVE
ZS EV EXECUTIVE,MG ZS EV EXECUTIVE
HECTOR  DIESEL 2.0 MANUAL SHARP BS,MG HECTOR DIESEL SHARP
ASTOR VTI-TECH AUTOMATIC SMART,MG ASTOR AUTOMATIC SMART
HECTOR SHARPPRO 1626GCA -P,MG HECTOR SHARP
HECTOR PR 1.5MT HYBRID SHARP,MG HECTOR HYBRID
ASTOR VTI-TECH AUTOMATIC SAVVY BS,MG ASTOR AUTOMATIC SAVVY
ASTOR VTI-TECH AUTOMATIC SAVVYRED,MG ASTOR AUTOMATIC SAVVY
HECTOR PLUS 6 SEATER DIESEL2.0,MG HECTOR PLUS 6 SEATER
ASTOR VTI-TECH MANUAL SHARP,MG ASTOR MANUAL SHARP
HECTOR  GASOLINE 1.5 TCIC MANUAL H,MG HECTOR PETROL MANUAL
ASTOR VTI-TECH MANUAL SHARP,MG ASTOR MANUAL SHARP
WINDSOR EV ESSENCE,MG WINDSOR EV ESSENCE
HECTOR PETROL 1.5 AUTOMATIC SHARP,MG HECTOR PETROL AUTOMATIC SHARP
ASTOR 220TURBO 6AT SAVVY R,MG ASTOR
HECTOR DIESEL 2.0 MANUAL SMART BSIV,MG HECTOR DIESEL SMART
HECTOR PLUS DIESEL 7SEAT SUPER,MG HECTOR PLUS 7 SEATER
HECTOR PLUS 6STR GSO1.5TCIC DC,MG HECTOR PLUS 6 SEATER
GLOSTER 4X4 6S SAVVY,MG GLOSTER 4X4 6 SEATER
HECTOR PLUS 6 SEATER DIESEL2.0 MANUAL SHARP-,MG HECTOR PLUS 6 SEATER
GLOSTER DI 2.0TWIN TURBO4X4 7S,MG GLOSTER 4X4 7 SEATER
HECTOR PLUS 6STR GSO1.5TCIC MANUAL,MG HECTOR PLUS 6 SEATER
ASTOR VTITECH MANUAL SHARP BS6,MG ASTOR
HECTOR PETROL 1.5 AUTOMATIC SHARP,MG HECTOR PETROL AUTOMATIC SHARP
HECTOR PETROL 1.5 MANUAL STYLE,MG HECTOR PETROL MANUAL
ASTOR BLACK STORM MANUAL,MG ASTOR
HECTOR PLUS 6STR GASOLINE 1.5TCIC CVTSHARP,MG HECTOR PLUS 6 SEATER
ASTOR VTI-TECH AUTOMATIC SMART,MG ASTOR AUTOMATIC SMART
COMET EV EXCLUSIVE FC,MG OTHER
HECTOR PLUS DIESEL 6SEAT SMART,MG HECTOR PLUS 6 SEATER
HECTOR PLUS 6 SHARP PRO DSL MANUAL,MG HECTOR PLUS
ASTOR VTI-TECH AUTOMATIC SAVVYRED,MG ASTOR AUTOMATIC SAVVY
ZS EV EXCLUSIVE BOV,MG ZS EV EXCLUSIVE
GLOSTER DSL2.0T4X2 AT SMARTBS6,MG GLOSTER 4X2
HECTOR+ 7S DSL2.0MT SELECT BS6,MG HECTOR
ZS EV EXCLUSIVE,MG ZS EV EXCLUSIVE
HECTOR SHARP PRO AUTOMATIC,MG HECTOR SHARP
ASTOR VTI-TECH MANUAL STYLE EX,MG ASTOR MANUAL
ASTOR VTI-TECH AUTOMATIC SUPER,MG ASTOR AUTOMATIC
HECTOR PETROL 1.5 AUTOMATIC SHARP,MG HECTOR PETROL AUTOMATIC SHARP
ASTOR VTI-TECH AUTOMATIC SHARP,MG ASTOR AUTOMATIC
HECTOR PLUS DIESEL 7SEAT SELECT,MG HECTOR PLUS 7 SEATER
ASTOR VTITECH MANUAL SUPER BS6,MG ASTOR
GLOSTER 4X4 6S SAVVY,MG GLOSTER 4X4 6 SEATER
HECTOR PLUS6 SAVVYPRO AUTOMATIC,MG HECTOR PLUS
HECTOR+ 7S DSL2.0MT STYLE BS6,MG HECTOR
HECTOR PLUS 6SEAT HYBRID SHARP,MG HECTOR PLUS 6 SEATER
HECTOR+ GSLN1.5TCICDCTSHARPBS6,MG HECTOR PETROL
GLOSTER DIESEL 4X2 7 SEAT SUPER,MG GLOSTER 4X2 7 SEATER
HECTOR  PLUS6 STR DIESEL 2.0 MANUAL SHARP,MG HECTOR
HECTOR PETROL AUTOMATIC SHINE,MG HECTOR PETROL AUTOMATIC
HECTOR BLACKSTORM AUTOMATIC,MG HECTOR
HECTOR PLUS PETROL 1.5MT STYLE,MG HECTOR PLUS
GLOSTER DIESEL 4X4 6 SEAT SHARP,MG GLOSTER 4X4 6 SEATER
ZS EV EXCITE,MG ZS EV
ASTOR VTI-TECH MANUAL SMART,MG ASTOR MANUAL
ASTOR 220TURBO 6AT SHARP,MG ASTOR
2128GFJ,MG OTHER
GLOSTER DIESEL 4X2 6 SEAT SMART,MG GLOSTER 4X2
ZS EV EXCLUSIVE 2016 EAF BOV,MG ZS EV EXCLUSIVE
HECTOR DIESEL 2.0 MANUAL SHARP BSI,MG HECTOR DIESEL SHARP
COMET EV PLAY,MG OTHER
HECTOR SHARP PRO MANUAL,MG HECTOR SHARP
WINDSOR EV ESSENCE,MG WINDSOR EV ESSENCE
ZS EV EXCLUSIVE PLUS IVORY,MG ZS EV EXCLUSIVE
HECTOR AUTOMATIC SHARP DT,MG HECTOR SHARP
HECTOR DIESEL 2.0 MANUAL SHARP,MG HECTOR DIESEL SHARP
ASTOR VTITECH MANUAL STLE BS6,MG ASTOR
HECTOR  PLUS 7 STR DIESEL 2.0 MANUAL SELECT,MG HECTOR
HECTOR DIESEL 2.0 MANUAL SUPER BSIV,MG HECTOR DIESEL
HECTOR PLUS7 SHARPPRO DSL 6MT,MG HECTOR PLUS
HECTOR PLUS6 SHARP PRO EX MANUAL,MG HECTOR PLUS
GLOSTER DIESEL 4X4 7 SEAT SAVVY,MG GLOSTER 4X4 7 SEATER
HECTOR PLUS6 SHARPPRO AUTOMATIC,MG HECTOR PLUS
HECTOR DIESEL 2.0 MANUAL SHARP,MG HECTOR DIESEL SHARP
HECTOR PETROL 1.5DCT SHARP,MG HECTOR PETROL
HECTOR PLUS7 SHARPPRO AUTOMATIC,MG HECTOR PLUS
HECTOR PLUS 1.5 AUTOMATIC SHARP,MG HECTOR PLUS
HECTOR  GASOLINE 1.5 TCIC AUTOMATIC SHARP,MG HECTOR PETROL AUTOMATIC SHARP
HECTOR  GASOLINE 1.5 TCIC AUTOMATIC-,MG HECTOR PETROL AUTOMATIC
HECTOR+ 7S DSL2.0MT SELECT BS6,MG HECTOR
HECTOR AUTOMATIC SHARP DT,MG HECTOR SHARP
GLOSTER 4X2 7S BLACK STORM,MG GLOSTER 4X2 7 SEATER
HECTOR PLUS DE2.0MT SHARP,MG HECTOR PLUS
HECTOR PLUS 6SEAT DIESEL SHARPBS6,MG HECTOR PLUS 6 SEATER
HECTOR PLUS6 SHARPPRO 1623GEH B,MG HECTOR PLUS
HECTOR DSL2.0MT SHARPCCM1BS4,MG HECTOR SHARP
HECTOR GASOLINE 1.5 TCIC MANUAL SH,MG HECTOR PETROL MANUAL
HECTOR PLUS 7 SHARP PRO AUTOMATIC,MG HECTOR PLUS
ASTOR VTITECH AUTOMATIC SUPER BS6,MG ASTOR
HECTOR GASOLINE1.5TCICMTHSHBS4,MG HECTOR PETROL
HECTOR DIESEL 2.0 SHINE,MG HECTOR DIESEL
GLOSTER 4X4 6S SAVVY 1404DDG B,MG GLOSTER 4X4 6 SEATER
HECTOR PLUS 6SEATSHARP AUTOMATIC,MG HECTOR PLUS 6 SEATER
HECTOR GESOLINE 1.5 TCIC AUTOMATIC SHARP BSIV,MG HECTOR PETROL AUTOMATIC SHARP
HECTOR PR 1.5MT HYBRID SHARP,MG HECTOR HYBRID
HECTOR DIESEL 2.0 MANUAL SHARP,MG HECTOR DIESEL SHARP
HECTOR SMART PRO MANUAL,MG HECTOR SMART
HECTOR PR 1.5MT HYBRID SHARP,MG HECTOR HYBRID
HECTOR DIESEL MANUAL SHARP,MG HECTOR DIESEL SHARP
HECTOR PLUS7 SHARP PRO MANUAL,MG HECTOR PLUS
HECTOR SHAPRPRO DSL 6MT,MG HECTOR DIESEL
ASTOR VTI-TECH MANUAL SUPER,MG ASTOR MANUAL
HECTOR DIESEL2.0MT STYLE BS4,MG HECTOR DIESEL
HECTOR PLUS6 SHARPPRO 6MT,MG HECTOR PLUS
CHEVROLET SAIL UVA/AC,MG OTHER
HECTOR PETROL 1.5 AUTOMATIC SMART,MG HECTOR PETROL AUTOMATIC
HECTOR PLUS 7 SHARP PRO AUTOMATIC,MG HECTOR PLUS
HECTOR PLUS 7SEAT HYBRID SUPER,MG HECTOR PLUS 7 SEATER
ZS EV EXCLUSIVE PRO IVORY,MG ZS EV EXCLUSIVE
HECTOR PLUS 6STR GASOLINE 1.5T,MG HECTOR PLUS 6 SEATER
HECTOR PLUS 6STR GASO1.5TCICMTHYBRID SHARP,MG HECTOR PLUS 6 SEATER
HECTOR PETROL AUTOMATIC SHINE,MG HECTOR PETROL AUTOMATIC
COMET EV PLAY 3002EBR BOV,MG OTHER
ZS EV EXCLUSIVE 2017EAF BOV,MG ZS EV EXCLUSIVE
HECTOR PETROL 1.5 MANUAL SUPER,MG HECTOR PETROL MANUAL
HECTOR DIESEL 2.0 MANUAL SMART,MG HECTOR DIESEL SMART
HECTOR GASOLINE1.5TCICMTHYSBS4,MG HECTOR PETROL
ASTOR VTI-TECH AUTOMATIC SAVVY,MG ASTOR AUTOMATIC SAVVY
HECTOR  SHARP DT 1537GEH,MG HECTOR SHARP
HECTOR  GASOLINE 1.5 TCIC MANUAL S,MG HECTOR PETROL MANUAL
HECTOR  DIESEL 2.0 MANUAL SHARP,MG HECTOR DIESEL SHARP
ZS EV EXCITE PRO,MG ZS EV
HECTOR PETROL 1.5 MANUAL SUPER,MG HECTOR PETROL MANUAL
HECTOR PETROL 1.5MT SUPER,MG HECTOR PETROL
ASTOR VTI-TECH MANUAL SHARP EX,MG ASTOR MANUAL SHARP
HECTOR PLUS DIESEL 7SEAT STYLE,MG HECTOR PLUS 7 SEATER
HECTOR DIESEL 2.0 MANUAL SUPER,MG HECTOR DIESEL
HECTOR GSOLN1.5TCICMTHYSHRPBS6,MG HECTOR PETROL
ASTOR VTI TECH AUTOMATIC SELECT,MG ASTOR
HECTOR PLUS DIESEL 6SEAT SHARP,MG HECTOR PLUS 6 SEATER
ASTOR 220TURBO 6AT SHARP,MG ASTOR
HECTOR SHARP PRO DSL MANUAL,MG HECTOR DIESEL SHARP
ASTOR BLACK STORM AUTOMATIC,MG ASTOR
HECTOR DSL 2.0MT SHARP BS6,MG HECTOR DIESEL SHARP
GLOSTER 4X4 6S BLACK STORM,MG GLOSTER 4X4 6 SEATER
COMET EV EXCLUSIVE,MG OTHER
HECTOR DIESEL 2.0 MANUAL SHARP,MG HECTOR DIESEL SHARP
HECTOR PLUS6 SHARPPRO DSL 6MT,MG HECTOR PLUS
HECTOR PLUS 6 SEATSHARP AUTOMATIC BS6,MG HECTOR PLUS 6 SEATER
GLOSTER 4X2 7S SAVVY,MG GLOSTER 4X2 7 SEATER
HECTOR PLUS 1.5 AUTOMATIC SMART,MG HECTOR PLUS
ASTOR VTI-TECH MANUAL SUPER EX,MG ASTOR MANUAL
HECTOR GSOLN1.5TCICCVTSHARPBS6,MG HECTOR PETROL
HECTOR GASOLINE 1.5 TCIC  AUTOMATIC SHINE-,MG HECTOR PETROL AUTOMATIC
HECTOR SHARPPRO DSL 6MT,MG HECTOR DIESEL SHARP
HECTOR PLUS 6SEATSHARP AUTOMATIC,MG HECTOR PLUS 6 SEATER
HECTOR DLS 2.0MT SUPER BS6,MG HECTOR
HECTOR PLUS 6STR GASO1.5TCICMT,MG HECTOR PLUS 6 SEATER
ASTOR VTITECH AUTOMATIC SHARP BS6,MG ASTOR
HECTOR GASLNE1.5TCICDCTSHM1BS4,MG HECTOR PETROL
ASTOR VTI-TECH MANUAL SHARP R,MG ASTOR MANUAL SHARP
HECTOR PETROL 1.5MT HYBRID SHARP,MG HECTOR HYBRID
ASTOR VTI-TECH AUTOMATIC SHARP,MG ASTOR AUTOMATIC
GLOSTER 4X2 6S BLACK STROM,MG GLOSTER 4X2
HECTOR PLUS DE2.0MT SMART,MG HECTOR PLUS
ZS EV EXCITE PRO BOV,MG ZS EV
HECTOR  DIESEL 2.0 MANUAL SHINE- B,MG HECTOR DIESEL
HECTOR SHINEPRO AUTOMATIC,MG HECTOR
HECTOR  PLUS 7 STR DIESEL 2.0,MG HECTOR
HECTOR SELECTPRO DSL 6MT,MG HECTOR DIESEL
HECTOR PETROL 1.5 AUTOMATIC SMART,MG HECTOR PETROL AUTOMATIC
HECTOR GASLN1.5TCICDCTSHARPBS6,MG HECTOR PETROL
ASTOR VTI-TECH MANUAL STYLE,MG ASTOR MANUAL
ASTOR VTI-TECH AUTOMATIC SAVVY R,MG ASTOR AUTOMATIC SAVVY
HECTOR PETROL 1.5DCT SMART,MG HECTOR PETROL
HECTOR GSOLN1.5TCIC MTSHINEBS6,MG HECTOR PETROL
WINDSOR EV EXCLUSIVE,MG WINDSOR EV
GLOSTER DIESEL 4X4 7 SEAT SHARP,MG GLOSTER 4X4 7 SEATER
HECTOR GASOLINE 1.5 TCIC AUTOMATIC S,MG HECTOR PETROL AUTOMATIC
COMET EV PACE,MG OTHER
HECTOR PLUS 6 SEATSMART AUTOMATIC BS6,MG HECTOR PLUS 6 SEATER
GLOSTER 4X2 6S SAVVY,MG GLOSTER 4X2
ZS EV EXCLUSIVE IVORY,MG ZS EV EXCLUSIVE
HECTOR  PLUS6 STR DIESEL 2.0 M,MG HECTOR
ZS EV EXCLUSIVE BOV,MG ZS EV EXCLUSIVE
HECTOR PLUS7 SAVVYPR0 1639GEH B,MG HECTOR PLUS
HECTOR PLUS 7 SAVVY PRO AUTOMATIC,MG HECTOR PLUS
HECTOR+ GSOLNE1.5TCICMTHSPRBS6,MG HECTOR PETROL
HECTOR PLUS 1.5 AUTOMATIC SHARP,MG HECTOR PLUS
HECTOR GASOLINE 1.5 TCIC  AUTOMATIC SHARP,MG HECTOR PETROL AUTOMATIC SHARP
ASTOR VTI-TECH MANUAL SHARP,MG ASTOR MANUAL SHARP
HECTOR PLUS7 SHARP PRO EX MANUAL,MG HECTOR PLUS
HECTOR PLUS 6SEATSMART AUTOMATIC,MG HECTOR PLUS 6 SEATER
GLOSTER 4X4 7S SAVVY,MG GLOSTER 4X4 7 SEATER
ZS EV EXCITE,MG ZS EV
COMET EV EXCITE FC,MG OTHER
GLOSTER DI 2.0TWIN TURBO4X4 7STR 8AT SHARP,MG GLOSTER 4X4 7 SEATER
HECTOR  GASOLINE 1.5 TCIC AUTOMATIC,MG HECTOR PETROL AUTOMATIC
HECTOR PETROL 1.5 AUTOMATIC SMART,MG HECTOR PETROL AUTOMATIC
HECTOR DIESEL 2.0 MANUAL STYLE BSI,MG HECTOR DIESEL
HECTOR PLUS 6SEAT DIESEL SHARPBS6,MG HECTOR PLUS 6 SEATER
HECTOR SAVVYPRO 1328GEH,MG HECTOR SAVVY
HECTOR SHARPPRO 6MT,MG HECTOR SHARP
ZS EV EXCLUSIVE PLUS,MG ZS EV EXCLUSIVE
ASTOR VTI TECH MANUAL SELECT,MG ASTOR
ASTOR MANUAL  MANUAL SMART EX 2127GFJ,MG ASTOR
HECTOR GASOLINE1.5TCICDCTSMBS4,MG HECTOR PETROL
COMET EV EXECUTIVE,MG OTHER
ZS EV EXCLUSIVE PRO,MG ZS EV EXCLUSIVE
HECTOR PLUS6 AUTOMATIC SHARP,MG HECTOR PLUS
HECTOR PLUS 7SEATDIESEL SELECTBS6,MG HECTOR PLUS 7 SEATER
HECTOR PLUS 6 SHARP PRO AUTOMATIC,MG HECTOR PLUS
HECTOR DIESEL MANUAL SUPER,MG HECTOR DIESEL
HECTOR GASOLINE 1.5 TCIC  AUTOMATIC,MG HECTOR PETROL AUTOMATIC
HECTOR GASLN1.5TCICMTSUPERBS6,MG HECTOR PETROL
HECTOR SHARP PRO AUTOMATIC,MG HECTOR SHARP
ASTOR 220TURBO 6AT SAVVY RE,MG ASTOR
HECTOR PETROL 1.5 AUTOMATIC SHARP,MG HECTOR PETROL AUTOMATIC SHARP
ZS EV 100 YR EDITION,MG ZS EV
HECTOR SHARP EX DT AUTOMATIC,MG HECTOR SHARP
ASTOR VTI TECH AUTOMATIC SHARPPRO,MG ASTOR
ASTOR VTI-TECH AUTOMATIC SAVVY RE,MG ASTOR AUTOMATIC SAVVY
ZS EV EXCLUSIVE IVORY 2015 EAF,MG ZS EV EXCLUSIVE
HECTOR PLUS 7 SHARP PRO DSL MANUAL,MG HECTOR PLUS
ASTOR VTI TECH AUTOMATIC SAVVYPRO R,MG ASTOR
GLOSTER 2.0TT 7S8ATSAV 4X4 BS6,MG GLOSTER 4X4 7 SEATER
HECTOR+ GSLN1.5TCICMTHYSHRPBS6,MG HECTOR PETROL
HECTOR DIESEL 2.0 MANUAL SMART,MG HECTOR DIESEL SMART
ASTOR VTI TECH MANUAL SPRINT,MG ASTOR
COMET EV PACE 3001EBR BOV,MG OTHER
HECTOR PLUS 6 SAVVY PRO AUTOMATIC,MG HECTOR PLUS
HECTOR GASOLINE 1.5 TCIC MANUAL HYBRID SHARP,MG HECTOR HYBRID
ASTOR MANUAL  MANUAL SHARP EX 2128GFJ,MG ASTOR
ASTOR VTI-TECH MANUAL SMART EX,MG ASTOR MANUAL
HECTOR PLUS7 SHARPPRO 1637GEH -PH2,MG HECTOR PLUS
ZS EV EXCLUSIVE IVORY 2015 EAF BOV,MG ZS EV EXCLUSIVE
ASTOR VTI-TECH MANUAL STYLE,MG ASTOR MANUAL
HECTOR SMARTPRO 6MT,MG HECTOR SMART
ASTOR VTI-TECH MANUAL SHARP,MG ASTOR MANUAL SHARP
HECTOR DIESEL 2.0 MANUAL STYLE,MG HECTOR DIESEL
HECTOR PLUS 7STR GSO1.5TCIC MTHYBRID SUPER,MG HECTOR PLUS 7 SEATER
HECTOR DSL2.0MT SMARTHYCCM1BS4,MG HECTOR SMART
GLOSTER DI 2.0TWIN TURBO4X4 6STR 8AT SAVVY,MG GLOSTER 4X4 6 SEATER
HECTOR PETROL 1.5 AUTOMATIC SHARP,MG HECTOR PETROL AUTOMATIC SHARP
HECTOR PLUS7 SHARPPRO 6MT,MG HECTOR PLUS
GLOSTER 4X4 7S BLACK STORM,MG GLOSTER 4X4 7 SEATER
ASTOR VTI-TECH MANUAL SMART,MG ASTOR MANUAL
HECTOR DIESEL 2.0 MANUAL SHARP BSIV,MG HECTOR DIESEL SHARP
HECTOR DIESEL MANUAL SMART,MG HECTOR DIESEL SMART
HECTOR SAVVY PRO AUTOMATIC,MG HECTOR SAVVY
HECTOR PLUS 7SEATDIESEL SELECTBS6,MG HECTOR PLUS 7 SEATER
HECTOR PETROL 1.5 AUTOMATIC SMART,MG HECTOR PETROL AUTOMATIC
HECTOR  GASOLINE 1.5 TCIC MANUAL HYBRID SHARP BSIV,MG HECTOR HYBRID
HECTOR PLUS 6SEAT HYBRID SHARP,MG HECTOR PLUS 6 SEATER
HECTOR GASOLINE 1.5 TCIC MANUAL HY,MG HECTOR PETROL MANUAL
HECTOR PLUS7 BLACKTORM AUTOMATIC,MG HECTOR PLUS
HECTOR PLUS6 SHARPPRO DSL 6MT,MG HECTOR PLUS
ASTOR 220TURBO 6AT SAVVY RED,MG ASTOR
HECTOR GESOLINE 1.5 TCIC AUTOMATIC S,MG HECTOR PETROL AUTOMATIC
HECTOR GSOLN1.5TCICMTHYSMRTBS6,MG HECTOR PETROL
HECTOR DSL2.0MT SUPERHYCCM1BS4,MG HECTOR
HECTOR PLUS6 SHARP 1527GEH,MG HECTOR PLUS
HECTOR SMARTPRO DSL 6MT,MG HECTOR DIESEL SMART
ASTOR VTI-TECH MANUAL STYLE EX,MG ASTOR MANUAL
ASTOR 220TURBO 6AT SAVVYRED,MG ASTOR
ZS EV EXCLUSIVE,MG ZS EV EXCLUSIVE
HECTOR DIESEL 2.0MT SMART,MG HECTOR DIESEL SMART
HECTOR SAVVYPRO 1628GEH -P,MG HECTOR SAVVY
HECTOR GASOLINE 1.5 TCIC MANUAL HYBRID SHARP,MG HECTOR HYBRID
HECTOR SHARP EX DT AUTOMATIC,MG HECTOR SHARP
HECTOR PETROL 1.5MT HYBRID SUPER,MG HECTOR HYBRID
ASTOR VTI-TECH MANUAL SMART,MG ASTOR MANUAL
HECTOR PLUS 7 SAVVY PRO AUTOMATIC,MG HECTOR PLUS
ZS EV EXECUTIVE,MG ZS EV EXECUTIVE
ASTOR VTI-TECH AUTOMATIC SHARP,MG ASTOR AUTOMATIC
HECTOR  GASOLINE 1.5 TCIC AUTOMATIC- SHARP,MG HECTOR PETROL AUTOMATIC SHARP
HECTOR  GASOLINE 1.5 TCIC MANUAL S,MG HECTOR PETROL MANUAL
HECTOR PETROL 1.5MT SHINE,MG HECTOR PETROL
HECTOR SHARPPRO 1326GCA,MG HECTOR SHARP
ASTOR VTI-TECH MANUAL SUPER EX,MG ASTOR MANUAL
HECTOR SHARPPRO AUTOMATIC,MG HECTOR SHARP
HECTOR PLUS6 SHARP PRO MANUAL,MG HECTOR PLUS
HECTOR PLUS7 SAVVYPRO AUTOMATIC,MG HECTOR PLUS
HECTOR PETROL 1.5 AUTOMATIC SHARP,MG HECTOR PETROL AUTOMATIC SHARP
HECTOR DIESEL 2.0 MANUAL SMART BSI,MG HECTOR DIESEL SMART
ASTOR VTI-TECH MANUAL SHARP EX,MG ASTOR MANUAL SHARP
HECTOR PLUS DIESEL 6SEAT SHARP,MG HECTOR PLUS 6 SEATER
HECTOR PLUS DIESEL 7SEAT SELECT,MG HECTOR PLUS 7 SEATER
HECTOR PLUS 6 SAVVY PRO AUTOMATIC,MG HECTOR PLUS
HECTOR PLUS 6 SEATER DIESEL2.0 MANUAL SHARP,MG HECTOR PLUS 6 SEATER
HECTOR PETROL 1.5 MANUAL HYBRID SHARP,MG HECTOR HYBRID
HECTOR DIESEL 2.0 MANUAL SHARP,MG HECTOR DIESEL SHARP
ZS EV ESSENCE,MG ZS EV
ASTOR 220TURBO 6AT SAVVYRED,MG ASTOR
GLOSTER 4X4 7S SAVVY,MG GLOSTER 4X4 7 SEATER
HECTOR GASOLINE 1.5 TCIC MANUAL HY,MG HECTOR PETROL MANUAL
ASTOR MANUAL  MANUAL STYLE EX 2123G,MG ASTOR
HECTOR PE1.5 MANUAL HYBRID SMART,MG HECTOR HYBRID
HECTOR  PLUS 7 STR DIESEL 2.0,MG HECTOR
HECTOR DIESEL 2.0 MANUAL SUPER,MG HECTOR DIESEL
ASTOR VTI-TECH AUTOMATIC SHARPSTD,MG ASTOR AUTOMATIC
ZS EV ESSENCE,MG ZS EV
ASTOR VTI-TECH AUTOMATIC SAVVY RED,MG ASTOR AUTOMATIC SAVVY
GLOSTER 4X2 6S SAVVY,MG GLOSTER 4X2
HECTOR DIESEL 2.0 SHINE,MG HECTOR DIESEL
HECTOR DIESEL 2.0MT SUPER,MG HECTOR DIESEL
ASTOR MANUAL  MANUAL SHARP EX 2128G,MG ASTOR
HECTOR PLUS DIESEL 7SEAT SMART,MG HECTOR PLUS 7 SEATER
WINDSOR EV ESSENCE BOV,MG WINDSOR EV ESSENCE
ZS EV EXCLUSIVE,MG ZS EV EXCLUSIVE
GLOSTER 2.0TT 6S8ATSVY 4X4 BS6,MG GLOSTER 4X4 6 SEATER
ASTOR VTI TECH AUTOMATIC SELECT,MG ASTOR
COMET EV PLUSH,MG OTHER
HECTOR PLUS6 SAVVYPRO 1629GEH B,MG HECTOR PLUS
BOLERO MAXI TRUCK BS-II,MG OTHER
HECTOR PLUS 1.5 AUTOMATIC SHARP,MG HECTOR PLUS
HECTOR GASOLINE 1.5 TCIC MANUAL H,MG HECTOR PETROL MANUAL
ASTOR 220TURBO 6AT SHARP BS,MG ASTOR
ASTOR MANUAL MANUAL SHARP EX 2128G,MG ASTOR
HECTOR  GASOLINE 1.5 TCIC AUTOMATIC,MG HECTOR PETROL AUTOMATIC
ASTOR VTI-TECH AUTOMATIC SAVVY R,MG ASTOR AUTOMATIC SAVVY
ASTOR VTI-TECH MANUAL SUPER,MG ASTOR MANUAL
HECTOR SAVVYPRO 1628GEH -PH2,MG HECTOR SAVVY
ASTOR VTI-TECH AUTOMATIC SHARP BS,MG ASTOR AUTOMATIC
HECTOR GSOLN1.5TCICCVTSMARTBS6,MG HECTOR PETROL
GLOSTER 4X4 6S BLACK STROM,MG GLOSTER 4X4 6 SEATER
ASTOR VTI-TECH AUTOMATIC SHARP R,MG ASTOR AUTOMATIC
HECTOR PE1.5MT HYBRID SUPER,MG HECTOR HYBRID
HECTOR BLACKSTORM DSL 6MT,MG HECTOR DIESEL
ZS EV EXCLUSIVE IVORY,MG ZS EV EXCLUSIVE
HECTOR PETROL 1.5MT HYBRID SMART,MG HECTOR HYBRID
HECTOR GASOLINE1.5TCICMTHSBS4,MG HECTOR PETROL
FORTUNER (AT),MG OTHER
HECTOR PETROL 1.5MT SHINE,MG HECTOR PETROL
ZS EV EXCLUSIVE PRO BOV,MG ZS EV EXCLUSIVE
HECTOR PLUS 6STR GSO1.5TCIC AUTOMATIC-SHARP,MG HECTOR PLUS 6 SEATER
HECTOR DIESEL MANUAL SHARP,MG HECTOR DIESEL SHARP
ASTOR VTI TECH MANUAL SPRINT,MG ASTOR
HECTOR PLUS HYBRID SHARP,MG HECTOR PLUS
GLOSTER DI 2.0TWIN TURBO4X4 6S,MG GLOSTER 4X4 6 SEATER
ASTOR VTI-TECH AUTOMATIC SUPER,MG ASTOR AUTOMATIC
HECTOR GASOLINE 1.5 TCIC  AUTOMATIC,MG HECTOR PETROL AUTOMATIC
ASTOR VTI TECH MANUAL SELECT,MG ASTOR
