rc_maker_desc,rc_maker_model,Mapped Name,clean_model,mg_model,final_model
MG MOTOR INDIA PVT LTD,HECTOR DE 2.0 MT SMART,MG,HECTOR DIESEL 2.0 MANUAL SMART,MG HECTOR DIESEL SMART,MG HECTOR DIESEL SMART
MG MOTOR INDIA PVT LTD,MG ZS EV (A) EXCLUSIVE,MG,ZS EV (A) EXCLUSIVE,MG ZS EV EXCLUSIVE,MG ZS EV EXCLUSIVE
MG MOTOR INDIA PVT LTD,GLOSTER DE 4X4 6 SEAT SAVVY,MG,GLOSTER DIESEL 4X4 6 SEAT SAVVY,MG GLOSTER 4X4 6 SEATER,MG GLOSTER 4X4 6 SEATER
MG MOTOR INDIA PVT LTD,GLOSTER 4X2 7S SAVVY,MG,GLOSTER 4X2 7S SAVVY,MG GLOSTER 4X2 7 SEATER,MG GLOSTER 4X2 7 SEATER
MG MOTOR INDIA PVT LTD,HECTOR+ DSL 2.0MT SHARP BS6,MG,HECTOR+ DSL 2.0MT SHARP BS6,MG HECTOR DIESEL SHARP,MG HECTOR DIESEL SHARP
MG MOTOR INDIA PVT LTD,HECTORPLUS 7SEAT DEMT SUPERBS6,MG,HECTOR PLUS 7SEAT DIESEL SUPERBS6,MG HECTOR PLUS 7 SEATER,MG HECTOR PLUS 7 SEATER
MG MOTOR INDIA PVT LTD,GLOSTER DE 4X4 7 SEAT SAVVY,MG,GLOSTER DIESEL 4X4 7 SEAT SAVVY,MG GLOSTER 4X4 7 SEATER,MG GLOSTER 4X4 7 SEATER
MG MOTOR INDIA PVT LTD,HECTOR SAVVYPRO CVT,MG,HECTOR SAVVYPRO AUTOMATIC,MG HECTOR SAVVY,MG HECTOR SAVVY
MG MOTOR INDIA PVT LTD,ZS ASTOR VTI-TECH CVT SAVVY,MG,ASTOR VTI-TECH AUTOMATIC SAVVY,MG ASTOR AUTOMATIC SAVVY,MG ASTOR AUTOMATIC SAVVY
MG MOTOR INDIA PVT LTD,HECTORPLU 7 SEAT DEMT SMARTBS6,MG,HECTOR PLUS 7 SEAT DIESEL SMARTBS6,MG HECTOR PLUS 7 SEATER,MG HECTOR PLUS 7 SEATER
MG MOTOR INDIA PVT LTD,HECTOR SMART PRO DSL MT,MG,HECTOR SMART PRO DSL MANUAL,MG HECTOR DIESEL SMART,MG HECTOR DIESEL SMART
MG MOTOR INDIA PVT LTD,HECTOR DSL 2.0MT SMART BS6,MG,HECTOR DSL 2.0MT SMART BS6,MG HECTOR DIESEL SMART,MG HECTOR DIESEL SMART
JSW MG MOTOR INDIA PVT LTD,HECTOR DIESEL 2.0MT SHARP BSVI,MG,HECTOR DIESEL 2.0MT SHARP,MG HECTOR DIESEL SHARP,MG HECTOR DIESEL SHARP
MG MOTOR INDIA PVT LTD,HECTOR SHARP PRO CVT,MG,HECTOR SHARP PRO AUTOMATIC,MG HECTOR SHARP,MG HECTOR SHARP
MG MOTOR INDIA PVT LTD,HECTOR DIESEL 2.0MT SHARP BSVI,MG,HECTOR DIESEL 2.0MT SHARP,MG HECTOR DIESEL SHARP,MG HECTOR DIESEL SHARP
M/S MG MOTOR INDIA PRIVATE LIMITED,ZS - EV EXCLUSIVE BOV,MG,ZS EV EXCLUSIVE BOV,MG ZS EV EXCLUSIVE,MG ZS EV EXCLUSIVE
JSW MG MOTOR INDIA PVT LTD,ZS EV EXECUTIVE,MG,ZS EV EXECUTIVE,MG ZS EV EXECUTIVE,MG ZS EV EXECUTIVE
M/S MG MOTOR INDIA PRIVATE LIMITED,HECTOR- DIESEL 2.0 MT SHARP BS,MG,HECTOR  DIESEL 2.0 MANUAL SHARP BS,MG HECTOR DIESEL SHARP,MG HECTOR DIESEL SHARP
MG MOTOR INDIA PVT LTD,ZS ASTOR VTI-TECH CVT SMART,MG,ASTOR VTI-TECH AUTOMATIC SMART,MG ASTOR AUTOMATIC SMART,MG ASTOR AUTOMATIC SMART
M/S MG MOTOR INDIA PRIVATE LIMITED,HECTOR SHARPPRO 1626GCA BSVI-P,MG,HECTOR SHARPPRO 1626GCA -P,MG HECTOR SHARP,MG HECTOR SHARP
MG MOTOR INDIA PVT LTD,HECTOR PR 1.5MT HYBRID SHARP,MG,HECTOR PR 1.5MT HYBRID SHARP,MG HECTOR HYBRID,MG HECTOR HYBRID
M/S MG MOTOR INDIA PRIVATE LIMITED,ZS ASTOR VTI-TECH CVT SAVVY BS,MG,ASTOR VTI-TECH AUTOMATIC SAVVY BS,MG ASTOR AUTOMATIC SAVVY,MG ASTOR AUTOMATIC SAVVY
MG MOTOR INDIA PVT LTD,ZS ASTOR VTI-TECH CVT SAVVYRED,MG,ASTOR VTI-TECH AUTOMATIC SAVVYRED,MG ASTOR AUTOMATIC SAVVY,MG ASTOR AUTOMATIC SAVVY
M/S MG MOTOR INDIA PRIVATE LIMITED,HECTOR PLUS 6 SEATER DIESEL2.0,MG,HECTOR PLUS 6 SEATER DIESEL2.0,MG HECTOR PLUS 6 SEATER,MG HECTOR PLUS 6 SEATER
MG MOTOR INDIA PVT LTD,"MG MOTOR INDIA PVT LTD, ZS ASTOR VTI-TECH MT SHARP",MG,ASTOR VTI-TECH MANUAL SHARP,MG ASTOR MANUAL SHARP,MG ASTOR MANUAL SHARP
M/S MG MOTOR INDIA PRIVATE LIMITED,HECTOR  GASOLINE 1.5 TCIC MT H,MG,HECTOR  GASOLINE 1.5 TCIC MANUAL H,MG HECTOR PETROL MANUAL,MG HECTOR PETROL MANUAL
M/S MG MOTOR INDIA PRIVATE LIMITED,ZS ASTOR VTI-TECH MT SHARP BSV,MG,ASTOR VTI-TECH MANUAL SHARP,MG ASTOR MANUAL SHARP,MG ASTOR MANUAL SHARP
JSW MG MOTOR INDIA PVT LTD,WINDSOR EV ESSENCE,MG,WINDSOR EV ESSENCE,MG WINDSOR EV ESSENCE,MG WINDSOR EV ESSENCE
MG MOTOR INDIA PVT LTD,HECTOR PE 1.5 DCT SHARP,MG,HECTOR PETROL 1.5 AUTOMATIC SHARP,MG HECTOR PETROL AUTOMATIC SHARP,MG HECTOR PETROL AUTOMATIC SHARP
MG MOTOR INDIA PVT LTD,ZS ASTOR 220TURBO 6AT SAVVY R,MG,ASTOR 220TURBO 6AT SAVVY R,MG ASTOR,MG ASTOR
M/S MG MOTOR INDIA PRIVATE LIMITED,HECTOR DIESEL 2.0 MT SMART BSIV,MG,HECTOR DIESEL 2.0 MANUAL SMART BSIV,MG HECTOR DIESEL SMART,MG HECTOR DIESEL SMART
MG MOTOR INDIA PVT LTD,HECTORPLUS DE 7SEAT SUPER BSVI,MG,HECTOR PLUS DIESEL 7SEAT SUPER,MG HECTOR PLUS 7 SEATER,MG HECTOR PLUS 7 SEATER
M/S MG MOTOR INDIA PRIVATE LIMITED,HECTOR-PLUS 6STR GSO1.5TCIC DC,MG,HECTOR PLUS 6STR GSO1.5TCIC DC,MG HECTOR PLUS 6 SEATER,MG HECTOR PLUS 6 SEATER
MG MOTOR INDIA PVT LTD,"MG MOTOR INDIA PVT LTD, GLOSTER 4X4 6S SAVVY",MG,GLOSTER 4X4 6S SAVVY,MG GLOSTER 4X4 6 SEATER,MG GLOSTER 4X4 6 SEATER
M/S MG MOTOR INDIA PRIVATE LIMITED,HECTOR PLUS 6 SEATER DIESEL2.0 MT SHARP- BSVI,MG,HECTOR PLUS 6 SEATER DIESEL2.0 MANUAL SHARP-,MG HECTOR PLUS 6 SEATER,MG HECTOR PLUS 6 SEATER
M/S MG MOTOR INDIA PRIVATE LIMITED,GLOSTER DI 2.0TWIN TURBO4X4 7S,MG,GLOSTER DI 2.0TWIN TURBO4X4 7S,MG GLOSTER 4X4 7 SEATER,MG GLOSTER 4X4 7 SEATER
M/S MG MOTOR INDIA PRIVATE LIMITED,HECTOR-PLUS 6STR GSO1.5TCIC MT,MG,HECTOR PLUS 6STR GSO1.5TCIC MANUAL,MG HECTOR PLUS 6 SEATER,MG HECTOR PLUS 6 SEATER
MG MOTOR INDIA PVT LTD,ZS ASTOR VTITECH MT SHARP BS6,MG,ASTOR VTITECH MANUAL SHARP BS6,MG ASTOR,MG ASTOR
JSW MG MOTOR INDIA PVT LTD,HECTOR PE 1.5 DCT SHARP,MG,HECTOR PETROL 1.5 AUTOMATIC SHARP,MG HECTOR PETROL AUTOMATIC SHARP,MG HECTOR PETROL AUTOMATIC SHARP
MG MOTOR INDIA PVT LTD,HECTOR PE 1.5 MT STYLE,MG,HECTOR PETROL 1.5 MANUAL STYLE,MG HECTOR PETROL MANUAL,MG HECTOR PETROL MANUAL
MG MOTOR INDIA PVT LTD,ZS ASTOR BLACK STORM MT,MG,ASTOR BLACK STORM MANUAL,MG ASTOR,MG ASTOR
M/S MG MOTOR INDIA PRIVATE LIMITED,HECTOR PLUS 6STR GASOLINE 1.5TCIC CVTSHARP BSVI,MG,HECTOR PLUS 6STR GASOLINE 1.5TCIC CVTSHARP,MG HECTOR PLUS 6 SEATER,MG HECTOR PLUS 6 SEATER
MG MOTOR INDIA PVT LTD,"MG MOTOR INDIA PVT LTD, ZS ASTOR VTI-TECH CVT SMART",MG,ASTOR VTI-TECH AUTOMATIC SMART,MG ASTOR AUTOMATIC SMART,MG ASTOR AUTOMATIC SMART
MG MOTOR INDIA PVT LTD,COMET EV EXCLUSIVE FC,MG,COMET EV EXCLUSIVE FC,MG OTHER,MG OTHER
MG MOTOR INDIA PVT LTD,HECTORPLUS DE 6SEAT SMART BSVI,MG,HECTOR PLUS DIESEL 6SEAT SMART,MG HECTOR PLUS 6 SEATER,MG HECTOR PLUS 6 SEATER
MG MOTOR INDIA PVT LTD,HECTORPLUS 6 SHARP PRO DSL MT,MG,HECTOR PLUS 6 SHARP PRO DSL MANUAL,MG HECTOR PLUS,MG HECTOR PLUS
JSW MG MOTOR INDIA PVT LTD,ZS ASTOR VTI-TECH CVT SAVVYRED,MG,ASTOR VTI-TECH AUTOMATIC SAVVYRED,MG ASTOR AUTOMATIC SAVVY,MG ASTOR AUTOMATIC SAVVY
M/S MG MOTOR INDIA PRIVATE LIMITED,ZS EV EXCLUSIVE BOV,MG,ZS EV EXCLUSIVE BOV,MG ZS EV EXCLUSIVE,MG ZS EV EXCLUSIVE
MG MOTOR INDIA PVT LTD,GLOSTER DSL2.0T4X2 AT SMARTBS6,MG,GLOSTER DSL2.0T4X2 AT SMARTBS6,MG GLOSTER 4X2,MG GLOSTER 4X2
JSW MG MOTOR INDIA PVT LTD,HECTOR+ 7S DSL2.0MT SELECT BS6,MG,HECTOR+ 7S DSL2.0MT SELECT BS6,MG HECTOR,MG HECTOR
MG MOTOR INDIA PVT LTD,"MG MOTOR INDIA PVT LTD, ZS EV EXCLUSIVE",MG,ZS EV EXCLUSIVE,MG ZS EV EXCLUSIVE,MG ZS EV EXCLUSIVE
MG MOTOR INDIA PVT LTD,"MG MOTOR INDIA PVT LTD, HECTOR SHARP PRO CVT",MG,HECTOR SHARP PRO AUTOMATIC,MG HECTOR SHARP,MG HECTOR SHARP
MG MOTOR INDIA PVT LTD,"MG MOTOR INDIA PVT LTD, ZS ASTOR VTI-TECH MT STYLE EX",MG,ASTOR VTI-TECH MANUAL STYLE EX,MG ASTOR MANUAL,MG ASTOR MANUAL
MG MOTOR INDIA PVT LTD,ZS ASTOR VTI-TECH CVT SUPER,MG,ASTOR VTI-TECH AUTOMATIC SUPER,MG ASTOR AUTOMATIC,MG ASTOR AUTOMATIC
MG MOTOR INDIA PVT LTD,"MG MOTOR INDIA PVT LTD, HECTOR PE 1.5 CVT SHARP BSVI",MG,HECTOR PETROL 1.5 AUTOMATIC SHARP,MG HECTOR PETROL AUTOMATIC SHARP,MG HECTOR PETROL AUTOMATIC SHARP
MG MOTOR INDIA PVT LTD,ZS ASTOR VTI-TECH CVT SHARP,MG,ASTOR VTI-TECH AUTOMATIC SHARP,MG ASTOR AUTOMATIC,MG ASTOR AUTOMATIC
MG MOTOR INDIA PVT LTD,HECTORPLUS DE 7SEAT SELECT,MG,HECTOR PLUS DIESEL 7SEAT SELECT,MG HECTOR PLUS 7 SEATER,MG HECTOR PLUS 7 SEATER
MG MOTOR INDIA PVT LTD,ZS ASTOR VTITECH MT SUPER BS6,MG,ASTOR VTITECH MANUAL SUPER BS6,MG ASTOR,MG ASTOR
MG MOTOR INDIA PVT LTD,GLOSTER 4X4 6S SAVVY,MG,GLOSTER 4X4 6S SAVVY,MG GLOSTER 4X4 6 SEATER,MG GLOSTER 4X4 6 SEATER
MG MOTOR INDIA PVT LTD,HECTORPLUS6 SAVVYPRO CVT,MG,HECTOR PLUS6 SAVVYPRO AUTOMATIC,MG HECTOR PLUS,MG HECTOR PLUS
MG MOTOR INDIA PVT LTD,HECTOR+ 7S DSL2.0MT STYLE BS6,MG,HECTOR+ 7S DSL2.0MT STYLE BS6,MG HECTOR,MG HECTOR
MG MOTOR INDIA PVT LTD,"MG MOTOR INDIA PVT LTD, HECTOR PLUS 6SEAT HYBRID SHARP",MG,HECTOR PLUS 6SEAT HYBRID SHARP,MG HECTOR PLUS 6 SEATER,MG HECTOR PLUS 6 SEATER
MG MOTOR INDIA PVT LTD,HECTOR+ GSLN1.5TCICDCTSHARPBS6,MG,HECTOR+ GSLN1.5TCICDCTSHARPBS6,MG HECTOR PETROL,MG HECTOR PETROL
MG MOTOR INDIA PVT LTD,GLOSTER DE 4X2 7 SEAT SUPER,MG,GLOSTER DIESEL 4X2 7 SEAT SUPER,MG GLOSTER 4X2 7 SEATER,MG GLOSTER 4X2 7 SEATER
M/S MG MOTOR INDIA PRIVATE LIMITED,HECTOR- PLUS6 STR DIESEL 2.0 MT SHARP BSVI,MG,HECTOR  PLUS6 STR DIESEL 2.0 MANUAL SHARP,MG HECTOR,MG HECTOR
MG MOTOR INDIA PVT LTD,HECTOR PE CVT SHINE BSVI,MG,HECTOR PETROL AUTOMATIC SHINE,MG HECTOR PETROL AUTOMATIC,MG HECTOR PETROL AUTOMATIC
MG MOTOR INDIA PVT LTD,HECTOR BLACKSTORM CVT,MG,HECTOR BLACKSTORM AUTOMATIC,MG HECTOR,MG HECTOR
MG MOTOR INDIA PVT LTD,HECTORPLUS PE 1.5MT STYLE BSVI,MG,HECTOR PLUS PETROL 1.5MT STYLE,MG HECTOR PLUS,MG HECTOR PLUS
MG MOTOR INDIA PVT LTD,GLOSTER DE 4X4 6 SEAT SHARP,MG,GLOSTER DIESEL 4X4 6 SEAT SHARP,MG GLOSTER 4X4 6 SEATER,MG GLOSTER 4X4 6 SEATER
MG MOTOR INDIA PVT LTD,MG ZS EV EXCITE,MG,ZS EV EXCITE,MG ZS EV,MG ZS EV
MG MOTOR INDIA PVT LTD,"MG MOTOR INDIA PVT LTD, ZS ASTOR VTI-TECH MT SMART",MG,ASTOR VTI-TECH MANUAL SMART,MG ASTOR MANUAL,MG ASTOR MANUAL
MG MOTOR INDIA PVT LTD,ZS ASTOR 220TURBO 6AT SHARP,MG,ASTOR 220TURBO 6AT SHARP,MG ASTOR,MG ASTOR
MG MOTOR INDIA PVT LTD,2128GFJ,MG,2128GFJ,MG OTHER,MG OTHER
MG MOTOR INDIA PVT LTD,GLOSTER DE 4X2 6 SEAT SMART,MG,GLOSTER DIESEL 4X2 6 SEAT SMART,MG GLOSTER 4X2,MG GLOSTER 4X2
M/S MG MOTOR INDIA PRIVATE LIMITED,ZS EV EXCLUSIVE 2016 EAF BOV,MG,ZS EV EXCLUSIVE 2016 EAF BOV,MG ZS EV EXCLUSIVE,MG ZS EV EXCLUSIVE
M/S MG MOTOR INDIA PRIVATE LIMITED,HECTOR DIESEL 2.0 MT SHARP BSI,MG,HECTOR DIESEL 2.0 MANUAL SHARP BSI,MG HECTOR DIESEL SHARP,MG HECTOR DIESEL SHARP
MG MOTOR INDIA PVT LTD,COMET EV PLAY,MG,COMET EV PLAY,MG OTHER,MG OTHER
MG MOTOR INDIA PVT LTD,HECTOR SHARP PRO MT,MG,HECTOR SHARP PRO MANUAL,MG HECTOR SHARP,MG HECTOR SHARP
MG MOTOR INDIA PVT LTD,WINDSOR EV ESSENCE,MG,WINDSOR EV ESSENCE,MG WINDSOR EV ESSENCE,MG WINDSOR EV ESSENCE
MG MOTOR INDIA PVT LTD,ZS EV EXCLUSIVE PLUS IVORY,MG,ZS EV EXCLUSIVE PLUS IVORY,MG ZS EV EXCLUSIVE,MG ZS EV EXCLUSIVE
MG MOTOR INDIA PVT LTD,HECTOR CVT SHARP DT,MG,HECTOR AUTOMATIC SHARP DT,MG HECTOR SHARP,MG HECTOR SHARP
M/S MG MOTOR INDIA PRIVATE LIMITED,HECTOR DIESEL 2.0 MT SHARP BSV,MG,HECTOR DIESEL 2.0 MANUAL SHARP,MG HECTOR DIESEL SHARP,MG HECTOR DIESEL SHARP
MG MOTOR INDIA PVT LTD,ZS ASTOR VTITECH MT STLE BS6,MG,ASTOR VTITECH MANUAL STLE BS6,MG ASTOR,MG ASTOR
M/S MG MOTOR INDIA PRIVATE LIMITED,HECTOR- PLUS 7 STR DIESEL 2.0 MT SELECT BSVI,MG,HECTOR  PLUS 7 STR DIESEL 2.0 MANUAL SELECT,MG HECTOR,MG HECTOR
M/S MG MOTOR INDIA PRIVATE LIMITED,HECTOR DIESEL 2.0 MT SUPER BSIV,MG,HECTOR DIESEL 2.0 MANUAL SUPER BSIV,MG HECTOR DIESEL,MG HECTOR DIESEL
MG MOTOR INDIA PVT LTD,HECTORPLUS7 SHARPPRO DSL 6MT,MG,HECTOR PLUS7 SHARPPRO DSL 6MT,MG HECTOR PLUS,MG HECTOR PLUS
MG MOTOR INDIA PVT LTD,HECTOR PLUS6 SHARP PRO EX MT,MG,HECTOR PLUS6 SHARP PRO EX MANUAL,MG HECTOR PLUS,MG HECTOR PLUS
MG MOTOR INDIA PVT LTD,"MG MOTOR INDIA PVT LTD, GLOSTER DE 4X4 7 SEAT SAVVY",MG,GLOSTER DIESEL 4X4 7 SEAT SAVVY,MG GLOSTER 4X4 7 SEATER,MG GLOSTER 4X4 7 SEATER
MG MOTOR INDIA PVT LTD,HECTORPLUS6 SHARPPRO CVT,MG,HECTOR PLUS6 SHARPPRO AUTOMATIC,MG HECTOR PLUS,MG HECTOR PLUS
JSW MG MOTOR INDIA PVT LTD,HECTOR DE 2.0 MT SHARP,MG,HECTOR DIESEL 2.0 MANUAL SHARP,MG HECTOR DIESEL SHARP,MG HECTOR DIESEL SHARP
MG MOTOR INDIA PVT LTD,HECTOR PE 1.5DCT SHARP BSVI,MG,HECTOR PETROL 1.5DCT SHARP,MG HECTOR PETROL,MG HECTOR PETROL
MG MOTOR INDIA PVT LTD,HECTORPLUS7 SHARPPRO CVT,MG,HECTOR PLUS7 SHARPPRO AUTOMATIC,MG HECTOR PLUS,MG HECTOR PLUS
JSW MG MOTOR INDIA PVT LTD,HECTORPLUS 1.5 CVT SHARP BSVI,MG,HECTOR PLUS 1.5 AUTOMATIC SHARP,MG HECTOR PLUS,MG HECTOR PLUS
M/S MG MOTOR INDIA PRIVATE LIMITED,HECTOR- GASOLINE 1.5 TCIC DCT SHARP BSVI,MG,HECTOR  GASOLINE 1.5 TCIC AUTOMATIC SHARP,MG HECTOR PETROL AUTOMATIC SHARP,MG HECTOR PETROL AUTOMATIC SHARP
M/S MG MOTOR INDIA PRIVATE LIMITED,HECTOR- GASOLINE 1.5 TCIC DCT-,MG,HECTOR  GASOLINE 1.5 TCIC AUTOMATIC-,MG HECTOR PETROL AUTOMATIC,MG HECTOR PETROL AUTOMATIC
MG MOTOR INDIA PVT LTD,HECTOR+ 7S DSL2.0MT SELECT BS6,MG,HECTOR+ 7S DSL2.0MT SELECT BS6,MG HECTOR,MG HECTOR
MG MOTOR INDIA PVT LTD,"MG MOTOR INDIA PVT LTD, HECTOR CVT SHARP DT",MG,HECTOR AUTOMATIC SHARP DT,MG HECTOR SHARP,MG HECTOR SHARP
MG MOTOR INDIA PVT LTD,GLOSTER 4X2 7S BLACK STORM,MG,GLOSTER 4X2 7S BLACK STORM,MG GLOSTER 4X2 7 SEATER,MG GLOSTER 4X2 7 SEATER
MG MOTOR INDIA PVT LTD,HECTOR PLUS DE2.0MT SHARP BSVI,MG,HECTOR PLUS DE2.0MT SHARP,MG HECTOR PLUS,MG HECTOR PLUS
MG MOTOR INDIA PVT LTD,HECTORPLUS 6SEAT DEMT SHARPBS6,MG,HECTOR PLUS 6SEAT DIESEL SHARPBS6,MG HECTOR PLUS 6 SEATER,MG HECTOR PLUS 6 SEATER
M/S MG MOTOR INDIA PRIVATE LIMITED,HECTORPLUS6 SHARPPRO 1623GEH B,MG,HECTOR PLUS6 SHARPPRO 1623GEH B,MG HECTOR PLUS,MG HECTOR PLUS
MG MOTOR INDIA PVT LTD,HECTOR DSL2.0MT SHARPCCM1BS4,MG,HECTOR DSL2.0MT SHARPCCM1BS4,MG HECTOR SHARP,MG HECTOR SHARP
M/S MG MOTOR INDIA PRIVATE LIMITED,HECTOR GASOLINE 1.5 TCIC MT SH,MG,HECTOR GASOLINE 1.5 TCIC MANUAL SH,MG HECTOR PETROL MANUAL,MG HECTOR PETROL MANUAL
MG MOTOR INDIA PVT LTD,HECTORPLU 7 SHARP PRO CVT,MG,HECTOR PLUS 7 SHARP PRO AUTOMATIC,MG HECTOR PLUS,MG HECTOR PLUS
MG MOTOR INDIA PVT LTD,ZS ASTOR VTITECH CVT SUPER BS6,MG,ASTOR VTITECH AUTOMATIC SUPER BS6,MG ASTOR,MG ASTOR
MG MOTOR INDIA PVT LTD,HECTOR GASOLINE1.5TCICMTHSHBS4,MG,HECTOR GASOLINE1.5TCICMTHSHBS4,MG HECTOR PETROL,MG HECTOR PETROL
MG MOTOR INDIA PVT LTD,"MG MOTOR INDIA PVT LTD, HECTOR DIESEL 2.0 SHINE BSVI",MG,HECTOR DIESEL 2.0 SHINE,MG HECTOR DIESEL,MG HECTOR DIESEL
M/S MG MOTOR INDIA PRIVATE LIMITED,GLOSTER 4X4 6S SAVVY 1404DDG B,MG,GLOSTER 4X4 6S SAVVY 1404DDG B,MG GLOSTER 4X4 6 SEATER,MG GLOSTER 4X4 6 SEATER
MG MOTOR INDIA PVT LTD,HECTORPLUS 6SEATSHARP DCT BSVI,MG,HECTOR PLUS 6SEATSHARP AUTOMATIC,MG HECTOR PLUS 6 SEATER,MG HECTOR PLUS 6 SEATER
M/S MG MOTOR INDIA PRIVATE LIMITED,HECTOR GESOLINE 1.5 TCIC DCT SHARP BSIV,MG,HECTOR GESOLINE 1.5 TCIC AUTOMATIC SHARP BSIV,MG HECTOR PETROL AUTOMATIC SHARP,MG HECTOR PETROL AUTOMATIC SHARP
MG MOTOR INDIA PVT LTD,"MG MOTOR INDIA PVT LTD, HECTOR PR 1.5MT HYBRID SHARP",MG,HECTOR PR 1.5MT HYBRID SHARP,MG HECTOR HYBRID,MG HECTOR HYBRID
MG MOTOR INDIA PVT LTD,"MG MOTOR INDIA PVT LTD, HECTOR DE 2.0 MT SHARP",MG,HECTOR DIESEL 2.0 MANUAL SHARP,MG HECTOR DIESEL SHARP,MG HECTOR DIESEL SHARP
MG MOTOR INDIA PVT LTD,HECTOR SMART PRO MT,MG,HECTOR SMART PRO MANUAL,MG HECTOR SMART,MG HECTOR SMART
JSW MG MOTOR INDIA PVT LTD,HECTOR PR 1.5MT HYBRID SHARP,MG,HECTOR PR 1.5MT HYBRID SHARP,MG HECTOR HYBRID,MG HECTOR HYBRID
MG MOTOR INDIA PVT LTD,HECTOR DE MT SHARP BSVI,MG,HECTOR DIESEL MANUAL SHARP,MG HECTOR DIESEL SHARP,MG HECTOR DIESEL SHARP
MG MOTOR INDIA PVT LTD,HECTOR PLUS7 SHARP PRO MT,MG,HECTOR PLUS7 SHARP PRO MANUAL,MG HECTOR PLUS,MG HECTOR PLUS
MG MOTOR INDIA PVT LTD,HECTOR SHAPRPRO DSL 6MT,MG,HECTOR SHAPRPRO DSL 6MT,MG HECTOR DIESEL,MG HECTOR DIESEL
M/S MG MOTOR INDIA PRIVATE LIMITED,ZS ASTOR VTI-TECH MT SUPER BSV,MG,ASTOR VTI-TECH MANUAL SUPER,MG ASTOR MANUAL,MG ASTOR MANUAL
MG MOTOR INDIA PVT LTD,HECTOR DIESEL2.0MT STYLE BS4,MG,HECTOR DIESEL2.0MT STYLE BS4,MG HECTOR DIESEL,MG HECTOR DIESEL
MG MOTOR INDIA PVT LTD,HECTORPLUS6 SHARPPRO 6MT,MG,HECTOR PLUS6 SHARPPRO 6MT,MG HECTOR PLUS,MG HECTOR PLUS
MG MOTOR INDIA PVT LTD,CHEVROLET SAIL UVA/AC,MG,CHEVROLET SAIL UVA/AC,MG OTHER,MG OTHER
MG MOTOR INDIA PVT LTD,HECTOR PE 1.5 DCT SMART,MG,HECTOR PETROL 1.5 AUTOMATIC SMART,MG HECTOR PETROL AUTOMATIC,MG HECTOR PETROL AUTOMATIC
MG MOTOR INDIA PVT LTD,HECTOR PLUS 7 SHARP PRO CVT,MG,HECTOR PLUS 7 SHARP PRO AUTOMATIC,MG HECTOR PLUS,MG HECTOR PLUS
MG MOTOR INDIA PVT LTD,HECTOR PLUS 7SEAT HYBRID SUPER,MG,HECTOR PLUS 7SEAT HYBRID SUPER,MG HECTOR PLUS 7 SEATER,MG HECTOR PLUS 7 SEATER
MG MOTOR INDIA PVT LTD,ZS EV EXCLUSIVE PRO IVORY,MG,ZS EV EXCLUSIVE PRO IVORY,MG ZS EV EXCLUSIVE,MG ZS EV EXCLUSIVE
M/S MG MOTOR INDIA PRIVATE LIMITED,HECTOR PLUS 6STR GASOLINE 1.5T,MG,HECTOR PLUS 6STR GASOLINE 1.5T,MG HECTOR PLUS 6 SEATER,MG HECTOR PLUS 6 SEATER
M/S MG MOTOR INDIA PRIVATE LIMITED,HECTOR PLUS 6STR GASO1.5TCICMTHYBRID SHARP BSVI,MG,HECTOR PLUS 6STR GASO1.5TCICMTHYBRID SHARP,MG HECTOR PLUS 6 SEATER,MG HECTOR PLUS 6 SEATER
MG MOTOR INDIA PVT LTD,"MG MOTOR INDIA PVT LTD, HECTOR PE CVT SHINE BSVI",MG,HECTOR PETROL AUTOMATIC SHINE,MG HECTOR PETROL AUTOMATIC,MG HECTOR PETROL AUTOMATIC
M/S MG MOTOR INDIA PRIVATE LIMITED,COMET EV PLAY 3002EBR BOV,MG,COMET EV PLAY 3002EBR BOV,MG OTHER,MG OTHER
M/S MG MOTOR INDIA PRIVATE LIMITED,ZS EV EXCLUSIVE 2017EAF BOV,MG,ZS EV EXCLUSIVE 2017EAF BOV,MG ZS EV EXCLUSIVE,MG ZS EV EXCLUSIVE
MG MOTOR INDIA PVT LTD,HECTOR PE 1.5 MT SUPER,MG,HECTOR PETROL 1.5 MANUAL SUPER,MG HECTOR PETROL MANUAL,MG HECTOR PETROL MANUAL
M/S MG MOTOR INDIA PRIVATE LIMITED,HECTOR DIESEL 2.0 MT SMART BSV,MG,HECTOR DIESEL 2.0 MANUAL SMART,MG HECTOR DIESEL SMART,MG HECTOR DIESEL SMART
MG MOTOR INDIA PVT LTD,HECTOR GASOLINE1.5TCICMTHYSBS4,MG,HECTOR GASOLINE1.5TCICMTHYSBS4,MG HECTOR PETROL,MG HECTOR PETROL
MG MOTOR INDIA PVT LTD,"MG MOTOR INDIA PVT LTD, ZS ASTOR VTI-TECH CVT SAVVY",MG,ASTOR VTI-TECH AUTOMATIC SAVVY,MG ASTOR AUTOMATIC SAVVY,MG ASTOR AUTOMATIC SAVVY
M/S MG MOTOR INDIA PRIVATE LIMITED,HECTOR- SHARP DT 1537GEH BSVI,MG,HECTOR  SHARP DT 1537GEH,MG HECTOR SHARP,MG HECTOR SHARP
M/S MG MOTOR INDIA PRIVATE LIMITED,HECTOR  GASOLINE 1.5 TCIC MT S,MG,HECTOR  GASOLINE 1.5 TCIC MANUAL S,MG HECTOR PETROL MANUAL,MG HECTOR PETROL MANUAL
M/S MG MOTOR INDIA PRIVATE LIMITED,HECTOR- DIESEL 2.0 MT SHARP BSVI,MG,HECTOR  DIESEL 2.0 MANUAL SHARP,MG HECTOR DIESEL SHARP,MG HECTOR DIESEL SHARP
MG MOTOR INDIA PVT LTD,ZS EV EXCITE PRO,MG,ZS EV EXCITE PRO,MG ZS EV,MG ZS EV
MG MOTOR INDIA PVT LTD,HECTOR PE 1.5 MT SUPER BSVI,MG,HECTOR PETROL 1.5 MANUAL SUPER,MG HECTOR PETROL MANUAL,MG HECTOR PETROL MANUAL
MG MOTOR INDIA PVT LTD,HECTOR PE 1.5MT SUPER BSVI,MG,HECTOR PETROL 1.5MT SUPER,MG HECTOR PETROL,MG HECTOR PETROL
MG MOTOR INDIA PVT LTD,ZS ASTOR VTI-TECH MT SHARP EX,MG,ASTOR VTI-TECH MANUAL SHARP EX,MG ASTOR MANUAL SHARP,MG ASTOR MANUAL SHARP
MG MOTOR INDIA PVT LTD,HECTORPLUS DE 7SEAT STYLE BSVI,MG,HECTOR PLUS DIESEL 7SEAT STYLE,MG HECTOR PLUS 7 SEATER,MG HECTOR PLUS 7 SEATER
M/S MG MOTOR INDIA PRIVATE LIMITED,HECTOR DIESEL 2.0 MT SUPER BSV,MG,HECTOR DIESEL 2.0 MANUAL SUPER,MG HECTOR DIESEL,MG HECTOR DIESEL
MG MOTOR INDIA PVT LTD,HECTOR GSOLN1.5TCICMTHYSHRPBS6,MG,HECTOR GSOLN1.5TCICMTHYSHRPBS6,MG HECTOR PETROL,MG HECTOR PETROL
JSW MG MOTOR INDIA PVT LTD,ASTOR VTI TECH CVT SELECT,MG,ASTOR VTI TECH AUTOMATIC SELECT,MG ASTOR,MG ASTOR
MG MOTOR INDIA PVT LTD,"MG MOTOR INDIA PVT LTD, HECTORPLUS DE 6SEAT SHARP BSVI",MG,HECTOR PLUS DIESEL 6SEAT SHARP,MG HECTOR PLUS 6 SEATER,MG HECTOR PLUS 6 SEATER
MG MOTOR INDIA PVT LTD,"MG MOTOR INDIA PVT LTD, ZS ASTOR 220TURBO 6AT SHARP",MG,ASTOR 220TURBO 6AT SHARP,MG ASTOR,MG ASTOR
MG MOTOR INDIA PVT LTD,HECTOR SHARP PRO DSL MT,MG,HECTOR SHARP PRO DSL MANUAL,MG HECTOR DIESEL SHARP,MG HECTOR DIESEL SHARP
MG MOTOR INDIA PVT LTD,ZS ASTOR BLACK STORM CVT,MG,ASTOR BLACK STORM AUTOMATIC,MG ASTOR,MG ASTOR
MG MOTOR INDIA PVT LTD,HECTOR DSL 2.0MT SHARP BS6,MG,HECTOR DSL 2.0MT SHARP BS6,MG HECTOR DIESEL SHARP,MG HECTOR DIESEL SHARP
MG MOTOR INDIA PVT LTD,GLOSTER 4X4 6S BLACK STORM,MG,GLOSTER 4X4 6S BLACK STORM,MG GLOSTER 4X4 6 SEATER,MG GLOSTER 4X4 6 SEATER
MG MOTOR INDIA PVT LTD,COMET EV EXCLUSIVE,MG,COMET EV EXCLUSIVE,MG OTHER,MG OTHER
MG MOTOR INDIA PVT LTD,HECTOR DE 2.0 MT SHARP,MG,HECTOR DIESEL 2.0 MANUAL SHARP,MG HECTOR DIESEL SHARP,MG HECTOR DIESEL SHARP
MG MOTOR INDIA PVT LTD,HECTORPLUS6 SHARPPRO DSL 6MT,MG,HECTOR PLUS6 SHARPPRO DSL 6MT,MG HECTOR PLUS,MG HECTOR PLUS
MG MOTOR INDIA PVT LTD,HECTORPLUS 6 SEATSHARP DCT BS6,MG,HECTOR PLUS 6 SEATSHARP AUTOMATIC BS6,MG HECTOR PLUS 6 SEATER,MG HECTOR PLUS 6 SEATER
MG MOTOR INDIA PVT LTD,"MG MOTOR INDIA PVT LTD, GLOSTER 4X2 7S SAVVY",MG,GLOSTER 4X2 7S SAVVY,MG GLOSTER 4X2 7 SEATER,MG GLOSTER 4X2 7 SEATER
MG MOTOR INDIA PVT LTD,HECTORPLUS 1.5 CVT SMART BSVI,MG,HECTOR PLUS 1.5 AUTOMATIC SMART,MG HECTOR PLUS,MG HECTOR PLUS
MG MOTOR INDIA PVT LTD,ZS ASTOR VTI-TECH MT SUPER EX,MG,ASTOR VTI-TECH MANUAL SUPER EX,MG ASTOR MANUAL,MG ASTOR MANUAL
MG MOTOR INDIA PVT LTD,HECTOR GSOLN1.5TCICCVTSHARPBS6,MG,HECTOR GSOLN1.5TCICCVTSHARPBS6,MG HECTOR PETROL,MG HECTOR PETROL
M/S MG MOTOR INDIA PRIVATE LIMITED,HECTOR GASOLINE 1.5 TCIC  CVT SHINE- BSVI,MG,HECTOR GASOLINE 1.5 TCIC  AUTOMATIC SHINE-,MG HECTOR PETROL AUTOMATIC,MG HECTOR PETROL AUTOMATIC
MG MOTOR INDIA PVT LTD,HECTOR SHARPPRO DSL 6MT,MG,HECTOR SHARPPRO DSL 6MT,MG HECTOR DIESEL SHARP,MG HECTOR DIESEL SHARP
JSW MG MOTOR INDIA PVT LTD,HECTORPLUS 6SEATSHARP DCT BSVI,MG,HECTOR PLUS 6SEATSHARP AUTOMATIC,MG HECTOR PLUS 6 SEATER,MG HECTOR PLUS 6 SEATER
MG MOTOR INDIA PVT LTD,HECTOR DLS 2.0MT SUPER BS6,MG,HECTOR DLS 2.0MT SUPER BS6,MG HECTOR,MG HECTOR
M/S MG MOTOR INDIA PRIVATE LIMITED,HECTOR PLUS 6STR GASO1.5TCICMT,MG,HECTOR PLUS 6STR GASO1.5TCICMT,MG HECTOR PLUS 6 SEATER,MG HECTOR PLUS 6 SEATER
MG MOTOR INDIA PVT LTD,ZS ASTOR VTITECH CVT SHARP BS6,MG,ASTOR VTITECH AUTOMATIC SHARP BS6,MG ASTOR,MG ASTOR
MG MOTOR INDIA PVT LTD,HECTOR GASLNE1.5TCICDCTSHM1BS4,MG,HECTOR GASLNE1.5TCICDCTSHM1BS4,MG HECTOR PETROL,MG HECTOR PETROL
MG MOTOR INDIA PVT LTD,ZS ASTOR VTI-TECH MT SHARP R,MG,ASTOR VTI-TECH MANUAL SHARP R,MG ASTOR MANUAL SHARP,MG ASTOR MANUAL SHARP
MG MOTOR INDIA PVT LTD,HECTOR PE 1.5MT HYBRID SHARP,MG,HECTOR PETROL 1.5MT HYBRID SHARP,MG HECTOR HYBRID,MG HECTOR HYBRID
JSW MG MOTOR INDIA PVT LTD,ZS ASTOR VTI-TECH CVT SHARP,MG,ASTOR VTI-TECH AUTOMATIC SHARP,MG ASTOR AUTOMATIC,MG ASTOR AUTOMATIC
MG MOTOR INDIA PVT LTD,GLOSTER 4X2 6S BLACK STROM,MG,GLOSTER 4X2 6S BLACK STROM,MG GLOSTER 4X2,MG GLOSTER 4X2
MG MOTOR INDIA PVT LTD,HECTOR PLUS DE2.0MT SMART BSVI,MG,HECTOR PLUS DE2.0MT SMART,MG HECTOR PLUS,MG HECTOR PLUS
M/S MG MOTOR INDIA PRIVATE LIMITED,ZS EV EXCITE PRO BOV,MG,ZS EV EXCITE PRO BOV,MG ZS EV,MG ZS EV
M/S MG MOTOR INDIA PRIVATE LIMITED,HECTOR- DIESEL 2.0 MT SHINE- B,MG,HECTOR  DIESEL 2.0 MANUAL SHINE- B,MG HECTOR DIESEL,MG HECTOR DIESEL
MG MOTOR INDIA PVT LTD,HECTOR SHINEPRO CVT,MG,HECTOR SHINEPRO AUTOMATIC,MG HECTOR,MG HECTOR
M/S MG MOTOR INDIA PRIVATE LIMITED,HECTOR- PLUS 7 STR DIESEL 2.0,MG,HECTOR  PLUS 7 STR DIESEL 2.0,MG HECTOR,MG HECTOR
MG MOTOR INDIA PVT LTD,HECTOR SELECTPRO DSL 6MT,MG,HECTOR SELECTPRO DSL 6MT,MG HECTOR DIESEL,MG HECTOR DIESEL
MG MOTOR INDIA PVT LTD,"MG MOTOR INDIA PVT LTD, HECTOR PE 1.5 CVT SMART BSVI",MG,HECTOR PETROL 1.5 AUTOMATIC SMART,MG HECTOR PETROL AUTOMATIC,MG HECTOR PETROL AUTOMATIC
MG MOTOR INDIA PVT LTD,HECTOR GASLN1.5TCICDCTSHARPBS6,MG,HECTOR GASLN1.5TCICDCTSHARPBS6,MG HECTOR PETROL,MG HECTOR PETROL
M/S MG MOTOR INDIA PRIVATE LIMITED,ZS ASTOR VTI-TECH MT STYLE BSV,MG,ASTOR VTI-TECH MANUAL STYLE,MG ASTOR MANUAL,MG ASTOR MANUAL
MG MOTOR INDIA PVT LTD,"MG MOTOR INDIA PVT LTD, ZS ASTOR VTI-TECH CVT SAVVY R",MG,ASTOR VTI-TECH AUTOMATIC SAVVY R,MG ASTOR AUTOMATIC SAVVY,MG ASTOR AUTOMATIC SAVVY
MG MOTOR INDIA PVT LTD,HECTOR PE 1.5DCT SMART BSVI,MG,HECTOR PETROL 1.5DCT SMART,MG HECTOR PETROL,MG HECTOR PETROL
MG MOTOR INDIA PVT LTD,HECTOR GSOLN1.5TCIC MTSHINEBS6,MG,HECTOR GSOLN1.5TCIC MTSHINEBS6,MG HECTOR PETROL,MG HECTOR PETROL
MG MOTOR INDIA PVT LTD,WINDSOR EV EXCLUSIVE,MG,WINDSOR EV EXCLUSIVE,MG WINDSOR EV,MG WINDSOR EV
MG MOTOR INDIA PVT LTD,GLOSTER DE 4X4 7 SEAT SHARP,MG,GLOSTER DIESEL 4X4 7 SEAT SHARP,MG GLOSTER 4X4 7 SEATER,MG GLOSTER 4X4 7 SEATER
M/S MG MOTOR INDIA PRIVATE LIMITED,HECTOR GASOLINE 1.5 TCIC DCT S,MG,HECTOR GASOLINE 1.5 TCIC AUTOMATIC S,MG HECTOR PETROL AUTOMATIC,MG HECTOR PETROL AUTOMATIC
MG MOTOR INDIA PVT LTD,COMET EV PACE,MG,COMET EV PACE,MG OTHER,MG OTHER
MG MOTOR INDIA PVT LTD,HECTORPLUS 6 SEATSMART DCT BS6,MG,HECTOR PLUS 6 SEATSMART AUTOMATIC BS6,MG HECTOR PLUS 6 SEATER,MG HECTOR PLUS 6 SEATER
MG MOTOR INDIA PVT LTD,"MG MOTOR INDIA PVT LTD, GLOSTER 4X2 6S SAVVY",MG,GLOSTER 4X2 6S SAVVY,MG GLOSTER 4X2,MG GLOSTER 4X2
JSW MG MOTOR INDIA PVT LTD,ZS EV EXCLUSIVE IVORY,MG,ZS EV EXCLUSIVE IVORY,MG ZS EV EXCLUSIVE,MG ZS EV EXCLUSIVE
M/S MG MOTOR INDIA PRIVATE LIMITED,HECTOR- PLUS6 STR DIESEL 2.0 M,MG,HECTOR  PLUS6 STR DIESEL 2.0 M,MG HECTOR,MG HECTOR
M/S MG MOTOR INDIA PRIVATE LIMITED,MG ZS EV EXCLUSIVE BOV,MG,ZS EV EXCLUSIVE BOV,MG ZS EV EXCLUSIVE,MG ZS EV EXCLUSIVE
M/S MG MOTOR INDIA PRIVATE LIMITED,HECTORPLUS7 SAVVYPR0 1639GEH B,MG,HECTOR PLUS7 SAVVYPR0 1639GEH B,MG HECTOR PLUS,MG HECTOR PLUS
MG MOTOR INDIA PVT LTD,HECTOR PLUS 7 SAVVY PRO CVT,MG,HECTOR PLUS 7 SAVVY PRO AUTOMATIC,MG HECTOR PLUS,MG HECTOR PLUS
MG MOTOR INDIA PVT LTD,HECTOR+ GSOLNE1.5TCICMTHSPRBS6,MG,HECTOR+ GSOLNE1.5TCICMTHSPRBS6,MG HECTOR PETROL,MG HECTOR PETROL
MG MOTOR INDIA PVT LTD,"MG MOTOR INDIA PVT LTD, HECTORPLUS 1.5 CVT SHARP BSVI",MG,HECTOR PLUS 1.5 AUTOMATIC SHARP,MG HECTOR PLUS,MG HECTOR PLUS
M/S MG MOTOR INDIA PRIVATE LIMITED,HECTOR GASOLINE 1.5 TCIC  CVT SHARP BSVI,MG,HECTOR GASOLINE 1.5 TCIC  AUTOMATIC SHARP,MG HECTOR PETROL AUTOMATIC SHARP,MG HECTOR PETROL AUTOMATIC SHARP
M/S MG MOTOR INDIA PRIVATE LIMITED,ZS ASTOR VTI-TECH MT SHARP BSVI,MG,ASTOR VTI-TECH MANUAL SHARP,MG ASTOR MANUAL SHARP,MG ASTOR MANUAL SHARP
MG MOTOR INDIA PVT LTD,HECTOR PLUS7 SHARP PRO EX MT,MG,HECTOR PLUS7 SHARP PRO EX MANUAL,MG HECTOR PLUS,MG HECTOR PLUS
MG MOTOR INDIA PVT LTD,HECTORPLUS 6SEATSMART DCT BSVI,MG,HECTOR PLUS 6SEATSMART AUTOMATIC,MG HECTOR PLUS 6 SEATER,MG HECTOR PLUS 6 SEATER
MG MOTOR INDIA PVT LTD,GLOSTER 4X4 7S SAVVY,MG,GLOSTER 4X4 7S SAVVY,MG GLOSTER 4X4 7 SEATER,MG GLOSTER 4X4 7 SEATER
MG MOTOR INDIA PVT LTD,ZS EV EXCITE,MG,ZS EV EXCITE,MG ZS EV,MG ZS EV
MG MOTOR INDIA PVT LTD,COMET EV EXCITE FC,MG,COMET EV EXCITE FC,MG OTHER,MG OTHER
M/S MG MOTOR INDIA PRIVATE LIMITED,GLOSTER DI 2.0TWIN TURBO4X4 7STR 8AT SHARP BSVI,MG,GLOSTER DI 2.0TWIN TURBO4X4 7STR 8AT SHARP,MG GLOSTER 4X4 7 SEATER,MG GLOSTER 4X4 7 SEATER
M/S MG MOTOR INDIA PRIVATE LIMITED,HECTOR- GASOLINE 1.5 TCIC DCT,MG,HECTOR  GASOLINE 1.5 TCIC AUTOMATIC,MG HECTOR PETROL AUTOMATIC,MG HECTOR PETROL AUTOMATIC
MG MOTOR INDIA PVT LTD,HECTOR PE 1.5 CVT SMART BSVI,MG,HECTOR PETROL 1.5 AUTOMATIC SMART,MG HECTOR PETROL AUTOMATIC,MG HECTOR PETROL AUTOMATIC
M/S MG MOTOR INDIA PRIVATE LIMITED,HECTOR DIESEL 2.0 MT STYLE BSI,MG,HECTOR DIESEL 2.0 MANUAL STYLE BSI,MG HECTOR DIESEL,MG HECTOR DIESEL
MG MOTOR INDIA PVT LTD,"MG MOTOR INDIA PVT LTD, HECTORPLUS 6SEAT DEMT SHARPBS6",MG,HECTOR PLUS 6SEAT DIESEL SHARPBS6,MG HECTOR PLUS 6 SEATER,MG HECTOR PLUS 6 SEATER
M/S MG MOTOR INDIA PRIVATE LIMITED,HECTOR SAVVYPRO 1328GEH BSVI,MG,HECTOR SAVVYPRO 1328GEH,MG HECTOR SAVVY,MG HECTOR SAVVY
MG MOTOR INDIA PVT LTD,HECTOR SHARPPRO 6MT,MG,HECTOR SHARPPRO 6MT,MG HECTOR SHARP,MG HECTOR SHARP
MG MOTOR INDIA PVT LTD,ZS EV EXCLUSIVE PLUS,MG,ZS EV EXCLUSIVE PLUS,MG ZS EV EXCLUSIVE,MG ZS EV EXCLUSIVE
JSW MG MOTOR INDIA PVT LTD,ASTOR VTI TECH MT SELECT,MG,ASTOR VTI TECH MANUAL SELECT,MG ASTOR,MG ASTOR
M/S MG MOTOR INDIA PRIVATE LIMITED,ZS ASTOR MT  MT SMART EX 2127GFJ BSVI,MG,ASTOR MANUAL  MANUAL SMART EX 2127GFJ,MG ASTOR,MG ASTOR
MG MOTOR INDIA PVT LTD,HECTOR GASOLINE1.5TCICDCTSMBS4,MG,HECTOR GASOLINE1.5TCICDCTSMBS4,MG HECTOR PETROL,MG HECTOR PETROL
MG MOTOR INDIA PVT LTD,COMET EV EXECUTIVE,MG,COMET EV EXECUTIVE,MG OTHER,MG OTHER
MG MOTOR INDIA PVT LTD,ZS EV EXCLUSIVE PRO,MG,ZS EV EXCLUSIVE PRO,MG ZS EV EXCLUSIVE,MG ZS EV EXCLUSIVE
MG MOTOR INDIA PVT LTD,HECTOR PLUS6 CVT SHARP,MG,HECTOR PLUS6 AUTOMATIC SHARP,MG HECTOR PLUS,MG HECTOR PLUS
MG MOTOR INDIA PVT LTD,"MG MOTOR INDIA PVT LTD, HECTORPLUS 7SEATDEMT SELECTBS6",MG,HECTOR PLUS 7SEATDIESEL SELECTBS6,MG HECTOR PLUS 7 SEATER,MG HECTOR PLUS 7 SEATER
MG MOTOR INDIA PVT LTD,HECTOR PLUS 6 SHARP PRO CVT,MG,HECTOR PLUS 6 SHARP PRO AUTOMATIC,MG HECTOR PLUS,MG HECTOR PLUS
MG MOTOR INDIA PVT LTD,HECTOR DE MT SUPER BSVI,MG,HECTOR DIESEL MANUAL SUPER,MG HECTOR DIESEL,MG HECTOR DIESEL
M/S MG MOTOR INDIA PRIVATE LIMITED,HECTOR GASOLINE 1.5 TCIC  CVT,MG,HECTOR GASOLINE 1.5 TCIC  AUTOMATIC,MG HECTOR PETROL AUTOMATIC,MG HECTOR PETROL AUTOMATIC
MG MOTOR INDIA PVT LTD,HECTOR GASLN1.5TCICMTSUPERBS6,MG,HECTOR GASLN1.5TCICMTSUPERBS6,MG HECTOR PETROL,MG HECTOR PETROL
JSW MG MOTOR INDIA PVT LTD,HECTOR SHARP PRO CVT,MG,HECTOR SHARP PRO AUTOMATIC,MG HECTOR SHARP,MG HECTOR SHARP
M/S MG MOTOR INDIA PRIVATE LIMITED,ZS ASTOR 220TURBO 6AT SAVVY RE,MG,ASTOR 220TURBO 6AT SAVVY RE,MG ASTOR,MG ASTOR
MG MOTOR INDIA PVT LTD,HECTOR PE 1.5 CVT SHARP BSVI,MG,HECTOR PETROL 1.5 AUTOMATIC SHARP,MG HECTOR PETROL AUTOMATIC SHARP,MG HECTOR PETROL AUTOMATIC SHARP
MG MOTOR INDIA PVT LTD,ZS EV 100 YR EDITION,MG,ZS EV 100 YR EDITION,MG ZS EV,MG ZS EV
MG MOTOR INDIA PVT LTD,HECTOR SHARP EX DT CVT,MG,HECTOR SHARP EX DT AUTOMATIC,MG HECTOR SHARP,MG HECTOR SHARP
MG MOTOR INDIA PVT LTD,ASTOR VTI TECH CVT SHARPPRO,MG,ASTOR VTI TECH AUTOMATIC SHARPPRO,MG ASTOR,MG ASTOR
M/S MG MOTOR INDIA PRIVATE LIMITED,ZS ASTOR VTI-TECH CVT SAVVY RE,MG,ASTOR VTI-TECH AUTOMATIC SAVVY RE,MG ASTOR AUTOMATIC SAVVY,MG ASTOR AUTOMATIC SAVVY
M/S MG MOTOR INDIA PRIVATE LIMITED,ZS EV EXCLUSIVE IVORY 2015 EAF,MG,ZS EV EXCLUSIVE IVORY 2015 EAF,MG ZS EV EXCLUSIVE,MG ZS EV EXCLUSIVE
MG MOTOR INDIA PVT LTD,HECTORPLUS 7 SHARP PRO DSL MT,MG,HECTOR PLUS 7 SHARP PRO DSL MANUAL,MG HECTOR PLUS,MG HECTOR PLUS
MG MOTOR INDIA PVT LTD,ASTOR VTI TECH CVT SAVVYPRO R,MG,ASTOR VTI TECH AUTOMATIC SAVVYPRO R,MG ASTOR,MG ASTOR
MG MOTOR INDIA PVT LTD,GLOSTER 2.0TT 7S8ATSAV 4X4 BS6,MG,GLOSTER 2.0TT 7S8ATSAV 4X4 BS6,MG GLOSTER 4X4 7 SEATER,MG GLOSTER 4X4 7 SEATER
MG MOTOR INDIA PVT LTD,HECTOR+ GSLN1.5TCICMTHYSHRPBS6,MG,HECTOR+ GSLN1.5TCICMTHYSHRPBS6,MG HECTOR PETROL,MG HECTOR PETROL
M/S MG MOTOR INDIA PRIVATE LIMITED,HECTOR DIESEL 2.0 MT SMART BSVI,MG,HECTOR DIESEL 2.0 MANUAL SMART,MG HECTOR DIESEL SMART,MG HECTOR DIESEL SMART
JSW MG MOTOR INDIA PVT LTD,ASTOR VTI TECH MT SPRINT,MG,ASTOR VTI TECH MANUAL SPRINT,MG ASTOR,MG ASTOR
M/S MG MOTOR INDIA PRIVATE LIMITED,COMET EV PACE 3001EBR BOV,MG,COMET EV PACE 3001EBR BOV,MG OTHER,MG OTHER
MG MOTOR INDIA PVT LTD,"MG MOTOR INDIA PVT LTD, HECTOR PLUS 6 SAVVY PRO CVT",MG,HECTOR PLUS 6 SAVVY PRO AUTOMATIC,MG HECTOR PLUS,MG HECTOR PLUS
M/S MG MOTOR INDIA PRIVATE LIMITED,HECTOR GASOLINE 1.5 TCIC MT HYBRID SHARP BSVI,MG,HECTOR GASOLINE 1.5 TCIC MANUAL HYBRID SHARP,MG HECTOR HYBRID,MG HECTOR HYBRID
M/S MG MOTOR INDIA PRIVATE LIMITED,ZS ASTOR MT  MT SHARP EX 2128GFJ BSVI,MG,ASTOR MANUAL  MANUAL SHARP EX 2128GFJ,MG ASTOR,MG ASTOR
MG MOTOR INDIA PVT LTD,ZS ASTOR VTI-TECH MT SMART EX,MG,ASTOR VTI-TECH MANUAL SMART EX,MG ASTOR MANUAL,MG ASTOR MANUAL
M/S MG MOTOR INDIA PRIVATE LIMITED,HECTORPLUS7 SHARPPRO 1637GEH BSVI-PH2,MG,HECTOR PLUS7 SHARPPRO 1637GEH -PH2,MG HECTOR PLUS,MG HECTOR PLUS
M/S MG MOTOR INDIA PRIVATE LIMITED,ZS EV EXCLUSIVE IVORY 2015 EAF BOV,MG,ZS EV EXCLUSIVE IVORY 2015 EAF BOV,MG ZS EV EXCLUSIVE,MG ZS EV EXCLUSIVE
MG MOTOR INDIA PVT LTD,ZS ASTOR VTI-TECH MT STYLE,MG,ASTOR VTI-TECH MANUAL STYLE,MG ASTOR MANUAL,MG ASTOR MANUAL
MG MOTOR INDIA PVT LTD,HECTOR SMARTPRO 6MT,MG,HECTOR SMARTPRO 6MT,MG HECTOR SMART,MG HECTOR SMART
MG MOTOR INDIA PVT LTD,ZS ASTOR VTI-TECH MT SHARP,MG,ASTOR VTI-TECH MANUAL SHARP,MG ASTOR MANUAL SHARP,MG ASTOR MANUAL SHARP
MG MOTOR INDIA PVT LTD,HECTOR DE 2.0 MT STYLE,MG,HECTOR DIESEL 2.0 MANUAL STYLE,MG HECTOR DIESEL,MG HECTOR DIESEL
M/S MG MOTOR INDIA PRIVATE LIMITED,HECTOR-PLUS 7STR GSO1.5TCIC MTHYBRID SUPER BSVI,MG,HECTOR PLUS 7STR GSO1.5TCIC MTHYBRID SUPER,MG HECTOR PLUS 7 SEATER,MG HECTOR PLUS 7 SEATER
MG MOTOR INDIA PVT LTD,HECTOR DSL2.0MT SMARTHYCCM1BS4,MG,HECTOR DSL2.0MT SMARTHYCCM1BS4,MG HECTOR SMART,MG HECTOR SMART
M/S MG MOTOR INDIA PRIVATE LIMITED,GLOSTER DI 2.0TWIN TURBO4X4 6STR 8AT SAVVY BSVI,MG,GLOSTER DI 2.0TWIN TURBO4X4 6STR 8AT SAVVY,MG GLOSTER 4X4 6 SEATER,MG GLOSTER 4X4 6 SEATER
JSW MG MOTOR INDIA PVT LTD,HECTOR PE 1.5 CVT SHARP BSVI,MG,HECTOR PETROL 1.5 AUTOMATIC SHARP,MG HECTOR PETROL AUTOMATIC SHARP,MG HECTOR PETROL AUTOMATIC SHARP
MG MOTOR INDIA PVT LTD,HECTORPLUS7 SHARPPRO 6MT,MG,HECTOR PLUS7 SHARPPRO 6MT,MG HECTOR PLUS,MG HECTOR PLUS
MG MOTOR INDIA PVT LTD,GLOSTER 4X4 7S BLACK STORM,MG,GLOSTER 4X4 7S BLACK STORM,MG GLOSTER 4X4 7 SEATER,MG GLOSTER 4X4 7 SEATER
MG MOTOR INDIA PVT LTD,ZS ASTOR VTI-TECH MT SMART,MG,ASTOR VTI-TECH MANUAL SMART,MG ASTOR MANUAL,MG ASTOR MANUAL
M/S MG MOTOR INDIA PRIVATE LIMITED,HECTOR DIESEL 2.0 MT SHARP BSIV,MG,HECTOR DIESEL 2.0 MANUAL SHARP BSIV,MG HECTOR DIESEL SHARP,MG HECTOR DIESEL SHARP
MG MOTOR INDIA PVT LTD,HECTOR DE MT SMART BSVI,MG,HECTOR DIESEL MANUAL SMART,MG HECTOR DIESEL SMART,MG HECTOR DIESEL SMART
MG MOTOR INDIA PVT LTD,HECTOR SAVVY PRO CVT,MG,HECTOR SAVVY PRO AUTOMATIC,MG HECTOR SAVVY,MG HECTOR SAVVY
MG MOTOR INDIA PVT LTD,HECTORPLUS 7SEATDEMT SELECTBS6,MG,HECTOR PLUS 7SEATDIESEL SELECTBS6,MG HECTOR PLUS 7 SEATER,MG HECTOR PLUS 7 SEATER
MG MOTOR INDIA PVT LTD,HECTOR PE 1.5 DCT SMART BSVI,MG,HECTOR PETROL 1.5 AUTOMATIC SMART,MG HECTOR PETROL AUTOMATIC,MG HECTOR PETROL AUTOMATIC
M/S MG MOTOR INDIA PRIVATE LIMITED,HECTOR  GASOLINE 1.5 TCIC MT HYBRID SHARP BSIV,MG,HECTOR  GASOLINE 1.5 TCIC MANUAL HYBRID SHARP BSIV,MG HECTOR HYBRID,MG HECTOR HYBRID
MG MOTOR INDIA PVT LTD,HECTOR PLUS 6SEAT HYBRID SHARP,MG,HECTOR PLUS 6SEAT HYBRID SHARP,MG HECTOR PLUS 6 SEATER,MG HECTOR PLUS 6 SEATER
M/S MG MOTOR INDIA PRIVATE LIMITED,HECTOR-GASOLINE 1.5 TCIC MT HY,MG,HECTOR GASOLINE 1.5 TCIC MANUAL HY,MG HECTOR PETROL MANUAL,MG HECTOR PETROL MANUAL
MG MOTOR INDIA PVT LTD,HECTORPLUS7 BLACKTORM CVT,MG,HECTOR PLUS7 BLACKTORM AUTOMATIC,MG HECTOR PLUS,MG HECTOR PLUS
JSW MG MOTOR INDIA PVT LTD,HECTORPLUS6 SHARPPRO DSL 6MT,MG,HECTOR PLUS6 SHARPPRO DSL 6MT,MG HECTOR PLUS,MG HECTOR PLUS
M/S MG MOTOR INDIA PRIVATE LIMITED,ZS ASTOR 220TURBO 6AT SAVVY RED BSVI,MG,ASTOR 220TURBO 6AT SAVVY RED,MG ASTOR,MG ASTOR
M/S MG MOTOR INDIA PRIVATE LIMITED,HECTOR GESOLINE 1.5 TCIC DCT S,MG,HECTOR GESOLINE 1.5 TCIC AUTOMATIC S,MG HECTOR PETROL AUTOMATIC,MG HECTOR PETROL AUTOMATIC
MG MOTOR INDIA PVT LTD,HECTOR GSOLN1.5TCICMTHYSMRTBS6,MG,HECTOR GSOLN1.5TCICMTHYSMRTBS6,MG HECTOR PETROL,MG HECTOR PETROL
MG MOTOR INDIA PVT LTD,HECTOR DSL2.0MT SUPERHYCCM1BS4,MG,HECTOR DSL2.0MT SUPERHYCCM1BS4,MG HECTOR,MG HECTOR
M/S MG MOTOR INDIA PRIVATE LIMITED,HECTOR-PLUS6 SHARP 1527GEH BSV,MG,HECTOR PLUS6 SHARP 1527GEH,MG HECTOR PLUS,MG HECTOR PLUS
MG MOTOR INDIA PVT LTD,HECTOR SMARTPRO DSL 6MT,MG,HECTOR SMARTPRO DSL 6MT,MG HECTOR DIESEL SMART,MG HECTOR DIESEL SMART
MG MOTOR INDIA PVT LTD,ZS ASTOR VTI-TECH MT STYLE EX,MG,ASTOR VTI-TECH MANUAL STYLE EX,MG ASTOR MANUAL,MG ASTOR MANUAL
MG MOTOR INDIA PVT LTD,ZS ASTOR 220TURBO 6AT SAVVYRED,MG,ASTOR 220TURBO 6AT SAVVYRED,MG ASTOR,MG ASTOR
MG MOTOR INDIA PVT LTD,MG ZS EV EXCLUSIVE,MG,ZS EV EXCLUSIVE,MG ZS EV EXCLUSIVE,MG ZS EV EXCLUSIVE
MG MOTOR INDIA PVT LTD,HECTOR DIESEL 2.0MT SMART BSVI,MG,HECTOR DIESEL 2.0MT SMART,MG HECTOR DIESEL SMART,MG HECTOR DIESEL SMART
M/S MG MOTOR INDIA PRIVATE LIMITED,HECTOR SAVVYPRO 1628GEH BSVI-P,MG,HECTOR SAVVYPRO 1628GEH -P,MG HECTOR SAVVY,MG HECTOR SAVVY
M/S MG MOTOR INDIA PRIVATE LIMITED,HECTOR-GASOLINE 1.5 TCIC MT HYBRID SHARP BSVI,MG,HECTOR GASOLINE 1.5 TCIC MANUAL HYBRID SHARP,MG HECTOR HYBRID,MG HECTOR HYBRID
MG MOTOR INDIA PVT LTD,"MG MOTOR INDIA PVT LTD, HECTOR SHARP EX DT CVT",MG,HECTOR SHARP EX DT AUTOMATIC,MG HECTOR SHARP,MG HECTOR SHARP
MG MOTOR INDIA PVT LTD,HECTOR PE 1.5MT HYBRID SUPER,MG,HECTOR PETROL 1.5MT HYBRID SUPER,MG HECTOR HYBRID,MG HECTOR HYBRID
JSW MG MOTOR INDIA PVT LTD,ZS ASTOR VTI-TECH MT SMART,MG,ASTOR VTI-TECH MANUAL SMART,MG ASTOR MANUAL,MG ASTOR MANUAL
MG MOTOR INDIA PVT LTD,"MG MOTOR INDIA PVT LTD, HECTOR PLUS 7 SAVVY PRO CVT",MG,HECTOR PLUS 7 SAVVY PRO AUTOMATIC,MG HECTOR PLUS,MG HECTOR PLUS
MG MOTOR INDIA PVT LTD,ZS EV EXECUTIVE,MG,ZS EV EXECUTIVE,MG ZS EV EXECUTIVE,MG ZS EV EXECUTIVE
MG MOTOR INDIA PVT LTD,"MG MOTOR INDIA PVT LTD, ZS ASTOR VTI-TECH CVT SHARP",MG,ASTOR VTI-TECH AUTOMATIC SHARP,MG ASTOR AUTOMATIC,MG ASTOR AUTOMATIC
M/S MG MOTOR INDIA PRIVATE LIMITED,HECTOR- GASOLINE 1.5 TCIC DCT- SHARP BSVI,MG,HECTOR  GASOLINE 1.5 TCIC AUTOMATIC- SHARP,MG HECTOR PETROL AUTOMATIC SHARP,MG HECTOR PETROL AUTOMATIC SHARP
M/S MG MOTOR INDIA PRIVATE LIMITED,HECTOR- GASOLINE 1.5 TCIC MT S,MG,HECTOR  GASOLINE 1.5 TCIC MANUAL S,MG HECTOR PETROL MANUAL,MG HECTOR PETROL MANUAL
MG MOTOR INDIA PVT LTD,"MG MOTOR INDIA PVT LTD, HECTOR PE 1.5MT SHINE BSVI",MG,HECTOR PETROL 1.5MT SHINE,MG HECTOR PETROL,MG HECTOR PETROL
M/S MG MOTOR INDIA PRIVATE LIMITED,HECTOR SHARPPRO 1326GCA BSVI,MG,HECTOR SHARPPRO 1326GCA,MG HECTOR SHARP,MG HECTOR SHARP
MG MOTOR INDIA PVT LTD,"MG MOTOR INDIA PVT LTD, ZS ASTOR VTI-TECH MT SUPER EX",MG,ASTOR VTI-TECH MANUAL SUPER EX,MG ASTOR MANUAL,MG ASTOR MANUAL
MG MOTOR INDIA PVT LTD,HECTOR SHARPPRO CVT,MG,HECTOR SHARPPRO AUTOMATIC,MG HECTOR SHARP,MG HECTOR SHARP
MG MOTOR INDIA PVT LTD,HECTOR PLUS6 SHARP PRO MT,MG,HECTOR PLUS6 SHARP PRO MANUAL,MG HECTOR PLUS,MG HECTOR PLUS
MG MOTOR INDIA PVT LTD,HECTORPLUS7 SAVVYPRO CVT,MG,HECTOR PLUS7 SAVVYPRO AUTOMATIC,MG HECTOR PLUS,MG HECTOR PLUS
MG MOTOR INDIA PVT LTD,HECTOR PE 1.5 DCT SHARP BSVI,MG,HECTOR PETROL 1.5 AUTOMATIC SHARP,MG HECTOR PETROL AUTOMATIC SHARP,MG HECTOR PETROL AUTOMATIC SHARP
M/S MG MOTOR INDIA PRIVATE LIMITED,HECTOR DIESEL 2.0 MT SMART BSI,MG,HECTOR DIESEL 2.0 MANUAL SMART BSI,MG HECTOR DIESEL SMART,MG HECTOR DIESEL SMART
MG MOTOR INDIA PVT LTD,"MG MOTOR INDIA PVT LTD, ZS ASTOR VTI-TECH MT SHARP EX",MG,ASTOR VTI-TECH MANUAL SHARP EX,MG ASTOR MANUAL SHARP,MG ASTOR MANUAL SHARP
MG MOTOR INDIA PVT LTD,HECTORPLUS DE 6SEAT SHARP BSVI,MG,HECTOR PLUS DIESEL 6SEAT SHARP,MG HECTOR PLUS 6 SEATER,MG HECTOR PLUS 6 SEATER
JSW MG MOTOR INDIA PVT LTD,HECTORPLUS DE 7SEAT SELECT,MG,HECTOR PLUS DIESEL 7SEAT SELECT,MG HECTOR PLUS 7 SEATER,MG HECTOR PLUS 7 SEATER
MG MOTOR INDIA PVT LTD,HECTOR PLUS 6 SAVVY PRO CVT,MG,HECTOR PLUS 6 SAVVY PRO AUTOMATIC,MG HECTOR PLUS,MG HECTOR PLUS
M/S MG MOTOR INDIA PRIVATE LIMITED,HECTOR PLUS 6 SEATER DIESEL2.0 MT SHARP BSVI,MG,HECTOR PLUS 6 SEATER DIESEL2.0 MANUAL SHARP,MG HECTOR PLUS 6 SEATER,MG HECTOR PLUS 6 SEATER
MG MOTOR INDIA PVT LTD,HECTOR PE 1.5 MT HYBRID SHARP,MG,HECTOR PETROL 1.5 MANUAL HYBRID SHARP,MG HECTOR HYBRID,MG HECTOR HYBRID
M/S MG MOTOR INDIA PRIVATE LIMITED,HECTOR DIESEL 2.0 MT SHARP BSVI,MG,HECTOR DIESEL 2.0 MANUAL SHARP,MG HECTOR DIESEL SHARP,MG HECTOR DIESEL SHARP
JSW MG MOTOR INDIA PVT LTD,ZS EV ESSENCE,MG,ZS EV ESSENCE,MG ZS EV,MG ZS EV
MG MOTOR INDIA PVT LTD,"MG MOTOR INDIA PVT LTD, ZS ASTOR 220TURBO 6AT SAVVYRED",MG,ASTOR 220TURBO 6AT SAVVYRED,MG ASTOR,MG ASTOR
MG MOTOR INDIA PVT LTD,"MG MOTOR INDIA PVT LTD, GLOSTER 4X4 7S SAVVY",MG,GLOSTER 4X4 7S SAVVY,MG GLOSTER 4X4 7 SEATER,MG GLOSTER 4X4 7 SEATER
M/S MG MOTOR INDIA PRIVATE LIMITED,HECTOR GASOLINE 1.5 TCIC MT HY,MG,HECTOR GASOLINE 1.5 TCIC MANUAL HY,MG HECTOR PETROL MANUAL,MG HECTOR PETROL MANUAL
M/S MG MOTOR INDIA PRIVATE LIMITED,ZS ASTOR MT  MT STYLE EX 2123G,MG,ASTOR MANUAL  MANUAL STYLE EX 2123G,MG ASTOR,MG ASTOR
MG MOTOR INDIA PVT LTD,HECTOR PE1.5 MT HYBRID SMART,MG,HECTOR PE1.5 MANUAL HYBRID SMART,MG HECTOR HYBRID,MG HECTOR HYBRID
M/S MG MOTOR INDIA PRIVATE LIMITED,HECTOR- PLUS 7 STR DIESEL 2.0 ,MG,HECTOR  PLUS 7 STR DIESEL 2.0,MG HECTOR,MG HECTOR
MG MOTOR INDIA PVT LTD,HECTOR DE 2.0 MT SUPER,MG,HECTOR DIESEL 2.0 MANUAL SUPER,MG HECTOR DIESEL,MG HECTOR DIESEL
MG MOTOR INDIA PVT LTD,ZS ASTOR VTI-TECH CVT SHARPSTD,MG,ASTOR VTI-TECH AUTOMATIC SHARPSTD,MG ASTOR AUTOMATIC,MG ASTOR AUTOMATIC
MG MOTOR INDIA PVT LTD,ZS EV ESSENCE,MG,ZS EV ESSENCE,MG ZS EV,MG ZS EV
M/S MG MOTOR INDIA PRIVATE LIMITED,ZS ASTOR VTI-TECH CVT SAVVY RED BSVI,MG,ASTOR VTI-TECH AUTOMATIC SAVVY RED,MG ASTOR AUTOMATIC SAVVY,MG ASTOR AUTOMATIC SAVVY
MG MOTOR INDIA PVT LTD,GLOSTER 4X2 6S SAVVY,MG,GLOSTER 4X2 6S SAVVY,MG GLOSTER 4X2,MG GLOSTER 4X2
MG MOTOR INDIA PVT LTD,HECTOR DIESEL 2.0 SHINE BSVI,MG,HECTOR DIESEL 2.0 SHINE,MG HECTOR DIESEL,MG HECTOR DIESEL
MG MOTOR INDIA PVT LTD,HECTOR DIESEL 2.0MT SUPER BSVI,MG,HECTOR DIESEL 2.0MT SUPER,MG HECTOR DIESEL,MG HECTOR DIESEL
M/S MG MOTOR INDIA PRIVATE LIMITED,ZS ASTOR MT  MT SHARP EX 2128G,MG,ASTOR MANUAL  MANUAL SHARP EX 2128G,MG ASTOR,MG ASTOR
MG MOTOR INDIA PVT LTD,HECTORPLUS DE 7SEAT SMART BSVI,MG,HECTOR PLUS DIESEL 7SEAT SMART,MG HECTOR PLUS 7 SEATER,MG HECTOR PLUS 7 SEATER
M/S MG MOTOR INDIA PRIVATE LIMITED,WINDSOR EV ESSENCE BOV,MG,WINDSOR EV ESSENCE BOV,MG WINDSOR EV ESSENCE,MG WINDSOR EV ESSENCE
MG MOTOR INDIA PVT LTD,ZS EV EXCLUSIVE,MG,ZS EV EXCLUSIVE,MG ZS EV EXCLUSIVE,MG ZS EV EXCLUSIVE
MG MOTOR INDIA PVT LTD,GLOSTER 2.0TT 6S8ATSVY 4X4 BS6,MG,GLOSTER 2.0TT 6S8ATSVY 4X4 BS6,MG GLOSTER 4X4 6 SEATER,MG GLOSTER 4X4 6 SEATER
MG MOTOR INDIA PVT LTD,ASTOR VTI TECH CVT SELECT,MG,ASTOR VTI TECH AUTOMATIC SELECT,MG ASTOR,MG ASTOR
MG MOTOR INDIA PVT LTD,COMET EV PLUSH,MG,COMET EV PLUSH,MG OTHER,MG OTHER
M/S MG MOTOR INDIA PRIVATE LIMITED,HECTORPLUS6 SAVVYPRO 1629GEH B,MG,HECTOR PLUS6 SAVVYPRO 1629GEH B,MG HECTOR PLUS,MG HECTOR PLUS
M. G. CAR COMPANY,BOLERO MAXI TRUCK BS-II,MG,BOLERO MAXI TRUCK BS-II,MG OTHER,MG OTHER
MG MOTOR INDIA PVT LTD,HECTORPLUS 1.5 CVT SHARP BSVI,MG,HECTOR PLUS 1.5 AUTOMATIC SHARP,MG HECTOR PLUS,MG HECTOR PLUS
M/S MG MOTOR INDIA PRIVATE LIMITED,HECTOR GASOLINE 1.5 TCIC MT H,MG,HECTOR GASOLINE 1.5 TCIC MANUAL H,MG HECTOR PETROL MANUAL,MG HECTOR PETROL MANUAL
M/S MG MOTOR INDIA PRIVATE LIMITED,ZS ASTOR 220TURBO 6AT SHARP BS,MG,ASTOR 220TURBO 6AT SHARP BS,MG ASTOR,MG ASTOR
M/S MG MOTOR INDIA PRIVATE LIMITED,ZS ASTOR MT MT SHARP EX 2128G,MG,ASTOR MANUAL MANUAL SHARP EX 2128G,MG ASTOR,MG ASTOR
M/S MG MOTOR INDIA PRIVATE LIMITED,HECTOR- GASOLINE 1.5 TCIC DCT ,MG,HECTOR  GASOLINE 1.5 TCIC AUTOMATIC,MG HECTOR PETROL AUTOMATIC,MG HECTOR PETROL AUTOMATIC
MG MOTOR INDIA PVT LTD,ZS ASTOR VTI-TECH CVT SAVVY R,MG,ASTOR VTI-TECH AUTOMATIC SAVVY R,MG ASTOR AUTOMATIC SAVVY,MG ASTOR AUTOMATIC SAVVY
MG MOTOR INDIA PVT LTD,ZS ASTOR VTI-TECH MT SUPER,MG,ASTOR VTI-TECH MANUAL SUPER,MG ASTOR MANUAL,MG ASTOR MANUAL
M/S MG MOTOR INDIA PRIVATE LIMITED,HECTOR SAVVYPRO 1628GEH BSVI-PH2,MG,HECTOR SAVVYPRO 1628GEH -PH2,MG HECTOR SAVVY,MG HECTOR SAVVY
M/S MG MOTOR INDIA PRIVATE LIMITED,ZS ASTOR VTI-TECH CVT SHARP BS,MG,ASTOR VTI-TECH AUTOMATIC SHARP BS,MG ASTOR AUTOMATIC,MG ASTOR AUTOMATIC
MG MOTOR INDIA PVT LTD,HECTOR GSOLN1.5TCICCVTSMARTBS6,MG,HECTOR GSOLN1.5TCICCVTSMARTBS6,MG HECTOR PETROL,MG HECTOR PETROL
MG MOTOR INDIA PVT LTD,GLOSTER 4X4 6S BLACK STROM,MG,GLOSTER 4X4 6S BLACK STROM,MG GLOSTER 4X4 6 SEATER,MG GLOSTER 4X4 6 SEATER
MG MOTOR INDIA PVT LTD,ZS ASTOR VTI-TECH CVT SHARP R,MG,ASTOR VTI-TECH AUTOMATIC SHARP R,MG ASTOR AUTOMATIC,MG ASTOR AUTOMATIC
MG MOTOR INDIA PVT LTD,HECTOR PE1.5MT HYBRID SUPER,MG,HECTOR PE1.5MT HYBRID SUPER,MG HECTOR HYBRID,MG HECTOR HYBRID
Mg Motor India Pvt Ltd,Hector Blackstorm Dsl 6mt,MG,HECTOR BLACKSTORM DSL 6MT,MG HECTOR DIESEL,MG HECTOR DIESEL
MG MOTOR INDIA PVT LTD,ZS EV EXCLUSIVE IVORY,MG,ZS EV EXCLUSIVE IVORY,MG ZS EV EXCLUSIVE,MG ZS EV EXCLUSIVE
MG MOTOR INDIA PVT LTD,HECTOR PE 1.5MT HYBRID SMART,MG,HECTOR PETROL 1.5MT HYBRID SMART,MG HECTOR HYBRID,MG HECTOR HYBRID
MG MOTOR INDIA PVT LTD,HECTOR GASOLINE1.5TCICMTHSBS4,MG,HECTOR GASOLINE1.5TCICMTHSBS4,MG HECTOR PETROL,MG HECTOR PETROL
MG MOTOR INDIA PVT LTD,FORTUNER (AT),MG,FORTUNER (AT),MG OTHER,MG OTHER
MG MOTOR INDIA PVT LTD,HECTOR PE 1.5MT SHINE BSVI,MG,HECTOR PETROL 1.5MT SHINE,MG HECTOR PETROL,MG HECTOR PETROL
M/S MG MOTOR INDIA PRIVATE LIMITED,ZS EV EXCLUSIVE PRO BOV,MG,ZS EV EXCLUSIVE PRO BOV,MG ZS EV EXCLUSIVE,MG ZS EV EXCLUSIVE
M/S MG MOTOR INDIA PRIVATE LIMITED,HECTOR-PLUS 6STR GSO1.5TCIC DCT-SHARP BSVI,MG,HECTOR PLUS 6STR GSO1.5TCIC AUTOMATIC-SHARP,MG HECTOR PLUS 6 SEATER,MG HECTOR PLUS 6 SEATER
MG MOTOR INDIA PVT LTD,"MG MOTOR INDIA PVT LTD, HECTOR DE MT SHARP BSVI",MG,HECTOR DIESEL MANUAL SHARP,MG HECTOR DIESEL SHARP,MG HECTOR DIESEL SHARP
MG MOTOR INDIA PVT LTD,ASTOR VTI TECH MT SPRINT,MG,ASTOR VTI TECH MANUAL SPRINT,MG ASTOR,MG ASTOR
MG MOTOR INDIA PVT LTD,HECTOR PLUS HYBRID SHARP,MG,HECTOR PLUS HYBRID SHARP,MG HECTOR PLUS,MG HECTOR PLUS
M/S MG MOTOR INDIA PRIVATE LIMITED,GLOSTER DI 2.0TWIN TURBO4X4 6S,MG,GLOSTER DI 2.0TWIN TURBO4X4 6S,MG GLOSTER 4X4 6 SEATER,MG GLOSTER 4X4 6 SEATER
MG MOTOR INDIA PVT LTD,"MG MOTOR INDIA PVT LTD, ZS ASTOR VTI-TECH CVT SUPER",MG,ASTOR VTI-TECH AUTOMATIC SUPER,MG ASTOR AUTOMATIC,MG ASTOR AUTOMATIC
M/S MG MOTOR INDIA PRIVATE LIMITED,HECTOR GASOLINE 1.5 TCIC  CVT ,MG,HECTOR GASOLINE 1.5 TCIC  AUTOMATIC,MG HECTOR PETROL AUTOMATIC,MG HECTOR PETROL AUTOMATIC
MG MOTOR INDIA PVT LTD,ASTOR VTI TECH MT SELECT,MG,ASTOR VTI TECH MANUAL SELECT,MG ASTOR,MG ASTOR
