clean_model,final_model,count
DATSUN GO T,DATSUN GO,23
DATSUN REDI GO T O,DATSUN GO,23
DATSUN GO,DATSUN GO,13
DATSUN REDI GO S O,DATSUN GO,13
DATSUN REDI GO A,DATSUN GO,7
DATSUN REDI GO S,DATSUN GO,7
DATSUN REDI GO T,DATSUN GO,7
DATSUN REDI-GO T O,DATSUN GO,7
DATSUN REDIGO T O,DATSUN GO,7
DATSUN GO A,DATSUN GO,6
DATSUN GO T O,DATSUN GO,5
DATSUN REDI-GO A,DATSUN GO,5
DATSUN GO T 1.2,DATSUN GO,4
DATSUN REDI GO,DATSUN GO,4
DATSUN REDI GO D,DATSUN GO,4
DATSUN REDI GO T O PETROL,DATSUN GO,4
DATSUN REDI-GO S,DATSUN GO,4
DATSUN GO A EPS,DATSUN GO,3
DATSUN GO T O AIRBAG,DATSUN GO,3
DATSUN GOT,DATSUN GO,3
DATSUN REDI - GO T O,DATSUN GO,3
DATSUN REDI GO T O 1.0 M1,DATSUN GO,3
DATSUN REDI-GO S S-DRIVE 1.0,DATSUN GO,3
DATSUN REDI-GO S1.0,DATSUN GO,3
DATSUN REDI-GO T,DATSUN GO,3
DASTSUN GO T,DATSUN GO,2
DASTUN GO T,DATSUN GO,2
DATSUN GO A O,DATSUN GO,2
DATSUN GO REMIX EDITION,DATSUN GO,2
DATSUN GO T O M1,DATSUN GO,2
DATSUN GO T PETROL,DATSUN GO,2
DATSUN REDI - GO S O,DATSUN GO,2
DATSUN REDI GO LIMITED EDITION,DATSUN GO,2
DATSUN REDI GO S 1.0,DATSUN GO,2
DATSUN REDI GO T O 1.0,DATSUN GO,2
DATSUN REDI GO TO,DATSUN GO,2
DATSUN REDI GOT O,DATSUN GO,2
DATSUN REDI-GO,DATSUN GO,2
DATSUN REDI-GO D,DATSUN GO,2
DATSUN REDI-GO S O,DATSUN GO,2
DATSUN REDI-GO T O 1.0,DATSUN GO,2
DATSUN REDI-GO T O S-DRIVE1.0,DATSUN GO,2
DATSUN REDIGO T,DATSUN GO,2
DUTSUN GO T,DATSUN GO,2
REDI GO T,DATSUN GO,2
REDI GO T O,DATSUN GO,2
REDI GO T O S-DRIVE 1.0,DATSUN GO,2
REDI-GO T O 1.0 LIMITED,DATSUN GO,2
REDI-GO T O LIMITED EDITION,DATSUN GO,2
REDI-GO T O S-DRIVE 1.0,DATSUN GO,2
ADO DATSUM GO,DATSUN GO,1
ADO DATSUN GO,DATSUN GO,1
CDO DATSUN REDI GO,DATSUN GO,1
CDO DUTSUN REDI GO,DATSUN GO,1
CDO-DATSUN REDI GO,DATSUN GO,1
DASTUN GO,DATSUN GO,1
DASTUN REDI GO S,DATSUN GO,1
DASTUN REDI GO T,DATSUN GO,1
DASTUN REDI GO T DIESEL,DATSUN GO,1
DASTUN REDI GO T O,DATSUN GO,1
DATDUN GO T,DATSUN GO,1
DATSAN REDI GO,DATSUN GO,1
DATSAN REDI GO T O,DATSUN GO,1
DATSON GO,DATSUN GO,1
DATSON GO T,DATSUN GO,1
DATSON GO T STYLE,DATSUN GO,1
DATSON REDI GO,DATSUN GO,1
DATSON REDI GO S,DATSUN GO,1
DATSON REDI GO T,DATSUN GO,1
DATSON REDI GO T O,DATSUN GO,1
DATSUM GO T,DATSUN GO,1
DATSUN GO 1.2,DATSUN GO,1
DATSUN GO 1.2 PETROL T,DATSUN GO,1
DATSUN GO A ERS,DATSUN GO,1
DATSUN GO A WITH EPS,DATSUN GO,1
DATSUN GO A1,DATSUN GO,1
DATSUN GO AEPS,DATSUN GO,1
DATSUN GO ANNI EDITION,DATSUN GO,1
DATSUN GO ANNIVERSARY EDITION,DATSUN GO,1
DATSUN GO D,DATSUN GO,1
DATSUN GO D1,DATSUN GO,1
DATSUN GO EPS,DATSUN GO,1
DATSUN GO NXT,DATSUN GO,1
DATSUN GO PIUS T,DATSUN GO,1
DATSUN GO STYLE,DATSUN GO,1
DATSUN GO SV,DATSUN GO,1
DATSUN GO T ANNIVERSARY PETROL,DATSUN GO,1
DATSUN GO T CVT,DATSUN GO,1
DATSUN GO T DT,DATSUN GO,1
DATSUN GO T LMV MOTOR,DATSUN GO,1
DATSUN GO T METALLIC,DATSUN GO,1
DATSUN GO T O CVT,DATSUN GO,1
DATSUN GO T O PETROL,DATSUN GO,1
DATSUN GO T/BS1V,DATSUN GO,1
DATSUN GO T1.2,DATSUN GO,1
DATSUN GO TBS IV,DATSUN GO,1
DATSUN GO TRUST,DATSUN GO,1
DATSUN GO TRUST T,DATSUN GO,1
DATSUN I 2 REDI GO S O,DATSUN GO,1
DATSUN READY GO T O,DATSUN GO,1
DATSUN REDI - GO - B,DATSUN GO,1
DATSUN REDI - GO A,DATSUN GO,1
DATSUN REDI - GO D,DATSUN GO,1
DATSUN REDI - GO S,DATSUN GO,1
DATSUN REDI - GO T,DATSUN GO,1
DATSUN REDI GO 0.8 PET S -O,DATSUN GO,1
DATSUN REDI GO GOLD 1 0 PETROL,DATSUN GO,1
DATSUN REDI GO GOLD 1.0LTR,DATSUN GO,1
DATSUN REDI GO GT,DATSUN GO,1
DATSUN REDI GO LTDEDITION,DATSUN GO,1
DATSUN REDI GO S 1 LTR,DATSUN GO,1
DATSUN REDI GO S 1.0 M1,DATSUN GO,1
DATSUN REDI GO SPORT,DATSUN GO,1
DATSUN REDI GO SPORTS,DATSUN GO,1
DATSUN REDI GO T 0,DATSUN GO,1
DATSUN REDI GO T O S D1 0 BS,DATSUN GO,1
DATSUN REDI GO T O S DRIVE,DATSUN GO,1
DATSUN REDI GO T O S-DRIVE 1.,DATSUN GO,1
DATSUN REDI GO T OS DRIVE,DATSUN GO,1
DATSUN REDI GO T PETROL,DATSUN GO,1
DATSUN REDI GO TB,DATSUN GO,1
DATSUN REDI GO-S,DATSUN GO,1
DATSUN REDI GO-T,DATSUN GO,1
DATSUN REDI GO-T O,DATSUN GO,1
DATSUN REDI GO.,DATSUN GO,1
DATSUN REDI GO.T O,DATSUN GO,1
DATSUN REDI GOS 0,DATSUN GO,1
DATSUN REDI- GO,DATSUN GO,1
DATSUN REDI- GO 0.8 PET T-O,DATSUN GO,1
DATSUN REDI- GO T,DATSUN GO,1
DATSUN REDI- GO T O,DATSUN GO,1
DATSUN REDI-GO GOLD 1.0,DATSUN GO,1
DATSUN REDI-GO LTD EDT,DATSUN GO,1
DATSUN REDI-GO S 1.0,DATSUN GO,1
DATSUN REDI-GOT O,DATSUN GO,1
DATSUN REDI. GO,DATSUN GO,1
DATSUN REDIGO,DATSUN GO,1
DATSUN REDIGO A,DATSUN GO,1
DATSUN REDIGO S,DATSUN GO,1
DATSUN REDIGO S SPORTS,DATSUN GO,1
DATSUN REDIGO T O 1.0L,DATSUN GO,1
DATSUN REDIGO T O PETROL,DATSUN GO,1
DATSUN REDIGO T PETROL,DATSUN GO,1
DATSUN REDIGO T S,DATSUN GO,1
DATSUN-GO T,DATSUN GO,1
DATSUN.GO. T,DATSUN GO,1
DATSUNGO T O,DATSUN GO,1
DATSUNT GO,DATSUN GO,1
DESTUN GO,DATSUN GO,1
DETSUN GO,DATSUN GO,1
DTSAUN GO,DATSUN GO,1
DUSTEN GO T O,DATSUN GO,1
DUTSON GO,DATSUN GO,1
DUTSON GO EPS,DATSUN GO,1
DUTSON GO T,DATSUN GO,1
DUTSUN REDI GO A,DATSUN GO,1
DUTSUN REDI GO S,DATSUN GO,1
DUTSUN REDI GO T,DATSUN GO,1
DUTSUN REDI GO T O,DATSUN GO,1
M DATSUN GO T,DATSUN GO,1
ONE DATUN GO,DATSUN GO,1
REDI GO,DATSUN GO,1
REDI GO 1L AMT T O,DATSUN GO,1
REDI GO S,DATSUN GO,1
REDI GO S S-DRIVE1.0 M1,DATSUN GO,1
REDI GO T O S-DRIVE1.0 M1,DATSUN GO,1
REDI-GO S S-DRIVE 1.0,DATSUN GO,1
REDI-GO T,DATSUN GO,1
REDI-GO T O,DATSUN GO,1
DATSUN GO PLUS T,DATSUN GO PLUS,16
DATSUN GO PLUS T O,DATSUN GO PLUS,9
DATSUN GO PLUS,DATSUN GO PLUS,6
DATSUN GO PLUS A O,DATSUN GO PLUS,3
DATSUN GO T PLUS,DATSUN GO PLUS,3
DATSUN GO PLUS A,DATSUN GO PLUS,2
DATSUN GO PLUS REMIX EDITION,DATSUN GO PLUS,2
DATSUN GO PLUS T O AIRBAG,DATSUN GO PLUS,2
DATSUN GO PLUS T O CVT,DATSUN GO PLUS,2
DATSUN GO PLUS T PETROL,DATSUN GO PLUS,2
DATSUN GO PLUS T X V P,DATSUN GO PLUS,2
DATSUN GO PLUS T XV,DATSUN GO PLUS,2
DATSUN GO PLUST,DATSUN GO PLUS,2
DATSUN-GO PLUS,DATSUN GO PLUS,2
ADO DATSUN GO PLUS,DATSUN GO PLUS,1
DASTON GO PLUS T,DATSUN GO PLUS,1
DASTUN GO PLUS T,DATSUN GO PLUS,1
DATASUN GO PLUS T XV,DATSUN GO PLUS,1
DATSON GO PLUS T,DATSUN GO PLUS,1
DATSUN GO PLUS 1.2 PETROL T,DATSUN GO PLUS,1
DATSUN GO PLUS A EPS,DATSUN GO PLUS,1
DATSUN GO PLUS A O M1 S4,DATSUN GO PLUS,1
DATSUN GO PLUS A WITH EPS,DATSUN GO PLUS,1
DATSUN GO PLUS A1,DATSUN GO PLUS,1
DATSUN GO PLUS AEPS,DATSUN GO PLUS,1
DATSUN GO PLUS ANNIVERSARY,DATSUN GO PLUS,1
DATSUN GO PLUS ANNIVERSARY EDI,DATSUN GO PLUS,1
DATSUN GO PLUS D,DATSUN GO PLUS,1
DATSUN GO PLUS D1 BS,DATSUN GO PLUS,1
DATSUN GO PLUS D2,DATSUN GO PLUS,1
DATSUN GO PLUS EPS,DATSUN GO PLUS,1
DATSUN GO PLUS PETROL,DATSUN GO PLUS,1
DATSUN GO PLUS STYLE,DATSUN GO PLUS,1
DATSUN GO PLUS T 2 7,DATSUN GO PLUS,1
DATSUN GO PLUS T 7S,DATSUN GO PLUS,1
DATSUN GO PLUS T BS I,DATSUN GO PLUS,1
DATSUN GO PLUS T CVT,DATSUN GO PLUS,1
DATSUN GO PLUS T DT,DATSUN GO PLUS,1
DATSUN GO PLUS T M1,DATSUN GO PLUS,1
DATSUN GO PLUS T O M1,DATSUN GO PLUS,1
DATSUN GO PLUS T XV P,DATSUN GO PLUS,1
DATSUN GO PLUS TOP,DATSUN GO PLUS,1
DATSUN GO PLUS TXV O,DATSUN GO PLUS,1
DATSUN GO PLUS XV T 1.2,DATSUN GO PLUS,1
DATSUN GO PLUS..,DATSUN GO PLUS,1
DATSUN GO PLUSTBSIV,DATSUN GO PLUS,1
DATSUN GON PLUS XV 1.2,DATSUN GO PLUS,1
DATSUN PLUS GO T,DATSUN GO PLUS,1
DUSTON GO PLUS T,DATSUN GO PLUS,1
DUSTON GO T PLUS,DATSUN GO PLUS,1
DUTSUN GO PLUS,DATSUN GO PLUS,1
DUTSUN GO PLUS T,DATSUN GO PLUS,1
DUTSUN GO PLUS T 0,DATSUN GO PLUS,1
GO PLUS T,DATSUN GO PLUS,1
NISSAIN DATSUN GO PLUS,DATSUN GO PLUS,1
ONE DATSUN GO PLUS SV,DATSUN GO PLUS,1
ONE DATSUN GO PLUS T O,DATSUN GO PLUS,1
DATSUN,DATSUN OTHER,3
DATSUN TRUST T,DATSUN OTHER,3
DATSUN G0 PLUS T,DATSUN OTHER,1
DATSUN GP T,DATSUN OTHER,1
ONE DATSUN,DATSUN OTHER,1
3,NISSAN 370Z,1
370 Z MT,NISSAN 370Z,1
EVALIA XL,NISSAN EVALIA,3
EVALIA,NISSAN EVALIA,2
EVALIA XE,NISSAN EVALIA,2
EVALIA XV,NISSAN EVALIA,2
EVALIA XV D,NISSAN EVALIA,2
EVALIA XV DCI,NISSAN EVALIA,2
EVALIA 1.5 DCI XV,NISSAN EVALIA,1
EVALIA 1.5 XV DIESEL,NISSAN EVALIA,1
EVALIA DCI XL,NISSAN EVALIA,1
EVALIA DCI XV,NISSAN EVALIA,1
EVALIA DIESEL,NISSAN EVALIA,1
EVALIA EV,NISSAN EVALIA,1
EVALIA M20,NISSAN EVALIA,1
EVALIA NV 200,NISSAN EVALIA,1
EVALIA NV200,NISSAN EVALIA,1
EVALIA XD,NISSAN EVALIA,1
EVALIA XE DIESEL 1.5,NISSAN EVALIA,1
EVALIA XL DCI,NISSAN EVALIA,1
EVALIA XV DCI PREM CON.TO.,NISSAN EVALIA,1
EVALIA XV DIESEL,NISSAN EVALIA,1
EVALIA XVD,NISSAN EVALIA,1
EVALIYA XL DCI,NISSAN EVALIA,1
EVALIYA XV D,NISSAN EVALIA,1
M20 EVALIA,NISSAN EVALIA,1
NISAN EVALIA XE PLUS,NISSAN EVALIA,1
NV 200 EVALIA XL,NISSAN EVALIA,1
NV 200 EVALIA XV,NISSAN EVALIA,1
NV200 EVALIA XE,NISSAN EVALIA,1
NV200 EVALIA XL,NISSAN EVALIA,1
NV200 EVALIA XV,NISSAN EVALIA,1
NV200 EVALIA XV 6S,NISSAN EVALIA,1
KICKS XV PREMIUM OPTION DUAL,NISSAN KICKS,4
KICKS XL DIESEL,NISSAN KICKS,3
KICKS XV PETROL,NISSAN KICKS,3
KICKS XV PREMIUM CVT PETROL,NISSAN KICKS,2
KICKS XV PTR 1.5,NISSAN KICKS,2
KICKS XE DIESEL,NISSAN KICKS,1
KICKS XE DLS M1,NISSAN KICKS,1
KICKS XL DSL RIGIDWNSHLDM1,NISSAN KICKS,1
KICKS XL PETROL,NISSAN KICKS,1
KICKS XV CVT PETROL 1.3,NISSAN KICKS,1
KICKS XV DIESEL,NISSAN KICKS,1
KICKS XV DSL M1,NISSAN KICKS,1
KICKS XV DSL RIGIDWNSHLDM1,NISSAN KICKS,1
KICKS XV PETROL 1.3L TURBO,NISSAN KICKS,1
KICKS XV PRE O,NISSAN KICKS,1
KICKS XV PREMIUM DIESEL,NISSAN KICKS,1
KICKS XV PREMIUM DSL M1,NISSAN KICKS,1
KICKS XV PREMIUM DUAL,NISSAN KICKS,1
KICKS XV PREMIUM DUAL TONE,NISSAN KICKS,1
KICKS XV PREMIUM O DU,NISSAN KICKS,1
KICKS XV PREMIUM OPTION DIESEL,NISSAN KICKS,1
KICKS XV PREMIUM OPTION PETROL,NISSAN KICKS,1
KICKS XV PREMIUM OPTIONDIESEL,NISSAN KICKS,1
KICKS XV PREMIUM OPTIONPETROL,NISSAN KICKS,1
KICKS XV PREMIUM PETROL 1.3L,NISSAN KICKS,1
KICKS XV PREMUMODTPTR1.3TRBBS6,NISSAN KICKS,1
KICKS XV PRM DSL WNSHLDM1,NISSAN KICKS,1
KICKS XV PRM OPTDULTONDSLM1BS4,NISSAN KICKS,1
KICKS XV RIGID WNDSHLD M1,NISSAN KICKS,1
MAGNITE MT XV,NISSAN MAGNITE,5
MAGNITE MT XE,NISSAN MAGNITE,4
MAGNITE MT XL,NISSAN MAGNITE,4
MAGNITE MT XV EXE,NISSAN MAGNITE,4
MAGNITE TURBO CVT XV,NISSAN MAGNITE,3
MAGNITE TURBO CVT XV PRE O,NISSAN MAGNITE,3
MAGNITE TURBO MT XV,NISSAN MAGNITE,3
MAGNITE MT RED EDITION,NISSAN MAGNITE,2
MAGNITE MT XV PRE,NISSAN MAGNITE,2
MAGNITE MT XV PRM,NISSAN MAGNITE,2
MAGNITE TURBO CVT XV PRE,NISSAN MAGNITE,2
MAGNITE TURBO MT XL,NISSAN MAGNITE,2
MAGNITE TURBO MT XV EXE,NISSAN MAGNITE,2
MAGNITE TURBO MT XV PRE O,NISSAN MAGNITE,2
MAGNITE TURBOCVT XV PRE,NISSAN MAGNITE,2
. MAGNITE TURBO CVT XV P,NISSAN MAGNITE,1
MAGNITE AMT XE EZ-SHIFT,NISSAN MAGNITE,1
MAGNITE AMT XL EZ-SHIFT,NISSAN MAGNITE,1
MAGNITE AMT XV EZ-SHIFT,NISSAN MAGNITE,1
MAGNITE MT GEZA EDITION,NISSAN MAGNITE,1
MAGNITE MT KURO EDITION,NISSAN MAGNITE,1
MAGNITE TURBO CVT RED EDITION,NISSAN MAGNITE,1
MAGNITE TURBO CVT XL,NISSAN MAGNITE,1
MAGNITE TURBO CVT XLBS6,NISSAN MAGNITE,1
MAGNITE TURBO CVT XVBS6,NISSAN MAGNITE,1
MAGNITE TURBO CVTXV EXE,NISSAN MAGNITE,1
MAGNITE TURBO CVTXV PER O,NISSAN MAGNITE,1
MAGNITE TURBO MT RED EDITION,NISSAN MAGNITE,1
MAGNITE TURBO MT XV PRE,NISSAN MAGNITE,1
MAGNITE TURBO MTXVP,NISSAN MAGNITE,1
MAGNITE TURBO MTXVPOBS6,NISSAN MAGNITE,1
MAGNITETURBOCVTXVPRE O,NISSAN MAGNITE,1
NISSANMAGNITE TURBO MTXVPRE O,NISSAN MAGNITE,1
NISSANMAGNITEMTXE,NISSAN MAGNITE,1
MICRA XV,NISSAN MICRA,16
MICRA XL,NISSAN MICRA,15
MICRA,NISSAN MICRA,11
MICRA XE,NISSAN MICRA,9
MICRA DCI XV,NISSAN MICRA,8
MICRA DCI,NISSAN MICRA,5
MICRA DCI XL COMFORT,NISSAN MICRA,5
MICRA DCI XV PREMIUM,NISSAN MICRA,5
MICRA DL XV,NISSAN MICRA,5
MICRA MC XV CVT,NISSAN MICRA,5
MICRA XTRONIC CVT XV,NISSAN MICRA,5
MICRA XV CVT,NISSAN MICRA,5
K13 MICRA,NISSAN MICRA,4
MICRA DCI K13,NISSAN MICRA,4
MICRA DCI XL,NISSAN MICRA,4
MICRA K13,NISSAN MICRA,4
MICRA MC XL CVT,NISSAN MICRA,4
MICRA MC XVD,NISSAN MICRA,4
MICRA XV D,NISSAN MICRA,4
MICRA XV DCI,NISSAN MICRA,4
MICRA XV PREMIUM,NISSAN MICRA,4
MICRA XV R,NISSAN MICRA,4
K13,NISSAN MICRA,3
MICRA DIESEL XV,NISSAN MICRA,3
MICRA MC XLD,NISSAN MICRA,3
MICRA MC XLD O,NISSAN MICRA,3
MICRA PRIMO XV,NISSAN MICRA,3
MICRA XE PLUS,NISSAN MICRA,3
MICRA XL CVT,NISSAN MICRA,3
MICRA XL PETROL,NISSAN MICRA,3
MICRA XLD,NISSAN MICRA,3
M MICRA DCI K13,NISSAN MICRA,2
MICRA 1.2 DOM XL,NISSAN MICRA,2
MICRA 1.2 PETROL DOM XV,NISSAN MICRA,2
MICRA CVT,NISSAN MICRA,2
MICRA DCI K 13,NISSAN MICRA,2
MICRA DCI XV PREMIUM BS,NISSAN MICRA,2
MICRA DIESEL XV R,NISSAN MICRA,2
MICRA DL XV PREM,NISSAN MICRA,2
MICRA DLXV,NISSAN MICRA,2
MICRA MC DCI XE,NISSAN MICRA,2
MICRA MC DL XL,NISSAN MICRA,2
MICRA MC XE,NISSAN MICRA,2
MICRA MC XED,NISSAN MICRA,2
MICRA MC XL,NISSAN MICRA,2
MICRA MC XL D,NISSAN MICRA,2
MICRA MC XL O,NISSAN MICRA,2
MICRA MC XV CVT SV,NISSAN MICRA,2
MICRA PETROL,NISSAN MICRA,2
MICRA XE P,NISSAN MICRA,2
MICRA XE PETROL,NISSAN MICRA,2
MICRA XL 1.2,NISSAN MICRA,2
MICRA XL COMFORT,NISSAN MICRA,2
MICRA XL DCI,NISSAN MICRA,2
MICRA XL O DCI,NISSAN MICRA,2
MICRA XL O XTRONIC CVT,NISSAN MICRA,2
MICRA XV 1.2,NISSAN MICRA,2
MICRA XV 1.5,NISSAN MICRA,2
MICRA XV D PREMIUM,NISSAN MICRA,2
MICRA XV DCI PREMIUM,NISSAN MICRA,2
MICRA XV DIESEL,NISSAN MICRA,2
MICRA XV PETROL,NISSAN MICRA,2
MICRA XV PRIMIUM,NISSAN MICRA,2
MICRA XVD,NISSAN MICRA,2
XL,NISSAN MICRA,2
XV,NISSAN MICRA,2
.MICRA.XV,NISSAN MICRA,1
K 13,NISSAN MICRA,1
K 13 MICRA DCI XV,NISSAN MICRA,1
K 13 MICRA XL,NISSAN MICRA,1
K 13 MICRA XV,NISSAN MICRA,1
K-13 MICRA,NISSAN MICRA,1
K13 MICRA DCI XV,NISSAN MICRA,1
K13 MICRA XL,NISSAN MICRA,1
K13 NISAN MICRA,NISSAN MICRA,1
K13- MICRA,NISSAN MICRA,1
LMV. MICRA,NISSAN MICRA,1
LMV. MICRA XL,NISSAN MICRA,1
M MICRA K13,NISSAN MICRA,1
MICAR DCI K13,NISSAN MICRA,1
MICRA - XE,NISSAN MICRA,1
MICRA 1.2 DOM XE,NISSAN MICRA,1
MICRA 1.2 DOM XV CVT,NISSAN MICRA,1
MICRA 1.2 LTR XV PETROL,NISSAN MICRA,1
MICRA 1.2 PETROL XL,NISSAN MICRA,1
MICRA 1.2 XL,NISSAN MICRA,1
MICRA ACTIV XV S,NISSAN MICRA,1
MICRA ACTIVA XL,NISSAN MICRA,1
MICRA ACTIVA XV,NISSAN MICRA,1
MICRA ACTIVA XV S,NISSAN MICRA,1
MICRA DCI DIESEL,NISSAN MICRA,1
MICRA DCI K13 WB,NISSAN MICRA,1
MICRA DCI XL COMFORT IV,NISSAN MICRA,1
MICRA DCI XL COMFORT O,NISSAN MICRA,1
MICRA DCI XL CONFORT,NISSAN MICRA,1
MICRA DCI XV PREMIUM IV,NISSAN MICRA,1
MICRA DCI XV PRIMO,NISSAN MICRA,1
MICRA DIESAL XV,NISSAN MICRA,1
MICRA DIESAL XV PREMIUM,NISSAN MICRA,1
MICRA DIESEL,NISSAN MICRA,1
MICRA DIESEL XV D PREMIUM,NISSAN MICRA,1
MICRA DIESEL XV PREMIUM,NISSAN MICRA,1
MICRA DIESEL XV PREMIUM R,NISSAN MICRA,1
MICRA DIESEL XV PREMUIM R,NISSAN MICRA,1
MICRA DIESES XV,NISSAN MICRA,1
MICRA DL,NISSAN MICRA,1
MICRA DL XL,NISSAN MICRA,1
MICRA DL XV EURO IV,NISSAN MICRA,1
MICRA DL XV PREM BS. IV,NISSAN MICRA,1
MICRA DL XV PREMIUM,NISSAN MICRA,1
MICRA DL XV PREMIUM PRIMO,NISSAN MICRA,1
MICRA DL XV PRIMO,NISSAN MICRA,1
MICRA DL XV R,NISSAN MICRA,1
MICRA DOM XE,NISSAN MICRA,1
MICRA DOM XE PLUS,NISSAN MICRA,1
MICRA DOM XL,NISSAN MICRA,1
MICRA DOM XV,NISSAN MICRA,1
MICRA DSL XV R,NISSAN MICRA,1
MICRA EXTRONIC CVTXL,NISSAN MICRA,1
MICRA EXTRONIC CVTXV,NISSAN MICRA,1
MICRA K 13,NISSAN MICRA,1
MICRA M1 XE,NISSAN MICRA,1
MICRA M1 XL,NISSAN MICRA,1
MICRA M1 XV,NISSAN MICRA,1
MICRA MC DCI XV,NISSAN MICRA,1
MICRA MC DL XE,NISSAN MICRA,1
MICRA MC DL XV,NISSAN MICRA,1
MICRA MC XE D,NISSAN MICRA,1
MICRA MC XE DIESEL,NISSAN MICRA,1
MICRA MC XL COMFORT,NISSAN MICRA,1
MICRA MC XL CVT BS1V,NISSAN MICRA,1
MICRA MC XL CVT SV,NISSAN MICRA,1
MICRA MC XL D O,NISSAN MICRA,1
MICRA MC XL DCI,NISSAN MICRA,1
MICRA MC XL O XRONIC,NISSAN MICRA,1
MICRA MC XL PETROL,NISSAN MICRA,1
MICRA MC XLO,NISSAN MICRA,1
MICRA MC XLP,NISSAN MICRA,1
MICRA MC XV,NISSAN MICRA,1
MICRA MC XV CVT BS 1V,NISSAN MICRA,1
MICRA MC XV CVT PETROL,NISSAN MICRA,1
MICRA MC XVD DIESEL,NISSAN MICRA,1
MICRA MC XVD PRE,NISSAN MICRA,1
MICRA PREMIUM PRIMO XV,NISSAN MICRA,1
MICRA PRIMO,NISSAN MICRA,1
MICRA PRIMO XL,NISSAN MICRA,1
MICRA PRIMO XV DCI PREM,NISSAN MICRA,1
MICRA PRIMO XV DIESEL,NISSAN MICRA,1
MICRA PRIMO XV DIESEL CAR,NISSAN MICRA,1
MICRA VX,NISSAN MICRA,1
MICRA VX PREMIUM,NISSAN MICRA,1
MICRA X VD,NISSAN MICRA,1
MICRA XE 1.2 PETROL,NISSAN MICRA,1
MICRA XE 12 PETROL,NISSAN MICRA,1
MICRA XE D,NISSAN MICRA,1
MICRA XE D MC,NISSAN MICRA,1
MICRA XE PETROL 1.2BS 4,NISSAN MICRA,1
MICRA XE R,NISSAN MICRA,1
MICRA XED,NISSAN MICRA,1
MICRA XL 1.2 PETROL,NISSAN MICRA,1
MICRA XL D OPTIONAL,NISSAN MICRA,1
MICRA XL DCI C,NISSAN MICRA,1
MICRA XL DIESEL,NISSAN MICRA,1
MICRA XL DOM,NISSAN MICRA,1
MICRA XL EIV,NISSAN MICRA,1
MICRA XL O DIESEL,NISSAN MICRA,1
MICRA XL O P,NISSAN MICRA,1
MICRA XL PACK 1,NISSAN MICRA,1
MICRA XLO,NISSAN MICRA,1
MICRA XTONIC CVT XV,NISSAN MICRA,1
MICRA XTRONIC CVT XL,NISSAN MICRA,1
MICRA XTRONIC CVTXV,NISSAN MICRA,1
MICRA XTRONIC XVCVT,NISSAN MICRA,1
MICRA XV 1.2 PETROL,NISSAN MICRA,1
MICRA XV 1.5 PREMIUM,NISSAN MICRA,1
MICRA XV 15 DIESEL,NISSAN MICRA,1
MICRA XV CVT AT,NISSAN MICRA,1
MICRA XV CVT DOM,NISSAN MICRA,1
MICRA XV CVT PT,NISSAN MICRA,1
MICRA XV D PREMIMUM,NISSAN MICRA,1
MICRA XV DI,NISSAN MICRA,1
MICRA XV DIESEAL,NISSAN MICRA,1
MICRA XV DIESEL 1.5,NISSAN MICRA,1
MICRA XV DIESEL CAR,NISSAN MICRA,1
MICRA XV DIESEL PREMIUM,NISSAN MICRA,1
MICRA XV EIV,NISSAN MICRA,1
MICRA XV PETROL R,NISSAN MICRA,1
MICRA XV PRE,NISSAN MICRA,1
MICRA XV PREM D,NISSAN MICRA,1
MICRA XV PREMIAM D,NISSAN MICRA,1
MICRA XV PREMIAM R,NISSAN MICRA,1
MICRA XV PREMIUM 1.5,NISSAN MICRA,1
MICRA XV PREMIUM 1.5 DIESEL,NISSAN MICRA,1
MICRA XV PREMIUM R,NISSAN MICRA,1
MICRA XV PREMIUM R BDS3,NISSAN MICRA,1
MICRA XV PRIMO DIESEL,NISSAN MICRA,1
MICRA XV PRIMO PR,NISSAN MICRA,1
MICRA XV PRM DCI,NISSAN MICRA,1
MICRA XV S,NISSAN MICRA,1
MICRA XV SP 1.2,NISSAN MICRA,1
MICRA XV XTRONIC CVT,NISSAN MICRA,1
MICRA XV XTRONIC CVT B,NISSAN MICRA,1
MICRA XV XTRONIC CVT DUALTONE,NISSAN MICRA,1
MICRA XVD K13 M1,NISSAN MICRA,1
MICRA XVD P,NISSAN MICRA,1
MICRA XVD PREMIUM,NISSAN MICRA,1
MICRA- XV,NISSAN MICRA,1
MICRA.BS.4,NISSAN MICRA,1
MICRA.DCI.XV,NISSAN MICRA,1
MICRAXV,NISSAN MICRA,1
MICRO DIESEL XV PREMIUM,NISSAN MICRA,1
N MODEL MICRA DCI K13,NISSAN MICRA,1
NICRA,NISSAN MICRA,1
NISAN MICRA,NISSAN MICRA,1
NISAN MICRA - XVD,NISSAN MICRA,1
NISAN MICRA XV,NISSAN MICRA,1
NISSAN MICRA,NISSAN MICRA,1
NISSANMICRADCIXVBSIV,NISSAN MICRA,1
NISSANMICRADCIXVPREMIUMBSIV,NISSAN MICRA,1
NISSIAN MICRA XV,NISSAN MICRA,1
XL MICRA DOM,NISSAN MICRA,1
XV MICRA DOM,NISSAN MICRA,1
MICRA ACTIVE XV,NISSAN MICRA ACTIVE,16
MICRA ACTIVE XL,NISSAN MICRA ACTIVE,9
MICRA ACTIVE XV S,NISSAN MICRA ACTIVE,5
MICRA ACTIVE XE,NISSAN MICRA ACTIVE,3
MICRA ACTIVE XV SAFETY,NISSAN MICRA ACTIVE,3
MICRA ACTIVE XV SP,NISSAN MICRA ACTIVE,3
MICRA ACTIVE,NISSAN MICRA ACTIVE,2
MICRA ACTIVE XL O PETROL,NISSAN MICRA ACTIVE,2
MICRA ACTIVE XV PETROL,NISSAN MICRA ACTIVE,2
MICRA ACTIVE XV SAFEPAC,NISSAN MICRA ACTIVE,2
MICRA ACTIVE XVS,NISSAN MICRA ACTIVE,2
MICRA XL ACTIVE,NISSAN MICRA ACTIVE,2
MICRA ACTIVE VX,NISSAN MICRA ACTIVE,1
MICRA ACTIVE XL PETROL,NISSAN MICRA ACTIVE,1
MICRA ACTIVE XV BS1V,NISSAN MICRA ACTIVE,1
MICRA ACTIVE XV S P,NISSAN MICRA ACTIVE,1
MICRA ACTIVE XV S/PACK,NISSAN MICRA ACTIVE,1
MICRA ACTIVE XV SAFET,NISSAN MICRA ACTIVE,1
MICRA ACTIVE XV SAFETY PACK,NISSAN MICRA ACTIVE,1
MICRA ACTIVE XV SAFETYPACK,NISSAN MICRA ACTIVE,1
MICRA ACTIVE XV SAFTY,NISSAN MICRA ACTIVE,1
MICRA ACTIVE XV SAFTY PACK,NISSAN MICRA ACTIVE,1
MICRA ACTIVE XV SP 1.2,NISSAN MICRA ACTIVE,1
MICRA ACTIVE XV SP BSI,NISSAN MICRA ACTIVE,1
MICRA ACTIVE XVP,NISSAN MICRA ACTIVE,1
MICRA XV ACTIVE,NISSAN MICRA ACTIVE,1
MICRA XV ACTIVE SP,NISSAN MICRA ACTIVE,1
MICRA XV P ACTIVE,NISSAN MICRA ACTIVE,1
N MICRA 1.2 PET ACTIVE XV,NISSAN MICRA ACTIVE,1
N MICRA ACTIVE XL,NISSAN MICRA ACTIVE,1
N MICRA ACTIVE XVS,NISSAN MICRA ACTIVE,1
,NISSAN OTHER,3
RENAULT AUTOMOTIVE I P L,NISSAN OTHER,3
CAR,NISSAN OTHER,2
NOT AVAILABLE,NISSAN OTHER,2
ACHIEVER DISC SELF CAST,NISSAN OTHER,1
ACTIVE XV S MY 15,NISSAN OTHER,1
BMW 320D,NISSAN OTHER,1
BMW 320D LCI PW AT,NISSAN OTHER,1
BMW 525D,NISSAN OTHER,1
BMW X1 SDRIVE 20D EAT LA,NISSAN OTHER,1
BMW X1 XDRIVE20D M S W A T,NISSAN OTHER,1
BMW X3 2.0D,NISSAN OTHER,1
CABSTAR 690L,NISSAN OTHER,1
COMMANDER 650 DI 4SPD-2WD,NISSAN OTHER,1
COMMANDER 655 D12WD,NISSAN OTHER,1
DISPOSAL,NISSAN OTHER,1
DUSTER RXE ADV EDI 85PS DIESEL,NISSAN OTHER,1
DY 100 17,NISSAN OTHER,1
E-RICKSHAW,NISSAN OTHER,1
J31,NISSAN OTHER,1
JEEP.,NISSAN OTHER,1
KWID RXT,NISSAN OTHER,1
L/TAXI IMPORTED VEHICLE,NISSAN OTHER,1
LAVREL,NISSAN OTHER,1
LMV CAR,NISSAN OTHER,1
M CAR,NISSAN OTHER,1
M MICRO DCI K13,NISSAN OTHER,1
M T 30,NISSAN OTHER,1
MIRCA,NISSAN OTHER,1
N/T XV DCI,NISSAN OTHER,1
NEW SUUNYXL CVT,NISSAN OTHER,1
NIS TER XV PREM AMT DCI 110PS,NISSAN OTHER,1
OTHERS,NISSAN OTHER,1
RENAULT PULSE RXZ,NISSAN OTHER,1
T 30,NISSAN OTHER,1
T31,NISSAN OTHER,1
TEMPO TRAX TOOPAN,NISSAN OTHER,1
TERNA 250XV CKD,NISSAN OTHER,1
X TRIAL AT,NISSAN OTHER,1
XENON CREW CAB 4 2 WIT DICOR,NISSAN OTHER,1
FORD IKON 1.6 RALLY SPORT,NISSAN SPORT,1
SUNNY XL,NISSAN SUNNY,14
SUNNY XV,NISSAN SUNNY,14
SUNNY DCI XL,NISSAN SUNNY,11
SUNNY DCI XV,NISSAN SUNNY,10
SUNNY,NISSAN SUNNY,8
SUNNY XE,NISSAN SUNNY,8
SUNNY XL DCI,NISSAN SUNNY,8
SUNNY XL DIESEL,NISSAN SUNNY,6
SUNNY XV DIESEL,NISSAN SUNNY,6
SUNNY XL D,NISSAN SUNNY,5
SUNNY XV DCI,NISSAN SUNNY,5
SUNNY XVD,NISSAN SUNNY,5
SUNNY MC XVD,NISSAN SUNNY,4
SUNNY XL PETROL,NISSAN SUNNY,4
SUNNY XTRONIC CVT XL,NISSAN SUNNY,4
SUNNY XV D,NISSAN SUNNY,4
SUNNY XL CVT,NISSAN SUNNY,3
SUNNY XLD,NISSAN SUNNY,3
SUNNY XV DIESEL 1.5,NISSAN SUNNY,3
NISAN SUNNY XL,NISSAN SUNNY,2
NISSANSUNNYDCIXLBSIV,NISSAN SUNNY,2
SUNNY DIESEL XL,NISSAN SUNNY,2
SUNNY DIESEL XV,NISSAN SUNNY,2
SUNNY XE DIESEL,NISSAN SUNNY,2
SUNNY XE P,NISSAN SUNNY,2
SUNNY XL DIESEL 1.5,NISSAN SUNNY,2
SUNNY XV 1.5,NISSAN SUNNY,2
SUNNY XV PETROL,NISSAN SUNNY,2
.SUNNY,NISSAN SUNNY,1
LMV. SUNNY XV,NISSAN SUNNY,1
M SUNNY XL,NISSAN SUNNY,1
N SUNNY XE DCI,NISSAN SUNNY,1
N SUNNY XED,NISSAN SUNNY,1
N17 SUNNY,NISSAN SUNNY,1
NASSAN SUNNY XL,NISSAN SUNNY,1
NEW SUNNY XVD,NISSAN SUNNY,1
NIS MOD SUNNY XV DCI,NISSAN SUNNY,1
NISSAN SUNNY,NISSAN SUNNY,1
NISSAN SUNNY XV,NISSAN SUNNY,1
NISSANSUNNYDCIXVBSIV,NISSAN SUNNY,1
NISSANSUNNYXVBSIV,NISSAN SUNNY,1
S UNNY XE,NISSAN SUNNY,1
SNNY XV PETROL,NISSAN SUNNY,1
SUNNAY XL DCI,NISSAN SUNNY,1
SUNNT DCI XL,NISSAN SUNNY,1
SUNNU XL,NISSAN SUNNY,1
SUNNY - XL,NISSAN SUNNY,1
SUNNY 1.5 DCI,NISSAN SUNNY,1
SUNNY 1.5 DCI XL,NISSAN SUNNY,1
SUNNY 1.5 DCI XV,NISSAN SUNNY,1
SUNNY 1.5 DOM XL,NISSAN SUNNY,1
SUNNY 1.5 L XV,NISSAN SUNNY,1
SUNNY 1.5 PETROL,NISSAN SUNNY,1
SUNNY 1.5 PETROL XE,NISSAN SUNNY,1
SUNNY 1.5 PETROL XL,NISSAN SUNNY,1
SUNNY 1.5DCI,NISSAN SUNNY,1
SUNNY 1.5DCI XV,NISSAN SUNNY,1
SUNNY D CIXL,NISSAN SUNNY,1
SUNNY DCI XE,NISSAN SUNNY,1
SUNNY DCI XI,NISSAN SUNNY,1
SUNNY DCI XL - 1.5L,NISSAN SUNNY,1
SUNNY DCI XL 1.5L,NISSAN SUNNY,1
SUNNY DCI XL BS1V,NISSAN SUNNY,1
SUNNY DCI XL IV,NISSAN SUNNY,1
SUNNY DCI XV - PREMIUM,NISSAN SUNNY,1
SUNNY DCI XV 1.5 L,NISSAN SUNNY,1
SUNNY DCI XV 1.5L,NISSAN SUNNY,1
SUNNY DCI XV PRE,NISSAN SUNNY,1
SUNNY DCI XV PREMIUM,NISSAN SUNNY,1
SUNNY DCI XV PRMM OPTNL,NISSAN SUNNY,1
SUNNY DCI XV-1.5L,NISSAN SUNNY,1
SUNNY DCI-XV-CAR,NISSAN SUNNY,1
SUNNY DIESEL,NISSAN SUNNY,1
SUNNY DIESEL DCI XL,NISSAN SUNNY,1
SUNNY DIESEL DCI XV,NISSAN SUNNY,1
SUNNY DIESEL XV STORM,NISSAN SUNNY,1
SUNNY DISEL XV,NISSAN SUNNY,1
SUNNY DXI XL,NISSAN SUNNY,1
SUNNY EX,NISSAN SUNNY,1
SUNNY LDU1 XV,NISSAN SUNNY,1
SUNNY M C XE D,NISSAN SUNNY,1
SUNNY M C XV D,NISSAN SUNNY,1
SUNNY MC M DIESEL XV SEFTY,NISSAN SUNNY,1
SUNNY MC XED,NISSAN SUNNY,1
SUNNY MC XL,NISSAN SUNNY,1
SUNNY MC XL B S IV DI,NISSAN SUNNY,1
SUNNY MC XL PETROL CVT,NISSAN SUNNY,1
SUNNY MC XLD,NISSAN SUNNY,1
SUNNY MC XV,NISSAN SUNNY,1
SUNNY MC XV BSV,NISSAN SUNNY,1
SUNNY MC XV CVT PETROL,NISSAN SUNNY,1
SUNNY MC XV DIESEL,NISSAN SUNNY,1
SUNNY MC XV DIESEL BS I,NISSAN SUNNY,1
SUNNY MC XVD PREM LTH,NISSAN SUNNY,1
SUNNY MC XVD PREMIUM,NISSAN SUNNY,1
SUNNY MCXLD,NISSAN SUNNY,1
SUNNY P XL CVT,NISSAN SUNNY,1
SUNNY PETROL,NISSAN SUNNY,1
SUNNY PETROL XE,NISSAN SUNNY,1
SUNNY PETROL XL,NISSAN SUNNY,1
SUNNY SUNNY DCI XV,NISSAN SUNNY,1
SUNNY X V,NISSAN SUNNY,1
SUNNY XE 1.5 PETROL,NISSAN SUNNY,1
SUNNY XE 1.5L,NISSAN SUNNY,1
SUNNY XE DCI,NISSAN SUNNY,1
SUNNY XE PETROL,NISSAN SUNNY,1
SUNNY XED,NISSAN SUNNY,1
SUNNY XED BS 1V,NISSAN SUNNY,1
SUNNY XL 1.5,NISSAN SUNNY,1
SUNNY XL 1.5 DIESEL,NISSAN SUNNY,1
SUNNY XL 1.5 L,NISSAN SUNNY,1
SUNNY XL 1.5L,NISSAN SUNNY,1
SUNNY XL CVT PETROL,NISSAN SUNNY,1
SUNNY XL DCI EURO IV,NISSAN SUNNY,1
SUNNY XL DCI SEPCIAL EDITION,NISSAN SUNNY,1
SUNNY XL DEISEL,NISSAN SUNNY,1
SUNNY XL DIESEL CAR,NISSAN SUNNY,1
SUNNY XL DISL,NISSAN SUNNY,1
SUNNY XL EIV,NISSAN SUNNY,1
SUNNY XL P,NISSAN SUNNY,1
SUNNY XL VARIANT,NISSAN SUNNY,1
SUNNY XL/XV,NISSAN SUNNY,1
SUNNY XTONIC CVT,NISSAN SUNNY,1
SUNNY XTONIC CVT XL,NISSAN SUNNY,1
SUNNY XTRONIC CVT,NISSAN SUNNY,1
SUNNY XTRONIC CVT XV,NISSAN SUNNY,1
SUNNY XV 1.5 DIESEL,NISSAN SUNNY,1
SUNNY XV 1.5 PETROL,NISSAN SUNNY,1
SUNNY XV 1.5L,NISSAN SUNNY,1
SUNNY XV 15 PETROL,NISSAN SUNNY,1
SUNNY XV CVT,NISSAN SUNNY,1
SUNNY XV D SPL EDITION,NISSAN SUNNY,1
SUNNY XV DC1,NISSAN SUNNY,1
SUNNY XV DCI.,NISSAN SUNNY,1
SUNNY XV DI,NISSAN SUNNY,1
SUNNY XV DIESEL CAR,NISSAN SUNNY,1
SUNNY XV DISEL 1.5,NISSAN SUNNY,1
SUNNY XV EIV,NISSAN SUNNY,1
SUNNY XV IV,NISSAN SUNNY,1
SUNNY XV N17,NISSAN SUNNY,1
SUNNY XV P,NISSAN SUNNY,1
SUNNY XV SPECIAL EDITION,NISSAN SUNNY,1
SUNNY XV SPL EDP,NISSAN SUNNY,1
SUNNY XV VARIANT,NISSAN SUNNY,1
SUNNY XV-PREMIUM OPTIONAL,NISSAN SUNNY,1
SUNNY XVD S,NISSAN SUNNY,1
SUNNY.XV.BS.4,NISSAN SUNNY,1
SUNNYXV,NISSAN SUNNY,1
SUNY XE,NISSAN SUNNY,1
SUUNY XL D,NISSAN SUNNY,1
TEANA,NISSAN TEANA,2
TEANA J32,NISSAN TEANA,2
TEANA XV,NISSAN TEANA,2
-TEANA CAR-,NISSAN TEANA,1
LMV TEANA,NISSAN TEANA,1
NA,NISSAN TEANA,1
NISAN TEANA 250 XV CKD,NISSAN TEANA,1
TEANA 250 XL,NISSAN TEANA,1
TEANA 250XL,NISSAN TEANA,1
TEANA 250XV,NISSAN TEANA,1
TEANA MIDDLE CLASS,NISSAN TEANA,1
TEANA XL,NISSAN TEANA,1
XTRAIL TEANA,NISSAN TEANA,1
TERRANO XLD O,NISSAN TERRANO,20
TERRANO XL DCI,NISSAN TERRANO,9
TERRANO XV DCI HSNA36,NISSAN TERRANO,9
TERRANO,NISSAN TERRANO,8
TERRANO XE DCI,NISSAN TERRANO,8
TERRANO XV DCI,NISSAN TERRANO,8
TERRANO XED,NISSAN TERRANO,7
TERRANO XL O,NISSAN TERRANO,7
TERRANO XL PLUS,NISSAN TERRANO,7
TERRANO XVD THP,NISSAN TERRANO,7
TERRANO XL,NISSAN TERRANO,6
TERRANO XL PLUS DCI,NISSAN TERRANO,5
TERRANO XLD OPTION,NISSAN TERRANO,5
TERRANO XVD,NISSAN TERRANO,5
TERRANO XE,NISSAN TERRANO,4
TERRANO XL DCI PLUS,NISSAN TERRANO,4
TERRANO XLD,NISSAN TERRANO,4
TERRANO XV PREMIUM DCI,NISSAN TERRANO,4
TERRANO 1.5 DCI,NISSAN TERRANO,3
TERRANO XE DCI HSNAW5,NISSAN TERRANO,3
TERRANO XL DCI HSNAW5,NISSAN TERRANO,3
TERRANO XL DCI O,NISSAN TERRANO,3
TERRANO XL DCL,NISSAN TERRANO,3
TERRANO XL DIESEL,NISSAN TERRANO,3
TERRANO XL HSNC85,NISSAN TERRANO,3
TERRANO XL-D O,NISSAN TERRANO,3
TERRANO XLD THP,NISSAN TERRANO,3
TERRANO XV,NISSAN TERRANO,3
TERRANO XV D,NISSAN TERRANO,3
TERRANO XV THP,NISSAN TERRANO,3
TERRANO XVD THP PRE,NISSAN TERRANO,3
D10 TERRANO,NISSAN TERRANO,2
DIO TERRANO,NISSAN TERRANO,2
TERRANO 1.5 DIESEL XL PLUS,NISSAN TERRANO,2
TERRANO DCI XE,NISSAN TERRANO,2
TERRANO DCI XV PREMIUM,NISSAN TERRANO,2
TERRANO THP XV,NISSAN TERRANO,2
TERRANO XE DIESEL,NISSAN TERRANO,2
TERRANO XL D,NISSAN TERRANO,2
TERRANO XL DC,NISSAN TERRANO,2
TERRANO XL DCI HSNA36,NISSAN TERRANO,2
TERRANO XL DIESEL PLUS,NISSAN TERRANO,2
TERRANO XL OPTION D,NISSAN TERRANO,2
TERRANO XL PLUS DCI HSNAW5,NISSAN TERRANO,2
TERRANO XL PLUS DCL,NISSAN TERRANO,2
TERRANO XL THP,NISSAN TERRANO,2
TERRANO XL-D,NISSAN TERRANO,2
TERRANO XLD OPTIONAL,NISSAN TERRANO,2
TERRANO XV DCI PREMIUM,NISSAN TERRANO,2
TERRANO XV DCI THP,NISSAN TERRANO,2
TERRANO XV DCL,NISSAN TERRANO,2
TERRANO XV PRE DCI,NISSAN TERRANO,2
TERRANO XV PREMIUM,NISSAN TERRANO,2
TERRANO XV PRM DCI LEATHER,NISSAN TERRANO,2
TERRANO XVD THP P,NISSAN TERRANO,2
TERRNO XLD,NISSAN TERRANO,2
/TERRANO XE DCI,NISSAN TERRANO,1
8,NISSAN TERRANO,1
D10 - TERRANO,NISSAN TERRANO,1
D10 TERRANO XED,NISSAN TERRANO,1
MODEL TERRANO XL DCI PLUSBSIV,NISSAN TERRANO,1
MODELTERRANO XVDCI PREMIUMBS4,NISSAN TERRANO,1
N MODEL TERRANO XL DCI,NISSAN TERRANO,1
N TERRANO XL PLUS DCI HSNAW5,NISSAN TERRANO,1
NEW TERRANO XVD PRE,NISSAN TERRANO,1
NIS TERRANO XL DCI PLUS,NISSAN TERRANO,1
TARRANO XL DCI,NISSAN TERRANO,1
TEERANO XL DCI,NISSAN TERRANO,1
TERAANO XL D 110 PS,NISSAN TERRANO,1
TERANO 1.5DTHPXV,NISSAN TERRANO,1
TERANO XLD 0,NISSAN TERRANO,1
TERANO XV DSL,NISSAN TERRANO,1
TERRAANO,NISSAN TERRANO,1
TERRAND XV DC,NISSAN TERRANO,1
TERRANNO XED,NISSAN TERRANO,1
TERRANO 1 5 XF,NISSAN TERRANO,1
TERRANO 1.5,NISSAN TERRANO,1
TERRANO 1.5 D XL85,NISSAN TERRANO,1
TERRANO 1.5 DCI THP,NISSAN TERRANO,1
TERRANO 1.5 DCI XL,NISSAN TERRANO,1
TERRANO 1.5 DCI XL.,NISSAN TERRANO,1
TERRANO 1.5 DCI XV PREMIUM,NISSAN TERRANO,1
TERRANO 1.5 DCI XV PREMIUM THP,NISSAN TERRANO,1
TERRANO 1.5 DIESL XL,NISSAN TERRANO,1
TERRANO 1.5 DXL,NISSAN TERRANO,1
TERRANO 1.5 XE DCI,NISSAN TERRANO,1
TERRANO 1.6 PETROL XL,NISSAN TERRANO,1
TERRANO CL PLUS,NISSAN TERRANO,1
TERRANO DCI XL,NISSAN TERRANO,1
TERRANO DCI XL PLUS,NISSAN TERRANO,1
TERRANO DIESEL,NISSAN TERRANO,1
TERRANO DZ XL PLUS,NISSAN TERRANO,1
TERRANO PETROL,NISSAN TERRANO,1
TERRANO PRIME XLD,NISSAN TERRANO,1
TERRANO THP XV DIESEL FABRIC,NISSAN TERRANO,1
TERRANO THP XV P DCI,NISSAN TERRANO,1
TERRANO VX D 110,NISSAN TERRANO,1
TERRANO XE D,NISSAN TERRANO,1
TERRANO XED O,NISSAN TERRANO,1
TERRANO XL - PETROL,NISSAN TERRANO,1
TERRANO XL -T,NISSAN TERRANO,1
TERRANO XL D O,NISSAN TERRANO,1
TERRANO XL D OPTIONAL,NISSAN TERRANO,1
TERRANO XL D PLUS,NISSAN TERRANO,1
TERRANO XL D PLUSE,NISSAN TERRANO,1
TERRANO XL DCI THP,NISSAN TERRANO,1
TERRANO XL DIESEL O,NISSAN TERRANO,1
TERRANO XL DIESEL THP,NISSAN TERRANO,1
TERRANO XL DIESLE,NISSAN TERRANO,1
TERRANO XL O DCI HSNAW5,NISSAN TERRANO,1
TERRANO XL OP DCI,NISSAN TERRANO,1
TERRANO XL OPT,NISSAN TERRANO,1
TERRANO XL OPTIONAL,NISSAN TERRANO,1
TERRANO XL PL,NISSAN TERRANO,1
TERRANO XL PLUS DCI HSNAWS,NISSAN TERRANO,1
TERRANO XL PLUS DCIBS,NISSAN TERRANO,1
TERRANO XL PLUS DCIBSIV,NISSAN TERRANO,1
TERRANO XL PLUSDCI,NISSAN TERRANO,1
TERRANO XL THP DIESEL,NISSAN TERRANO,1
TERRANO XL- PLUS,NISSAN TERRANO,1
TERRANO XLD CAR,NISSAN TERRANO,1
TERRANO XLD OPT,NISSAN TERRANO,1
TERRANO XLD OPTION THP,NISSAN TERRANO,1
TERRANO XLD PLUS,NISSAN TERRANO,1
TERRANO XLD PLUS 1.5,NISSAN TERRANO,1
TERRANO XLDCIPLUS,NISSAN TERRANO,1
TERRANO XLO,NISSAN TERRANO,1
TERRANO XLP,NISSAN TERRANO,1
TERRANO XV 110 1.5 PS,NISSAN TERRANO,1
TERRANO XV D PREMI,NISSAN TERRANO,1
TERRANO XV D THP,NISSAN TERRANO,1
TERRANO XV DCI PRE,NISSAN TERRANO,1
TERRANO XV DCI PRIE,NISSAN TERRANO,1
TERRANO XV DCI THP FABRIC,NISSAN TERRANO,1
TERRANO XV DCI THP LEATHER,NISSAN TERRANO,1
TERRANO XV DIESEL,NISSAN TERRANO,1
TERRANO XV DIESEL THP,NISSAN TERRANO,1
TERRANO XV DIESEL THP PREMIUM,NISSAN TERRANO,1
TERRANO XV OP,NISSAN TERRANO,1
TERRANO XV OPTION THP L D,NISSAN TERRANO,1
TERRANO XV PERM DCL,NISSAN TERRANO,1
TERRANO XV PRE,NISSAN TERRANO,1
TERRANO XV PRE DCI HSNA36,NISSAN TERRANO,1
TERRANO XV PREM,NISSAN TERRANO,1
TERRANO XV PREM THP,NISSAN TERRANO,1
TERRANO XV PREMIUM AMT DCI,NISSAN TERRANO,1
TERRANO XV PREMIUM AMT DCI-110,NISSAN TERRANO,1
TERRANO XV PREMIUM DCI HSNA36,NISSAN TERRANO,1
TERRANO XV PREMIUM DCIHSNA36,NISSAN TERRANO,1
TERRANO XV PRM DCI HSNA36,NISSAN TERRANO,1
TERRANO XV THP DCI,NISSAN TERRANO,1
TERRANO XV THP PREM,NISSAN TERRANO,1
TERRANO XVD 0,NISSAN TERRANO,1
TERRANO XVD AMT,NISSAN TERRANO,1
TERRANO XVD BS 1V,NISSAN TERRANO,1
TERRANO XVD OPTIONAL-F,NISSAN TERRANO,1
TERRANO XVD OPTIONAL-L,NISSAN TERRANO,1
TERRANO XVD PRE,NISSAN TERRANO,1
TERRANO XVD PREMIUM,NISSAN TERRANO,1
TERRANO XVD PREMIUM 1.5,NISSAN TERRANO,1
TERRANO XVD THD FB,NISSAN TERRANO,1
TERRANO XVD THP LT,NISSAN TERRANO,1
TERRANO XVD THP PRE.BS.4,NISSAN TERRANO,1
TERRANO XVP THP,NISSAN TERRANO,1
TERRANO XVPRE DEL,NISSAN TERRANO,1
TERRANO-XL PLUS,NISSAN TERRANO,1
TERRANOXV,NISSAN TERRANO,1
TERRANOXVD,NISSAN TERRANO,1
TERRENO XL,NISSAN TERRANO,1
TERRENO XV,NISSAN TERRANO,1
TERRNO XE,NISSAN TERRANO,1
TERRANO 110 PS XV PREMIUM,NISSAN TERRANO 110PS,1
TERRANO D XVPREMIUM 110PS,NISSAN TERRANO 110PS,1
TERRANO DCI - 110 PS,NISSAN TERRANO 110PS,1
TERRANO PRIME XV PRE 110PS,NISSAN TERRANO 110PS,1
TERRANO XV AMT DCI - 110 PS,NISSAN TERRANO 110PS,1
TERRANO XV D 110PS,NISSAN TERRANO 110PS,1
TERRANO XV D PRM 110PS DCI,NISSAN TERRANO 110PS,1
TERRANO XV DCI - 110 PS,NISSAN TERRANO 110PS,1
TERRANO XV DCI FABRIC 110 PS,NISSAN TERRANO 110PS,1
TERRANO XV DCI LEATHER 110 PS,NISSAN TERRANO 110PS,1
TERRANO XV DIESEL 110PS 1.5,NISSAN TERRANO 110PS,1
TERRANO XV PRMAMT DCI1110PSBS4,NISSAN TERRANO 110PS,1
TERRANOXV DCI 110PS,NISSAN TERRANO 110PS,1
TERRANO 85 PS XL,NISSAN TERRANO 85PS,2
TERRANO XL DCI85PS,NISSAN TERRANO 85PS,2
TERRANO 85 PS XE,NISSAN TERRANO 85PS,1
TERRANO XE 85PS DIESEL,NISSAN TERRANO 85PS,1
TERRANO XE DCI - 85 PS,NISSAN TERRANO 85PS,1
TERRANO XE DCI 85 PS,NISSAN TERRANO 85PS,1
TERRANO XE DCI85PS,NISSAN TERRANO 85PS,1
TERRANO XED 85 PS,NISSAN TERRANO 85PS,1
TERRANO XL 85 PS D PLUS,NISSAN TERRANO 85PS,1
TERRANO XL 85PS,NISSAN TERRANO 85PS,1
TERRANO XL D O 85 PS,NISSAN TERRANO 85PS,1
TERRANO XL DCI - 85 PS,NISSAN TERRANO 85PS,1
TERRANO XL DCI 85PS,NISSAN TERRANO 85PS,1
TERRANO XL DCI PLUS 85 PS,NISSAN TERRANO 85PS,1
TERRANO XL DIESEL PLUS 85PS,NISSAN TERRANO 85PS,1
TERRANO XL DISEL PLUS 85PS,NISSAN TERRANO 85PS,1
TERRANO XL PLUS DCI - 85 PS,NISSAN TERRANO 85PS,1
TERRANO XLD 85PS,NISSAN TERRANO 85PS,1
TERRANO XLD O 85PS,NISSAN TERRANO 85PS,1
TERRANO XLD O D 85 PS,NISSAN TERRANO 85PS,1
TERRANO XLD O85PS,NISSAN TERRANO 85PS,1
TERRANO XLD PLUS 85PS,NISSAN TERRANO 85PS,1
TERRANO XLDSL PLUS 85PS1.5BSIV,NISSAN TERRANO 85PS,1
TERRANO XLO 85PS,NISSAN TERRANO 85PS,1
TERRANO XLOD85PS,NISSAN TERRANO 85PS,1
X TRAIL,NISSAN X-TRAIL,3
X TRAIL SLX MT,NISSAN X-TRAIL,3
X-TRAIL,NISSAN X-TRAIL,3
XTRAIL,NISSAN X-TRAIL,2
T 30 X TRAIL,NISSAN X-TRAIL,1
X -TRAIL AT,NISSAN X-TRAIL,1
X TRAIL T 30 COMFORT SPL,NISSAN X-TRAIL,1
X- TRAIL,NISSAN X-TRAIL,1
X-TRAIL 2.2 DI,NISSAN X-TRAIL,1
X-TRAIL SLX,NISSAN X-TRAIL,1
XTRAIL ATM1BS3 IMPORTED,NISSAN X-TRAIL,1
XTRAIL COMFORT,NISSAN X-TRAIL,1
XTRAIL COMFORT VARIANT,NISSAN X-TRAIL,1
XTRAIL ELEGANCE,NISSAN X-TRAIL,1
XTRAIL SLX AT,NISSAN X-TRAIL,1
XTRAIL SLX MT,NISSAN X-TRAIL,1
XTRONIC CVT XV,NISSAN XTRONIC,1
