rc_maker_desc,rc_maker_model,Mapped Name,clean_model,rollsroyce_model,final_model
ROLLS ROYCE,ROLLS ROYCE GHOST FK2 RHD,ROLLS ROYCE,GHOST,ROLLS ROYCE GHOST,ROLLS ROYCE GHOST
Rolls Royce Motor (Importer: KUN Motor),ROLLS ROYCE CULLINAN,ROLLS ROYCE,CULLINAN,ROLLS ROYCE CULLINAN,ROLLS ROYCE CULLINAN
ROLLS ROYCE,PHANTOM SWB,ROLLS ROYCE,PHANTOM STANDARD WHEELBASE,ROLLS ROYCE PHANTOM STANDARD WHEELBASE,ROLLS ROYCE PHANTOM STANDARD WHEELBASE
ROLLS ROYCES - IMPORTED,ROLLS ROYCE GHOST FK42,ROLLS ROYCE,GHOST,ROLLS ROYCE GHOST,ROLLS ROYCE GHOST
ROLLS ROYCE,CULLINAN TV 42,ROLLS ROYCE,CULLINAN,ROLLS ROYCE CULLINAN,ROLLS ROYCE CULLINAN
ROLLS ROYCE,RR GHOST EX,ROLLS ROYCE,ROLLS ROYCE GHOST EX,ROLLS ROYCE GHOST,ROLLS ROYCE GHOST
ROLLS ROYCES - IMPORTED,ROLLS ROYCE GHOST XZ42,ROLLS ROYCE,GHOST,ROLLS ROYCE GHOST,ROLLS ROYCE GHOST
ROLLS ROYCE,"CULLINAN (TV42,RHD",ROLLS ROYCE,CULLINAN RHD,ROLLS ROYCE CULLINAN,ROLLS ROYCE CULLINAN
ROLLS ROYCE,SILVER CLOUD,ROLLS ROYCE,SILVER CLOUD,ROLLS ROYCE SILVER CLOUD,ROLLS ROYCE SILVER CLOUD
ROLLS ROYCE,"PHANTOM EWB (FJ02, RDH)",ROLLS ROYCE,PHANTOM EXTENDED WHEELBASE RDH,ROLLS ROYCE PHANTOM EXTENDED WHEELBASE,ROLLS ROYCE PHANTOM EXTENDED WHEELBASE
ROLLS ROYCE,PHANTOM EWB TT82,ROLLS ROYCE,PHANTOM EXTENDED WHEELBASE,ROLLS ROYCE PHANTOM EXTENDED WHEELBASE,ROLLS ROYCE PHANTOM EXTENDED WHEELBASE
ROLLS ROYCE,ROLL ROYCEE GHOST MC,ROLLS ROYCE,ROLL ROYCEE GHOST MC,ROLLS ROYCE GHOST,ROLLS ROYCE GHOST
ROLLS ROYCE,GHOST FK 42 RHD,ROLLS ROYCE,GHOST,ROLLS ROYCE GHOST,ROLLS ROYCE GHOST
ROLLS ROYCE,GHOST EWB,ROLLS ROYCE,GHOST EXTENDED WHEELBASE,ROLLS ROYCE GHOST EXTENDED WHEELBASE,ROLLS ROYCE GHOST EXTENDED WHEELBASE
ROLLS ROYCE,GHOST,ROLLS ROYCE,GHOST,ROLLS ROYCE GHOST,ROLLS ROYCE GHOST
ROLLS ROYCE,ROLLS ROYCE GHOST,ROLLS ROYCE,GHOST,ROLLS ROYCE GHOST,ROLLS ROYCE GHOST
Rolls Royce Motor (Importer: KUN Motor),ROLLS ROYCE GHOST EWB,ROLLS ROYCE,GHOST EXTENDED WHEELBASE,ROLLS ROYCE GHOST EXTENDED WHEELBASE,ROLLS ROYCE GHOST EXTENDED WHEELBASE
ROLLS ROYCE,ROLLS ROYCE PHANTOM,ROLLS ROYCE,PHANTOM,ROLLS ROYCE PHANTOM,ROLLS ROYCE PHANTOM
ROLLS ROYCE,ROLLS ROYCE CULLINAN,ROLLS ROYCE,CULLINAN,ROLLS ROYCE CULLINAN,ROLLS ROYCE CULLINAN
ROLLS-ROYCE MOTOR CARS(IMPORTER:SELECT CARS P LTD),ROLLS ROYCE PHANTOM,ROLLS-ROYCE,PHANTOM,ROLLS ROYCE PHANTOM,ROLLS ROYCE PHANTOM
ROLLS-ROYCE MOTOR CARS(IMPORTER:SELECT CARS P LTD),ROLLS ROYCE CULLINAN,ROLLS-ROYCE,CULLINAN,ROLLS ROYCE CULLINAN,ROLLS ROYCE CULLINAN
