clean_model,extracted_model
GHOST,ROLLS ROYCE GHOST
CULLINAN,ROLLS ROYCE CULLINAN
PHANTOM STANDARD WHEELBASE,ROLLS ROYCE PHANTOM STANDARD WHEELBASE
GHOST,ROLLS ROYCE GHOST
CULLINAN,ROLLS ROYCE CULLINAN
ROLLS ROYCE GHOST EX,ROLLS ROYCE GHOST
GHOST,ROLLS ROYCE GHOST
CULLINAN RHD,ROLLS ROYCE CULLINAN
SILVER CLOUD,ROLLS ROYCE SILVER CLOUD
PHANTOM EXTENDED WHEELBASE RDH,ROLLS ROYCE PHANTOM EXTENDED WHEELBASE
PHANTOM EXTENDED WHEELBASE,ROLLS ROYCE PHANTOM EXTENDED WHEELBASE
ROLL ROYCEE GHOST MC,ROLLS ROYCE GHOST
GHOST,ROLLS ROYCE GHOST
GHOST EXTENDED WHEELBASE,ROLLS ROYCE GHOST EXTENDED WHEELBASE
GHOST,ROLLS ROYCE GHOST
GHOST,ROLLS ROYCE GHOST
GHOST EXTENDED WHEELBASE,ROLLS ROYCE GHOST EXTENDED WHEELBASE
PHANTOM,ROLLS ROYCE PHANTOM
CULLINAN,ROLLS ROYCE CULLINAN
PHANTOM,ROLLS ROYCE PHANTOM
CULLINAN,ROLLS ROYCE CULLINAN
