keyword,frequency
TRUCK,110
LTD,63
COWL,46
LINEA,35
EURO,29
FIAT,27
ONE,25
CLB,25
PICKUP,24
PICK,23
XETA,23
WHITE,22
FREELANDER,22
HSE,20
DISCOVERY,18
ARCTIC,18
SPORT,16
ABS,16
EMOTION,15
BODY,15
MARINA,14
EIII,13
NOT,13
DLS,13
TELCO,13
GLS,12
TAXI,12
PALIO,12
CITY,12
MOVUS,12
LANDER,11
PSBU,11
INDIA,11
PASSENGER,11
FREE,11
FBLB,11
VEHICLES,10
MOBILE,10
LOADER,10
FES,10
STILE,9
TOURIN,9
GLX,9
VEHICLE,9
TRAILOR,9
SHINRAI,9
ROVER,8
RIDE,8
IND,8
BACKHOE,8
EII,8
DIESEL,7
MGV,7
LAND,7
NOSEUP,7
LOAD,7
GRANDE,7
GOODS,7
TVS,7
SUPER,7
RAIL,7
HONDA,7
AVAILABLE,6
SIDES,6
TURBO,6
DYNAMIC,6
MARUTHI,6
IDI,6
TDV,6
COMMON,5
TCIC,5
ECS,5
MOTOR,5
OMNI,5
BOLD,5
MARUTI,5
XEN,5
HTV,5
OPEN,5
LMV,5
MARCOPOLO,5
SCV,5
PACK,5
PRIME,5
PREET,5
STORME,5
HMV,5
QJET,5
CEX,5
STAR,4
MEGA,4
RANGE,4
SIDE,4
ZIP,4
TORQUE,4
HIGH,4
LUX,4
LIGHT,4
LIMITED,4
MACHINE,4
SELECT,4
VARICOR,4
LTP,4
NEW,4
JEEP,4
MPI,4
MODEL,4
INNOVA,4
BENZ,4
EICHER,3
LXI,3
TYRE,3
DISPOSAL,3
SAF,3
ESTATE,3
DOST,3
VXI,3
TEL,3
TAVERA,3
MINT,3
OTHERS,3
CNG,3
SLX,3
DISC,3
TMML,3
LPC,3
LEYLAND,3
AEC,3
TWIN,3
TANKAR,3
STD,3
TDI,3
XMS,3
SIG,3
FLAT,3
CREW,3
ACCORD,2
PLATINUM,2
URBAN,2
ENGINE,2
EXL,2
BHARAT,2
STAGE,2
SALOON,2
NULL,2
SPECIO,2
AQUA,2
MINI,2
DLE,2
SEATE,2
GOOD,2
VTI,2
MULTIJET,2
LUXURY,2
IDICA,2
ERGO,2
LEATHER,2
WAGON,2
TAGOR,2
GRP,2
SPORTS,2
SILVER,2
INIDICA,2
FULL,2
TURIN,2
IDIGO,2
TRANKER,2
PIK,2
DOOR,2
MFIP,2
JET,2
RTN,2
TUR,2
TOOFAN,2
SUZUKI,2
TCEX,2
TERRA,2
GVS,2
LOADERB,2
LPE,2
VAJRA,2
COM,2
LTV,2
REFRESH,2
CRE,2
CRDE,2
ACTIVE,2
MERCEDES,2
STR,2
HSD,2
AXLE,2
GLG,2
CHES,2
MCV,2
SDX,2
FBV,2
TATAMOTORS,2
BLK,2
ROH,2
DIRX,2
SIGMA,2
ALTO,2
PURE,2
EUROIII,2
LPG,2
RED,2
BULLET,2
TASL,2
ARTA,2
TDST,2
TOWING,2
TRUK,2
BAJAJ,2
SCORPIO,2
SWIFT,2
DZIRE,2
PLEASURE,2
BOLERO,2
CREAM,2
TRAX,2
IRISH,2
MERCEDEZ,2
BOX,2
MILLER,2
AUDI,1
SANTRO,1
ZONE,1
HERCADES,1
QUATTRO,1
INDIDCDA,1
MAXX,1
BREAK,1
HYUNDAI,1
SAKTIMAN,1
ERROR,1
LIFT,1
CLASSIC,1
ESPRESO,1
MAXI,1
TUSKER,1
XTA,1
STARSKOOL,1
MAY,1
DUMPER,1
FIAGO,1
INDIO,1
XXXXXXXXXXXXXXXXXXXX,1
DYCOR,1
HARVESTER,1
ERO,1
RXP,1
SER,1
WINGAR,1
CONTAINER,1
VENTARE,1
TOYOTA,1
LGL,1
LOGAN,1
TAH,1
SAPCIO,1
TOUAEQ,1
CDI,1
STAREASYRIDEAR,1
VECHILE,1
DLX,1
CHASIS,1
HORNETT,1
VIST,1
AVL,1
BANO,1
QUARTZ,1
MVV,1
EUROII,1
LUXARY,1
AYRBO,1
FRONT,1
FFCBC,1
LSI,1
ACP,1
URBEN,1
CIB,1
BACK,1
MOTORTS,1
SDE,1
TATALP,1
LTT,1
NAZZW,1
DSL,1
BAJA,1
ISBE,1
TAMPO,1
BRONZE,1
HOLLAND,1
DOBULE,1
CRDI,1
TRANSIT,1
TOURIST,1
SCOOTY,1
MORORS,1
NAAAAAA,1
IVORY,1
SMOTH,1
ASSY,1
TELKO,1
MIXTER,1
BHAN,1
TRAVELLER,1
YBBBI,1
FLAME,1
CANOPY,1
LASER,1
NAC,1
UTILITY,1
ASHOK,1
VICTRA,1
SLB,1
INDIEA,1
LINEAMULTIJET,1
TATAM,1
TAVEERA,1
DOWN,1
TAILER,1
CHS,1
VENURE,1
ARTICULAR,1
ZICA,1
RMC,1
MDI,1
EARTH,1
MOVING,1
XYLO,1
AVENGER,1
TONS,1
SUSP,1
LODER,1
ICV,1
ORANGE,1
FFCBCHS,1
LAXURY,1
FLATBED,1
PKEW,1
JCB,1
LLB,1
INDIAC,1
MOBILITY,1
ERGOPK,1
VIT,1
ATNO,1
SATIN,1
ELECTRIC,1
TATAMODEL,1
MOTAR,1
SKOOL,1
RXCLB,1
PATIO,1
PORCLAN,1
MMV,1
AMB,1
DISCOVRY,1
TURCKWITHSEMI,1
MENTION,1
MAGA,1
SCR,1
MUV,1
GLE,1
EXCLB,1
RANGEROVER,1
LPY,1
PRISTIN,1
TARUCK,1
TATAMOBILE,1
EMO,1
PEARL,1
PRESTIGE,1
RHD,1
COMBINE,1
CREIN,1
CWL,1
LSP,1
ZESZT,1
PULSER,1
MMWB,1
CCLB,1
CAN,1
OTHERES,1
VENETIAN,1
NAAAAA,1
LEXURY,1
AMBULANCE,1
LFT,1
TRAVERA,1
LOGGING,1
DIRXWT,1
LOGGER,1
ARAI,1
QTZ,1
PASS,1
OTHERSS,1
ASTERN,1
SUZUK,1
KNOWN,1
SAK,1
DISEL,1
VTECPLUS,1
ELAN,1
CLOSED,1
DEW,1
LAS,1
GRD,1
GLXMPFI,1
PORCLN,1
EMOTPACK,1
CUMMINS,1
MOBIDA,1
CHASS,1
FFCB,1
TRACK,1
HEAVY,1
SARDINIA,1
PSEB,1
TIP,1
FBT,1
TIPNSC,1
TOURINT,1
CELERIO,1
TATTRUCK,1
GENERATOR,1
HRT,1
MILITARY,1
COMPRESSOR,1
AIR,1
LUNER,1
TON,1
ESTEEM,1
MOTRES,1
VMX,1
ASTRA,1
GAMA,1
MAHINDRA,1
TUSKAR,1
YELW,1
GOLN,1
KING,1
GYPSY,1
MULTI,1
SLE,1
TAT,1
BIII,1
ATC,1
MATADOR,1
INCIGO,1
CPS,1
PILIO,1
TELCOLINE,1
OTHER,1
CENTRA,1
TNK,1
BITUMEN,1
CBOREGN,1
MARCO,1
RIG,1
MXE,1
SUPERANCE,1
STRACTOR,1
BED,1
TATATA,1
TATAA,1
POLO,1
MINERAL,1
VTEC,1
TATAT,1
CCPU,1
TCTC,1
PVT,1
OSL,1
FITT,1
EQP,1
SUVAGE,1
TANAKR,1
PREMIUM,1
GEM,1
ATUL,1
DIE,1
NAAAA,1
STC,1
STAREASYRIDEAS,1
FIERO,1
COMMANDER,1
SPT,1
COMET,1
ASHOKLEYLAND,1
TMB,1
QUADRAJET,1
SWARAJ,1
STANDARD,1
XXXXX,1
TCBS,1
SOACIO,1
STORM,1
CONTANER,1
CONTINENTAL,1
FBBSII,1
CHAMP,1
ARTICULATED,1
UBT,1
LORRY,1
ALE,1
ARTIC,1
HITACHI,1
EDGE,1
VICTOR,1
PETROL,1
CAVERN,1
VDI,1
FORWAR,1
SEMI,1
PLATEFORM,1
LOADBODY,1
ZEN,1
STOCK,1
LIVE,1
TRAI,1
TAFB,1
GCW,1
VICAT,1
CRUISER,1
TRUX,1
TIC,1
ARC,1
MAINTIONED,1
UTEL,1
FACLESS,1
BLUE,1
AZURE,1
SAFIRE,1
MARINE,1
MAZDA,1
MEGHA,1
TRNOSE,1
TRANSSIT,1
RUCK,1
MOBILES,1
PSTG,1
UDYOG,1
TEMPO,1
TATATATA,1
ACA,1
VEH,1
COMMERCIAL,1
INDIGI,1
MIXTURE,1
FOUND,1
COROLLA,1
CMVR,1
UPS,1
CMP,1
LORY,1
MEDIUM,1
AVAILBLE,1
MASIC,1
