rc_maker_desc,rc_maker_model,Mapped Name,tata_model,tata_maker,final_model
TATA MOTORS LTD,TRUCK 3118TCBS III,TATA,NOT FOUND,NOT FOUND,NOT FOUND
TATA MOTORS LTD,HCV TRUCK,TATA,HCV,NOT FOUND,HCV
TATA MOTORS LTD,TRUCK CHASSIS,TATA,CHASSIS,NOT FOUND,CHASSIS
TATA MOTORS LTD,HGV GOODS CARRIER TRUCK,TATA,HGV,NOT FOUND,HGV
TATA MOTORS LTD,LPT 3118TC TRUCK CHASSIS WITH,TATA,CHASSIS,NOT FOUND,CHASSIS
TATA MOTORS LTD,TRUCK LPT1613,TATA,1613,NOT FOUND,1613
TATA MOTORS LTD,LPT 3118TC(8X2)E-II TRUCK CHAS,TATA,LPT,NOT FOUND,LPT
TATA MOTORS LTD,TATA TRUCK TC 1212,TATA,NOT FOUND,NOT FOUND,NOT FOUND
TATA MOTORS LTD,LPT 1109 EX2/42 BSIII TRUCK CH,TATA,LPT 1109,NOT FOUND,LPT 1109
TATA MOTORS LTD,LPT 1212 DCR42HSD TRUCK CHASSI,TATA,LPT,NOT FOUND,LPT
TATA MOTORS LTD,TATA LTD,TATA,NOT FOUND,NOT FOUND,NOT FOUND
TATA MOTORS LTD,LPT407 EX/34 FFC TRUCK CHASSIS,TATA,CHASSIS,NOT FOUND,CHASSIS
TATA PUNCH PURE 1.2P-MT BSVI-PH2,TATA MOTORS PASSENGER VEHICLES LTD,TATA,NOT FOUND,PUNCH,PUNCH
TATA MOTORS LTD,LPT 1616 TRUCK BS-II,TATA,1616,NOT FOUND,1616
TATA MOTORS LTD,NA TRUCK,TATA,NOT FOUND,NOT FOUND,NOT FOUND
TATA MOTORS LTD,HMV 2518 TRUCK OPEN BODY BIII,TATA,NOT FOUND,NOT FOUND,NOT FOUND
TATA MOTORS LTD,TRUCK  TRAILOR,TATA,NOT FOUND,NOT FOUND,NOT FOUND
TATA MOTORS LTD,TATA TRUCK,TATA,NOT FOUND,NOT FOUND,NOT FOUND
TATA NEXON XMA (S) 1.2 RTN BS6 BSVI,TATA MOTORS LTD,TATA,NOT FOUND,NEXON,NEXON
TATA MOTORS LTD,TATA LPT 2515TC EX TRUCK,TATA,LPT,NOT FOUND,LPT
TATA MOTORS LTD,TATA 407/31 TRUCK,TATA,407,NOT FOUND,407
TATA MOTORS LTD,407 TRUCK,TATA,407,NOT FOUND,407
TATA MOTORS LTD,LPT 1109 EX2 TRUCK CHASIS CA,TATA,LPT 1109,NOT FOUND,LPT 1109
TATA MOTORS LTD,SFC407EX BS111/31 CLB TRUCK,TATA,407,NOT FOUND,407
TATA MOTORS LTD,TRUCK WITH RIG MACHINE,TATA,NOT FOUND,NOT FOUND,NOT FOUND
TATA MOTORS LTD,LPT1109EX TRUCK B.S.-III,TATA,1109,NOT FOUND,1109
TATA MOTORS LTD,TRUCK BS-3,TATA,NOT FOUND,NOT FOUND,NOT FOUND
TATA MOTORS LTD,LPT 2516TC TRUCK BS-II,TATA,LPT,NOT FOUND,LPT
TATA MOTORS LTD,TATA ULTRA 912 39 TRUCK BSII,TATA,ULTRA,NOT FOUND,ULTRA
TATA MOTORS LTD,TRUCK  BS III,TATA,NOT FOUND,NOT FOUND,NOT FOUND
TATA MOTORS LTD,TATA MOTOR TRUCK,TATA,NOT FOUND,NOT FOUND,NOT FOUND
TATA ENGG. AND LOCO CO.,LPT 1109/42 TRUCK WITH CAB&HDL,TATA,LPT 1109,NOT FOUND,LPT 1109
TATA MOTORS LTD,TRUCK 12(W),TATA,NOT FOUND,NOT FOUND,NOT FOUND
TATA BOLT XE QJET 75PS BSIV,TATA MOTORS LTD,TATA,NOT FOUND,BOLT,BOLT
TATA TIGOR XZ+ 1.2 RTN BS6 BSVI,TATA MOTORS LTD,TATA,NOT FOUND,TIAGO,TIAGO
TATA MOTORS LTD,LPT 407 TURBO TRUCK,TATA,407,NOT FOUND,407
TATA MOTORS LTD,SFC 407 EX 3100 WB TRUCK LO,TATA,407,NOT FOUND,407
TATA MOTORS LTD,LPT TRUCK BS-II,TATA,LPT,NOT FOUND,LPT
TATA MOTORS LTD,TRUCK 3118 TC,TATA,NOT FOUND,NOT FOUND,NOT FOUND
TATA MOTORS LTD,LPT 3118TC EURO-III TRUCK,TATA,LPT,NOT FOUND,LPT
TATA MOTORS LTD,SFC 407 EX 31 HT TRUCK BSIII,TATA,407,NOT FOUND,407
TATA MOTORS LTD,TATA  TRUCK 1613,TATA,1613,NOT FOUND,1613
TATA MOTORS LTD,"TATA LPT 4223 CRE 10X2, TRUCK ",TATA,LPT,NOT FOUND,LPT
TATA MOTORS LTD,LPT3118 TC/52 TRUCK B.S.-III,TATA,LPT,NOT FOUND,LPT
TATA MOTORS LTD,LPT3118TC TRUCK BS III,TATA,LPT,NOT FOUND,LPT
TATA MOTORS LTD,LPT2518TC TRUCK B.S.III,TATA,LPT,NOT FOUND,LPT
TATA MOTORS LTD,TRUCK,TATA,NOT FOUND,NOT FOUND,NOT FOUND
TATA MOTORS LTD,SFC 407 TRUCK,TATA,407,NOT FOUND,407
TATA MOTORS LTD,TELCO TRUCK,TATA,NOT FOUND,NOT FOUND,NOT FOUND
TATA MOTORS LTD,TATA SFC 407/31 TRUCK,TATA,407,NOT FOUND,407
TATA MOTORS LTD,LPT1190H EX2 TRUCK,TATA,LPT,NOT FOUND,LPT
TATA MOTORS LTD,SIGNA 3518.T TRUCK CHASSIS SLP,TATA,CHASSIS,NOT FOUND,CHASSIS
TATA MOTORS LTD,LPT2518TC TRUCK B.S.-III,TATA,LPT,NOT FOUND,LPT
TATA MOTORS LTD,TATA PT 1613 TRUCK,TATA,1613,NOT FOUND,1613
TATA PUNCH ACC 1.2P BS6 MT BSVI,TATA MOTORS PASSENGER VEHICLES LTD,TATA,NOT FOUND,PUNCH,PUNCH
TATA MOTORS LTD,LPT 2516 TC TRUCK BS-II,TATA,LPT,NOT FOUND,LPT
TATA MOTORS LTD,LPT 1109 EX/42 TRUCK COWL/O W.,TATA,LPT 1109,NOT FOUND,LPT 1109
TATA MOTORS LTD,SIGNA 4225.T 10X2 TRUCK CHS SLEEPER CB BSVI-PH2,TATA,SIGNA 4225T,NOT FOUND,SIGNA 4225T
TATA MOTORS LTD,TRUCK 1613,TATA,1613,NOT FOUND,1613
TATA MOTORS LTD,SFC 407 2750WB PICK UP TRUCK C,TATA,407,NOT FOUND,407
TATA MOTORS LTD,TC 2518 TRUCK CLOSED BODY III,TATA,NOT FOUND,NOT FOUND,NOT FOUND
TATA MOTORS LTD,TATA LPT1109EX2 36 TRUCK BSIII,TATA,1109,NOT FOUND,1109
TATA MOTORS LTD,LPT2518/48 TC TRUCK B.S.-III,TATA,LPT,NOT FOUND,LPT
TATA MOTORS LTD,HTV TRUCK,TATA,NOT FOUND,NOT FOUND,NOT FOUND
TATA - PUNCH ADV 1.2P BS6 AMT BSVI,TATA MOTORS PASSENGER VEHICLES LTD,TATA,NOT FOUND,PUNCH,PUNCH
TATA MOTORS LTD,TATA 1613 TRUCK,TATA,1613,NOT FOUND,1613
TATA MOTORS LIMITED,LPT3118TC(8X2)E=II TRUCK CHAS,TATA,LPT,NOT FOUND,LPT
TATA MOTORS LTD,SFC 407/27 PICKUP TRUCK,TATA,407,NOT FOUND,407
TATA MOTORS LTD,LPT 3118 TC 8X2 E II TRUCK,TATA,LPT,NOT FOUND,LPT
TATA MOTORS LTD,TRUCK P/ SIDE,TATA,NOT FOUND,NOT FOUND,NOT FOUND
TATA MOTORS LTD,LPT1913 CRI6 TRUCK CHASIS WITH COWL BSIV,TATA,LPT,NOT FOUND,LPT
TATA MOTORS LTD,SFC407 PICK UP BS II TRUCK,TATA,407,NOT FOUND,407
TATA MOTORS LTD,1109 TRUCK,TATA,1109,NOT FOUND,1109
TATA MOTORS LTD,SFC 407EX TURBO 31 BSIII  TRUCK CAB W/O LB,TATA,407,NOT FOUND,407
TATA MOTORS LTD,TRUCK 3118 CEX BS3,TATA,NOT FOUND,NOT FOUND,NOT FOUND
TATA MOTORS LTD,SFC 407 4X4 BSIII SFC TRUCK CA,TATA,407,NOT FOUND,407
TATA INTRA V30 BSVI,TATA MOTORS LTD,TATA,NOT FOUND,INTRA V30,INTRA V30
TATA MOTORS LTD,TATA 2515 TRUCK,TATA,NOT FOUND,NOT FOUND,NOT FOUND
TATA MOTORS LTD,TRUCK DISPOSAL,TATA,NOT FOUND,NOT FOUND,NOT FOUND
TATA MOTORS LTD,TRUCK SE 1613/42,TATA,1613,NOT FOUND,1613
TELCO LTD.,LPT 407 TURBO TRUCK,TATA,407,NOT FOUND,407
TATA MOTORS LTD,LPT 2515 TC EX TRUCK,TATA,LPT,NOT FOUND,LPT
TATA MOTORS LTD,LPT 2518 TC TRUCK B.S.-III,TATA,LPT,NOT FOUND,LPT
TATA MOTORS LTD,LPT 3118 TC (8X2)  TRUCK CHASS,TATA,LPT,NOT FOUND,LPT
TATA MOTORS LTD,LPT 1613/42 TRUCK C  BSIII,TATA,LPT 1613,NOT FOUND,LPT 1613
TATA MOTORS LIMITED,LPT407 EX/34 FFC TRUCK CHASSIS,TATA,CHASSIS,NOT FOUND,CHASSIS
TATA MOTORS LTD,LPT909 HEX2/34 BSIII FFC TRUCK CHASSIS CAB,TATA,CHASSIS,NOT FOUND,CHASSIS
TATA MOTORS LTD,MGV TRUCK,TATA,NOT FOUND,NOT FOUND,NOT FOUND
TATA MOTORS LTD,TATA LPT3718 TC TRUCK BSIII,TATA,LPT,NOT FOUND,LPT
TATA MOTORS LTD,407EX TURBO/31 TRUCK CL.B.,TATA,407,NOT FOUND,407
TATA MOTORS LTD,TRUCK 909,TATA,909,NOT FOUND,909
TATA PUNCH CRE 1.2P BS6 MT BSVI,TATA MOTORS PASSENGER VEHICLES LTD,TATA,NOT FOUND,PUNCH,PUNCH
TATA MOTORS LTD,LPT 1412 DCR48CBC TRUCK CHASSI,TATA,LPT,NOT FOUND,LPT
TATA MOTORS LTD,LPT 1109 EX/42 TRUCK CAB BSII,TATA,LPT 1109,NOT FOUND,LPT 1109
TATA MOTORS LTD,SFC 407 PICK UP TRUCK CLB,TATA,407,NOT FOUND,407
TATA MOTORS LTD,FULL TRUCK,TATA,NOT FOUND,NOT FOUND,NOT FOUND
TATA MOTORS LTD,TRUCK P/SIDES,TATA,NOT FOUND,NOT FOUND,NOT FOUND
TATA MOTORS LTD,LPT 1613/42 TRUCK CHASSIS,TATA,LPT 1613,NOT FOUND,LPT 1613
TATA MOTORS LTD,TATA TRUCK SE  1613,TATA,1613,NOT FOUND,1613
TATA INTRA V50 NON AC BSVI,TATA MOTORS LTD,TATA,NOT FOUND,INTRA V50,INTRA V50
TATA MOTORS LTD,LPT 3118 TC TRUCK CHASSIS WITH,TATA,CHASSIS,NOT FOUND,CHASSIS
TATA MOTORS LTD,TRUCK 3118,TATA,NOT FOUND,NOT FOUND,NOT FOUND
TATA MOTORS LTD,TATA LPT/1613/42 TRUCK,TATA,1613,NOT FOUND,1613
TATA NANO LX BS-IV,TATA MOTORS LTD,TATA,NOT FOUND,NANO,NANO
TATA- ALTROZ XZ 1.2 RTN BS6 BSVI,TATA MOTORS LTD,TATA,NOT FOUND,ALTROZ,ALTROZ
TATA MOTORS LTD,SFC 407EX TURBO 31 BSIII  TRUCK CAB NRML LB,TATA,407,NOT FOUND,407
TATA MOTORS LTD,SE1613 TRUCK B.S.-III,TATA,1613,NOT FOUND,1613
TATA MOTORS LTD,SIGNA 4825.T 10X2 TRUCK CHAS W,TATA,SIGNA,NOT FOUND,SIGNA
TATA MOTORS LTD,TATA SFC 407/PICKUP TRUCK BS2,TATA,407,NOT FOUND,407
TATA MOTORS LTD,TATA LPT3718TC TRUCK BSIII,TATA,LPT,NOT FOUND,LPT
TATA MOTORS LTD,TRUCK BS III,TATA,NOT FOUND,NOT FOUND,NOT FOUND
TATA MOTORS LTD,TATA SFC 709 EX TRUCK BS-III,TATA,709,NOT FOUND,709
TATA MOTORS LTD,LPT 1212 DCR42CBC TRUCK CHASSIS WITH CAB BSVI,TATA,CHASSIS,NOT FOUND,CHASSIS
TATA MOTORS LTD,SFC 407 EX TWIN CAB TRUCK,TATA,407,NOT FOUND,407
TATA NEXON XZ+ 1.2RTN BS6 BSVI,TATA MOTORS LTD,TATA,NOT FOUND,NEXON,NEXON
TATA MOTORS LTD,TATA OPEN TRUCK,TATA,NOT FOUND,NOT FOUND,NOT FOUND
TATA MOTORS LTD,LPT1109 EX2 TRUCK B.S.-III,TATA,1109,NOT FOUND,1109
TATA MOTORS LTD,TATA TRUCK LPT 1109 HEX2,TATA,LPT 1109,NOT FOUND,LPT 1109
TATA MOTORS LTD,TATA LPT 1109 EX2 TRUCK BSIV,TATA,LPT 1109,NOT FOUND,LPT 1109
TATA MOTORS LTD,LPT 1109 EX2 TRUCK CHASIS CAB,TATA,LPT 1109,NOT FOUND,LPT 1109
TATA MOTORS LTD,TDV TRUCK,TATA,NOT FOUND,NOT FOUND,NOT FOUND
TATA ZEST XT QJET 90PS ABS BSIV,TATA MOTORS LTD,TATA,NOT FOUND,ZEST,ZEST
TATA MOTORS LTD,TURBO TRUCK,TATA,NOT FOUND,NOT FOUND,NOT FOUND
TATA MOTORS LTD,LPT1613TC/62 COWL TRUCK,TATA,1613,NOT FOUND,1613
TATA MOTORS LTD,LPT 2515EX EURO-II TRUCK,TATA,LPT,NOT FOUND,LPT
TATA MOTORS LIMITED,LPT 1109 EX/36 TRUCK CAB BSII,TATA,LPT 1109,NOT FOUND,LPT 1109
TATA MOTORS LTD,TRUCK 712,TATA,NOT FOUND,NOT FOUND,NOT FOUND
TATA MOTORS LTD,TATA  LPT1613 TC TRUCK,TATA,1613,NOT FOUND,1613
TATA MOTORS LTD,LPT3118TC/56 EURO-III TRUCK,TATA,LPT,NOT FOUND,LPT
TATA MOTORS LTD,OSL AUTOMOTIVES PVT LTD,TATA,NOT FOUND,NOT FOUND,NOT FOUND
TELCO LTD,LPT TRUCK,TATA,LPT,NOT FOUND,LPT
TELCO LTD,TDV TRUCK,TATA,NOT FOUND,NOT FOUND,NOT FOUND
TATA MOTORS LTD,SFC407EX/31 HT 4SPCR BS4 TRUCK,TATA,407,NOT FOUND,407
TATA MOTORS LTD,SFC407 M TRUCK,TATA,407,NOT FOUND,407
TATA MOTORS LTD,TATA  TRUCK  ,TATA,NOT FOUND,NOT FOUND,NOT FOUND
TATA MOTORS LTD,LPT 1109 EX/42 BSIV TRUCK CHASSIS CAB LB,TATA,LPT 1109,NOT FOUND,LPT 1109
TATA MOTORS LTD,LPT 1212 DCR42HSD TRUCK CHASSIS CAB &amp; HDLB BSVI,TATA,CHASSIS,NOT FOUND,CHASSIS
TATA MOTORS LTD,LPT 2515 TRUCK BS-II,TATA,LPT,NOT FOUND,LPT
TATA MOTORS LTD,LPT 2818 TRUCK CHASSIS WITH  C,TATA,CHASSIS,NOT FOUND,CHASSIS
TELCO LTD,TATA 1109 MINI TRUCK,TATA,1109,NOT FOUND,1109
TATA MOTORS LTD,LPT 1109 EX TRUCK B.S.-III,TATA,LPT 1109,NOT FOUND,LPT 1109
TATA MOTORS LTD,TRUCK LPT2515 CEX,TATA,LPT,NOT FOUND,LPT
TATA MOTORS LTD,TRUCK LPT,TATA,LPT,NOT FOUND,LPT
TATA MOTORS LTD,LPT 1109 EX 2/42 TRUCK CHASSIS,TATA,LPT 1109,NOT FOUND,LPT 1109
TATA MOTORS LTD,SFC 407 EX/2750 PICK UP TRUCK,TATA,407,NOT FOUND,407
TATA MOTORS LTD,TATA 2518 TRUCK,TATA,NOT FOUND,NOT FOUND,NOT FOUND
TATA MOTORS LTD,TATA LP TRUCK,TATA,NOT FOUND,NOT FOUND,NOT FOUND
TATA MOTORS LTD,TATA LPT 2515 CEX TRUCK,TATA,LPT,NOT FOUND,LPT
TATA MOTORS LTD,LPT 1109 EX 2/42 HT TRUCK CHAS,TATA,LPT 1109,NOT FOUND,LPT 1109
TATA MOTORS LTD,TRUCK FULL BODY,TATA,NOT FOUND,NOT FOUND,NOT FOUND
TATA MOTORS LTD,TATA LPT 1109 EX36 TRUCK BSIII,TATA,LPT 1109,NOT FOUND,LPT 1109
TATA MOTORS LTD,LPT 1913 CRI6 TRUCK CHASSIS WI,TATA,CHASSIS,NOT FOUND,CHASSIS
TATA MOTORS LTD,TATA LPT 3118 TRUCK,TATA,LPT,NOT FOUND,LPT
TATA MOTORS LTD,TATA SFC 407 TRUCK,TATA,407,NOT FOUND,407
TATA MOTORS LTD,SFC 407 PICK UP TRUCK BS-II,TATA,407,NOT FOUND,407
TATA MOTORS LIMITED,407/31 TRUCK CAB LB BS2,TATA,407,NOT FOUND,407
TATA MOTORS LTD,TATA 407 TURBO TRUCK,TATA,407,NOT FOUND,407
TATA MOTORS LTD,TATA LPT 2515EX   TRUCK,TATA,LPT,NOT FOUND,LPT
TATA MOTORS LTD,TATA TRUCK 1612,TATA,NOT FOUND,NOT FOUND,NOT FOUND
TATA MOTORS LTD,TRUCK (OPEN BODY),TATA,NOT FOUND,NOT FOUND,NOT FOUND
TATA MOTORS LTD,TATA  LPT 2515 TRUCK,TATA,LPT,NOT FOUND,LPT
TATA MOTORS LTD,SE 1613 TRUCK,TATA,1613,NOT FOUND,1613
TATA MOTORS LTD,SIGNA 4923.T CRE 12X2 TRUCK CH,TATA,SIGNA,NOT FOUND,SIGNA
TATA MOTORS LTD,"TATA LPT 4223 CRE 10X2, TRUCK",TATA,LPT,NOT FOUND,LPT
TATA MOTORS LTD,LPT 1109 MINI TRUCK,TATA,LPT 1109,NOT FOUND,LPT 1109
TATA MOTORS LTD,LPT 2516TC TRUCK  BS-II,TATA,LPT,NOT FOUND,LPT
TATA MOTORS LTD,LPT 1109/42 EX TRUCK,TATA,LPT 1109,NOT FOUND,LPT 1109
TATA NEXON XZ+(P) 1.2 RTN BS6 BSVI,TATA MOTORS PASSENGER VEHICLES LTD,TATA,NOT FOUND,NEXON,NEXON
TATA MOTORS LTD,MINI TRUCK,TATA,NOT FOUND,NOT FOUND,NOT FOUND
TATA MOTORS LTD,"LPT 1613/42 ,COWL TRUCK E-II",TATA,LPT 1613,NOT FOUND,LPT 1613
TATA ACE GOLD DIESEL LOWDECK LOADBODY BSVI-PH2,TATA MOTORS LTD,TATA,NOT FOUND,ACE GOLD,ACE GOLD
TELCO LTD,407 TRUCK,TATA,407,NOT FOUND,407
TATA MOTORS LTD,TATA LPT 2518 TC 6X2 TRUCK BS3,TATA,LPT,NOT FOUND,LPT
TATA MOTORS LTD,TATA SFC407 RJEX2 10FT TRUCK W,TATA,407,NOT FOUND,407
TATA MOTORS LTD,TRUCK S 4X4,TATA,NOT FOUND,NOT FOUND,NOT FOUND
TATA MOTORS LTD,LPT 1613/62 TC BSII TRUCK CHAS,TATA,LPT 1613,NOT FOUND,LPT 1613
TATA MOTORS LTD,LPT1109/42 EX TRUCK,TATA,1109,NOT FOUND,1109
TATA MOTORS LTD,LP 1512 TC/52 BS III TRUCK,TATA,NOT FOUND,NOT FOUND,NOT FOUND
TATA MOTORS LTD,LCV TRUCK,TATA,LCV,NOT FOUND,LCV
TATA MOTORS LTD,TRUCK BODY,TATA,NOT FOUND,NOT FOUND,NOT FOUND
TATA- ALTROZ XM 1.2 RTN BS6 BSVI,TATA MOTORS LTD,TATA,NOT FOUND,ALTROZ,ALTROZ
TATA MOTORS LTD,TATA LPT 3518 TRUCK CHASSIS WI,TATA,CHASSIS,NOT FOUND,CHASSIS
TATA ALTROZ XZ+ 1.5 RTQ BS6 BSVI,TATA MOTORS PASSENGER VEHICLES LTD,TATA,NOT FOUND,ALTROZ,ALTROZ
TATA MOTORS LTD,LPT1109 HEX2 TRUCK B.S.-III,TATA,1109,NOT FOUND,1109
TATA MOTORS LTD,OPEN TRUCK,TATA,NOT FOUND,NOT FOUND,NOT FOUND
TATA MOTORS LTD,ULTRA1918.T 5L TRUCK CHASSIS W,TATA,CHASSIS,NOT FOUND,CHASSIS
TATA MOTORS LTD,SFC407 EX/31 HT BSIII TRUCK CH CAB LB,TATA,407,NOT FOUND,407
TATA MOTORS LTD,TATA LPT1913CRI TRUCK CHASSIS WITH COWL BSIV,TATA,CHASSIS,NOT FOUND,CHASSIS
TATA NEXON XZ+ DK RTNBS6PH2,TATA MOTORS PASSENGER VEHICLES LTD,TATA,NOT FOUND,NEXON,NEXON
TATA MOTORS LTD,TATA LPT1913CRI TRUCK CHASSIS ,TATA,CHASSIS,NOT FOUND,CHASSIS
TATA MOTORS LTD,SFC407EX 3100WB TRUCK CAB NORM,TATA,407,NOT FOUND,407
TATA MOTORS LTD,SIGNA 4825.T 10X2 TRUCK CHAS SLPCAB W/O LB BSVI,TATA,SIGNA,NOT FOUND,SIGNA
TATA MOTORS LTD,LPT 407 EX/34 TRUCK CHASSIS,TATA,CHASSIS,NOT FOUND,CHASSIS
TATA MOTORS LTD,T/ULTRA 1518 5L FFC TRUCK BS4,TATA,ULTRA,NOT FOUND,ULTRA
TATA MOTORS LTD,TRUCK 1210 SE,TATA,NOT FOUND,NOT FOUND,NOT FOUND
TATA MOTORS LTD,TRUCK SE,TATA,NOT FOUND,NOT FOUND,NOT FOUND
TATA MOTORS LIMITED,LPT 1109 EX/42 TRUCK CAB&HDLB,TATA,LPT 1109,NOT FOUND,LPT 1109
TATA MOTORS LTD,LPT2518/48 TC TRUCK,TATA,LPT,NOT FOUND,LPT
TATA MOTORS LTD,TATA TRUCK 1109,TATA,1109,NOT FOUND,1109
TATA MOTORS LTD,LP2518TC TRUCK B.S.-III,TATA,NOT FOUND,NOT FOUND,NOT FOUND
TATA MOTORS LTD,M TRUCK,TATA,NOT FOUND,NOT FOUND,NOT FOUND
TATA MOTORS LTD,TATA TRUCK ,TATA,NOT FOUND,NOT FOUND,NOT FOUND
TATA MOTORS LTD,407/31 TRUCK,TATA,407,NOT FOUND,407
TATA MOTORS LTD,TATA 1613/42 TRUCK,TATA,1613,NOT FOUND,1613
TATA MOTORS LTD,LPT 1109 EX2/36 BSIII TRUCK CHCAB W/O HDLB,TATA,LPT 1109,NOT FOUND,LPT 1109
TATA MOTORS LTD,LPT 1613 TRUCK,TATA,LPT 1613,NOT FOUND,LPT 1613
TATA MOTORS LTD,1613 TRUCK,TATA,1613,NOT FOUND,1613
TATA MOTORS LTD,T-1613  TRUCK,TATA,1613,NOT FOUND,1613
TATA MOTORS LTD,TATA TDV TRUCK,TATA,NOT FOUND,NOT FOUND,NOT FOUND
TATA MOTORS LTD,SFC 407EX TURBO 31 BSIII  TRUCK CAB HD LB,TATA,407,NOT FOUND,407
TATA- ALTROZ XE 1.2 RTN BS6 BSVI,TATA MOTORS LTD,TATA,NOT FOUND,ALTROZ,ALTROZ
TATA MOTORS LTD,TATA 407 TRUCK,TATA,407,NOT FOUND,407
TATA MOTORS LTD,TRUCK ,TATA,NOT FOUND,NOT FOUND,NOT FOUND
TATA MOTORS LTD,LPT 318TC TRUCK B.S.-III,TATA,LPT,NOT FOUND,LPT
TATA MOTORS LTD,LPT 2518 CR TRUCK CWC BSIV,TATA,LPT,NOT FOUND,LPT
TATA MOTORS LTD,LPT2518/48TCEX TRUCK,TATA,LPT,NOT FOUND,LPT
TATA MOTORS LTD,LPT 1212 DCR42HSD TRUCK CHASSIS CAB & HDLB BSVI,TATA,CHASSIS,NOT FOUND,CHASSIS
TATA MOTORS LTD,LPT 3718 TC BS3 10X2 TRUCK CWC,TATA,LPT,NOT FOUND,LPT
TATA MOTORS LTD,TATA MOTAR LTD,TATA,NOT FOUND,NOT FOUND,NOT FOUND
TATA MOTORS LTD,M. TRUCK LPT 1109 /36 B.S.-II,TATA,LPT 1109,NOT FOUND,LPT 1109
TATA MOTORS LTD,TATA ACE MINI TRUCK,TATA,ACE,NOT FOUND,ACE
TATA MOTORS LTD,TRUCK (P/SIDES),TATA,NOT FOUND,NOT FOUND,NOT FOUND
TATA MOTORS LTD,TRUCK 1612,TATA,NOT FOUND,NOT FOUND,NOT FOUND
TATA MOTORS LTD,TATA LPT 1109 HEX 2/36 TRUCK,TATA,LPT 1109,NOT FOUND,LPT 1109
TATA MOTORS LTD,LPT 1212DCR48HSD TRUCK CHASSIS CAB & HDLB BSVI,TATA,CHASSIS,NOT FOUND,CHASSIS
TATA INDICA EV2 CR4 CRAIL LS BSIV,TATA MOTORS LTD,TATA,NOT FOUND,INDICA,INDICA
TATA MOTORS LTD,TRUCK 709EX,TATA,709,NOT FOUND,709
TATA MOTORS LTD,LPT 2516 TRUCK,TATA,LPT,NOT FOUND,LPT
TATA MOTORS LTD,LPT 1109 EX2/36 BSIII TRUCK CHASSIS CAB LB,TATA,LPT 1109,NOT FOUND,LPT 1109
TATA MOTORS LTD,TELCO LTD,TATA,NOT FOUND,NOT FOUND,NOT FOUND
TATA MOTORS LTD,LPT1109 EX TRUCK,TATA,1109,NOT FOUND,1109
TATA PUNCH ADV 1.2P MT BSVI-PH2,TATA MOTORS PASSENGER VEHICLES LTD,TATA,NOT FOUND,PUNCH,PUNCH
TATA MOTORS LTD,HGV TRUCK,TATA,HGV,NOT FOUND,HGV
TATA MOTORS LTD,407 TURBO MK2/31 TRUCK C.E.L.B,TATA,407,NOT FOUND,407
TATA MOTORS LTD,TATA LPT 1412 CRX42WB TRUCK C ,TATA,LPT,NOT FOUND,LPT
TATA MOTORS LTD,TELKO TRUCK 1612,TATA,NOT FOUND,NOT FOUND,NOT FOUND
TATA MOTORS LTD,LPT1913 CRI6 TRUCK CHASIS WITH,TATA,LPT,NOT FOUND,LPT
TATA MOTORS LTD,LPT 1212 DCR48CBC TRUCK CHASSIS WITH CAB BSVI,TATA,CHASSIS,NOT FOUND,CHASSIS
TATA MOTORS LTD,TRUCK P SIDES,TATA,NOT FOUND,NOT FOUND,NOT FOUND
TATA MOTORS LTD,LPT 2515 TC 6X2 TRUCK B.S.-II,TATA,LPT,NOT FOUND,LPT
TATA MOTORS LTD,"TATA MOTORS LTD, TATA TRUCK",TATA,NOT FOUND,NOT FOUND,NOT FOUND
TATA MOTORS LTD,LPT TRUCK 2516 BS-II,TATA,LPT,NOT FOUND,LPT
TATA MOTORS LTD,TATA 15 TONS TRUCK,TATA,NOT FOUND,NOT FOUND,NOT FOUND
TELCO LTD,TRUCK,TATA,NOT FOUND,NOT FOUND,NOT FOUND
TATA MOTORS LTD,TATA MOTORS LTD,TATA,NOT FOUND,NOT FOUND,NOT FOUND
TATA MOTORS LTD,SFC 407 EX2 TURBO/31 BSIV TRUCK CAB&HDLB,TATA,407,NOT FOUND,407
TATA MOTORS LTD,TATA TRUCK 2515,TATA,NOT FOUND,NOT FOUND,NOT FOUND
TATA MOTORS LTD,TRUCK 2518,TATA,NOT FOUND,NOT FOUND,NOT FOUND
TATA MOTORS LTD,SE 1613 697 TCIC 42 BSIII TRUCK CH SFC COWL WS,TATA,1613,NOT FOUND,1613
TATA MOTORS LTD,TATA  TRUCK,TATA,NOT FOUND,NOT FOUND,NOT FOUND
TATA MOTORS LTD,TRUCK (P/SIDES) BS III,TATA,NOT FOUND,NOT FOUND,NOT FOUND
TATA MOTORS LTD,3118 TC8X2 EII TRUCK CHS BS2,TATA,NOT FOUND,NOT FOUND,NOT FOUND
TATA MOTORS LTD,TATA LPT 407 EX/34 CLB TRUCK,TATA,407,NOT FOUND,407
TATA MOTORS LTD,3118 CEX TRUCK BS3,TATA,NOT FOUND,NOT FOUND,NOT FOUND
TATA MOTORS LTD,TRUCK  P/SIDE,TATA,NOT FOUND,NOT FOUND,NOT FOUND
TATA MOTORS LTD,709 TRUCK,TATA,709,NOT FOUND,709
TATA MOTORS LTD,LPT 1109 EX 2/42 TRUCK CHASSIS WITH CAB HD LB,TATA,LPT 1109,NOT FOUND,LPT 1109
TATA MOTORS LTD,TRUCK S 4 X 4,TATA,NOT FOUND,NOT FOUND,NOT FOUND
TATA MOTORS LTD,SE 1613 697 TC 42 BSIII TRUCK ,TATA,1613,NOT FOUND,1613
TATA MOTORS LTD,SFC 407 EX TURBO/33 TRUCK CAB,TATA,407,NOT FOUND,407
TATA MOTORS LIMITED,LPT 1109 EX/42 TRUCK CAB BSII,TATA,LPT 1109,NOT FOUND,LPT 1109
TATA MOTORS LIMITED,407EX TURBO/31 TRUCK C&H.D.L.B,TATA,407,NOT FOUND,407
TATA MOTORS LTD,TATA ULTRA 1012/39 TRUCK,TATA,ULTRA,NOT FOUND,ULTRA
TATA MOTORS LTD,407EX TURBO/31 TRUCK,TATA,407,NOT FOUND,407
TATA MOTORS LTD,LPT 3118TC(8X2E-II TRUCK CHAS,TATA,LPT,NOT FOUND,LPT
TATA NEXON XM 1.2RTN BS6 BSVI,TATA MOTORS LTD,TATA,NOT FOUND,NEXON,NEXON
TATA MOTORS LTD,LPT909 HEX2/38 BSIII FFC TRUCK CHASSIS CAB,TATA,CHASSIS,NOT FOUND,CHASSIS
TATA MOTORS LTD,LPT 1109 TRUCK,TATA,LPT 1109,NOT FOUND,LPT 1109
TATA MOTORS LTD,TRUCK 1,TATA,NOT FOUND,NOT FOUND,NOT FOUND
TATA MOTORS LTD,SE 1613 697 TC 42 BSIII TRUCK,TATA,1613,NOT FOUND,1613
TATA MOTORS LTD,TATA 1613 TURBO TRUCK,TATA,1613,NOT FOUND,1613
TATA MOTORS LIMITED,LPT3118TC(8X2)E-II TRUCK CHAS,TATA,LPT,NOT FOUND,LPT
TATA MOTORS LTD,SK 407/31 EX TRUCK,TATA,407,NOT FOUND,407
TATA MOTORS LTD,LPT3118TC/56 TRUCK B.S.III,TATA,LPT,NOT FOUND,LPT
TATA INTRA V30 AC BSVI,TATA MOTORS LTD,TATA,NOT FOUND,INTRA V30,INTRA V30
TATA MOTORS LTD,TATA 2213 TRUCK,TATA,NOT FOUND,NOT FOUND,NOT FOUND
TATA MOTORS LTD,LP1109EX2/42BSIV TRUCK CHASSIS CAB HDLB,TATA,CHASSIS,NOT FOUND,CHASSIS
TATA ZEST XM QJET 75PS BS4 BSIV,TATA MOTORS LTD,TATA,NOT FOUND,ZEST,ZEST
TATA MOTORS LTD,TRUCK 1109,TATA,1109,NOT FOUND,1109
TATA MOTORS LTD,TRUCK P/SIDE,TATA,NOT FOUND,NOT FOUND,NOT FOUND
TATA MOTORS LTD,TRUCK 2003,TATA,NOT FOUND,NOT FOUND,NOT FOUND
TATA MOTORS LTD,LPT 407 EX  TRUCK B.S.-II,TATA,407,NOT FOUND,407
TATA MOTORS LTD,LPT 3118 TC (8X2)  TRUCK CHASSIS COWL BSIII,TATA,CHASSIS,NOT FOUND,CHASSIS
TATA MOTORS LTD,LPT909 HEX2/34 BSIII FFC TRUCK,TATA,909,NOT FOUND,909
TATA MOTORS LTD,1612 TRUCK,TATA,NOT FOUND,NOT FOUND,NOT FOUND
TATA MOTORS LTD,TATA MOTOR LTD,TATA,NOT FOUND,NOT FOUND,NOT FOUND
TATA MOTORS LTD,HCV  TRUCK,TATA,HCV,NOT FOUND,HCV
TATA MOTORS LTD,INDIGO CS LX LTD,TATA,INDIGO,NOT FOUND,INDIGO
TATA MOTORS LTD,TRUCK LPT1615/42,TATA,LPT,NOT FOUND,LPT
TATA MOTORS LTD,LPO 1512 TC TRUCK,TATA,LPO,NOT FOUND,LPO
TATA ZEST XE QJET 75PS BSIV,TATA MOTORS LTD,TATA,NOT FOUND,ZEST,ZEST
TATA MOTORS LTD,TRUCK 709,TATA,709,NOT FOUND,709
TATA MOTORS LTD,LPT 3118 TRUCK,TATA,LPT,NOT FOUND,LPT
TATA MOTORS LTD,LPT2518 TC TRUCK B.S.-III,TATA,LPT,NOT FOUND,LPT
TATA MOTORS LTD,LPT 1212 DCR42CBC TRUCK CHASSI,TATA,LPT,NOT FOUND,LPT
TATA MOTORS LTD,LPT3118TC8X2 EII TRUCK CHS BS2,TATA,LPT,NOT FOUND,LPT
TATA MOTORS LTD,LGV TRUCK 407,TATA,407,NOT FOUND,407
TATA MOTORS LTD,TATA LPT 1109 EX36 TRUCK BSI,TATA,LPT 1109,NOT FOUND,LPT 1109
TATA MOTORS LTD,SFC 407/31 TURBO EX TRUCK,TATA,407,NOT FOUND,407
TELCO LTD,31/EX TURBO TRUCK,TATA,NOT FOUND,NOT FOUND,NOT FOUND
TATA MOTORS LTD,LPT 1212DCR48HSD TRUCK CHASSIS,TATA,CHASSIS,NOT FOUND,CHASSIS
TATA MOTORS LTD,LPT 1109 36 EX TRUCK B.S.-III,TATA,LPT 1109,NOT FOUND,LPT 1109
TATA MOTORS LTD,2515 TRUCK,TATA,NOT FOUND,NOT FOUND,NOT FOUND
TATA MOTORS LTD,TATA 25/18 TRUCK,TATA,NOT FOUND,NOT FOUND,NOT FOUND
TATA NEXON XZ+ S DKRTNBS6PH2,TATA MOTORS PASSENGER VEHICLES LTD,TATA,NOT FOUND,NEXON,NEXON
TATA ACE GOLD 145 R 12C 8PR TS BSIV,TATA MOTORS LTD,TATA,NOT FOUND,ACE GOLD,ACE GOLD
TATA MOTORS LTD,TATA LPT 709 TRUCK,TATA,709,NOT FOUND,709
TATA MOTORS LTD,709 MINI TRUCK,TATA,709,NOT FOUND,709
TATA MOTORS LTD,TATA LTT 2518 TC 6X2 TRUCK BS3,TATA,NOT FOUND,NOT FOUND,NOT FOUND
TATA MOTORS LTD,SFC 407 /2750  PICKUP TRUCK,TATA,407,NOT FOUND,407
TATA MOTORS LTD,SFC 709 EX38 BSIII TRUCK CHASS,TATA,709,NOT FOUND,709
TATA MOTORS LTD,LPT1613TC TRUCK B.S.-III,TATA,1613,NOT FOUND,1613
TATA MOTORS LTD,TRUCK 1613 BS3,TATA,1613,NOT FOUND,1613
TATA MOTORS LTD,T-1613 TRUCK,TATA,1613,NOT FOUND,1613
TATA MOTORS LTD,TATA GOODS TRUCK,TATA,NOT FOUND,NOT FOUND,NOT FOUND
TATA MOTORS LTD,407 PICK UP TRUCK,TATA,407,NOT FOUND,407
