clean_model,extracted_model
XL100 HEAVY DUTY,TVS XL100 HEAVY DUTY
STARCITY 110,TVS STARCITY
JUPITER GRANDE,TVS JUPITER GRANDE
KING,TVS KING
KING,TVS KING
,TVS OTHER
APACHE RTR 160,TVS APACHE RTR 160
,TVS OTHER
STARCITY 110,TVS STARCITY
VICTOR GLX,TVS VICTOR
XL100 (HD),TVS XL100
NTORQ 125 H,TVS NTORQ
APACHE,TVS APACHE
PHOENIX 125,TVS PHOENIX
MAX 100,TVS MAX
IND SUZUKI AX 100,TVS OTHER
XL100,TVS XL100
JUPITER,TVS JUPITER
SCOOTY ZEST,TVS SCOOTY ZEST
VICTOR 110,TVS VICTOR
99,TVS OTHER
KING LGP,TVS KING
SUZUKI SAMURAI,TVS OTHER
SPORT CVTI,TVS SPORT
VICTOR BREAK 3,TVS VICTOR
XL100 HEAVYDUTY L2 6,TVS XL100
ASTRA,TVS OTHER
JUPITER ZX (),TVS JUPITER
STARCITY 2,TVS STARCITY
XL 100,TVS XL100
APACHE,TVS APACHE
RAIDER,TVS OTHER
JUPITER MOTORCYLE,TVS JUPITER
JUPITER LE,TVS JUPITER
APACHE RTR 160 L2,TVS APACHE RTR 160
SPORT DURALIFE,TVS SPORT
STARCITY + 4,TVS STARCITY
S CITY 110,TVS OTHER
FIERO BREAK,TVS OTHER
OTHERS,TVS OTHER
RE AUTORICKSHAW CAB,TVS OTHER
VICTOR M/CYCLE,TVS VICTOR
JUPITER ZX,TVS JUPITER
MAX 100 DC,TVS MAX
JUPITER,TVS JUPITER
SCOOTY PEP,TVS SCOOTY PEP
SUZUKI,TVS OTHER
WEGO,TVS WEGO
VICTOR GL,TVS VICTOR
APACHE RR 310,TVS APACHE
SCOOTY,TVS SCOOTY
OTHERS,TVS OTHER
APACHE - RTR,TVS APACHE
STARCITY+ (,TVS STARCITY
APACHI RTR 160,TVS APACHE
KING RE4 STROKE,TVS KING
NEW XL100 HD,TVS XL100
JUPITER (,TVS JUPITER
KING GS,TVS KING
APACHE,TVS APACHE
PHOENIX 125,TVS PHOENIX
MAX 100 DLX,TVS MAX
APACHE RTR REF,TVS APACHE
SCOOTY PEP+,TVS SCOOTY PEP
NTORQ 125 RACE XP,TVS NTORQ
SUZUKI MAX 100 R,TVS MAX
STAR SPORT CVTI,TVS SPORT
SUPRA,TVS OTHER
APACHE RTR 160--II,TVS APACHE RTR 160
FIERO,TVS OTHER
M/CYCLE APACHE RTR,TVS APACHE
APACHE RTR 160 4V,TVS APACHE RTR 160
SUZUKI MAX 100,TVS MAX
50N XL,TVS XL100
SCOOTY KS,TVS SCOOTY
SCOOTY PEP+,TVS SCOOTY PEP
RE AUTORIKSHAW CAB,TVS OTHER
SAMURAI,TVS OTHER
STARCITY 110,TVS STARCITY
SUZUKI AX 100,TVS OTHER
SUPER CHAMP,TVS OTHER
XL100 HEAVY DUTY ST,TVS XL100 HEAVY DUTY
MAX 100 R,TVS MAX
NTORQ 125 XT,TVS NTORQ
JUPITER ZX,TVS JUPITER
JUPITER 125 FAW & REAR AW,TVS JUPITER
SUZUKI - MAX 100,TVS MAX
STAR DLX,TVS OTHER
RAIDER,TVS OTHER
SCOOTY TEENZ,TVS SCOOTY
50N XL,TVS XL100
XL 100 COMFORT,TVS XL100
FIERO F2,TVS OTHER
XL 100 (,TVS XL100
TVS-XL-SUPER HD,TVS XL100
APACHE RTR RR,TVS APACHE
SCOOTY,TVS SCOOTY
ASTRA VMX,TVS OTHER
SHAOLIN,TVS OTHER
ZEST,TVS ZEST
NTORQ 125,TVS NTORQ
APACHE RTR 200 (),TVS APACHE RTR 200
SCOOTY,TVS SCOOTY
VICTOR EDGE,TVS VICTOR
BAJAJ BOXER CT,TVS OTHER
STAR SPORTS,TVS SPORT
TATA INDICA VISTA,TVS OTHER
SUPERCHAMP,TVS OTHER
CHAMP 50,TVS OTHER
KING LS+ FI,TVS KING
TSV MAX - R,TVS MAX
WEGO,TVS WEGO
STAR SPORTS,TVS SPORT
20 M T GVW TRACTOR,TVS OTHER
SCOOTY ZEST,TVS SCOOTY ZEST
SPORT,TVS SPORT
APACHE RTR 160 FR,TVS APACHE RTR 160
NTORQ 125 4,TVS NTORQ
JUPTER,TVS JUPITER
XL H D,TVS XL100
KING ZS,TVS KING
WEGO,TVS WEGO
SPORT DURALIFE,TVS SPORT
STARCITY +,TVS STARCITY
STARCITY PLUS MAG WHL,TVS STARCITY
XL100 H D,TVS XL100
SCOOTY PEP+,TVS SCOOTY PEP
VICTOR (),TVS VICTOR
XLS HD,TVS OTHER
CHAMP,TVS OTHER
MAX 4R,TVS MAX
RADEON,TVS RADEON
HONDA CITY 1 5ZX MT IDTEC 4,TVS OTHER
VICTOR GL,TVS VICTOR
APACHE RTR 160 FD,TVS APACHE RTR 160
XL100 4,TVS XL100
XL 100,TVS XL100
STARCITY 110,TVS STARCITY
STARCITY +,TVS STARCITY
RADEON FRONT L2 6,TVS RADEON
KING ZD 225LC,TVS KING
XL100 HEAVY DUTY,TVS XL100 HEAVY DUTY
VICTA GX,TVS OTHER
SPORT DURALIFE,TVS SPORT
XL100 HD -III,TVS XL100
XL 100 HEAVY DUTY,TVS XL100 HEAVY DUTY
APACHE RTR 180,TVS APACHE RTR 180
XL100( HD),TVS XL100
XLS (HD),TVS OTHER
APACHE RTR B S II,TVS APACHE
RADEON,TVS RADEON
NTORQ 125,TVS NTORQ
JUPITER ZX,TVS JUPITER
STARCITY 110 (MAG),TVS STARCITY
SPORT,TVS SPORT
STAR SPORTS MWES,TVS SPORT
STARCITY+ (),TVS STARCITY
XL 100 (),TVS XL100
STARCITY,TVS STARCITY
MAX 100 R,TVS MAX
STARCITY PLUS,TVS STARCITY
MAX 100 RX,TVS MAX
VICTOR EDGE,TVS VICTOR
VICTOR (,TVS VICTOR
JUPITER ZX L2 6,TVS JUPITER
SUZUKU MAX 100 R,TVS MAX
CHAMP 50,TVS OTHER
SUZUKI EKO 49 9,TVS OTHER
XL100 COMFORT STAR,TVS XL100
NTORQ 125 RACE EDITION,TVS NTORQ
CHAMP,TVS OTHER
IQUBEELECTRIC SMARTXONNECT,TVS OTHER
STARCITY PLUS MAG,TVS STARCITY
SPORT E S,TVS SPORT
JUPITER CLASSIC,TVS JUPITER
JUPITER 125,TVS JUPITER
XL100 HD,TVS XL100
STARCITY ALLOY,TVS STARCITY
STARCITY+,TVS STARCITY
SUZUKI SUZUKI FIERO,TVS OTHER
JUPITER (),TVS JUPITER
LUNA SUPER,TVS OTHER
SCOOTY TEENS,TVS SCOOTY
KING ZD 225LC FI,TVS KING
SUZUKI KS,TVS OTHER
PHOENIX,TVS PHOENIX
APACHE RTR 160 4V,TVS APACHE RTR 160
CENTRA,TVS OTHER
TVX MAX 100 DLX,TVS MAX
APACHE RTR160 4V L2 6,TVS APACHE RTR 160
SUZUK,TVS OTHER
APACHE RTR FI 160,TVS APACHE
NEW VICTOR,TVS VICTOR
STARCITY,TVS STARCITY
SPORT,TVS SPORT
MOTORCYCLE,TVS OTHER
XL100 HEAVY DUTY,TVS XL100 HEAVY DUTY
STAR DLX,TVS OTHER
SUZUKI SAMURAI,TVS OTHER
IQUBE ELECTRIC S,TVS OTHER
STAR SPORT-ECONOTECH-II,TVS SPORT
RADEON L2 4,TVS RADEON
APACHE RTR 160 UPG,TVS APACHE RTR 160
XL100 HEAVY DUTY,TVS XL100 HEAVY DUTY
JUPITER CLASSIC(),TVS JUPITER
VICTOR,TVS VICTOR
PHOENIX,TVS PHOENIX
XL 100 HEAVY DUTY,TVS XL100 HEAVY DUTY
XL100 70(FITTED WITH,TVS XL100
SCOOTY,TVS SCOOTY
IND SUZUKI AX 100,TVS OTHER
SUZUKI,TVS OTHER
TVSNTORQ125-SUPER SQUADEDITION,TVS NTORQ
FIERO,TVS OTHER
KING ZS+ (),TVS KING
JUPITER (),TVS JUPITER
50,TVS OTHER
JUPITER CLASSIC(,TVS JUPITER
4 STROKE CNG STANDARD,TVS OTHER
XL100,TVS XL100
JUPITER 110,TVS JUPITER
XL100 HEAVY DUTY -PH2,TVS XL100 HEAVY DUTY
ACESS,TVS OTHER
T V S VICTOR,TVS VICTOR
68,TVS OTHER
XL,TVS XL100
XL100 HEAVY DUTY,TVS XL100 HEAVY DUTY
APACHE RTR 160,TVS APACHE RTR 160
JIVE II,TVS OTHER
WEGO SCOOTERS,TVS WEGO
JUPITOR 110,TVS JUPITER
STAR SPORT DLX,TVS SPORT
APACHE RTR 160 4,TVS APACHE RTR 160
AMAZE 1 5 VX MT IDTEC,TVS OTHER
IND-SUZUKI AX 100,TVS OTHER
WEGO REFRESH,TVS WEGO
VICTOR MOTOR CYCLE,TVS VICTOR
4S SCOOTY PEP DLX,TVS SCOOTY PEP
IND SUZUKI,TVS OTHER
STARCITY E S M/,TVS STARCITY
APACHE RTR160 4V L2 6,TVS APACHE RTR 160
SCOOTY PEP (),TVS SCOOTY PEP
RADEON L2 6,TVS RADEON
STARCITY+,TVS STARCITY
NTORQ 125,TVS NTORQ
XL100 HEAVYDUTY KS L2 6,TVS XL100
APACHE RTR 180 -III,TVS APACHE RTR 180
APACHE RTR 160 (),TVS APACHE RTR 160
XL100 HEAVY DUTY,TVS XL100 HEAVY DUTY
STAR,TVS STARCITY
STARCITY PLUS,TVS STARCITY
SUZUKI MAX 100,TVS MAX
JUPITER LE,TVS JUPITER
SCOOTY,TVS SCOOTY
MOPED,TVS OTHER
STREAK,TVS STREAK
X2 SUPER HD,TVS OTHER
NTORQ SXR 125,TVS NTORQ
JUPITER ZX,TVS JUPITER
SCOOTY PEP +,TVS SCOOTY PEP
STAR SPORT,TVS SPORT
STAR SPORTS,TVS SPORT
XL100 COMFORT I-TOUCHSTART,TVS XL100
APACHE RTR 160 L2,TVS APACHE RTR 160
APACHE R T R 160,TVS APACHE
VICTOR,TVS VICTOR
THREE WHEELAR,TVS OTHER
STARCITY+,TVS STARCITY
JUPITER,TVS JUPITER
JUPITER ZX INTELLIGO,TVS JUPITER
SPORT 100,TVS SPORT
APACHE RTR 200 () A,TVS APACHE RTR 200
STARCITY PLUS L2 6,TVS STARCITY
AX 100 R DILUX,TVS OTHER
RADEON,TVS RADEON
ASTRA,TVS OTHER
STARCITY+ L2,TVS STARCITY
XL100 HEAVYDUTY(FITTEDW,TVS XL100
VICTOR GLX 125,TVS VICTOR
JIVE,TVS OTHER
APACHE RTR UPG 180,TVS APACHE
XL 100,TVS XL100
XL100 HD,TVS XL100
STARCITY +,TVS STARCITY
STARCITY,TVS STARCITY
VICTOR,TVS VICTOR
APACHE RTR 180,TVS APACHE RTR 180
KING ECO,TVS KING
XT 49 9,TVS OTHER
SPORT,TVS SPORT
VICTOR,TVS VICTOR
RADEON,TVS RADEON
SCOOTY PEP+,TVS SCOOTY PEP
APACHE RTR 160,TVS APACHE RTR 160
XL100 H D,TVS XL100
JIVE,TVS OTHER
MAX-100-DLX,TVS MAX
ZEST,TVS ZEST
JUPITER 125,TVS JUPITER
SPORT ELS L2 6,TVS SPORT
SCOOTY PEP+ (),TVS SCOOTY PEP
MAX 100 MOTORS CO LTD,TVS MAX
STARCITY ALLOY,TVS STARCITY
CENTRA,TVS OTHER
STARCITY+ (),TVS STARCITY
XL,TVS XL100
MAX 100 RX,TVS MAX
STARCITY PLUS,TVS STARCITY
SUZUKI FIERO,TVS OTHER
SPORT CVTI,TVS SPORT
APACHE RTR 200,TVS APACHE RTR 200
STARCITY PLUS 110 MWL,TVS STARCITY
STAR,TVS STARCITY
T V S FIERO F-2,TVS OTHER
JUPITER ZX (),TVS JUPITER
VICTOR GL,TVS VICTOR
XL100 HD MOTOR CYCLE,TVS XL100
XL100 70,TVS XL100
XL100 MOPED,TVS XL100
EKO,TVS OTHER
SCOOTY PEP REF,TVS SCOOTY PEP
VICTOR,TVS VICTOR
APACHE RTR 160 RD -III,TVS APACHE RTR 160
MAX 100 R,TVS MAX
SCOOTY ZEST,TVS SCOOTY ZEST
JUPITER,TVS JUPITER
STAR DLX,TVS OTHER
JUPITER 4,TVS JUPITER
XL100,TVS XL100
FLAME 125,TVS OTHER
APACHE RTR RR,TVS APACHE
SUZUKI SHAOLIN-5 SPEED,TVS OTHER
SUZUKI SAMURAI,TVS OTHER
M/CYCLE CITY,TVS OTHER
WEGO BASIC REFRESH,TVS WEGO
XL 100,TVS XL100
STARCITY CVTI,TVS STARCITY
SUZUKI,TVS OTHER
SPORT KLS L2 6,TVS SPORT
STAR SPORT ECONOTECH,TVS SPORT
SCOOTER WEGO,TVS WEGO
NEW VICTOR 110,TVS VICTOR
50 XT,TVS OTHER
KING,TVS KING
M/CYCLE S CITY,TVS OTHER
SUZUKI MAX 100 RX,TVS MAX
STARCITY,TVS STARCITY
SPORT DURALIFE (,TVS SPORT
KING ZX CNG,TVS KING
KING LS+ (),TVS KING
M\CYCLE,TVS OTHER
MAX R4,TVS MAX
SCOOTY STREAK FASHION,TVS SCOOTY STREAK
VICTOR GLX,TVS VICTOR
JUPITER CLASSIC,TVS JUPITER
KING ZS,TVS KING
M/CYCLE SPORTS,TVS SPORT
STARCITY MAG,TVS STARCITY
APACHE RTR 200 4V,TVS APACHE RTR 200
XL100 HEAVY DUTY S,TVS XL100 HEAVY DUTY
MAX 100 MOTORS CO LTD,TVS MAX
SCOTTY PEP PLUS,TVS PEP
STARCITY KS,TVS STARCITY
SCOOTY W N R,TVS SCOOTY
WEGO II,TVS WEGO
APACHE RTR 180 RTR,TVS APACHE RTR 180
SPORT ELS,TVS SPORT
APACHE RTR 160 FI 4V AB,TVS APACHE RTR 160
FIERRO,TVS OTHER
JUPITER ZX (,TVS JUPITER
MAX 100 DC,TVS MAX
RAIDER,TVS OTHER
XL 100,TVS XL100
FIERO F2,TVS OTHER
WEGO,TVS WEGO
JUPITER ZX WITH M & P,TVS JUPITER
SPORT DURALIFE (),TVS SPORT
CENTRA,TVS OTHER
XL100 70,TVS XL100
SUPER CHAMP,TVS OTHER
CHAMP,TVS OTHER
"APACHE RTR FI""2",TVS APACHE
STAR SPORT ECON,TVS SPORT
JUPITER,TVS JUPITER
TVS/XL/SUPER/HD,TVS XL100
STARCITY,TVS STARCITY
SCOOTY,TVS SCOOTY
XL100 H D MOPED,TVS XL100
SUZUKI MAX 100 R,TVS MAX
JUPITER ZX 4,TVS JUPITER
XL100 HEAVY DUTY,TVS XL100 HEAVY DUTY
XL100 I,TVS XL100
MAX-100-R,TVS MAX
SCOOTY PEP +,TVS SCOOTY PEP
SPORT CVTI,TVS SPORT
SCOOTY PEP PLUS,TVS SCOOTY PEP
XL100,TVS XL100
STARCITY 110ES,TVS STARCITY
IQUBE ELECTRIC,TVS OTHER
PEP PLUS,TVS PEP
VICTOR GX 110,TVS VICTOR
APACHE,TVS APACHE
SPORT MAG,TVS SPORT
STARCITY +,TVS STARCITY
APACHE RTR 160,TVS APACHE RTR 160
APACHE RTR 180,TVS APACHE RTR 180
APACHE-RTR-180,TVS APACHE
SCOOTY PEP PLUS,TVS SCOOTY PEP
WEGO -III,TVS WEGO
STARCITY 110 REF,TVS STARCITY
STARCITY ESMIC,TVS STARCITY
RADEON FRONT L2 6,TVS RADEON
VICTOR WITH BRAKE I,TVS VICTOR
VICTOR GL 125,TVS VICTOR
XL100,TVS XL100
CHAMP VMX,TVS OTHER
SCOOTY PEP+ (,TVS SCOOTY PEP
SAMURAI,TVS OTHER
APACHE RTR 160 NEW,TVS APACHE RTR 160
ONE SUPER XL MOPED,TVS XL100
APACHE RTR 200,TVS APACHE RTR 200
SPORTS,TVS SPORT
SCOOTY PEP+,TVS SCOOTY PEP
APACHE RTR 180 (,TVS APACHE RTR 180
SPORT KLS,TVS SPORT
SPORT DURALIFE L2,TVS SPORT
JUPITER 125 -PH2,TVS JUPITER
APACHE RTR 180 NON A,TVS APACHE RTR 180
SPORT C V TI B S II,TVS SPORT
XL100 HD MOPED,TVS XL100
APACHE,TVS APACHE
JUPITER,TVS JUPITER
MAX-100,TVS MAX
STARCITY MAQ,TVS STARCITY
JUPITER (),TVS JUPITER
PHOENIX,TVS PHOENIX
APACHE RTR 200 4V,TVS APACHE RTR 200
NEW XL100 HD,TVS XL100
XL100 HEAVY DUTY,TVS XL100 HEAVY DUTY
NTORQ 125 RACE EDITION,TVS NTORQ
SCOOTY PEP + II,TVS SCOOTY PEP
STARCITY 110,TVS STARCITY
TVS-SCOOTY,TVS SCOOTY
STARCITY 110,TVS STARCITY
STARCITY PLUS,TVS STARCITY
XL100 ID,TVS XL100
STAR SPORT,TVS SPORT
T V S SCOOTY PEP MOPPED,TVS SCOOTY PEP
XL100 HD,TVS XL100
MOTOR CYCLE WITH GEAR,TVS OTHER
XL100,TVS XL100
MOPED XL100,TVS XL100
XL100,TVS XL100
RONIN,TVS OTHER
NEW VICTOR 110,TVS VICTOR
SCOOTY ZEST,TVS SCOOTY ZEST
SPORTS,TVS SPORT
NOT AVAILABLE,TVS OTHER
NTORQ 125 RACE EDITION,TVS NTORQ
STARCITY + MAG WHL,TVS STARCITY
STREAK,TVS STREAK
XL100,TVS XL100
SUZUKI AX100 R,TVS OTHER
JIVE (),TVS OTHER
WEGO (,TVS WEGO
FIERO,TVS OTHER
KING,TVS KING
XL100,TVS XL100
APACHE RTR160 4V,TVS APACHE RTR 160
NTORQ 125,TVS NTORQ
VICTOR (),TVS VICTOR
VICTOR,TVS VICTOR
APACHE RTR 180 4,TVS APACHE RTR 180
MOTOR CYCLE,TVS OTHER
SUZUKI MAX 100,TVS MAX
APACHE RTR 180 (),TVS APACHE RTR 180
XL 100 HEAVY DUTY,TVS XL100 HEAVY DUTY
XL 100,TVS XL100
KING LS PLUS,TVS KING
VICTOR GL,TVS VICTOR
APACHE RTR 200,TVS APACHE RTR 200
TVSJUPITER125,TVS JUPITER
PHOENIX 125,TVS PHOENIX
APACHE RTR 160 (,TVS APACHE RTR 160
SCOOTY PEP PLUS,TVS SCOOTY PEP
KING,TVS KING
FIERO F2 BRAKE,TVS OTHER
SPORT DURALIFE (),TVS SPORT
SCOOTY PEP DLX,TVS SCOOTY PEP
XL100 100,TVS XL100
APACHI,TVS APACHE
STARCITY 110 KS ALL,TVS STARCITY
XL100 HEAVY DUTY,TVS XL100 HEAVY DUTY
JUPITER,TVS JUPITER
MAX 100 DLX,TVS MAX
MAX 100,TVS MAX
APACHE RTR 160,TVS APACHE RTR 160
VICTOR GX,TVS VICTOR
XL100,TVS XL100
CITY M/W,TVS OTHER
KING,TVS KING
JUPITER CLASSIC,TVS JUPITER
XL-100,TVS XL100
JUPITER,TVS JUPITER
FIERO F2,TVS OTHER
XL 100 (),TVS XL100
SPORT CVTI,TVS SPORT
STARCITY,TVS STARCITY
INDIGO CS LS,TVS OTHER
XL100 H D,TVS XL100
SCOOTY PEP+ (),TVS SCOOTY PEP
APACHE,TVS APACHE
APACHE RTR,TVS APACHE
STARCITY+,TVS STARCITY
EICHER MIT,TVS OTHER
VICTOR 2,TVS VICTOR
CHAMP,TVS OTHER
XL 100 HEAVY DUTY,TVS XL100 HEAVY DUTY
SPORT CVTI,TVS SPORT
SUZUKI SHOGUN,TVS OTHER
MAX 100,TVS MAX
VICTOR NEW 4S,TVS VICTOR
WEGO,TVS WEGO
SPORT KLS,TVS SPORT
MAX 100,TVS MAX
STARCITY KS AW 110 REF,TVS STARCITY
XT,TVS OTHER
,TVS OTHER
SCOOTY PEP,TVS SCOOTY PEP
TVSXL100 HEAVY DUTY,TVS XL100 HEAVY DUTY
JUPITER GRANDE 4,TVS JUPITER GRANDE
XL100 3 MOSS GREEN,TVS XL100
SPORT,TVS SPORT
VICTOR GL (U27),TVS VICTOR
50N XL,TVS XL100
VICTOR GLX 125,TVS VICTOR
- XL,TVS XL100
JUPITER,TVS JUPITER
T V S PHOENIX,TVS PHOENIX
NTORQ 125 SBT,TVS NTORQ
APACHE RTR,TVS APACHE
TVS VICTOR G L,TVS VICTOR
JUPITER 4,TVS JUPITER
APACHE,TVS APACHE
JUPITER,TVS JUPITER
APACHE RTR180 L2 6,TVS APACHE RTR 180
XL H D,TVS XL100
SCOOTY PEP DLX,TVS SCOOTY PEP
NTORQ 125 RACE EDITION,TVS NTORQ
MOTORCYCLE,TVS OTHER
VICTOR GX,TVS VICTOR
APACHE RTR RR,TVS APACHE
WEGO (),TVS WEGO
50,TVS OTHER
NTORQ125 4,TVS NTORQ
SCOOTY ZEST (,TVS SCOOTY ZEST
JUPITER CLASSIC,TVS JUPITER
RAIDER -PH2,TVS OTHER
STARCITY KS,TVS STARCITY
STARCITY 110 REF,TVS STARCITY
STARCITY PLUS L2 6,TVS STARCITY
SPORT CVTI,TVS SPORT
APACHE RTR 160,TVS APACHE RTR 160
FIERO MOTORCYCLE,TVS OTHER
PHOENIX 125,TVS PHOENIX
XL-SUPER HEAVY DUTY,TVS XL100
KING PETROL,TVS KING
APACHE RTR-160,TVS APACHE
XL100 70,TVS XL100
PEP SCOOTY,TVS SCOOTY
STARCITY,TVS STARCITY
STARCITY PLUS,TVS STARCITY
M/CYCLE APACHE,TVS APACHE
SCOOTY,TVS SCOOTY
JUPITER CLASSIC(),TVS JUPITER
NAAAA,TVS OTHER
INDICA V2,TVS OTHER
4 STROKE SCOOTY PEP,TVS SCOOTY PEP
STARCITY B S II,TVS STARCITY
SCOOTY PEP EX,TVS SCOOTY PEP
WEGO,TVS WEGO
STAR SPORT ECONOTECH,TVS SPORT
XL HEAVY DUTY,TVS XL100 HEAVY DUTY
M/CYCLE,TVS OTHER
KING ZK FI,TVS KING
SUZUKI FIERO RTV,TVS OTHER
4 S,TVS OTHER
SUZUKI SUZUKI MAX 100 R,TVS MAX
SCOOTY TEENZ,TVS SCOOTY
STARCITY,TVS STARCITY
CHAMP,TVS OTHER
APACHE RTR160 L2 6,TVS APACHE RTR 160
SCOOTY,TVS SCOOTY
XL100 COMFORT,TVS XL100
STARCITY PLUS,TVS STARCITY
SPORT ELS,TVS SPORT
SUZUKI MAX 100,TVS MAX
50 XL,TVS XL100
STARCITY--II,TVS STARCITY
APACHE RTR 160,TVS APACHE RTR 160
APACHE RTR 200,TVS APACHE RTR 200
VICTOR MOTOR CYCLE,TVS VICTOR
JUPITER,TVS JUPITER
PHOENIX 125,TVS PHOENIX
CHAMP DLX,TVS OTHER
CHAMP 60,TVS OTHER
MAX R,TVS MAX
MOPED,TVS OTHER
SCOOTY PEP+,TVS SCOOTY PEP
SCOOTY ZEST (),TVS SCOOTY ZEST
JUPITER GRANDE,TVS JUPITER GRANDE
INDIGO CS LX,TVS OTHER
SCOOTY PEP PLUS FASHION,TVS SCOOTY PEP
STARCITY 110 DT,TVS STARCITY
CITY,TVS STARCITY
XL 100 HEAVY DUTY,TVS XL100 HEAVY DUTY
KING 25 T,TVS KING
XL100 HEAVY DUTY,TVS XL100 HEAVY DUTY
CHAMP,TVS OTHER
SCOOTY STREAK,TVS SCOOTY STREAK
APACHE RTR,TVS APACHE
CENTRA,TVS OTHER
CHAMP,TVS OTHER
SUZUKI MAX 100 RD,TVS MAX
MAX 100 DC,TVS MAX
SUZUKI MAX 100 R,TVS MAX
XL100,TVS XL100
SUZUKI HEAT M/CYCLE 125,TVS OTHER
VICTER GX,TVS VICTOR
SUZUKI MAX 100 R,TVS MAX
FLAME,TVS OTHER
KING CNG,TVS KING
SPORT DURALIFE L2,TVS SPORT
APACHE RTR160 L2 6,TVS APACHE RTR 160
SUZUKI AX-100 SUPRA,TVS OTHER
TVSJU,TVS OTHER
STARCITY A/W,TVS STARCITY
VICTOR (),TVS VICTOR
