rc_maker_desc,rc_maker_model,Mapped Name,clean_model,tvs_model,final_model
TVS MOTOR COMPANY LTD,TVS XL100 HEAVY DUTY ITOUCH START BSIV,TVS,XL100 HEAVY DUTY,TVS XL100 HEAVY DUTY,TVS XL100 HEAVY DUTY
TVS MOTOR COMPANY LTD,STAR CITY 110 ES MG,TVS,STARCITY 110,TVS STARCITY,TVS STARCITY
TVS MOTOR COMPANY LTD,TVS JUPITER GRANDE BSIV,TVS,JUPITER GRANDE,TVS JUPITER GRANDE,TVS JUPITER GRANDE
TVS MOTOR COMPANY LTD,TVS KING  A/R 4S LPG,TVS,KING,TVS KING,TVS KING
TVS MOTOR COMPANY LTD,TVS KING 3 WHL AUTORIKSHAW,TVS,KING,TVS KING,TVS KING
TVS MOTOR COMPANY LTD,OTHER,TVS,,TVS OTHER,TVS OTHER
TVS MOTOR COMPANY LTD,TVS APACHE RTR 160 BSIV,TVS,APACHE RTR 160,TVS APACHE RTR 160,TVS APACHE RTR 160
TVS MOTOR COMPANY LTD,Not Available,TVS,,TVS OTHER,TVS OTHER
TVS MOTOR COMPANY LTD,STAR CITY 110 MAGWEEL ES,TVS,STARCITY 110,TVS STARCITY,TVS STARCITY
TVS MOTOR COMPANY LTD,VICTOR GLX,TVS,VICTOR GLX,TVS VICTOR,TVS VICTOR
TVS MOTOR COMPANY LTD,XL SUPER (HD),TVS,XL100 (HD),TVS XL100,TVS XL100
TVS MOTOR COMPANY LTD,TVS NTORQ 125 DISC HBS BSIV,TVS,NTORQ 125 H,TVS NTORQ,TVS NTORQ
TVS MOTOR COMPANY LTD,TVS APACHE DISK,TVS,APACHE,TVS APACHE,TVS APACHE
TVS MOTOR COMPANY LTD,TVS PHOENIX 125 BSIII,TVS,PHOENIX 125,TVS PHOENIX,TVS PHOENIX
TVS MOTOR COMPANY LTD,MAX 100,TVS,MAX 100,TVS MAX,TVS MAX
TVS SUZUKI LIMITED,IND SUZUKI AX 100,TVS,IND SUZUKI AX 100,TVS OTHER,TVS OTHER
TVS Motor Company Ltd,TVS XL 100 HD I-TOUCH START,TVS,XL100,TVS XL100,TVS XL100
TVS MOTOR COMPANY LTD,TVS JUPITER ,TVS,JUPITER,TVS JUPITER,TVS JUPITER
TVS MOTOR COMPANY LTD,TVS SCOOTY ZEST,TVS,SCOOTY ZEST,TVS SCOOTY ZEST,TVS SCOOTY ZEST
TVS MOTOR COMPANY LTD,VICTOR 110,TVS,VICTOR 110,TVS VICTOR,TVS VICTOR
TVS MOTOR COMPANY LTD,99,TVS,99,TVS OTHER,TVS OTHER
TVS MOTOR COMPANY LTD,TVS KING LS4S LGP,TVS,KING LGP,TVS KING,TVS KING
TVS MOTOR COMPANY LTD,TVS SUZUKI SAMURAI,TVS,SUZUKI SAMURAI,TVS OTHER,TVS OTHER
TVS MOTOR COMPANY LTD,SPORT CVTI,TVS,SPORT CVTI,TVS SPORT,TVS SPORT
TVS MOTOR COMPANY LTD,TVS VICTOR DRUM BREAK BS3,TVS,VICTOR BREAK 3,TVS VICTOR,TVS VICTOR
TVS MOTOR COMPANY LTD,XL100 HEAVYDUTY I-TOUCH L2 BS6,TVS,XL100 HEAVYDUTY L2 6,TVS XL100,TVS XL100
TVS SUZUKI LIMITED,TVS ASTRA,TVS,ASTRA,TVS OTHER,TVS OTHER
TVS MOTOR COMPANY LTD,JUPITER ZX (BS IV),TVS,JUPITER ZX (),TVS JUPITER,TVS JUPITER
TVS MOTOR COMPANY LTD,TVS STAR CITY BS2,TVS,STARCITY 2,TVS STARCITY,TVS STARCITY
TVS MOTOR COMPANY LTD,TVS XL 100 BSIV,TVS,XL 100,TVS XL100,TVS XL100
TVS MOTOR COMPANY LTD,APACHE,TVS,APACHE,TVS APACHE,TVS APACHE
TVS MOTOR COMPANY LTD,"TVS MOTOR COMPANY LTD, TVS RAIDER",TVS,RAIDER,TVS OTHER,TVS OTHER
TVS MOTOR COMPANY LTD,TVS JUPITER MOTORCYLE,TVS,JUPITER MOTORCYLE,TVS JUPITER,TVS JUPITER
TVS MOTOR COMPANY LTD,TVS JUPITER LE,TVS,JUPITER LE,TVS JUPITER,TVS JUPITER
TVS MOTOR CO. LTD.,APACHE RTR 160 BSIV L2,TVS,APACHE RTR 160 L2,TVS APACHE RTR 160,TVS APACHE RTR 160
TVS MOTOR COMPANY LTD,TVS SPORT DURALIFE,TVS,SPORT DURALIFE,TVS SPORT,TVS SPORT
TVS MOTOR COMPANY LTD,STAR CITY + ES BS4,TVS,STARCITY + 4,TVS STARCITY,TVS STARCITY
TVS MOTOR COMPANY LTD,TVS S CITY 110,TVS,S CITY 110,TVS OTHER,TVS OTHER
TVS MOTOR CO. LTD.,TVS FIERO DISC BREAK,TVS,FIERO BREAK,TVS OTHER,TVS OTHER
TVS MOTOR COMPANY LTD,OTHERS,TVS,OTHERS,TVS OTHER,TVS OTHER
TVS MOTOR COMPANY LTD,RE TVS AUTORICKSHAW CAB,TVS,RE AUTORICKSHAW CAB,TVS OTHER,TVS OTHER
TVS MOTOR COMPANY LTD,"TVS VICTOR,M/CYCLE",TVS,VICTOR M/CYCLE,TVS VICTOR,TVS VICTOR
TVS MOTOR COMPANY LTD,JUPITER ZX,TVS,JUPITER ZX,TVS JUPITER,TVS JUPITER
TVS SUZUKI,TVS MAX 100 DC,TVS,MAX 100 DC,TVS MAX,TVS MAX
TVS MOTOR CO. LTD.,TVS JUPITER BSIV,TVS,JUPITER,TVS JUPITER,TVS JUPITER
TVS MOTOR COMPANY LTD,TVS SCOOTY PEP,TVS,SCOOTY PEP,TVS SCOOTY PEP,TVS SCOOTY PEP
TVS MOTOR COMPANY LTD,TVS SUZUKI,TVS,SUZUKI,TVS OTHER,TVS OTHER
TVS MOTOR COMPANY LTD,TVS  WEGO BSIII,TVS,WEGO,TVS WEGO,TVS WEGO
TVS MOTOR COMPANY LTD,VICTOR GL,TVS,VICTOR GL,TVS VICTOR,TVS VICTOR
TVS MOTOR COMPANY LTD,APACHE RR 310,TVS,APACHE RR 310,TVS APACHE,TVS APACHE
TVS SUZUKI LIMITED,TVS SCOOTY ES,TVS,SCOOTY,TVS SCOOTY,TVS SCOOTY
TVS MOTOR COMPANY LTD,"TVS MOTOR COMPANY LTD, OTHERS",TVS,OTHERS,TVS OTHER,TVS OTHER
TVS MOTOR COMPANY LTD,APACHE - RTR,TVS,APACHE - RTR,TVS APACHE,TVS APACHE
TVS MOTOR COMPANY LTD,TVS STAR CITY+ (BS IV,TVS,STARCITY+ (,TVS STARCITY,TVS STARCITY
TVS MOTOR COMPANY LTD,TVS APACHI RTR 160 CC,TVS,APACHI RTR 160,TVS APACHE,TVS APACHE
TVS MOTOR COMPANY LTD,TVS KING RE4 STROKE,TVS,KING RE4 STROKE,TVS KING,TVS KING
TVS MOTOR COMPANY LTD,"TVS MOTOR COMPANY LTD, NEW XL SUPER HD",TVS,NEW XL100 HD,TVS XL100,TVS XL100
TVS MOTOR COMPANY LTD,TVS JUPITER (BS IV,TVS,JUPITER (,TVS JUPITER,TVS JUPITER
TVS MOTOR COMPANY LTD,TVS KING GS,TVS,KING GS,TVS KING,TVS KING
TVS MOTOR COMPANY LTD,TVS APACHE ES DISC,TVS,APACHE,TVS APACHE,TVS APACHE
TVS MOTOR COMPANY LTD,PHOENIX 125,TVS,PHOENIX 125,TVS PHOENIX,TVS PHOENIX
TVS MOTOR CO. LTD.,TVS MAX 100 DLX,TVS,MAX 100 DLX,TVS MAX,TVS MAX
TVS MOTOR COMPANY LTD,APACHE RTR REF ,TVS,APACHE RTR REF,TVS APACHE,TVS APACHE
TVS MOTOR COMPANY LTD,TVS SCOOTY PEP+,TVS,SCOOTY PEP+,TVS SCOOTY PEP,TVS SCOOTY PEP
TVS MOTOR COMPANY LTD,TVS NTORQ 125 RACE XP,TVS,NTORQ 125 RACE XP,TVS NTORQ,TVS NTORQ
TVS SUZUKI,TVS SUZUKI MAX 100 R,TVS,SUZUKI MAX 100 R,TVS MAX,TVS MAX
TVS MOTOR COMPANY LTD,STAR SPORT CVTI ES,TVS,STAR SPORT CVTI,TVS SPORT,TVS SPORT
TVS SUZUKI LIMITED,TVS SUPRA,TVS,SUPRA,TVS OTHER,TVS OTHER
TVS MOTOR COMPANY LTD,TVS APACHE RTR 160-BS-II,TVS,APACHE RTR 160--II,TVS APACHE RTR 160,TVS APACHE RTR 160
TVS MOTOR COMPANY LTD,TVS FIERO,TVS,FIERO,TVS OTHER,TVS OTHER
TVS MOTOR COMPANY LTD,M/CYCLE APACHE RTR,TVS,M/CYCLE APACHE RTR,TVS APACHE,TVS APACHE
TVS MOTOR COMPANY LTD,TVS APACHE RTR 160 4V DISC BSV,TVS,APACHE RTR 160 4V,TVS APACHE RTR 160,TVS APACHE RTR 160
TVS MOTOR COMPANY LTD,TVS SUZUKI MAX 100,TVS,SUZUKI MAX 100,TVS MAX,TVS MAX
TVS SUZUKI LIMITED,TVS 50N XL,TVS,50N XL,TVS XL100,TVS XL100
TVS MOTOR COMPANY LTD,TVS SCOOTY KS,TVS,SCOOTY KS,TVS SCOOTY,TVS SCOOTY
TVS MOTOR COMPANY LTD,"TVS MOTOR COMPANY LTD, TVS SCOOTY PEP+   BSIII",TVS,SCOOTY PEP+,TVS SCOOTY PEP,TVS SCOOTY PEP
TVS MOTOR COMPANY LTD,RE AUTORIKSHAW CAB,TVS,RE AUTORIKSHAW CAB,TVS OTHER,TVS OTHER
TVS MOTOR COMPANY LTD,TVS SAMURAI,TVS,SAMURAI,TVS OTHER,TVS OTHER
TVS MOTOR COMPANY LTD,TVS STAR CITY 110 CC ES,TVS,STARCITY 110,TVS STARCITY,TVS STARCITY
TVS MOTOR COMPANY LTD,TVS SUZUKI AX 100,TVS,SUZUKI AX 100,TVS OTHER,TVS OTHER
TVS SUZUKI LIMITED,TVS SUPER CHAMP,TVS,SUPER CHAMP,TVS OTHER,TVS OTHER
TVS MOTOR COMPANY LTD,TVS XL100 HEAVY DUTY ITOUCH ST,TVS,XL100 HEAVY DUTY ST,TVS XL100 HEAVY DUTY,TVS XL100 HEAVY DUTY
TVS MOTOR COMPANY LTD,MAX 100 R,TVS,MAX 100 R,TVS MAX,TVS MAX
TVS MOTOR COMPANY LTD,TVS NTORQ 125 XT,TVS,NTORQ 125 XT,TVS NTORQ,TVS NTORQ
TVS MOTOR COMPANY LTD,TVS JUPITER ZX BSIV,TVS,JUPITER ZX,TVS JUPITER,TVS JUPITER
TVS MOTOR COMPANY LTD,JUPITER 125 FAW DISC & REAR AW,TVS,JUPITER 125 FAW & REAR AW,TVS JUPITER,TVS JUPITER
TVS MOTOR COMPANY LTD,SUZUKI - MAX 100,TVS,SUZUKI - MAX 100,TVS MAX,TVS MAX
TVS MOTOR CO. LTD.,STAR DLX,TVS,STAR DLX,TVS OTHER,TVS OTHER
TVS MOTOR COMPANY LTD,TVS RAIDER BSVI,TVS,RAIDER,TVS OTHER,TVS OTHER
TVS MOTOR COMPANY LTD,TVS SCOOTY TEENZ,TVS,SCOOTY TEENZ,TVS SCOOTY,TVS SCOOTY
TVS MOTOR COMPANY LTD,TVS 50N XL,TVS,50N XL,TVS XL100,TVS XL100
TVS MOTOR COMPANY LTD,TVS XL 100 COMFORT,TVS,XL 100 COMFORT,TVS XL100,TVS XL100
TVS MOTOR COMPANY LTD,TVS FIERO F2,TVS,FIERO F2,TVS OTHER,TVS OTHER
TVS MOTOR COMPANY LTD,TVS XL 100 (BS IV,TVS,XL 100 (,TVS XL100,TVS XL100
TVS MOTOR COMPANY LTD,TVS-XL-SUPER HD,TVS,TVS-XL-SUPER HD,TVS XL100,TVS XL100
TVS MOTOR COMPANY LTD,APACHE RTR RR,TVS,APACHE RTR RR,TVS APACHE,TVS APACHE
TVS MOTOR COMPANY LTD,TVS  SCOOTY,TVS,SCOOTY,TVS SCOOTY,TVS SCOOTY
TVS MOTOR COMPANY LTD,TVS ASTRA VMX,TVS,ASTRA VMX,TVS OTHER,TVS OTHER
TVS MOTOR COMPANY LTD,TVS SHAOLIN,TVS,SHAOLIN,TVS OTHER,TVS OTHER
TVS MOTOR COMPANY LTD,TVS ZEST,TVS,ZEST,TVS ZEST,TVS ZEST
TVS MOTOR COMPANY LTD,TVS NTORQ 125 DISC BS IV,TVS,NTORQ 125,TVS NTORQ,TVS NTORQ
TVS MOTOR COMPANY LTD,TVS APACHE RTR 200 (BS IV),TVS,APACHE RTR 200 (),TVS APACHE RTR 200,TVS APACHE RTR 200
TVS MOTOR COMPANY LTD,TVS SCOOTY ES,TVS,SCOOTY,TVS SCOOTY,TVS SCOOTY
TVS MOTOR COMPANY LTD,VICTOR EDGE,TVS,VICTOR EDGE,TVS VICTOR,TVS VICTOR
TVS MOTOR COMPANY LTD,BAJAJ BOXER CT,TVS,BAJAJ BOXER CT,TVS OTHER,TVS OTHER
TVS MOTOR COMPANY LTD,STAR SPORTS,TVS,STAR SPORTS,TVS SPORT,TVS SPORT
TVS MOTOR COMPANY LTD,TATA INDICA VISTA,TVS,TATA INDICA VISTA,TVS OTHER,TVS OTHER
TVS MOTOR COMPANY LTD,TVS SUPERCHAMP,TVS,SUPERCHAMP,TVS OTHER,TVS OTHER
TVS MOTOR COMPANY LTD,TVS CHAMP 50,TVS,CHAMP 50,TVS OTHER,TVS OTHER
TVS MOTOR COMPANY LTD,TVS KING LS+ FI,TVS,KING LS+ FI,TVS KING,TVS KING
TVS MOTOR COMPANY LTD,TSV MAX - R,TVS,TSV MAX - R,TVS MAX,TVS MAX
TVS MOTOR COMPANY LTD,WEGO ES,TVS,WEGO,TVS WEGO,TVS WEGO
TVS MOTOR COMPANY LTD,TVS STAR SPORTS,TVS,STAR SPORTS,TVS SPORT,TVS SPORT
TVS MOTOR COMPANY LTD,20 M.T.GVW TRACTOR,TVS,20 M T GVW TRACTOR,TVS OTHER,TVS OTHER
TVS MOTOR COMPANY LTD,TVS SCOOTY ZEST BSIII,TVS,SCOOTY ZEST,TVS SCOOTY ZEST,TVS SCOOTY ZEST
TVS MOTOR COMPANY LTD,TVS SPORT,TVS,SPORT,TVS SPORT,TVS SPORT
TVS MOTOR COMPANY LTD,APACHE RTR 160 FR DISC,TVS,APACHE RTR 160 FR,TVS APACHE RTR 160,TVS APACHE RTR 160
TVS MOTOR COMPANY LTD,TVS NTORQ 125 BS4,TVS,NTORQ 125 4,TVS NTORQ,TVS NTORQ
TVS MOTOR COMPANY LTD,TVS JUPTER,TVS,JUPTER,TVS JUPITER,TVS JUPITER
TVS MOTOR COMPANY LTD,XL H D,TVS,XL H D,TVS XL100,TVS XL100
TVS MOTOR COMPANY LTD,TVS KING ZS BSIII,TVS,KING ZS,TVS KING,TVS KING
TVS MOTOR COMPANY LTD,TVS  WEGO,TVS,WEGO,TVS WEGO,TVS WEGO
TVS MOTOR COMPANY LTD,TVS SPORT DURALIFE BSIV,TVS,SPORT DURALIFE,TVS SPORT,TVS SPORT
TVS MOTOR COMPANY LTD,TVS STAR CITY + BSIII,TVS,STARCITY +,TVS STARCITY,TVS STARCITY
TVS MOTOR COMPANY LTD,STAR CITY PLUS ES MAG WHL,TVS,STARCITY PLUS MAG WHL,TVS STARCITY,TVS STARCITY
TVS MOTOR COMPANY LTD,TVS XL SUPER H D,TVS,XL100 H D,TVS XL100,TVS XL100
TVS MOTOR COMPANY LTD,TVS SCOOTY PEP+ BSVI,TVS,SCOOTY PEP+,TVS SCOOTY PEP,TVS SCOOTY PEP
TVS MOTOR COMPANY LTD,"TVS MOTOR COMPANY LTD, TVS VICTOR (BS IV)",TVS,VICTOR (),TVS VICTOR,TVS VICTOR
TVS MOTOR COMPANY LTD,TVS XLS HD,TVS,XLS HD,TVS OTHER,TVS OTHER
TVS SUZUKI LIMITED,TVS CHAMP,TVS,CHAMP,TVS OTHER,TVS OTHER
TVS MOTOR COMPANY LTD,TVS MAX 4R,TVS,MAX 4R,TVS MAX,TVS MAX
TVS MOTOR COMPANY LTD,TVS RADEON BSIV BSIV,TVS,RADEON,TVS RADEON,TVS RADEON
TVS MOTOR COMPANY LTD,HONDA CITY 1 5ZX MT IDTEC BS4,TVS,HONDA CITY 1 5ZX MT IDTEC 4,TVS OTHER,TVS OTHER
TVS SUZUKI LIMITED,TVS VICTOR GL,TVS,VICTOR GL,TVS VICTOR,TVS VICTOR
TVS MOTOR COMPANY LTD,TVS APACHE RTR 160 FD,TVS,APACHE RTR 160 FD,TVS APACHE RTR 160,TVS APACHE RTR 160
TVS MOTOR COMPANY LTD,TVS XL 100 HD BS4,TVS,XL100 4,TVS XL100,TVS XL100
TVS MOTOR COMPANY LTD,TVS XL 100,TVS,XL 100,TVS XL100,TVS XL100
TVS MOTOR COMPANY LTD,TVS STAR CITY 110,TVS,STARCITY 110,TVS STARCITY,TVS STARCITY
TVS MOTOR COMPANY LTD,TVS STAR CITY +,TVS,STARCITY +,TVS STARCITY,TVS STARCITY
TVS MOTOR COMPANY LTD,RADEON FRONT DRUM L2 BS6,TVS,RADEON FRONT L2 6,TVS RADEON,TVS RADEON
TVS MOTOR COMPANY LTD,TVS KING ZD 225LC,TVS,KING ZD 225LC,TVS KING,TVS KING
TVS Motor Company Ltd,XL100 HEAVY DUTY I-TOUCH START,TVS,XL100 HEAVY DUTY,TVS XL100 HEAVY DUTY,TVS XL100 HEAVY DUTY
TVS MOTOR COMPANY LTD,VICTA GX,TVS,VICTA GX,TVS OTHER,TVS OTHER
TVS MOTOR COMPANY LTD,TVS SPORT DURALIFE BSIII,TVS,SPORT DURALIFE,TVS SPORT,TVS SPORT
TVS MOTOR COMPANY LTD,"TVS XL SUPER HD, BS-III",TVS,XL100 HD -III,TVS XL100,TVS XL100
TVS MOTOR COMPANY LTD,TVS XL 100 HEAVY DUTY I-TOUCH START BSVI,TVS,XL 100 HEAVY DUTY,TVS XL100 HEAVY DUTY,TVS XL100 HEAVY DUTY
TVS MOTOR COMPANY LTD,APACHE RTR 180,TVS,APACHE RTR 180,TVS APACHE RTR 180,TVS APACHE RTR 180
TVS MOTOR COMPANY LTD,XL SUPER( HD),TVS,XL100( HD),TVS XL100,TVS XL100
TVS MOTOR COMPANY LTD,XLS (HD),TVS,XLS (HD),TVS OTHER,TVS OTHER
TVS MOTOR COMPANY LTD,APACHE RTR  B S II,TVS,APACHE RTR B S II,TVS APACHE,TVS APACHE
TVS MOTOR COMPANY LTD,TVS RADEON DRUM BSVI,TVS,RADEON,TVS RADEON,TVS RADEON
TVS MOTOR COMPANY LTD,TVS NTORQ 125 BSVI,TVS,NTORQ 125,TVS NTORQ,TVS NTORQ
TVS MOTOR COMPANY LTD,TVS JUPITER ZX BSVI,TVS,JUPITER ZX,TVS JUPITER,TVS JUPITER
TVS MOTOR COMPANY LTD,STAR CITY 110 ES(MAG),TVS,STARCITY 110 (MAG),TVS STARCITY,TVS STARCITY
TVS MOTOR COMPANY LTD,SPORT ES,TVS,SPORT,TVS SPORT,TVS SPORT
TVS MOTOR COMPANY LTD,STAR SPORTS MWES,TVS,STAR SPORTS MWES,TVS SPORT,TVS SPORT
TVS Motor Company Ltd,TVS STAR CITY+ (BS IV),TVS,STARCITY+ (),TVS STARCITY,TVS STARCITY
TVS MOTOR COMPANY LTD,"TVS MOTOR COMPANY LTD, TVS XL 100 (BS IV)",TVS,XL 100 (),TVS XL100,TVS XL100
TVS MOTOR CO. LTD.,TVS STAR CITY,TVS,STARCITY,TVS STARCITY,TVS STARCITY
TVS MOTOR COMPANY LTD,TVS MAX 100 R,TVS,MAX 100 R,TVS MAX,TVS MAX
TVS MOTOR CO. LTD.,TVS STAR CITY PLUS,TVS,STARCITY PLUS,TVS STARCITY,TVS STARCITY
TVS MOTOR CO. LTD.,TVS MAX 100 RX,TVS,MAX 100 RX,TVS MAX,TVS MAX
TVS MOTOR COMPANY LTD,TVS VICTOR EDGE,TVS,VICTOR EDGE,TVS VICTOR,TVS VICTOR
TVS MOTOR COMPANY LTD,TVS VICTOR (BS IV,TVS,VICTOR (,TVS VICTOR,TVS VICTOR
TVS MOTOR COMPANY LTD,JUPITER ZX L2 BS6,TVS,JUPITER ZX L2 6,TVS JUPITER,TVS JUPITER
TVS MOTOR COMPANY LTD,SUZUKU MAX 100 R,TVS,SUZUKU MAX 100 R,TVS MAX,TVS MAX
TVS MOTOR COMPANY LTD,"TVS MOTOR COMPANY LTD, TVS CHAMP 50",TVS,CHAMP 50,TVS OTHER,TVS OTHER
TVS MOTOR COMPANY LTD,TVS SUZUKI EKO 49.9CC,TVS,SUZUKI EKO 49 9,TVS OTHER,TVS OTHER
TVS MOTOR COMPANY LTD,TVS XL100 COMFORT I-TOUCH STAR,TVS,XL100 COMFORT STAR,TVS XL100,TVS XL100
TVS MOTOR COMPANY LTD,TVS NTORQ 125 RACE EDITION BSVI,TVS,NTORQ 125 RACE EDITION,TVS NTORQ,TVS NTORQ
TVS MOTOR COMPANY LTD,"TVS MOTOR COMPANY LTD, CHAMP",TVS,CHAMP,TVS OTHER,TVS OTHER
TVS MOTOR COMPANY LTD,TVS IQUBEELECTRIC SMARTXONNECT,TVS,IQUBEELECTRIC SMARTXONNECT,TVS OTHER,TVS OTHER
TVS MOTOR COMPANY LTD,TVS STAR CITY PLUS ES MAG,TVS,STARCITY PLUS MAG,TVS STARCITY,TVS STARCITY
TVS MOTOR COMPANY LTD,TVS SPORT E S,TVS,SPORT E S,TVS SPORT,TVS SPORT
TVS MOTOR COMPANY LTD,"TVS MOTOR COMPANY LTD, TVS JUPITER CLASSIC",TVS,JUPITER CLASSIC,TVS JUPITER,TVS JUPITER
TVS MOTOR COMPANY LTD,"TVS MOTOR COMPANY LTD, TVS JUPITER 125",TVS,JUPITER 125,TVS JUPITER,TVS JUPITER
TVS MOTOR COMPANY LTD,TVS XL SUPER HD,TVS,XL100 HD,TVS XL100,TVS XL100
TVS MOTOR COMPANY LTD,STAR CITY ALLOY,TVS,STARCITY ALLOY,TVS STARCITY,TVS STARCITY
TVS MOTOR COMPANY LTD,TVS STAR CITY+,TVS,STARCITY+,TVS STARCITY,TVS STARCITY
TVS SUZUKI,"TVS SUZUKI, TVS SUZUKI FIERO ES",TVS,SUZUKI SUZUKI FIERO,TVS OTHER,TVS OTHER
TVS Motor Company Ltd,TVS JUPITER (BS IV),TVS,JUPITER (),TVS JUPITER,TVS JUPITER
TVS SUZUKI LIMITED,"TVS SUZUKI LIMITED, LUNA SUPER",TVS,LUNA SUPER,TVS OTHER,TVS OTHER
TVS MOTOR COMPANY LTD,SCOOTY TEENS,TVS,SCOOTY TEENS,TVS SCOOTY,TVS SCOOTY
TVS MOTOR COMPANY LTD,TVS KING ZD 225LC FI,TVS,KING ZD 225LC FI,TVS KING,TVS KING
TVS MOTOR COMPANY LTD,TVS SUZUKI KS,TVS,SUZUKI KS,TVS OTHER,TVS OTHER
TVS MOTOR COMPANY LTD,TVS  PHOENIX,TVS,PHOENIX,TVS PHOENIX,TVS PHOENIX
TVS MOTOR COMPANY LTD,TVS APACHE RTR 160 4V,TVS,APACHE RTR 160 4V,TVS APACHE RTR 160,TVS APACHE RTR 160
TVS MOTOR CO. LTD.,CENTRA,TVS,CENTRA,TVS OTHER,TVS OTHER
TVS MOTOR COMPANY LTD,TVX MAX 100 DLX,TVS,TVX MAX 100 DLX,TVS MAX,TVS MAX
TVS MOTOR CO. LTD.,APACHE RTR160 4V DRUM L2 BS6,TVS,APACHE RTR160 4V L2 6,TVS APACHE RTR 160,TVS APACHE RTR 160
TVS MOTOR COMPANY LTD,TVS SUZUK,TVS,SUZUK,TVS OTHER,TVS OTHER
TVS MOTOR COMPANY LTD,TVS APACHE RTR FI 160,TVS,APACHE RTR FI 160,TVS APACHE,TVS APACHE
TVS MOTOR COMPANY LTD,NEW VICTOR ES DRUM,TVS,NEW VICTOR,TVS VICTOR,TVS VICTOR
TVS MOTOR COMPANY LTD,TVS STAR CITY,TVS,STARCITY,TVS STARCITY,TVS STARCITY
TVS SUZUKI LIMITED,TVS SPORT,TVS,SPORT,TVS SPORT,TVS SPORT
TVS MOTOR COMPANY LTD,"TVS MOTOR COMPANY LTD, MOTORCYCLE",TVS,MOTORCYCLE,TVS OTHER,TVS OTHER
TVS SUZUKI LIMITED,TVS XL SUPER HEAVY DUTY,TVS,XL100 HEAVY DUTY,TVS XL100 HEAVY DUTY,TVS XL100 HEAVY DUTY
TVS MOTOR COMPANY LTD,TVS STAR DLX,TVS,STAR DLX,TVS OTHER,TVS OTHER
TVS SUZUKI LIMITED,SUZUKI SAMURAI,TVS,SUZUKI SAMURAI,TVS OTHER,TVS OTHER
TVS MOTOR COMPANY LTD,TVS IQUBE ELECTRIC S,TVS,IQUBE ELECTRIC S,TVS OTHER,TVS OTHER
TVS MOTOR COMPANY LTD,TVS STAR SPORT-ECONOTECH-BSII,TVS,STAR SPORT-ECONOTECH-II,TVS SPORT,TVS SPORT
TVS MOTOR COMPANY LTD,TVS RADEON L2 BS4,TVS,RADEON L2 4,TVS RADEON,TVS RADEON
TVS MOTOR COMPANY LTD,APACHE  RTR  160 UPG,TVS,APACHE RTR 160 UPG,TVS APACHE RTR 160,TVS APACHE RTR 160
TVS Motor Company Ltd,TVS XL100 HEAVY DUTY,TVS,XL100 HEAVY DUTY,TVS XL100 HEAVY DUTY,TVS XL100 HEAVY DUTY
TVS MOTOR COMPANY LTD,TVS JUPITER CLASSIC(BSIV) DISC,TVS,JUPITER CLASSIC(),TVS JUPITER,TVS JUPITER
TVS MOTOR COMPANY LTD,TVS VICTOR,TVS,VICTOR,TVS VICTOR,TVS VICTOR
TVS MOTOR COMPANY LTD,PHOENIX,TVS,PHOENIX,TVS PHOENIX,TVS PHOENIX
TVS MOTOR COMPANY LTD,TVS XL 100 HEAVY DUTY I-TOUCH,TVS,XL 100 HEAVY DUTY,TVS XL100 HEAVY DUTY,TVS XL100 HEAVY DUTY
TVS MOTOR COMPANY LTD,TVS XL SUPER 70CC(FITTED WITH,TVS,XL100 70(FITTED WITH,TVS XL100,TVS XL100
TVS MOTOR COMPANY LTD,TVS SCOOTY,TVS,SCOOTY,TVS SCOOTY,TVS SCOOTY
TVS MOTOR COMPANY LTD,IND SUZUKI AX 100,TVS,IND SUZUKI AX 100,TVS OTHER,TVS OTHER
TVS SUZUKI LIMITED,TVS SUZUKI,TVS,SUZUKI,TVS OTHER,TVS OTHER
TVS MOTOR COMPANY LTD,TVSNTORQ125-SUPER SQUADEDITION,TVS,TVSNTORQ125-SUPER SQUADEDITION,TVS NTORQ,TVS NTORQ
TVS MOTOR CO. LTD.,TVS FIERO,TVS,FIERO,TVS OTHER,TVS OTHER
TVS MOTOR COMPANY LTD,TVS KING ZS+ (BS IV),TVS,KING ZS+ (),TVS KING,TVS KING
TVS MOTOR COMPANY LTD,TVS JUPITER (BS IV),TVS,JUPITER (),TVS JUPITER,TVS JUPITER
TVS SUZUKI LIMITED,TVS 50,TVS,50,TVS OTHER,TVS OTHER
TVS MOTOR COMPANY LTD,TVS JUPITER CLASSIC(BSIV DISC,TVS,JUPITER CLASSIC(,TVS JUPITER,TVS JUPITER
TVS MOTOR COMPANY LTD,TVS 4 STROKE CNG STANDARD,TVS,4 STROKE CNG STANDARD,TVS OTHER,TVS OTHER
TVS SUZUKI LIMITED,TVS XL SUPER,TVS,XL100,TVS XL100,TVS XL100
TVS MOTOR COMPANY LTD,JUPITER 110 CC,TVS,JUPITER 110,TVS JUPITER,TVS JUPITER
TVS MOTOR COMPANY LTD,TVS XL100 HEAVY DUTY I-TOUCH START BSVI-PH2,TVS,XL100 HEAVY DUTY -PH2,TVS XL100 HEAVY DUTY,TVS XL100 HEAVY DUTY
TVS MOTOR COMPANY LTD,ACESS,TVS,ACESS,TVS OTHER,TVS OTHER
TVS MOTOR COMPANY LTD,T.V.S VICTOR,TVS,T V S VICTOR,TVS VICTOR,TVS VICTOR
TVS MOTOR COMPANY LTD,68,TVS,68,TVS OTHER,TVS OTHER
TVS MOTOR COMPANY LTD,TVS XL,TVS,XL,TVS XL100,TVS XL100
TVS MOTOR COMPANY LTD,TVS XL SUPER HEAVY DUTY BSIII,TVS,XL100 HEAVY DUTY,TVS XL100 HEAVY DUTY,TVS XL100 HEAVY DUTY
TVS MOTOR COMPANY LTD,TVS APACHE RTR 160,TVS,APACHE RTR 160,TVS APACHE RTR 160,TVS APACHE RTR 160
TVS MOTOR COMPANY LTD,TVS JIVE BSII,TVS,JIVE II,TVS OTHER,TVS OTHER
TVS MOTOR COMPANY LTD,TVS WEGO SCOOTERS,TVS,WEGO SCOOTERS,TVS WEGO,TVS WEGO
TVS MOTOR COMPANY LTD,JUPITOR 110,TVS,JUPITOR 110,TVS JUPITER,TVS JUPITER
TVS MOTOR COMPANY LTD,STAR SPORT DLX,TVS,STAR SPORT DLX,TVS SPORT,TVS SPORT
TVS MOTOR COMPANY LTD,APACHE RTR 160 BS4,TVS,APACHE RTR 160 4,TVS APACHE RTR 160,TVS APACHE RTR 160
TVS MOTOR COMPANY LTD,AMAZE 1 5 VX MT IDTEC BSIV,TVS,AMAZE 1 5 VX MT IDTEC,TVS OTHER,TVS OTHER
TVS MOTOR COMPANY LTD,IND-SUZUKI AX 100,TVS,IND-SUZUKI AX 100,TVS OTHER,TVS OTHER
TVS MOTOR COMPANY LTD,WEGO REFRESH,TVS,WEGO REFRESH,TVS WEGO,TVS WEGO
TVS MOTOR COMPANY LTD,TVS VICTOR MOTOR CYCLE,TVS,VICTOR MOTOR CYCLE,TVS VICTOR,TVS VICTOR
TVS MOTOR COMPANY LTD,4S SCOOTY PEP DLX,TVS,4S SCOOTY PEP DLX,TVS SCOOTY PEP,TVS SCOOTY PEP
TVS MOTOR COMPANY LTD,IND SUZUKI,TVS,IND SUZUKI,TVS OTHER,TVS OTHER
TVS MOTOR COMPANY LTD,TVS STAR CITY E.S M/,TVS,STARCITY E S M/,TVS STARCITY,TVS STARCITY
TVS MOTOR COMPANY LTD,APACHE RTR160 4V DISC L2 BS6,TVS,APACHE RTR160 4V L2 6,TVS APACHE RTR 160,TVS APACHE RTR 160
TVS MOTOR COMPANY LTD,TVS SCOOTY PEP (BS III),TVS,SCOOTY PEP (),TVS SCOOTY PEP,TVS SCOOTY PEP
TVS MOTOR COMPANY LTD,RADEON L2 BS6,TVS,RADEON L2 6,TVS RADEON,TVS RADEON
TVS MOTOR COMPANY LTD,TVS STAR CITY+ BSIV,TVS,STARCITY+,TVS STARCITY,TVS STARCITY
TVS MOTOR COMPANY LTD,TVS NTORQ 125,TVS,NTORQ 125,TVS NTORQ,TVS NTORQ
TVS MOTOR COMPANY LTD,XL100 HEAVYDUTY KS L2 BS6,TVS,XL100 HEAVYDUTY KS L2 6,TVS XL100,TVS XL100
TVS MOTOR COMPANY LTD,"APACHE RTR 180, BS-III",TVS,APACHE RTR 180 -III,TVS APACHE RTR 180,TVS APACHE RTR 180
TVS MOTOR COMPANY LTD,TVS APACHE RTR 160 (BS IV),TVS,APACHE RTR 160 (),TVS APACHE RTR 160,TVS APACHE RTR 160
TVS MOTOR COMPANY LTD,"TVS MOTOR COMPANY LTD, XL100 HEAVY DUTY I-TOUCH START",TVS,XL100 HEAVY DUTY,TVS XL100 HEAVY DUTY,TVS XL100 HEAVY DUTY
TVS MOTOR COMPANY LTD,STAR,TVS,STAR,TVS STARCITY,TVS STARCITY
TVS MOTOR COMPANY LTD,TVS STAR CITY PLUS BS III,TVS,STARCITY PLUS,TVS STARCITY,TVS STARCITY
TVS SUZUKI,SUZUKI MAX 100,TVS,SUZUKI MAX 100,TVS MAX,TVS MAX
TVS MOTOR COMPANY LTD,JUPITER DISC LE,TVS,JUPITER LE,TVS JUPITER,TVS JUPITER
TVS MOTOR COMPANY LTD,"TVS MOTOR COMPANY LTD, TVS  SCOOTY",TVS,SCOOTY,TVS SCOOTY,TVS SCOOTY
TVS MOTOR COMPANY LTD,TVS MOPED,TVS,MOPED,TVS OTHER,TVS OTHER
TVS MOTOR COMPANY LTD,STREAK,TVS,STREAK,TVS STREAK,TVS STREAK
TVS MOTOR COMPANY LTD,TVS X2 SUPER HD,TVS,X2 SUPER HD,TVS OTHER,TVS OTHER
TVS MOTOR COMPANY LTD,TVS NTORQ SXR 125 BS IV ,TVS,NTORQ SXR 125,TVS NTORQ,TVS NTORQ
TVS MOTOR COMPANY LTD,TVS JUPITER ZX,TVS,JUPITER ZX,TVS JUPITER,TVS JUPITER
TVS MOTOR COMPANY LTD,SCOOTY PEP +,TVS,SCOOTY PEP +,TVS SCOOTY PEP,TVS SCOOTY PEP
TVS MOTOR COMPANY LTD,TVS STAR SPORT,TVS,STAR SPORT,TVS SPORT,TVS SPORT
TVS MOTOR CO. LTD.,TVS STAR SPORTS,TVS,STAR SPORTS,TVS SPORT,TVS SPORT
TVS MOTOR COMPANY LTD,TVS XL100 COMFORT I-TOUCHSTART,TVS,XL100 COMFORT I-TOUCHSTART,TVS XL100,TVS XL100
TVS MOTOR COMPANY LTD,APACHE RTR 160 BSIV L2,TVS,APACHE RTR 160 L2,TVS APACHE RTR 160,TVS APACHE RTR 160
TVS MOTOR COMPANY LTD,APACHE R T R 160,TVS,APACHE R T R 160,TVS APACHE,TVS APACHE
TVS MOTOR COMPANY LTD,TVS VICTOR DRUM,TVS,VICTOR,TVS VICTOR,TVS VICTOR
TVS MOTOR COMPANY LTD,THREE WHEELAR,TVS,THREE WHEELAR,TVS OTHER,TVS OTHER
TVS MOTOR COMPANY LTD,"TVS MOTOR COMPANY LTD, TVS STAR CITY+",TVS,STARCITY+,TVS STARCITY,TVS STARCITY
TVS MOTOR COMPANY LTD,JUPITER,TVS,JUPITER,TVS JUPITER,TVS JUPITER
TVS MOTOR COMPANY LTD,TVS JUPITER ZX INTELLIGO,TVS,JUPITER ZX INTELLIGO,TVS JUPITER,TVS JUPITER
TVS MOTOR COMPANY LTD,SPORT 100 ES,TVS,SPORT 100,TVS SPORT,TVS SPORT
TVS MOTOR COMPANY LTD,TVS APACHE RTR 200 (BS IV) ABS,TVS,APACHE RTR 200 () A,TVS APACHE RTR 200,TVS APACHE RTR 200
TVS MOTOR COMPANY LTD,STAR CITY PLUS L2 BS6,TVS,STARCITY PLUS L2 6,TVS STARCITY,TVS STARCITY
TVS MOTOR COMPANY LTD,AX 100 R DILUX,TVS,AX 100 R DILUX,TVS OTHER,TVS OTHER
TVS MOTOR COMPANY LTD,TVS RADEON ES BSIV,TVS,RADEON,TVS RADEON,TVS RADEON
TVS MOTOR COMPANY LTD,TVS ASTRA,TVS,ASTRA,TVS OTHER,TVS OTHER
TVS MOTOR COMPANY LTD,TVS STAR CITY+ BSIV L2,TVS,STARCITY+ L2,TVS STARCITY,TVS STARCITY
TVS MOTOR COMPANY LTD,TVS XL SUPER HEAVYDUTY(FITTEDW,TVS,XL100 HEAVYDUTY(FITTEDW,TVS XL100,TVS XL100
TVS MOTOR COMPANY LTD,TVS VICTOR GLX 125,TVS,VICTOR GLX 125,TVS VICTOR,TVS VICTOR
TVS MOTOR COMPANY LTD,TVS JIVE,TVS,JIVE,TVS OTHER,TVS OTHER
TVS MOTOR COMPANY LTD,TVS APACHE RTR UPG 180,TVS,APACHE RTR UPG 180,TVS APACHE,TVS APACHE
TVS MOTOR COMPANY LTD,XL  100,TVS,XL 100,TVS XL100,TVS XL100
TVS MOTOR COMPANY LTD,"TVS MOTOR COMPANY LTD, TVS XL SUPER HD",TVS,XL100 HD,TVS XL100,TVS XL100
TVS MOTOR COMPANY LTD,STAR CITY +,TVS,STARCITY +,TVS STARCITY,TVS STARCITY
TVS MOTOR COMPANY LTD,TVS  STAR  CITY,TVS,STARCITY,TVS STARCITY,TVS STARCITY
TVS MOTOR COMPANY LTD,VICTOR,TVS,VICTOR,TVS VICTOR,TVS VICTOR
TVS MOTOR COMPANY LTD,TVS APACHE RTR 180,TVS,APACHE RTR 180,TVS APACHE RTR 180,TVS APACHE RTR 180
TVS MOTOR COMPANY LTD,TVS KING 4S LPG ES ECO,TVS,KING ECO,TVS KING,TVS KING
TVS MOTOR COMPANY LTD,TVS XT 49.9 CC,TVS,XT 49 9,TVS OTHER,TVS OTHER
TVS MOTOR COMPANY LTD,TVS SPORT ES,TVS,SPORT,TVS SPORT,TVS SPORT
TVS MOTOR COMPANY LTD,"TVS MOTOR COMPANY LTD, TVS VICTOR",TVS,VICTOR,TVS VICTOR,TVS VICTOR
TVS MOTOR COMPANY LTD,TVS RADEON,TVS,RADEON,TVS RADEON,TVS RADEON
TVS MOTOR COMPANY LTD,TVS SCOOTY PEP+ BSIV,TVS,SCOOTY PEP+,TVS SCOOTY PEP,TVS SCOOTY PEP
TVS MOTOR COMPANY LTD,TVS APACHE 160,TVS,APACHE RTR 160,TVS APACHE RTR 160,TVS APACHE RTR 160
TVS MOTOR COMPANY LTD,TVS XL SUPER H.D,TVS,XL100 H D,TVS XL100,TVS XL100
TVS MOTOR COMPANY LTD,JIVE,TVS,JIVE,TVS OTHER,TVS OTHER
TVS MOTOR COMPANY LTD,TVS MAX-100-DLX,TVS,MAX-100-DLX,TVS MAX,TVS MAX
TVS MOTOR COMPANY LTD,ZEST,TVS,ZEST,TVS ZEST,TVS ZEST
TVS MOTOR COMPANY LTD,TVS JUPITER 125,TVS,JUPITER 125,TVS JUPITER,TVS JUPITER
TVS MOTOR COMPANY LTD,TVS SPORT ELS L2 BS6,TVS,SPORT ELS L2 6,TVS SPORT,TVS SPORT
TVS Motor Company Ltd,TVS SCOOTY PEP+ (BS IV),TVS,SCOOTY PEP+ (),TVS SCOOTY PEP,TVS SCOOTY PEP
TVS MOTOR COMPANY LTD,MAX 100 TVS MOTORS CO LTD,TVS,MAX 100 MOTORS CO LTD,TVS MAX,TVS MAX
TVS MOTOR COMPANY LTD,TVS STAR CITY ALLOY,TVS,STARCITY ALLOY,TVS STARCITY,TVS STARCITY
TVS MOTOR COMPANY LTD,CENTRA ,TVS,CENTRA,TVS OTHER,TVS OTHER
TVS MOTOR COMPANY LTD,TVS STAR CITY+ (BS IV),TVS,STARCITY+ (),TVS STARCITY,TVS STARCITY
TVS SUZUKI LIMITED,TVS XL,TVS,XL,TVS XL100,TVS XL100
TVS MOTOR COMPANY LTD,TVS MAX 100 RX,TVS,MAX 100 RX,TVS MAX,TVS MAX
TVS MOTOR COMPANY LTD,TVS STAR CITY PLUS ES,TVS,STARCITY PLUS,TVS STARCITY,TVS STARCITY
TVS MOTOR COMPANY LTD,TVS SUZUKI FIERO ES,TVS,SUZUKI FIERO,TVS OTHER,TVS OTHER
TVS MOTOR COMPANY LTD,"TVS MOTOR COMPANY LTD, TVS SPORT CVTI",TVS,SPORT CVTI,TVS SPORT,TVS SPORT
TVS MOTOR COMPANY LTD,TVS APACHE RTR 200 BSIII,TVS,APACHE RTR 200,TVS APACHE RTR 200,TVS APACHE RTR 200
TVS MOTOR COMPANY LTD,STAR CITY PLUS 110 ES MWL,TVS,STARCITY PLUS 110 MWL,TVS STARCITY,TVS STARCITY
TVS MOTOR COMPANY LTD,TVS STAR,TVS,STAR,TVS STARCITY,TVS STARCITY
TVS MOTOR COMPANY LTD,T.V.S FIERO F-2,TVS,T V S FIERO F-2,TVS OTHER,TVS OTHER
TVS MOTOR COMPANY LTD,TVS JUPITER ZX (BS IV),TVS,JUPITER ZX (),TVS JUPITER,TVS JUPITER
TVS MOTOR COMPANY LTD,TVS VICTOR GL,TVS,VICTOR GL,TVS VICTOR,TVS VICTOR
TVS MOTOR COMPANY LTD,TVS XL SUPER HD MOTOR CYCLE,TVS,XL100 HD MOTOR CYCLE,TVS XL100,TVS XL100
TVS MOTOR COMPANY LTD,TVS XL SUPER 70,TVS,XL100 70,TVS XL100,TVS XL100
TVS MOTOR COMPANY LTD,TVS XL SUPER MOPED,TVS,XL100 MOPED,TVS XL100,TVS XL100
TVS MOTOR COMPANY LTD,TVS EKO,TVS,EKO,TVS OTHER,TVS OTHER
TVS MOTOR COMPANY LTD,TVS SCOOTY PEP  REF,TVS,SCOOTY PEP REF,TVS SCOOTY PEP,TVS SCOOTY PEP
TVS MOTOR COMPANY LTD,TVS VICTOR BSIII,TVS,VICTOR,TVS VICTOR,TVS VICTOR
TVS MOTOR COMPANY LTD,APACHE RTR 160 RD BS-III,TVS,APACHE RTR 160 RD -III,TVS APACHE RTR 160,TVS APACHE RTR 160
TVS MOTOR COMPANY LTD,"TVS MOTOR COMPANY LTD, MAX 100 R",TVS,MAX 100 R,TVS MAX,TVS MAX
TVS MOTOR COMPANY LTD,SCOOTY ZEST,TVS,SCOOTY ZEST,TVS SCOOTY ZEST,TVS SCOOTY ZEST
TVS MOTOR COMPANY LTD,TVS JUPITER,TVS,JUPITER,TVS JUPITER,TVS JUPITER
TVS MOTOR COMPANY LTD,STAR DLX,TVS,STAR DLX,TVS OTHER,TVS OTHER
TVS MOTOR COMPANY LTD,JUPITER BS4,TVS,JUPITER 4,TVS JUPITER,TVS JUPITER
TVS MOTOR COMPANY LTD,TVS XL 100 HD I-TOUCH START,TVS,XL100,TVS XL100,TVS XL100
TVS MOTOR COMPANY LTD,TVS FLAME 125CC,TVS,FLAME 125,TVS OTHER,TVS OTHER
TVS MOTOR COMPANY LTD,TVS APACHE RTR RR DISK,TVS,APACHE RTR RR,TVS APACHE,TVS APACHE
TVS MOTOR COMPANY LTD,SUZUKI SHAOLIN-5 SPEED,TVS,SUZUKI SHAOLIN-5 SPEED,TVS OTHER,TVS OTHER
TVS MOTOR COMPANY LTD,SUZUKI SAMURAI,TVS,SUZUKI SAMURAI,TVS OTHER,TVS OTHER
TVS MOTOR COMPANY LTD,M/CYCLE CITY ES,TVS,M/CYCLE CITY,TVS OTHER,TVS OTHER
TVS MOTOR COMPANY LTD,WEGO BASIC REFRESH,TVS,WEGO BASIC REFRESH,TVS WEGO,TVS WEGO
TVS MOTOR COMPANY LTD,XL 100,TVS,XL 100,TVS XL100,TVS XL100
TVS MOTOR COMPANY LTD,TVS STAR CITY CVTI BSIII,TVS,STARCITY CVTI,TVS STARCITY,TVS STARCITY
TVS MOTOR COMPANY LTD,SUZUKI,TVS,SUZUKI,TVS OTHER,TVS OTHER
TVS MOTOR COMPANY LTD,TVS SPORT KLS L2 BS6,TVS,SPORT KLS L2 6,TVS SPORT,TVS SPORT
TVS MOTOR CO. LTD.,TVS STAR SPORT ECONOTECH,TVS,STAR SPORT ECONOTECH,TVS SPORT,TVS SPORT
TVS MOTOR COMPANY LTD,SCOOTER WEGO,TVS,SCOOTER WEGO,TVS WEGO,TVS WEGO
TVS MOTOR COMPANY LTD,TVS NEW VICTOR 110 DRUM,TVS,NEW VICTOR 110,TVS VICTOR,TVS VICTOR
TVS MOTOR COMPANY LTD,TVS 50 XT,TVS,50 XT,TVS OTHER,TVS OTHER
TVS MOTOR COMPANY LTD,TVS KING 4S LPG ES A/R,TVS,KING,TVS KING,TVS KING
TVS MOTOR COMPANY LTD,M/CYCLE S.CITY,TVS,M/CYCLE S CITY,TVS OTHER,TVS OTHER
TVS MOTOR COMPANY LTD,SUZUKI MAX 100 RX,TVS,SUZUKI MAX 100 RX,TVS MAX,TVS MAX
TVS MOTOR COMPANY LTD,TVS STAR CITY BSIV,TVS,STARCITY,TVS STARCITY,TVS STARCITY
TVS MOTOR COMPANY LTD,TVS SPORT DURALIFE (BS IV,TVS,SPORT DURALIFE (,TVS SPORT,TVS SPORT
TVS MOTOR COMPANY LTD,TVS KING ZX CNG,TVS,KING ZX CNG,TVS KING,TVS KING
TVS MOTOR COMPANY LTD,TVS KING LS+ (BS IV),TVS,KING LS+ (),TVS KING,TVS KING
TVS MOTOR COMPANY LTD,M\cycle,TVS,M\CYCLE,TVS OTHER,TVS OTHER
TVS MOTOR COMPANY LTD,MAX R4,TVS,MAX R4,TVS MAX,TVS MAX
TVS MOTOR COMPANY LTD,SCOOTY STREAK FASHION,TVS,SCOOTY STREAK FASHION,TVS SCOOTY STREAK,TVS SCOOTY STREAK
TVS MOTOR COMPANY LTD,TVS VICTOR GLX,TVS,VICTOR GLX,TVS VICTOR,TVS VICTOR
TVS MOTOR COMPANY LTD,TVS JUPITER CLASSIC BSVI,TVS,JUPITER CLASSIC,TVS JUPITER,TVS JUPITER
TVS MOTOR COMPANY LTD,TVS KING ZS,TVS,KING ZS,TVS KING,TVS KING
TVS MOTOR COMPANY LTD,M/CYCLE SPORTS,TVS,M/CYCLE SPORTS,TVS SPORT,TVS SPORT
TVS MOTOR COMPANY LTD,TVS STAR CITY MAG ES,TVS,STARCITY MAG,TVS STARCITY,TVS STARCITY
TVS MOTOR COMPANY LTD,TVS APACHE RTR 200 4V BSVI,TVS,APACHE RTR 200 4V,TVS APACHE RTR 200,TVS APACHE RTR 200
TVS MOTOR COMPANY LTD,TVS XL100 HEAVY DUTY I-TOUCH S,TVS,XL100 HEAVY DUTY S,TVS XL100 HEAVY DUTY,TVS XL100 HEAVY DUTY
TVS MOTOR CO. LTD.,MAX 100 TVS MOTORS CO LTD,TVS,MAX 100 MOTORS CO LTD,TVS MAX,TVS MAX
TVS MOTOR COMPANY LTD,SCOTTY PEP PLUS,TVS,SCOTTY PEP PLUS,TVS PEP,TVS PEP
TVS MOTOR COMPANY LTD,STAR CITY KS,TVS,STARCITY KS,TVS STARCITY,TVS STARCITY
TVS SUZUKI LIMITED,TVS SCOOTY W N R,TVS,SCOOTY W N R,TVS SCOOTY,TVS SCOOTY
TVS MOTOR COMPANY LTD,TVS WEGO BSII,TVS,WEGO II,TVS WEGO,TVS WEGO
TVS MOTOR COMPANY LTD,TVS APACHE 180 RTR,TVS,APACHE RTR 180 RTR,TVS APACHE RTR 180,TVS APACHE RTR 180
TVS MOTOR COMPANY LTD,"TVS MOTOR COMPANY LTD, TVS SPORT ELS",TVS,SPORT ELS,TVS SPORT,TVS SPORT
TVS MOTOR COMPANY LTD,TVS APACHE RTR 160 FI 4V ABS B,TVS,APACHE RTR 160 FI 4V AB,TVS APACHE RTR 160,TVS APACHE RTR 160
TVS MOTOR COMPANY LTD,FIERRO,TVS,FIERRO,TVS OTHER,TVS OTHER
TVS MOTOR COMPANY LTD,TVS JUPITER ZX (BS IV,TVS,JUPITER ZX (,TVS JUPITER,TVS JUPITER
TVS MOTOR COMPANY LTD,MAX 100 DC,TVS,MAX 100 DC,TVS MAX,TVS MAX
TVS MOTOR COMPANY LTD,TVS RAIDER,TVS,RAIDER,TVS OTHER,TVS OTHER
TVS MOTOR COMPANY LTD,TVS XL 100 BSIII,TVS,XL 100,TVS XL100,TVS XL100
TVS MOTOR COMPANY LTD,TVS FIERO DISC F2,TVS,FIERO F2,TVS OTHER,TVS OTHER
TVS MOTOR COMPANY LTD,WEGO,TVS,WEGO,TVS WEGO,TVS WEGO
TVS MOTOR COMPANY LTD,TVS JUPITER ZX  WITH M & P  BS,TVS,JUPITER ZX WITH M & P,TVS JUPITER,TVS JUPITER
TVS MOTOR COMPANY LTD,TVS SPORT DURALIFE (BS IV),TVS,SPORT DURALIFE (),TVS SPORT,TVS SPORT
TVS MOTOR COMPANY LTD,TVS CENTRA,TVS,CENTRA,TVS OTHER,TVS OTHER
TVS MOTOR COMPANY LTD,TVS XL SUPER 70  BSIII,TVS,XL100 70,TVS XL100,TVS XL100
TVS MOTOR COMPANY LTD,TVS SUPER CHAMP,TVS,SUPER CHAMP,TVS OTHER,TVS OTHER
TVS MOTOR COMPANY LTD,TVS CHAMP,TVS,CHAMP,TVS OTHER,TVS OTHER
TVS MOTOR COMPANY LTD,"TVS APACHE RTR FI""2",TVS,"APACHE RTR FI""2",TVS APACHE,TVS APACHE
TVS MOTOR COMPANY LTD,TVS STAR SPORT ECON,TVS,STAR SPORT ECON,TVS SPORT,TVS SPORT
TVS MOTOR COMPANY LTD,TVS JUPITER BSIII,TVS,JUPITER,TVS JUPITER,TVS JUPITER
TVS MOTOR COMPANY LTD,TVS/XL/SUPER/HD,TVS,TVS/XL/SUPER/HD,TVS XL100,TVS XL100
TVS MOTOR COMPANY LTD,STAR CITY,TVS,STARCITY,TVS STARCITY,TVS STARCITY
TVS MOTOR COMPANY LTD,"TVS MOTOR COMPANY LTD, TVS SCOOTY ES",TVS,SCOOTY,TVS SCOOTY,TVS SCOOTY
TVS MOTOR COMPANY LTD,XL SUPER H.D.MOPED,TVS,XL100 H D MOPED,TVS XL100,TVS XL100
TVS MOTOR COMPANY LTD,"TVS MOTOR COMPANY LTD, SUZUKI MAX 100 R",TVS,SUZUKI MAX 100 R,TVS MAX,TVS MAX
TVS MOTOR COMPANY LTD,JUPITER ZX BS4,TVS,JUPITER ZX 4,TVS JUPITER,TVS JUPITER
TVS MOTOR COMPANY LTD,XL100 HEAVY DUTY I-TOUCH START,TVS,XL100 HEAVY DUTY,TVS XL100 HEAVY DUTY,TVS XL100 HEAVY DUTY
TVS MOTOR COMPANY LTD,XL SUPER I,TVS,XL100 I,TVS XL100,TVS XL100
TVS MOTOR COMPANY LTD,TVS MAX-100-R,TVS,MAX-100-R,TVS MAX,TVS MAX
TVS MOTOR COMPANY LTD,"TVS MOTOR COMPANY LTD, SCOOTY PEP +",TVS,SCOOTY PEP +,TVS SCOOTY PEP,TVS SCOOTY PEP
TVS MOTOR CO. LTD.,TVS SPORT CVTI,TVS,SPORT CVTI,TVS SPORT,TVS SPORT
TVS MOTOR COMPANY LTD,SCOOTY PEP PLUS,TVS,SCOOTY PEP PLUS,TVS SCOOTY PEP,TVS SCOOTY PEP
TVS MOTOR CO. LTD.,TVS XL SUPER,TVS,XL100,TVS XL100,TVS XL100
TVS MOTOR COMPANY LTD,STAR CITY 110ES,TVS,STARCITY 110ES,TVS STARCITY,TVS STARCITY
TVS MOTOR COMPANY LTD,TVS IQUBE ELECTRIC,TVS,IQUBE ELECTRIC,TVS OTHER,TVS OTHER
TVS MOTOR COMPANY LTD,PEP PLUS,TVS,PEP PLUS,TVS PEP,TVS PEP
TVS MOTOR COMPANY LTD,VICTOR GX 110,TVS,VICTOR GX 110,TVS VICTOR,TVS VICTOR
TVS MOTOR COMPANY LTD,APACHE ES,TVS,APACHE,TVS APACHE,TVS APACHE
TVS MOTOR COMPANY LTD,SPORT BS IV MAG,TVS,SPORT MAG,TVS SPORT,TVS SPORT
TVS MOTOR COMPANY LTD,"TVS MOTOR COMPANY LTD, TVS STAR CITY + BSIII",TVS,STARCITY +,TVS STARCITY,TVS STARCITY
TVS MOTOR COMPANY LTD,APACHE RTR 160 BS III,TVS,APACHE RTR 160,TVS APACHE RTR 160,TVS APACHE RTR 160
TVS MOTOR COMPANY LTD,TVS APACHE RTR 180 BSIII,TVS,APACHE RTR 180,TVS APACHE RTR 180,TVS APACHE RTR 180
TVS MOTOR COMPANY LTD,APACHE-RTR-180,TVS,APACHE-RTR-180,TVS APACHE,TVS APACHE
TVS MOTOR COMPANY LTD,"TVS MOTOR COMPANY LTD, TVS SCOOTY PEP PLUS",TVS,SCOOTY PEP PLUS,TVS SCOOTY PEP,TVS SCOOTY PEP
TVS MOTOR COMPANY LTD,"TVS WEGO, BS-III",TVS,WEGO -III,TVS WEGO,TVS WEGO
TVS MOTOR COMPANY LTD,TVS STARCITY 110 MG ES REF,TVS,STARCITY 110 REF,TVS STARCITY,TVS STARCITY
TVS MOTOR COMPANY LTD,TVS STAR CITY ESMIC,TVS,STARCITY ESMIC,TVS STARCITY,TVS STARCITY
TVS MOTOR CO. LTD.,RADEON FRONT DRUM L2 BS6,TVS,RADEON FRONT L2 6,TVS RADEON,TVS RADEON
TVS MOTOR COMPANY LTD,TVS VICTOR WITH DRUM BRAKE BSI,TVS,VICTOR WITH BRAKE I,TVS VICTOR,TVS VICTOR
TVS MOTOR COMPANY LTD,TVS VICTOR GL 125,TVS,VICTOR GL 125,TVS VICTOR,TVS VICTOR
TVS MOTOR COMPANY LTD,"TVS MOTOR COMPANY LTD, TVS XL SUPER",TVS,XL100,TVS XL100,TVS XL100
TVS MOTOR COMPANY LTD,TVS CHAMP VMX,TVS,CHAMP VMX,TVS OTHER,TVS OTHER
TVS MOTOR COMPANY LTD,TVS SCOOTY PEP+ (BS IV,TVS,SCOOTY PEP+ (,TVS SCOOTY PEP,TVS SCOOTY PEP
TVS MOTOR COMPANY LTD,SAMURAI,TVS,SAMURAI,TVS OTHER,TVS OTHER
TVS MOTOR COMPANY LTD,TVS APACHE RTR 160 NEW,TVS,APACHE RTR 160 NEW,TVS APACHE RTR 160,TVS APACHE RTR 160
TVS MOTOR COMPANY LTD,ONE SUPER XL MOPED,TVS,ONE SUPER XL MOPED,TVS XL100,TVS XL100
TVS MOTOR COMPANY LTD,TVS APACHE 200,TVS,APACHE RTR 200,TVS APACHE RTR 200,TVS APACHE RTR 200
TVS MOTOR COMPANY LTD,TVS SPORTS,TVS,SPORTS,TVS SPORT,TVS SPORT
TVS MOTOR COMPANY LTD,TVS SCOOTY PEP+   BSIII,TVS,SCOOTY PEP+,TVS SCOOTY PEP,TVS SCOOTY PEP
TVS MOTOR COMPANY LTD,TVS APACHE RTR 180 (BS IV,TVS,APACHE RTR 180 (,TVS APACHE RTR 180,TVS APACHE RTR 180
TVS MOTOR COMPANY LTD,"TVS MOTOR COMPANY LTD, TVS SPORT KLS",TVS,SPORT KLS,TVS SPORT,TVS SPORT
TVS MOTOR CO. LTD.,TVS SPORT DURALIFE BSIV L2,TVS,SPORT DURALIFE L2,TVS SPORT,TVS SPORT
TVS MOTOR COMPANY LTD,TVS JUPITER 125 BSVI-PH2,TVS,JUPITER 125 -PH2,TVS JUPITER,TVS JUPITER
TVS MOTOR COMPANY LTD,TVS APACHE RTR 180 NON ABS BSIV,TVS,APACHE RTR 180 NON A,TVS APACHE RTR 180,TVS APACHE RTR 180
TVS MOTOR COMPANY LTD,SPORT C V TI B S II,TVS,SPORT C V TI B S II,TVS SPORT,TVS SPORT
TVS MOTOR COMPANY LTD,XL SUPER HD MOPED,TVS,XL100 HD MOPED,TVS XL100,TVS XL100
TVS MOTOR COMPANY LTD,TVS APACHE DISC,TVS,APACHE,TVS APACHE,TVS APACHE
TVS MOTOR COMPANY LTD,JUPITER ,TVS,JUPITER,TVS JUPITER,TVS JUPITER
TVS MOTOR COMPANY LTD,MAX-100,TVS,MAX-100,TVS MAX,TVS MAX
TVS MOTOR COMPANY LTD,STAR CITY MAQ,TVS,STARCITY MAQ,TVS STARCITY,TVS STARCITY
TVS MOTOR COMPANY LTD,"TVS MOTOR COMPANY LTD, TVS JUPITER (BS IV)",TVS,JUPITER (),TVS JUPITER,TVS JUPITER
TVS MOTOR COMPANY LTD,TVS PHOENIX,TVS,PHOENIX,TVS PHOENIX,TVS PHOENIX
TVS MOTOR COMPANY LTD,TVS APACHE RTR 200 4V,TVS,APACHE RTR 200 4V,TVS APACHE RTR 200,TVS APACHE RTR 200
TVS MOTOR COMPANY LTD,NEW XL SUPER HD,TVS,NEW XL100 HD,TVS XL100,TVS XL100
TVS MOTOR COMPANY LTD,TVS XL SUPER HEAVY DUTY,TVS,XL100 HEAVY DUTY,TVS XL100 HEAVY DUTY,TVS XL100 HEAVY DUTY
TVS MOTOR COMPANY LTD,TVS NTORQ 125 RACE EDITION BSV,TVS,NTORQ 125 RACE EDITION,TVS NTORQ,TVS NTORQ
TVS MOTOR COMPANY LTD,TVS SCOOTY PEP + BSII,TVS,SCOOTY PEP + II,TVS SCOOTY PEP,TVS SCOOTY PEP
TVS MOTOR COMPANY LTD,STAR CITY 110,TVS,STARCITY 110,TVS STARCITY,TVS STARCITY
TVS MOTOR COMPANY LTD,TVS-SCOOTY,TVS,TVS-SCOOTY,TVS SCOOTY,TVS SCOOTY
TVS MOTOR COMPANY LTD,STAR CITY 110 CC ES,TVS,STARCITY 110,TVS STARCITY,TVS STARCITY
TVS MOTOR COMPANY LTD,STAR CITY PLUS,TVS,STARCITY PLUS,TVS STARCITY,TVS STARCITY
TVS MOTOR COMPANY LTD,XL SUPER ID,TVS,XL100 ID,TVS XL100,TVS XL100
TVS MOTOR COMPANY LTD,STAR SPORT,TVS,STAR SPORT,TVS SPORT,TVS SPORT
TVS MOTOR COMPANY LTD,T.V.S.SCOOTY PEP MOPPED,TVS,T V S SCOOTY PEP MOPPED,TVS SCOOTY PEP,TVS SCOOTY PEP
TVS MOTOR COMPANY LTD,XL SUPER HD,TVS,XL100 HD,TVS XL100,TVS XL100
TVS MOTOR COMPANY LTD,MOTOR CYCLE WITH GEAR,TVS,MOTOR CYCLE WITH GEAR,TVS OTHER,TVS OTHER
TVS MOTOR COMPANY LTD,XL HD,TVS,XL100,TVS XL100,TVS XL100
TVS MOTOR COMPANY LTD,MOPED XL SUPER,TVS,MOPED XL100,TVS XL100,TVS XL100
TVS MOTOR COMPANY LTD,TVS XLHD,TVS,XL100,TVS XL100,TVS XL100
TVS MOTOR COMPANY LTD,TVS RONIN,TVS,RONIN,TVS OTHER,TVS OTHER
TVS MOTOR COMPANY LTD,NEW VICTOR 110,TVS,NEW VICTOR 110,TVS VICTOR,TVS VICTOR
TVS MOTOR COMPANY LTD,TVS SCOOTY ZEST BSIV,TVS,SCOOTY ZEST,TVS SCOOTY ZEST,TVS SCOOTY ZEST
TVS MOTOR COMPANY LTD,TVS SPORTS ES BS III,TVS,SPORTS,TVS SPORT,TVS SPORT
TVS MOTOR COMPANY LTD,NOT AVAILABLE,TVS,NOT AVAILABLE,TVS OTHER,TVS OTHER
TVS MOTOR COMPANY LTD,"TVS MOTOR COMPANY LTD, TVS NTORQ 125 RACE EDITION",TVS,NTORQ 125 RACE EDITION,TVS NTORQ,TVS NTORQ
TVS MOTOR COMPANY LTD,STARCITY + ES MAG WHL,TVS,STARCITY + MAG WHL,TVS STARCITY,TVS STARCITY
TVS MOTOR COMPANY LTD,TVS STREAK,TVS,STREAK,TVS STREAK,TVS STREAK
TVS MOTOR COMPANY LTD,TVS XL HD,TVS,XL100,TVS XL100,TVS XL100
TVS MOTOR COMPANY LTD,"TVS MOTOR COMPANY LTD, Tvs  Suzuki   Ax100 R",TVS,SUZUKI AX100 R,TVS OTHER,TVS OTHER
TVS MOTOR COMPANY LTD,TVS JIVE (BS III),TVS,JIVE (),TVS OTHER,TVS OTHER
TVS MOTOR COMPANY LTD,TVS WEGO (BS IV,TVS,WEGO (,TVS WEGO,TVS WEGO
TVS MOTOR COMPANY LTD,FIERO,TVS,FIERO,TVS OTHER,TVS OTHER
TVS MOTOR COMPANY LTD,TVS KING 4SLPG,TVS,KING,TVS KING,TVS KING
TVS MOTOR COMPANY LTD,"TVS MOTOR COMPANY LTD, TVS XL 100 HD I-TOUCH START",TVS,XL100,TVS XL100,TVS XL100
TVS MOTOR COMPANY LTD,TVS APACHE RTR160 4V BSIV,TVS,APACHE RTR160 4V,TVS APACHE RTR 160,TVS APACHE RTR 160
TVS MOTOR COMPANY LTD,TVS NTORQ 125 DISC BSIV,TVS,NTORQ 125,TVS NTORQ,TVS NTORQ
TVS MOTOR COMPANY LTD,TVS VICTOR (BS IV),TVS,VICTOR (),TVS VICTOR,TVS VICTOR
TVS MOTOR COMPANY LTD,TVS VICTOR BSIV,TVS,VICTOR,TVS VICTOR,TVS VICTOR
TVS MOTOR COMPANY LTD,APACHE RTR 180 BS4,TVS,APACHE RTR 180 4,TVS APACHE RTR 180,TVS APACHE RTR 180
TVS MOTOR COMPANY LTD,MOTOR CYCLE,TVS,MOTOR CYCLE,TVS OTHER,TVS OTHER
TVS SUZUKI LIMITED,SUZUKI MAX 100,TVS,SUZUKI MAX 100,TVS MAX,TVS MAX
TVS MOTOR COMPANY LTD,TVS APACHE RTR 180 (BS IV),TVS,APACHE RTR 180 (),TVS APACHE RTR 180,TVS APACHE RTR 180
TVS MOTOR COMPANY LTD,TVS XL 100 HEAVY DUTY I-TOUCH ,TVS,XL 100 HEAVY DUTY,TVS XL100 HEAVY DUTY,TVS XL100 HEAVY DUTY
TVS MOTOR COMPANY LTD,TVS XL 100 BS IV,TVS,XL 100,TVS XL100,TVS XL100
TVS MOTOR COMPANY LTD,TVS KING LS PLUS BSIV,TVS,KING LS PLUS,TVS KING,TVS KING
TVS MOTOR COMPANY LTD,TVS Victor GL,TVS,VICTOR GL,TVS VICTOR,TVS VICTOR
TVS MOTOR COMPANY LTD,TVS APACHE RTR 200,TVS,APACHE RTR 200,TVS APACHE RTR 200,TVS APACHE RTR 200
TVS MOTOR COMPANY LTD,TVSJUPITER125,TVS,TVSJUPITER125,TVS JUPITER,TVS JUPITER
TVS MOTOR COMPANY LTD,TVS PHOENIX 125,TVS,PHOENIX 125,TVS PHOENIX,TVS PHOENIX
TVS MOTOR COMPANY LTD,TVS APACHE RTR 160 (BS IV,TVS,APACHE RTR 160 (,TVS APACHE RTR 160,TVS APACHE RTR 160
TVS MOTOR COMPANY LTD,TVS SCOOTY PEP PLUS,TVS,SCOOTY PEP PLUS,TVS SCOOTY PEP,TVS SCOOTY PEP
TVS MOTOR COMPANY LTD,TVS KING,TVS,KING,TVS KING,TVS KING
TVS MOTOR COMPANY LTD,TVS FIERO F2 DISC BRAKE,TVS,FIERO F2 BRAKE,TVS OTHER,TVS OTHER
TVS MOTOR COMPANY LTD,"TVS MOTOR COMPANY LTD, TVS SPORT DURALIFE (BS IV)",TVS,SPORT DURALIFE (),TVS SPORT,TVS SPORT
TVS MOTOR COMPANY LTD,TVS SCOOTY  PEP DLX,TVS,SCOOTY PEP DLX,TVS SCOOTY PEP,TVS SCOOTY PEP
TVS MOTOR COMPANY LTD,XL SUPER 100,TVS,XL100 100,TVS XL100,TVS XL100
TVS MOTOR COMPANY LTD,TVS APACHI ES,TVS,APACHI,TVS APACHE,TVS APACHE
TVS MOTOR COMPANY LTD,TVS STAR CITY 110 KS ALL,TVS,STARCITY 110 KS ALL,TVS STARCITY,TVS STARCITY
TVS MOTOR COMPANY LTD,XL SUPER HEAVY DUTY,TVS,XL100 HEAVY DUTY,TVS XL100 HEAVY DUTY,TVS XL100 HEAVY DUTY
TVS MOTOR COMPANY LTD,TVS JUPITER BSVI,TVS,JUPITER,TVS JUPITER,TVS JUPITER
TVS MOTOR COMPANY LTD,TVS MAX 100 DLX,TVS,MAX 100 DLX,TVS MAX,TVS MAX
TVS MOTOR COMPANY LTD,TVS MAX 100,TVS,MAX 100,TVS MAX,TVS MAX
TVS MOTOR COMPANY LTD,TVS APACHE RTR 160 BSIII,TVS,APACHE RTR 160,TVS APACHE RTR 160,TVS APACHE RTR 160
TVS MOTOR COMPANY LTD,TVS VICTOR GX,TVS,VICTOR GX,TVS VICTOR,TVS VICTOR
TVS MOTOR COMPANY LTD,TVS XL SUPER,TVS,XL100,TVS XL100,TVS XL100
TVS MOTOR COMPANY LTD,TVS CITY M/W,TVS,CITY M/W,TVS OTHER,TVS OTHER
TVS MOTOR COMPANY LTD,TVS KING LS 4S LPG,TVS,KING,TVS KING,TVS KING
TVS MOTOR COMPANY LTD,TVS JUPITER CLASSIC,TVS,JUPITER CLASSIC,TVS JUPITER,TVS JUPITER
TVS MOTOR COMPANY LTD,XL-100,TVS,XL-100,TVS XL100,TVS XL100
TVS MOTOR COMPANY LTD,TVS JUPITER BSIV,TVS,JUPITER,TVS JUPITER,TVS JUPITER
TVS MOTOR COMPANY LTD,FIERO F2,TVS,FIERO F2,TVS OTHER,TVS OTHER
TVS MOTOR COMPANY LTD,TVS XL 100 (BS IV),TVS,XL 100 (),TVS XL100,TVS XL100
TVS MOTOR COMPANY LTD,TVS SPORT CVTI ES,TVS,SPORT CVTI,TVS SPORT,TVS SPORT
TVS MOTOR COMPANY LTD,STAR  CITY,TVS,STARCITY,TVS STARCITY,TVS STARCITY
TVS MOTOR COMPANY LTD,INDIGO CS LS,TVS,INDIGO CS LS,TVS OTHER,TVS OTHER
TVS MOTOR COMPANY LTD,XL SUPER H.D,TVS,XL100 H D,TVS XL100,TVS XL100
TVS MOTOR COMPANY LTD,TVS SCOOTY PEP+ (BS IV),TVS,SCOOTY PEP+ (),TVS SCOOTY PEP,TVS SCOOTY PEP
TVS MOTOR COMPANY LTD,TVS APACHE,TVS,APACHE,TVS APACHE,TVS APACHE
TVS MOTOR COMPANY LTD,APACHE  RTR,TVS,APACHE RTR,TVS APACHE,TVS APACHE
TVS MOTOR COMPANY LTD,STAR CITY+,TVS,STARCITY+,TVS STARCITY,TVS STARCITY
TVS MOTOR COMPANY LTD,EICHER MIT,TVS,EICHER MIT,TVS OTHER,TVS OTHER
TVS MOTOR COMPANY LTD,VICTOR BS2,TVS,VICTOR 2,TVS VICTOR,TVS VICTOR
TVS MOTOR COMPANY LTD,"TVS MOTOR COMPANY LTD, TVS CHAMP",TVS,CHAMP,TVS OTHER,TVS OTHER
TVS MOTOR COMPANY LTD,TVS XL 100 HEAVY DUTY BSIV,TVS,XL 100 HEAVY DUTY,TVS XL100 HEAVY DUTY,TVS XL100 HEAVY DUTY
TVS MOTOR COMPANY LTD,TVS SPORT CVTI,TVS,SPORT CVTI,TVS SPORT,TVS SPORT
TVS SUZUKI LIMITED,SUZUKI SHOGUN,TVS,SUZUKI SHOGUN,TVS OTHER,TVS OTHER
TVS MOTOR COMPANY LTD,TVS  MAX 100,TVS,MAX 100,TVS MAX,TVS MAX
TVS MOTOR COMPANY LTD,TVS VICTOR NEW 4S,TVS,VICTOR NEW 4S,TVS VICTOR,TVS VICTOR
TVS MOTOR COMPANY LTD,TVS WEGO,TVS,WEGO,TVS WEGO,TVS WEGO
TVS MOTOR COMPANY LTD,TVS SPORT KLS,TVS,SPORT KLS,TVS SPORT,TVS SPORT
TVS MOTOR COMPANY LTD,MAX  100,TVS,MAX 100,TVS MAX,TVS MAX
TVS MOTOR COMPANY LTD,STAR CITY KS AW 110 REF,TVS,STARCITY KS AW 110 REF,TVS STARCITY,TVS STARCITY
TVS MOTOR COMPANY LTD,TVS XT,TVS,XT,TVS OTHER,TVS OTHER
TVS MOTOR COMPANY LTD,,TVS,,TVS OTHER,TVS OTHER
TVS MOTOR COMPANY LTD,SCOOTY PEP,TVS,SCOOTY PEP,TVS SCOOTY PEP,TVS SCOOTY PEP
TVS MOTOR COMPANY LTD,TVSXL SUPER HEAVY DUTY,TVS,TVSXL100 HEAVY DUTY,TVS XL100 HEAVY DUTY,TVS XL100 HEAVY DUTY
TVS MOTOR COMPANY LTD,TVS JUPITER grande  BS4,TVS,JUPITER GRANDE 4,TVS JUPITER GRANDE,TVS JUPITER GRANDE
TVS MOTOR COMPANY LTD,TVS XL SUPER BS3 MOSS GREEN,TVS,XL100 3 MOSS GREEN,TVS XL100,TVS XL100
TVS MOTOR COMPANY LTD,SPORT,TVS,SPORT,TVS SPORT,TVS SPORT
TVS MOTOR COMPANY LTD,VICTOR GL (U27),TVS,VICTOR GL (U27),TVS VICTOR,TVS VICTOR
TVS MOTOR COMPANY LTD,"TVS MOTOR COMPANY LTD, TVS 50N XL",TVS,50N XL,TVS XL100,TVS XL100
TVS MOTOR COMPANY LTD,VICTOR GLX 125,TVS,VICTOR GLX 125,TVS VICTOR,TVS VICTOR
TVS MOTOR COMPANY LTD,TVS - XL,TVS,- XL,TVS XL100,TVS XL100
TVS MOTOR COMPANY LTD,"TVS MOTOR COMPANY LTD, TVS JUPITER",TVS,JUPITER,TVS JUPITER,TVS JUPITER
TVS MOTOR COMPANY LTD,T V S PHOENIX,TVS,T V S PHOENIX,TVS PHOENIX,TVS PHOENIX
TVS MOTOR COMPANY LTD,TVS NTORQ 125 SBT DISC,TVS,NTORQ 125 SBT,TVS NTORQ,TVS NTORQ
TVS MOTOR COMPANY LTD,APACHE RTR,TVS,APACHE RTR,TVS APACHE,TVS APACHE
TVS MOTOR COMPANY LTD,TVS.VICTOR G.L,TVS,TVS VICTOR G L,TVS VICTOR,TVS VICTOR
TVS MOTOR COMPANY LTD,JUPITER DISC BS4,TVS,JUPITER 4,TVS JUPITER,TVS JUPITER
TVS MOTOR COMPANY LTD,TVS  APACHE,TVS,APACHE,TVS APACHE,TVS APACHE
TVS Motor Company Ltd,TVS JUPITER,TVS,JUPITER,TVS JUPITER,TVS JUPITER
TVS MOTOR COMPANY LTD,APACHE RTR180 L2 BS6,TVS,APACHE RTR180 L2 6,TVS APACHE RTR 180,TVS APACHE RTR 180
TVS MOTOR COMPANY LTD,XL H.D.,TVS,XL H D,TVS XL100,TVS XL100
TVS MOTOR COMPANY LTD,SCOOTY PEP DLX,TVS,SCOOTY PEP DLX,TVS SCOOTY PEP,TVS SCOOTY PEP
TVS MOTOR COMPANY LTD,TVS NTORQ 125 RACE EDITION,TVS,NTORQ 125 RACE EDITION,TVS NTORQ,TVS NTORQ
TVS MOTOR COMPANY LTD,MOTORCYCLE,TVS,MOTORCYCLE,TVS OTHER,TVS OTHER
TVS MOTOR COMPANY LTD,VICTOR GX,TVS,VICTOR GX,TVS VICTOR,TVS VICTOR
TVS MOTOR COMPANY LTD,TVS APACHE RTR RR DISC,TVS,APACHE RTR RR,TVS APACHE,TVS APACHE
TVS MOTOR COMPANY LTD,TVS WEGO (BS IV),TVS,WEGO (),TVS WEGO,TVS WEGO
TVS MOTOR COMPANY LTD,TVS 50,TVS,50,TVS OTHER,TVS OTHER
TVS MOTOR COMPANY LTD,TVS NTORQ125 BS4 DISC,TVS,NTORQ125 4,TVS NTORQ,TVS NTORQ
TVS MOTOR COMPANY LTD,TVS SCOOTY ZEST (BS IV,TVS,SCOOTY ZEST (,TVS SCOOTY ZEST,TVS SCOOTY ZEST
TVS MOTOR COMPANY LTD,TVS JUPITER CLASSIC DISC BSIV,TVS,JUPITER CLASSIC,TVS JUPITER,TVS JUPITER
TVS MOTOR COMPANY LTD,TVS RAIDER BSVI-PH2,TVS,RAIDER -PH2,TVS OTHER,TVS OTHER
TVS MOTOR COMPANY LTD,TVS  STAR  CITY  KS,TVS,STARCITY KS,TVS STARCITY,TVS STARCITY
TVS MOTOR COMPANY LTD,STARCITY 110 MG ES REF,TVS,STARCITY 110 REF,TVS STARCITY,TVS STARCITY
TVS MOTOR CO. LTD.,STAR CITY PLUS L2 BS6,TVS,STARCITY PLUS L2 6,TVS STARCITY,TVS STARCITY
TVS MOTOR COMPANY LTD,TVS SPORT CVTI BSIII,TVS,SPORT CVTI,TVS SPORT,TVS SPORT
TVS MOTOR COMPANY LTD,TVS  APACHE RTR 160,TVS,APACHE RTR 160,TVS APACHE RTR 160,TVS APACHE RTR 160
TVS MOTOR COMPANY LTD,TVS FIERO MOTORCYCLE,TVS,FIERO MOTORCYCLE,TVS OTHER,TVS OTHER
TVS MOTOR COMPANY LTD,TVS PHOENIX 125 DRUM,TVS,PHOENIX 125,TVS PHOENIX,TVS PHOENIX
TVS MOTOR COMPANY LTD,TVS XL-SUPER HEAVY DUTY,TVS,XL-SUPER HEAVY DUTY,TVS XL100,TVS XL100
TVS MOTOR COMPANY LTD,TVS KING PETROL,TVS,KING PETROL,TVS KING,TVS KING
TVS MOTOR COMPANY LTD,TVS APACHE RTR-160,TVS,APACHE RTR-160,TVS APACHE,TVS APACHE
TVS MOTOR COMPANY LTD,XL SUPER 70 CC,TVS,XL100 70,TVS XL100,TVS XL100
TVS MOTOR COMPANY LTD, PEP SCOOTY,TVS,PEP SCOOTY,TVS SCOOTY,TVS SCOOTY
TVS MOTOR COMPANY LTD,TVS STAR  CITY,TVS,STARCITY,TVS STARCITY,TVS STARCITY
TVS MOTOR COMPANY LTD,TVS STAR CITY PLUS,TVS,STARCITY PLUS,TVS STARCITY,TVS STARCITY
TVS MOTOR COMPANY LTD,M/CYCLE APACHE,TVS,M/CYCLE APACHE,TVS APACHE,TVS APACHE
TVS MOTOR COMPANY LTD,SCOOTY,TVS,SCOOTY,TVS SCOOTY,TVS SCOOTY
TVS MOTOR COMPANY LTD,"TVS MOTOR COMPANY LTD, TVS JUPITER CLASSIC(BSIV) DISC",TVS,JUPITER CLASSIC(),TVS JUPITER,TVS JUPITER
TVS MOTOR COMPANY LTD,NAAAA,TVS,NAAAA,TVS OTHER,TVS OTHER
TVS MOTOR COMPANY LTD,INDICA V2,TVS,INDICA V2,TVS OTHER,TVS OTHER
TVS MOTOR CO. LTD.,4 STROKE SCOOTY PEP,TVS,4 STROKE SCOOTY PEP,TVS SCOOTY PEP,TVS SCOOTY PEP
TVS MOTOR COMPANY LTD,STAR CITY  B S II,TVS,STARCITY B S II,TVS STARCITY,TVS STARCITY
TVS MOTOR COMPANY LTD,SCOOTY PEP EX,TVS,SCOOTY PEP EX,TVS SCOOTY PEP,TVS SCOOTY PEP
TVS MOTOR COMPANY LTD,"TVS MOTOR COMPANY LTD, TVS WEGO",TVS,WEGO,TVS WEGO,TVS WEGO
TVS MOTOR COMPANY LTD,TVS STAR SPORT ECONOTECH,TVS,STAR SPORT ECONOTECH,TVS SPORT,TVS SPORT
TVS MOTOR COMPANY LTD,TVS XL HEAVY DUTY,TVS,XL HEAVY DUTY,TVS XL100 HEAVY DUTY,TVS XL100 HEAVY DUTY
TVS MOTOR COMPANY LTD,M/CYCLE,TVS,M/CYCLE,TVS OTHER,TVS OTHER
TVS MOTOR COMPANY LTD,"TVS MOTOR COMPANY LTD, TVS KING ZK FI",TVS,KING ZK FI,TVS KING,TVS KING
TVS MOTOR COMPANY LTD,SUZUKI FIERO RTV,TVS,SUZUKI FIERO RTV,TVS OTHER,TVS OTHER
TVS MOTOR COMPANY LTD,TVS 4 S,TVS,4 S,TVS OTHER,TVS OTHER
TVS SUZUKI,"TVS SUZUKI, TVS SUZUKI MAX 100 R",TVS,SUZUKI SUZUKI MAX 100 R,TVS MAX,TVS MAX
TVS MOTOR COMPANY LTD,SCOOTY TEENZ,TVS,SCOOTY TEENZ,TVS SCOOTY,TVS SCOOTY
TVS MOTOR COMPANY LTD,STAR CITY ES,TVS,STARCITY,TVS STARCITY,TVS STARCITY
TVS MOTOR CO. LTD.,TVS CHAMP,TVS,CHAMP,TVS OTHER,TVS OTHER
TVS MOTOR COMPANY LTD,APACHE RTR160 DISC L2 BS6,TVS,APACHE RTR160 L2 6,TVS APACHE RTR 160,TVS APACHE RTR 160
TVS SUZUKI LIMITED,TVS SCOOTY,TVS,SCOOTY,TVS SCOOTY,TVS SCOOTY
TVS MOTOR COMPANY LTD,TVS XL100 COMFORT,TVS,XL100 COMFORT,TVS XL100,TVS XL100
TVS MOTOR COMPANY LTD,TVS STARCITY PLUS,TVS,STARCITY PLUS,TVS STARCITY,TVS STARCITY
TVS MOTOR COMPANY LTD,TVS SPORT ELS,TVS,SPORT ELS,TVS SPORT,TVS SPORT
TVS MOTOR COMPANY LTD,SUZUKI MAX 100,TVS,SUZUKI MAX 100,TVS MAX,TVS MAX
TVS MOTOR COMPANY LTD,TVS 50 XL,TVS,50 XL,TVS XL100,TVS XL100
TVS MOTOR COMPANY LTD,TVS STAR CITY-BS-II,TVS,STARCITY--II,TVS STARCITY,TVS STARCITY
TVS MOTOR COMPANY LTD,APACHE RTR 160,TVS,APACHE RTR 160,TVS APACHE RTR 160,TVS APACHE RTR 160
TVS MOTOR COMPANY LTD,TVS APACHE RTR 200 BSIV,TVS,APACHE RTR 200,TVS APACHE RTR 200,TVS APACHE RTR 200
TVS MOTOR COMPANY LTD,TVS Victor Motor Cycle,TVS,VICTOR MOTOR CYCLE,TVS VICTOR,TVS VICTOR
TVS MOTOR COMPANY LTD,"TVS MOTOR COMPANY LTD, JUPITER",TVS,JUPITER,TVS JUPITER,TVS JUPITER
TVS MOTOR COMPANY LTD,TVS PHOENIX 125 DISC,TVS,PHOENIX 125,TVS PHOENIX,TVS PHOENIX
TVS MOTOR COMPANY LTD,TVS CHAMP DLX,TVS,CHAMP DLX,TVS OTHER,TVS OTHER
TVS MOTOR COMPANY LTD,TVS CHAMP 60,TVS,CHAMP 60,TVS OTHER,TVS OTHER
TVS MOTOR COMPANY LTD,MAX R,TVS,MAX R,TVS MAX,TVS MAX
TVS MOTOR COMPANY LTD,MOPED,TVS,MOPED,TVS OTHER,TVS OTHER
TVS MOTOR COMPANY LTD,SCOOTY PEP+,TVS,SCOOTY PEP+,TVS SCOOTY PEP,TVS SCOOTY PEP
TVS MOTOR COMPANY LTD,TVS SCOOTY ZEST (BS IV),TVS,SCOOTY ZEST (),TVS SCOOTY ZEST,TVS SCOOTY ZEST
TVS MOTOR COMPANY LTD,TVS JUPITER GRANDE,TVS,JUPITER GRANDE,TVS JUPITER GRANDE,TVS JUPITER GRANDE
TVS MOTOR COMPANY LTD,INDIGO CS LX,TVS,INDIGO CS LX,TVS OTHER,TVS OTHER
TVS MOTOR COMPANY LTD,SCOOTY PEP PLUS FASHION,TVS,SCOOTY PEP PLUS FASHION,TVS SCOOTY PEP,TVS SCOOTY PEP
TVS MOTOR COMPANY LTD,STAR CITY 110 DT MG ES,TVS,STARCITY 110 DT,TVS STARCITY,TVS STARCITY
TVS MOTOR COMPANY LTD,TVS CITY,TVS,CITY,TVS STARCITY,TVS STARCITY
TVS MOTOR COMPANY LTD,TVS XL 100 HEAVY DUTY,TVS,XL 100 HEAVY DUTY,TVS XL100 HEAVY DUTY,TVS XL100 HEAVY DUTY
TVS MOTOR COMPANY LTD,KING 25 T,TVS,KING 25 T,TVS KING,TVS KING
TVS MOTOR COMPANY LTD,TVS XL100 HEAVY DUTY,TVS,XL100 HEAVY DUTY,TVS XL100 HEAVY DUTY,TVS XL100 HEAVY DUTY
TVS MOTOR COMPANY LTD,CHAMP,TVS,CHAMP,TVS OTHER,TVS OTHER
TVS MOTOR COMPANY LTD,TVS SCOOTY STREAK,TVS,SCOOTY STREAK,TVS SCOOTY STREAK,TVS SCOOTY STREAK
TVS MOTOR COMPANY LTD,TVS APACHE RTR,TVS,APACHE RTR,TVS APACHE,TVS APACHE
TVS MOTOR COMPANY LTD,CENTRA,TVS,CENTRA,TVS OTHER,TVS OTHER
Tvs Motor Company Ltd,Tvs Champ,TVS,CHAMP,TVS OTHER,TVS OTHER
TVS SUZUKI LIMITED,SUZUKI MAX 100 RD,TVS,SUZUKI MAX 100 RD,TVS MAX,TVS MAX
TVS MOTOR COMPANY LTD,TVS MAX 100 DC,TVS,MAX 100 DC,TVS MAX,TVS MAX
TVS MOTOR COMPANY LTD,TVS SUZUKI MAX 100 R,TVS,SUZUKI MAX 100 R,TVS MAX,TVS MAX
TVS MOTOR COMPANY LTD,XL SUPER,TVS,XL100,TVS XL100,TVS XL100
TVS MOTOR COMPANY LTD,SUZUKI HEAT M/CYCLE 125,TVS,SUZUKI HEAT M/CYCLE 125,TVS OTHER,TVS OTHER
TVS MOTOR COMPANY LTD,TVS VICTER GX,TVS,VICTER GX,TVS VICTOR,TVS VICTOR
TVS MOTOR COMPANY LTD,SUZUKI MAX 100 R,TVS,SUZUKI MAX 100 R,TVS MAX,TVS MAX
TVS MOTOR COMPANY LTD,FLAME,TVS,FLAME,TVS OTHER,TVS OTHER
TVS MOTOR COMPANY LTD,KING ZS 4S CNG ES,TVS,KING CNG,TVS KING,TVS KING
TVS MOTOR COMPANY LTD,TVS SPORT DURALIFE BSIV L2,TVS,SPORT DURALIFE L2,TVS SPORT,TVS SPORT
TVS MOTOR COMPANY LTD,APACHE RTR160 DRUM L2 BS6,TVS,APACHE RTR160 L2 6,TVS APACHE RTR 160,TVS APACHE RTR 160
TVS MOTOR COMPANY LTD,TVS SUZUKI AX-100 SUPRA,TVS,SUZUKI AX-100 SUPRA,TVS OTHER,TVS OTHER
TVS MOTOR COMPANY LTD,TVSJU,TVS,TVSJU,TVS OTHER,TVS OTHER
TVS MOTOR COMPANY LTD,TVS STAR CITY A/W ES,TVS,STARCITY A/W,TVS STARCITY,TVS STARCITY
TVS Motor Company Ltd,TVS VICTOR (BS IV),TVS,VICTOR (),TVS VICTOR,TVS VICTOR
