rc_maker_desc,rc_maker_model,Mapped Name,clean_model,volvo_model,final_model
"""VOLVO GROUP INDIA PVT LTD""",VOLOVO 9400 B7R BS-III,VOLVO,VOLVO 9400 B7R BS-III,VOLVO 9400 B7R,VOLVO 9400 B7R
"""VOLVO GROUP INDIA PVT LTD""",9400 B9R 6X2 M3 BSIII,VOLVO,9400 B9R 6X2 M3 BSIII,VOLVO 9400 B9R,VOLVO 9400 B9R
VOLVO CAR CORPORATION,VOLVO XC90 D5 WITH 7 SEATER,VOLVO,XC90 D5 WITH 7 SEATER,VOLVO XC90 D5,VOLVO XC90 D5
"""VOLVO GROUP INDIA PVT LTD""",VOLVO XC60 D3,VOLVO,XC60 D3,VOLVO XC60 D3,VOLVO XC60 D3
"""VOLVO GROUP INDIA PVT LTD""",VOLVO XC 60  D5 BSIV,VOLVO,XC 60  D5 BSIV,VOLVO XC60 D5,VOLVO XC60 D5
VOLVO AUTO INDIA PVT LTD,VOLVO V40 D3 2.0L,VOLVO,V40 D3 2.0L,VOLVO V40 D3,VOLVO V40 D3
"""VOLVO GROUP INDIA PVT LTD""",VOLVO 9400 BUS BS-III,VOLVO,9400 BUS BS-III,VOLVO 9400,VOLVO 9400
"""VOLVO GROUP INDIA PVT LTD""",VOLVO CAR XC60 D5 2.4L,VOLVO,XC60 D5 2.4L,VOLVO XC60 D5,VOLVO XC60 D5
VOLVO AUTO INDIA PVT LTD,VOLVO V40 D3 ( R DESIGN),VOLVO,V40 D3 ( R DESIGN),VOLVO V40 D3 R-DESIGN,VOLVO V40 D3 R-DESIGN
"""VOLVO GROUP INDIA PVT LTD""",VOLVO XC 90 D5 2.0L DIESEL CBU,VOLVO,XC 90 D5 2.0L DIESEL CBU,VOLVO XC90 D5,VOLVO XC90 D5
"""VOLVO GROUP INDIA PVT LTD""",VOLVO XC60 I5 2.0L 2T,VOLVO,XC60 I5 2.0L 2T,VOLVO XC60,VOLVO XC60
"""VOLVO GROUP INDIA PVT LTD""",VOLVO XC60  2.4L D5 SUMMUM,VOLVO,XC60  2.4L D5 SUMMUM,VOLVO XC60 D5,VOLVO XC60 D5
VOLVO AUTO INDIA PVT LTD,VOLVO S90 D4 M1 BS4,VOLVO,S90 D4 M1 BS4,VOLVO S90 D4,VOLVO S90 D4
"""VOLVO GROUP INDIA PVT LTD""",VOLVO XC60 D5 SUMMUM,VOLVO,XC60 D5 SUMMUM,VOLVO XC60 D5,VOLVO XC60 D5
VOLVO AUTO INDIA PVT LTD,VOLVO 9400,VOLVO,9400,VOLVO 9400,VOLVO 9400
"""VOLVO GROUP INDIA PVT LTD""",S60 D4 2.0L DIESEL 2T,VOLVO,S60 D4 2.0L DIESEL 2T,VOLVO S60 D4,VOLVO S60 D4
VOLVO AUTO INDIA PVT LTD,FM 4006 X4T,VOLVO,FM 4006X4T,VOLVO FM,VOLVO FM
"""VOLVO GROUP INDIA PVT LTD""",VOLVO XC60,VOLVO,XC60,VOLVO XC60,VOLVO XC60
VOLVO AUTO INDIA PVT LTD,VOLVO XC40 RECHARGE P8,VOLVO,XC40 RECHARGE P8,VOLVO XC40 RECHARGE,VOLVO XC40 RECHARGE
"""VOLVO GROUP INDIA PVT LTD""",VOLVO S 60 D5,VOLVO,S60 D5,VOLVO S60 D5,VOLVO S60 D5
VOLVO INDIA PRIVATE LIMITED,VOLVO XC90 D5 BSVI,VOLVO,XC90 D5 BSVI,VOLVO XC90 D5,VOLVO XC90 D5
VOLVO AUTO INDIA PVT LTD,VOLVO FH 520,VOLVO,FH 520,VOLVO FH 520,VOLVO FH 520
"""VOLVO GROUP INDIA PVT LTD""",AL4019,VOLVO,AL4019,VOLVO OTHER,VOLVO OTHER
"""VOLVO GROUP INDIA PVT LTD""",VOLVO S60 D5 FWD,VOLVO,S60 D5 FWD,VOLVO S60 D5,VOLVO S60 D5
"""VOLVO GROUP INDIA PVT LTD""",VOLVO XC 60D5,VOLVO,XC 60D5,VOLVO XC60,VOLVO XC60
"""VOLVO GROUP INDIA PVT LTD""",VOLVO XC90 D5 BS IV IMPORTED,VOLVO,XC90 D5 BS IV IMPORTED,VOLVO XC90 D5,VOLVO XC90 D5
"""VOLVO GROUP INDIA PVT LTD""",VOLVO FM 440 (6X4) T,VOLVO,FM 440 (6X4) T,VOLVO FM 440,VOLVO FM 440
VOLVO AUTO INDIA PVT LTD,XC60 B5 MILD HYBRID ULTRA,VOLVO,XC60 B5 MILD HYBRID ULTRA,VOLVO XC60 HYBRID,VOLVO XC60 HYBRID
"""VOLVO GROUP INDIA PVT LTD""",VOLVO FMX460 8X4E 43R TP H20.3,VOLVO,FMX460 8X4E 43R TP H20.3,VOLVO FMX 460,VOLVO FMX 460
"""VOLVO GROUP INDIA PVT LTD""",SD110 VIBRATORY SOIL COMPACTOR,VOLVO,SD110 VIBRATORY SOIL COMPACTOR,VOLVO OTHER,VOLVO OTHER
"""VOLVO GROUP INDIA PVT LTD""",VOLVO XC 90-D5(R DESIGN) BSIV,VOLVO,XC 90-D5(R DESIGN) BSIV,VOLVO XC90 D5,VOLVO XC90 D5
"""VOLVO GROUP INDIA PVT LTD""","XC60 D 4,VED4MP2.0L 181/400 ",VOLVO,"XC60 D 4,VED4MP2.0L 181/400",VOLVO XC60,VOLVO XC60
VOLVO CAR CORPORATION,VOLVO XC60 D4 BSIV,VOLVO,XC60 D4 BSIV,VOLVO XC60,VOLVO XC60
"""VOLVO GROUP INDIA PVT LTD""",LOADER L120F,VOLVO,LOADER L120F,VOLVO OTHER,VOLVO OTHER
"""VOLVO GROUP INDIA PVT LTD""",VOLVO XC 90 D5,VOLVO,XC 90 D5,VOLVO XC90 D5,VOLVO XC90 D5
VOLVO AUTO INDIA PVT LTD,VOLVO 9400B9R,VOLVO,9400B9R,VOLVO 9400 B9R,VOLVO 9400 B9R
VOLVO CE INDIA PRIVATE LIMITED,L958H,VOLVO,L958H,VOLVO OTHER,VOLVO OTHER
VOLVO CAR CORPORATION,VOLVO XC 90 D5,VOLVO,XC 90 D5,VOLVO XC90 D5,VOLVO XC90 D5
"""VOLVO GROUP INDIA PVT LTD""",VOLVO S60 D5 SUMMUM,VOLVO,S60 D5 SUMMUM,VOLVO S60 D5,VOLVO S60 D5
"""VOLVO GROUP INDIA PVT LTD""",WHEELED LODER LG938,VOLVO,WHEELED LODER LG938,VOLVO OTHER,VOLVO OTHER
"""VOLVO GROUP INDIA PVT LTD""",VOLVO XC90 D5 CODE 30 (7 STR)B,VOLVO,XC90 D5 CODE 30 (7 STR)B,VOLVO XC90 D5,VOLVO XC90 D5
"""VOLVO GROUP INDIA PVT LTD""",V 40 CC15 2.0L,VOLVO,V40 CC15 2.0L,VOLVO V40,VOLVO V40
VOLVO AUTO INDIA PVT LTD,VOLVO S60 T4,VOLVO,S60 T4,VOLVO S60,VOLVO S60
VOLVO AUTO INDIA PVT LTD,XC90 B5 MILD HYBRID ULTRA,VOLVO,XC90 B5 MILD HYBRID ULTRA,VOLVO XC90,VOLVO XC90
"""VOLVO GROUP INDIA PVT LTD""",VOLVO XC 60 D4,VOLVO,XC 60 D4,VOLVO XC60,VOLVO XC60
VOLVO CAR CORPORATION,VOLVO XC60-D5 BSIV,VOLVO,XC60-D5 BSIV,VOLVO XC60 D5,VOLVO XC60 D5
"""VOLVO GROUP INDIA PVT LTD""",FM 400 6 4 TRACTOR HD,VOLVO,FM 400 6 4 TRACTOR HD,VOLVO FM,VOLVO FM
"""VOLVO GROUP INDIA PVT LTD""",V40 CROSS COUNTRY D3 I5 2.0L,VOLVO,V40 CROSS COUNTRY D3 I5 2.0L,VOLVO V40 D3,VOLVO V40 D3
"""VOLVO GROUP INDIA PVT LTD""",TRA FH12-380-6X4&4X2,VOLVO,TRA FH12-380-6X4&4X2,VOLVO FH,VOLVO FH
"""VOLVO GROUP INDIA PVT LTD""",VOLVO 9400 BS 3,VOLVO,9400 BS3,VOLVO 9400,VOLVO 9400
"""VOLVO GROUP INDIA PVT LTD""",XC60 D5 2.4L,VOLVO,XC60 D5 2.4L,VOLVO XC60 D5,VOLVO XC60 D5
"""VOLVO GROUP INDIA PVT LTD""",VOLVO XC60 D5 BS IV,VOLVO,XC60 D5 BS IV,VOLVO XC60 D5,VOLVO XC60 D5
"""VOLVO GROUP INDIA PVT LTD""",VOLVO XC90 T8 PLUG HYBRID4SB,VOLVO,XC90 T8 PLUG HYBRID4SB,VOLVO XC90 RECHARGE,VOLVO XC90 RECHARGE
"""VOLVO GROUP INDIA PVT LTD""",XC60 2.4 L D5 INSCRIPTION,VOLVO,XC60 2.4 L D5 INSCRIPTION,VOLVO XC60 D5,VOLVO XC60 D5
"""VOLVO GROUP INDIA PVT LTD""",VOLVO S60 D4 CROSS COUNTRY BS4,VOLVO,S60 D4 CROSS COUNTRY BS4,VOLVO S60 D4,VOLVO S60 D4
"""VOLVO GROUP INDIA PVT LTD""",FM 400 6*4 T_HD,VOLVO,FM 400 6*4 T_HD,VOLVO FM,VOLVO FM
"""VOLVO GROUP INDIA PVT LTD""",INTERGAL COACH,VOLVO,INTERGAL COACH,VOLVO OTHER,VOLVO OTHER
VOLVO AUTO INDIA PVT LTD,VOLVO XC90,VOLVO,XC90,VOLVO XC90,VOLVO XC90
VOLVO AUTO INDIA PVT LTD,VOLVO XC90 D5 R DESIGN,VOLVO,XC90 D5 R DESIGN,VOLVO XC90 D5,VOLVO XC90 D5
VOLVO AUTO INDIA PVT LTD,VOLVO S90 D4,VOLVO,S90 D4,VOLVO S90 D4,VOLVO S90 D4
"""VOLVO GROUP INDIA PVT LTD""",9400 B9R 6X2 DAC BSIII,VOLVO,9400 B9R 6X2 DAC BSIII,VOLVO 9400 B9R,VOLVO 9400 B9R
Volvo Buses India Pvt Ltd,VOLVO 9400 B8R 4X2 BSIV,VOLVO,9400 B8R 4X2 BSIV,VOLVO 9400,VOLVO 9400
"""VOLVO GROUP INDIA PVT LTD""",VOLVO XC 40 R ,VOLVO,XC 40 R,VOLVO OTHER,VOLVO OTHER
VOLVO AUTO INDIA PVT LTD,"VOLVO S 60 D5, 2.4 L",VOLVO,"S60 D5, 2.4 L",VOLVO S60 D5,VOLVO S60 D5
VOLVO CE INDIA PRIVATE LIMITED,VOLVO B7RLE Mark-III COMPLETE,VOLVO,B7RLE MARK-III COMPLETE,VOLVO OTHER,VOLVO OTHER
VOLVO CE INDIA PRIVATE LIMITED,L946H,VOLVO,L946H,VOLVO OTHER,VOLVO OTHER
"""VOLVO GROUP INDIA PVT LTD""",VOLVO XC 90 D 15 2.4 L,VOLVO,XC 90 D 15 2.4 L,VOLVO XC90,VOLVO XC90
"""VOLVO GROUP INDIA PVT LTD""",VOLVO XC90D5 2.4L,VOLVO,XC90D5 2.4L,VOLVO XC90 D5,VOLVO XC90 D5
"""VOLVO GROUP INDIA PVT LTD""",FM 440,VOLVO,FM 440,VOLVO FM 440,VOLVO FM 440
"""VOLVO GROUP INDIA PVT LTD""",FM 400 6X4 T,VOLVO,FM 400 6X4 T,VOLVO FM,VOLVO FM
"""VOLVO GROUP INDIA PVT LTD""",WHEELED LOADER LG958L,VOLVO,WHEELED LOADER LG958L,VOLVO OTHER,VOLVO OTHER
"""VOLVO GROUP INDIA PVT LTD""",VOLVO XC60 2.4L BSIV,VOLVO,XC60 2.4L BSIV,VOLVO XC60,VOLVO XC60
"""VOLVO GROUP INDIA PVT LTD""",PRO 8049 H,VOLVO,PRO 8049 H,VOLVO OTHER,VOLVO OTHER
VOLVO AUTO INDIA PVT LTD,VOLVO V40 CROSS COUNTRY D3,VOLVO,V40 CROSS COUNTRY D3,VOLVO V40 D3,VOLVO V40 D3
"""VOLVO GROUP INDIA PVT LTD""",VOLVO XC 90 D5 HP 2.0L BS IV,VOLVO,XC 90 D5 HP 2.0L BS IV,VOLVO XC90 D5,VOLVO XC90 D5
VOLVO INDIA PRIVATE LIMITED,VOLVO XC60 D5 BSVI,VOLVO,XC60 D5 BSVI,VOLVO XC60 D5,VOLVO XC60 D5
"""VOLVO GROUP INDIA PVT LTD""",VOLVO FM 400 6X4,VOLVO,FM 400 6X4,VOLVO FM,VOLVO FM
VOLVO CAR CORPORATION,VOLVO XC 60 D4 (R DESIGN) BSIV,VOLVO,XC 60 D4 (R DESIGN) BSIV,VOLVO XC60,VOLVO XC60
VOLVO AUTO INDIA PVT LTD,VOVLO S60 D4,VOLVO,VOVLO S60 D4,VOLVO S60 D4,VOLVO S60 D4
VOLVO AUTO INDIA PVT LTD,VOLVO XC40 T4 BS6,VOLVO,XC40 T4 BS6,VOLVO XC40,VOLVO XC40
"""VOLVO GROUP INDIA PVT LTD""",FM9 300 8X4 TIPPER TRUCK,VOLVO,FM9 300 8X4 TIPPER TRUCK,VOLVO FM,VOLVO FM
"""VOLVO GROUP INDIA PVT LTD""",VOLVO XC60D4 BSIV,VOLVO,XC60D4 BSIV,VOLVO XC60,VOLVO XC60
"""VOLVO GROUP INDIA PVT LTD""",VOLVO S 60.2.0,VOLVO,S60.2.0,VOLVO S60,VOLVO S60
"""VOLVO GROUP INDIA PVT LTD""",FM460(6X4T PULLER BSIV ISHIFT,VOLVO,FM460(6X4T PULLER BSIV ISHIFT,VOLVO FM,VOLVO FM
"""VOLVO GROUP INDIA PVT LTD""",GRADER G930,VOLVO,GRADER G930,VOLVO OTHER,VOLVO OTHER
VOLVO CAR CORPORATION,VOLVO XC90 T8 (PLUG IN HYBRID),VOLVO,XC90 T8 (PLUG IN HYBRID),VOLVO XC90 RECHARGE,VOLVO XC90 RECHARGE
"""VOLVO GROUP INDIA PVT LTD""",VOLVO S 60D5,VOLVO,S60D5,VOLVO S60 D5,VOLVO S60 D5
"""VOLVO GROUP INDIA PVT LTD""",VOLVO XC60 D4 K BS4,VOLVO,XC60 D4 K BS4,VOLVO XC60,VOLVO XC60
VOLVO CE INDIA PRIVATE LIMITED,L933H,VOLVO,L933H,VOLVO OTHER,VOLVO OTHER
"""VOLVO GROUP INDIA PVT LTD""",VOLVO FM9 340X4,VOLVO,FM9 340X4,VOLVO FM,VOLVO FM
VOLVO BUSES INDIA PVT LTD,VOLVO 9400 B11R 6X2-47S CS+LH-MT,VOLVO,9400 B11R 6X2-47S CS+LH-MT,VOLVO 9400,VOLVO 9400
"""VOLVO GROUP INDIA PVT LTD""",VOLVO XC 60 D5,VOLVO,XC 60 D5,VOLVO XC60 D5,VOLVO XC60 D5
"""VOLVO GROUP INDIA PVT LTD""",VOLVO 9400 B7R 4X2 MARK III,VOLVO,9400 B7R 4X2 MARK III,VOLVO 9400 B7R,VOLVO 9400 B7R
"""VOLVO GROUP INDIA PVT LTD""",VOLVO 9400 B7R BS III,VOLVO,9400 B7R BS III,VOLVO 9400 B7R,VOLVO 9400 B7R
"""VOLVO GROUP INDIA PVT LTD""",VOLVO 9400 B8R 4X2 BSIV,VOLVO,9400 B8R 4X2 BSIV,VOLVO 9400,VOLVO 9400
"""VOLVO GROUP INDIA PVT LTD""",VOLVO S-60 D4 2.0L,VOLVO,S-60 D4 2.0L,VOLVO OTHER,VOLVO OTHER
"""VOLVO GROUP INDIA PVT LTD""","""VOLVO GROUP INDIA PVT LTD"", VOLVO SD 110 COMPACTOR",VOLVO,"GROUP INDIA PVT LTD, SD 110 COMPACTOR",VOLVO OTHER,VOLVO OTHER
"""VOLVO GROUP INDIA PVT LTD""",VOLVO BUS B7R,VOLVO,BUS B7R,VOLVO OTHER,VOLVO OTHER
"""VOLVO GROUP INDIA PVT LTD""",VOLVO V40 03,VOLVO,V40 03,VOLVO V40,VOLVO V40
"""VOLVO GROUP INDIA PVT LTD""",TIPPER,VOLVO,TIPPER,VOLVO OTHER,VOLVO OTHER
VOLVO CAR CORPORATION,VOLVO-XC60-D5-BSIV,VOLVO,VOLVO-XC60-D5-BSIV,VOLVO XC60 D5,VOLVO XC60 D5
VOLVO CE INDIA PRIVATE LIMITED,SD110C,VOLVO,SD110C,VOLVO OTHER,VOLVO OTHER
"""VOLVO GROUP INDIA PVT LTD""",VOLVO XC60D4 2.0 LITRE,VOLVO,XC60D4 2.0 LITRE,VOLVO XC60,VOLVO XC60
"""VOLVO GROUP INDIA PVT LTD""",FH 520 6*4,VOLVO,FH 520 6*4,VOLVO FH 520,VOLVO FH 520
"""VOLVO GROUP INDIA PVT LTD""","VOLVO XC 40 D4 R Design, BS IV",VOLVO,"XC 40 D4 R DESIGN, BS IV",VOLVO OTHER,VOLVO OTHER
"""VOLVO GROUP INDIA PVT LTD""",FM 400 8X4 R BSIII,VOLVO,FM 400 8X4 R BSIII,VOLVO FM,VOLVO FM
"""VOLVO GROUP INDIA PVT LTD""",VOLVO S 60,VOLVO,S60,VOLVO S60,VOLVO S60
"""VOLVO GROUP INDIA PVT LTD""",VOLVO S60 D3,VOLVO,S60 D3,VOLVO S60,VOLVO S60
VOLVO AUTO INDIA PVT LTD,VOLVO V90 CC D5,VOLVO,V90 CC D5,VOLVO OTHER,VOLVO OTHER
"""VOLVO GROUP INDIA PVT LTD""",FH 520 64,VOLVO,FH 520 64,VOLVO FH 520,VOLVO FH 520
"""VOLVO GROUP INDIA PVT LTD""",VOLVO S60 D4  2.0 L AUTOMATIC,VOLVO,S60 D4  2.0 L AUTOMATIC,VOLVO S60 D4,VOLVO S60 D4
"""VOLVO GROUP INDIA PVT LTD""",VOLVO S 80 D5,VOLVO,S80 D5,VOLVO OTHER,VOLVO OTHER
"""VOLVO GROUP INDIA PVT LTD""",VOLVO XC 90D5,VOLVO,XC 90D5,VOLVO OTHER,VOLVO OTHER
"""VOLVO GROUP INDIA PVT LTD""",VOLVO XC60 2.0L,VOLVO,XC60 2.0L,VOLVO XC60,VOLVO XC60
"""VOLVO GROUP INDIA PVT LTD""",VOLVO FM 500 (6X4) T PULLER,VOLVO,FM 500 (6X4) T PULLER,VOLVO FM,VOLVO FM
"""VOLVO GROUP INDIA PVT LTD""",VOLVO XC 90 D5 CODE 30,VOLVO,XC 90 D5 CODE 30,VOLVO XC90 D5,VOLVO XC90 D5
VOLVO CAR CORPORATION,VOLVO S80 D5 BSIV,VOLVO,S80 D5 BSIV,VOLVO OTHER,VOLVO OTHER
"""VOLVO GROUP INDIA PVT LTD""",FH 520 6X4,VOLVO,FH 520 6X4,VOLVO FH 520,VOLVO FH 520
"""VOLVO GROUP INDIA PVT LTD""",VOLVO XC60 D4 2.OL,VOLVO,XC60 D4 2.OL,VOLVO XC60,VOLVO XC60
"""VOLVO GROUP INDIA PVT LTD""",VOLVO FMX460 8X4 43RTP H1 20.3,VOLVO,FMX460 8X4 43RTP H1 20.3,VOLVO FMX 460,VOLVO FMX 460
"""VOLVO GROUP INDIA PVT LTD""",VOLVO V40 CC 2.0,VOLVO,V40 CC 2.0,VOLVO V40,VOLVO V40
"""VOLVO GROUP INDIA PVT LTD""",XC60VED4 MP 2.0L 181/400,VOLVO,XC60VED4 MP 2.0L 181/400,VOLVO XC60,VOLVO XC60
VOLVO CAR CORPORATION,VOLVO S60 D5 BSIV,VOLVO,S60 D5 BSIV,VOLVO S60 D5,VOLVO S60 D5
"""VOLVO GROUP INDIA PVT LTD""",FM 400 6*4 TRACTOR (HD),VOLVO,FM 400 6*4 TRACTOR (HD),VOLVO FM,VOLVO FM
"""VOLVO GROUP INDIA PVT LTD""",S60 D4 SUMMUM CBU,VOLVO,S60 D4 SUMMUM CBU,VOLVO S60 D4,VOLVO S60 D4
"""VOLVO GROUP INDIA PVT LTD""",VOLVO V40 D3,VOLVO,V40 D3,VOLVO V40 D3,VOLVO V40 D3
"""VOLVO GROUP INDIA PVT LTD""",VOLVO B7R 4X2,VOLVO,B7R 4X2,VOLVO OTHER,VOLVO OTHER
"""VOLVO GROUP INDIA PVT LTD""",VOLKSWAGEN,VOLVO,VOLKSWAGEN,VOLVO OTHER,VOLVO OTHER
VOLVO INDIA LTD.,VOLVO V90,VOLVO,V90,VOLVO OTHER,VOLVO OTHER
"""VOLVO GROUP INDIA PVT LTD""",V 40 CROSS COUNTRY D3 BSIV,VOLVO,V40 CROSS COUNTRY D3 BSIV,VOLVO V40 D3,VOLVO V40 D3
"""VOLVO GROUP INDIA PVT LTD""",V 40 CROSS COUNTRY  D3,VOLVO,V40 CROSS COUNTRY  D3,VOLVO V40 D3,VOLVO V40 D3
Volvo Buses India Pvt Ltd,VOLVO 9400 B8R 4X2,VOLVO,9400 B8R 4X2,VOLVO 9400,VOLVO 9400
"""VOLVO GROUP INDIA PVT LTD""",VOLVO S60 D5,VOLVO,S60 D5,VOLVO S60 D5,VOLVO S60 D5
"""VOLVO GROUP INDIA PVT LTD""",FM460(6X4)T PULLER BSIV ISHIFT,VOLVO,FM460(6X4)T PULLER BSIV ISHIFT,VOLVO FM,VOLVO FM
VOLVO AUTO INDIA PVT LTD,VOLVO FM 400,VOLVO,FM 400,VOLVO FM,VOLVO FM
"""VOLVO GROUP INDIA PVT LTD""",FM 400 6X4,VOLVO,FM 400 6X4,VOLVO FM,VOLVO FM
VOLVO AUTO INDIA PVT LTD,XC90 T8(PLUG IN HYBRID (4S,VOLVO,XC90 T8(PLUG IN HYBRID (4S,VOLVO XC90 RECHARGE,VOLVO XC90 RECHARGE
VOLVO INDIA PRIVATE LIMITED,FMX 440 8X4 R_43  BSIII,VOLVO,FMX 440 8X4 R_43  BSIII,VOLVO FMX,VOLVO FMX
"""VOLVO GROUP INDIA PVT LTD""",VOLVO 9400 BUS B7R MARK III,VOLVO,9400 BUS B7R MARK III,VOLVO 9400 B7R,VOLVO 9400 B7R
"""VOLVO GROUP INDIA PVT LTD""",FM12 380,VOLVO,FM12 380,VOLVO FM,VOLVO FM
"""VOLVO GROUP INDIA PVT LTD""",VOLVO XC90 T8(PLUG IN HYBRID) ,VOLVO,XC90 T8(PLUG IN HYBRID),VOLVO XC90 RECHARGE,VOLVO XC90 RECHARGE
"""VOLVO GROUP INDIA PVT LTD""",VW VENTO 1.5 TDI,VOLVO,VW VENTO 1.5 TDI,VOLVO OTHER,VOLVO OTHER
"""VOLVO GROUP INDIA PVT LTD""",VOLVO S 80 D3 2.0L,VOLVO,S80 D3 2.0L,VOLVO OTHER,VOLVO OTHER
"""VOLVO GROUP INDIA PVT LTD""",VOLVO XC60 D 4 VEDA MP 2.0L,VOLVO,XC60 D 4 VEDA MP 2.0L,VOLVO XC60,VOLVO XC60
"""VOLVO GROUP INDIA PVT LTD""",VOLVO 9400 B7R BUS BS III,VOLVO,9400 B7R BUS BS III,VOLVO 9400 B7R,VOLVO 9400 B7R
"""VOLVO GROUP INDIA PVT LTD""",VOLVO S60 D4 BS IV,VOLVO,S60 D4 BS IV,VOLVO S60 D4,VOLVO S60 D4
"""VOLVO GROUP INDIA PVT LTD""",VOLVO 9400 B7R 4X2,VOLVO,9400 B7R 4X2,VOLVO 9400 B7R,VOLVO 9400 B7R
VOLVO AUTO INDIA PVT LTD,VOLVO XC60 B5,VOLVO,XC60 B5,VOLVO XC60 HYBRID,VOLVO XC60 HYBRID
"""VOLVO GROUP INDIA PVT LTD""",Volvo XC60 D4,VOLVO,XC60 D4,VOLVO XC60,VOLVO XC60
"""VOLVO GROUP INDIA PVT LTD""",B7R,VOLVO,B7R,VOLVO OTHER,VOLVO OTHER
"""VOLVO GROUP INDIA PVT LTD""",FMX 460 8X4 19.5 CUM,VOLVO,FMX 460 8X4 19.5 CUM,VOLVO FMX 460,VOLVO FMX 460
VOLVO AUTO INDIA PVT LTD,VOLVO C40 RECHARGE E80,VOLVO,C40 RECHARGE E80,VOLVO OTHER,VOLVO OTHER
"""VOLVO GROUP INDIA PVT LTD""","VOLVO S90 D4 Inscription, BS I",VOLVO,"S90 D4 INSCRIPTION, BS I",VOLVO S90 D4,VOLVO S90 D4
"""VOLVO GROUP INDIA PVT LTD""",VOLVO SD110BA COMPACTOR,VOLVO,SD110BA COMPACTOR,VOLVO OTHER,VOLVO OTHER
VOLVO AUTO INDIA PVT LTD,FMX4408X4R 43,VOLVO,FMX4408X4R 43,VOLVO FMX,VOLVO FMX
"""VOLVO GROUP INDIA PVT LTD""",VOLVO XC90 D5,VOLVO,XC90 D5,VOLVO XC90 D5,VOLVO XC90 D5
VOLVO CAR CORPORATION,VOLVO XC90 D5 GVW2750 BSIV,VOLVO,XC90 D5 GVW2750 BSIV,VOLVO XC90 D5,VOLVO XC90 D5
VOLVO AUTO INDIA PVT LTD,VOLVO XC90 B6,VOLVO,XC90 B6,VOLVO XC90,VOLVO XC90
"""VOLVO GROUP INDIA PVT LTD""",VOLVO XC 60 D5 SUMMUM,VOLVO,XC 60 D5 SUMMUM,VOLVO XC60 D5,VOLVO XC60 D5
"""VOLVO GROUP INDIA PVT LTD""",FM 400 64 THD,VOLVO,FM 400 64 THD,VOLVO FM,VOLVO FM
"""VOLVO GROUP INDIA PVT LTD""",VOLVO 9400 BUS BUILT ON B9R6 2,VOLVO,9400 BUS BUILT ON B9R6 2,VOLVO 9400 B9R,VOLVO 9400 B9R
"""VOLVO GROUP INDIA PVT LTD""",VOLVO XC60 D5,VOLVO,XC60 D5,VOLVO XC60 D5,VOLVO XC60 D5
"""VOLVO GROUP INDIA PVT LTD""","VOLVO XC 90 D5, BS IV",VOLVO,"XC 90 D5, BS IV",VOLVO XC90 D5,VOLVO XC90 D5
"""VOLVO GROUP INDIA PVT LTD""",VOLVO S 60 D4,VOLVO,S60 D4,VOLVO S60 D4,VOLVO S60 D4
"""VOLVO GROUP INDIA PVT LTD""",XC 90 D 5,VOLVO,XC 90 D 5,VOLVO XC90,VOLVO XC90
VOLVO CE INDIA PRIVATE LIMITED,SD 110,VOLVO,SD 110,VOLVO OTHER,VOLVO OTHER
VOLVO CAR CORPORATION,VOLVO S60-D4 CROSS-COUNTRY BSI,VOLVO,S60-D4 CROSS-COUNTRY BSI,VOLVO S60 D4,VOLVO S60 D4
"""VOLVO GROUP INDIA PVT LTD""",VOLVO XC 60 D4 BSIV,VOLVO,XC 60 D4 BSIV,VOLVO XC60,VOLVO XC60
VOLVO AUTO INDIA PVT LTD,VOLVO S60 2.0L D4,VOLVO,S60 2.0L D4,VOLVO S60 D4,VOLVO S60 D4
"""VOLVO GROUP INDIA PVT LTD""",VOLVO S 60POLESTAR AWD BSIV,VOLVO,S60POLESTAR AWD BSIV,VOLVO S60,VOLVO S60
"""VOLVO GROUP INDIA PVT LTD""",TRACTOR FM12 380 6X4,VOLVO,TRACTOR FM12 380 6X4,VOLVO FM,VOLVO FM
"""VOLVO GROUP INDIA PVT LTD""",VOLVO XC60 2.0 KINETIC D4,VOLVO,XC60 2.0 KINETIC D4,VOLVO XC60,VOLVO XC60
VOLVO CAR CORPORATION,VOLVO V40 CROSS COUNTRY D3 WB2,VOLVO,V40 CROSS COUNTRY D3 WB2,VOLVO V40 D3,VOLVO V40 D3
"""VOLVO GROUP INDIA PVT LTD""",VOLVO FH 12G-340-4X2,VOLVO,FH 12G-340-4X2,VOLVO FH,VOLVO FH
"""VOLVO GROUP INDIA PVT LTD""",VOLVO S 60 D4 Summum,VOLVO,S60 D4 SUMMUM,VOLVO S60 D4,VOLVO S60 D4
VOLVO CAR CORPORATION,VOLVO V40 D3 (R DESIGN) WB2646,VOLVO,V40 D3 (R DESIGN) WB2646,VOLVO V40 D3 R-DESIGN,VOLVO V40 D3 R-DESIGN
"""VOLVO GROUP INDIA PVT LTD""",VOLVO XC 40 BS IV,VOLVO,XC 40 BS IV,VOLVO OTHER,VOLVO OTHER
"""VOLVO GROUP INDIA PVT LTD""",VOLVO S60 D4 (R SIGN),VOLVO,S60 D4 (R SIGN),VOLVO S60 D4,VOLVO S60 D4
"""VOLVO GROUP INDIA PVT LTD""",VOLVO S 80 D5 BS IV,VOLVO,S80 D5 BS IV,VOLVO OTHER,VOLVO OTHER
"""VOLVO GROUP INDIA PVT LTD""",VOLVO S60 T6 2.0 L ,VOLVO,S60 T6 2.0 L,VOLVO S60,VOLVO S60
"""VOLVO GROUP INDIA PVT LTD""",VOLVO XC 60 D3,VOLVO,XC 60 D3,VOLVO XC60 D3,VOLVO XC60 D3
VOLVO CAR CORPORATION,V 40 CROSS COUNTRY D3 BSIV,VOLVO,V40 CROSS COUNTRY D3 BSIV,VOLVO V40 D3,VOLVO V40 D3
"""VOLVO GROUP INDIA PVT LTD""",9100 B7R 4X2 MARK III,VOLVO,9100 B7R 4X2 MARK III,VOLVO OTHER,VOLVO OTHER
"""VOLVO GROUP INDIA PVT LTD""",VOLVO XC60 D4 BSIV,VOLVO,XC60 D4 BSIV,VOLVO XC60,VOLVO XC60
"""VOLVO GROUP INDIA PVT LTD""",VOLVO S60 R DESIGN,VOLVO,S60 R DESIGN,VOLVO S60,VOLVO S60
VOLVO CAR CORPORATION,VOLVO XC 60 D3 BSIV,VOLVO,XC 60 D3 BSIV,VOLVO XC60 D3,VOLVO XC60 D3
"""VOLVO GROUP INDIA PVT LTD""",VOLVO S 60 D4 BSIV,VOLVO,S60 D4 BSIV,VOLVO S60 D4,VOLVO S60 D4
VOLVO AUTO INDIA PVT LTD,VOLVO XC40 T4,VOLVO,XC40 T4,VOLVO XC40,VOLVO XC40
"""VOLVO GROUP INDIA PVT LTD""",VOLVO XC90 T8(PLUG IN HYBRID),VOLVO,XC90 T8(PLUG IN HYBRID),VOLVO XC90 RECHARGE,VOLVO XC90 RECHARGE
"""VOLVO GROUP INDIA PVT LTD""",VOLVO S60 D5 2.4 L,VOLVO,S60 D5 2.4 L,VOLVO S60 D5,VOLVO S60 D5
VOLVO AUTO INDIA PVT LTD,VOLVO S90D4,VOLVO,S90D4,VOLVO S90 D4,VOLVO S90 D4
"""VOLVO GROUP INDIA PVT LTD""",VOLVO S60 D4 SUMMUM,VOLVO,S60 D4 SUMMUM,VOLVO S60 D4,VOLVO S60 D4
VOLVO AUTO INDIA PVT LTD,VOLVO S90 B5,VOLVO,S90 B5,VOLVO S90,VOLVO S90
VOLVO CAR CORPORATION,VOLVO S60 D4 BSIV,VOLVO,S60 D4 BSIV,VOLVO S60 D4,VOLVO S60 D4
"""VOLVO GROUP INDIA PVT LTD""",FMX 440 (8X4)R_43 ISHIFT,VOLVO,FMX 440 (8X4)R_43 ISHIFT,VOLVO FMX,VOLVO FMX
VOLVO INDIA PRIVATE LIMITED,FMX 440 8X4R_43 BSIII,VOLVO,FMX 440 8X4R_43 BSIII,VOLVO FMX,VOLVO FMX
"""VOLVO GROUP INDIA PVT LTD""",FMX 440 (8X4) R_43 ISHIFT,VOLVO,FMX 440 (8X4) R_43 ISHIFT,VOLVO FMX,VOLVO FMX
VOLVO AUTO INDIA PVT LTD,VOLVO S60 D4,VOLVO,S60 D4,VOLVO S60 D4,VOLVO S60 D4
"""VOLVO GROUP INDIA PVT LTD""",FMX440 8X4 R 43,VOLVO,FMX440 8X4 R 43,VOLVO FMX,VOLVO FMX
"""VOLVO GROUP INDIA PVT LTD""",PT220RH ROLLER,VOLVO,PT220RH ROLLER,VOLVO OTHER,VOLVO OTHER
"""VOLVO GROUP INDIA PVT LTD""",VOLVO XC90D5 2.4 BS IV,VOLVO,XC90D5 2.4 BS IV,VOLVO XC90 D5,VOLVO XC90 D5
"""VOLVO GROUP INDIA PVT LTD""",S 60 D4 SUMMUM (CBU),VOLVO,S60 D4 SUMMUM (CBU),VOLVO S60 D4,VOLVO S60 D4
"""VOLVO GROUP INDIA PVT LTD""",XC60 D5,VOLVO,XC60 D5,VOLVO XC60 D5,VOLVO XC60 D5
"""VOLVO GROUP INDIA PVT LTD""",V40  D3,VOLVO,V40  D3,VOLVO V40 D3,VOLVO V40 D3
"""VOLVO GROUP INDIA PVT LTD""",VOLVO XC60 D4,VOLVO,XC60 D4,VOLVO XC60,VOLVO XC60
"""VOLVO GROUP INDIA PVT LTD""",VOLVO 9400 BUS BUI B7R MA III,VOLVO,9400 BUS BUI B7R MA III,VOLVO 9400 B7R,VOLVO 9400 B7R
"""VOLVO GROUP INDIA PVT LTD""",VOLVO XC90 D5 2.4L,VOLVO,XC90 D5 2.4L,VOLVO XC90 D5,VOLVO XC90 D5
VOLVO AUTO INDIA PVT LTD,VOLVO V90 CC D5 M1 BS4,VOLVO,V90 CC D5 M1 BS4,VOLVO OTHER,VOLVO OTHER
VOLVO AUTO INDIA PVT LTD,FMX 440,VOLVO,FMX 440,VOLVO FMX,VOLVO FMX
"""VOLVO GROUP INDIA PVT LTD""","VOLVO XC 60-D5, BS IV",VOLVO,"XC 60-D5, BS IV",VOLVO XC60 D5,VOLVO XC60 D5
VOLVO CE INDIA PRIVATE LIMITED,L946,VOLVO,L946,VOLVO OTHER,VOLVO OTHER
"""VOLVO GROUP INDIA PVT LTD""",VOLVO 9400 BTR BS-III,VOLVO,9400 BTR BS-III,VOLVO 9400,VOLVO 9400
VOLVO CAR CORPORATION,VOLVO XC 60  D5 BSIV,VOLVO,XC 60  D5 BSIV,VOLVO XC60 D5,VOLVO XC60 D5
"""VOLVO GROUP INDIA PVT LTD""",VOLVO XC60 D4 BS IV,VOLVO,XC60 D4 BS IV,VOLVO XC60,VOLVO XC60
"""VOLVO GROUP INDIA PVT LTD""",VOLVO FM12 380,VOLVO,FM12 380,VOLVO FM,VOLVO FM
VOLVO CE INDIA PRIVATE LIMITED,DD90C,VOLVO,DD90C,VOLVO OTHER,VOLVO OTHER
"""VOLVO GROUP INDIA PVT LTD""",VOLVO S60 D5 S,VOLVO,S60 D5 S,VOLVO S60 D5,VOLVO S60 D5
VOLVO AUTO INDIA PVT LTD,VOLVO V40 D3,VOLVO,V40 D3,VOLVO V40 D3,VOLVO V40 D3
VOLVO CE INDIA PRIVATE LIMITED,SD110BA,VOLVO,SD110BA,VOLVO OTHER,VOLVO OTHER
"""VOLVO GROUP INDIA PVT LTD""",VOLVO S60 D5  2.4 L AUTOMATIC,VOLVO,S60 D5  2.4 L AUTOMATIC,VOLVO S60 D5,VOLVO S60 D5
"""VOLVO GROUP INDIA PVT LTD""",VOLVO S80 D5 2.4 LITRE,VOLVO,S80 D5 2.4 LITRE,VOLVO OTHER,VOLVO OTHER
VOLVO INDIA PRIVATE LIMITED,FMX 440 8X4R_46 BSIII,VOLVO,FMX 440 8X4R_46 BSIII,VOLVO FMX,VOLVO FMX
"""VOLVO GROUP INDIA PVT LTD""",FM 12 380,VOLVO,FM 12 380,VOLVO FM,VOLVO FM
"""VOLVO GROUP INDIA PVT LTD""",VOLVO S 60  BS IV,VOLVO,S60  BS IV,VOLVO S60,VOLVO S60
VOLVO AUTO INDIA PVT LTD,VOLVO S60 2.0 L D4,VOLVO,S60 2.0 L D4,VOLVO S60 D4,VOLVO S60 D4
"""VOLVO GROUP INDIA PVT LTD""",VOLVO FM 420 4X2 35 T,VOLVO,FM 420 4X2 35 T,VOLVO FM,VOLVO FM
"""VOLVO GROUP INDIA PVT LTD""",VOLVO V40 CROSS COU D3,VOLVO,V40 CROSS COU D3,VOLVO V40 D3,VOLVO V40 D3
VOLVO AUTO INDIA PVT LTD,VOLVO S60 D4 CROSS COUNTRY,VOLVO,S60 D4 CROSS COUNTRY,VOLVO S60 D4,VOLVO S60 D4
"""VOLVO GROUP INDIA PVT LTD""",VOLVO XC60 D5 BS6,VOLVO,XC60 D5 BS6,VOLVO XC60 D5,VOLVO XC60 D5
"""VOLVO GROUP INDIA PVT LTD""",S60D3KINETIC(CBU)BS4,VOLVO,S60D3KINETIC(CBU)BS4,VOLVO S60,VOLVO S60
"""VOLVO GROUP INDIA PVT LTD""",TRACTOR TRAILOR,VOLVO,TRACTOR TRAILOR,VOLVO OTHER,VOLVO OTHER
VOLVO CE INDIA PRIVATE LIMITED,G9138,VOLVO,G9138,VOLVO OTHER,VOLVO OTHER
"""VOLVO GROUP INDIA PVT LTD""",VOLVO XC 60 D4 SUMMUM,VOLVO,XC 60 D4 SUMMUM,VOLVO XC60 SUMMUM,VOLVO XC60 SUMMUM
VOLVO INDIA PRIVATE LIMITED,FMX 440 8X4 R_43 BSIII,VOLVO,FMX 440 8X4 R_43 BSIII,VOLVO FMX,VOLVO FMX
"""VOLVO GROUP INDIA PVT LTD""",VOLVO S90 D4 BSIV,VOLVO,S90 D4 BSIV,VOLVO S90 D4,VOLVO S90 D4
"""VOLVO GROUP INDIA PVT LTD""",VOLVO B7R,VOLVO,B7R,VOLVO OTHER,VOLVO OTHER
VOLVO AUTO INDIA PVT LTD,VOLVO XC90 D5,VOLVO,XC90 D5,VOLVO XC90 D5,VOLVO XC90 D5
"""VOLVO GROUP INDIA PVT LTD""",V40 CROSS COUNTRY D3,VOLVO,V40 CROSS COUNTRY D3,VOLVO V40 D3,VOLVO V40 D3
VOLVO AUTO INDIA PVT LTD,VOLVO XC60 D4,VOLVO,XC60 D4,VOLVO XC60,VOLVO XC60
"""VOLVO GROUP INDIA PVT LTD""",VOLVO V40 CROSS COUNTRY D3,VOLVO,V40 CROSS COUNTRY D3,VOLVO V40 D3,VOLVO V40 D3
VOLVO CAR CORPORATION,VOLVO V40 D3 WB2646 BSIV,VOLVO,V40 D3 WB2646 BSIV,VOLVO V40 D3,VOLVO V40 D3
"""VOLVO GROUP INDIA PVT LTD""",VOLVO 9400BUS,VOLVO,9400BUS,VOLVO 9400,VOLVO 9400
"""VOLVO GROUP INDIA PVT LTD""",,VOLVO,,VOLVO OTHER,VOLVO OTHER
"""VOLVO GROUP INDIA PVT LTD""",VOLVO S-60 D5 2.4L,VOLVO,S-60 D5 2.4L,VOLVO OTHER,VOLVO OTHER
"""VOLVO GROUP INDIA PVT LTD""",SD 110,VOLVO,SD 110,VOLVO OTHER,VOLVO OTHER
"""VOLVO GROUP INDIA PVT LTD""",EICHER PRO8031TL20CSLPCTIBBS,VOLVO,EICHER PRO8031TL20CSLPCTIBBS,VOLVO OTHER,VOLVO OTHER
VOLVO CAR CORPORATION,VOLVO-S60-D4 BSIV,VOLVO,VOLVO-S60-D4 BSIV,VOLVO S60 D4,VOLVO S60 D4
VOLVO CAR CORPORATION,VOLVO S60 D3 BSIV,VOLVO,S60 D3 BSIV,VOLVO S60,VOLVO S60
VOLVO AUTO INDIA PVT LTD,"VOLVO AUTO INDIA PVT LTD, VOLVO XC40 RECHARGE P8",VOLVO,"AUTO INDIA PVT LTD, XC40 RECHARGE P8",VOLVO XC40 RECHARGE,VOLVO XC40 RECHARGE
VOLVO CAR CORPORATION,VOLVO XC 60 D4 BSIV,VOLVO,XC 60 D4 BSIV,VOLVO XC60,VOLVO XC60
"""VOLVO GROUP INDIA PVT LTD""",FH 520 6X4 T,VOLVO,FH 520 6X4 T,VOLVO FH 520,VOLVO FH 520
"""VOLVO GROUP INDIA PVT LTD""",FMX440 8X4 R-43 WITH LOAD BODY,VOLVO,FMX440 8X4 R-43 WITH LOAD BODY,VOLVO FMX,VOLVO FMX
"""VOLVO GROUP INDIA PVT LTD""",FM400,VOLVO,FM400,VOLVO FM,VOLVO FM
"""VOLVO GROUP INDIA PVT LTD""","VOLVO S,60,D4SUMMUM",VOLVO,"S,60,D4SUMMUM",VOLVO OTHER,VOLVO OTHER
"""VOLVO GROUP INDIA PVT LTD""",VOLVO  9400  BS-III,VOLVO,9400  BS-III,VOLVO 9400,VOLVO 9400
"""VOLVO GROUP INDIA PVT LTD""",VOLVO XC 90 D5 BS-IV,VOLVO,XC 90 D5 BS-IV,VOLVO XC90 D5,VOLVO XC90 D5
"""VOLVO GROUP INDIA PVT LTD""",VOLVO S60 D4,VOLVO,S60 D4,VOLVO S60 D4,VOLVO S60 D4
"""VOLVO GROUP INDIA PVT LTD""",VOLVO FM 400,VOLVO,FM 400,VOLVO FM,VOLVO FM
"""VOLVO GROUP INDIA PVT LTD""",VOLOVO FM 420,VOLVO,VOLVO FM 420,VOLVO FM,VOLVO FM
VOLVO CAR CORPORATION,VOLVO V90 CC D5 BSIV,VOLVO,V90 CC D5 BSIV,VOLVO OTHER,VOLVO OTHER
"""VOLVO GROUP INDIA PVT LTD""",VOLVO XC90,VOLVO,XC90,VOLVO XC90,VOLVO XC90
"""VOLVO GROUP INDIA PVT LTD""",S60 D4 KINETIC,VOLVO,S60 D4 KINETIC,VOLVO S60 D4,VOLVO S60 D4
VOLVO CE INDIA PRIVATE LIMITED,PT220,VOLVO,PT220,VOLVO OTHER,VOLVO OTHER
"""VOLVO GROUP INDIA PVT LTD""",G 9138 MOTORGRADER WITH CABIN,VOLVO,G 9138 MOTORGRADER WITH CABIN,VOLVO OTHER,VOLVO OTHER
"""VOLVO GROUP INDIA PVT LTD""",VOLVO MODEL SD 110,VOLVO,MODEL SD 110,VOLVO OTHER,VOLVO OTHER
"""VOLVO GROUP INDIA PVT LTD""",VOLVO XC 60 D5 BSIV,VOLVO,XC 60 D5 BSIV,VOLVO XC60 D5,VOLVO XC60 D5
"""VOLVO GROUP INDIA PVT LTD""",VOLVO,VOLVO,VOLVO,VOLVO OTHER,VOLVO OTHER
"""VOLVO GROUP INDIA PVT LTD""",FH 520 6*4 TRACTOR PUL,VOLVO,FH 520 6*4 TRACTOR PUL,VOLVO FH 520,VOLVO FH 520
"""VOLVO GROUP INDIA PVT LTD""",VOLVO XC 60 D5 IMPORTED MODEL,VOLVO,XC 60 D5 IMPORTED MODEL,VOLVO XC60 D5,VOLVO XC60 D5
"""VOLVO GROUP INDIA PVT LTD""",WHEEL LOADER L120F,VOLVO,WHEEL LOADER L120F,VOLVO OTHER,VOLVO OTHER
VOLVO CAR CORPORATION,VOLVOXC40 D4 BSIV,VOLVO,VOLVOXC40 D4 BSIV,VOLVO XC40,VOLVO XC40
"""VOLVO GROUP INDIA PVT LTD""",VOLVO FM-400,VOLVO,FM-400,VOLVO FM,VOLVO FM
"""VOLVO GROUP INDIA PVT LTD""",FMX 440 8X4,VOLVO,FMX 440 8X4,VOLVO FMX,VOLVO FMX
"""VOLVO GROUP INDIA PVT LTD""",VOLVO 9400 B7R BS-III,VOLVO,9400 B7R BS-III,VOLVO 9400 B7R,VOLVO 9400 B7R
"""VOLVO GROUP INDIA PVT LTD""",VOLVO S60 T6,VOLVO,S60 T6,VOLVO S60,VOLVO S60
"""VOLVO GROUP INDIA PVT LTD""",VOLVO 9400 B11R 1 SHIFT BSIII,VOLVO,9400 B11R 1 SHIFT BSIII,VOLVO 9400,VOLVO 9400
"""VOLVO GROUP INDIA PVT LTD""",XC 60 D5 2.4,VOLVO,XC 60 D5 2.4,VOLVO XC60 D5,VOLVO XC60 D5
"""VOLVO GROUP INDIA PVT LTD""",B7R MARK BSIII,VOLVO,B7R MARK BSIII,VOLVO OTHER,VOLVO OTHER
"""VOLVO GROUP INDIA PVT LTD""",VOLVO S90 D4 2.0 L,VOLVO,S90 D4 2.0 L,VOLVO S90 D4,VOLVO S90 D4
VOLVO AUTO INDIA PVT LTD,VOLVO S90 D4 BS6,VOLVO,S90 D4 BS6,VOLVO S90 D4,VOLVO S90 D4
"""VOLVO GROUP INDIA PVT LTD""",VOLVO S60 2.0 L D4,VOLVO,S60 2.0 L D4,VOLVO S60 D4,VOLVO S60 D4
"""VOLVO GROUP INDIA PVT LTD""",VOLVO 9400 B11R 6X2 14.5M BSIV,VOLVO,9400 B11R 6X2 14.5M BSIV,VOLVO 9400,VOLVO 9400
"""VOLVO GROUP INDIA PVT LTD""",VOLVO XC60 D3 2.0 L BS IV,VOLVO,XC60 D3 2.0 L BS IV,VOLVO XC60 D3,VOLVO XC60 D3
VOLVO AUTO INDIA PVT LTD,VOLVO XC 90 D5 2.0L,VOLVO,XC 90 D5 2.0L,VOLVO XC90 D5,VOLVO XC90 D5
"""VOLVO GROUP INDIA PVT LTD""",VOLVO V40,VOLVO,V40,VOLVO V40,VOLVO V40
VOLVO INDIA PRIVATE LIMITED,EICHER PRO 8025T H 16CUMSLPCAB  ROCK BODY BSIII,VOLVO,EICHER PRO 8025T H 16CUMSLPCAB  ROCK BODY BSIII,VOLVO OTHER,VOLVO OTHER
"""VOLVO GROUP INDIA PVT LTD""",VOLVO S 60 D5 5 SEATER BS IV,VOLVO,S60 D5 5 SEATER BS IV,VOLVO S60 D5,VOLVO S60 D5
VOLVO AUTO INDIA PVT LTD,VOLVO S60 D4 M1 BS4,VOLVO,S60 D4 M1 BS4,VOLVO S60 D4,VOLVO S60 D4
"""VOLVO GROUP INDIA PVT LTD""",V40 D3,VOLVO,V40 D3,VOLVO V40 D3,VOLVO V40 D3
"""VOLVO GROUP INDIA PVT LTD""",VOLVO S60 D5 5 SEATER BS IV,VOLVO,S60 D5 5 SEATER BS IV,VOLVO S60 D5,VOLVO S60 D5
"""VOLVO GROUP INDIA PVT LTD""",S60 D4 BSIV,VOLVO,S60 D4 BSIV,VOLVO S60 D4,VOLVO S60 D4
VOLVO AUTO INDIA PVT LTD,VOLVO XC 90 - T8,VOLVO,XC 90 - T8,VOLVO XC90 RECHARGE,VOLVO XC90 RECHARGE
VOLVO AUTO INDIA PVT LTD,VOLVO XC40 RECHARGE TWIN MOTOR,VOLVO,XC40 RECHARGE TWIN MOTOR,VOLVO XC40 RECHARGE,VOLVO XC40 RECHARGE
"""VOLVO GROUP INDIA PVT LTD""",VOLVO 9400 B9R 6X2,VOLVO,9400 B9R 6X2,VOLVO 9400 B9R,VOLVO 9400 B9R
VOLVO AUTO INDIA PVT LTD,VOLVO V90CC D5,VOLVO,V90CC D5,VOLVO OTHER,VOLVO OTHER
"""VOLVO GROUP INDIA PVT LTD""",VOLVO 9400 B9R,VOLVO,9400 B9R,VOLVO 9400 B9R,VOLVO 9400 B9R
VOLVO CAR CORPORATION,VOLVO-XC-90-D5 BSIV,VOLVO,VOLVO-XC-90-D5 BSIV,VOLVO OTHER,VOLVO OTHER
"""VOLVO GROUP INDIA PVT LTD""",VOLVO V40 CROSS COUNTRY T4,VOLVO,V40 CROSS COUNTRY T4,VOLVO V40,VOLVO V40
"""VOLVO GROUP INDIA PVT LTD""",VOLVO S60 2.0 L D4 MOMENTUM,VOLVO,S60 2.0 L D4 MOMENTUM,VOLVO S60 D4,VOLVO S60 D4
"""VOLVO GROUP INDIA PVT LTD""",787251010 PRO 8031 T,VOLVO,787251010 PRO 8031 T,VOLVO OTHER,VOLVO OTHER
"""VOLVO GROUP INDIA PVT LTD""",VOLVO BUS B7R MARK III,VOLVO,BUS B7R MARK III,VOLVO OTHER,VOLVO OTHER
"""VOLVO GROUP INDIA PVT LTD""",VOLVO S60 D5 BS4,VOLVO,S60 D5 BS4,VOLVO S60 D5,VOLVO S60 D5
"""VOLVO GROUP INDIA PVT LTD""",FMX460,VOLVO,FMX460,VOLVO FMX 460,VOLVO FMX 460
"""VOLVO GROUP INDIA PVT LTD""",VOLVO S 60 D5 BSIII,VOLVO,S60 D5 BSIII,VOLVO S60 D5,VOLVO S60 D5
VOLVO AUTO INDIA PVT LTD,VOLVO XC40,VOLVO,XC40,VOLVO XC40,VOLVO XC40
"""VOLVO GROUP INDIA PVT LTD""",VOLVO XC 90,VOLVO,XC 90,VOLVO XC90,VOLVO XC90
"""VOLVO GROUP INDIA PVT LTD""","VOLVO 8400 BUS, BS-III",VOLVO,"8400 BUS, BS-III",VOLVO OTHER,VOLVO OTHER
"""VOLVO GROUP INDIA PVT LTD""",S60 D4 SUMMUM DIESEL,VOLVO,S60 D4 SUMMUM DIESEL,VOLVO S60 D4,VOLVO S60 D4
"""VOLVO GROUP INDIA PVT LTD""",VOLVO FM420 4X2E 35T_55,VOLVO,FM420 4X2E 35T_55,VOLVO FM,VOLVO FM
VOLVO AUTO INDIA PVT LTD,VOLVO S60 POLESTAR AWD,VOLVO,S60 POLESTAR AWD,VOLVO S60,VOLVO S60
"""VOLVO GROUP INDIA PVT LTD""",FM 400 6X4 TR LTR,VOLVO,FM 400 6X4 TR LTR,VOLVO FM,VOLVO FM
"""VOLVO GROUP INDIA PVT LTD""",FM 400 6/4 TRACTOR HD BSIII,VOLVO,FM 400 6/4 TRACTOR HD BSIII,VOLVO FM,VOLVO FM
VOLVO AUTO INDIA PVT LTD,XC90 T8(PLUG IN HYBRID) (4S),VOLVO,XC90 T8(PLUG IN HYBRID) (4S),VOLVO XC90 RECHARGE,VOLVO XC90 RECHARGE
"""VOLVO GROUP INDIA PVT LTD""",TRACTOR FH12-340-6X4 AND 4X2,VOLVO,TRACTOR FH12-340-6X4 AND 4X2,VOLVO FH,VOLVO FH
"""VOLVO GROUP INDIA PVT LTD""",VOLVO S60 D4 R,VOLVO,S60 D4 R,VOLVO S60 D4,VOLVO S60 D4
"""VOLVO GROUP INDIA PVT LTD""",VOLVO XC60 2.0 L,VOLVO,XC60 2.0 L,VOLVO XC60,VOLVO XC60
VOLVO CAR CORPORATION,VOLVO S60-D4 BSIV,VOLVO,S60-D4 BSIV,VOLVO S60 D4,VOLVO S60 D4
"""VOLVO GROUP INDIA PVT LTD""",FM 400 6  4 T HD,VOLVO,FM 400 6  4 T HD,VOLVO FM,VOLVO FM
VOLVO CAR CORPORATION,VOLVO XC90 D5 CODE 30 (7 STR)B,VOLVO,XC90 D5 CODE 30 (7 STR)B,VOLVO XC90 D5,VOLVO XC90 D5
"""VOLVO GROUP INDIA PVT LTD""",VOLVO S60 D4 KINETIC,VOLVO,S60 D4 KINETIC,VOLVO S60 D4,VOLVO S60 D4
"""VOLVO GROUP INDIA PVT LTD""",VOLVOCAR S 60,VOLVO,VOLVOS60,VOLVO S60,VOLVO S60
"""VOLVO GROUP INDIA PVT LTD""",FH 520 6X4 TRACTOR PULLER,VOLVO,FH 520 6X4 TRACTOR PULLER,VOLVO FH 520,VOLVO FH 520
"""VOLVO GROUP INDIA PVT LTD""",POLO HIGHLINE 1.2,VOLVO,POLO HIGHLINE 1.2,VOLVO OTHER,VOLVO OTHER
"""VOLVO GROUP INDIA PVT LTD""","FMX 460 8X4,43WB 20.3 CUM HYVA",VOLVO,"FMX 460 8X4,43WB 20.3 CUM HYVA",VOLVO FMX 460,VOLVO FMX 460
VOLVO AUTO INDIA PVT LTD,VOLVO XC90 MOMEMTUM,VOLVO,XC90 MOMEMTUM,VOLVO XC90,VOLVO XC90
"""VOLVO GROUP INDIA PVT LTD""",FM 400 6X4 HEAVY DUTY TRACTOR,VOLVO,FM 400 6X4 HEAVY DUTY TRACTOR,VOLVO FM,VOLVO FM
VOLVO AUTO INDIA PVT LTD,VOLVO XC90 T8 TWEN,VOLVO,XC90 T8 TWEN,VOLVO XC90 RECHARGE,VOLVO XC90 RECHARGE
"""VOLVO GROUP INDIA PVT LTD""",VOLVO V 40 D3,VOLVO,V40 D3,VOLVO V40 D3,VOLVO V40 D3
"""VOLVO GROUP INDIA PVT LTD""",VOLVO XC90 D5 GVW2750 BSIV,VOLVO,XC90 D5 GVW2750 BSIV,VOLVO XC90 D5,VOLVO XC90 D5
"""VOLVO GROUP INDIA PVT LTD""",VOLVO  9400 BS-III,VOLVO,9400 BS-III,VOLVO 9400,VOLVO 9400
"""VOLVO GROUP INDIA PVT LTD""","VOLVO S 60 D4, BS IV",VOLVO,"S60 D4, BS IV",VOLVO S60 D4,VOLVO S60 D4
"""VOLVO GROUP INDIA PVT LTD""",FMX 440,VOLVO,FMX 440,VOLVO FMX,VOLVO FMX
"""VOLVO GROUP INDIA PVT LTD""",PULLER,VOLVO,PULLER,VOLVO OTHER,VOLVO OTHER
"""VOLVO GROUP INDIA PVT LTD""",XC90 D5,VOLVO,XC90 D5,VOLVO XC90 D5,VOLVO XC90 D5
"""VOLVO GROUP INDIA PVT LTD""",VOLVO S60 D5 BSIV,VOLVO,S60 D5 BSIV,VOLVO S60 D5,VOLVO S60 D5
"""VOLVO GROUP INDIA PVT LTD""",VOLVO 9400 B11R 6X2 13.8M BSIV,VOLVO,9400 B11R 6X2 13.8M BSIV,VOLVO 9400,VOLVO 9400
"""VOLVO GROUP INDIA PVT LTD""","VOLVO XC 60-D5 Inscription, BS",VOLVO,"XC 60-D5 INSCRIPTION, BS",VOLVO XC60 D5,VOLVO XC60 D5
VOLVO AUTO INDIA PVT LTD,VOLVO XC60D5,VOLVO,XC60D5,VOLVO XC60,VOLVO XC60
"""VOLVO GROUP INDIA PVT LTD""",VOLVO SD 110,VOLVO,SD 110,VOLVO OTHER,VOLVO OTHER
"""VOLVO GROUP INDIA PVT LTD""",VOLVO XC60 D4 AUTOMA,VOLVO,XC60 D4 AUTOMA,VOLVO XC60,VOLVO XC60
"""VOLVO GROUP INDIA PVT LTD""",VOLVO XC 40 R,VOLVO,XC 40 R,VOLVO OTHER,VOLVO OTHER
"""VOLVO GROUP INDIA PVT LTD""",VOLVO FH 520,VOLVO,FH 520,VOLVO FH 520,VOLVO FH 520
"""VOLVO GROUP INDIA PVT LTD""",FH 520 PULLER,VOLVO,FH 520 PULLER,VOLVO FH 520,VOLVO FH 520
VOLVO INDIA PRIVATE LIMITED,VOLVO XC 60 B5 BSVI,VOLVO,XC 60 B5 BSVI,VOLVO XC60 HYBRID,VOLVO XC60 HYBRID
M/S VOLVO GROUP INDIA PRIVATE LIMITED,VOLVO FMX 460 8X4E 43 R TP H20,VOLVO,FMX 460 8X4E 43 R TP H20,VOLVO FMX 460,VOLVO FMX 460
"""VOLVO GROUP INDIA PVT LTD""",S60 2.0 L D4 SUMMUM MOMENTUM,VOLVO,S60 2.0 L D4 SUMMUM MOMENTUM,VOLVO S60 D4,VOLVO S60 D4
VOLVO AUTO INDIA PVT LTD,VOLVO XC40 D4 M1 BS4,VOLVO,XC40 D4 M1 BS4,VOLVO XC40,VOLVO XC40
"""VOLVO GROUP INDIA PVT LTD""",VOLVO FM500 6X4E 34 R PULLER,VOLVO,FM500 6X4E 34 R PULLER,VOLVO FM,VOLVO FM
"""VOLVO GROUP INDIA PVT LTD""",VOLVO S60 D4 ,VOLVO,S60 D4,VOLVO S60 D4,VOLVO S60 D4
"""VOLVO GROUP INDIA PVT LTD""",VOLVO 9100 B7 4X2 BSIII,VOLVO,9100 B7 4X2 BSIII,VOLVO OTHER,VOLVO OTHER
"""VOLVO GROUP INDIA PVT LTD""",VOLVO S 600 D4,VOLVO,S600 D4,VOLVO S60 D4,VOLVO S60 D4
"""VOLVO GROUP INDIA PVT LTD""",OTHERS,VOLVO,OTHERS,VOLVO OTHER,VOLVO OTHER
"""VOLVO GROUP INDIA PVT LTD""",VOLVO XC 90 D5 BS4,VOLVO,XC 90 D5 BS4,VOLVO XC90 D5,VOLVO XC90 D5
"""VOLVO GROUP INDIA PVT LTD""",VOLVO XC90 D5 WITH 7 SEATER,VOLVO,XC90 D5 WITH 7 SEATER,VOLVO XC90 D5,VOLVO XC90 D5
"""VOLVO GROUP INDIA PVT LTD""",FM 400 64 TRACTOR HD,VOLVO,FM 400 64 TRACTOR HD,VOLVO FM,VOLVO FM
"""VOLVO GROUP INDIA PVT LTD""",VOLVO S80 D5,VOLVO,S80 D5,VOLVO OTHER,VOLVO OTHER
VOLVO CAR CORPORATION,VOLVOXC40 D4 R DESIGN BSIV,VOLVO,VOLVOXC40 D4 R DESIGN BSIV,VOLVO XC40,VOLVO XC40
"""VOLVO GROUP INDIA PVT LTD""",VOLVO S90 D4,VOLVO,S90 D4,VOLVO S90 D4,VOLVO S90 D4
VOLVO AUTO INDIA PVT LTD,VOLVO XC90 D5 INSCRIPTION,VOLVO,XC90 D5 INSCRIPTION,VOLVO XC90 D5,VOLVO XC90 D5
"""VOLVO GROUP INDIA PVT LTD""",VOLVO XC 60 D3DIESEL BS IV IMP,VOLVO,XC 60 D3DIESEL BS IV IMP,VOLVO XC60 D3,VOLVO XC60 D3
"""VOLVO GROUP INDIA PVT LTD""",VOLVO S60 D4 2.0L (AT),VOLVO,S60 D4 2.0L (AT),VOLVO S60 D4,VOLVO S60 D4
"""VOLVO GROUP INDIA PVT LTD""",VOLVO ABG4361,VOLVO,ABG4361,VOLVO OTHER,VOLVO OTHER
"""VOLVO GROUP INDIA PVT LTD""",VOLVO S60,VOLVO,S60,VOLVO S60,VOLVO S60
"""VOLVO GROUP INDIA PVT LTD""",VOLVO XC90 D5 2.0 L,VOLVO,XC90 D5 2.0 L,VOLVO XC90 D5,VOLVO XC90 D5
"""VOLVO GROUP INDIA PVT LTD""",VOLVO 9400 BUS,VOLVO,9400 BUS,VOLVO 9400,VOLVO 9400
"""VOLVO GROUP INDIA PVT LTD""","FMX 460 8X4, 56WB 33CUM HYVA",VOLVO,"FMX 460 8X4, 56WB 33CUM HYVA",VOLVO FMX 460,VOLVO FMX 460
"""VOLVO GROUP INDIA PVT LTD""",VOLVO S90,VOLVO,S90,VOLVO S90,VOLVO S90
VOLVO CAR CORPORATION,VOLVO S90 D4 BSIV,VOLVO,S90 D4 BSIV,VOLVO S90 D4,VOLVO S90 D4
VOLVO AUTO INDIA PVT LTD,VOLVO S60 D5 24L,VOLVO,S60 D5 24L,VOLVO S60 D5,VOLVO S60 D5
"""VOLVO GROUP INDIA PVT LTD""",VOLVO S60 D4 BSIV,VOLVO,S60 D4 BSIV,VOLVO S60 D4,VOLVO S60 D4
"""VOLVO GROUP INDIA PVT LTD""",VOLVO BUS,VOLVO,BUS,VOLVO OTHER,VOLVO OTHER
"""VOLVO GROUP INDIA PVT LTD""",VOLVO XC60 I5 2.0L DIESEL,VOLVO,XC60 I5 2.0L DIESEL,VOLVO XC60,VOLVO XC60
"""VOLVO GROUP INDIA PVT LTD""",XC 90,VOLVO,XC 90,VOLVO XC90,VOLVO XC90
VOLVO AUTO INDIA PVT LTD,XC60 -D5,VOLVO,XC60 -D5,VOLVO XC60 D5,VOLVO XC60 D5
"""VOLVO GROUP INDIA PVT LTD""",AUDI A6 2.8,VOLVO,AUDI A6 2.8,VOLVO OTHER,VOLVO OTHER
"""VOLVO GROUP INDIA PVT LTD""",FMX 440 8X4 R 43,VOLVO,FMX 440 8X4 R 43,VOLVO FMX,VOLVO FMX
"""VOLVO GROUP INDIA PVT LTD""",VOLVO BUS B7R BS III,VOLVO,BUS B7R BS III,VOLVO OTHER,VOLVO OTHER
"""VOLVO GROUP INDIA PVT LTD""",VOLVO S 60 D3 2.0 L KINETIC,VOLVO,S60 D3 2.0 L KINETIC,VOLVO S60,VOLVO S60
"""VOLVO GROUP INDIA PVT LTD""",VOLVO XC60 D5 M1 BS4,VOLVO,XC60 D5 M1 BS4,VOLVO XC60 D5,VOLVO XC60 D5
"""VOLVO GROUP INDIA PVT LTD""",S60 D4,VOLVO,S60 D4,VOLVO S60 D4,VOLVO S60 D4
VOLVO AUTO INDIA PVT LTD,VOLVO V40 D3 R DESIGN,VOLVO,V40 D3 R DESIGN,VOLVO V40 D3 R-DESIGN,VOLVO V40 D3 R-DESIGN
"""VOLVO GROUP INDIA PVT LTD""",VOLVA FM 12.2E,VOLVO,VOLVA FM 12.2E,VOLVO FM,VOLVO FM
"""VOLVO GROUP INDIA PVT LTD""",LPT/2515/56C,VOLVO,LPT/2515/56C,VOLVO OTHER,VOLVO OTHER
VOLVO AUTO INDIA PVT LTD,VOLVO XC90 D5 2.0LIN,VOLVO,XC90 D5 2.0LIN,VOLVO XC90 D5,VOLVO XC90 D5
"""VOLVO GROUP INDIA PVT LTD""",FH 520 6 4,VOLVO,FH 520 6 4,VOLVO FH 520,VOLVO FH 520
VOLVO AUTO INDIA PVT LTD,VOLVO XC90 T8,VOLVO,XC90 T8,VOLVO XC90 RECHARGE,VOLVO XC90 RECHARGE
"""VOLVO GROUP INDIA PVT LTD""",VOLVO XC90 D 5 2.0 L,VOLVO,XC90 D 5 2.0 L,VOLVO XC90,VOLVO XC90
VOLVO INDIA PRIVATE LIMITED,FMX 460(8X4) R_43 I-SHIFT BSIV,VOLVO,FMX 460(8X4) R_43 I-SHIFT BSIV,VOLVO FMX 460,VOLVO FMX 460
VOLVO AUTO INDIA PVT LTD,VOLVO XC60 D5,VOLVO,XC60 D5,VOLVO XC60 D5,VOLVO XC60 D5
"""VOLVO GROUP INDIA PVT LTD""",FM 400 6X4 TRACTOR HD,VOLVO,FM 400 6X4 TRACTOR HD,VOLVO FM,VOLVO FM
"""VOLVO GROUP INDIA PVT LTD""",VOLVO SD 110 COMPACTOR,VOLVO,SD 110 COMPACTOR,VOLVO OTHER,VOLVO OTHER
"""VOLVO GROUP INDIA PVT LTD""",FM 400 6 X 4 -BSIII,VOLVO,FM 400 6X4 -BSIII,VOLVO FM,VOLVO FM
"""VOLVO GROUP INDIA PVT LTD""",VOLVO S 60 D3,VOLVO,S60 D3,VOLVO S60,VOLVO S60
VOLVO CAR CORPORATION,VOLVO XC90 D5,VOLVO,XC90 D5,VOLVO XC90 D5,VOLVO XC90 D5
"""VOLVO GROUP INDIA PVT LTD""",VOLVO S80,VOLVO,S80,VOLVO OTHER,VOLVO OTHER
"""VOLVO GROUP INDIA PVT LTD""",VOLVO 9400 B7R 4X2 BSIV,VOLVO,9400 B7R 4X2 BSIV,VOLVO 9400 B7R,VOLVO 9400 B7R
VOLVO AUTO INDIA PVT LTD,VOLVO XC60 D5 M1 BS4,VOLVO,XC60 D5 M1 BS4,VOLVO XC60 D5,VOLVO XC60 D5
"""VOLVO GROUP INDIA PVT LTD""",VOLVO 9400 B7R 4*2 MARK III,VOLVO,9400 B7R 4*2 MARK III,VOLVO 9400 B7R,VOLVO 9400 B7R
"""VOLVO GROUP INDIA PVT LTD""",FM 400 6*4 T HD,VOLVO,FM 400 6*4 T HD,VOLVO FM,VOLVO FM
"""VOLVO GROUP INDIA PVT LTD""",VOLVO V90 CC D5,VOLVO,V90 CC D5,VOLVO OTHER,VOLVO OTHER
VOLVO AUTO INDIA PVT LTD,VOLVO XC40 B4,VOLVO,XC40 B4,VOLVO XC40,VOLVO XC40
"""VOLVO GROUP INDIA PVT LTD""",VOVO XC 90 D5 BS4,VOLVO,VOVO XC 90 D5 BS4,VOLVO XC90 D5,VOLVO XC90 D5
"""VOLVO GROUP INDIA PVT LTD""",VALVO,VOLVO,VALVO,VOLVO OTHER,VOLVO OTHER
"""VOLVO GROUP INDIA PVT LTD""",FM 400 64 T HD,VOLVO,FM 400 64 T HD,VOLVO FM,VOLVO FM
"""VOLVO GROUP INDIA PVT LTD""",VOLVO 9400 BHARAT STAGE III,VOLVO,9400 BHARAT STAGE III,VOLVO 9400,VOLVO 9400
"""VOLVO GROUP INDIA PVT LTD""",VOLVO V40 D3 R DESIGN,VOLVO,V40 D3 R DESIGN,VOLVO V40 D3 R-DESIGN,VOLVO V40 D3 R-DESIGN
"""VOLVO GROUP INDIA PVT LTD""",FM 400 6X4 TRACTOR,VOLVO,FM 400 6X4 TRACTOR,VOLVO FM,VOLVO FM
VOLVO AUTO INDIA PVT LTD,VOLVO XC90 INSCRIPTION,VOLVO,XC90 INSCRIPTION,VOLVO XC90,VOLVO XC90
"""VOLVO GROUP INDIA PVT LTD""",FH 520,VOLVO,FH 520,VOLVO FH 520,VOLVO FH 520
"""VOLVO GROUP INDIA PVT LTD""",FMX 440 8X4R,VOLVO,FMX 440 8X4R,VOLVO FMX,VOLVO FMX
"""VOLVO GROUP INDIA PVT LTD""",XC 60D 4,VOLVO,XC 60D 4,VOLVO OTHER,VOLVO OTHER
