clean_model,extracted_model
VOLVO 9400 B7R BS-III,VOLVO 9400 B7R
9400 B9R 6X2 M3 BSIII,VOLVO 9400 B9R
XC90 D5 WITH 7 SEATER,VOLVO XC90 D5
XC60 D3,VOLVO XC60 D3
XC 60  D5 BSIV,VOLVO XC60 D5
V40 D3 2.0L,VOLVO V40 D3
9400 BUS BS-III,VOLVO 9400
XC60 D5 2.4L,VOLVO XC60 D5
V40 D3 ( R DESIGN),VOLVO V40 D3 R-DESIGN
XC 90 D5 2.0L DIESEL CBU,VOLVO XC90 D5
XC60 I5 2.0L 2T,VOLVO XC60
XC60  2.4L D5 SUMMUM,VOLVO XC60 D5
S90 D4 M1 BS4,VOLVO S90 D4
XC60 D5 SUMMUM,VOLVO XC60 D5
9400,VOLVO 9400
S60 D4 2.0L DIESEL 2T,VOLVO S60 D4
FM 4006X4T,VOLVO FM
XC60,VOLVO XC60
XC40 RECHARGE P8,VOLVO XC40 RECHARGE
S60 D5,VOLVO S60 D5
XC90 D5 BSVI,VOLVO XC90 D5
FH 520,VOLVO FH 520
AL4019,VOLVO OTHER
S60 D5 FWD,VOLVO S60 D5
XC 60D5,VOLVO XC60
XC90 D5 BS IV IMPORTED,VOLVO XC90 D5
FM 440 (6X4) T,VOLVO FM 440
XC60 B5 MILD HYBRID ULTRA,VOLVO XC60 HYBRID
FMX460 8X4E 43R TP H20.3,VOLVO FMX 460
SD110 VIBRATORY SOIL COMPACTOR,VOLVO OTHER
XC 90-D5(R DESIGN) BSIV,VOLVO XC90 D5
"XC60 D 4,VED4MP2.0L 181/400",VOLVO XC60
XC60 D4 BSIV,VOLVO XC60
LOADER L120F,VOLVO OTHER
XC 90 D5,VOLVO XC90 D5
9400B9R,VOLVO 9400 B9R
L958H,VOLVO OTHER
XC 90 D5,VOLVO XC90 D5
S60 D5 SUMMUM,VOLVO S60 D5
WHEELED LODER LG938,VOLVO OTHER
XC90 D5 CODE 30 (7 STR)B,VOLVO XC90 D5
V40 CC15 2.0L,VOLVO V40
S60 T4,VOLVO S60
XC90 B5 MILD HYBRID ULTRA,VOLVO XC90
XC 60 D4,VOLVO XC60
XC60-D5 BSIV,VOLVO XC60 D5
FM 400 6 4 TRACTOR HD,VOLVO FM
V40 CROSS COUNTRY D3 I5 2.0L,VOLVO V40 D3
TRA FH12-380-6X4&4X2,VOLVO FH
9400 BS3,VOLVO 9400
XC60 D5 2.4L,VOLVO XC60 D5
XC60 D5 BS IV,VOLVO XC60 D5
XC90 T8 PLUG HYBRID4SB,VOLVO XC90 RECHARGE
XC60 2.4 L D5 INSCRIPTION,VOLVO XC60 D5
S60 D4 CROSS COUNTRY BS4,VOLVO S60 D4
FM 400 6*4 T_HD,VOLVO FM
INTERGAL COACH,VOLVO OTHER
XC90,VOLVO XC90
XC90 D5 R DESIGN,VOLVO XC90 D5
S90 D4,VOLVO S90 D4
9400 B9R 6X2 DAC BSIII,VOLVO 9400 B9R
9400 B8R 4X2 BSIV,VOLVO 9400
XC 40 R,VOLVO OTHER
"S60 D5, 2.4 L",VOLVO S60 D5
B7RLE MARK-III COMPLETE,VOLVO OTHER
L946H,VOLVO OTHER
XC 90 D 15 2.4 L,VOLVO XC90
XC90D5 2.4L,VOLVO XC90 D5
FM 440,VOLVO FM 440
FM 400 6X4 T,VOLVO FM
WHEELED LOADER LG958L,VOLVO OTHER
XC60 2.4L BSIV,VOLVO XC60
PRO 8049 H,VOLVO OTHER
V40 CROSS COUNTRY D3,VOLVO V40 D3
XC 90 D5 HP 2.0L BS IV,VOLVO XC90 D5
XC60 D5 BSVI,VOLVO XC60 D5
FM 400 6X4,VOLVO FM
XC 60 D4 (R DESIGN) BSIV,VOLVO XC60
VOVLO S60 D4,VOLVO S60 D4
XC40 T4 BS6,VOLVO XC40
FM9 300 8X4 TIPPER TRUCK,VOLVO FM
XC60D4 BSIV,VOLVO XC60
S60.2.0,VOLVO S60
FM460(6X4T PULLER BSIV ISHIFT,VOLVO FM
GRADER G930,VOLVO OTHER
XC90 T8 (PLUG IN HYBRID),VOLVO XC90 RECHARGE
S60D5,VOLVO S60 D5
XC60 D4 K BS4,VOLVO XC60
L933H,VOLVO OTHER
FM9 340X4,VOLVO FM
9400 B11R 6X2-47S CS+LH-MT,VOLVO 9400
XC 60 D5,VOLVO XC60 D5
9400 B7R 4X2 MARK III,VOLVO 9400 B7R
9400 B7R BS III,VOLVO 9400 B7R
9400 B8R 4X2 BSIV,VOLVO 9400
S-60 D4 2.0L,VOLVO OTHER
"GROUP INDIA PVT LTD, SD 110 COMPACTOR",VOLVO OTHER
BUS B7R,VOLVO OTHER
V40 03,VOLVO V40
TIPPER,VOLVO OTHER
VOLVO-XC60-D5-BSIV,VOLVO XC60 D5
SD110C,VOLVO OTHER
XC60D4 2.0 LITRE,VOLVO XC60
FH 520 6*4,VOLVO FH 520
"XC 40 D4 R DESIGN, BS IV",VOLVO OTHER
FM 400 8X4 R BSIII,VOLVO FM
S60,VOLVO S60
S60 D3,VOLVO S60
V90 CC D5,VOLVO OTHER
FH 520 64,VOLVO FH 520
S60 D4  2.0 L AUTOMATIC,VOLVO S60 D4
S80 D5,VOLVO OTHER
XC 90D5,VOLVO OTHER
XC60 2.0L,VOLVO XC60
FM 500 (6X4) T PULLER,VOLVO FM
XC 90 D5 CODE 30,VOLVO XC90 D5
S80 D5 BSIV,VOLVO OTHER
FH 520 6X4,VOLVO FH 520
XC60 D4 2.OL,VOLVO XC60
FMX460 8X4 43RTP H1 20.3,VOLVO FMX 460
V40 CC 2.0,VOLVO V40
XC60VED4 MP 2.0L 181/400,VOLVO XC60
S60 D5 BSIV,VOLVO S60 D5
FM 400 6*4 TRACTOR (HD),VOLVO FM
S60 D4 SUMMUM CBU,VOLVO S60 D4
V40 D3,VOLVO V40 D3
B7R 4X2,VOLVO OTHER
VOLKSWAGEN,VOLVO OTHER
V90,VOLVO OTHER
V40 CROSS COUNTRY D3 BSIV,VOLVO V40 D3
V40 CROSS COUNTRY  D3,VOLVO V40 D3
9400 B8R 4X2,VOLVO 9400
S60 D5,VOLVO S60 D5
FM460(6X4)T PULLER BSIV ISHIFT,VOLVO FM
FM 400,VOLVO FM
FM 400 6X4,VOLVO FM
XC90 T8(PLUG IN HYBRID (4S,VOLVO XC90 RECHARGE
FMX 440 8X4 R_43  BSIII,VOLVO FMX
9400 BUS B7R MARK III,VOLVO 9400 B7R
FM12 380,VOLVO FM
XC90 T8(PLUG IN HYBRID),VOLVO XC90 RECHARGE
VW VENTO 1.5 TDI,VOLVO OTHER
S80 D3 2.0L,VOLVO OTHER
XC60 D 4 VEDA MP 2.0L,VOLVO XC60
9400 B7R BUS BS III,VOLVO 9400 B7R
S60 D4 BS IV,VOLVO S60 D4
9400 B7R 4X2,VOLVO 9400 B7R
XC60 B5,VOLVO XC60 HYBRID
XC60 D4,VOLVO XC60
B7R,VOLVO OTHER
FMX 460 8X4 19.5 CUM,VOLVO FMX 460
C40 RECHARGE E80,VOLVO OTHER
"S90 D4 INSCRIPTION, BS I",VOLVO S90 D4
SD110BA COMPACTOR,VOLVO OTHER
FMX4408X4R 43,VOLVO FMX
XC90 D5,VOLVO XC90 D5
XC90 D5 GVW2750 BSIV,VOLVO XC90 D5
XC90 B6,VOLVO XC90
XC 60 D5 SUMMUM,VOLVO XC60 D5
FM 400 64 THD,VOLVO FM
9400 BUS BUILT ON B9R6 2,VOLVO 9400 B9R
XC60 D5,VOLVO XC60 D5
"XC 90 D5, BS IV",VOLVO XC90 D5
S60 D4,VOLVO S60 D4
XC 90 D 5,VOLVO XC90
SD 110,VOLVO OTHER
S60-D4 CROSS-COUNTRY BSI,VOLVO S60 D4
XC 60 D4 BSIV,VOLVO XC60
S60 2.0L D4,VOLVO S60 D4
S60POLESTAR AWD BSIV,VOLVO S60
TRACTOR FM12 380 6X4,VOLVO FM
XC60 2.0 KINETIC D4,VOLVO XC60
V40 CROSS COUNTRY D3 WB2,VOLVO V40 D3
FH 12G-340-4X2,VOLVO FH
S60 D4 SUMMUM,VOLVO S60 D4
V40 D3 (R DESIGN) WB2646,VOLVO V40 D3 R-DESIGN
XC 40 BS IV,VOLVO OTHER
S60 D4 (R SIGN),VOLVO S60 D4
S80 D5 BS IV,VOLVO OTHER
S60 T6 2.0 L,VOLVO S60
XC 60 D3,VOLVO XC60 D3
V40 CROSS COUNTRY D3 BSIV,VOLVO V40 D3
9100 B7R 4X2 MARK III,VOLVO OTHER
XC60 D4 BSIV,VOLVO XC60
S60 R DESIGN,VOLVO S60
XC 60 D3 BSIV,VOLVO XC60 D3
S60 D4 BSIV,VOLVO S60 D4
XC40 T4,VOLVO XC40
XC90 T8(PLUG IN HYBRID),VOLVO XC90 RECHARGE
S60 D5 2.4 L,VOLVO S60 D5
S90D4,VOLVO S90 D4
S60 D4 SUMMUM,VOLVO S60 D4
S90 B5,VOLVO S90
S60 D4 BSIV,VOLVO S60 D4
FMX 440 (8X4)R_43 ISHIFT,VOLVO FMX
FMX 440 8X4R_43 BSIII,VOLVO FMX
FMX 440 (8X4) R_43 ISHIFT,VOLVO FMX
S60 D4,VOLVO S60 D4
FMX440 8X4 R 43,VOLVO FMX
PT220RH ROLLER,VOLVO OTHER
XC90D5 2.4 BS IV,VOLVO XC90 D5
S60 D4 SUMMUM (CBU),VOLVO S60 D4
XC60 D5,VOLVO XC60 D5
V40  D3,VOLVO V40 D3
XC60 D4,VOLVO XC60
9400 BUS BUI B7R MA III,VOLVO 9400 B7R
XC90 D5 2.4L,VOLVO XC90 D5
V90 CC D5 M1 BS4,VOLVO OTHER
FMX 440,VOLVO FMX
"XC 60-D5, BS IV",VOLVO XC60 D5
L946,VOLVO OTHER
9400 BTR BS-III,VOLVO 9400
XC 60  D5 BSIV,VOLVO XC60 D5
XC60 D4 BS IV,VOLVO XC60
FM12 380,VOLVO FM
DD90C,VOLVO OTHER
S60 D5 S,VOLVO S60 D5
V40 D3,VOLVO V40 D3
SD110BA,VOLVO OTHER
S60 D5  2.4 L AUTOMATIC,VOLVO S60 D5
S80 D5 2.4 LITRE,VOLVO OTHER
FMX 440 8X4R_46 BSIII,VOLVO FMX
FM 12 380,VOLVO FM
S60  BS IV,VOLVO S60
S60 2.0 L D4,VOLVO S60 D4
FM 420 4X2 35 T,VOLVO FM
V40 CROSS COU D3,VOLVO V40 D3
S60 D4 CROSS COUNTRY,VOLVO S60 D4
XC60 D5 BS6,VOLVO XC60 D5
S60D3KINETIC(CBU)BS4,VOLVO S60
TRACTOR TRAILOR,VOLVO OTHER
G9138,VOLVO OTHER
XC 60 D4 SUMMUM,VOLVO XC60 SUMMUM
FMX 440 8X4 R_43 BSIII,VOLVO FMX
S90 D4 BSIV,VOLVO S90 D4
B7R,VOLVO OTHER
XC90 D5,VOLVO XC90 D5
V40 CROSS COUNTRY D3,VOLVO V40 D3
XC60 D4,VOLVO XC60
V40 CROSS COUNTRY D3,VOLVO V40 D3
V40 D3 WB2646 BSIV,VOLVO V40 D3
9400BUS,VOLVO 9400
,VOLVO OTHER
S-60 D5 2.4L,VOLVO OTHER
SD 110,VOLVO OTHER
EICHER PRO8031TL20CSLPCTIBBS,VOLVO OTHER
VOLVO-S60-D4 BSIV,VOLVO S60 D4
S60 D3 BSIV,VOLVO S60
"AUTO INDIA PVT LTD, XC40 RECHARGE P8",VOLVO XC40 RECHARGE
XC 60 D4 BSIV,VOLVO XC60
FH 520 6X4 T,VOLVO FH 520
FMX440 8X4 R-43 WITH LOAD BODY,VOLVO FMX
FM400,VOLVO FM
"S,60,D4SUMMUM",VOLVO OTHER
9400  BS-III,VOLVO 9400
XC 90 D5 BS-IV,VOLVO XC90 D5
S60 D4,VOLVO S60 D4
FM 400,VOLVO FM
VOLVO FM 420,VOLVO FM
V90 CC D5 BSIV,VOLVO OTHER
XC90,VOLVO XC90
S60 D4 KINETIC,VOLVO S60 D4
PT220,VOLVO OTHER
G 9138 MOTORGRADER WITH CABIN,VOLVO OTHER
MODEL SD 110,VOLVO OTHER
XC 60 D5 BSIV,VOLVO XC60 D5
VOLVO,VOLVO OTHER
FH 520 6*4 TRACTOR PUL,VOLVO FH 520
XC 60 D5 IMPORTED MODEL,VOLVO XC60 D5
WHEEL LOADER L120F,VOLVO OTHER
VOLVOXC40 D4 BSIV,VOLVO XC40
FM-400,VOLVO FM
FMX 440 8X4,VOLVO FMX
9400 B7R BS-III,VOLVO 9400 B7R
S60 T6,VOLVO S60
9400 B11R 1 SHIFT BSIII,VOLVO 9400
XC 60 D5 2.4,VOLVO XC60 D5
B7R MARK BSIII,VOLVO OTHER
S90 D4 2.0 L,VOLVO S90 D4
S90 D4 BS6,VOLVO S90 D4
S60 2.0 L D4,VOLVO S60 D4
9400 B11R 6X2 14.5M BSIV,VOLVO 9400
XC60 D3 2.0 L BS IV,VOLVO XC60 D3
XC 90 D5 2.0L,VOLVO XC90 D5
V40,VOLVO V40
EICHER PRO 8025T H 16CUMSLPCAB  ROCK BODY BSIII,VOLVO OTHER
S60 D5 5 SEATER BS IV,VOLVO S60 D5
S60 D4 M1 BS4,VOLVO S60 D4
V40 D3,VOLVO V40 D3
S60 D5 5 SEATER BS IV,VOLVO S60 D5
S60 D4 BSIV,VOLVO S60 D4
XC 90 - T8,VOLVO XC90 RECHARGE
XC40 RECHARGE TWIN MOTOR,VOLVO XC40 RECHARGE
9400 B9R 6X2,VOLVO 9400 B9R
V90CC D5,VOLVO OTHER
9400 B9R,VOLVO 9400 B9R
VOLVO-XC-90-D5 BSIV,VOLVO OTHER
V40 CROSS COUNTRY T4,VOLVO V40
S60 2.0 L D4 MOMENTUM,VOLVO S60 D4
787251010 PRO 8031 T,VOLVO OTHER
BUS B7R MARK III,VOLVO OTHER
S60 D5 BS4,VOLVO S60 D5
FMX460,VOLVO FMX 460
S60 D5 BSIII,VOLVO S60 D5
XC40,VOLVO XC40
XC 90,VOLVO XC90
"8400 BUS, BS-III",VOLVO OTHER
S60 D4 SUMMUM DIESEL,VOLVO S60 D4
FM420 4X2E 35T_55,VOLVO FM
S60 POLESTAR AWD,VOLVO S60
FM 400 6X4 TR LTR,VOLVO FM
FM 400 6/4 TRACTOR HD BSIII,VOLVO FM
XC90 T8(PLUG IN HYBRID) (4S),VOLVO XC90 RECHARGE
TRACTOR FH12-340-6X4 AND 4X2,VOLVO FH
S60 D4 R,VOLVO S60 D4
XC60 2.0 L,VOLVO XC60
S60-D4 BSIV,VOLVO S60 D4
FM 400 6  4 T HD,VOLVO FM
XC90 D5 CODE 30 (7 STR)B,VOLVO XC90 D5
S60 D4 KINETIC,VOLVO S60 D4
VOLVOS60,VOLVO S60
FH 520 6X4 TRACTOR PULLER,VOLVO FH 520
POLO HIGHLINE 1.2,VOLVO OTHER
"FMX 460 8X4,43WB 20.3 CUM HYVA",VOLVO FMX 460
XC90 MOMEMTUM,VOLVO XC90
FM 400 6X4 HEAVY DUTY TRACTOR,VOLVO FM
XC90 T8 TWEN,VOLVO XC90 RECHARGE
V40 D3,VOLVO V40 D3
XC90 D5 GVW2750 BSIV,VOLVO XC90 D5
9400 BS-III,VOLVO 9400
"S60 D4, BS IV",VOLVO S60 D4
FMX 440,VOLVO FMX
PULLER,VOLVO OTHER
XC90 D5,VOLVO XC90 D5
S60 D5 BSIV,VOLVO S60 D5
9400 B11R 6X2 13.8M BSIV,VOLVO 9400
"XC 60-D5 INSCRIPTION, BS",VOLVO XC60 D5
XC60D5,VOLVO XC60
SD 110,VOLVO OTHER
XC60 D4 AUTOMA,VOLVO XC60
XC 40 R,VOLVO OTHER
FH 520,VOLVO FH 520
FH 520 PULLER,VOLVO FH 520
XC 60 B5 BSVI,VOLVO XC60 HYBRID
FMX 460 8X4E 43 R TP H20,VOLVO FMX 460
S60 2.0 L D4 SUMMUM MOMENTUM,VOLVO S60 D4
XC40 D4 M1 BS4,VOLVO XC40
FM500 6X4E 34 R PULLER,VOLVO FM
S60 D4,VOLVO S60 D4
9100 B7 4X2 BSIII,VOLVO OTHER
S600 D4,VOLVO S60 D4
OTHERS,VOLVO OTHER
XC 90 D5 BS4,VOLVO XC90 D5
XC90 D5 WITH 7 SEATER,VOLVO XC90 D5
FM 400 64 TRACTOR HD,VOLVO FM
S80 D5,VOLVO OTHER
VOLVOXC40 D4 R DESIGN BSIV,VOLVO XC40
S90 D4,VOLVO S90 D4
XC90 D5 INSCRIPTION,VOLVO XC90 D5
XC 60 D3DIESEL BS IV IMP,VOLVO XC60 D3
S60 D4 2.0L (AT),VOLVO S60 D4
ABG4361,VOLVO OTHER
S60,VOLVO S60
XC90 D5 2.0 L,VOLVO XC90 D5
9400 BUS,VOLVO 9400
"FMX 460 8X4, 56WB 33CUM HYVA",VOLVO FMX 460
S90,VOLVO S90
S90 D4 BSIV,VOLVO S90 D4
S60 D5 24L,VOLVO S60 D5
S60 D4 BSIV,VOLVO S60 D4
BUS,VOLVO OTHER
XC60 I5 2.0L DIESEL,VOLVO XC60
XC 90,VOLVO XC90
XC60 -D5,VOLVO XC60 D5
AUDI A6 2.8,VOLVO OTHER
FMX 440 8X4 R 43,VOLVO FMX
BUS B7R BS III,VOLVO OTHER
S60 D3 2.0 L KINETIC,VOLVO S60
XC60 D5 M1 BS4,VOLVO XC60 D5
S60 D4,VOLVO S60 D4
V40 D3 R DESIGN,VOLVO V40 D3 R-DESIGN
VOLVA FM 12.2E,VOLVO FM
LPT/2515/56C,VOLVO OTHER
XC90 D5 2.0LIN,VOLVO XC90 D5
FH 520 6 4,VOLVO FH 520
XC90 T8,VOLVO XC90 RECHARGE
XC90 D 5 2.0 L,VOLVO XC90
FMX 460(8X4) R_43 I-SHIFT BSIV,VOLVO FMX 460
XC60 D5,VOLVO XC60 D5
FM 400 6X4 TRACTOR HD,VOLVO FM
SD 110 COMPACTOR,VOLVO OTHER
FM 400 6X4 -BSIII,VOLVO FM
S60 D3,VOLVO S60
XC90 D5,VOLVO XC90 D5
S80,VOLVO OTHER
9400 B7R 4X2 BSIV,VOLVO 9400 B7R
XC60 D5 M1 BS4,VOLVO XC60 D5
9400 B7R 4*2 MARK III,VOLVO 9400 B7R
FM 400 6*4 T HD,VOLVO FM
V90 CC D5,VOLVO OTHER
XC40 B4,VOLVO XC40
VOVO XC 90 D5 BS4,VOLVO XC90 D5
VALVO,VOLVO OTHER
FM 400 64 T HD,VOLVO FM
9400 BHARAT STAGE III,VOLVO 9400
V40 D3 R DESIGN,VOLVO V40 D3 R-DESIGN
FM 400 6X4 TRACTOR,VOLVO FM
XC90 INSCRIPTION,VOLVO XC90
FH 520,VOLVO FH 520
FMX 440 8X4R,VOLVO FMX
XC 60D 4,VOLVO OTHER
